Iteration	CPUTime	PhysTime	Travels	Value	AvValue	MinValue	MaxValue	Delta	Criteria	PrevAvRefValue	Progress	CriteriaType	CriteriaVarType	CriteriaPercentage
1	1	0	0.000390625	0.0133880344	0.0133880344	0.0133880344	0.0133880344	0	0	0	0	0	0	3
5	2	0	0.001953125	0.0216310455	0.01750954	0.0133880344	0.0216310455	0.00412150557	0	0	0	0	0	3
10	3	0	0.00390625	0.127537168	0.054185416	0.0133880344	0.127537168	0.0407973816	0	0	0	0	0	3
15	5	0	0.005859375	0.210288044	0.0932110729	0.0133880344	0.210288044	0.0798230385	0	0	0	0	0	3
20	6	0	0.0078125	0.343201698	0.143209198	0.0133880344	0.343201698	0.129821163	0	0	0	0	0	3
25	7	0	0.009765625	0.451188703	0.194539115	0.0133880344	0.451188703	0.181151081	0	0	0	0	0	3
30	8	0	0.01171875	0.563449339	0.247240576	0.0133880344	0.563449339	0.233852542	0	0	0	0	0	3
35	9	0	0.013671875	0.676862105	0.300943267	0.0133880344	0.676862105	0.287555233	0	0	0	0	0	3
40	11	0	0.015625	0.793837428	0.355709285	0.0133880344	0.793837428	0.342321251	0	0	0	0	0	3
45	12	0	0.017578125	0.924059883	0.412544345	0.0133880344	0.924059883	0.39915631	0	0	0	0	0	3
50	13	0	0.01953125	1.07349245	0.472630536	0.0133880344	1.07349245	0.459242502	0	0	0	0	0	3
55	15	0	0.021484375	1.2191462	0.534840174	0.0133880344	1.2191462	0.52145214	0	0	0	0	0	3
60	17	0	0.0234375	1.38802838	0.600470036	0.0133880344	1.38802838	0.587082002	0	0	0	0	0	3
65	20	0	0.025390625	1.55151924	0.668402122	0.0133880344	1.55151924	0.655014088	0	0	0	0	0	3
70	23	0	0.02734375	1.75338947	0.740734612	0.0133880344	1.75338947	0.727346577	0	0	0	0	0	3
75	25	0	0.029296875	1.947974	0.816187073	0.0133880344	1.947974	0.802799039	0	0	0	0	0	3
80	28	0	0.03125	2.16789495	0.895699301	0.0133880344	2.16789495	0.882311267	0	0	0	0	0	3
85	30	0	0.033203125	2.38205366	0.978274544	0.0133880344	2.38205366	0.964886509	0	0	0	0	0	3
90	33	0	0.03515625	2.60946717	1.06412679	0.0133880344	2.60946717	1.05073875	0	0	0	0	0	3
95	35	0	0.037109375	2.81655484	1.15174819	0.0133880344	2.81655484	1.13836016	0	0	0	0	0	3
100	37	0	0.0390625	3.03584954	1.2414673	0.0133880344	3.03584954	1.22807927	0	0	0	0	0	3
105	40	0	0.041015625	3.23830232	1.33223253	0.0133880344	3.23830232	1.3188445	0	0	0	0	0	3
110	43	0	0.04296875	3.44372301	1.42403646	0.0133880344	3.44372301	1.41064843	0	0	0	0	0	3
115	45	0	0.044921875	3.63933271	1.51634047	0.0133880344	3.63933271	1.50295244	0	0	0	0	0	3
120	48	0	0.046875	3.82886981	1.60884165	0.0133880344	3.82886981	1.59545361	0	0	0	0	0	3
125	50	0	0.048828125	4.01659234	1.70144744	0.0133880344	4.01659234	1.68805941	0	0	0	0	0	3
130	52	0	0.05078125	4.19501203	1.79380169	0.0133880344	4.19501203	1.78041365	0	0	0	0	0	3
135	54	0	0.052734375	4.36886355	1.88576818	0.0133880344	4.36886355	1.87238015	0	0	0	0	0	3
140	57	0	0.0546875	4.53327944	1.97706167	0.0133880344	4.53327944	1.96367364	0	0	0	0	0	3
145	59	0	0.056640625	4.69458662	2.06764584	0.0133880344	4.69458662	2.0542578	0	0	0	0	0	3
150	61	0	0.05859375	4.84366072	2.15719471	0.0133880344	4.84366072	2.14380667	0	0	0	0	0	3
155	63	0	0.060546875	4.98452781	2.24554887	0.0133880344	4.98452781	2.23216083	0	0	0	0	0	3
160	65	0	0.0625	5.11953906	2.33263948	0.0133880344	5.11953906	2.31925144	0	0	0	0	0	3
165	67	0	0.064453125	5.23690606	2.41805908	0.0133880344	5.23690606	2.40467105	0	0	0	0	0	3
170	70	0	0.06640625	5.49300561	2.5059147	0.0133880344	5.49300561	2.49252666	0	0	0	0	0	3
175	72	0	0.068359375	5.83821155	2.5984785	0.0133880344	5.83821155	2.58509047	0	0	0	0	0	3
180	74	0	0.0703125	6.17529385	2.69514918	0.0133880344	6.17529385	2.68176115	0	0	0	0	0	3
185	76	0	0.072265625	6.52361047	2.79589817	0.0133880344	6.52361047	2.78251013	0	0	0	0	0	3
190	78	0	0.07421875	6.89651231	2.90104212	0.0133880344	6.89651231	2.88765408	0	0	0	0	0	3
195	81	0	0.076171875	7.28499458	3.01064093	0.0133880344	7.28499458	2.9972529	0	0	0	0	0	3
200	83	0	0.078125	7.65617081	3.12394654	0.0133880344	7.65617081	3.1105585	0	0	0	0	0	3
205	86	0	0.080078125	7.99751373	3.23998385	0.0133880344	7.99751373	3.22659582	0	0	0	0	0	3
210	91	0	0.08203125	8.30560191	3.35778892	0.0133880344	8.30560191	3.34440089	0	0	0	0	0	3
215	93	0	0.083984375	8.58268318	3.47653652	0.0133880344	8.58268318	3.46314848	0	0	0	0	0	3
220	95	0	0.0859375	8.82912389	3.5954829	0.0133880344	8.82912389	3.58209487	0	0	0	0	0	3
225	97	0	0.087890625	9.04693128	3.71399265	0.0133880344	9.04693128	3.70060462	0	0	0	0	0	3
230	99	0	0.08984375	9.23519697	3.83146508	0.0133880344	9.23519697	3.81807705	0	0	0	0	0	3
235	101	0	0.091796875	9.39270706	3.94732429	0.0133880344	9.39270706	3.93393626	0	0	0	0	0	3
240	104	0	0.09375	9.52715038	4.06119829	0.0133880344	9.52715038	4.04781026	0	0	0	0	0	3
245	106	0	0.095703125	9.65243558	4.17302304	0.0133880344	9.65243558	4.15963501	0	0	0	0	0	3
250	108	0	0.09765625	9.78318502	4.28302622	0.0133880344	9.78318502	4.26963818	0	0	0	0	0	3
255	110	0	0.099609375	9.92832325	4.39158962	0.0133880344	9.92832325	4.37820159	0	0	0	0	0	3
260	112	0	0.1015625	10.0902789	4.49911206	0.0133880344	10.0902789	4.48572403	0	0	0	0	0	3
265	114	0	0.103515625	10.2715567	4.60600918	0.0133880344	10.2715567	4.59262115	0	0	0	0	0	3
270	116	0	0.10546875	10.4731724	4.71268488	0.0133880344	10.4731724	4.69929684	0	0	0	0	0	3
275	118	0	0.107421875	10.6946248	4.81950523	0.0133880344	10.6946248	4.8061172	0	0	0	0	0	3
280	120	0	0.109375	10.9441149	4.92695453	0.0133880344	10.9441149	4.91356649	0	0	0	0	0	3
285	122	0	0.111328125	11.2190338	5.03543865	0.0133880344	11.2190338	5.02205062	0	0	0	0	0	3
290	125	0	0.11328125	11.522515	5.1453891	0.0133880344	11.522515	5.13200106	0	0	0	0	0	3
295	127	0	0.115234375	11.8517791	5.25716226	0.0133880344	11.8517791	5.24377423	0	0	0	0	0	3
300	129	0	0.1171875	12.2082797	5.37111501	0.0133880344	12.2082797	5.35772698	0	0	0	0	0	3
305	132	0	0.119140625	12.5916617	5.48757544	0.0133880344	12.5916617	5.47418741	0	0	0	0	0	3
310	134	0	0.12109375	13.0048822	5.60689777	0.0133880344	13.0048822	5.59350973	0	0	0	0	0	3
315	136	0	0.123046875	13.4450989	5.72936966	0.0133880344	13.4450989	5.71598163	0	0	0	0	0	3
320	138	0	0.125	13.9103198	5.85523043	0.0133880344	13.9103198	5.8418424	0	0	0	0	0	3
325	140	0	0.126953125	14.4005527	5.98470501	0.0133880344	14.4005527	5.97131698	0	0	0	0	0	3
330	142	0	0.12890625	14.9184705	6.1180448	0.0133880344	14.9184705	6.10465676	0	0	0	0	0	3
335	144	0	0.130859375	15.49684	6.25596826	0.0133880344	15.49684	6.24258022	0	0	0	0	0	3
340	146	0	0.1328125	16.2438229	6.40071977	0.0133880344	16.2438229	6.38733174	0	0	0	0	0	3
345	148	0	0.134765625	17.0192982	6.55241375	0.0133880344	17.0192982	6.53902572	0	0	0	0	0	3
350	150	0	0.13671875	17.8233471	6.71115929	0.0133880344	17.8233471	6.69777126	0	0	0	0	0	3
355	152	0	0.138671875	18.6666807	6.8772082	0.0133880344	18.6666807	6.86382017	0	0	0	0	0	3
360	154	0	0.140625	19.556027	7.05089065	0.0133880344	19.556027	7.03750261	0	0	0	0	0	3
365	156	0	0.142578125	20.4683657	7.23220788	0.0133880344	20.4683657	7.21881984	0	0	0	0	0	3
370	158	0	0.14453125	21.3832478	7.42088841	0.0133880344	21.3832478	7.40750038	0	0	0	0	0	3
375	160	0	0.146484375	22.2922551	7.61656429	0.0133880344	22.2922551	7.60317625	0	0	0	0	0	3
380	162	0	0.1484375	23.2174374	7.81917303	0.0133880344	23.2174374	7.805785	0	0	0	0	0	3
385	164	0	0.150390625	24.1305404	8.02829312	0.0133880344	24.1305404	8.01490509	0	0	0	0	0	3
390	166	0	0.15234375	25.0410706	8.24364474	0.0133880344	25.0410706	8.2302567	0	0	0	0	0	3
395	168	0	0.154296875	25.9890831	8.46546272	0.0133880344	25.9890831	8.45207468	0	0	0	0	0	3
400	170	0	0.15625	26.9822293	8.69406477	0.0133880344	26.9822293	8.68067674	0	0	0	0	0	3
405	173	0	0.158203125	27.99245	8.92941094	0.0133880344	27.99245	8.9160229	0	0	0	0	0	3
410	175	0	0.16015625	28.9835249	9.17102677	0.0133880344	28.9835249	9.15763873	0	0	0	0	0	3
415	177	0	0.162109375	29.9521386	9.41842095	0.0133880344	29.9521386	9.40503292	0	0	0	0	0	3
420	179	0	0.1640625	30.903498	9.67118657	0.0133880344	30.903498	9.65779853	0	0	0	0	0	3
425	181	0	0.166015625	31.8547204	9.92913463	0.0133880344	31.8547204	9.9157466	0	0	0	0	0	3
430	183	0	0.16796875	32.8189894	10.1922364	0.0133880344	32.8189894	10.1788484	0	0	0	0	0	3
435	185	0	0.169921875	33.8143315	10.4606693	0.0133880344	33.8143315	10.4472813	0	0	0	0	0	3
440	187	0	0.171875	34.8401703	10.7345963	0.0133880344	34.8401703	10.7212083	0	0	0	0	0	3
445	189	0	0.173828125	35.9100439	11.0143235	0.0133880344	35.9100439	11.0009355	0	0	0	0	0	3
450	191	0	0.17578125	37.0261806	11.3001681	0.0133880344	37.0261806	11.28678	0	0	0	0	0	3
455	192	0	0.177734375	38.1994915	11.592552	0.0133880344	38.1994915	11.579164	0	0	0	0	0	3
460	195	0	0.1796875	39.421238	11.8917852	0.0133880344	39.421238	11.8783972	0	0	0	0	0	3
465	196	0	0.181640625	40.694906	12.1982014	0.0133880344	40.694906	12.1848133	0	0	0	0	0	3
470	198	0	0.18359375	42.0099008	12.5120087	0.0133880344	42.0099008	12.4986207	0	0	0	0	0	3
475	200	0	0.185546875	43.3679785	12.8334251	0.0133880344	43.3679785	12.8200371	0	0	0	0	0	3
480	202	0	0.1875	44.7764681	13.1627348	0.0133880344	44.7764681	13.1493468	0	0	0	0	0	3
485	204	0	0.189453125	46.2261258	13.5001164	0.0133880344	46.2261258	13.4867283	0	0	0	0	0	3
490	205	0	0.19140625	47.703192	13.845602	0.0133880344	47.703192	13.8322139	0	0	0	0	0	3
495	207	0	0.193359375	49.2009401	14.1991554	0.0133880344	49.2009401	14.1857673	0	0	0	0	0	3
500	209	0	0.1953125	50.7190021	14.560738	0.0133880344	50.7190021	14.54735	0	0	0	0	0	3
505	212	0	0.197265625	52.3331614	14.9310559	0.0133880344	52.3331614	14.9176678	0	0	0	0	0	3
510	214	0	0.19921875	53.9614734	15.309992	0.0133880344	53.9614734	15.2966039	0	0	0	0	0	3
515	216	0	0.201171875	55.5543007	15.6969565	0.0133880344	55.5543007	15.6835684	0	0	0	0	0	3
520	218	0	0.203125	57.1102705	16.091369	0.0133880344	57.1102705	16.0779809	0	0	0	0	0	3
525	219	0	0.205078125	58.6376315	16.4927488	0.0133880344	58.6376315	16.4793608	0	0	0	0	0	3
530	221	0	0.20703125	60.0974979	16.9002698	0.0133880344	60.0974979	16.8868818	0	0	0	0	0	3
535	223	0	0.208984375	61.4369099	17.3126461	0.0133880344	61.4369099	17.2992581	0	0	0	0	0	3
540	225	0	0.2109375	62.686409	17.7289192	0.0133880344	62.686409	17.7155312	0	0	0	0	0	3
545	227	0	0.212890625	63.8955999	18.1486163	0.0133880344	63.8955999	18.1352283	0	0	0	0	0	3
550	228	0	0.21484375	65.0862282	18.5714777	0.0133880344	65.0862282	18.5580896	0	0	0	0	0	3
555	230	0	0.216796875	66.2444845	18.9971295	0.0133880344	66.2444845	18.9837415	0	0	0	0	0	3
560	232	0	0.21875	67.3514048	19.4250434	0.0133880344	67.3514048	19.4116554	0	0	0	0	0	3
565	233	0	0.220703125	68.3994189	19.8546432	0.0133880344	68.3994189	19.8412552	0	0	0	0	0	3
570	235	0	0.22265625	69.3854847	20.2853462	0.0133880344	69.3854847	20.2719582	0	0	0	0	0	3
575	236	0	0.224609375	70.3119654	20.7166102	0.0133880344	70.3119654	20.7032221	0	0	0	0	0	3
580	238	0	0.2265625	71.1814444	21.1479335	0.0133880344	71.1814444	21.1345455	0	0	0	0	0	3
585	240	0	0.228515625	71.9996615	21.5788804	0.0133880344	71.9996615	21.5654923	0	0	0	0	0	3
590	241	0	0.23046875	72.7768287	22.0091152	0.0133880344	72.7768287	21.9957272	0	0	0	0	0	3
595	243	0	0.232421875	73.5245549	22.4384106	0.0133880344	73.5245549	22.4250225	0	0	0	0	0	3
600	244	0	0.234375	74.2524565	22.8666258	0.0133880344	74.2524565	22.8532378	0	0	0	0	0	3
605	247	0	0.236328125	74.9713043	23.2937133	0.0133880344	74.9713043	23.2803253	0	0	0	0	0	3
610	248	0	0.23828125	75.6849817	23.7196586	0.0133880344	75.6849817	23.7062706	0	0	0	0	0	3
615	250	0	0.240234375	76.4034684	24.144528	0.0133880344	76.4034684	24.13114	0	0	0	0	0	3
620	252	0	0.2421875	77.139695	24.5684894	0.0133880344	77.139695	24.5551014	0	0	0	0	0	3
625	253	0	0.244140625	77.8924856	24.9916957	0.0133880344	77.8924856	24.9783077	0	0	0	0	0	3
630	254	0	0.24609375	78.654998	25.4142414	0.0133880344	78.654998	25.4008534	0	0	0	0	0	3
635	256	0	0.248046875	79.4302358	25.8362413	0.0133880344	79.4302358	25.8228533	0	0	0	0	0	3
640	258	0	0.25	80.2146532	26.2577794	0.0133880344	80.2146532	26.2443914	0	0	0	0	0	3
645	259	0	0.251953125	81.0022143	26.6788905	0.0133880344	81.0022143	26.6655024	0	0	0	0	0	3
650	260	0	0.25390625	81.7965808	27.0996362	0.0133880344	81.7965808	27.0862482	0	0	0	0	0	3
655	262	0	0.255859375	82.5949619	27.5200553	0.0133880344	82.5949619	27.5066673	0	0	0	0	0	3
660	263	0	0.2578125	83.3883356	27.9401176	0.0133880344	83.3883356	27.9267295	0	0	0	0	0	3
665	264	0	0.259765625	84.17522	28.3597825	0.0133880344	84.17522	28.3463945	0	0	0	0	0	3
670	266	0	0.26171875	84.9834609	28.7792172	0.0133880344	84.9834609	28.7658291	0	0	0	0	0	3
675	267	0	0.263671875	85.8259808	29.1986787	0.0133880344	85.8259808	29.1852906	0	0	0	0	0	3
680	269	0	0.265625	86.6456367	29.6179995	0.0133880344	86.6456367	29.6046115	0	0	0	0	0	3
685	270	0	0.267578125	87.4488263	30.0370635	0.0133880344	87.4488263	30.0236755	0	0	0	0	0	3
690	271	0	0.26953125	88.2422411	30.4558058	0.0133880344	88.2422411	30.4424178	0	0	0	0	0	3
695	272	0	0.271484375	89.0161271	30.8740938	0.0133880344	89.0161271	30.8607058	0	0	0	0	0	3
700	274	0	0.2734375	89.7747808	31.2918292	0.0133880344	89.7747808	31.2784411	0	0	0	0	0	3
705	276	0	0.275390625	90.5394996	31.7090663	0.0133880344	90.5394996	31.6956782	0	0	0	0	0	3
710	277	0	0.27734375	91.3229721	32.1259467	0.0133880344	91.3229721	32.1125587	0	0	0	0	0	3
715	278	0	0.279296875	92.1245226	32.5426035	0.0133880344	92.1245226	32.5292155	0	0	0	0	0	3
720	279	0	0.28125	92.9280259	32.9590547	0.0133880344	92.9280259	32.9456667	0	0	0	0	0	3
725	281	0	0.283203125	93.7327829	33.3753131	0.0133880344	93.7327829	33.3619251	0	0	0	0	0	3
730	282	0	0.28515625	94.5359857	33.7913721	0.0133880344	94.5359857	33.7779841	0	0	0	0	0	3
735	283	0	0.287109375	95.3313933	34.2071831	0.0133880344	95.3313933	34.193795	0	0	0	0	0	3
740	284	0	0.2890625	96.1202835	34.6227072	0.0133880344	96.1202835	34.6093192	0	0	0	0	0	3
745	285	0	0.291015625	96.906969	35.0379356	0.0133880344	96.906969	35.0245476	0	0	0	0	0	3
750	286	0	0.29296875	97.6915939	35.4528605	0.0133880344	97.6915939	35.4394725	0	0	0	0	0	3
755	288	0	0.294921875	98.4764418	35.8674894	0.0133880344	98.4764418	35.8541013	0	0	0	0	0	3
760	289	0	0.296875	99.2798906	36.2819495	0.0133880344	99.2798906	36.2685615	0	0	0	0	0	3
765	290	0	0.298828125	100.122144	36.6964962	0.0133880344	100.122144	36.6831082	0	0	0	0	0	3
770	291	0	0.30078125	101.021342	37.1114952	0.0133880344	101.021342	37.0981072	0	0	0	0	0	3
775	292	0	0.302734375	101.995471	37.5274181	0.0133880344	101.995471	37.5140301	0	0	0	0	0	3
780	293	0	0.3046875	103.049035	37.9447533	0.0133880344	103.049035	37.9313653	0	0	0	0	0	3
785	294	0	0.306640625	104.172772	38.363918	0.0133880344	104.172772	38.3505299	0	0	0	0	0	3
790	295	0	0.30859375	105.355904	38.7852512	0.0133880344	105.355904	38.7718632	0	0	0	0	0	3
795	296	0	0.310546875	106.589791	39.2090296	0.0133880344	106.589791	39.1956415	0	0	0	0	0	3
800	297	0	0.3125	107.872056	39.635508	0.0133880344	107.872056	39.62212	0	0	0	0	0	3
805	299	0	0.314453125	109.201151	40.0649256	0.0133880344	109.201151	40.0515375	0	0	0	0	0	3
810	300	0	0.31640625	110.582496	40.4975487	0.0133880344	110.582496	40.4841606	0	0	0	0	0	3
815	301	0	0.318359375	112.009172	40.9335952	0.0133880344	112.009172	40.9202071	0	0	0	0	0	3
820	302	0	0.3203125	113.471808	41.3732207	0.0133880344	113.471808	41.3598327	0	0	0	0	0	3
825	303	0	0.322265625	114.956531	41.8164937	0.0133880344	114.956531	41.8031056	0	0	0	0	0	3
830	304	0	0.32421875	116.449807	42.2633997	0.0133880344	116.449807	42.2500117	0	0	0	0	0	3
835	305	0	0.326171875	117.946572	42.7138948	0.0133880344	117.946572	42.7005068	0	0	0	0	0	3
840	306	0	0.328125	119.510509	43.1683126	0.0133880344	119.510509	43.1549246	0	0	0	0	0	3
845	307	0	0.330078125	121.083012	43.6266344	0.0133880344	121.083012	43.6132464	0	0	0	0	0	3
850	307	0	0.33203125	122.664431	44.0888437	0.0133880344	122.664431	44.0754557	0	0	0	0	0	3
855	308	0	0.333984375	124.251754	44.5549072	0.0133880344	124.251754	44.5415191	0	0	0	0	0	3
860	309	0	0.3359375	125.848715	45.0248136	0.0133880344	125.848715	45.0114255	0	0	0	0	0	3
865	310	0	0.337890625	127.442681	45.4984795	0.0133880344	127.442681	45.4850914	0	0	0	0	0	3
870	311	0	0.33984375	129.012725	45.9757037	0.0133880344	129.012725	45.9623157	0	0	0	0	0	3
875	312	0	0.341796875	130.553025	46.4562567	0.0133880344	130.553025	46.4428687	0	0	0	0	0	3
880	313	0	0.34375	132.056732	46.9398752	0.0133880344	132.056732	46.9264872	0	0	0	0	0	3
885	314	0	0.345703125	133.516975	47.4262634	0.0133880344	133.516975	47.4128754	0	0	0	0	0	3
890	315	0	0.34765625	134.931255	47.9151181	0.0133880344	134.931255	47.9017301	0	0	0	0	0	3
895	315	0	0.349609375	136.295946	48.4061227	0.0133880344	136.295946	48.3927347	0	0	0	0	0	3
900	316	0	0.3515625	137.609972	48.8989616	0.0133880344	137.609972	48.8855736	0	0	0	0	0	3
905	318	0	0.353515625	138.879538	49.3933604	0.0133880344	138.879538	49.3799724	0	0	0	0	0	3
910	319	0	0.35546875	140.10694	49.889063	0.0133880344	140.10694	49.875675	0	0	0	0	0	3
915	320	0	0.357421875	141.299706	50.38586	0.0133880344	141.299706	50.372472	0	0	0	0	0	3
920	321	0	0.359375	142.470022	50.8836122	0.0133880344	142.470022	50.8702242	0	0	0	0	0	3
925	321	0	0.361328125	143.62804	51.3822382	0.0133880344	143.62804	51.3688502	0	0	0	0	0	3
930	322	0	0.36328125	144.781439	51.8816992	0.0133880344	144.781439	51.8683111	0	0	0	0	0	3
935	323	0	0.365234375	145.940564	52.3820123	0.0133880344	145.940564	52.3686242	0	0	0	0	0	3
940	324	0	0.3671875	147.114498	52.8832423	0.0133880344	147.114498	52.8698543	0	0	0	0	0	3
945	325	0	0.369140625	148.306307	53.385469	0.0133880344	148.306307	53.372081	0	0	0	0	0	3
950	325	0	0.37109375	149.524482	53.8888146	0.0133880344	149.524482	53.8754266	0	0	0	0	0	3
955	326	0	0.373046875	150.773421	54.393422	0.0133880344	150.773421	54.3800339	0	0	0	0	0	3
960	327	0	0.375	152.048884	54.8994088	0.0133880344	152.048884	54.8860208	0	0	0	0	0	3
965	328	0	0.376953125	153.34854	55.4068786	0.0133880344	153.34854	55.3934905	0	0	0	0	0	3
970	329	0	0.37890625	154.672795	55.9159345	0.0133880344	154.672795	55.9025465	0	0	0	0	0	3
975	329	0	0.380859375	156.016246	56.4266504	0.0133880344	156.016246	56.4132624	0	0	0	0	0	3
980	330	0	0.3828125	157.375261	56.9390799	0.0133880344	157.375261	56.9256919	0	0	0	0	0	3
985	331	0	0.384765625	158.749966	57.4532763	0.0133880344	158.749966	57.4398883	0	0	0	0	0	3
990	332	0	0.38671875	160.137547	57.9692777	0.0133880344	160.137547	57.9558896	0	0	0	0	0	3
995	333	0	0.388671875	161.531624	58.4870894	0.0133880344	161.531624	58.4737014	0	0	0	0	0	3
1000	333	0	0.390625	162.92882	59.0067	0.0133880344	162.92882	58.993312	0	0	0	0	0	3
1005	335	0	0.392578125	164.336918	59.5281367	0.0133880344	164.336918	59.5147487	0	0	0	0	0	3
1010	336	0	0.39453125	165.745734	60.0513761	0.0133880344	165.745734	60.0379881	0	0	0	0	0	3
1015	337	0	0.396484375	167.143287	60.5763365	0.0133880344	167.143287	60.5629484	0	0	0	0	0	3
1020	338	0	0.3984375	168.532393	61.1029514	0.0133880344	168.532393	61.0895633	0	0	0	0	0	3
1025	339	0	0.400390625	169.909008	61.6311361	0.0133880344	169.909008	61.6177481	0	0	0	0	0	3
1030	339	0	0.40234375	171.270206	62.1607935	0.0133880344	171.270206	62.1474054	0	0	0	0	0	3
1035	340	0	0.404296875	172.623257	62.691863	0.0133880344	172.623257	62.678475	0	0	0	0	0	3
1040	341	0	0.40625	173.964364	63.2242673	0.0133880344	173.964364	63.2108793	0	0	0	0	0	3
1045	342	0	0.408203125	175.29012	63.7579142	0.0133880344	175.29012	63.7445262	0	0	0	0	0	3
1050	343	0	0.41015625	176.606372	64.292741	0.0133880344	176.606372	64.279353	0	0	0	0	0	3
1055	343	0	0.412109375	177.91296	64.8286855	0.0133880344	177.91296	64.8152974	0	0	0	0	0	3
1060	344	0	0.4140625	179.20612	65.3656687	0.0133880344	179.20612	65.3522807	0	0	0	0	0	3
1065	345	0	0.416015625	180.493984	65.9036515	0.0133880344	180.493984	65.8902635	0	0	0	0	0	3
1070	346	0	0.41796875	181.774924	66.4425877	0.0133880344	181.774924	66.4291996	0	0	0	0	0	3
1075	347	0	0.419921875	183.041207	66.9823961	0.0133880344	183.041207	66.969008	0	0	0	0	0	3
1080	347	0	0.421875	184.299678	67.5230287	0.0133880344	184.299678	67.5096407	0	0	0	0	0	3
1085	348	0	0.423828125	185.54738	68.0644248	0.0133880344	185.54738	68.0510368	0	0	0	0	0	3
1090	349	0	0.42578125	186.783979	68.6065232	0.0133880344	186.783979	68.5931352	0	0	0	0	0	3
1095	350	0	0.427734375	188.01328	69.1492812	0.0133880344	188.01328	69.1358932	0	0	0	0	0	3
1100	351	0	0.4296875	189.236441	69.692662	0.0133880344	189.236441	69.679274	0	0	0	0	0	3
1105	352	0	0.431640625	190.44962	70.2366123	0.0133880344	190.44962	70.2232243	0	0	0	0	0	3
1110	353	0	0.43359375	191.65517	70.7810901	0.0133880344	191.65517	70.7677021	0	0	0	0	0	3
1115	354	0	0.435546875	192.856654	71.3260703	0.0133880344	192.856654	71.3126823	0	0	0	0	0	3
1120	355	0	0.4375	194.048792	71.8715047	0.0133880344	194.048792	71.8581166	0	0	0	0	0	3
1125	356	0	0.439453125	195.230525	72.417341	0.0133880344	195.230525	72.403953	0	0	0	0	0	3
1130	356	0	0.44140625	196.407194	72.9635518	0.0133880344	196.407194	72.9501638	0	0	0	0	0	3
1135	357	0	0.443359375	197.572323	73.5100815	0.0133880344	197.572323	73.4966935	0	0	0	0	0	3
1140	358	0	0.4453125	198.724056	74.0568674	0.0133880344	198.724056	74.0434794	0	0	0	0	0	3
1145	359	0	0.447265625	199.870535	74.6038834	0.0133880344	199.870535	74.5904954	0	0	0	0	0	3
1150	360	0	0.44921875	201.006394	75.1510804	0.0133880344	201.006394	75.1376924	0	0	0	0	0	3
1155	361	0	0.451171875	202.132043	75.6984121	0.0133880344	202.132043	75.6850241	0	0	0	0	0	3
1160	361	0	0.453125	203.254224	76.245862	0.0133880344	203.254224	76.2324739	0	0	0	0	0	3
1165	362	0	0.455078125	204.367367	76.7933898	0.0133880344	204.367367	76.7800017	0	0	0	0	0	3
1170	363	0	0.45703125	205.417812	77.3407277	0.0133880344	205.417812	77.3273397	0	0	0	0	0	3
1175	364	0	0.458984375	206.224335	77.8868447	0.0133880344	206.224335	77.8734567	0	0	0	0	0	3
1180	365	0	0.4609375	207.008077	78.43166	0.0133880344	207.008077	78.418272	0	0	0	0	0	3
1185	366	0	0.462890625	207.770241	78.9750995	0.0133880344	207.770241	78.9617114	0	0	0	0	0	3
1190	366	0	0.46484375	208.494016	79.5170196	0.0133880344	208.494016	79.5036316	0	0	0	0	0	3
1195	367	0	0.466796875	209.155944	80.0571818	0.0133880344	209.155944	80.0437938	0	0	0	0	0	3
1200	368	0	0.46875	209.753803	80.5953421	0.0133880344	209.753803	80.581954	0	0	0	0	0	3
1205	370	0	0.470703125	210.306665	81.1313393	0.0133880344	210.306665	81.1179512	0	0	0	0	0	3
1210	371	0	0.47265625	210.84137	81.6651254	0.0133880344	210.84137	81.6517374	0	0	0	0	0	3
1215	372	0	0.474609375	211.37903	82.1967398	0.0133880344	211.37903	82.1833517	0	0	0	0	0	3
1220	373	0	0.4765625	211.923209	82.7262355	0.0133880344	211.923209	82.7128475	0	0	0	0	0	3
1225	374	0	0.478515625	212.468508	83.2536432	0.0133880344	212.468508	83.2402551	0	0	0	0	0	3
1230	374	0	0.48046875	213.026933	83.7790411	0.0133880344	213.026933	83.7656531	0	0	0	0	0	3
1235	375	0	0.482421875	213.611784	84.3025602	0.0133880344	213.611784	84.2891722	0	0	0	0	0	3
1240	376	0	0.484375	214.230375	84.8243587	0.0133880344	214.230375	84.8109706	0	0	0	0	0	3
1245	377	0	0.486328125	214.896818	85.3446485	0.0133880344	214.896818	85.3312605	0	0	0	0	0	3
1250	378	0	0.48828125	215.613743	85.8636489	0.0133880344	215.613743	85.8502609	0	0	0	0	0	3
1255	379	0	0.490234375	216.375331	86.3815524	0.0133880344	216.375331	86.3681644	0	0	0	0	0	3
1260	380	0	0.4921875	217.167008	86.8984909	0.0133880344	217.167008	86.8851029	0	0	0	0	0	3
1265	380	0	0.494140625	217.965576	87.4145031	0.0133880344	217.965576	87.4011151	0	0	0	0	0	3
1270	381	0	0.49609375	218.7516	87.9295505	0.0133880344	218.7516	87.9161625	0	0	0	0	0	3
1275	382	0	0.498046875	219.513487	88.4435503	0.0133880344	219.513487	88.4301622	0	0	0	0	0	3
1280	383	0	0.5	220.241586	88.9563831	0.0133880344	220.241586	88.9429951	0	0	0	0	0	3
1285	384	0	0.501953125	220.928764	90.1667352	0.127537168	220.928764	90.1125498	0	0	0	0	0	3
1290	385	0	0.50390625	221.564822	91.0317246	0.210288044	221.564822	90.9385135	0	0	0	0	0	3
1295	385	0	0.505859375	222.138354	91.8986311	0.343201698	222.138354	91.7554219	0	0	0	0	0	3
1300	386	0	0.5078125	222.639097	92.7669744	0.451188703	222.639097	92.5724353	0	0	0	0	0	3
1305	388	0	0.509765625	223.064555	93.6365579	0.563449339	223.064555	93.3893173	0	0	0	0	0	3
1310	389	0	0.51171875	223.418096	94.5070838	0.676862105	223.418096	94.2061406	0	0	0	0	0	3
1315	390	0	0.513671875	223.710068	95.3783073	0.793837428	223.710068	95.022598	0	0	0	0	0	3
1320	391	0	0.515625	223.952571	96.2500211	0.924059883	223.952571	95.8374768	0	0	0	0	0	3
1325	392	0	0.517578125	224.154891	97.1220165	1.07349245	224.154891	96.649386	0	0	0	0	0	3
1330	392	0	0.51953125	224.326541	97.9940988	1.2191462	224.326541	97.4592586	0	0	0	0	0	3
1335	393	0	0.521484375	224.476399	98.8661974	1.38802838	224.476399	98.2657274	0	0	0	0	0	3
1340	394	0	0.5234375	224.264492	99.7368086	1.55151924	224.476399	99.0684065	0	0	0	0	0	3
1345	395	0	0.525390625	223.940302	100.605515	1.75338947	224.476399	99.8647802	0	0	0	0	0	3
1350	396	0	0.52734375	223.617814	101.472173	1.947974	224.476399	100.655986	0	0	0	0	0	3
1355	397	0	0.529296875	223.304996	102.336849	2.16789495	224.476399	101.441149	0	0	0	0	0	3
1360	397	0	0.53125	222.991188	103.19944	2.38205366	224.476399	102.221165	0	0	0	0	0	3
1365	398	0	0.533203125	222.662844	104.059911	2.60946717	224.476399	102.995785	0	0	0	0	0	3
1370	399	0	0.53515625	222.328307	104.918188	2.81655484	224.476399	103.76644	0	0	0	0	0	3
1375	400	0	0.537109375	222.00584	105.774396	3.03584954	224.476399	104.532929	0	0	0	0	0	3
1380	401	0	0.5390625	221.726864	106.628658	3.23830232	224.476399	105.296425	0	0	0	0	0	3
1385	402	0	0.541015625	221.507338	107.481271	3.44372301	224.476399	106.057235	0	0	0	0	0	3
1390	402	0	0.54296875	221.338879	108.332424	3.63933271	224.476399	106.816084	0	0	0	0	0	3
1395	403	0	0.544921875	221.205054	109.18229	3.82886981	224.476399	107.573449	0	0	0	0	0	3
1400	404	0	0.546875	221.094289	110.030984	4.01659234	224.476399	108.329536	0	0	0	0	0	3
1405	406	0	0.548828125	221.009175	110.878611	4.19501203	224.476399	109.084809	0	0	0	0	0	3
1410	407	0	0.55078125	220.958374	111.725343	4.36886355	224.476399	109.839575	0	0	0	0	0	3
1415	408	0	0.552734375	220.95176	112.57137	4.53327944	224.476399	110.594308	0	0	0	0	0	3
1420	409	0	0.5546875	220.995155	113.416924	4.69458662	224.476399	111.349278	0	0	0	0	0	3
1425	410	0	0.556640625	221.083103	114.262191	4.84366072	224.476399	112.104997	0	0	0	0	0	3
1430	410	0	0.55859375	221.194652	115.107313	4.98452781	224.476399	112.861764	0	0	0	0	0	3
1435	411	0	0.560546875	221.298638	115.95229	5.11953906	224.476399	113.61965	0	0	0	0	0	3
1440	412	0	0.5625	221.365173	116.796999	5.23690606	224.476399	114.37894	0	0	0	0	0	3
1445	413	0	0.564453125	221.373559	117.641283	5.49300561	224.476399	115.135368	0	0	0	0	0	3
1450	414	0	0.56640625	221.312096	118.484326	5.83821155	224.476399	115.885848	0	0	0	0	0	3
1455	415	0	0.568359375	221.174495	119.325484	6.17529385	224.476399	116.630334	0	0	0	0	0	3
1460	416	0	0.5703125	220.95502	120.164467	6.52361047	224.476399	117.368569	0	0	0	0	0	3
1465	416	0	0.572265625	220.644472	121.000876	6.89651231	224.476399	118.099834	0	0	0	0	0	3
1470	417	0	0.57421875	220.233661	121.834225	7.28499458	224.476399	118.823584	0	0	0	0	0	3
1475	418	0	0.576171875	219.717953	122.664041	7.65617081	224.476399	119.540094	0	0	0	0	0	3
1480	419	0	0.578125	219.104201	123.49001	7.99751373	224.476399	120.250026	0	0	0	0	0	3
1485	420	0	0.580078125	218.410245	124.311935	8.30560191	224.476399	120.954146	0	0	0	0	0	3
1490	421	0	0.58203125	217.656297	125.129711	8.58268318	224.476399	121.653174	0	0	0	0	0	3
1495	422	0	0.583984375	216.86231	125.943303	8.82912389	224.476399	122.34782	0	0	0	0	0	3
1500	422	0	0.5859375	216.046074	126.752744	9.04693128	224.476399	123.038752	0	0	0	0	0	3
1505	425	0	0.587890625	215.042003	127.557412	9.23519697	224.476399	123.725947	0	0	0	0	0	3
1510	425	0	0.58984375	213.697935	128.356095	9.39270706	224.476399	124.408771	0	0	0	0	0	3
1515	426	0	0.591796875	212.283236	129.148636	9.52715038	224.476399	125.087438	0	0	0	0	0	3
1520	427	0	0.59375	210.84354	129.935028	9.65243558	224.476399	125.762005	0	0	0	0	0	3
1525	428	0	0.595703125	209.409834	130.715331	9.78318502	224.476399	126.432304	0	0	0	0	0	3
1530	429	0	0.59765625	208.004483	131.489633	9.92832325	224.476399	127.098043	0	0	0	0	0	3
1535	430	0	0.599609375	206.629992	132.257998	10.0902789	224.476399	127.758886	0	0	0	0	0	3
1540	431	0	0.6015625	205.284764	133.020477	10.2715567	224.476399	128.414468	0	0	0	0	0	3
1545	431	0	0.603515625	203.970469	133.777113	10.4731724	224.476399	129.064428	0	0	0	0	0	3
1550	432	0	0.60546875	202.685307	134.527942	10.6946248	224.476399	129.708437	0	0	0	0	0	3
1555	433	0	0.607421875	201.43486	135.273021	10.9441149	224.476399	130.346066	0	0	0	0	0	3
1560	434	0	0.609375	200.209819	136.01234	11.2190338	224.476399	130.976901	0	0	0	0	0	3
1565	435	0	0.611328125	198.99644	136.745846	11.522515	224.476399	131.600457	0	0	0	0	0	3
1570	436	0	0.61328125	197.788991	137.473449	11.8517791	224.476399	132.216287	0	0	0	0	0	3
1575	437	0	0.615234375	196.587151	138.195072	12.2082797	224.476399	132.823957	0	0	0	0	0	3
1580	437	0	0.6171875	195.392766	138.910636	12.5916617	224.476399	133.423061	0	0	0	0	0	3
1585	438	0	0.619140625	194.21158	139.620089	13.0048822	224.476399	134.013191	0	0	0	0	0	3
1590	439	0	0.62109375	193.053003	140.323402	13.4450989	224.476399	134.594032	0	0	0	0	0	3
1595	440	0	0.623046875	191.925926	141.020593	13.9103198	224.476399	135.165362	0	0	0	0	0	3
1600	441	0	0.625	190.832408	141.711694	14.4005527	224.476399	135.726989	0	0	0	0	0	3
1605	443	0	0.626953125	189.768134	142.396724	14.9184705	224.476399	136.278679	0	0	0	0	0	3
1610	444	0	0.62890625	188.716531	143.075623	15.49684	224.476399	136.819654	0	0	0	0	0	3
1615	445	0	0.630859375	187.650488	143.748098	16.2438229	224.476399	137.347378	0	0	0	0	0	3
1620	446	0	0.6328125	186.541236	144.413322	17.0192982	224.476399	137.860908	0	0	0	0	0	3
1625	446	0	0.634765625	185.36634	145.070928	17.8233471	224.476399	138.359768	0	0	0	0	0	3
1630	447	0	0.63671875	184.116375	145.72051	18.6666807	224.476399	138.843302	0	0	0	0	0	3
1635	448	0	0.638671875	182.78083	146.361581	19.556027	224.476399	139.31069	0	0	0	0	0	3
1640	449	0	0.640625	181.345826	146.993572	20.4683657	224.476399	139.761364	0	0	0	0	0	3
1645	450	0	0.642578125	179.800404	147.615963	21.3832478	224.476399	140.195075	0	0	0	0	0	3
1650	451	0	0.64453125	178.137716	148.228285	22.2922551	224.476399	140.611721	0	0	0	0	0	3
1655	452	0	0.646484375	176.35877	148.830107	23.2174374	224.476399	141.010934	0	0	0	0	0	3
1660	453	0	0.6484375	174.47335	149.420951	24.1305404	224.476399	141.392658	0	0	0	0	0	3
1665	453	0	0.650390625	172.500379	150.000521	25.0410706	224.476399	141.756876	0	0	0	0	0	3
1670	454	0	0.65234375	170.467725	150.568593	25.9890831	224.476399	142.103131	0	0	0	0	0	3
1675	455	0	0.654296875	168.408433	151.124919	26.9822293	224.476399	142.430854	0	0	0	0	0	3
1680	456	0	0.65625	166.355872	151.669347	27.99245	224.476399	142.739936	0	0	0	0	0	3
1685	457	0	0.658203125	164.341359	152.20196	28.9835249	224.476399	143.030933	0	0	0	0	0	3
1690	458	0	0.66015625	162.393651	152.723094	29.9521386	224.476399	143.304673	0	0	0	0	0	3
1695	458	0	0.662109375	160.53736	153.233192	30.903498	224.476399	143.562005	0	0	0	0	0	3
1700	459	0	0.6640625	158.791058	153.732753	31.8547204	224.476399	143.803618	0	0	0	0	0	3
1705	461	0	0.666015625	157.169203	154.222263	32.8189894	224.476399	144.030026	0	0	0	0	0	3
1710	462	0	0.66796875	155.681672	154.702195	33.8143315	224.476399	144.241526	0	0	0	0	0	3
1715	463	0	0.669921875	154.327623	155.17295	34.8401703	224.476399	144.438354	0	0	0	0	0	3
1720	464	0	0.671875	153.102292	155.634911	35.9100439	224.476399	144.620588	0	0	0	0	0	3
1725	465	0	0.673828125	151.989524	156.088347	37.0261806	224.476399	144.788179	0	0	0	0	0	3
1730	466	0	0.67578125	150.968053	156.533432	38.1994915	224.476399	144.94088	0	0	0	0	0	3
1735	466	0	0.677734375	150.01195	156.9702	39.421238	224.476399	145.078414	0	0	0	0	0	3
1740	467	0	0.6796875	149.100472	157.398634	40.694906	224.476399	145.200433	0	0	0	0	0	3
1745	468	0	0.681640625	148.210066	157.818615	42.0099008	224.476399	145.306607	0	0	0	0	0	3
1750	469	0	0.68359375	147.320987	158.229987	43.3679785	224.476399	145.396562	0	0	0	0	0	3
1755	470	0	0.685546875	146.416482	158.63252	44.7764681	224.476399	145.469785	0	0	0	0	0	3
1760	471	0	0.6875	145.483492	159.025907	46.2261258	224.476399	145.52579	0	0	0	0	0	3
1765	472	0	0.689453125	144.509881	159.409828	47.703192	224.476399	145.564226	0	0	0	0	0	3
1770	472	0	0.69140625	143.492851	159.784006	49.2009401	224.476399	145.584851	0	0	0	0	0	3
1775	473	0	0.693359375	142.425972	160.148166	50.7190021	224.476399	145.587428	0	0	0	0	0	3
1780	474	0	0.6953125	141.311958	160.502045	52.3331614	224.476399	145.570989	0	0	0	0	0	3
1785	475	0	0.697265625	140.157764	160.84511	53.9614734	224.476399	145.535118	0	0	0	0	0	3
1790	476	0	0.69921875	138.971657	161.177181	55.5543007	224.476399	145.480224	0	0	0	0	0	3
1795	477	0	0.701171875	137.771918	161.498343	57.1102705	224.476399	145.406974	0	0	0	0	0	3
1800	478	0	0.703125	136.566607	161.80872	58.6376315	224.476399	145.315971	0	0	0	0	0	3
1805	479	0	0.705078125	135.374424	162.108473	60.0974979	224.476399	145.208203	0	0	0	0	0	3
1810	480	0	0.70703125	134.203035	162.397948	61.4369099	224.476399	145.085301	0	0	0	0	0	3
1815	481	0	0.708984375	133.066017	162.677749	62.686409	224.476399	144.94883	0	0	0	0	0	3
1820	482	0	0.7109375	131.966479	162.948374	63.8955999	224.476399	144.799758	0	0	0	0	0	3
1825	483	0	0.712890625	130.912949	163.210161	65.0862282	224.476399	144.638683	0	0	0	0	0	3
1830	484	0	0.71484375	129.915733	163.463401	66.2444845	224.476399	144.466271	0	0	0	0	0	3
1835	485	0	0.716796875	128.980205	163.708462	67.3514048	224.476399	144.283419	0	0	0	0	0	3
1840	485	0	0.71875	128.113085	163.945813	68.3994189	224.476399	144.091169	0	0	0	0	0	3
1845	486	0	0.720703125	127.312356	164.175941	69.3854847	224.476399	143.890595	0	0	0	0	0	3
1850	487	0	0.72265625	126.58125	164.399362	70.3119654	224.476399	143.682752	0	0	0	0	0	3
1855	488	0	0.724609375	125.91909	164.616578	71.1814444	224.476399	143.468644	0	0	0	0	0	3
1860	489	0	0.7265625	125.323619	164.82807	71.9996615	224.476399	143.24919	0	0	0	0	0	3
1865	490	0	0.728515625	124.79091	165.034286	72.7768287	224.476399	143.025171	0	0	0	0	0	3
1870	491	0	0.73046875	124.313594	165.235602	73.5245549	224.476399	142.797191	0	0	0	0	0	3
1875	491	0	0.732421875	123.887004	165.43233	74.2524565	224.476399	142.565704	0	0	0	0	0	3
1880	492	0	0.734375	123.502552	165.624713	74.9713043	224.476399	142.331	0	0	0	0	0	3
1885	493	0	0.736328125	123.149368	165.812909	75.6849817	224.476399	142.09325	0	0	0	0	0	3
1890	494	0	0.73828125	122.820776	165.997033	76.4034684	224.476399	141.852505	0	0	0	0	0	3
1895	495	0	0.740234375	122.503832	166.177113	77.139695	224.476399	141.608623	0	0	0	0	0	3
1900	496	0	0.7421875	122.193919	166.353106	77.8924856	224.476399	141.36141	0	0	0	0	0	3
1905	498	0	0.744140625	121.882693	166.524942	78.654998	224.476399	141.110701	0	0	0	0	0	3
1910	498	0	0.74609375	121.562894	166.692551	79.4302358	224.476399	140.85631	0	0	0	0	0	3
1915	499	0	0.748046875	121.231606	166.855838	80.2146532	224.476399	140.598058	0	0	0	0	0	3
1920	500	0	0.75	120.883174	167.014699	81.0022143	224.476399	140.335809	0	0	0	0	0	3
1925	501	0	0.751953125	120.512963	167.169038	81.7965808	224.476399	140.069402	0	0	0	0	0	3
1930	502	0	0.75390625	120.11924	167.318736	82.5949619	224.476399	139.798681	0	0	0	0	0	3
1935	503	0	0.755859375	119.70244	167.463687	83.3883356	224.476399	139.52357	0	0	0	0	0	3
1940	504	0	0.7578125	119.261437	167.603816	84.17522	224.476399	139.244034	0	0	0	0	0	3
1945	505	0	0.759765625	118.798894	167.739065	84.9834609	224.476399	138.959848	0	0	0	0	0	3
1950	505	0	0.76171875	118.321535	167.869292	85.8259808	224.476399	138.650419	0	0	0	0	0	3
1955	506	0	0.763671875	117.837019	167.994335	86.6456367	224.476399	137.830763	0	0	0	0	0	3
1960	507	0	0.765625	117.34916	168.114271	87.4488263	224.476399	137.027573	0	0	0	0	0	3
1965	508	0	0.767578125	116.866282	168.229183	88.2422411	224.476399	136.234158	0	0	0	0	0	3
1970	509	0	0.76953125	116.393378	168.339148	89.0161271	224.476399	135.460272	0	0	0	0	0	3
1975	510	0	0.771484375	115.939978	168.444319	89.7747808	224.476399	134.701619	0	0	0	0	0	3
1980	511	0	0.7734375	115.5121	168.544856	90.5394996	224.476399	133.9369	0	0	0	0	0	3
1985	512	0	0.775390625	115.11203	168.640842	91.3229721	224.476399	133.153427	0	0	0	0	0	3
1990	513	0	0.77734375	114.741786	168.732322	92.1245226	224.476399	132.351877	0	0	0	0	0	3
1995	513	0	0.779296875	114.404149	168.819352	92.9280259	224.476399	131.548374	0	0	0	0	0	3
2000	514	0	0.78125	114.101754	168.902062	93.7327829	224.476399	130.743617	0	0	0	0	0	3
2005	516	0	0.783203125	113.870528	168.980725	94.5359857	224.476399	129.940414	0	0	0	0	0	3
2010	517	0	0.78515625	113.814544	169.056032	95.3313933	224.476399	129.145006	0	0	0	0	0	3
2015	518	0	0.787109375	113.794243	169.128152	96.1202835	224.476399	128.356116	0	0	0	0	0	3
2020	519	0	0.7890625	113.808269	169.197246	96.906969	224.476399	127.56943	0	0	0	0	0	3
2025	520	0	0.791015625	113.856353	169.263454	97.6915939	224.476399	126.784806	0	0	0	0	0	3
2030	521	0	0.79296875	113.940935	169.326928	98.4764418	224.476399	125.999958	0	0	0	0	0	3
2035	521	0	0.794921875	114.06313	169.387814	99.2798906	224.476399	125.196509	0	0	0	0	0	3
2040	522	0	0.796875	114.217961	169.446166	100.122144	224.476399	124.354255	0	0	0	0	0	3
2045	523	0	0.798828125	114.3924	169.501909	101.021342	224.476399	123.455057	0	0	0	0	0	3
2050	524	0	0.80078125	114.569567	169.554832	101.995471	224.476399	122.480928	0	0	0	0	0	3
2055	525	0	0.802734375	114.731263	169.604581	103.049035	224.476399	121.427364	0	0	0	0	0	3
2060	526	0	0.8046875	114.866884	169.650744	104.172772	224.476399	120.303627	0	0	0	0	0	3
2065	527	0	0.806640625	114.971612	169.692927	105.355904	224.476399	119.120496	0	0	0	0	0	3
2070	528	0	0.80859375	115.03961	169.730754	106.589791	224.476399	117.886608	0	0	0	0	0	3
2075	529	0	0.810546875	115.062522	169.763851	107.872056	224.476399	116.604343	0	0	0	0	0	3
2080	529	0	0.8125	115.031693	169.791818	109.201151	224.476399	115.275249	0	0	0	0	0	3
2085	530	0	0.814453125	114.940361	169.814237	110.582496	224.476399	113.893903	0	0	0	0	0	3
2090	531	0	0.81640625	114.785965	169.830657	112.009172	224.476399	112.467227	0	0	0	0	0	3
2095	532	0	0.818359375	114.576072	169.840684	113.471808	224.476399	111.004591	0	0	0	0	0	3
2100	533	0	0.8203125	114.326373	169.844022	113.794243	224.476399	110.682156	0	0	0	0	0	3
2105	535	0	0.822265625	114.059715	169.840519	113.794243	224.476399	110.682156	0	0	0	0	0	3
2110	536	0	0.82421875	113.798259	169.830161	113.794243	224.476399	110.682156	0	0	0	0	0	3
2115	537	0	0.826171875	113.558027	169.813018	113.558027	224.476399	110.918373	0	0	0	0	0	3
2120	537	0	0.828125	113.350371	169.788955	113.350371	224.476399	111.126028	0	0	0	0	0	3
2125	538	0	0.830078125	113.184817	169.758103	113.184817	224.476399	111.291583	0	0	0	0	0	3
2130	539	0	0.83203125	113.069921	169.720624	113.069921	224.476399	111.406478	0	0	0	0	0	3
2135	540	0	0.833984375	113.01194	169.676719	113.01194	224.476399	111.464459	0	0	0	0	0	3
2140	541	0	0.8359375	113.014138	169.626584	113.01194	224.476399	111.464459	0	0	0	0	0	3
2145	542	0	0.837890625	113.077055	169.570468	113.01194	224.476399	111.464459	0	0	0	0	0	3
2150	543	0	0.83984375	113.198156	169.508692	113.01194	224.476399	111.464459	0	0	0	0	0	3
2155	544	0	0.841796875	113.371243	169.441576	113.01194	224.476399	111.464459	0	0	0	0	0	3
2160	545	0	0.84375	113.587092	169.369429	113.01194	224.476399	111.464459	0	0	0	0	0	3
2165	546	0	0.845703125	113.834826	169.292546	113.01194	224.476399	111.464459	0	0	0	0	0	3
2170	547	0	0.84765625	114.102549	169.211183	113.01194	224.476399	111.464459	0	0	0	0	0	3
2175	548	0	0.849609375	114.528498	169.126154	113.01194	224.476399	111.464459	0	0	0	0	0	3
2180	548	0	0.8515625	114.988174	169.037788	113.01194	224.476399	111.464459	0	0	0	0	0	3
2185	549	0	0.853515625	115.433175	168.946201	113.01194	224.476399	111.464459	0	0	0	0	0	3
2190	550	0	0.85546875	115.860368	168.851487	113.01194	224.476399	111.464459	0	0	0	0	0	3
2195	551	0	0.857421875	116.27306	168.753727	113.01194	224.476399	111.464459	0	0	0	0	0	3
2200	552	0	0.859375	116.67419	168.652962	113.01194	224.476399	111.464459	0	0	0	0	0	3
2205	554	0	0.861328125	117.059743	168.54918	113.01194	224.476399	111.464459	0	0	0	0	0	3
2210	555	0	0.86328125	117.41893	168.442295	113.01194	224.476399	111.464459	0	0	0	0	0	3
2215	556	0	0.865234375	117.73963	168.332135	113.01194	224.476399	111.464459	0	0	0	0	0	3
2220	556	0	0.8671875	118.018387	168.218478	113.01194	224.476399	111.464459	0	0	0	0	0	3
2225	557	0	0.869140625	118.263697	168.101124	113.01194	224.476399	111.464459	0	0	0	0	0	3
2230	558	0	0.87109375	118.486842	167.979884	113.01194	224.476399	111.464459	0	0	0	0	0	3
2235	559	0	0.873046875	118.693417	167.854571	113.01194	224.476399	111.464459	0	0	0	0	0	3
2240	560	0	0.875	118.880132	167.725006	113.01194	224.476399	111.464459	0	0	0	0	0	3
2245	561	0	0.876953125	119.03959	167.590986	113.01194	224.476399	111.464459	0	0	0	0	0	3
2250	562	0	0.87890625	119.169425	167.452301	113.01194	224.476399	111.464459	0	0	0	0	0	3
2255	563	0	0.880859375	119.274837	167.30878	113.01194	224.476399	111.464459	0	0	0	0	0	3
2260	564	0	0.8828125	119.363713	167.160298	113.01194	224.476399	111.464459	0	0	0	0	0	3
2265	564	0	0.884765625	119.449228	167.006779	113.01194	224.476399	111.464459	0	0	0	0	0	3
2270	565	0	0.88671875	119.549598	166.848232	113.01194	224.476399	111.356932	0	0	0	0	0	3
2275	566	0	0.888671875	119.679426	166.684747	113.01194	224.476399	110.837322	0	0	0	0	0	3
2280	567	0	0.890625	119.847838	166.516462	113.01194	224.476399	110.315885	0	0	0	0	0	3
2285	568	0	0.892578125	120.05787	166.343497	113.01194	224.476399	109.792646	0	0	0	0	0	3
2290	569	0	0.89453125	120.312125	166.166022	113.01194	224.476399	109.267685	0	0	0	0	0	3
2295	570	0	0.896484375	120.612026	165.984259	113.01194	224.476399	108.74107	0	0	0	0	0	3
2300	571	0	0.8984375	120.957252	165.798419	113.01194	224.476399	108.212886	0	0	0	0	0	3
2305	573	0	0.900390625	121.347336	165.608725	113.01194	224.476399	107.683228	0	0	0	0	0	3
2310	574	0	0.90234375	121.78015	165.415404	113.01194	224.476399	107.152159	0	0	0	0	0	3
2315	575	0	0.904296875	122.250428	165.218636	113.01194	224.476399	106.619755	0	0	0	0	0	3
2320	575	0	0.90625	122.749321	165.018577	113.01194	224.476399	106.086108	0	0	0	0	0	3
2325	576	0	0.908203125	123.264672	164.815352	113.01194	224.476399	105.551281	0	0	0	0	0	3
2330	577	0	0.91015625	123.78245	164.609009	113.01194	224.476399	105.015336	0	0	0	0	0	3
2335	578	0	0.912109375	124.290868	164.399548	113.01194	224.476399	104.478353	0	0	0	0	0	3
2340	579	0	0.9140625	124.840011	164.18718	113.01194	224.476399	103.94037	0	0	0	0	0	3
2345	580	0	0.916015625	125.455996	163.972188	113.01194	224.476399	103.401434	0	0	0	0	0	3
2350	581	0	0.91796875	126.044438	163.754491	113.01194	224.476399	102.861626	0	0	0	0	0	3
2355	582	0	0.919921875	126.608795	163.534052	113.01194	224.476399	102.320993	0	0	0	0	0	3
2360	582	0	0.921875	127.156001	163.310834	113.01194	224.476399	101.779597	0	0	0	0	0	3
2365	583	0	0.923828125	127.691568	163.084835	113.01194	224.476399	101.237499	0	0	0	0	0	3
2370	584	0	0.92578125	128.216204	162.856054	113.01194	224.476399	100.694741	0	0	0	0	0	3
2375	585	0	0.927734375	128.722126	162.624448	113.01194	224.476399	100.15136	0	0	0	0	0	3
2380	586	0	0.9296875	129.20119	162.389936	113.01194	224.476399	99.6074095	0	0	0	0	0	3
2385	587	0	0.931640625	129.655174	162.152457	113.01194	224.476399	99.0629317	0	0	0	0	0	3
2390	588	0	0.93359375	130.090465	161.91197	113.01194	224.476399	98.5179515	0	0	0	0	0	3
2395	589	0	0.935546875	130.512866	161.66844	113.01194	224.476399	97.9725172	0	0	0	0	0	3
2400	589	0	0.9375	130.922856	161.421854	113.01194	224.476399	97.4266808	0	0	0	0	0	3
2405	591	0	0.939453125	131.316996	161.172192	113.01194	224.476399	96.88047	0	0	0	0	0	3
2410	592	0	0.94140625	131.692523	160.9194	113.01194	224.476399	96.3339403	0	0	0	0	0	3
2415	593	0	0.943359375	132.049801	160.663453	113.01194	224.476399	95.7871544	0	0	0	0	0	3
2420	594	0	0.9453125	132.38952	160.404334	113.01194	224.476399	95.2401384	0	0	0	0	0	3
2425	595	0	0.947265625	132.717528	160.142017	113.01194	224.476399	94.6929414	0	0	0	0	0	3
2430	596	0	0.94921875	133.047754	159.876554	113.01194	224.476399	94.1456097	0	0	0	0	0	3
2435	597	0	0.951171875	133.395323	159.608051	113.01194	224.476399	93.5981598	0	0	0	0	0	3
2440	597	0	0.953125	133.76912	159.336625	113.01194	224.476399	93.050632	0	0	0	0	0	3
2445	598	0	0.955078125	134.171527	159.062422	113.01194	224.476399	92.5032941	0	0	0	0	0	3
2450	599	0	0.95703125	134.60353	158.785804	113.01194	224.476399	91.9571771	0	0	0	0	0	3
2455	600	0	0.958984375	135.066092	158.507842	113.01194	224.476399	91.4123618	0	0	0	0	0	3
2460	601	0	0.9609375	135.558891	158.228744	113.01194	224.476399	90.8689223	0	0	0	0	0	3
2465	602	0	0.962890625	136.080713	157.948706	113.01194	224.476399	90.3270022	0	0	0	0	0	3
2470	603	0	0.96484375	136.62934	157.667985	113.01194	224.476399	89.78684	0	0	0	0	0	3
2475	604	0	0.966796875	137.200997	157.386911	113.01194	224.476399	89.2486798	0	0	0	0	0	3
2480	605	0	0.96875	137.790586	157.105805	113.01194	224.476399	88.7126826	0	0	0	0	0	3
2485	605	0	0.970703125	138.391861	156.824887	113.01194	224.476399	88.1788964	0	0	0	0	0	3
2490	606	0	0.97265625	138.996833	156.544245	113.01194	224.476399	87.6472821	0	0	0	0	0	3
2495	607	0	0.974609375	139.598109	156.263851	113.01194	224.476399	87.1177863	0	0	0	0	0	3
2500	608	0	0.9765625	140.189797	155.983642	113.01194	224.476399	86.5903786	0	0	0	0	0	3
2505	610	0	0.978515625	140.76589	155.703554	113.01194	224.476399	86.0649807	0	0	0	0	0	3
2510	611	0	0.98046875	141.406037	155.423784	113.01194	224.476399	85.5414616	0	0	0	0	0	3
2515	612	0	0.982421875	142.023714	155.144144	113.01194	224.476399	85.0196631	0	0	0	0	0	3
2520	613	0	0.984375	142.615505	154.864398	113.01194	224.476399	84.4993733	0	0	0	0	0	3
2525	614	0	0.986328125	143.185906	154.584277	113.01194	224.476399	83.9803729	0	0	0	0	0	3
2530	615	0	0.98828125	143.739066	154.303517	113.01194	224.476399	83.4624694	0	0	0	0	0	3
2535	615	0	0.990234375	144.278239	154.021887	113.01194	224.476399	82.9455309	0	0	0	0	0	3
2540	616	0	0.9921875	144.80449	153.739221	113.01194	224.476399	82.4295187	0	0	0	0	0	3
2545	617	0	0.994140625	145.31613	153.455434	113.01194	224.476399	81.9144713	0	0	0	0	0	3
2550	618	0	0.99609375	145.816077	153.17053	113.01194	224.476399	81.4004715	0	0	0	0	0	3
2555	619	0	0.998046875	146.30927	152.884576	113.01194	224.476399	80.8876387	0	0	0	0	0	3
2560	620	0	1	146.799221	152.597692	113.01194	224.476399	79.6772866	6.73364305	0	0	0	0	3
2565	621	0	1.00195312	147.286195	152.310026	113.01194	224.476399	78.8122972	6.73364305	0	0	0	0	3
2570	622	0	1.00390625	147.768507	152.021759	113.01194	224.476399	77.9453907	6.73364305	0	0	0	0	3
2575	623	0	1.00585938	148.243182	151.733106	113.01194	224.476399	77.0770474	6.73364305	0	0	0	0	3
2580	623	0	1.0078125	148.706329	151.444306	113.01194	224.476399	76.2074639	6.73364305	0	0	0	0	3
2585	624	0	1.00976562	149.155407	151.155598	113.01194	224.476399	75.336938	6.73364305	0	0	0	0	3
2590	625	0	1.01171875	149.591566	150.867213	113.01194	224.476399	74.4657145	6.73364305	0	0	0	0	3
2595	626	0	1.01367188	150.01936	150.579359	113.01194	224.476399	73.5940007	6.73364305	0	0	0	0	3
2600	627	0	1.015625	150.444953	150.29222	113.01194	224.476399	72.7220053	6.73364305	0	0	0	0	3
2605	629	0	1.01757812	150.876262	150.005975	113.01194	224.476399	71.849923	6.73364305	0	0	0	0	3
2610	630	0	1.01953125	151.320154	149.720794	113.01194	224.476399	70.9778244	6.73364305	0	0	0	0	3
2615	631	0	1.02148438	151.778849	149.436819	113.01194	224.264492	70.1072132	6.73364305	0	0	0	0	3
2620	632	0	1.0234375	152.252225	149.155521	113.01194	223.940302	69.238507	6.73364305	0	0	0	0	3
2625	633	0	1.02539062	152.740185	148.877396	113.01194	223.617814	68.3718491	6.73364305	0	0	0	0	3
2630	634	0	1.02734375	153.243575	148.602496	113.01194	223.304996	67.5071733	6.73364305	0	0	0	0	3
2635	635	0	1.02929688	153.762474	148.330846	113.01194	222.991188	66.6445823	6.73364305	0	0	0	0	3
2640	636	0	1.03125	154.294544	148.0625	113.01194	222.662844	65.7841104	6.73364305	0	0	0	0	3
2645	637	0	1.03320312	154.835505	147.797549	113.01194	222.328307	64.9258337	6.73364305	0	0	0	0	3
2650	637	0	1.03515625	155.381276	147.536037	113.01194	222.00584	64.0696256	6.73364305	0	0	0	0	3
2655	638	0	1.03710938	155.92841	147.277922	113.01194	221.726864	63.2153638	6.73364305	0	0	0	0	3
2660	639	0	1.0390625	156.473832	147.023028	113.01194	221.507338	62.3627504	6.73364305	0	0	0	0	3
2665	640	0	1.04101562	157.014779	146.771104	113.01194	221.373559	61.5115974	6.73364305	0	0	0	0	3
2670	641	0	1.04296875	157.548588	146.521923	113.01194	221.373559	60.6617313	6.73364305	0	0	0	0	3
2675	642	0	1.04492188	158.075674	146.275324	113.01194	221.373559	59.8130383	6.73364305	0	0	0	0	3
2680	643	0	1.046875	158.591518	146.031172	113.01194	221.373559	58.965411	6.73364305	0	0	0	0	3
2685	644	0	1.04882812	159.08996	145.7893	113.01194	221.373559	58.1186791	6.73364305	0	0	0	0	3
2690	645	0	1.05078125	159.568493	145.549496	113.01194	221.373559	57.2726522	6.73364305	0	0	0	0	3
2695	646	0	1.05273438	160.026819	145.311508	113.01194	221.373559	56.427098	6.73364305	0	0	0	0	3
2700	646	0	1.0546875	160.466464	145.075068	113.01194	221.373559	55.5818303	6.73364305	0	0	0	0	3
2705	649	0	1.05664062	160.890052	144.839939	113.01194	221.373559	54.7367093	6.73364305	0	0	0	0	3
2710	649	0	1.05859375	161.300762	144.605978	113.01194	221.373559	53.8917323	6.73364305	0	0	0	0	3
2715	650	0	1.06054688	161.701813	144.373178	113.01194	221.373559	53.0470228	6.73364305	0	0	0	0	3
2720	651	0	1.0625	162.096218	144.141659	113.01194	221.373559	52.202739	6.73364305	0	0	0	0	3
2725	652	0	1.06445312	162.487048	143.911633	113.01194	221.312096	51.3596957	6.73364305	0	0	0	0	3
2730	653	0	1.06640625	162.877054	143.683371	113.01194	221.174495	50.5185383	6.73364305	0	0	0	0	3
2735	654	0	1.06835938	163.268303	143.457175	113.01194	220.95502	49.679555	6.73364305	0	0	0	0	3
2740	655	0	1.0703125	163.661679	143.233373	113.01194	220.644472	48.8431454	6.73364305	0	0	0	0	3
2745	656	0	1.07226562	164.057011	143.012329	113.01194	220.233661	48.0097971	6.73364305	0	0	0	0	3
2750	657	0	1.07421875	164.453675	142.794438	113.01194	219.717953	47.1799809	6.73364305	0	0	0	0	3
2755	658	0	1.07617188	164.851369	142.580115	113.01194	219.104201	46.354012	6.73364305	0	0	0	0	3
2760	659	0	1.078125	165.250166	142.369748	113.01194	218.410245	45.5320873	6.73364305	0	0	0	0	3
2765	659	0	1.08007812	165.650083	142.163654	113.01194	217.656297	44.7143111	6.73364305	0	0	0	0	3
2770	660	0	1.08203125	166.050707	141.962069	113.01194	216.86231	43.9007188	6.73364305	0	0	0	0	3
2775	661	0	1.08398438	166.451245	141.765151	113.01194	216.046074	43.0912776	6.73364305	0	0	0	0	3
2780	662	0	1.0859375	166.850433	141.572981	113.01194	215.042003	42.2866094	6.73364305	0	0	0	0	3
2785	663	0	1.08789062	167.246617	141.38628	113.01194	213.697935	41.4879268	6.73364305	0	0	0	0	3
2790	664	0	1.08984375	167.638047	141.206358	113.01194	212.283236	40.6953857	6.73364305	0	0	0	0	3
2795	665	0	1.09179688	168.023045	141.033467	113.01194	210.84354	39.9089935	6.73364305	0	0	0	0	3
2800	666	0	1.09375	168.400456	140.867674	113.01194	209.409834	39.1286912	6.73364305	0	0	0	0	3
2805	668	0	1.09570312	168.769706	140.708923	113.01194	208.004483	38.3543893	6.73364305	0	0	0	0	3
2810	669	0	1.09765625	169.130756	140.557073	113.01194	206.629992	37.5860234	6.73364305	0	0	0	0	3
2815	670	0	1.09960938	169.483819	140.411971	113.01194	205.284764	36.8235449	6.73364305	0	0	0	0	3
2820	671	0	1.1015625	169.829337	140.273473	113.01194	203.970469	36.0669085	6.73364305	0	0	0	0	3
2825	672	0	1.10351562	170.168126	140.141432	113.01194	202.685307	35.3160799	6.73364305	0	0	0	0	3
2830	672	0	1.10546875	170.501343	140.015714	113.01194	201.43486	34.5710008	6.73364305	0	0	0	0	3
2835	673	0	1.10742188	170.830056	139.896164	113.01194	200.209819	33.8316817	6.73364305	0	0	0	0	3
2840	674	0	1.109375	171.139134	139.782606	113.01194	198.99644	33.0981762	6.73364305	0	0	0	0	3
2845	675	0	1.11132812	171.37719	139.674719	113.01194	197.788991	32.3705728	6.73364305	0	0	0	0	3
2850	676	0	1.11328125	171.608928	139.572453	113.01194	196.587151	31.6489502	6.73364305	0	0	0	0	3
2855	677	0	1.11523438	171.834748	139.475764	113.01194	195.392766	30.9333858	6.73364305	0	0	0	0	3
2860	678	0	1.1171875	172.051092	139.384585	113.01194	194.21158	30.4594365	6.73364305	0	0	0	0	3
2865	679	0	1.11914062	172.252541	139.298808	113.01194	193.053003	30.5452139	6.73364305	0	0	0	0	3
2870	680	0	1.12109375	172.437	139.218277	113.01194	191.925926	30.6257452	6.73364305	0	0	0	0	3
2875	681	0	1.12304688	172.606278	139.142809	113.01194	190.832408	30.7012126	6.73364305	0	0	0	0	3
2880	681	0	1.125	172.767424	139.072243	113.01194	189.768134	30.7717789	6.73364305	0	0	0	0	3
2885	682	0	1.12695312	172.92809	139.006461	113.01194	188.716531	30.8375604	6.73364305	0	0	0	0	3
2890	683	0	1.12890625	173.090359	138.945422	113.01194	187.650488	30.8986001	6.73364305	0	0	0	0	3
2895	684	0	1.13085938	173.25305	138.889182	113.01194	186.541236	30.9548401	6.73364305	0	0	0	0	3
2900	685	0	1.1328125	173.416634	138.837914	113.01194	185.36634	31.0061081	6.73364305	0	0	0	0	3
2905	687	0	1.13476562	173.584768	138.791892	113.01194	184.116375	31.0521298	6.73364305	0	0	0	0	3
2910	688	0	1.13671875	173.761407	138.751443	113.01194	182.78083	31.0925789	6.73364305	0	0	0	0	3
2915	689	0	1.13867188	173.949363	138.716945	113.01194	181.345826	31.1270768	6.73364305	0	0	0	0	3
2920	690	0	1.140625	174.149979	138.688836	113.01194	179.800404	31.1551856	6.73364305	0	0	0	0	3
2925	691	0	1.14257812	174.363435	138.667598	113.01194	178.137716	31.1764238	6.73364305	0	0	0	0	3
2930	692	0	1.14453125	174.587186	138.653729	113.01194	176.35877	31.190293	6.73364305	0	0	0	0	3
2935	693	0	1.14648438	174.815393	138.6477	113.01194	174.815393	31.1963218	6.73364305	0	0	0	0	3
2940	693	0	1.1484375	175.040328	138.649915	113.01194	175.040328	31.1963218	6.73364305	0	0	0	0	3
2945	694	0	1.15039062	175.255448	138.660677	113.01194	175.255448	31.1963218	6.73364305	0	0	0	0	3
2950	695	0	1.15234375	175.455435	138.68016	113.01194	175.455435	31.1963218	6.73364305	0	0	0	0	3
2955	696	0	1.15429688	175.635589	138.708391	113.01194	175.635589	31.1963218	6.73364305	0	0	0	0	3
2960	697	0	1.15625	175.792218	138.745252	113.01194	175.792218	31.1963218	6.73364305	0	0	0	0	3
2965	698	0	1.15820312	175.92326	138.790494	113.01194	175.92326	31.1963218	6.73364305	0	0	0	0	3
2970	699	0	1.16015625	176.028032	138.843753	113.01194	176.028032	31.1963218	6.73364305	0	0	0	0	3
2975	700	0	1.16210938	176.106976	138.904572	113.01194	176.106976	31.1963218	6.73364305	0	0	0	0	3
2980	701	0	1.1640625	176.162265	138.972428	113.01194	176.162265	31.1963218	6.73364305	0	0	0	0	3
2985	702	0	1.16601562	176.197511	139.046757	113.01194	176.197511	31.1963218	6.73364305	0	0	0	0	3
2990	703	0	1.16796875	176.21716	139.126974	113.01194	176.21716	31.1963218	6.73364305	0	0	0	0	3
2995	704	0	1.16992188	176.226145	139.212515	113.01194	176.226145	31.1963218	6.73364305	0	0	0	0	3
3000	704	0	1.171875	176.229383	139.302855	113.01194	176.229383	31.1963218	6.73364305	0	0	0	0	3
3005	707	0	1.17382812	176.231873	139.397552	113.01194	176.231873	31.1963218	6.73364305	0	0	0	0	3
3010	707	0	1.17578125	176.12603	139.495825	113.01194	176.231873	31.1963218	6.73364305	0	0	0	0	3
3015	708	0	1.17773438	175.993163	139.597314	113.01194	176.231873	31.1963218	6.73364305	0	0	0	0	3
3020	709	0	1.1796875	175.867347	139.701873	113.01194	176.231873	31.1963218	6.73364305	0	0	0	0	3
3025	710	0	1.18164062	175.74829	139.809444	113.01194	176.231873	31.1963218	6.73364305	0	0	0	0	3
3030	711	0	1.18359375	175.630206	139.920027	113.01194	176.231873	31.1963218	6.73364305	0	0	0	0	3
3035	712	0	1.18554688	175.507045	140.033662	113.01194	176.231873	31.1963218	6.73364305	0	0	0	0	3
3040	713	0	1.1875	175.378259	140.150438	113.01194	176.231873	31.1963218	6.73364305	0	0	0	0	3
3045	714	0	1.18945312	175.246538	140.270503	113.01194	176.231873	31.1963218	6.73364305	0	0	0	0	3
3050	715	0	1.19140625	175.119723	140.394046	113.01194	176.231873	31.1963218	6.73364305	0	0	0	0	3
3055	716	0	1.19335938	175.002136	140.521296	113.01194	176.231873	31.1963218	6.73364305	0	0	0	0	3
3060	717	0	1.1953125	174.89258	140.652471	113.01194	176.231873	31.1963218	6.73364305	0	0	0	0	3
3065	717	0	1.19726562	174.786873	140.787741	113.01194	176.231873	31.1963218	6.73364305	0	0	0	0	3
3070	718	0	1.19921875	174.68235	140.927235	113.01194	176.231873	31.1963218	6.73364305	0	0	0	0	3
3075	719	0	1.20117188	174.581977	141.071025	113.01194	176.231873	31.1963218	6.73364305	0	0	0	0	3
3080	720	0	1.203125	174.492364	141.219172	113.01194	176.231873	31.1963218	6.73364305	0	0	0	0	3
3085	721	0	1.20507812	174.418447	141.371688	113.01194	176.231873	31.1963218	6.73364305	0	0	0	0	3
3090	722	0	1.20703125	174.361745	141.528558	113.01194	176.231873	31.1963218	6.73364305	0	0	0	0	3
3095	723	0	1.20898438	174.321537	141.689712	113.01194	176.231873	31.1963218	6.73364305	0	0	0	0	3
3100	724	0	1.2109375	174.293463	141.855052	113.01194	176.231873	31.1963218	6.73364305	0	0	0	0	3
3105	726	0	1.21289062	174.267202	142.024405	113.01194	176.231873	31.1963218	6.73364305	0	0	0	0	3
3110	727	0	1.21484375	174.231725	142.197514	113.01194	176.231873	31.1963218	6.73364305	0	0	0	0	3
3115	727	0	1.21679688	174.179198	142.374072	113.01194	176.231873	31.1963218	6.73364305	0	0	0	0	3
3120	728	0	1.21875	174.104202	142.553725	113.01194	176.231873	31.1963218	6.73364305	0	0	0	0	3
3125	729	0	1.22070312	174.002886	142.73611	113.01194	176.231873	31.1963218	6.73364305	0	0	0	0	3
3130	730	0	1.22265625	173.872507	142.920842	113.01194	176.231873	31.1963218	6.73364305	0	0	0	0	3
3135	731	0	1.22460938	173.710998	143.107529	113.01194	176.231873	31.1963218	6.73364305	0	0	0	0	3
3140	732	0	1.2265625	173.517469	143.295786	113.01194	176.231873	31.1963218	6.73364305	0	0	0	0	3
3145	733	0	1.22851562	173.292493	143.485245	113.01194	176.231873	31.1963218	6.73364305	0	0	0	0	3
3150	734	0	1.23046875	173.038827	143.675578	113.01194	176.231873	31.1963218	6.73364305	0	0	0	0	3
3155	735	0	1.23242188	172.761965	143.866496	113.01194	176.231873	31.1963218	6.73364305	0	0	0	0	3
3160	736	0	1.234375	172.469279	144.057772	113.01194	176.231873	31.1963218	6.73364305	0	0	0	0	3
3165	737	0	1.23632812	172.168609	144.249254	113.01194	176.231873	31.1963218	6.73364305	0	0	0	0	3
3170	737	0	1.23828125	171.867668	144.440843	113.01194	176.231873	31.1963218	6.73364305	0	0	0	0	3
3175	738	0	1.24023438	171.519791	144.632312	113.01194	176.231873	31.1963218	6.73364305	0	0	0	0	3
3180	739	0	1.2421875	171.097668	144.823342	113.01194	176.231873	31.1963218	6.73364305	0	0	0	0	3
3185	740	0	1.24414062	170.691371	145.014001	113.01194	176.231873	31.1963218	6.73364305	0	0	0	0	3
3190	741	0	1.24609375	170.303777	145.204395	113.01194	176.231873	31.1963218	6.73364305	0	0	0	0	3
3195	742	0	1.24804688	169.933735	145.394638	113.01194	176.231873	31.1963218	6.73364305	0	0	0	0	3
3200	743	0	1.25	169.578171	145.584853	113.01194	176.231873	31.1963218	6.73364305	0	0	0	0	3
3205	745	0	1.25195312	169.233761	145.775168	113.01194	176.231873	31.1963218	6.73364305	0	0	0	0	3
3210	746	0	1.25390625	168.899541	145.965716	113.01194	176.231873	31.1963218	6.73364305	0	0	0	0	3
3215	747	0	1.25585938	168.577026	146.156633	113.01194	176.231873	31.1963218	6.73364305	0	0	0	0	3
3220	748	0	1.2578125	168.26906	146.348069	113.01194	176.231873	31.1963218	6.73364305	0	0	0	0	3
3225	749	0	1.25976562	167.973357	146.540156	113.01194	176.231873	31.1963218	6.73364305	0	0	0	0	3
3230	750	0	1.26171875	167.684812	146.732982	113.01194	176.231873	31.1963218	6.73364305	0	0	0	0	3
3235	751	0	1.26367188	167.398742	146.926582	113.01194	176.231873	31.1963218	6.73364305	0	0	0	0	3
3240	752	0	1.265625	167.113176	147.120973	113.01194	176.231873	31.1963218	6.73364305	0	0	0	0	3
3245	753	0	1.26757812	166.830331	147.316145	113.01194	176.231873	31.1963218	6.73364305	0	0	0	0	3
3250	754	0	1.26953125	166.555482	147.512091	113.01194	176.231873	31.1963218	6.73364305	0	0	0	0	3
3255	754	0	1.27148438	166.292141	147.708779	113.01194	176.231873	31.1963218	6.73364305	0	0	0	0	3
3260	755	0	1.2734375	166.040516	147.906155	113.01194	176.231873	31.1963218	6.73364305	0	0	0	0	3
3265	756	0	1.27539062	165.799176	148.104152	113.01194	176.231873	31.1963218	6.73364305	0	0	0	0	3
3270	757	0	1.27734375	165.562792	148.302672	113.01194	176.231873	31.1963218	6.73364305	0	0	0	0	3
3275	758	0	1.27929688	165.323147	148.501574	113.01194	176.231873	31.1963218	6.73364305	0	0	0	0	3
3280	759	0	1.28125	165.072859	148.70068	113.01194	176.231873	31.1963218	6.73364305	0	0	0	0	3
3285	760	0	1.28320312	164.806034	148.899647	113.01194	176.231873	31.1963218	6.73364305	0	0	0	0	3
3290	761	0	1.28515625	164.51915	149.097711	113.01194	176.231873	31.1963218	6.73364305	0	0	0	0	3
3295	762	0	1.28710938	164.211456	149.294654	113.01194	176.231873	31.1963218	6.73364305	0	0	0	0	3
3300	763	0	1.2890625	163.882929	149.490258	113.01194	176.231873	31.1963218	6.73364305	0	0	0	0	3
3305	765	0	1.29101562	163.53239	149.684305	113.01194	176.231873	31.1963218	6.73364305	0	0	0	0	3
3310	766	0	1.29296875	163.159154	149.876564	113.01194	176.231873	31.1963218	6.73364305	0	0	0	0	3
3315	767	0	1.29492188	162.76358	150.0668	113.01194	176.231873	31.1963218	6.73364305	0	0	0	0	3
3320	768	0	1.296875	162.348455	150.254809	113.01194	176.231873	31.1963218	6.73364305	0	0	0	0	3
3325	769	0	1.29882812	161.919	150.44046	113.01194	176.231873	31.1963218	6.73364305	0	0	0	0	3
3330	770	0	1.30078125	161.481696	150.623711	113.01194	176.231873	31.1963218	6.73364305	0	0	0	0	3
3335	770	0	1.30273438	161.043791	150.804619	113.01194	176.231873	31.1963218	6.73364305	0	0	0	0	3
3340	771	0	1.3046875	160.612472	150.983313	113.01194	176.231873	31.1963218	6.73364305	0	0	0	0	3
3345	772	0	1.30664062	160.111745	151.159641	113.01194	176.231873	31.1963218	6.73364305	0	0	0	0	3
3350	773	0	1.30859375	159.626672	151.33381	113.01194	176.231873	31.1963218	6.73364305	0	0	0	0	3
3355	774	0	1.31054688	159.162116	151.506074	113.01194	176.231873	31.1963218	6.73364305	0	0	0	0	3
3360	775	0	1.3125	158.719241	151.676728	113.01194	176.231873	31.1963218	6.73364305	0	0	0	0	3
3365	776	0	1.31445312	158.298824	151.846097	113.01194	176.231873	31.1963218	6.73364305	0	0	0	0	3
3370	777	0	1.31640625	157.897791	152.014503	113.01194	176.231873	31.1963218	6.73364305	0	0	0	0	3
3375	778	0	1.31835938	157.513788	152.182228	113.01194	176.231873	31.1963218	6.73364305	0	0	0	0	3
3380	779	0	1.3203125	157.145106	152.349489	113.01194	176.231873	31.1928187	6.73364305	0	0	0	0	3
3385	780	0	1.32226562	156.791735	152.516411	113.01194	176.231873	31.1824611	6.73364305	0	0	0	0	3
3390	781	0	1.32421875	156.452391	152.683028	113.01194	176.231873	31.1653183	6.73364305	0	0	0	0	3
3395	782	0	1.32617188	156.121786	152.849293	113.01194	176.231873	31.1412553	6.73364305	0	0	0	0	3
3400	783	0	1.328125	155.794423	153.01509	113.01194	176.231873	31.1104029	6.73364305	0	0	0	0	3
3405	785	0	1.33007812	155.466997	153.180255	113.01194	176.231873	31.0729244	6.73364305	0	0	0	0	3
3410	786	0	1.33203125	155.138252	153.344584	113.01194	176.231873	31.0290189	6.73364305	0	0	0	0	3
3415	787	0	1.33398438	154.809466	153.507856	113.014138	176.231873	30.9788838	6.73364305	0	0	0	0	3
3420	788	0	1.3359375	154.483197	153.669845	113.077055	176.231873	30.9227681	6.73364305	0	0	0	0	3
3425	789	0	1.33789062	154.161083	153.830329	113.198156	176.231873	30.8609924	6.73364305	0	0	0	0	3
3430	789	0	1.33984375	153.842685	153.989097	113.371243	176.231873	30.7938761	6.73364305	0	0	0	0	3
3435	790	0	1.34179688	153.526185	154.145952	113.587092	176.231873	30.721729	6.73364305	0	0	0	0	3
3440	791	0	1.34375	153.208475	154.300723	113.834826	176.231873	30.6448456	6.73364305	0	0	0	0	3
3445	792	0	1.34570312	152.88628	154.453268	114.102549	176.231873	30.5634835	6.73364305	0	0	0	0	3
3450	793	0	1.34765625	152.557125	154.603481	114.528498	176.231873	30.4784544	6.73364305	0	0	0	0	3
3455	794	0	1.34960938	152.219693	154.750712	114.988174	176.231873	30.390088	6.73364305	0	0	0	0	3
3460	795	0	1.3515625	151.874489	154.894799	115.433175	176.231873	30.2985007	6.73364305	0	0	0	0	3
3465	796	0	1.35351562	151.522804	155.035774	115.860368	176.231873	30.2037875	6.73364305	0	0	0	0	3
3470	797	0	1.35546875	151.164783	155.173682	116.27306	176.231873	30.1060272	6.73364305	0	0	0	0	3
3475	798	0	1.35742188	150.799581	155.308551	116.67419	176.231873	30.0052622	6.73364305	0	0	0	0	3
3480	799	0	1.359375	150.427052	155.440399	117.059743	176.231873	29.9014798	6.73364305	0	0	0	0	3
3485	800	0	1.36132812	150.048176	155.56926	117.41893	176.231873	29.794595	6.73364305	0	0	0	0	3
3490	801	0	1.36328125	149.66522	155.695222	117.73963	176.231873	29.6844351	6.73364305	0	0	0	0	3
3495	802	0	1.36523438	149.281319	155.818431	118.018387	176.231873	29.5707784	6.73364305	0	0	0	0	3
3500	802	0	1.3671875	148.899825	155.939062	118.263697	176.231873	29.4534244	6.73364305	0	0	0	0	3
3505	805	0	1.36914062	148.524092	156.057267	118.486842	176.231873	29.3321837	6.73364305	0	0	0	0	3
3510	806	0	1.37109375	148.150793	156.173142	118.693417	176.231873	29.2068712	6.73364305	0	0	0	0	3
3515	806	0	1.37304688	147.784437	156.286778	118.880132	176.231873	29.0773057	6.73364305	0	0	0	0	3
3520	807	0	1.375	147.431729	156.398308	119.03959	176.231873	28.9432864	6.73364305	0	0	0	0	3
3525	808	0	1.37695312	147.094312	156.507897	119.169425	176.231873	28.8046013	6.73364305	0	0	0	0	3
3530	809	0	1.37890625	146.772911	156.615723	119.274837	176.231873	28.6610802	6.73364305	0	0	0	0	3
3535	810	0	1.38085938	146.467321	156.721944	119.363713	176.231873	28.5125976	6.73364305	0	0	0	0	3
3540	811	0	1.3828125	146.176462	156.826681	119.449228	176.231873	28.3590791	6.73364305	0	0	0	0	3
3545	812	0	1.38476562	145.898476	156.929998	119.549598	176.231873	28.2005324	6.73364305	0	0	0	0	3
3550	813	0	1.38671875	145.631305	157.03188	119.679426	176.231873	28.0370473	6.73364305	0	0	0	0	3
3555	814	0	1.38867188	145.372443	157.132243	119.847838	176.231873	27.8687622	6.73364305	0	0	0	0	3
3560	815	0	1.390625	145.118982	157.230959	120.05787	176.231873	27.6957972	6.73364305	0	0	0	0	3
3565	816	0	1.39257812	144.868226	157.327874	120.312125	176.231873	27.5183221	6.73364305	0	0	0	0	3
3570	817	0	1.39453125	144.618054	157.422819	120.612026	176.231873	27.3365594	6.73364305	0	0	0	0	3
3575	818	0	1.39648438	144.366901	157.515612	120.957252	176.231873	27.150719	6.73364305	0	0	0	0	3
3580	819	0	1.3984375	144.11372	157.606067	121.347336	176.231873	26.9610249	6.73364305	0	0	0	0	3
3585	820	0	1.40039062	143.85812	157.693999	121.78015	176.231873	26.7677044	6.73364305	0	0	0	0	3
3590	821	0	1.40234375	143.60044	157.779235	122.250428	176.231873	26.5709356	6.73364305	0	0	0	0	3
3595	821	0	1.40429688	143.341169	157.861621	122.749321	176.231873	26.3708768	6.73364305	0	0	0	0	3
3600	822	0	1.40625	143.080826	157.94104	123.264672	176.231873	26.1676524	6.73364305	0	0	0	0	3
3605	824	0	1.40820312	142.82004	158.017429	123.78245	176.231873	25.961309	6.73364305	0	0	0	0	3
3610	825	0	1.41015625	142.559561	158.090777	124.290868	176.231873	25.7518477	6.73364305	0	0	0	0	3
3615	826	0	1.41210938	142.300145	158.161125	124.840011	176.231873	25.53948	6.73364305	0	0	0	0	3
3620	827	0	1.4140625	142.042632	158.228323	125.455996	176.231873	25.3244879	6.73364305	0	0	0	0	3
3625	828	0	1.41601562	141.787942	158.29212	126.044438	176.231873	25.1067907	6.73364305	0	0	0	0	3
3630	829	0	1.41796875	141.537109	158.352638	126.608795	176.231873	24.8863516	6.73364305	0	0	0	0	3
3635	830	0	1.41992188	141.291037	158.409991	127.156001	176.231873	24.6631341	6.73364305	0	0	0	0	3
3640	831	0	1.421875	141.0503	158.464265	127.691568	176.231873	24.4371348	6.73364305	0	0	0	0	3
3645	832	0	1.42382812	140.815122	158.515529	128.216204	176.231873	24.2083544	6.73364305	0	0	0	0	3
3650	833	0	1.42578125	140.585465	158.563847	128.722126	176.231873	23.9767484	6.73364305	0	0	0	0	3
3655	834	0	1.42773438	140.361345	158.609312	129.20119	176.231873	23.7422357	6.73364305	0	0	0	0	3
3660	835	0	1.4296875	140.142675	158.652052	129.655174	176.231873	23.5047574	6.73364305	0	0	0	0	3
3665	835	0	1.43164062	139.929244	158.692185	130.090465	176.231873	23.2642702	6.73364305	0	0	0	0	3
3670	836	0	1.43359375	139.720807	158.729804	130.512866	176.231873	23.0207398	6.73364305	0	0	0	0	3
3675	837	0	1.43554688	139.525894	158.765011	130.922856	176.231873	22.7741541	6.73364305	0	0	0	0	3
3680	838	0	1.4375	139.372593	158.798018	131.316996	176.231873	22.5244919	6.73364305	0	0	0	0	3
3685	839	0	1.43945312	139.223546	158.828903	131.692523	176.231873	22.2717002	6.73364305	0	0	0	0	3
3690	840	0	1.44140625	139.078861	158.857756	132.049801	176.231873	22.0157529	6.73364305	0	0	0	0	3
3695	841	0	1.44335938	138.94043	158.884672	132.38952	176.231873	21.7566336	6.73364305	0	0	0	0	3
3700	842	0	1.4453125	138.81003	158.909752	132.717528	176.231873	21.4943172	6.73364305	0	0	0	0	3
3705	844	0	1.44726562	138.688628	158.933077	133.047754	176.231873	21.2288537	6.73364305	0	0	0	0	3
3710	845	0	1.44921875	138.57543	158.95467	133.395323	176.231873	20.9603509	6.73364305	0	0	0	0	3
3715	846	0	1.45117188	138.467543	158.974483	133.76912	176.231873	20.6889247	6.73364305	0	0	0	0	3
3720	847	0	1.453125	138.361431	158.992422	134.171527	176.231873	20.4147222	6.73364305	0	0	0	0	3
3725	848	0	1.45507812	138.255165	159.008373	134.60353	176.231873	20.3606734	6.73364305	0	0	0	0	3
3730	849	0	1.45703125	138.148538	159.022221	135.066092	176.231873	20.374521	6.73364305	0	0	0	0	3
3735	849	0	1.45898438	138.041605	159.033844	135.558891	176.231873	20.3861441	6.73364305	0	0	0	0	3
3740	850	0	1.4609375	137.933903	159.043121	136.080713	176.231873	20.3954215	6.73364305	0	0	0	0	3
3745	851	0	1.46289062	137.824071	159.049931	136.62934	176.231873	20.4022315	6.73364305	0	0	0	0	3
3750	852	0	1.46484375	137.710046	159.054153	137.200997	176.231873	20.406453	6.73364305	0	0	0	0	3
3755	853	0	1.46679688	137.590044	159.055673	137.590044	176.231873	20.4079727	6.73364305	0	0	0	0	3
3760	854	0	1.46875	137.463487	159.054395	137.463487	176.231873	20.4079727	6.73364305	0	0	0	0	3
3765	855	0	1.47070312	137.331713	159.050254	137.331713	176.231873	20.4079727	6.73364305	0	0	0	0	3
3770	856	0	1.47265625	137.197917	159.043227	137.197917	176.231873	20.4079727	6.73364305	0	0	0	0	3
3775	857	0	1.47460938	137.066317	159.033337	137.066317	176.231873	20.4079727	6.73364305	0	0	0	0	3
3780	858	0	1.4765625	136.940533	159.020645	136.940533	176.231873	20.4079727	6.73364305	0	0	0	0	3
3785	859	0	1.47851562	136.822969	159.005242	136.822969	176.231873	20.4079727	6.73364305	0	0	0	0	3
3790	860	0	1.48046875	136.715324	158.986919	136.715324	176.231873	20.4079727	6.73364305	0	0	0	0	3
3795	861	0	1.48242188	136.618949	158.965807	136.618949	176.231873	20.4079727	6.73364305	0	0	0	0	3
3800	862	0	1.484375	136.534862	158.942055	136.534862	176.231873	20.4079727	6.73364305	0	0	0	0	3
3805	863	0	1.48632812	136.4636	158.915795	136.4636	176.231873	20.4079727	6.73364305	0	0	0	0	3
3810	864	0	1.48828125	136.405208	158.887148	136.405208	176.231873	20.4079727	6.73364305	0	0	0	0	3
3815	865	0	1.49023438	136.35908	158.856213	136.35908	176.231873	20.4079727	6.73364305	0	0	0	0	3
3820	866	0	1.4921875	136.32392	158.823086	136.32392	176.231873	20.4079727	6.73364305	0	0	0	0	3
3825	867	0	1.49414062	136.29783	158.787858	136.29783	176.231873	20.4079727	6.73364305	0	0	0	0	3
3830	868	0	1.49609375	136.278543	158.750602	136.278543	176.231873	20.4079727	6.73364305	0	0	0	0	3
3835	869	0	1.49804688	136.263427	158.711361	136.263427	176.231873	20.4079727	6.73364305	0	0	0	0	3
3840	870	0	1.5	136.249448	158.670151	136.249448	176.231873	20.4079727	6.73364305	0	0	0	0	3
3845	871	0	1.50195312	136.291747	158.627204	136.249448	176.231873	20.4079727	6.73364305	0	0	0	0	3
3850	872	0	1.50390625	136.346062	158.582585	136.249448	176.231873	20.4079727	6.73364305	0	0	0	0	3
3855	873	0	1.50585938	136.395807	158.536306	136.249448	176.231873	20.4079727	6.73364305	0	0	0	0	3
3860	874	0	1.5078125	136.44188	158.488398	136.249448	176.231873	20.4079727	6.73364305	0	0	0	0	3
3865	875	0	1.50976562	136.487652	158.438915	136.249448	176.231873	20.4079727	6.73364305	0	0	0	0	3
3870	876	0	1.51171875	136.536962	158.38792	136.249448	176.231873	20.4079727	6.73364305	0	0	0	0	3
3875	877	0	1.51367188	136.590236	158.335463	136.249448	176.231873	20.4079727	6.73364305	0	0	0	0	3
3880	878	0	1.515625	136.646335	158.281562	136.249448	176.231873	20.4079727	6.73364305	0	0	0	0	3
3885	879	0	1.51757812	136.699522	158.226184	136.249448	176.231873	20.4079727	6.73364305	0	0	0	0	3
3890	880	0	1.51953125	136.747829	158.169261	136.249448	176.231873	20.4079727	6.73364305	0	0	0	0	3
3895	881	0	1.52148438	136.792118	158.110719	136.249448	176.231873	20.4079727	6.73364305	0	0	0	0	3
3900	882	0	1.5234375	136.834307	158.050492	136.249448	176.231873	20.4079727	6.73364305	0	0	0	0	3
3905	883	0	1.52539062	136.875485	157.988521	136.249448	176.231873	20.4079727	6.73364305	0	0	0	0	3
3910	884	0	1.52734375	136.913745	157.924733	136.249448	176.231873	20.4079727	6.73364305	0	0	0	0	3
3915	885	0	1.52929688	136.94562	157.859042	136.249448	176.231873	20.4079727	6.73364305	0	0	0	0	3
3920	886	0	1.53125	136.969005	157.791364	136.249448	176.231873	20.4079727	6.73364305	0	0	0	0	3
3925	887	0	1.53320312	136.984222	157.721632	136.249448	176.231873	20.4079727	6.73364305	0	0	0	0	3
3930	888	0	1.53515625	136.991787	157.649798	136.249448	176.231873	20.4079727	6.73364305	0	0	0	0	3
3935	889	0	1.53710938	136.995518	157.575842	136.249448	176.231873	20.4079727	6.73364305	0	0	0	0	3
3940	890	0	1.5390625	137.001517	157.499778	136.249448	176.231873	20.4079727	6.73364305	0	0	0	0	3
3945	891	0	1.54101562	137.015064	157.421654	136.249448	176.231873	20.4079727	6.73364305	0	0	0	0	3
3950	892	0	1.54296875	137.039327	157.34154	136.249448	176.231873	20.4079727	6.73364305	0	0	0	0	3
3955	893	0	1.54492188	137.075463	157.259508	136.249448	176.231873	20.4079727	6.73364305	0	0	0	0	3
3960	894	0	1.546875	137.12441	157.175652	136.249448	176.231873	20.4079727	6.73364305	0	0	0	0	3
3965	895	0	1.54882812	137.187693	157.090096	136.249448	176.231873	20.4079727	6.73364305	0	0	0	0	3
3970	896	0	1.55078125	137.266355	157.002978	136.249448	176.231873	20.4079727	6.73364305	0	0	0	0	3
3975	897	0	1.55273438	137.360214	156.914437	136.249448	176.231873	20.4079727	6.73364305	0	0	0	0	3
3980	898	0	1.5546875	137.46818	156.8246	136.249448	176.231873	20.4079727	6.73364305	0	0	0	0	3
3985	899	0	1.55664062	137.588335	156.733578	136.249448	176.231873	20.4079727	6.73364305	0	0	0	0	3
3990	900	0	1.55859375	137.718486	156.641459	136.249448	176.231873	20.4079727	6.73364305	0	0	0	0	3
3995	901	0	1.56054688	137.855707	156.54831	136.249448	176.231873	20.4079727	6.73364305	0	0	0	0	3
4000	902	0	1.5625	137.995872	156.454169	136.249448	176.231873	20.4079727	6.73364305	0	0	0	0	3
4005	904	0	1.56445312	138.135086	156.359044	136.249448	176.231873	20.4079727	6.73364305	0	0	0	0	3
4010	905	0	1.56640625	138.298022	156.263032	136.249448	176.231873	20.4079727	6.73364305	0	0	0	0	3
4015	906	0	1.56835938	138.498406	156.166274	136.249448	176.231873	20.4079727	6.73364305	0	0	0	0	3
4020	907	0	1.5703125	138.690236	156.06873	136.249448	176.231873	20.4079727	6.73364305	0	0	0	0	3
4025	908	0	1.57226562	138.873689	155.970357	136.249448	176.231873	20.4079727	6.73364305	0	0	0	0	3
4030	909	0	1.57421875	139.051184	155.871129	136.249448	176.231873	20.4079727	6.73364305	0	0	0	0	3
4035	910	0	1.57617188	139.226434	155.771031	136.249448	176.231873	20.4079727	6.73364305	0	0	0	0	3
4040	911	0	1.578125	139.401887	155.670062	136.249448	176.231873	20.4079727	6.73364305	0	0	0	0	3
4045	912	0	1.58007812	139.577098	155.568214	136.249448	176.231873	20.4079727	6.73364305	0	0	0	0	3
4050	913	0	1.58203125	139.748109	155.46547	136.249448	176.231873	20.4079727	6.73364305	0	0	0	0	3
4055	914	0	1.58398438	139.913518	155.361807	136.249448	176.231873	20.4079727	6.73364305	0	0	0	0	3
4060	915	0	1.5859375	140.073887	155.257211	136.249448	176.231873	20.4079727	6.73364305	0	0	0	0	3
4065	915	0	1.58789062	140.231195	155.151682	136.249448	176.231873	20.4079727	6.73364305	0	0	0	0	3
4070	916	0	1.58984375	140.386613	155.045231	136.249448	176.231873	20.4079727	6.73364305	0	0	0	0	3
4075	917	0	1.59179688	140.538412	154.937869	136.249448	176.231873	20.4079727	6.73364305	0	0	0	0	3
4080	918	0	1.59375	140.683194	154.829598	136.249448	176.231873	20.4079727	6.73364305	0	0	0	0	3
4085	919	0	1.59570312	140.818725	154.720415	136.249448	176.231873	20.4079727	6.73364305	0	0	0	0	3
4090	920	0	1.59765625	140.944923	154.610314	136.249448	176.231873	20.4079727	6.73364305	0	0	0	0	3
4095	921	0	1.59960938	141.061716	154.49929	136.249448	176.231873	20.4079727	6.73364305	0	0	0	0	3
4100	922	0	1.6015625	141.172307	154.387349	136.249448	176.231873	20.4079727	6.73364305	0	0	0	0	3
4105	924	0	1.60351562	141.282915	154.274516	136.249448	176.231873	20.4079727	6.73364305	0	0	0	0	3
4110	925	0	1.60546875	141.398954	154.160834	136.249448	176.231873	20.4079727	6.73364305	0	0	0	0	3
4115	926	0	1.60742188	141.523993	154.046358	136.249448	176.231873	20.4079727	6.73364305	0	0	0	0	3
4120	927	0	1.609375	141.659665	153.931203	136.249448	176.231873	20.4079727	6.73364305	0	0	0	0	3
4125	928	0	1.61132812	141.807166	153.815696	136.249448	176.231873	20.4079727	6.73364305	0	0	0	0	3
4130	929	0	1.61328125	141.968109	153.699911	136.249448	176.231873	20.4079727	6.73364305	0	0	0	0	3
4135	930	0	1.61523438	142.143448	153.583929	136.249448	176.231873	20.4079727	6.73364305	0	0	0	0	3
4140	931	0	1.6171875	142.332694	153.467842	136.249448	176.231873	20.4079727	6.73364305	0	0	0	0	3
4145	932	0	1.61914062	142.534786	153.351757	136.249448	176.231873	20.4079727	6.73364305	0	0	0	0	3
4150	933	0	1.62109375	142.748203	153.235785	136.249448	176.231873	20.4079727	6.73364305	0	0	0	0	3
4155	934	0	1.62304688	142.97044	153.12002	136.249448	176.231873	20.4079727	6.73364305	0	0	0	0	3
4160	935	0	1.625	143.198455	153.004516	136.249448	176.231873	20.4079727	6.73364305	0	0	0	0	3
4165	936	0	1.62695312	143.428619	152.889284	136.249448	176.231873	20.4079727	6.73364305	0	0	0	0	3
4170	937	0	1.62890625	143.657194	152.774311	136.249448	176.231873	20.4079727	6.73364305	0	0	0	0	3
4175	938	0	1.63085938	143.881202	152.659577	136.249448	176.231873	20.4079727	6.73364305	0	0	0	0	3
4180	939	0	1.6328125	144.148323	152.545248	136.249448	176.231873	20.4079727	6.73364305	0	0	0	0	3
4185	940	0	1.63476562	144.407356	152.431273	136.249448	176.231873	20.4079727	6.73364305	0	0	0	0	3
4190	941	0	1.63671875	144.656163	152.317581	136.249448	176.231873	20.4079727	6.73364305	0	0	0	0	3
4195	942	0	1.63867188	144.895167	152.204088	136.249448	176.231873	20.4079727	6.73364305	0	0	0	0	3
4200	943	0	1.640625	145.126692	152.090716	136.249448	176.231873	20.4079727	6.73364305	0	0	0	0	3
4205	945	0	1.64257812	145.353546	151.977396	136.249448	176.231873	20.4079727	6.73364305	0	0	0	0	3
4210	946	0	1.64453125	145.576336	151.864072	136.249448	176.231873	20.4079727	6.73364305	0	0	0	0	3
4215	947	0	1.64648438	145.79371	151.750706	136.249448	176.231873	20.405758	6.73364305	0	0	0	0	3
4220	948	0	1.6484375	146.005751	151.63729	136.249448	176.231873	20.394996	6.73364305	0	0	0	0	3
4225	948	0	1.65039062	146.213392	151.523845	136.249448	176.231873	20.3755128	6.73364305	0	0	0	0	3
4230	949	0	1.65234375	146.418243	151.410418	136.249448	176.231873	20.3472817	6.73364305	0	0	0	0	3
4235	950	0	1.65429688	146.621157	151.29708	136.249448	176.231873	20.3104209	6.73364305	0	0	0	0	3
4240	951	0	1.65625	146.821587	151.183914	136.249448	176.231873	20.2651791	6.73364305	0	0	0	0	3
4245	952	0	1.65820312	147.017859	151.071002	136.249448	176.231873	20.2119198	6.73364305	0	0	0	0	3
4250	953	0	1.66015625	147.208014	150.958424	136.249448	176.231873	20.151101	6.73364305	0	0	0	0	3
4255	954	0	1.66210938	147.390542	150.84625	136.249448	176.231873	20.0832448	6.73364305	0	0	0	0	3
4260	955	0	1.6640625	147.565242	150.734543	136.249448	176.231873	20.0089154	6.73364305	0	0	0	0	3
4265	956	0	1.66601562	147.734646	150.62336	136.249448	176.231873	19.9286987	6.73364305	0	0	0	0	3
4270	957	0	1.66796875	147.902488	150.512756	136.249448	176.231873	19.8431576	6.73364305	0	0	0	0	3
4275	958	0	1.66992188	148.072294	150.40278	136.249448	176.231873	19.7528174	6.73364305	0	0	0	0	3
4280	959	0	1.671875	148.247152	150.293474	136.249448	176.231873	19.6581207	6.73364305	0	0	0	0	3
4285	960	0	1.67382812	148.428955	150.184869	136.249448	176.12603	19.5598474	6.73364305	0	0	0	0	3
4290	961	0	1.67578125	148.618483	150.077418	136.249448	175.993163	19.4583582	6.73364305	0	0	0	0	3
4295	962	0	1.67773438	148.816267	149.971258	136.249448	175.867347	19.3538001	6.73364305	0	0	0	0	3
4300	963	0	1.6796875	149.02266	149.866396	136.249448	175.74829	19.2462289	6.73364305	0	0	0	0	3
4305	965	0	1.68164062	149.237737	149.762839	136.249448	175.630206	19.1356461	6.73364305	0	0	0	0	3
4310	966	0	1.68359375	149.461012	149.660616	136.249448	175.507045	19.0220111	6.73364305	0	0	0	0	3
4315	967	0	1.68554688	149.691557	149.559774	136.249448	175.378259	18.9052346	6.73364305	0	0	0	0	3
4320	968	0	1.6875	149.927915	149.460359	136.249448	175.246538	18.7851696	6.73364305	0	0	0	0	3
4325	969	0	1.68945312	150.167934	149.362395	136.249448	175.119723	18.6616271	6.73364305	0	0	0	0	3
4330	970	0	1.69140625	150.40907	149.265869	136.249448	175.002136	18.5343764	6.73364305	0	0	0	0	3
4335	971	0	1.69335938	150.648808	149.170739	136.249448	174.89258	18.4032021	6.73364305	0	0	0	0	3
4340	972	0	1.6953125	150.884921	149.076959	136.249448	174.786873	18.2679322	6.73364305	0	0	0	0	3
4345	973	0	1.69726562	151.124558	148.984528	136.249448	174.68235	18.1284373	6.73364305	0	0	0	0	3
4350	974	0	1.69921875	151.363188	148.893438	136.249448	174.581977	17.984648	6.73364305	0	0	0	0	3
4355	975	0	1.70117188	151.592563	148.803636	136.249448	174.492364	17.8365005	6.73364305	0	0	0	0	3
4360	976	0	1.703125	151.811855	148.71504	136.249448	174.418447	17.6839848	6.73364305	0	0	0	0	3
4365	977	0	1.70507812	152.021732	148.627553	136.249448	174.361745	17.5271148	6.73364305	0	0	0	0	3
4370	978	0	1.70703125	152.223112	148.541074	136.249448	174.321537	17.3659605	6.73364305	0	0	0	0	3
4375	979	0	1.70898438	152.416784	148.455508	136.249448	174.293463	17.2006207	6.73364305	0	0	0	0	3
4380	980	0	1.7109375	152.603745	148.370783	136.249448	174.267202	17.0312681	6.73364305	0	0	0	0	3
4385	981	0	1.71289062	152.78517	148.286868	136.249448	174.231725	16.8581588	6.73364305	0	0	0	0	3
4390	982	0	1.71484375	152.962466	148.203785	136.249448	174.179198	16.6816002	6.73364305	0	0	0	0	3
4395	983	0	1.71679688	153.137085	148.12159	136.249448	174.104202	16.5019474	6.73364305	0	0	0	0	3
4400	984	0	1.71875	153.310375	148.040364	136.249448	174.002886	16.3195625	6.73364305	0	0	0	0	3
4405	986	0	1.72070312	153.483003	147.960208	136.249448	173.872507	16.1348311	6.73364305	0	0	0	0	3
4410	987	0	1.72265625	153.655149	147.881234	136.249448	173.710998	15.9481439	6.73364305	0	0	0	0	3
4415	988	0	1.72460938	153.826707	147.803561	136.249448	173.517469	15.7598867	6.73364305	0	0	0	0	3
4420	989	0	1.7265625	153.997435	147.727311	136.249448	173.292493	15.5704274	6.73364305	0	0	0	0	3
4425	990	0	1.72851562	154.167172	147.652603	136.249448	173.038827	15.3800944	6.73364305	0	0	0	0	3
4430	991	0	1.73046875	154.335964	147.579544	136.249448	172.761965	15.1891766	6.73364305	0	0	0	0	3
4435	992	0	1.73242188	154.504064	147.508225	136.249448	172.469279	14.9979003	6.73364305	0	0	0	0	3
4440	992	0	1.734375	154.672116	147.438704	136.249448	172.168609	14.8064189	6.73364305	0	0	0	0	3
4445	993	0	1.73632812	154.840771	147.371018	136.249448	171.867668	14.6148295	6.73364305	0	0	0	0	3
4450	994	0	1.73828125	155.010405	147.305169	136.249448	171.519791	14.4233609	6.73364305	0	0	0	0	3
4455	995	0	1.74023438	155.18099	147.241345	136.249448	171.097668	14.2323306	6.73364305	0	0	0	0	3
4460	996	0	1.7421875	155.352188	147.17984	136.249448	170.691371	14.0416718	6.73364305	0	0	0	0	3
4465	997	0	1.74414062	155.523718	147.120591	136.249448	170.303777	13.8512777	6.73364305	0	0	0	0	3
4470	998	0	1.74609375	155.695327	147.063527	136.249448	169.933735	13.661035	6.73364305	0	0	0	0	3
4475	999	0	1.74804688	155.866749	147.008578	136.249448	169.578171	13.4708202	6.73364305	0	0	0	0	3
4480	1000	0	1.75	156.037769	146.955685	136.249448	169.233761	13.2805045	6.73364305	0	0	0	0	3
4485	1001	0	1.75195312	156.208089	146.904804	136.249448	168.899541	13.0899565	6.73364305	0	0	0	0	3
4490	1002	0	1.75390625	156.37737	146.855889	136.249448	168.577026	12.8990401	6.73364305	0	0	0	0	3
4495	1003	0	1.75585938	156.545166	146.80889	136.249448	168.26906	12.7076041	6.73364305	0	0	0	0	3
4500	1004	0	1.7578125	156.711112	146.763741	136.249448	167.973357	12.5155164	6.73364305	0	0	0	0	3
4505	1007	0	1.75976562	156.87465	146.720387	136.249448	167.684812	12.3352856	6.73364305	0	0	0	0	3
4510	1008	0	1.76171875	157.031136	146.678771	136.249448	167.398742	12.3769016	6.73364305	0	0	0	0	3
4515	1009	0	1.76367188	157.166835	146.638803	136.249448	167.113176	12.4168699	6.73364305	0	0	0	0	3
4520	1010	0	1.765625	157.297826	146.600462	136.249448	166.830331	12.4552112	6.73364305	0	0	0	0	3
4525	1011	0	1.76757812	157.423975	146.563718	136.249448	166.555482	12.4919547	6.73364305	0	0	0	0	3
4530	1012	0	1.76953125	157.544	146.528517	136.249448	166.292141	12.5271558	6.73364305	0	0	0	0	3
4535	1013	0	1.77148438	157.656493	146.494784	136.249448	166.040516	12.5608888	6.73364305	0	0	0	0	3
4540	1014	0	1.7734375	157.761164	146.462443	136.249448	165.799176	12.5932301	6.73364305	0	0	0	0	3
4545	1015	0	1.77539062	157.858969	146.431426	136.249448	165.562792	12.6242465	6.73364305	0	0	0	0	3
4550	1016	0	1.77734375	157.95171	146.401695	136.249448	165.323147	12.6539773	6.73364305	0	0	0	0	3
4555	1017	0	1.77929688	158.041756	146.373252	136.249448	165.072859	12.6824202	6.73364305	0	0	0	0	3
4560	1018	0	1.78125	158.130731	146.346135	136.249448	164.806034	12.7095379	6.73364305	0	0	0	0	3
4565	1019	0	1.78320312	158.218986	146.320404	136.249448	164.51915	12.7352686	6.73364305	0	0	0	0	3
4570	1020	0	1.78515625	158.307225	146.296139	136.249448	164.211456	12.7595339	6.73364305	0	0	0	0	3
4575	1021	0	1.78710938	158.396584	146.273424	136.249448	163.882929	12.7822482	6.73364305	0	0	0	0	3
4580	1022	0	1.7890625	158.488329	146.252352	136.249448	163.53239	12.8033209	6.73364305	0	0	0	0	3
4585	1023	0	1.79101562	158.583489	146.23302	136.249448	163.159154	12.8226525	6.73364305	0	0	0	0	3
4590	1024	0	1.79296875	158.682814	146.215534	136.249448	162.76358	12.8401382	6.73364305	0	0	0	0	3
4595	1025	0	1.79492188	158.786461	146.199999	136.249448	162.348455	12.8556739	6.73364305	0	0	0	0	3
4600	1026	0	1.796875	158.893491	146.186503	136.249448	161.919	12.8691698	6.73364305	0	0	0	0	3
4605	1029	0	1.79882812	159.001979	146.175108	136.249448	161.481696	12.8805644	6.73364305	0	0	0	0	3
4610	1030	0	1.80078125	159.109536	146.165842	136.249448	161.043791	12.8898307	6.73364305	0	0	0	0	3
4615	1031	0	1.80273438	159.213995	146.158694	136.249448	160.612472	12.8969783	6.73364305	0	0	0	0	3
4620	1032	0	1.8046875	159.313632	146.153621	136.249448	160.111745	12.9020519	6.73364305	0	0	0	0	3
4625	1033	0	1.80664062	159.407122	146.150868	136.249448	159.626672	12.9048043	6.73364305	0	0	0	0	3
4630	1034	0	1.80859375	159.493628	146.150349	136.249448	159.493628	12.905324	6.73364305	0	0	0	0	3
4635	1035	0	1.81054688	159.57273	146.151953	136.249448	159.57273	12.905324	6.73364305	0	0	0	0	3
4640	1036	0	1.8125	159.644296	146.155566	136.249448	159.644296	12.905324	6.73364305	0	0	0	0	3
4645	1037	0	1.81445312	159.708455	146.161072	136.249448	159.708455	12.905324	6.73364305	0	0	0	0	3
4650	1038	0	1.81640625	159.765597	146.168369	136.249448	159.765597	12.905324	6.73364305	0	0	0	0	3
4655	1039	0	1.81835938	159.816483	146.177364	136.249448	159.816483	12.905324	6.73364305	0	0	0	0	3
4660	1040	0	1.8203125	159.862343	146.187978	136.249448	159.862343	12.905324	6.73364305	0	0	0	0	3
4665	1041	0	1.82226562	159.904465	146.200137	136.249448	159.904465	12.905324	6.73364305	0	0	0	0	3
4670	1042	0	1.82421875	159.944146	146.213776	136.249448	159.944146	12.905324	6.73364305	0	0	0	0	3
4675	1043	0	1.82617188	159.982758	146.228858	136.249448	159.982758	12.905324	6.73364305	0	0	0	0	3
4680	1044	0	1.828125	159.985045	146.245228	136.249448	159.985045	12.905324	6.73364305	0	0	0	0	3
4685	1045	0	1.83007812	159.977925	146.262849	136.249448	159.985045	12.905324	6.73364305	0	0	0	0	3
4690	1046	0	1.83203125	159.972113	146.281731	136.249448	159.985045	12.905324	6.73364305	0	0	0	0	3
4695	1047	0	1.83398438	159.966999	146.301878	136.249448	159.985045	12.905324	6.73364305	0	0	0	0	3
4700	1048	0	1.8359375	159.960405	146.323273	136.249448	159.985045	12.905324	6.73364305	0	0	0	0	3
4705	1050	0	1.83789062	159.950072	146.345886	136.249448	159.985045	12.905324	6.73364305	0	0	0	0	3
4710	1051	0	1.83984375	159.935404	146.369686	136.249448	159.985045	12.905324	6.73364305	0	0	0	0	3
4715	1052	0	1.84179688	159.916895	146.39465	136.249448	159.985045	12.905324	6.73364305	0	0	0	0	3
4720	1053	0	1.84375	159.897472	146.420779	136.249448	159.985045	12.905324	6.73364305	0	0	0	0	3
4725	1054	0	1.84570312	159.880083	146.448098	136.249448	159.985045	12.905324	6.73364305	0	0	0	0	3
4730	1055	0	1.84765625	159.864839	146.476644	136.249448	159.985045	12.905324	6.73364305	0	0	0	0	3
4735	1056	0	1.84960938	159.850728	146.506453	136.249448	159.985045	12.905324	6.73364305	0	0	0	0	3
4740	1057	0	1.8515625	159.837374	146.537558	136.249448	159.985045	12.905324	6.73364305	0	0	0	0	3
4745	1058	0	1.85351562	159.826226	146.569993	136.249448	159.985045	12.905324	6.73364305	0	0	0	0	3
4750	1059	0	1.85546875	159.819567	146.603801	136.249448	159.985045	12.905324	6.73364305	0	0	0	0	3
4755	1060	0	1.85742188	159.818783	146.639032	136.249448	159.985045	12.905324	6.73364305	0	0	0	0	3
4760	1061	0	1.859375	159.82443	146.67574	136.249448	159.985045	12.905324	6.73364305	0	0	0	0	3
4765	1062	0	1.86132812	159.836285	146.713975	136.249448	159.985045	12.905324	6.73364305	0	0	0	0	3
4770	1063	0	1.86328125	159.852647	146.75377	136.249448	159.985045	12.905324	6.73364305	0	0	0	0	3
4775	1064	0	1.86523438	159.869579	146.79513	136.249448	159.985045	12.905324	6.73364305	0	0	0	0	3
4780	1065	0	1.8671875	159.883096	146.838034	136.249448	159.985045	12.905324	6.73364305	0	0	0	0	3
4785	1066	0	1.86914062	159.890085	146.882432	136.249448	159.985045	12.905324	6.73364305	0	0	0	0	3
4790	1067	0	1.87109375	159.888216	146.928281	136.249448	159.985045	12.905324	6.73364305	0	0	0	0	3
4795	1068	0	1.87304688	159.876097	146.975514	136.249448	159.985045	12.905324	6.73364305	0	0	0	0	3
4800	1069	0	1.875	159.853072	147.024035	136.249448	159.985045	12.905324	6.73364305	0	0	0	0	3
4805	1071	0	1.87695312	159.819033	147.073741	136.249448	159.985045	12.905324	6.73364305	0	0	0	0	3
4810	1072	0	1.87890625	159.774104	147.124527	136.249448	159.985045	12.905324	6.73364305	0	0	0	0	3
4815	1072	0	1.88085938	159.718745	147.17629	136.249448	159.985045	12.905324	6.73364305	0	0	0	0	3
4820	1073	0	1.8828125	159.654024	147.228937	136.249448	159.985045	12.905324	6.73364305	0	0	0	0	3
4825	1074	0	1.88476562	159.581821	147.282388	136.249448	159.985045	12.905324	6.73364305	0	0	0	0	3
4830	1075	0	1.88671875	159.504707	147.336581	136.249448	159.985045	12.905324	6.73364305	0	0	0	0	3
4835	1076	0	1.88867188	159.42514	147.391474	136.249448	159.985045	12.905324	6.73364305	0	0	0	0	3
4840	1077	0	1.890625	159.34548	147.447046	136.249448	159.985045	12.905324	6.73364305	0	0	0	0	3
4845	1078	0	1.89257812	159.247976	147.503217	136.249448	159.985045	12.905324	6.73364305	0	0	0	0	3
4850	1079	0	1.89453125	159.122622	147.559876	136.249448	159.985045	12.905324	6.73364305	0	0	0	0	3
4855	1080	0	1.89648438	159.002773	147.617047	136.249448	159.985045	12.905324	6.73364305	0	0	0	0	3
4860	1081	0	1.8984375	158.888755	147.674762	136.249448	159.985045	12.905324	6.73364305	0	0	0	0	3
4865	1082	0	1.90039062	158.779102	147.733047	136.249448	159.985045	12.905324	6.73364305	0	0	0	0	3
4870	1083	0	1.90234375	158.671797	147.79192	136.249448	159.985045	12.905324	6.73364305	0	0	0	0	3
4875	1084	0	1.90429688	158.565189	147.851388	136.249448	159.985045	12.905324	6.73364305	0	0	0	0	3
4880	1085	0	1.90625	158.458908	147.911459	136.249448	159.985045	12.905324	6.73364305	0	0	0	0	3
4885	1086	0	1.90820312	158.353931	147.972138	136.249448	159.985045	12.905324	6.73364305	0	0	0	0	3
4890	1087	0	1.91015625	158.252219	148.033438	136.249448	159.985045	12.905324	6.73364305	0	0	0	0	3
4895	1088	0	1.91210938	158.154182	148.095368	136.249448	159.985045	12.905324	6.73364305	0	0	0	0	3
4900	1089	0	1.9140625	158.058747	148.157931	136.249448	159.985045	12.905324	6.73364305	0	0	0	0	3
4905	1092	0	1.91601562	157.964234	148.221119	136.249448	159.985045	12.905324	6.73364305	0	0	0	0	3
4910	1093	0	1.91796875	157.870879	148.284923	136.249448	159.985045	12.905324	6.73364305	0	0	0	0	3
4915	1094	0	1.91992188	157.780478	148.349335	136.249448	159.985045	12.905324	6.73364305	0	0	0	0	3
4920	1095	0	1.921875	157.695126	148.414354	136.249448	159.985045	12.905324	6.73364305	0	0	0	0	3
4925	1096	0	1.92382812	157.616114	148.479983	136.249448	159.985045	12.905324	6.73364305	0	0	0	0	3
4930	1097	0	1.92578125	157.543258	148.546224	136.249448	159.985045	12.905324	6.73364305	0	0	0	0	3
4935	1098	0	1.92773438	157.475313	148.613075	136.249448	159.985045	12.905324	6.73364305	0	0	0	0	3
4940	1099	0	1.9296875	157.409241	148.680523	136.249448	159.985045	12.905324	6.73364305	0	0	0	0	3
4945	1100	0	1.93164062	157.341379	148.748539	136.249448	159.985045	12.905324	6.73364305	0	0	0	0	3
4950	1101	0	1.93359375	157.268771	148.817086	136.249448	159.985045	12.905324	6.73364305	0	0	0	0	3
4955	1102	0	1.93554688	157.189	148.886082	136.249448	159.985045	12.905324	6.73364305	0	0	0	0	3
4960	1103	0	1.9375	157.100287	148.955331	136.249448	159.985045	12.905324	6.73364305	0	0	0	0	3
4965	1104	0	1.93945312	157.00174	149.024777	136.249448	159.985045	12.905324	6.73364305	0	0	0	0	3
4970	1105	0	1.94140625	156.893134	149.094364	136.249448	159.985045	12.905324	6.73364305	0	0	0	0	3
4975	1106	0	1.94335938	156.774435	149.164028	136.249448	159.985045	12.905324	6.73364305	0	0	0	0	3
4980	1107	0	1.9453125	156.645963	149.2337	136.249448	159.985045	12.905324	6.73364305	0	0	0	0	3
4985	1108	0	1.94726562	156.508603	149.303309	136.249448	159.985045	12.905324	6.73364305	0	0	0	0	3
4990	1109	0	1.94921875	156.364071	149.372796	136.249448	159.985045	12.905324	6.73364305	0	0	0	0	3
4995	1110	0	1.95117188	156.214762	149.442121	136.249448	159.985045	12.905324	6.73364305	0	0	0	0	3
5000	1111	0	1.953125	156.063214	149.511269	136.249448	159.985045	12.905324	6.73364305	0	0	0	0	3
5005	1113	0	1.95507812	155.911956	149.580241	136.249448	159.985045	12.905324	6.73364305	0	0	0	0	3
5010	1114	0	1.95703125	155.763688	149.64905	136.249448	159.985045	12.905324	6.73364305	0	0	0	0	3
5015	1115	0	1.95898438	155.584054	149.717575	136.249448	159.985045	12.905324	6.73364305	0	0	0	0	3
5020	1116	0	1.9609375	155.411082	149.785845	136.249448	159.985045	12.905324	6.73364305	0	0	0	0	3
5025	1117	0	1.96289062	155.24614	149.8539	136.249448	159.985045	12.905324	6.73364305	0	0	0	0	3
5030	1118	0	1.96484375	155.088704	149.921786	136.249448	159.985045	12.905324	6.73364305	0	0	0	0	3
5035	1119	0	1.96679688	154.937813	149.98955	136.249448	159.985045	12.9040463	6.73364305	0	0	0	0	3
5040	1120	0	1.96875	154.791656	150.057238	136.249448	159.985045	12.8999051	6.73364305	0	0	0	0	3
5045	1121	0	1.97070312	154.649472	150.124886	136.249448	159.985045	12.8928781	6.73364305	0	0	0	0	3
5050	1122	0	1.97265625	154.511105	150.192516	136.249448	159.985045	12.8829883	6.73364305	0	0	0	0	3
5055	1123	0	1.97460938	154.377073	150.260136	136.249448	159.985045	12.8702959	6.73364305	0	0	0	0	3
5060	1124	0	1.9765625	154.247284	150.32774	136.249448	159.985045	12.8548938	6.73364305	0	0	0	0	3
5065	1125	0	1.97851562	154.120498	150.395309	136.249448	159.985045	12.8365707	6.73364305	0	0	0	0	3
5070	1126	0	1.98046875	153.994917	150.462807	136.249448	159.985045	12.8154584	6.73364305	0	0	0	0	3
5075	1127	0	1.98242188	153.869441	150.530192	136.249448	159.985045	12.7917058	6.73364305	0	0	0	0	3
5080	1128	0	1.984375	153.744716	150.597418	136.249448	159.985045	12.7654468	6.73364305	0	0	0	0	3
5085	1129	0	1.98632812	153.622271	150.664444	136.249448	159.985045	12.736799	6.73364305	0	0	0	0	3
5090	1130	0	1.98828125	153.502865	150.731232	136.249448	159.985045	12.7058647	6.73364305	0	0	0	0	3
5095	1131	0	1.99023438	153.386587	150.797745	136.249448	159.985045	12.6727375	6.73364305	0	0	0	0	3
5100	1132	0	1.9921875	153.273488	150.863955	136.249448	159.985045	12.6375098	6.73364305	0	0	0	0	3
5105	1134	0	1.99414062	153.162453	150.929832	136.249448	159.985045	12.6002538	6.73364305	0	0	0	0	3
5110	1135	0	1.99609375	153.051282	150.995351	136.249448	159.985045	12.5610122	6.73364305	0	0	0	0	3
5115	1136	0	1.99804688	152.937678	151.060484	136.249448	159.985045	12.5198022	6.73364305	0	0	0	0	3
5120	1137	0	2	152.820185	151.125214	136.291747	159.985045	12.4768551	6.73364305	0	0	0	0	3
5125	1138	0	2.00195312	152.698168	151.189301	136.346062	159.985045	12.4322362	6.73364305	0	0	0	0	3
5130	1139	0	2.00390625	152.571355	151.252681	136.395807	159.985045	12.3859574	6.73364305	0	0	0	0	3
5135	1140	0	2.00585938	152.439452	151.315352	136.44188	159.985045	12.3380494	6.73364305	0	0	0	0	3
5140	1141	0	2.0078125	152.302128	151.377306	136.487652	159.985045	12.2885659	6.73364305	0	0	0	0	3
5145	1142	0	2.00976562	152.159514	151.438524	136.536962	159.985045	12.2375714	6.73364305	0	0	0	0	3
5150	1143	0	2.01171875	152.012238	151.498974	136.590236	159.985045	12.1851139	6.73364305	0	0	0	0	3
5155	1144	0	2.01367188	151.861393	151.558627	136.646335	159.985045	12.131213	6.73364305	0	0	0	0	3
5160	1145	0	2.015625	151.708178	151.617463	136.699522	159.985045	12.0758351	6.73364305	0	0	0	0	3
5165	1146	0	2.01757812	151.554156	151.675489	136.747829	159.985045	12.018912	6.73364305	0	0	0	0	3
5170	1147	0	2.01953125	151.401039	151.732728	136.792118	159.985045	11.9603701	6.73364305	0	0	0	0	3
5175	1148	0	2.02148438	151.250731	151.789207	136.834307	159.985045	11.9001438	6.73364305	0	0	0	0	3
5180	1149	0	2.0234375	151.09761	151.844923	136.875485	159.985045	11.8381723	6.73364305	0	0	0	0	3
5185	1150	0	2.02539062	150.9448	151.899881	136.913745	159.985045	11.7743839	6.73364305	0	0	0	0	3
5190	1151	0	2.02734375	150.798218	151.954117	136.94562	159.985045	11.7086931	6.73364305	0	0	0	0	3
5195	1152	0	2.02929688	150.658168	152.007682	136.969005	159.985045	11.6410152	6.73364305	0	0	0	0	3
5200	1153	0	2.03125	150.524332	152.060632	136.984222	159.985045	11.5712837	6.73364305	0	0	0	0	3
5205	1156	0	2.03320312	150.396154	152.113023	136.991787	159.985045	11.4994497	6.73364305	0	0	0	0	3
5210	1157	0	2.03515625	150.272875	152.164902	136.995518	159.985045	11.4254931	6.73364305	0	0	0	0	3
5215	1158	0	2.03710938	150.154094	152.216303	137.001517	159.985045	11.3494294	6.73364305	0	0	0	0	3
5220	1159	0	2.0390625	150.039429	152.267232	137.015064	159.985045	11.2713055	6.73364305	0	0	0	0	3
5225	1160	0	2.04101562	149.92814	152.317674	137.039327	159.985045	11.1911912	6.73364305	0	0	0	0	3
5230	1161	0	2.04296875	149.819077	152.367595	137.075463	159.985045	11.1091591	6.73364305	0	0	0	0	3
5235	1162	0	2.04492188	149.711103	152.416953	137.12441	159.985045	11.0253032	6.73364305	0	0	0	0	3
5240	1163	0	2.046875	149.603396	152.465699	137.187693	159.985045	10.9397475	6.73364305	0	0	0	0	3
5245	1164	0	2.04882812	149.495668	152.513777	137.266355	159.985045	10.8526298	6.73364305	0	0	0	0	3
5250	1165	0	2.05078125	149.38807	152.561127	137.360214	159.985045	10.7640883	6.73364305	0	0	0	0	3
5255	1166	0	2.05273438	149.280881	152.607692	137.46818	159.985045	10.6742513	6.73364305	0	0	0	0	3
5260	1167	0	2.0546875	149.174236	152.653419	137.588335	159.985045	10.5832289	6.73364305	0	0	0	0	3
5265	1168	0	2.05664062	149.068277	152.698263	137.718486	159.985045	10.4911107	6.73364305	0	0	0	0	3
5270	1169	0	2.05859375	148.963026	152.742186	137.855707	159.985045	10.3979618	6.73364305	0	0	0	0	3
5275	1170	0	2.06054688	148.858164	152.785165	137.995872	159.985045	10.3038199	6.73364305	0	0	0	0	3
5280	1171	0	2.0625	148.753277	152.827186	138.135086	159.985045	10.208695	6.73364305	0	0	0	0	3
5285	1172	0	2.06445312	148.648064	152.868252	138.298022	159.985045	10.1126832	6.73364305	0	0	0	0	3
5290	1173	0	2.06640625	148.542534	152.90827	138.498406	159.985045	10.0159258	6.73364305	0	0	0	0	3
5295	1174	0	2.06835938	148.436822	152.947092	138.690236	159.985045	9.91838106	6.73364305	0	0	0	0	3
5300	1175	0	2.0703125	148.330935	152.984751	138.873689	159.985045	9.82000871	6.73364305	0	0	0	0	3
5305	1177	0	2.07226562	148.224902	153.021279	139.051184	159.985045	9.72078023	6.73364305	0	0	0	0	3
5310	1178	0	2.07421875	148.118908	153.0567	139.226434	159.985045	9.62068282	6.73364305	0	0	0	0	3
5315	1179	0	2.07617188	148.013276	153.091023	139.401887	159.985045	9.51971298	6.73364305	0	0	0	0	3
5320	1180	0	2.078125	147.908271	153.124251	139.577098	159.985045	9.41786539	6.73364305	0	0	0	0	3
5325	1181	0	2.08007812	147.804074	153.156388	139.748109	159.985045	9.31512086	6.73364305	0	0	0	0	3
5330	1182	0	2.08203125	147.700947	153.187454	139.913518	159.985045	9.21145787	6.73364305	0	0	0	0	3
5335	1184	0	2.08398438	147.599394	153.217477	140.073887	159.985045	9.10686199	6.73364305	0	0	0	0	3
5340	1185	0	2.0859375	147.49996	153.246485	140.231195	159.985045	9.00133299	6.73364305	0	0	0	0	3
5345	1186	0	2.08789062	147.405073	153.274508	140.386613	159.985045	8.89488208	6.73364305	0	0	0	0	3
5350	1187	0	2.08984375	147.321777	153.301598	140.538412	159.985045	8.78752023	6.73364305	0	0	0	0	3
5355	1188	0	2.09179688	147.241117	153.327781	140.683194	159.985045	8.67924967	6.73364305	0	0	0	0	3
5360	1189	0	2.09375	147.163294	153.353094	140.818725	159.985045	8.57006616	6.73364305	0	0	0	0	3
5365	1190	0	2.09570312	147.089344	153.377588	140.944923	159.985045	8.45996525	6.73364305	0	0	0	0	3
5370	1191	0	2.09765625	147.01995	153.401319	141.061716	159.985045	8.34894141	6.73364305	0	0	0	0	3
5375	1192	0	2.09960938	146.95506	153.42434	141.172307	159.985045	8.23699988	6.73364305	0	0	0	0	3
5380	1193	0	2.1015625	146.894115	153.446691	141.282915	159.985045	8.12416703	6.73364305	0	0	0	0	3
5385	1194	0	2.10351562	146.836114	153.468383	141.398954	159.985045	8.01048582	6.73364305	0	0	0	0	3
5390	1195	0	2.10546875	146.779913	153.489402	141.523993	159.985045	7.89600901	6.73364305	0	0	0	0	3
5395	1196	0	2.10742188	146.724612	153.509717	141.659665	159.985045	7.78085483	6.73364305	0	0	0	0	3
5400	1197	0	2.109375	146.669675	153.529287	141.807166	159.985045	7.66534692	6.73364305	0	0	0	0	3
5405	1199	0	2.11132812	146.614837	153.548067	141.968109	159.985045	7.54956248	6.73364305	0	0	0	0	3
5410	1200	0	2.11328125	146.559957	153.566004	142.143448	159.985045	7.43358084	6.73364305	0	0	0	0	3
5415	1201	0	2.11523438	146.504405	153.583039	142.332694	159.985045	7.43269058	6.73364305	0	0	0	0	3
5420	1202	0	2.1171875	146.447198	153.599112	142.534786	159.985045	7.44876286	6.73364305	0	0	0	0	3
5425	1203	0	2.11914062	146.387679	153.614162	142.748203	159.985045	7.46381322	6.73364305	0	0	0	0	3
5430	1204	0	2.12109375	146.326045	153.628138	142.97044	159.985045	7.47778917	6.73364305	0	0	0	0	3
5435	1205	0	2.12304688	146.263122	153.641	143.198455	159.985045	7.49065121	6.73364305	0	0	0	0	3
5440	1206	0	2.125	146.199779	153.652724	143.428619	159.985045	7.50237513	6.73364305	0	0	0	0	3
5445	1207	0	2.12695312	146.137025	153.663303	143.657194	159.985045	7.51295484	6.73364305	0	0	0	0	3
5450	1208	0	2.12890625	146.07598	153.672752	143.881202	159.985045	7.52240322	6.73364305	0	0	0	0	3
5455	1209	0	2.13085938	146.017784	153.681098	144.148323	159.985045	7.53074924	6.73364305	0	0	0	0	3
5460	1210	0	2.1328125	145.963198	153.688187	144.407356	159.985045	7.5378386	6.73364305	0	0	0	0	3
5465	1211	0	2.13476562	145.912492	153.694067	144.656163	159.985045	7.54371804	6.73364305	0	0	0	0	3
5470	1212	0	2.13671875	145.865788	153.698792	144.895167	159.985045	7.54844314	6.73364305	0	0	0	0	3
5475	1213	0	2.13867188	145.823194	153.702417	145.126692	159.985045	7.55206824	6.73364305	0	0	0	0	3
5480	1214	0	2.140625	145.784769	153.704988	145.353546	159.985045	7.55463885	6.73364305	0	0	0	0	3
5485	1215	0	2.14257812	145.750154	153.706537	145.576336	159.985045	7.5561881	6.73364305	0	0	0	0	3
5490	1216	0	2.14453125	145.718695	153.707093	145.718695	159.985045	7.55674419	6.73364305	0	0	0	0	3
5495	1217	0	2.14648438	145.689745	153.706687	145.689745	159.985045	7.55674419	6.73364305	0	0	0	0	3
5500	1218	0	2.1484375	145.662733	153.705347	145.662733	159.985045	7.55674419	6.73364305	0	0	0	0	3
5505	1220	0	2.15039062	145.637092	153.703096	145.637092	159.985045	7.55674419	6.73364305	0	0	0	0	3
5510	1222	0	2.15234375	145.612067	153.699947	145.612067	159.985045	7.55674419	6.73364305	0	0	0	0	3
5515	1223	0	2.15429688	145.607242	153.695986	145.607242	159.985045	7.55674419	6.73364305	0	0	0	0	3
5520	1224	0	2.15625	145.607567	153.691244	145.607242	159.985045	7.55674419	6.73364305	0	0	0	0	3
5525	1225	0	2.15820312	145.607103	153.685733	145.607103	159.985045	7.55674419	6.73364305	0	0	0	0	3
5530	1226	0	2.16015625	145.606706	153.679478	145.606706	159.985045	7.55674419	6.73364305	0	0	0	0	3
5535	1227	0	2.16210938	145.607575	153.672513	145.606706	159.985045	7.55674419	6.73364305	0	0	0	0	3
5540	1228	0	2.1640625	145.610977	153.664879	145.606706	159.985045	7.55674419	6.73364305	0	0	0	0	3
5545	1229	0	2.16601562	145.617387	153.656609	145.606706	159.985045	7.55674419	6.73364305	0	0	0	0	3
5550	1230	0	2.16796875	145.625845	153.647716	145.606706	159.985045	7.55674419	6.73364305	0	0	0	0	3
5555	1231	0	2.16992188	145.634592	153.638193	145.606706	159.985045	7.55674419	6.73364305	0	0	0	0	3
5560	1232	0	2.171875	145.642694	153.62802	145.606706	159.985045	7.55674419	6.73364305	0	0	0	0	3
5565	1233	0	2.17382812	145.650203	153.617165	145.606706	159.985045	7.55674419	6.73364305	0	0	0	0	3
5570	1234	0	2.17578125	145.657504	153.605599	145.606706	159.985045	7.55674419	6.73364305	0	0	0	0	3
5575	1235	0	2.17773438	145.66474	153.593288	145.606706	159.985045	7.55674419	6.73364305	0	0	0	0	3
5580	1236	0	2.1796875	145.670968	153.580196	145.606706	159.985045	7.55674419	6.73364305	0	0	0	0	3
5585	1237	0	2.18164062	145.674808	153.566278	145.606706	159.985045	7.55674419	6.73364305	0	0	0	0	3
5590	1238	0	2.18359375	145.675337	153.55149	145.606706	159.985045	7.55674419	6.73364305	0	0	0	0	3
5595	1239	0	2.18554688	145.672182	153.535789	145.606706	159.985045	7.55674419	6.73364305	0	0	0	0	3
5600	1240	0	2.1875	145.665752	153.51914	145.606706	159.985045	7.55674419	6.73364305	0	0	0	0	3
5605	1242	0	2.18945312	145.657589	153.501522	145.606706	159.985045	7.55674419	6.73364305	0	0	0	0	3
5610	1244	0	2.19140625	145.649607	153.48293	145.606706	159.985045	7.55674419	6.73364305	0	0	0	0	3
5615	1245	0	2.19335938	145.643561	153.463378	145.606706	159.985045	7.55674419	6.73364305	0	0	0	0	3
5620	1246	0	2.1953125	145.640998	153.442894	145.606706	159.985045	7.55674419	6.73364305	0	0	0	0	3
5625	1247	0	2.19726562	145.642969	153.421482	145.606706	159.985045	7.55674419	6.73364305	0	0	0	0	3
5630	1248	0	2.19921875	145.650097	153.399165	145.606706	159.985045	7.55674419	6.73364305	0	0	0	0	3
5635	1249	0	2.20117188	145.662847	153.376002	145.606706	159.985045	7.55674419	6.73364305	0	0	0	0	3
5640	1250	0	2.203125	145.681607	153.352056	145.606706	159.985045	7.55674419	6.73364305	0	0	0	0	3
5645	1251	0	2.20507812	145.706374	153.327386	145.606706	159.985045	7.55674419	6.73364305	0	0	0	0	3
5650	1252	0	2.20703125	145.736544	153.302048	145.606706	159.985045	7.55674419	6.73364305	0	0	0	0	3
5655	1253	0	2.20898438	145.771188	153.276089	145.606706	159.985045	7.55674419	6.73364305	0	0	0	0	3
5660	1254	0	2.2109375	145.809306	153.249548	145.606706	159.985045	7.55674419	6.73364305	0	0	0	0	3
5665	1255	0	2.21289062	145.849985	153.222458	145.606706	159.985045	7.55674419	6.73364305	0	0	0	0	3
5670	1256	0	2.21484375	145.892028	153.194839	145.606706	159.985045	7.55674419	6.73364305	0	0	0	0	3
5675	1257	0	2.21679688	145.933947	153.166701	145.606706	159.985045	7.55674419	6.73364305	0	0	0	0	3
5680	1258	0	2.21875	145.985468	153.138089	145.606706	159.985045	7.55674419	6.73364305	0	0	0	0	3
5685	1259	0	2.22070312	146.052216	153.109062	145.606706	159.985045	7.55674419	6.73364305	0	0	0	0	3
5690	1260	0	2.22265625	146.11615	153.079613	145.606706	159.985045	7.55674419	6.73364305	0	0	0	0	3
5695	1261	0	2.22460938	146.177155	153.049732	145.606706	159.985045	7.55674419	6.73364305	0	0	0	0	3
5700	1262	0	2.2265625	146.23611	153.019414	145.606706	159.985045	7.55674419	6.73364305	0	0	0	0	3
5705	1264	0	2.22851562	146.2949	152.988663	145.606706	159.985045	7.55674419	6.73364305	0	0	0	0	3
5710	1265	0	2.23046875	146.354374	152.957485	145.606706	159.985045	7.55674419	6.73364305	0	0	0	0	3
5715	1266	0	2.23242188	146.414523	152.925885	145.606706	159.985045	7.55674419	6.73364305	0	0	0	0	3
5720	1267	0	2.234375	146.473918	152.893861	145.606706	159.985045	7.55674419	6.73364305	0	0	0	0	3
5725	1268	0	2.23632812	146.531777	152.861404	145.606706	159.985045	7.55674419	6.73364305	0	0	0	0	3
5730	1269	0	2.23828125	146.588102	152.828504	145.606706	159.985045	7.55674419	6.73364305	0	0	0	0	3
5735	1270	0	2.24023438	146.643375	152.795154	145.606706	159.985045	7.55674419	6.73364305	0	0	0	0	3
5740	1271	0	2.2421875	146.698094	152.761349	145.606706	159.985045	7.55674419	6.73364305	0	0	0	0	3
5745	1272	0	2.24414062	146.75168	152.727083	145.606706	159.985045	7.55674419	6.73364305	0	0	0	0	3
5750	1274	0	2.24609375	146.803045	152.692348	145.606706	159.985045	7.55674419	6.73364305	0	0	0	0	3
5755	1275	0	2.24804688	146.851431	152.657132	145.606706	159.985045	7.55674419	6.73364305	0	0	0	0	3
5760	1276	0	2.25	146.896418	152.621423	145.606706	159.985045	7.55674419	6.73364305	0	0	0	0	3
5765	1277	0	2.25195312	146.937708	152.585211	145.606706	159.985045	7.55674419	6.73364305	0	0	0	0	3
5770	1278	0	2.25390625	146.976085	152.548487	145.606706	159.985045	7.55674419	6.73364305	0	0	0	0	3
5775	1279	0	2.25585938	147.013712	152.511255	145.606706	159.985045	7.55674419	6.73364305	0	0	0	0	3
5780	1280	0	2.2578125	147.052862	152.473528	145.606706	159.985045	7.55674419	6.73364305	0	0	0	0	3
5785	1281	0	2.25976562	147.095136	152.435326	145.606706	159.985045	7.55674419	6.73364305	0	0	0	0	3
5790	1282	0	2.26171875	147.141374	152.396694	145.606706	159.985045	7.55674419	6.73364305	0	0	0	0	3
5795	1283	0	2.26367188	147.192196	152.357731	145.606706	159.985045	7.55674419	6.73364305	0	0	0	0	3
5800	1284	0	2.265625	147.248167	152.318474	145.606706	159.985045	7.55674419	6.73364305	0	0	0	0	3
5805	1286	0	2.26757812	147.309721	152.278966	145.606706	159.985045	7.55674419	6.73364305	0	0	0	0	3
5810	1287	0	2.26953125	147.376736	152.23925	145.606706	159.985045	7.55674419	6.73364305	0	0	0	0	3
5815	1288	0	2.27148438	147.448602	152.199375	145.606706	159.985045	7.55674419	6.73364305	0	0	0	0	3
5820	1289	0	2.2734375	147.524621	152.159389	145.606706	159.985045	7.55674419	6.73364305	0	0	0	0	3
5825	1290	0	2.27539062	147.603973	152.11933	145.606706	159.985045	7.55674419	6.73364305	0	0	0	0	3
5830	1291	0	2.27734375	147.68564	152.079228	145.606706	159.985045	7.55674419	6.73364305	0	0	0	0	3
5835	1292	0	2.27929688	147.768287	152.039098	145.606706	159.985045	7.55674419	6.73364305	0	0	0	0	3
5840	1293	0	2.28125	147.850489	151.99894	145.606706	159.985045	7.55674419	6.73364305	0	0	0	0	3
5845	1294	0	2.28320312	147.930983	151.958753	145.606706	159.985045	7.55674419	6.73364305	0	0	0	0	3
5850	1295	0	2.28515625	148.029905	151.918607	145.606706	159.985045	7.55674419	6.73364305	0	0	0	0	3
5855	1296	0	2.28710938	148.125876	151.878487	145.606706	159.985045	7.55674419	6.73364305	0	0	0	0	3
5860	1297	0	2.2890625	148.21806	151.838369	145.606706	159.985045	7.55674419	6.73364305	0	0	0	0	3
5865	1299	0	2.29101562	148.306568	151.798225	145.606706	159.985045	7.55674419	6.73364305	0	0	0	0	3
5870	1300	0	2.29296875	148.392542	151.758028	145.606706	159.985045	7.55674419	6.73364305	0	0	0	0	3
5875	1301	0	2.29492188	148.4773	151.717758	145.606706	159.985045	7.55674419	6.73364305	0	0	0	0	3
5880	1302	0	2.296875	148.561067	151.677397	145.606706	159.985045	7.55674419	6.73364305	0	0	0	0	3
5885	1303	0	2.29882812	148.643316	151.636934	145.606706	159.985045	7.55674419	6.73364305	0	0	0	0	3
5890	1304	0	2.30078125	148.723497	151.596363	145.606706	159.985045	7.55674419	6.73364305	0	0	0	0	3
5895	1305	0	2.30273438	148.801858	151.555691	145.606706	159.985045	7.55674419	6.73364305	0	0	0	0	3
5900	1306	0	2.3046875	148.878972	151.51493	145.606706	159.985045	7.55674419	6.73364305	0	0	0	0	3
5905	1309	0	2.30664062	148.955137	151.474102	145.606706	159.985045	7.55674419	6.73364305	0	0	0	0	3
5910	1310	0	2.30859375	149.030226	151.43323	145.606706	159.985045	7.55514023	6.73364305	0	0	0	0	3
5915	1311	0	2.31054688	149.10381	151.392335	145.606706	159.985045	7.55152673	6.73364305	0	0	0	0	3
5920	1312	0	2.3125	149.175346	151.351441	145.606706	159.985045	7.54602036	6.73364305	0	0	0	0	3
5925	1313	0	2.31445312	149.244346	151.310566	145.606706	159.985045	7.53872424	6.73364305	0	0	0	0	3
5930	1314	0	2.31640625	149.310459	151.269725	145.606706	159.985045	7.52972934	6.73364305	0	0	0	0	3
5935	1315	0	2.31835938	149.37417	151.228935	145.606706	159.985045	7.51911513	6.73364305	0	0	0	0	3
5940	1316	0	2.3203125	149.436752	151.18821	145.606706	159.985045	7.50695603	6.73364305	0	0	0	0	3
5945	1317	0	2.32226562	149.49978	151.147567	145.606706	159.985045	7.49331636	6.73364305	0	0	0	0	3
5950	1318	0	2.32421875	149.564502	151.107021	145.606706	159.985045	7.47823444	6.73364305	0	0	0	0	3
5955	1319	0	2.32617188	149.631691	151.066587	145.606706	159.985045	7.46186482	6.73364305	0	0	0	0	3
5960	1320	0	2.328125	149.701878	151.026419	145.606706	159.977925	7.44424401	6.73364305	0	0	0	0	3
5965	1321	0	2.33007812	149.775391	150.986565	145.606706	159.972113	7.42536174	6.73364305	0	0	0	0	3
5970	1322	0	2.33203125	149.85241	150.947035	145.606706	159.966999	7.40521513	6.73364305	0	0	0	0	3
5975	1323	0	2.33398438	149.932866	150.907839	145.606706	159.960405	7.38381979	6.73364305	0	0	0	0	3
5980	1324	0	2.3359375	150.016478	150.868996	145.606706	159.950072	7.36120655	6.73364305	0	0	0	0	3
5985	1325	0	2.33789062	150.102855	150.83053	145.606706	159.935404	7.33740686	6.73364305	0	0	0	0	3
5990	1326	0	2.33984375	150.191481	150.792468	145.606706	159.916895	7.31244315	6.73364305	0	0	0	0	3
5995	1327	0	2.34179688	150.281599	150.75483	145.606706	159.897472	7.28631426	6.73364305	0	0	0	0	3
6000	1329	0	2.34375	150.372127	150.717622	145.606706	159.890085	7.25899472	6.73364305	0	0	0	0	3
6005	1331	0	2.34570312	150.46205	150.680832	145.606706	159.890085	7.23044896	6.73364305	0	0	0	0	3
6010	1332	0	2.34765625	150.550472	150.644448	145.606706	159.890085	7.20064023	6.73364305	0	0	0	0	3
6015	1333	0	2.34960938	150.641572	150.608475	145.606706	159.890085	7.16953521	6.73364305	0	0	0	0	3
6020	1334	0	2.3515625	150.73327	150.572912	145.606706	159.890085	7.13709997	6.73364305	0	0	0	0	3
6025	1335	0	2.35351562	150.821509	150.537737	145.606706	159.890085	7.10329222	6.73364305	0	0	0	0	3
6030	1336	0	2.35546875	150.906121	150.502919	145.606706	159.890085	7.06806096	6.73364305	0	0	0	0	3
6035	1337	0	2.35742188	150.98731	150.468421	145.606706	159.890085	7.03135245	6.73364305	0	0	0	0	3
6040	1338	0	2.359375	151.065642	150.434207	145.606706	159.890085	6.99311765	6.73364305	0	0	0	0	3
6045	1339	0	2.36132812	151.141632	150.400244	145.606706	159.890085	6.95332301	6.73364305	0	0	0	0	3
6050	1340	0	2.36328125	151.215467	150.366505	145.606706	159.890085	6.91196262	6.73364305	0	0	0	0	3
6055	1341	0	2.36523438	151.287234	150.33298	145.606706	159.890085	6.86905921	6.73364305	0	0	0	0	3
6060	1342	0	2.3671875	151.357275	150.299676	145.606706	159.890085	6.8246608	6.73364305	0	0	0	0	3
6065	1344	0	2.36914062	151.426077	150.266613	145.606706	159.888216	6.77881149	6.73364305	0	0	0	0	3
6070	1345	0	2.37109375	151.494021	150.233824	145.606706	159.876097	6.73157845	6.73364305	0	0	0	0	3
6075	1346	0	2.37304688	151.561389	150.201344	145.606706	159.853072	6.68305758	6.73364305	0	0	0	0	3
6080	1347	0	2.375	151.628305	150.169216	145.606706	159.819033	6.63335164	6.73364305	0	0	0	0	3
6085	1348	0	2.37695312	151.694704	150.137481	145.606706	159.774104	6.58256573	6.73364305	0	0	0	0	3
6090	1349	0	2.37890625	151.760386	150.106177	145.606706	159.718745	6.53080235	6.73364305	0	0	0	0	3
6095	1350	0	2.38085938	151.82522	150.075343	145.606706	159.654024	6.47815562	6.73364305	0	0	0	0	3
6100	1351	0	2.3828125	151.889382	150.045012	145.606706	159.581821	6.42470506	6.73364305	0	0	0	0	3
6105	1354	0	2.38476562	151.953182	150.015213	145.606706	159.504707	6.37051208	6.73364305	0	0	0	0	3
6110	1355	0	2.38671875	152.016877	149.985964	145.606706	159.42514	6.31561873	6.73364305	0	0	0	0	3
6115	1356	0	2.38867188	152.080711	149.957274	145.606706	159.34548	6.26004647	6.73364305	0	0	0	0	3
6120	1357	0	2.390625	152.144963	149.929147	145.606706	159.247976	6.20387557	6.73364305	0	0	0	0	3
6125	1358	0	2.39257812	152.209875	149.901655	145.606706	159.122622	6.1472171	6.73364305	0	0	0	0	3
6130	1359	0	2.39453125	152.275477	149.874908	145.606706	159.002773	6.09004573	6.73364305	0	0	0	0	3
6135	1360	0	2.39648438	152.34162	149.848888	145.606706	158.888755	6.03233075	6.73364305	0	0	0	0	3
6140	1361	0	2.3984375	152.408164	149.823573	145.606706	158.779102	5.97404566	6.73364305	0	0	0	0	3
6145	1362	0	2.40039062	152.475069	149.798948	145.606706	158.671797	5.91517317	6.73364305	0	0	0	0	3
6150	1363	0	2.40234375	152.542316	149.775005	145.606706	158.565189	5.85570435	6.73364305	0	0	0	0	3
6155	1364	0	2.40429688	152.609706	149.751741	145.606706	158.458908	5.79563371	6.73364305	0	0	0	0	3
6160	1366	0	2.40625	152.676885	149.729155	145.606706	158.353931	5.73495445	6.73364305	0	0	0	0	3
6165	1367	0	2.40820312	152.7435	149.707239	145.606706	158.252219	5.67365501	6.73364305	0	0	0	0	3
6170	1368	0	2.41015625	152.809281	149.685978	145.606706	158.154182	5.61172518	6.73364305	0	0	0	0	3
6175	1369	0	2.41210938	152.873975	149.665352	145.606706	158.058747	5.54916223	6.73364305	0	0	0	0	3
6180	1370	0	2.4140625	152.936288	149.645343	145.606706	157.964234	5.48597359	6.73364305	0	0	0	0	3
6185	1371	0	2.41601562	152.992657	149.625922	145.606706	157.870879	5.4221698	6.73364305	0	0	0	0	3
6190	1372	0	2.41796875	153.04711	149.607079	145.606706	157.780478	5.35775792	6.73364305	0	0	0	0	3
6195	1373	0	2.41992188	153.099534	149.588794	145.606706	157.695126	5.29273907	6.73364305	0	0	0	0	3
6200	1374	0	2.421875	153.14958	149.571038	145.606706	157.616114	5.22711019	6.73364305	0	0	0	0	3
6205	1376	0	2.42382812	153.196829	149.553776	145.606706	157.543258	5.16086881	6.73364305	0	0	0	0	3
6210	1377	0	2.42578125	153.241306	149.536971	145.606706	157.475313	5.09401738	6.73364305	0	0	0	0	3
6215	1378	0	2.42773438	153.28344	149.520597	145.606706	157.409241	5.02656986	6.73364305	0	0	0	0	3
6220	1379	0	2.4296875	153.323807	149.504638	145.606706	157.341379	4.9585537	6.73364305	0	0	0	0	3
6225	1380	0	2.43164062	153.362994	149.489097	145.606706	157.268771	4.89000697	6.73364305	0	0	0	0	3
6230	1381	0	2.43359375	153.401431	149.473991	145.606706	157.189	4.82101046	6.73364305	0	0	0	0	3
6235	1382	0	2.43554688	153.439421	149.459344	145.606706	157.100287	4.75176166	6.73364305	0	0	0	0	3
6240	1384	0	2.4375	153.477268	149.445191	145.606706	157.00174	4.68231559	6.73364305	0	0	0	0	3
6245	1385	0	2.43945312	153.515359	149.431573	145.606706	156.893134	4.61272859	6.73364305	0	0	0	0	3
6250	1386	0	2.44140625	153.55398	149.418529	145.606706	156.774435	4.54306451	6.73364305	0	0	0	0	3
6255	1387	0	2.44335938	153.593398	149.406103	145.606706	156.645963	4.4733929	6.73364305	0	0	0	0	3
6260	1388	0	2.4453125	153.633846	149.394337	145.606706	156.508603	4.40378362	6.73364305	0	0	0	0	3
6265	1389	0	2.44726562	153.675388	149.38327	145.606706	156.364071	4.33429674	6.73364305	0	0	0	0	3
6270	1390	0	2.44921875	153.717813	149.372933	145.606706	156.214762	4.33415997	6.73364305	0	0	0	0	3
6275	1391	0	2.45117188	153.760473	149.363346	145.606706	156.063214	4.34374703	6.73364305	0	0	0	0	3
6280	1392	0	2.453125	153.802726	149.354516	145.606706	155.911956	4.35257706	6.73364305	0	0	0	0	3
6285	1393	0	2.45507812	153.843997	149.346438	145.606706	155.763688	4.36065503	6.73364305	0	0	0	0	3
6290	1394	0	2.45703125	153.883919	149.339095	145.606706	155.584054	4.36799787	6.73364305	0	0	0	0	3
6295	1395	0	2.45898438	153.922162	149.332603	145.606706	155.411082	4.37448964	6.73364305	0	0	0	0	3
6300	1397	0	2.4609375	153.958433	149.326929	145.606706	155.24614	4.38016405	6.73364305	0	0	0	0	3
6305	1399	0	2.46289062	153.992633	149.322032	145.606706	155.088704	4.38506057	6.73364305	0	0	0	0	3
6310	1400	0	2.46484375	154.024753	149.317876	145.606706	154.937813	4.38921663	6.73364305	0	0	0	0	3
6315	1401	0	2.46679688	154.054871	149.314427	145.606706	154.791656	4.39266562	6.73364305	0	0	0	0	3
6320	1402	0	2.46875	154.083009	149.311659	145.606706	154.649472	4.39543377	6.73364305	0	0	0	0	3
6325	1403	0	2.47070312	154.109314	149.309549	145.606706	154.511105	4.39754376	6.73364305	0	0	0	0	3
6330	1404	0	2.47265625	154.134081	149.308076	145.606706	154.377073	4.39901651	6.73364305	0	0	0	0	3
6335	1405	0	2.47460938	154.157697	149.307219	145.606706	154.247284	4.39987345	6.73364305	0	0	0	0	3
6340	1406	0	2.4765625	154.180512	149.306959	145.606706	154.180512	4.40013428	6.73364305	0	0	0	0	3
6345	1407	0	2.47851562	154.202741	149.30728	145.606706	154.202741	4.40013428	6.73364305	0	0	0	0	3
6350	1408	0	2.48046875	154.212947	149.308132	145.606706	154.212947	4.40013428	6.73364305	0	0	0	0	3
6355	1409	0	2.48242188	154.2197	149.3095	145.606706	154.2197	4.40013428	6.73364305	0	0	0	0	3
6360	1411	0	2.484375	154.226497	149.311382	145.606706	154.226497	4.40013428	6.73364305	0	0	0	0	3
6365	1412	0	2.48632812	154.232992	149.313767	145.606706	154.232992	4.40013428	6.73364305	0	0	0	0	3
6370	1413	0	2.48828125	154.238332	149.31664	145.606706	154.238332	4.40013428	6.73364305	0	0	0	0	3
6375	1414	0	2.49023438	154.241776	149.319981	145.606706	154.241776	4.40013428	6.73364305	0	0	0	0	3
6380	1415	0	2.4921875	154.243357	149.323769	145.606706	154.243357	4.40013428	6.73364305	0	0	0	0	3
6385	1416	0	2.49414062	154.243554	149.327992	145.606706	154.243554	4.40013428	6.73364305	0	0	0	0	3
6390	1417	0	2.49609375	154.243072	149.332648	145.606706	154.243554	4.40013428	6.73364305	0	0	0	0	3
6395	1418	0	2.49804688	154.242846	149.337746	145.606706	154.243554	4.40013428	6.73364305	0	0	0	0	3
6400	1419	0	2.5	154.242949	149.343304	145.606706	154.243554	4.40013428	6.73364305	0	0	0	0	3
6405	1421	0	2.50195312	154.243346	149.34934	145.606706	154.243554	4.40013428	6.73364305	0	0	0	0	3
6410	1422	0	2.50390625	154.244268	149.355874	145.606706	154.244268	4.40013428	6.73364305	0	0	0	0	3
6415	1423	0	2.50585938	154.246159	149.362932	145.606706	154.246159	4.40013428	6.73364305	0	0	0	0	3
6420	1425	0	2.5078125	154.249507	149.370539	145.606706	154.249507	4.40013428	6.73364305	0	0	0	0	3
6425	1426	0	2.50976562	154.254785	149.378724	145.606706	154.254785	4.40013428	6.73364305	0	0	0	0	3
6430	1427	0	2.51171875	154.262337	149.387513	145.606706	154.262337	4.40013428	6.73364305	0	0	0	0	3
6435	1428	0	2.51367188	154.272083	149.39693	145.606706	154.272083	4.40013428	6.73364305	0	0	0	0	3
6440	1429	0	2.515625	154.283189	149.406988	145.606706	154.283189	4.40013428	6.73364305	0	0	0	0	3
6445	1430	0	2.51757812	154.294269	149.417692	145.606706	154.294269	4.40013428	6.73364305	0	0	0	0	3
6450	1431	0	2.51953125	154.304091	149.429032	145.606706	154.304091	4.40013428	6.73364305	0	0	0	0	3
6455	1432	0	2.52148438	154.311687	149.440989	145.606706	154.311687	4.40013428	6.73364305	0	0	0	0	3
6460	1433	0	2.5234375	154.316392	149.453562	145.606706	154.316392	4.40013428	6.73364305	0	0	0	0	3
6465	1434	0	2.52539062	154.31783	149.466738	145.606706	154.31783	4.40013428	6.73364305	0	0	0	0	3
6470	1435	0	2.52734375	154.315821	149.480479	145.606706	154.31783	4.40013428	6.73364305	0	0	0	0	3
6475	1437	0	2.52929688	154.310274	149.494745	145.606706	154.31783	4.40013428	6.73364305	0	0	0	0	3
6480	1438	0	2.53125	154.301121	149.509498	145.606706	154.31783	4.40013428	6.73364305	0	0	0	0	3
6485	1439	0	2.53320312	154.288488	149.524702	145.606706	154.31783	4.40013428	6.73364305	0	0	0	0	3
6490	1440	0	2.53515625	154.272822	149.540327	145.606706	154.31783	4.40013428	6.73364305	0	0	0	0	3
6495	1441	0	2.53710938	154.254801	149.556345	145.606706	154.31783	4.40013428	6.73364305	0	0	0	0	3
6500	1442	0	2.5390625	154.235233	149.572735	145.606706	154.31783	4.40013428	6.73364305	0	0	0	0	3
6505	1444	0	2.54101562	154.214847	149.58948	145.606706	154.31783	4.40013428	6.73364305	0	0	0	0	3
6510	1445	0	2.54296875	154.194394	149.606571	145.606706	154.31783	4.40013428	6.73364305	0	0	0	0	3
6515	1446	0	2.54492188	154.167863	149.623981	145.606706	154.31783	4.40013428	6.73364305	0	0	0	0	3
6520	1448	0	2.546875	154.131838	149.64167	145.606706	154.31783	4.40013428	6.73364305	0	0	0	0	3
6525	1449	0	2.54882812	154.097492	149.659646	145.606706	154.31783	4.40013428	6.73364305	0	0	0	0	3
6530	1450	0	2.55078125	154.064639	149.677914	145.606706	154.31783	4.40013428	6.73364305	0	0	0	0	3
6535	1451	0	2.55273438	154.032722	149.696475	145.606706	154.31783	4.40013428	6.73364305	0	0	0	0	3
6540	1452	0	2.5546875	154.001049	149.71533	145.606706	154.31783	4.40013428	6.73364305	0	0	0	0	3
6545	1453	0	2.55664062	153.969094	149.734474	145.606706	154.31783	4.40013428	6.73364305	0	0	0	0	3
6550	1454	0	2.55859375	153.936751	149.753903	145.606706	154.31783	4.40013428	6.73364305	0	0	0	0	3
6555	1455	0	2.56054688	153.904337	149.773614	145.606706	154.31783	4.40013428	6.73364305	0	0	0	0	3
6560	1456	0	2.5625	153.872745	149.793612	145.606706	154.31783	4.40013428	6.73364305	0	0	0	0	3
6565	1457	0	2.56445312	153.842248	149.813902	145.606706	154.31783	4.40013428	6.73364305	0	0	0	0	3
6570	1458	0	2.56640625	153.812491	149.834488	145.606706	154.31783	4.40013428	6.73364305	0	0	0	0	3
6575	1459	0	2.56835938	153.783106	149.855372	145.606706	154.31783	4.40013428	6.73364305	0	0	0	0	3
6580	1461	0	2.5703125	153.754385	149.876557	145.606706	154.31783	4.40013428	6.73364305	0	0	0	0	3
6585	1462	0	2.57226562	153.726989	149.898049	145.606706	154.31783	4.40013428	6.73364305	0	0	0	0	3
6590	1463	0	2.57421875	153.701424	149.919856	145.606706	154.31783	4.40013428	6.73364305	0	0	0	0	3
6595	1464	0	2.57617188	153.67804	149.941984	145.606706	154.31783	4.40013428	6.73364305	0	0	0	0	3
6600	1465	0	2.578125	153.656958	149.96444	145.606706	154.31783	4.40013428	6.73364305	0	0	0	0	3
6605	1468	0	2.58007812	153.637722	149.987228	145.606706	154.31783	4.40013428	6.73364305	0	0	0	0	3
6610	1469	0	2.58203125	153.619079	150.010345	145.606706	154.31783	4.40013428	6.73364305	0	0	0	0	3
6615	1470	0	2.58398438	153.599795	150.033784	145.606706	154.31783	4.40013428	6.73364305	0	0	0	0	3
6620	1471	0	2.5859375	153.578732	150.05753	145.606706	154.31783	4.40013428	6.73364305	0	0	0	0	3
6625	1472	0	2.58789062	153.554989	150.081553	145.606706	154.31783	4.40013428	6.73364305	0	0	0	0	3
6630	1473	0	2.58984375	153.528131	150.105796	145.606706	154.31783	4.40013428	6.73364305	0	0	0	0	3
6635	1474	0	2.59179688	153.497991	150.130237	145.606706	154.31783	4.40013428	6.73364305	0	0	0	0	3
6640	1476	0	2.59375	153.464508	150.154851	145.606706	154.31783	4.40013428	6.73364305	0	0	0	0	3
6645	1477	0	2.59570312	153.427499	150.17961	145.606706	154.31783	4.40013428	6.73364305	0	0	0	0	3
6650	1478	0	2.59765625	153.387095	150.204481	145.606706	154.31783	4.40013428	6.73364305	0	0	0	0	3
6655	1479	0	2.59960938	153.343749	150.229437	145.606706	154.31783	4.40013428	6.73364305	0	0	0	0	3
6660	1480	0	2.6015625	153.298155	150.254453	145.606706	154.31783	4.40013428	6.73364305	0	0	0	0	3
6665	1481	0	2.60351562	153.251019	150.279511	145.606706	154.31783	4.40013428	6.73364305	0	0	0	0	3
6670	1482	0	2.60546875	153.203089	150.304602	145.606706	154.31783	4.40013428	6.73364305	0	0	0	0	3
6675	1483	0	2.60742188	153.155293	150.329722	145.606706	154.31783	4.40013428	6.73364305	0	0	0	0	3
6680	1484	0	2.609375	153.108579	150.354874	145.606706	154.31783	4.40013428	6.73364305	0	0	0	0	3
6685	1485	0	2.61132812	153.050177	150.380012	145.606706	154.31783	4.40013428	6.73364305	0	0	0	0	3
6690	1486	0	2.61328125	152.993838	150.405144	145.606706	154.31783	4.40013428	6.73364305	0	0	0	0	3
6695	1488	0	2.61523438	152.93992	150.430283	145.606706	154.31783	4.40013428	6.73364305	0	0	0	0	3
6700	1489	0	2.6171875	152.888296	150.455443	145.606706	154.31783	4.40013428	6.73364305	0	0	0	0	3
6705	1491	0	2.61914062	152.83845	150.480642	145.606706	154.31783	4.40013428	6.73364305	0	0	0	0	3
6710	1492	0	2.62109375	152.789674	150.50589	145.606706	154.31783	4.40013428	6.73364305	0	0	0	0	3
6715	1493	0	2.62304688	152.741644	150.531197	145.606706	154.31783	4.40013428	6.73364305	0	0	0	0	3
6720	1494	0	2.625	152.694386	150.556566	145.606706	154.31783	4.40013428	6.73364305	0	0	0	0	3
6725	1495	0	2.62695312	152.648268	150.582001	145.606706	154.31783	4.40013428	6.73364305	0	0	0	0	3
6730	1496	0	2.62890625	152.603488	150.607499	145.606706	154.31783	4.40013428	6.73364305	0	0	0	0	3
6735	1497	0	2.63085938	152.559627	150.633053	145.606706	154.31783	4.40013428	6.73364305	0	0	0	0	3
6740	1498	0	2.6328125	152.516158	150.658651	145.606706	154.31783	4.40013428	6.73364305	0	0	0	0	3
6745	1500	0	2.63476562	152.473115	150.684278	145.606706	154.31783	4.40013428	6.73364305	0	0	0	0	3
6750	1501	0	2.63671875	152.430908	150.709923	145.606706	154.31783	4.40013428	6.73364305	0	0	0	0	3
6755	1502	0	2.63867188	152.38981	150.735574	145.606706	154.31783	4.40013428	6.73364305	0	0	0	0	3
6760	1503	0	2.640625	152.349997	150.761219	145.606706	154.31783	4.40013428	6.73364305	0	0	0	0	3
6765	1504	0	2.64257812	152.311748	150.786851	145.606706	154.31783	4.40013428	6.73364305	0	0	0	0	3
6770	1505	0	2.64453125	152.275085	150.812461	145.606706	154.31783	4.39972817	6.73364305	0	0	0	0	3
6775	1506	0	2.64648438	152.23939	150.838046	145.606706	154.31783	4.39838825	6.73364305	0	0	0	0	3
6780	1507	0	2.6484375	152.203641	150.863596	145.606706	154.31783	4.39613708	6.73364305	0	0	0	0	3
6785	1509	0	2.65039062	152.166937	150.889104	145.606706	154.31783	4.39298796	6.73364305	0	0	0	0	3
6790	1510	0	2.65234375	152.128702	150.914559	145.606706	154.31783	4.38902735	6.73364305	0	0	0	0	3
6795	1511	0	2.65429688	152.088664	150.939877	145.606706	154.31783	4.38428509	6.73364305	0	0	0	0	3
6800	1512	0	2.65625	152.046682	150.96503	145.606706	154.31783	4.37877432	6.73364305	0	0	0	0	3
6805	1514	0	2.65820312	152.002563	150.990012	145.606706	154.31783	4.37251921	6.73364305	0	0	0	0	3
6810	1515	0	2.66015625	151.956181	151.014815	145.607575	154.31783	4.36555449	6.73364305	0	0	0	0	3
6815	1516	0	2.66210938	151.907612	151.039424	145.610977	154.31783	4.35792064	6.73364305	0	0	0	0	3
6820	1517	0	2.6640625	151.857188	151.063824	145.617387	154.31783	4.3496501	6.73364305	0	0	0	0	3
6825	1518	0	2.66601562	151.805294	151.087995	145.625845	154.31783	4.34075696	6.73364305	0	0	0	0	3
6830	1520	0	2.66796875	151.752355	151.111927	145.634592	154.31783	4.33123469	6.73364305	0	0	0	0	3
6835	1521	0	2.66992188	151.698978	151.135616	145.640998	154.31783	4.32106102	6.73364305	0	0	0	0	3
6840	1522	0	2.671875	151.645883	151.159066	145.640998	154.31783	4.31020653	6.73364305	0	0	0	0	3
6845	1523	0	2.67382812	151.593832	151.182283	145.640998	154.31783	4.2986402	6.73364305	0	0	0	0	3
6850	1524	0	2.67578125	151.540034	151.205262	145.640998	154.31783	4.28632955	6.73364305	0	0	0	0	3
6855	1525	0	2.67773438	151.485892	151.228001	145.640998	154.31783	4.273237	6.73364305	0	0	0	0	3
6860	1526	0	2.6796875	151.434142	151.250513	145.640998	154.31783	4.25931931	6.73364305	0	0	0	0	3
6865	1527	0	2.68164062	151.384841	151.272818	145.640998	154.31783	4.24453152	6.73364305	0	0	0	0	3
6870	1528	0	2.68359375	151.337631	151.294936	145.640998	154.31783	4.22883083	6.73364305	0	0	0	0	3
6875	1529	0	2.68554688	151.292065	151.316889	145.640998	154.31783	4.21218176	6.73364305	0	0	0	0	3
6880	1530	0	2.6875	151.247981	151.338694	145.640998	154.31783	4.19456322	6.73364305	0	0	0	0	3
6885	1531	0	2.68945312	151.205327	151.360365	145.640998	154.31783	4.17597157	6.73364305	0	0	0	0	3
6890	1532	0	2.69140625	151.164082	151.381906	145.640998	154.31783	4.15641983	6.73364305	0	0	0	0	3
6895	1534	0	2.69335938	151.12398	151.403314	145.640998	154.31783	4.13593575	6.73364305	0	0	0	0	3
6900	1535	0	2.6953125	151.084688	151.424579	145.642969	154.31783	4.11452329	6.73364305	0	0	0	0	3
6905	1537	0	2.69726562	151.045914	151.445684	145.650097	154.31783	4.09220653	6.73364305	0	0	0	0	3
6910	1538	0	2.69921875	151.007391	151.466611	145.662847	154.31783	4.06904358	6.73364305	0	0	0	0	3
6915	1539	0	2.70117188	150.969012	151.487338	145.681607	154.31783	4.0450973	6.73364305	0	0	0	0	3
6920	1541	0	2.703125	150.930757	151.507842	145.706374	154.31783	4.02042793	6.73364305	0	0	0	0	3
6925	1542	0	2.70507812	150.892802	151.528102	145.736544	154.31783	3.99508977	6.73364305	0	0	0	0	3
6930	1543	0	2.70703125	150.855347	151.548097	145.771188	154.31783	3.96913042	6.73364305	0	0	0	0	3
6935	1544	0	2.70898438	150.818516	151.567813	145.809306	154.31783	3.94258964	6.73364305	0	0	0	0	3
6940	1545	0	2.7109375	150.782142	151.587239	145.849985	154.31783	3.91549907	6.73364305	0	0	0	0	3
6945	1546	0	2.71289062	150.745864	151.606363	145.892028	154.31783	3.88788018	6.73364305	0	0	0	0	3
6950	1547	0	2.71484375	150.709457	151.625181	145.933947	154.31783	3.85974292	6.73364305	0	0	0	0	3
6955	1548	0	2.71679688	150.672746	151.643692	145.985468	154.31783	3.83113	6.73364305	0	0	0	0	3
6960	1550	0	2.71875	150.6357	151.661857	146.052216	154.31783	3.80210349	6.73364305	0	0	0	0	3
6965	1551	0	2.72070312	150.598273	151.679615	146.11615	154.31783	3.77265427	6.73364305	0	0	0	0	3
6970	1552	0	2.72265625	150.56045	151.696976	146.177155	154.31783	3.74277321	6.73364305	0	0	0	0	3
6975	1553	0	2.72460938	150.522275	151.713949	146.23611	154.31783	3.71245554	6.73364305	0	0	0	0	3
6980	1554	0	2.7265625	150.48378	151.730541	146.2949	154.31783	3.68170448	6.73364305	0	0	0	0	3
6985	1555	0	2.72851562	150.445037	151.746753	146.354374	154.31783	3.65052639	6.73364305	0	0	0	0	3
6990	1556	0	2.73046875	150.406103	151.76258	146.414523	154.31783	3.61892662	6.73364305	0	0	0	0	3
6995	1557	0	2.73242188	150.367151	151.77802	146.473918	154.31783	3.58690241	6.73364305	0	0	0	0	3
7000	1558	0	2.734375	150.328429	151.793076	146.531777	154.31783	3.55444541	6.73364305	0	0	0	0	3
7005	1560	0	2.73632812	150.290271	151.807758	146.588102	154.31783	3.52154579	6.73364305	0	0	0	0	3
7010	1561	0	2.73828125	150.252921	151.822074	146.643375	154.31783	3.48819573	6.73364305	0	0	0	0	3
7015	1563	0	2.74023438	150.217018	151.836033	146.698094	154.31783	3.45439067	6.73364305	0	0	0	0	3
7020	1564	0	2.7421875	150.184337	151.849651	146.75168	154.31783	3.4201249	6.73364305	0	0	0	0	3
7025	1565	0	2.74414062	150.152872	151.862937	146.803045	154.31783	3.38538942	6.73364305	0	0	0	0	3
7030	1566	0	2.74609375	150.122717	151.875905	146.851431	154.31783	3.35017333	6.73364305	0	0	0	0	3
7035	1567	0	2.74804688	150.094031	151.888571	146.896418	154.31783	3.31446493	6.73364305	0	0	0	0	3
7040	1568	0	2.75	150.066978	151.900956	146.937708	154.31783	3.27825251	6.73364305	0	0	0	0	3
7045	1569	0	2.75195312	150.04164	151.913081	146.976085	154.31783	3.24152874	6.73364305	0	0	0	0	3
7050	1570	0	2.75390625	150.017824	151.924963	147.013712	154.31783	3.2042965	6.73364305	0	0	0	0	3
7055	1571	0	2.75585938	149.99513	151.936609	147.052862	154.31783	3.16656896	6.73364305	0	0	0	0	3
7060	1572	0	2.7578125	149.9731	151.948016	147.095136	154.31783	3.12836773	6.73364305	0	0	0	0	3
7065	1573	0	2.75976562	149.951459	151.959174	147.141374	154.31783	3.08973585	6.73364305	0	0	0	0	3
7070	1574	0	2.76171875	149.93006	151.970067	147.192196	154.31783	3.05077241	6.73364305	0	0	0	0	3
7075	1576	0	2.76367188	149.908792	151.980679	147.248167	154.31783	3.01151593	6.73364305	0	0	0	0	3
7080	1577	0	2.765625	149.8875	151.990988	147.309721	154.31783	2.97200713	6.73364305	0	0	0	0	3
7085	1578	0	2.76757812	149.865942	152.000974	147.376736	154.31783	2.93229126	6.73364305	0	0	0	0	3
7090	1579	0	2.76953125	149.843906	152.010611	147.448602	154.31783	2.89241668	6.73364305	0	0	0	0	3
7095	1580	0	2.77148438	149.821251	152.019879	147.524621	154.31783	2.85243018	6.73364305	0	0	0	0	3
7100	1581	0	2.7734375	149.797981	152.02876	147.603973	154.31783	2.8123716	6.73364305	0	0	0	0	3
7105	1584	0	2.77539062	149.774254	152.037237	147.68564	154.31783	2.77226977	6.73364305	0	0	0	0	3
7110	1585	0	2.77734375	149.750376	152.045303	147.768287	154.31783	2.73834399	6.73364305	0	0	0	0	3
7115	1586	0	2.77929688	149.72673	152.052953	147.850489	154.31783	2.74599416	6.73364305	0	0	0	0	3
7120	1587	0	2.78125	149.703703	152.060192	147.930983	154.31783	2.75323328	6.73364305	0	0	0	0	3
7125	1588	0	2.78320312	149.681574	152.06703	148.029905	154.31783	2.76007152	6.73364305	0	0	0	0	3
7130	1589	0	2.78515625	149.660471	152.073399	148.125876	154.31783	2.76644092	6.73364305	0	0	0	0	3
7135	1590	0	2.78710938	149.6405	152.079316	148.21806	154.31783	2.77235742	6.73364305	0	0	0	0	3
7140	1591	0	2.7890625	149.621746	152.084799	148.306568	154.31783	2.77784057	6.73364305	0	0	0	0	3
7145	1593	0	2.79101562	149.604256	152.089868	148.392542	154.31783	2.78290966	6.73364305	0	0	0	0	3
7150	1594	0	2.79296875	149.58794	152.094538	148.4773	154.31783	2.78757919	6.73364305	0	0	0	0	3
7155	1595	0	2.79492188	149.57266	152.098816	148.561067	154.31783	2.79185794	6.73364305	0	0	0	0	3
7160	1596	0	2.796875	149.558296	152.102712	148.643316	154.31783	2.79575336	6.73364305	0	0	0	0	3
7165	1597	0	2.79882812	149.544751	152.106233	148.723497	154.31783	2.79927459	6.73364305	0	0	0	0	3
7170	1598	0	2.80078125	149.53188	152.109391	148.801858	154.31783	2.80243234	6.73364305	0	0	0	0	3
7175	1599	0	2.80273438	149.519462	152.112194	148.878972	154.31783	2.80523548	6.73364305	0	0	0	0	3
7180	1600	0	2.8046875	149.507326	152.114649	148.955137	154.31783	2.80768999	6.73364305	0	0	0	0	3
7185	1601	0	2.80664062	149.50186	152.116784	149.030226	154.31783	2.80982562	6.73364305	0	0	0	0	3
7190	1603	0	2.80859375	149.498307	152.118613	149.10381	154.31783	2.81165407	6.73364305	0	0	0	0	3
7195	1604	0	2.81054688	149.494648	152.120139	149.175346	154.31783	2.81318078	6.73364305	0	0	0	0	3
7200	1605	0	2.8125	149.491242	152.121373	149.244346	154.31783	2.81441475	6.73364305	0	0	0	0	3
7205	1607	0	2.81445312	149.488644	152.122328	149.310459	154.31783	2.81536904	6.73364305	0	0	0	0	3
7210	1608	0	2.81640625	149.487298	152.123018	149.37417	154.31783	2.81605982	6.73364305	0	0	0	0	3
7215	1609	0	2.81835938	149.487318	152.12346	149.436752	154.31783	2.8165018	6.73364305	0	0	0	0	3
7220	1610	0	2.8203125	149.488141	152.123661	149.487298	154.31783	2.81670254	6.73364305	0	0	0	0	3
7225	1611	0	2.82226562	149.48914	152.12362	149.487298	154.31783	2.81670254	6.73364305	0	0	0	0	3
7230	1613	0	2.82421875	149.490048	152.123329	149.487298	154.31783	2.81670254	6.73364305	0	0	0	0	3
7235	1614	0	2.82617188	149.490909	152.122779	149.487298	154.31783	2.81670254	6.73364305	0	0	0	0	3
7240	1615	0	2.828125	149.491846	152.121958	149.487298	154.31783	2.81670254	6.73364305	0	0	0	0	3
7245	1616	0	2.83007812	149.492688	152.120854	149.487298	154.31783	2.81670254	6.73364305	0	0	0	0	3
7250	1617	0	2.83203125	149.49318	152.119451	149.487298	154.31783	2.81670254	6.73364305	0	0	0	0	3
7255	1618	0	2.83398438	149.49293	152.117732	149.487298	154.31783	2.81670254	6.73364305	0	0	0	0	3
7260	1619	0	2.8359375	149.491527	152.115682	149.487298	154.31783	2.81670254	6.73364305	0	0	0	0	3
7265	1620	0	2.83789062	149.488718	152.113283	149.487298	154.31783	2.81670254	6.73364305	0	0	0	0	3
7270	1622	0	2.83984375	149.48463	152.110522	149.48463	154.31783	2.81670254	6.73364305	0	0	0	0	3
7275	1623	0	2.84179688	149.47983	152.10739	149.47983	154.31783	2.81670254	6.73364305	0	0	0	0	3
7280	1624	0	2.84375	149.475085	152.103886	149.475085	154.31783	2.81670254	6.73364305	0	0	0	0	3
7285	1625	0	2.84570312	149.47106	152.100015	149.47106	154.31783	2.81670254	6.73364305	0	0	0	0	3
7290	1626	0	2.84765625	149.46818	152.095787	149.46818	154.31783	2.81670254	6.73364305	0	0	0	0	3
7295	1627	0	2.84960938	149.466785	152.091198	149.466785	154.31783	2.81670254	6.73364305	0	0	0	0	3
7300	1629	0	2.8515625	149.467176	152.086252	149.466785	154.31783	2.81670254	6.73364305	0	0	0	0	3
7305	1631	0	2.85351562	149.469588	152.080971	149.466785	154.31783	2.81670254	6.73364305	0	0	0	0	3
7310	1632	0	2.85546875	149.474116	152.075377	149.466785	154.31783	2.81670254	6.73364305	0	0	0	0	3
7315	1633	0	2.85742188	149.480593	152.069492	149.466785	154.31783	2.81670254	6.73364305	0	0	0	0	3
7320	1634	0	2.859375	149.488849	152.063332	149.466785	154.31783	2.81670254	6.73364305	0	0	0	0	3
7325	1636	0	2.86132812	149.498687	152.056915	149.466785	154.31783	2.81670254	6.73364305	0	0	0	0	3
7330	1637	0	2.86328125	149.509807	152.050252	149.466785	154.31783	2.81670254	6.73364305	0	0	0	0	3
7335	1638	0	2.86523438	149.521783	152.043356	149.466785	154.31783	2.81670254	6.73364305	0	0	0	0	3
7340	1639	0	2.8671875	149.534057	152.036234	149.466785	154.31783	2.81670254	6.73364305	0	0	0	0	3
7345	1640	0	2.86914062	149.546247	152.028891	149.466785	154.31783	2.81670254	6.73364305	0	0	0	0	3
7350	1641	0	2.87109375	149.561875	152.021343	149.466785	154.31783	2.81670254	6.73364305	0	0	0	0	3
7355	1643	0	2.87304688	149.582999	152.013615	149.466785	154.31783	2.81670254	6.73364305	0	0	0	0	3
7360	1644	0	2.875	149.60312	152.005704	149.466785	154.31783	2.81670254	6.73364305	0	0	0	0	3
7365	1645	0	2.87695312	149.622206	151.997609	149.466785	154.31783	2.81670254	6.73364305	0	0	0	0	3
7370	1646	0	2.87890625	149.640881	151.989329	149.466785	154.31783	2.81670254	6.73364305	0	0	0	0	3
7375	1647	0	2.88085938	149.659792	151.980871	149.466785	154.31783	2.81670254	6.73364305	0	0	0	0	3
7380	1648	0	2.8828125	149.679357	151.972238	149.466785	154.31783	2.81670254	6.73364305	0	0	0	0	3
7385	1650	0	2.88476562	149.699217	151.963433	149.466785	154.31783	2.81670254	6.73364305	0	0	0	0	3
7390	1651	0	2.88671875	149.718819	151.954456	149.466785	154.31783	2.81670254	6.73364305	0	0	0	0	3
7395	1652	0	2.88867188	149.737888	151.945305	149.466785	154.31783	2.81670254	6.73364305	0	0	0	0	3
7400	1653	0	2.890625	149.756505	151.935975	149.466785	154.31783	2.81670254	6.73364305	0	0	0	0	3
7405	1655	0	2.89257812	149.774924	151.926463	149.466785	154.31783	2.81670254	6.73364305	0	0	0	0	3
7410	1656	0	2.89453125	149.793156	151.916767	149.466785	154.31783	2.81670254	6.73364305	0	0	0	0	3
7415	1658	0	2.89648438	149.81108	151.906882	149.466785	154.31783	2.81670254	6.73364305	0	0	0	0	3
7420	1659	0	2.8984375	149.828341	151.896804	149.466785	154.31783	2.81670254	6.73364305	0	0	0	0	3
7425	1660	0	2.90039062	149.844579	151.886529	149.466785	154.31783	2.81670254	6.73364305	0	0	0	0	3
7430	1661	0	2.90234375	149.859441	151.876049	149.466785	154.31783	2.81670254	6.73364305	0	0	0	0	3
7435	1662	0	2.90429688	149.872863	151.865358	149.466785	154.31783	2.81670254	6.73364305	0	0	0	0	3
7440	1663	0	2.90625	149.885313	151.854454	149.466785	154.31783	2.81670254	6.73364305	0	0	0	0	3
7445	1665	0	2.90820312	149.897539	151.843337	149.466785	154.31783	2.81670254	6.73364305	0	0	0	0	3
7450	1666	0	2.91015625	149.910235	151.832012	149.466785	154.31783	2.81670254	6.73364305	0	0	0	0	3
7455	1667	0	2.91210938	149.923931	151.820489	149.466785	154.31783	2.81670254	6.73364305	0	0	0	0	3
7460	1668	0	2.9140625	149.939021	151.80878	149.466785	154.31783	2.81670254	6.73364305	0	0	0	0	3
7465	1669	0	2.91601562	149.955831	151.796918	149.466785	154.31783	2.81670254	6.73364305	0	0	0	0	3
7470	1670	0	2.91796875	149.974544	151.784916	149.466785	154.31783	2.81670254	6.73364305	0	0	0	0	3
7475	1671	0	2.91992188	149.99522	151.772789	149.466785	154.31783	2.81670254	6.73364305	0	0	0	0	3
7480	1673	0	2.921875	150.017807	151.760556	149.466785	154.31783	2.81670254	6.73364305	0	0	0	0	3
7485	1674	0	2.92382812	150.042184	151.748233	149.466785	154.31783	2.81670254	6.73364305	0	0	0	0	3
7490	1675	0	2.92578125	150.068115	151.735838	149.466785	154.31783	2.81670254	6.73364305	0	0	0	0	3
7495	1676	0	2.92773438	150.095228	151.723384	149.466785	154.31783	2.81670254	6.73364305	0	0	0	0	3
7500	1677	0	2.9296875	150.123061	151.710881	149.466785	154.31783	2.81670254	6.73364305	0	0	0	0	3
7505	1679	0	2.93164062	150.151179	151.698335	149.466785	154.31783	2.81670254	6.73364305	0	0	0	0	3
7510	1681	0	2.93359375	150.179195	151.685748	149.466785	154.31783	2.81670254	6.73364305	0	0	0	0	3
7515	1682	0	2.93554688	150.20667	151.67312	149.466785	154.31783	2.81670254	6.73364305	0	0	0	0	3
7520	1683	0	2.9375	150.240957	151.660478	149.466785	154.31783	2.81670254	6.73364305	0	0	0	0	3
7525	1684	0	2.93945312	150.27406	151.647817	149.466785	154.31783	2.81670254	6.73364305	0	0	0	0	3
7530	1685	0	2.94140625	150.305668	151.635128	149.466785	154.31783	2.81670254	6.73364305	0	0	0	0	3
7535	1686	0	2.94335938	150.336148	151.622404	149.466785	154.31783	2.81670254	6.73364305	0	0	0	0	3
7540	1687	0	2.9453125	150.366011	151.60964	149.466785	154.31783	2.81670254	6.73364305	0	0	0	0	3
7545	1688	0	2.94726562	150.395616	151.596828	149.466785	154.31783	2.81670254	6.73364305	0	0	0	0	3
7550	1690	0	2.94921875	150.424999	151.583965	149.466785	154.31783	2.81670254	6.73364305	0	0	0	0	3
7555	1691	0	2.95117188	150.4539	151.571049	149.466785	154.31783	2.81670254	6.73364305	0	0	0	0	3
7560	1692	0	2.953125	150.482158	151.558078	149.466785	154.31783	2.81670254	6.73364305	0	0	0	0	3
7565	1693	0	2.95507812	150.509744	151.545054	149.466785	154.31783	2.81670254	6.73364305	0	0	0	0	3
7570	1694	0	2.95703125	150.536865	151.531979	149.466785	154.31783	2.81670254	6.73364305	0	0	0	0	3
7575	1695	0	2.95898438	150.563773	151.518861	149.466785	154.31783	2.81670254	6.73364305	0	0	0	0	3
7580	1697	0	2.9609375	150.590404	151.505704	149.466785	154.31783	2.81670254	6.73364305	0	0	0	0	3
7585	1698	0	2.96289062	150.616597	151.492517	149.466785	154.31783	2.81670254	6.73364305	0	0	0	0	3
7590	1699	0	2.96484375	150.642046	151.479303	149.466785	154.31783	2.81670254	6.73364305	0	0	0	0	3
7595	1700	0	2.96679688	150.666484	151.466067	149.466785	154.31783	2.81670254	6.73364305	0	0	0	0	3
7600	1701	0	2.96875	150.689856	151.452812	149.466785	154.31783	2.81670254	6.73364305	0	0	0	0	3
7605	1703	0	2.97070312	150.712387	151.439543	149.466785	154.31783	2.81670254	6.73364305	0	0	0	0	3
7610	1705	0	2.97265625	150.734555	151.426264	149.466785	154.31783	2.81670254	6.73364305	0	0	0	0	3
7615	1706	0	2.97460938	150.756763	151.412979	149.466785	154.31783	2.81670254	6.73364305	0	0	0	0	3
7620	1707	0	2.9765625	150.779414	151.399693	149.466785	154.31783	2.81638128	6.73364305	0	0	0	0	3
7625	1708	0	2.97851562	150.802849	151.386413	149.466785	154.31783	2.8155296	6.73364305	0	0	0	0	3
7630	1709	0	2.98046875	150.827381	151.373188	149.466785	154.31783	2.8141614	6.73364305	0	0	0	0	3
7635	1710	0	2.98242188	150.853188	151.360037	149.466785	154.31783	2.81227944	6.73364305	0	0	0	0	3
7640	1711	0	2.984375	150.880281	151.346966	149.466785	154.31783	2.80989381	6.73364305	0	0	0	0	3
7645	1712	0	2.98632812	150.908642	151.33398	149.466785	154.31783	2.8070209	6.73364305	0	0	0	0	3
7650	1714	0	2.98828125	150.938215	151.321089	149.466785	154.31783	2.80368031	6.73364305	0	0	0	0	3
7655	1715	0	2.99023438	150.968864	151.308304	149.466785	154.31783	2.79989176	6.73364305	0	0	0	0	3
7660	1716	0	2.9921875	151.000334	151.295636	149.466785	154.31783	2.79566871	6.73364305	0	0	0	0	3
7665	1717	0	2.99414062	151.032313	151.283092	149.466785	154.31783	2.79101328	6.73364305	0	0	0	0	3
7670	1718	0	2.99609375	151.064489	151.270676	149.466785	154.31783	2.78591497	6.73364305	0	0	0	0	3
7675	1719	0	2.99804688	151.096538	151.258386	149.466785	154.31783	2.7803573	6.73364305	0	0	0	0	3
7680	1721	0	3	151.128136	151.246219	149.466785	154.31783	2.77432144	6.73364305	0	0	0	0	3
7685	1722	0	3.00195312	151.160951	151.234178	149.466785	154.31783	2.76778663	6.73364305	0	0	0	0	3
7690	1723	0	3.00390625	151.194155	151.222263	149.466785	154.31783	2.76072918	6.73364305	0	0	0	0	3
7695	1724	0	3.00585938	151.226086	151.210466	149.466785	154.31783	2.75312223	6.73364305	0	0	0	0	3
7700	1725	0	3.0078125	151.256732	151.198776	149.466785	154.31783	2.74493758	6.73364305	0	0	0	0	3
7705	1728	0	3.00976562	151.286228	151.18718	149.466785	154.31783	2.73614813	6.73364305	0	0	0	0	3
7710	1729	0	3.01171875	151.314789	151.175666	149.466785	154.31783	2.72673137	6.73364305	0	0	0	0	3
7715	1730	0	3.01367188	151.342555	151.164223	149.466785	154.31783	2.71667274	6.73364305	0	0	0	0	3
7720	1732	0	3.015625	151.369593	151.152841	149.466785	154.31783	2.70596917	6.73364305	0	0	0	0	3
7725	1733	0	3.01757812	151.395922	151.14152	149.466785	154.31783	2.69462912	6.73364305	0	0	0	0	3
7730	1734	0	3.01953125	151.421542	151.13026	149.466785	154.31783	2.68267226	6.73364305	0	0	0	0	3
7735	1735	0	3.02148438	151.44658	151.119068	149.466785	154.31783	2.67009889	6.73364305	0	0	0	0	3
7740	1736	0	3.0234375	151.471256	151.107954	149.466785	154.31783	2.65692299	6.73364305	0	0	0	0	3
7745	1738	0	3.02539062	151.495767	151.09693	149.466785	154.315821	2.64318236	6.73364305	0	0	0	0	3
7750	1739	0	3.02734375	151.520102	151.08601	149.466785	154.310274	2.62891632	6.73364305	0	0	0	0	3
7755	1740	0	3.02929688	151.544184	151.075205	149.466785	154.301121	2.61416324	6.73364305	0	0	0	0	3
7760	1741	0	3.03125	151.567932	151.064528	149.466785	154.288488	2.59895881	6.73364305	0	0	0	0	3
7765	1742	0	3.03320312	151.591315	151.053992	149.466785	154.272822	2.58333401	6.73364305	0	0	0	0	3
7770	1743	0	3.03515625	151.614415	151.043608	149.466785	154.254801	2.56731563	6.73364305	0	0	0	0	3
7775	1744	0	3.03710938	151.637311	151.033383	149.466785	154.235233	2.55092577	6.73364305	0	0	0	0	3
7780	1746	0	3.0390625	151.660165	151.023324	149.466785	154.214847	2.53418082	6.73364305	0	0	0	0	3
7785	1747	0	3.04101562	151.683081	151.013435	149.466785	154.194394	2.51708974	6.73364305	0	0	0	0	3
7790	1748	0	3.04296875	151.7062	151.003715	149.466785	154.167863	2.49968052	6.73364305	0	0	0	0	3
7795	1749	0	3.04492188	151.729599	150.994191	149.466785	154.131838	2.48199129	6.73364305	0	0	0	0	3
7800	1750	0	3.046875	151.753255	150.984899	149.466785	154.097492	2.46401542	6.73364305	0	0	0	0	3
7805	1753	0	3.04882812	151.777207	150.975836	149.466785	154.064639	2.44574757	6.73364305	0	0	0	0	3
7810	1754	0	3.05078125	151.801452	150.966995	149.466785	154.032722	2.42718569	6.73364305	0	0	0	0	3
7815	1755	0	3.05273438	151.826016	150.958375	149.466785	154.001049	2.40833095	6.73364305	0	0	0	0	3
7820	1756	0	3.0546875	151.850816	150.949976	149.466785	153.969094	2.38918714	6.73364305	0	0	0	0	3
7825	1757	0	3.05664062	151.875713	150.941799	149.466785	153.936751	2.36975852	6.73364305	0	0	0	0	3
7830	1759	0	3.05859375	151.900599	150.933845	149.466785	153.904337	2.35004691	6.73364305	0	0	0	0	3
7835	1760	0	3.06054688	151.925397	150.926115	149.466785	153.872745	2.33004899	6.73364305	0	0	0	0	3
7840	1761	0	3.0625	151.949997	150.918604	149.466785	153.842248	2.30975921	6.73364305	0	0	0	0	3
7845	1762	0	3.06445312	151.974137	150.911307	149.466785	153.812491	2.28917344	6.73364305	0	0	0	0	3
7850	1763	0	3.06640625	151.997409	150.904216	149.466785	153.783106	2.26828952	6.73364305	0	0	0	0	3
7855	1765	0	3.06835938	152.018909	150.897325	149.466785	153.754385	2.24710417	6.73364305	0	0	0	0	3
7860	1766	0	3.0703125	152.039721	150.890627	149.466785	153.726989	2.22561164	6.73364305	0	0	0	0	3
7865	1767	0	3.07226562	152.059766	150.884115	149.466785	153.701424	2.20380494	6.73364305	0	0	0	0	3
7870	1768	0	3.07421875	152.078826	150.877776	149.466785	153.67804	2.18167695	6.73364305	0	0	0	0	3
7875	1769	0	3.07617188	152.09685	150.8716	149.466785	153.656958	2.15922115	6.73364305	0	0	0	0	3
7880	1770	0	3.078125	152.113924	150.865572	149.466785	153.637722	2.13643346	6.73364305	0	0	0	0	3
7885	1772	0	3.08007812	152.130245	150.859684	149.466785	153.619079	2.11331575	6.73364305	0	0	0	0	3
7890	1773	0	3.08203125	152.145896	150.853929	149.466785	153.599795	2.08987669	6.73364305	0	0	0	0	3
7895	1774	0	3.08398438	152.160993	150.848309	149.466785	153.578732	2.06613148	6.73364305	0	0	0	0	3
7900	1775	0	3.0859375	152.175731	150.842828	149.466785	153.554989	2.04210837	6.73364305	0	0	0	0	3
7905	1778	0	3.08789062	152.190307	150.837497	149.466785	153.528131	2.0178648	6.73364305	0	0	0	0	3
7910	1779	0	3.08984375	152.204906	150.832329	149.466785	153.497991	1.99342389	6.73364305	0	0	0	0	3
7915	1780	0	3.09179688	152.219497	150.827335	149.466785	153.464508	1.96880977	6.73364305	0	0	0	0	3
7920	1781	0	3.09375	152.234162	150.822528	149.466785	153.427499	1.94405136	6.73364305	0	0	0	0	3
7925	1782	0	3.09570312	152.249071	150.817925	149.466785	153.387095	1.9191797	6.73364305	0	0	0	0	3
7930	1783	0	3.09765625	152.264386	150.81354	149.466785	153.343749	1.89422388	6.73364305	0	0	0	0	3
7935	1784	0	3.09960938	152.280108	150.809385	149.466785	153.298155	1.8692081	6.73364305	0	0	0	0	3
7940	1786	0	3.1015625	152.296026	150.80547	149.466785	153.251019	1.84414988	6.73364305	0	0	0	0	3
7945	1787	0	3.10351562	152.312021	150.801802	149.466785	153.203089	1.81905935	6.73364305	0	0	0	0	3
7950	1788	0	3.10546875	152.327935	150.798384	149.466785	153.155293	1.7939395	6.73364305	0	0	0	0	3
7955	1789	0	3.10742188	152.343681	150.795213	149.466785	153.108579	1.76878753	6.73364305	0	0	0	0	3
7960	1790	0	3.109375	152.359026	150.792285	149.466785	153.050177	1.74364948	6.73364305	0	0	0	0	3
7965	1792	0	3.11132812	152.373785	150.789643	149.466785	152.993838	1.71851714	6.73364305	0	0	0	0	3
7970	1793	0	3.11328125	152.38796	150.787277	149.466785	152.93992	1.69337841	6.73364305	0	0	0	0	3
7975	1794	0	3.11523438	152.401541	150.785174	149.466785	152.888296	1.66821787	6.73364305	0	0	0	0	3
7980	1795	0	3.1171875	152.414544	150.783323	149.466785	152.83845	1.64301955	6.73364305	0	0	0	0	3
7985	1796	0	3.11914062	152.426866	150.781715	149.466785	152.789674	1.617771	6.73364305	0	0	0	0	3
7990	1798	0	3.12109375	152.438535	150.780344	149.466785	152.741644	1.59246427	6.73364305	0	0	0	0	3
7995	1799	0	3.12304688	152.449614	150.779203	149.466785	152.694386	1.56709471	6.73364305	0	0	0	0	3
8000	1800	0	3.125	152.460231	150.778288	149.466785	152.648268	1.54166017	6.73364305	0	0	0	0	3
8005	1802	0	3.12695312	152.470466	150.777594	149.466785	152.603488	1.51616209	6.73364305	0	0	0	0	3
8010	1803	0	3.12890625	152.480312	150.777112	149.466785	152.559627	1.49060802	6.73364305	0	0	0	0	3
8015	1805	0	3.13085938	152.489894	150.77684	149.466785	152.516158	1.46501052	6.73364305	0	0	0	0	3
8020	1806	0	3.1328125	152.495593	150.77676	149.466785	152.495593	1.43938309	6.73364305	0	0	0	0	3
8025	1807	0	3.13476562	152.500165	150.776865	149.466785	152.500165	1.41373809	6.73364305	0	0	0	0	3
8030	1809	0	3.13671875	152.504635	150.777153	149.466785	152.504635	1.38808724	6.73364305	0	0	0	0	3
8035	1810	0	3.13867188	152.508835	150.777618	149.466785	152.508835	1.36244182	6.73364305	0	0	0	0	3
8040	1811	0	3.140625	152.512556	150.778253	149.466785	152.512556	1.3469014	6.73364305	0	0	0	0	3
8045	1812	0	3.14257812	152.515621	150.77905	149.466785	152.515621	1.3469014	6.73364305	0	0	0	0	3
8050	1814	0	3.14453125	152.518046	150.779999	149.466785	152.518046	1.3469014	6.73364305	0	0	0	0	3
8055	1815	0	3.14648438	152.51993	150.781095	149.466785	152.51993	1.3469014	6.73364305	0	0	0	0	3
8060	1816	0	3.1484375	152.521551	150.782336	149.466785	152.521551	1.3469014	6.73364305	0	0	0	0	3
8065	1817	0	3.15039062	152.523211	150.783728	149.466785	152.523211	1.3469014	6.73364305	0	0	0	0	3
8070	1818	0	3.15234375	152.525003	150.785276	149.466785	152.525003	1.3469014	6.73364305	0	0	0	0	3
8075	1820	0	3.15429688	152.526843	150.786988	149.466785	152.526843	1.3469014	6.73364305	0	0	0	0	3
8080	1821	0	3.15625	152.528748	150.788871	149.466785	152.528748	1.3469014	6.73364305	0	0	0	0	3
8085	1822	0	3.15820312	152.530947	150.790935	149.466785	152.530947	1.3469014	6.73364305	0	0	0	0	3
8090	1823	0	3.16015625	152.533729	150.793191	149.466785	152.533729	1.3469014	6.73364305	0	0	0	0	3
8095	1825	0	3.16210938	152.537211	150.79565	149.466785	152.537211	1.3469014	6.73364305	0	0	0	0	3
8100	1826	0	3.1640625	152.541402	150.798323	149.466785	152.541402	1.3469014	6.73364305	0	0	0	0	3
8105	1828	0	3.16601562	152.546251	150.801217	149.466785	152.546251	1.3469014	6.73364305	0	0	0	0	3
8110	1829	0	3.16796875	152.55153	150.804339	149.466785	152.55153	1.3469014	6.73364305	0	0	0	0	3
8115	1830	0	3.16992188	152.556906	150.80769	149.466785	152.556906	1.3469014	6.73364305	0	0	0	0	3
8120	1832	0	3.171875	152.561845	150.811268	149.466785	152.561845	1.3469014	6.73364305	0	0	0	0	3
8125	1833	0	3.17382812	152.565946	150.815066	149.466785	152.565946	1.3469014	6.73364305	0	0	0	0	3
8130	1834	0	3.17578125	152.569028	150.819085	149.466785	152.569028	1.3469014	6.73364305	0	0	0	0	3
8135	1836	0	3.17773438	152.571082	150.823324	149.466785	152.571082	1.3469014	6.73364305	0	0	0	0	3
8140	1837	0	3.1796875	152.572101	150.827769	149.466785	152.572101	1.3469014	6.73364305	0	0	0	0	3
8145	1838	0	3.18164062	152.571913	150.832406	149.466785	152.572101	1.3469014	6.73364305	0	0	0	0	3
8150	1839	0	3.18359375	152.570485	150.837222	149.466785	152.572101	1.3469014	6.73364305	0	0	0	0	3
8155	1840	0	3.18554688	152.567926	150.842206	149.466785	152.572101	1.3469014	6.73364305	0	0	0	0	3
8160	1842	0	3.1875	152.564511	150.847349	149.466785	152.572101	1.3469014	6.73364305	0	0	0	0	3
8165	1843	0	3.18945312	152.560368	150.852642	149.466785	152.572101	1.3469014	6.73364305	0	0	0	0	3
8170	1844	0	3.19140625	152.555644	150.858078	149.466785	152.572101	1.3469014	6.73364305	0	0	0	0	3
8175	1845	0	3.19335938	152.550589	150.86365	149.466785	152.572101	1.3469014	6.73364305	0	0	0	0	3
8180	1847	0	3.1953125	152.545533	150.869357	149.466785	152.572101	1.3469014	6.73364305	0	0	0	0	3
8185	1848	0	3.19726562	152.538532	150.875187	149.466785	152.572101	1.3469014	6.73364305	0	0	0	0	3
8190	1849	0	3.19921875	152.528304	150.881128	149.466785	152.572101	1.3469014	6.73364305	0	0	0	0	3
8195	1850	0	3.20117188	152.51861	150.887182	149.466785	152.572101	1.3469014	6.73364305	0	0	0	0	3
8200	1852	0	3.203125	152.509421	150.893348	149.466785	152.572101	1.3469014	6.73364305	0	0	0	0	3
8205	1854	0	3.20507812	152.500535	150.899628	149.466785	152.572101	1.3469014	6.73364305	0	0	0	0	3
8210	1855	0	3.20703125	152.491558	150.90602	149.466785	152.572101	1.3469014	6.73364305	0	0	0	0	3
8215	1856	0	3.20898438	152.482313	150.912519	149.466785	152.572101	1.3469014	6.73364305	0	0	0	0	3
8220	1858	0	3.2109375	152.472908	150.919124	149.466785	152.572101	1.3469014	6.73364305	0	0	0	0	3
8225	1859	0	3.21289062	152.463572	150.925833	149.466785	152.572101	1.3469014	6.73364305	0	0	0	0	3
8230	1860	0	3.21484375	152.454512	150.93265	149.466785	152.572101	1.3469014	6.73364305	0	0	0	0	3
8235	1861	0	3.21679688	152.445654	150.939575	149.466785	152.572101	1.3469014	6.73364305	0	0	0	0	3
8240	1862	0	3.21875	152.436889	150.946611	149.466785	152.572101	1.3469014	6.73364305	0	0	0	0	3
8245	1864	0	3.22070312	152.428276	150.95376	149.466785	152.572101	1.3469014	6.73364305	0	0	0	0	3
8250	1865	0	3.22265625	152.419967	150.961024	149.466785	152.572101	1.3469014	6.73364305	0	0	0	0	3
8255	1866	0	3.22460938	152.412124	150.968406	149.466785	152.572101	1.3469014	6.73364305	0	0	0	0	3
8260	1867	0	3.2265625	152.404837	150.97591	149.466785	152.572101	1.3469014	6.73364305	0	0	0	0	3
8265	1869	0	3.22851562	152.398265	150.98354	149.466785	152.572101	1.3469014	6.73364305	0	0	0	0	3
8270	1870	0	3.23046875	152.392533	150.991299	149.466785	152.572101	1.3469014	6.73364305	0	0	0	0	3
8275	1871	0	3.23242188	152.387472	150.999191	149.466785	152.572101	1.3469014	6.73364305	0	0	0	0	3
8280	1872	0	3.234375	152.382564	151.007215	149.466785	152.572101	1.3469014	6.73364305	0	0	0	0	3
8285	1874	0	3.23632812	152.377274	151.015367	149.466785	152.572101	1.3469014	6.73364305	0	0	0	0	3
8290	1875	0	3.23828125	152.371333	151.023642	149.466785	152.572101	1.3469014	6.73364305	0	0	0	0	3
8295	1876	0	3.24023438	152.364594	151.032031	149.466785	152.572101	1.3469014	6.73364305	0	0	0	0	3
8300	1877	0	3.2421875	152.356892	151.040518	149.466785	152.572101	1.3469014	6.73364305	0	0	0	0	3
8305	1880	0	3.24414062	152.348026	151.049093	149.466785	152.572101	1.3469014	6.73364305	0	0	0	0	3
8310	1881	0	3.24609375	152.337906	151.057746	149.466785	152.572101	1.3469014	6.73364305	0	0	0	0	3
8315	1882	0	3.24804688	152.326644	151.066467	149.466785	152.572101	1.3469014	6.73364305	0	0	0	0	3
8320	1883	0	3.25	152.314399	151.075246	149.466785	152.572101	1.3469014	6.73364305	0	0	0	0	3
8325	1885	0	3.25195312	152.301263	151.084073	149.466785	152.572101	1.3469014	6.73364305	0	0	0	0	3
8330	1886	0	3.25390625	152.287278	151.092938	149.466785	152.572101	1.3469014	6.73364305	0	0	0	0	3
8335	1887	0	3.25585938	152.272673	151.101834	149.466785	152.572101	1.3469014	6.73364305	0	0	0	0	3
8340	1888	0	3.2578125	152.257861	151.110759	149.466785	152.572101	1.3469014	6.73364305	0	0	0	0	3
8345	1889	0	3.25976562	152.243222	151.119711	149.466785	152.572101	1.3469014	6.73364305	0	0	0	0	3
8350	1891	0	3.26171875	152.228948	151.128691	149.466785	152.572101	1.3469014	6.73364305	0	0	0	0	3
8355	1892	0	3.26367188	152.210514	151.137683	149.466785	152.572101	1.3469014	6.73364305	0	0	0	0	3
8360	1893	0	3.265625	152.19278	151.146688	149.466785	152.572101	1.3469014	6.73364305	0	0	0	0	3
8365	1894	0	3.26757812	152.176046	151.155711	149.466785	152.572101	1.3469014	6.73364305	0	0	0	0	3
8370	1895	0	3.26953125	152.160135	151.164759	149.466785	152.572101	1.3469014	6.73364305	0	0	0	0	3
8375	1897	0	3.27148438	152.144602	151.173835	149.466785	152.572101	1.3469014	6.73364305	0	0	0	0	3
8380	1898	0	3.2734375	152.129176	151.182941	149.466785	152.572101	1.3469014	6.73364305	0	0	0	0	3
8385	1899	0	3.27539062	152.113924	151.19208	149.466785	152.572101	1.3469014	6.73364305	0	0	0	0	3
8390	1900	0	3.27734375	152.099028	151.201255	149.466785	152.572101	1.3469014	6.73364305	0	0	0	0	3
8395	1902	0	3.27929688	152.084506	151.210465	149.466785	152.572101	1.3469014	6.73364305	0	0	0	0	3
8400	1903	0	3.28125	152.070246	151.219709	149.466785	152.572101	1.3469014	6.73364305	0	0	0	0	3
8405	1905	0	3.28320312	152.056198	151.228985	149.466785	152.572101	1.3469014	6.73364305	0	0	0	0	3
8410	1906	0	3.28515625	152.042373	151.238289	149.466785	152.572101	1.3469014	6.73364305	0	0	0	0	3
8415	1907	0	3.28710938	152.028765	151.247618	149.466785	152.572101	1.3469014	6.73364305	0	0	0	0	3
8420	1908	0	3.2890625	152.01532	151.256968	149.466785	152.572101	1.3469014	6.73364305	0	0	0	0	3
8425	1910	0	3.29101562	152.002146	151.266335	149.466785	152.572101	1.3469014	6.73364305	0	0	0	0	3
8430	1911	0	3.29296875	151.989538	151.275716	149.466785	152.572101	1.3469014	6.73364305	0	0	0	0	3
8435	1912	0	3.29492188	151.977675	151.285111	149.466785	152.572101	1.3469014	6.73364305	0	0	0	0	3
8440	1913	0	3.296875	151.966421	151.294518	149.466785	152.572101	1.3469014	6.73364305	0	0	0	0	3
8445	1914	0	3.29882812	151.955343	151.303934	149.466785	152.572101	1.3469014	6.73364305	0	0	0	0	3
8450	1916	0	3.30078125	151.944116	151.313357	149.466785	152.572101	1.3469014	6.73364305	0	0	0	0	3
8455	1917	0	3.30273438	151.93262	151.322783	149.466785	152.572101	1.3469014	6.73364305	0	0	0	0	3
8460	1918	0	3.3046875	151.920732	151.332211	149.466785	152.572101	1.3469014	6.73364305	0	0	0	0	3
8465	1919	0	3.30664062	151.908202	151.34161	149.466785	152.572101	1.3469014	6.73364305	0	0	0	0	3
8470	1921	0	3.30859375	151.894814	151.350972	149.466785	152.572101	1.3469014	6.73364305	0	0	0	0	3
8475	1922	0	3.31054688	151.880639	151.360292	149.466785	152.572101	1.3469014	6.73364305	0	0	0	0	3
8480	1923	0	3.3125	151.865803	151.369568	149.466785	152.572101	1.3469014	6.73364305	0	0	0	0	3
8485	1924	0	3.31445312	151.85034	151.378793	149.466785	152.572101	1.3469014	6.73364305	0	0	0	0	3
8490	1926	0	3.31640625	151.834192	151.387961	149.466785	152.572101	1.3469014	6.73364305	0	0	0	0	3
8495	1927	0	3.31835938	151.817402	151.397062	149.466785	152.572101	1.3469014	6.73364305	0	0	0	0	3
8500	1928	0	3.3203125	151.800269	151.406094	149.466785	152.572101	1.34685983	6.73364305	0	0	0	0	3
8505	1931	0	3.32226562	151.783094	151.415055	149.466785	152.572101	1.346569	6.73364305	0	0	0	0	3
8510	1932	0	3.32421875	151.766073	151.423946	149.466785	152.572101	1.34601907	6.73364305	0	0	0	0	3
8515	1933	0	3.32617188	151.749299	151.432768	149.466785	152.572101	1.34519863	6.73364305	0	0	0	0	3
8520	1934	0	3.328125	151.731715	151.441517	149.466785	152.572101	1.34409432	6.73364305	0	0	0	0	3
8525	1935	0	3.33007812	151.713952	151.450194	149.466785	152.572101	1.34269108	6.73364305	0	0	0	0	3
8530	1937	0	3.33203125	151.697149	151.458803	149.466785	152.572101	1.34097258	6.73364305	0	0	0	0	3
8535	1938	0	3.33398438	151.681216	151.467351	149.466785	152.572101	1.33892199	6.73364305	0	0	0	0	3
8540	1939	0	3.3359375	151.665833	151.475844	149.466785	152.572101	1.33652302	6.73364305	0	0	0	0	3
8545	1940	0	3.33789062	151.650882	151.48429	149.466785	152.572101	1.33376188	6.73364305	0	0	0	0	3
8550	1942	0	3.33984375	151.63639	151.492696	149.466785	152.572101	1.33062997	6.73364305	0	0	0	0	3
8555	1943	0	3.34179688	151.62241	151.501065	149.466785	152.572101	1.3271259	6.73364305	0	0	0	0	3
8560	1944	0	3.34375	151.608803	151.5094	149.466785	152.572101	1.32325484	6.73364305	0	0	0	0	3
8565	1945	0	3.34570312	151.595465	151.517698	149.466785	152.572101	1.31902714	6.73364305	0	0	0	0	3
8570	1946	0	3.34765625	151.58245	151.525957	149.466785	152.572101	1.31443813	6.73364305	0	0	0	0	3
8575	1948	0	3.34960938	151.569701	151.534172	149.467176	152.572101	1.30949245	6.73364305	0	0	0	0	3
8580	1949	0	3.3515625	151.557085	151.542336	149.469588	152.572101	1.30421151	6.73364305	0	0	0	0	3
8585	1950	0	3.35351562	151.544369	151.55044	149.474116	152.572101	1.29861774	6.73364305	0	0	0	0	3
8590	1952	0	3.35546875	151.531649	151.558477	149.480593	152.572101	1.29273213	6.73364305	0	0	0	0	3
8595	1953	0	3.35742188	151.519167	151.566441	149.488849	152.572101	1.28657278	6.73364305	0	0	0	0	3
8600	1954	0	3.359375	151.507043	151.574324	149.498687	152.572101	1.28015502	6.73364305	0	0	0	0	3
8605	1956	0	3.36132812	151.495195	151.582123	149.509807	152.572101	1.27349229	6.73364305	0	0	0	0	3
8610	1958	0	3.36328125	151.483402	151.589832	149.521783	152.572101	1.266596	6.73364305	0	0	0	0	3
8615	1959	0	3.36523438	151.471657	151.597449	149.534057	152.572101	1.25947405	6.73364305	0	0	0	0	3
8620	1960	0	3.3671875	151.459953	151.604972	149.546247	152.572101	1.25213097	6.73364305	0	0	0	0	3
8625	1961	0	3.36914062	151.448201	151.612402	149.561875	152.572101	1.24458352	6.73364305	0	0	0	0	3
8630	1963	0	3.37109375	151.43621	151.619723	149.582999	152.572101	1.23685543	6.73364305	0	0	0	0	3
8635	1964	0	3.37304688	151.423933	151.626914	149.60312	152.572101	1.22894455	6.73364305	0	0	0	0	3
8640	1965	0	3.375	151.411581	151.633979	149.622206	152.572101	1.22084886	6.73364305	0	0	0	0	3
8645	1966	0	3.37695312	151.399178	151.64092	149.640881	152.572101	1.21256954	6.73364305	0	0	0	0	3
8650	1968	0	3.37890625	151.38661	151.647739	149.659792	152.572101	1.20411084	6.73364305	0	0	0	0	3
8655	1969	0	3.38085938	151.373728	151.654434	149.679357	152.572101	1.19547793	6.73364305	0	0	0	0	3
8660	1970	0	3.3828125	151.360689	151.661002	149.699217	152.572101	1.18667337	6.73364305	0	0	0	0	3
8665	1971	0	3.38476562	151.347725	151.667441	149.718819	152.572101	1.17769658	6.73364305	0	0	0	0	3
8670	1973	0	3.38671875	151.334868	151.673754	149.737888	152.572101	1.16854493	6.73364305	0	0	0	0	3
8675	1974	0	3.38867188	151.322073	151.679942	149.756505	152.572101	1.15921502	6.73364305	0	0	0	0	3
8680	1975	0	3.390625	151.309352	151.686008	149.774924	152.572101	1.14970349	6.73364305	0	0	0	0	3
8685	1977	0	3.39257812	151.297119	151.691954	149.793156	152.572101	1.14000692	6.73364305	0	0	0	0	3
8690	1978	0	3.39453125	151.285972	151.697786	149.81108	152.572101	1.130122	6.73364305	0	0	0	0	3
8695	1979	0	3.39648438	151.275332	151.703505	149.828341	152.572101	1.12004457	6.73364305	0	0	0	0	3
8700	1980	0	3.3984375	151.265041	151.709117	149.844579	152.572101	1.10976921	6.73364305	0	0	0	0	3
8705	1982	0	3.40039062	151.255137	151.714627	149.859441	152.572101	1.09928923	6.73364305	0	0	0	0	3
8710	1983	0	3.40234375	151.245865	151.720043	149.872863	152.572101	1.08859844	6.73364305	0	0	0	0	3
8715	1985	0	3.40429688	151.237309	151.725373	149.885313	152.572101	1.07769386	6.73364305	0	0	0	0	3
8720	1986	0	3.40625	151.229288	151.730623	149.897539	152.572101	1.06657683	6.73364305	0	0	0	0	3
8725	1987	0	3.40820312	151.221539	151.735795	149.910235	152.572101	1.05525243	6.73364305	0	0	0	0	3
8730	1988	0	3.41015625	151.214001	151.740888	149.923931	152.572101	1.04372882	6.73364305	0	0	0	0	3
8735	1989	0	3.41210938	151.206736	151.745899	149.939021	152.572101	1.03202074	6.73364305	0	0	0	0	3
8740	1991	0	3.4140625	151.199684	151.750823	149.955831	152.572101	1.02015814	6.73364305	0	0	0	0	3
8745	1992	0	3.41601562	151.192657	151.755654	149.974544	152.572101	1.00815593	6.73364305	0	0	0	0	3
8750	1993	0	3.41796875	151.185526	151.760385	149.99522	152.572101	0.996029707	6.73364305	0	0	0	0	3
8755	1995	0	3.41992188	151.178328	151.765006	150.017807	152.572101	0.98824658	6.73364305	0	0	0	0	3
8760	1996	0	3.421875	151.171086	151.769511	150.042184	152.572101	0.992751576	6.73364305	0	0	0	0	3
8765	1997	0	3.42382812	151.163696	151.773892	150.068115	152.572101	0.997132482	6.73364305	0	0	0	0	3
8770	1999	0	3.42578125	151.156041	151.778142	150.095228	152.572101	1.00138219	6.73364305	0	0	0	0	3
8775	2000	0	3.42773438	151.148179	151.782255	150.123061	152.572101	1.00549528	6.73364305	0	0	0	0	3
8780	2001	0	3.4296875	151.140307	151.786229	150.151179	152.572101	1.0094689	6.73364305	0	0	0	0	3
8785	2002	0	3.43164062	151.132575	151.790062	150.179195	152.572101	1.01330248	6.73364305	0	0	0	0	3
8790	2004	0	3.43359375	151.124969	151.793757	150.20667	152.572101	1.01699691	6.73364305	0	0	0	0	3
8795	2005	0	3.43554688	151.117555	151.797315	150.240957	152.572101	1.02055505	6.73364305	0	0	0	0	3
8800	2006	0	3.4375	151.110441	151.800711	150.27406	152.572101	1.02395148	6.73364305	0	0	0	0	3
8805	2009	0	3.43945312	151.103735	151.803952	150.305668	152.572101	1.02719239	6.73364305	0	0	0	0	3
8810	2010	0	3.44140625	151.097402	151.807045	150.336148	152.572101	1.03028511	6.73364305	0	0	0	0	3
8815	2011	0	3.44335938	151.091328	151.809995	150.366011	152.572101	1.03323503	6.73364305	0	0	0	0	3
8820	2012	0	3.4453125	151.085562	151.812805	150.395616	152.572101	1.03604578	6.73364305	0	0	0	0	3
8825	2014	0	3.44726562	151.080143	151.815479	150.424999	152.572101	1.03871971	6.73364305	0	0	0	0	3
8830	2015	0	3.44921875	151.075086	151.818019	150.4539	152.572101	1.04125911	6.73364305	0	0	0	0	3
8835	2016	0	3.45117188	151.070265	151.820426	150.482158	152.572101	1.04366679	6.73364305	0	0	0	0	3
8840	2017	0	3.453125	151.065566	151.822705	150.509744	152.572101	1.04594573	6.73364305	0	0	0	0	3
8845	2019	0	3.45507812	151.061074	151.824859	150.536865	152.572101	1.04809936	6.73364305	0	0	0	0	3
8850	2020	0	3.45703125	151.056786	151.82689	150.563773	152.572101	1.0501303	6.73364305	0	0	0	0	3
8855	2021	0	3.45898438	151.054731	151.828808	150.590404	152.572101	1.05204811	6.73364305	0	0	0	0	3
8860	2023	0	3.4609375	151.053213	151.830616	150.616597	152.572101	1.05385595	6.73364305	0	0	0	0	3
8865	2024	0	3.46289062	151.051623	151.832315	150.642046	152.572101	1.05555527	6.73364305	0	0	0	0	3
8870	2025	0	3.46484375	151.050209	151.833909	150.666484	152.572101	1.05714966	6.73364305	0	0	0	0	3
8875	2026	0	3.46679688	151.049191	151.835404	150.689856	152.572101	1.05864461	6.73364305	0	0	0	0	3
8880	2028	0	3.46875	151.04865	151.836806	150.712387	152.572101	1.06004615	6.73364305	0	0	0	0	3
8885	2029	0	3.47070312	151.048456	151.838119	150.734555	152.572101	1.06135892	6.73364305	0	0	0	0	3
8890	2030	0	3.47265625	151.048553	151.839345	150.756763	152.572101	1.06258547	6.73364305	0	0	0	0	3
8895	2031	0	3.47460938	151.048808	151.840486	150.779414	152.572101	1.06372627	6.73364305	0	0	0	0	3
8900	2033	0	3.4765625	151.049105	151.841539	150.802849	152.572101	1.06477976	6.73364305	0	0	0	0	3
8905	2035	0	3.47851562	151.049343	151.842502	150.827381	152.572101	1.06574262	6.73364305	0	0	0	0	3
8910	2036	0	3.48046875	151.049466	151.84337	150.853188	152.572101	1.06661014	6.73364305	0	0	0	0	3
8915	2037	0	3.48242188	151.049588	151.844137	150.880281	152.572101	1.06737733	6.73364305	0	0	0	0	3
8920	2039	0	3.484375	151.049703	151.844799	150.908642	152.572101	1.06803913	6.73364305	0	0	0	0	3
8925	2040	0	3.48632812	151.049632	151.84535	150.938215	152.572101	1.06858987	6.73364305	0	0	0	0	3
8930	2041	0	3.48828125	151.049051	151.845783	150.968864	152.572101	1.06902282	6.73364305	0	0	0	0	3
8935	2043	0	3.49023438	151.047864	151.846091	151.000334	152.572101	1.06933141	6.73364305	0	0	0	0	3
8940	2044	0	3.4921875	151.046273	151.846271	151.032313	152.572101	1.06951086	6.73364305	0	0	0	0	3
8945	2045	0	3.49414062	151.044567	151.846318	151.044567	152.572101	1.06955873	6.73364305	0	0	0	0	3
8950	2046	0	3.49609375	151.042903	151.846234	151.042903	152.572101	1.06955873	6.73364305	0	0	0	0	3
8955	2048	0	3.49804688	151.041381	151.846019	151.041381	152.572101	1.06955873	6.73364305	0	0	0	0	3
8960	2049	0	3.5	151.040232	151.845675	151.040232	152.572101	1.06955873	6.73364305	0	0	0	0	3
8965	2050	0	3.50195312	151.039667	151.845202	151.039667	152.572101	1.06955873	6.73364305	0	0	0	0	3
8970	2052	0	3.50390625	151.03978	151.844598	151.039667	152.572101	1.06955873	6.73364305	0	0	0	0	3
8975	2053	0	3.50585938	151.040503	151.843874	151.039667	152.572101	1.06955873	6.73364305	0	0	0	0	3
8980	2054	0	3.5078125	151.041841	151.843034	151.039667	152.572101	1.06955873	6.73364305	0	0	0	0	3
8985	2056	0	3.50976562	151.043857	151.842087	151.039667	152.572101	1.06955873	6.73364305	0	0	0	0	3
8990	2057	0	3.51171875	151.046531	151.841039	151.039667	152.572101	1.06955873	6.73364305	0	0	0	0	3
8995	2058	0	3.51367188	151.049738	151.839896	151.039667	152.572101	1.06955873	6.73364305	0	0	0	0	3
9000	2059	0	3.515625	151.053278	151.83866	151.039667	152.572101	1.06955873	6.73364305	0	0	0	0	3
9005	2062	0	3.51757812	151.05708	151.837336	151.039667	152.572101	1.06955873	6.73364305	0	0	0	0	3
9010	2063	0	3.51953125	151.06106	151.835928	151.039667	152.572101	1.06955873	6.73364305	0	0	0	0	3
9015	2064	0	3.52148438	151.065107	151.834438	151.039667	152.572101	1.06955873	6.73364305	0	0	0	0	3
9020	2066	0	3.5234375	151.070293	151.832872	151.039667	152.572101	1.06955873	6.73364305	0	0	0	0	3
9025	2067	0	3.52539062	151.077208	151.831237	151.039667	152.572101	1.06955873	6.73364305	0	0	0	0	3
9030	2068	0	3.52734375	151.083776	151.829533	151.039667	152.572101	1.06955873	6.73364305	0	0	0	0	3
9035	2069	0	3.52929688	151.090119	151.827759	151.039667	152.572101	1.06955873	6.73364305	0	0	0	0	3
9040	2071	0	3.53125	151.096445	151.825917	151.039667	152.572101	1.06955873	6.73364305	0	0	0	0	3
9045	2072	0	3.53320312	151.102852	151.824009	151.039667	152.572101	1.06955873	6.73364305	0	0	0	0	3
9050	2073	0	3.53515625	151.109446	151.822037	151.039667	152.572101	1.06955873	6.73364305	0	0	0	0	3
9055	2075	0	3.53710938	151.116224	151.820001	151.039667	152.572101	1.06955873	6.73364305	0	0	0	0	3
9060	2076	0	3.5390625	151.123031	151.817903	151.039667	152.572101	1.06955873	6.73364305	0	0	0	0	3
9065	2077	0	3.54101562	151.129648	151.815741	151.039667	152.572101	1.06955873	6.73364305	0	0	0	0	3
9070	2079	0	3.54296875	151.135979	151.813514	151.039667	152.572101	1.06955873	6.73364305	0	0	0	0	3
9075	2080	0	3.54492188	151.142201	151.811219	151.039667	152.572101	1.06955873	6.73364305	0	0	0	0	3
9080	2081	0	3.546875	151.148432	151.808856	151.039667	152.572101	1.06955873	6.73364305	0	0	0	0	3
9085	2082	0	3.54882812	151.154639	151.806425	151.039667	152.572101	1.06955873	6.73364305	0	0	0	0	3
9090	2084	0	3.55078125	151.1606	151.803921	151.039667	152.572101	1.06955873	6.73364305	0	0	0	0	3
9095	2085	0	3.55273438	151.166055	151.801343	151.039667	152.572101	1.06955873	6.73364305	0	0	0	0	3
9100	2086	0	3.5546875	151.17095	151.798688	151.039667	152.572101	1.06955873	6.73364305	0	0	0	0	3
9105	2089	0	3.55664062	151.175389	151.795952	151.039667	152.572101	1.06955873	6.73364305	0	0	0	0	3
9110	2090	0	3.55859375	151.179574	151.793135	151.039667	152.572101	1.06955873	6.73364305	0	0	0	0	3
9115	2092	0	3.56054688	151.183623	151.790238	151.039667	152.572101	1.06955873	6.73364305	0	0	0	0	3
9120	2093	0	3.5625	151.187757	151.78726	151.039667	152.572101	1.06955873	6.73364305	0	0	0	0	3
9125	2094	0	3.56445312	151.192214	151.784206	151.039667	152.572101	1.06955873	6.73364305	0	0	0	0	3
9130	2096	0	3.56640625	151.197232	151.78108	151.039667	152.572101	1.06955873	6.73364305	0	0	0	0	3
9135	2097	0	3.56835938	151.202909	151.777893	151.039667	152.572101	1.06955873	6.73364305	0	0	0	0	3
9140	2098	0	3.5703125	151.209205	151.774649	151.039667	152.572101	1.06955873	6.73364305	0	0	0	0	3
9145	2099	0	3.57226562	151.216199	151.771353	151.039667	152.572101	1.06955873	6.73364305	0	0	0	0	3
9150	2101	0	3.57421875	151.223912	151.768014	151.039667	152.572101	1.06955873	6.73364305	0	0	0	0	3
9155	2102	0	3.57617188	151.232308	151.764637	151.039667	152.572101	1.06955873	6.73364305	0	0	0	0	3
9160	2103	0	3.578125	151.241159	151.761228	151.039667	152.572101	1.06955873	6.73364305	0	0	0	0	3
9165	2104	0	3.58007812	151.250337	151.75779	151.039667	152.572101	1.06955873	6.73364305	0	0	0	0	3
9170	2106	0	3.58203125	151.25982	151.754329	151.039667	152.572101	1.06955873	6.73364305	0	0	0	0	3
9175	2107	0	3.58398438	151.269451	151.750847	151.039667	152.572101	1.06955873	6.73364305	0	0	0	0	3
9180	2108	0	3.5859375	151.279034	151.747344	151.039667	152.572101	1.06955873	6.73364305	0	0	0	0	3
9185	2109	0	3.58789062	151.288277	151.74382	151.039667	152.572101	1.06955873	6.73364305	0	0	0	0	3
9190	2111	0	3.58984375	151.299758	151.740285	151.039667	152.572101	1.06955873	6.73364305	0	0	0	0	3
9195	2112	0	3.59179688	151.310875	151.736735	151.039667	152.572101	1.06955873	6.73364305	0	0	0	0	3
9200	2113	0	3.59375	151.321527	151.73317	151.039667	152.572101	1.06955873	6.73364305	0	0	0	0	3
9205	2116	0	3.59570312	151.331777	151.729587	151.039667	152.572101	1.06955873	6.73364305	0	0	0	0	3
9210	2117	0	3.59765625	151.34168	151.725983	151.039667	152.572101	1.06955873	6.73364305	0	0	0	0	3
9215	2118	0	3.59960938	151.351544	151.722356	151.039667	152.572101	1.06955873	6.73364305	0	0	0	0	3
9220	2119	0	3.6015625	151.361461	151.718705	151.039667	152.572101	1.06955873	6.73364305	0	0	0	0	3
9225	2121	0	3.60351562	151.371321	151.71503	151.039667	152.572101	1.06955873	6.73364305	0	0	0	0	3
9230	2122	0	3.60546875	151.38087	151.711331	151.039667	152.572101	1.06955873	6.73364305	0	0	0	0	3
9235	2123	0	3.60742188	151.390042	151.707606	151.039667	152.572101	1.06955873	6.73364305	0	0	0	0	3
9240	2124	0	3.609375	151.399136	151.703856	151.039667	152.572101	1.06955873	6.73364305	0	0	0	0	3
9245	2126	0	3.61132812	151.408257	151.700084	151.039667	152.572101	1.06955873	6.73364305	0	0	0	0	3
9250	2127	0	3.61328125	151.417331	151.696293	151.039667	152.572101	1.06955873	6.73364305	0	0	0	0	3
9255	2128	0	3.61523438	151.426142	151.692483	151.039667	152.572101	1.06955873	6.73364305	0	0	0	0	3
9260	2130	0	3.6171875	151.434634	151.688655	151.039667	152.572101	1.06955873	6.73364305	0	0	0	0	3
9265	2131	0	3.61914062	151.44286	151.684811	151.039667	152.572101	1.06955873	6.73364305	0	0	0	0	3
9270	2132	0	3.62109375	151.450757	151.680953	151.039667	152.572101	1.06955873	6.73364305	0	0	0	0	3
9275	2133	0	3.62304688	151.458327	151.677081	151.039667	152.572101	1.06955873	6.73364305	0	0	0	0	3
9280	2135	0	3.625	151.465637	151.673195	151.039667	152.572101	1.06955873	6.73364305	0	0	0	0	3
9285	2136	0	3.62695312	151.47296	151.669299	151.039667	152.572101	1.06955873	6.73364305	0	0	0	0	3
9290	2137	0	3.62890625	151.480552	151.665394	151.039667	152.572101	1.06955873	6.73364305	0	0	0	0	3
9295	2138	0	3.63085938	151.488508	151.661482	151.039667	152.572101	1.06955873	6.73364305	0	0	0	0	3
9300	2140	0	3.6328125	151.496795	151.65758	151.039667	152.572101	1.06945306	6.73364305	0	0	0	0	3
9305	2142	0	3.63476562	151.505408	151.653695	151.039667	152.572101	1.06916507	6.73364305	0	0	0	0	3
9310	2143	0	3.63671875	151.514508	151.649827	151.039667	152.572101	1.06870013	6.73364305	0	0	0	0	3
9315	2145	0	3.63867188	151.524173	151.645981	151.039667	152.572101	1.06806513	6.73364305	0	0	0	0	3
9320	2146	0	3.640625	151.534335	151.642159	151.039667	152.572101	1.06726875	6.73364305	0	0	0	0	3
9325	2147	0	3.64257812	151.544775	151.638367	151.039667	152.572101	1.06631969	6.73364305	0	0	0	0	3
9330	2149	0	3.64453125	151.555419	151.634607	151.039667	152.572101	1.06522383	6.73364305	0	0	0	0	3
9335	2150	0	3.64648438	151.566267	151.630882	151.039667	152.572101	1.06398199	6.73364305	0	0	0	0	3
9340	2151	0	3.6484375	151.57723	151.627193	151.039667	152.572101	1.0625903	6.73364305	0	0	0	0	3
9345	2153	0	3.65039062	151.588079	151.62354	151.039667	152.572101	1.06104225	6.73364305	0	0	0	0	3
9350	2154	0	3.65234375	151.59864	151.619921	151.039667	152.572101	1.05933061	6.73364305	0	0	0	0	3
9355	2155	0	3.65429688	151.609575	151.616338	151.039667	152.572101	1.05744754	6.73364305	0	0	0	0	3
9360	2156	0	3.65625	151.620684	151.612791	151.039667	152.572101	1.05538354	6.73364305	0	0	0	0	3
9365	2158	0	3.65820312	151.631331	151.609277	151.039667	152.572101	1.05312749	6.73364305	0	0	0	0	3
9370	2159	0	3.66015625	151.641435	151.605791	151.039667	152.572101	1.05066812	6.73364305	0	0	0	0	3
9375	2160	0	3.66210938	151.651124	151.60233	151.039667	152.572101	1.04799541	6.73364305	0	0	0	0	3
9380	2162	0	3.6640625	151.660548	151.598889	151.039667	152.572101	1.04510105	6.73364305	0	0	0	0	3
9385	2163	0	3.66601562	151.669799	151.595466	151.039667	152.572101	1.04197927	6.73364305	0	0	0	0	3
9390	2164	0	3.66796875	151.678801	151.592057	151.039667	152.572101	1.03862799	6.73364305	0	0	0	0	3
9395	2165	0	3.66992188	151.687509	151.588661	151.039667	152.572101	1.03505002	6.73364305	0	0	0	0	3
9400	2167	0	3.671875	151.696016	151.585278	151.039667	152.572101	1.0312527	6.73364305	0	0	0	0	3
9405	2169	0	3.67382812	151.704443	151.581913	151.039667	152.572101	1.02723319	6.73364305	0	0	0	0	3
9410	2170	0	3.67578125	151.712824	151.578569	151.039667	152.572101	1.02299416	6.73364305	0	0	0	0	3
9415	2172	0	3.67773438	151.721088	151.575248	151.039667	152.572101	1.01854901	6.73364305	0	0	0	0	3
9420	2173	0	3.6796875	151.729283	151.571956	151.039667	152.571913	1.01391202	6.73364305	0	0	0	0	3
9425	2174	0	3.68164062	151.737451	151.568696	151.039667	152.570485	1.00909618	6.73364305	0	0	0	0	3
9430	2176	0	3.68359375	151.745587	151.565474	151.039667	152.567926	1.00411235	6.73364305	0	0	0	0	3
9435	2177	0	3.68554688	151.753557	151.562293	151.039667	152.564511	0.998969654	6.73364305	0	0	0	0	3
9440	2178	0	3.6875	151.761306	151.559156	151.039667	152.560368	0.993676522	6.73364305	0	0	0	0	3
9445	2179	0	3.68945312	151.768994	151.556064	151.039667	152.555644	0.988240732	6.73364305	0	0	0	0	3
9450	2181	0	3.69140625	151.7767	151.553021	151.039667	152.550589	0.98266804	6.73364305	0	0	0	0	3
9455	2182	0	3.69335938	151.784463	151.550029	151.039667	152.545533	0.976961612	6.73364305	0	0	0	0	3
9460	2183	0	3.6953125	151.792187	151.547086	151.039667	152.538532	0.971131073	6.73364305	0	0	0	0	3
9465	2185	0	3.69726562	151.799926	151.544201	151.039667	152.528304	0.965190005	6.73364305	0	0	0	0	3
9470	2186	0	3.69921875	151.807797	151.541386	151.039667	152.51861	0.959136886	6.73364305	0	0	0	0	3
9475	2187	0	3.70117188	151.815831	151.538641	151.039667	152.509421	0.952970229	6.73364305	0	0	0	0	3
9480	2189	0	3.703125	151.823981	151.535964	151.039667	152.500535	0.94669002	6.73364305	0	0	0	0	3
9485	2190	0	3.70507812	151.832121	151.533353	151.039667	152.491558	0.940298572	6.73364305	0	0	0	0	3
9490	2191	0	3.70703125	151.840327	151.530809	151.039667	152.482313	0.933799365	6.73364305	0	0	0	0	3
9495	2193	0	3.70898438	151.848625	151.528333	151.039667	152.472908	0.927194809	6.73364305	0	0	0	0	3
9500	2194	0	3.7109375	151.857016	151.525928	151.039667	152.463572	0.920485016	6.73364305	0	0	0	0	3
9505	2197	0	3.71289062	151.865357	151.523591	151.039667	152.454512	0.913668394	6.73364305	0	0	0	0	3
9510	2198	0	3.71484375	151.873527	151.521321	151.039667	152.445654	0.906742973	6.73364305	0	0	0	0	3
9515	2199	0	3.71679688	151.881584	151.519118	151.039667	152.436889	0.89970708	6.73364305	0	0	0	0	3
9520	2201	0	3.71875	151.889444	151.51698	151.039667	152.428276	0.892558632	6.73364305	0	0	0	0	3
9525	2202	0	3.72070312	151.896786	151.514903	151.039667	152.419967	0.885294892	6.73364305	0	0	0	0	3
9530	2203	0	3.72265625	151.9038	151.512887	151.039667	152.412124	0.877912668	6.73364305	0	0	0	0	3
9535	2205	0	3.72460938	151.910474	151.510928	151.039667	152.404837	0.870408538	6.73364305	0	0	0	0	3
9540	2206	0	3.7265625	151.916873	151.509021	151.039667	152.398265	0.862778738	6.73364305	0	0	0	0	3
9545	2207	0	3.72851562	151.923016	151.507165	151.039667	152.392533	0.855019244	6.73364305	0	0	0	0	3
9550	2208	0	3.73046875	151.928818	151.505354	151.039667	152.387472	0.847127365	6.73364305	0	0	0	0	3
9555	2210	0	3.73242188	151.934234	151.503583	151.039667	152.382564	0.839103401	6.73364305	0	0	0	0	3
9560	2211	0	3.734375	151.939424	151.501852	151.039667	152.377274	0.830951045	6.73364305	0	0	0	0	3
9565	2212	0	3.73632812	151.944517	151.500162	151.039667	152.371333	0.822675997	6.73364305	0	0	0	0	3
9570	2214	0	3.73828125	151.949535	151.498514	151.039667	152.364594	0.814287028	6.73364305	0	0	0	0	3
9575	2215	0	3.74023438	151.954406	151.496912	151.039667	152.356892	0.805800484	6.73364305	0	0	0	0	3
9580	2217	0	3.7421875	151.959196	151.495358	151.039667	152.348026	0.797225665	6.73364305	0	0	0	0	3
9585	2218	0	3.74414062	151.964013	151.493858	151.039667	152.337906	0.788572584	6.73364305	0	0	0	0	3
9590	2219	0	3.74609375	151.968941	151.492417	151.039667	152.326644	0.779851441	6.73364305	0	0	0	0	3
9595	2221	0	3.74804688	151.973961	151.491039	151.039667	152.314399	0.771072455	6.73364305	0	0	0	0	3
9600	2222	0	3.75	151.979011	151.489729	151.039667	152.301263	0.762245805	6.73364305	0	0	0	0	3
9605	2224	0	3.75195312	151.984149	151.48849	151.039667	152.287278	0.75338075	6.73364305	0	0	0	0	3
9610	2226	0	3.75390625	151.989427	151.487327	151.039667	152.272673	0.744484095	6.73364305	0	0	0	0	3
9615	2227	0	3.75585938	151.994825	151.486242	151.039667	152.257861	0.735559249	6.73364305	0	0	0	0	3
9620	2228	0	3.7578125	152.000176	151.485235	151.039667	152.243222	0.726607051	6.73364305	0	0	0	0	3
9625	2230	0	3.75976562	152.005326	151.484306	151.039667	152.228948	0.717627018	6.73364305	0	0	0	0	3
9630	2231	0	3.76171875	152.010318	151.483452	151.039667	152.210514	0.708635914	6.73364305	0	0	0	0	3
9635	2232	0	3.76367188	152.015191	151.482689	151.039667	152.19278	0.699630916	6.73364305	0	0	0	0	3
9640	2234	0	3.765625	152.019927	151.482013	151.039667	152.176046	0.690607072	6.73364305	0	0	0	0	3
9645	2235	0	3.76757812	152.024393	151.481421	151.039667	152.160135	0.681559304	6.73364305	0	0	0	0	3
9650	2237	0	3.76953125	152.028575	151.480907	151.039667	152.144602	0.672483713	6.73364305	0	0	0	0	3
9655	2238	0	3.77148438	152.032569	151.48047	151.039667	152.129176	0.66337748	6.73364305	0	0	0	0	3
9660	2239	0	3.7734375	152.03642	151.480107	151.039667	152.113924	0.654238143	6.73364305	0	0	0	0	3
9665	2241	0	3.77539062	152.040107	151.479819	151.039667	152.099028	0.645063724	6.73364305	0	0	0	0	3
9670	2242	0	3.77734375	152.043582	151.479602	151.039667	152.084506	0.635853661	6.73364305	0	0	0	0	3
9675	2243	0	3.77929688	152.046888	151.479455	151.039667	152.070246	0.626609352	6.73364305	0	0	0	0	3
9680	2245	0	3.78125	152.050107	151.479377	151.039667	152.056198	0.617333475	6.73364305	0	0	0	0	3
9685	2246	0	3.78320312	152.053327	151.479365	151.039667	152.053327	0.608029173	6.73364305	0	0	0	0	3
9690	2247	0	3.78515625	152.055263	151.479416	151.039667	152.055263	0.598700009	6.73364305	0	0	0	0	3
9695	2249	0	3.78710938	152.056746	151.479525	151.039667	152.056746	0.58935011	6.73364305	0	0	0	0	3
9700	2250	0	3.7890625	152.058189	151.479693	151.039667	152.058189	0.579983351	6.73364305	0	0	0	0	3
9705	2253	0	3.79101562	152.059592	151.479917	151.039667	152.059592	0.57060211	6.73364305	0	0	0	0	3
9710	2254	0	3.79296875	152.06089	151.480196	151.039667	152.06089	0.56120752	6.73364305	0	0	0	0	3
9715	2255	0	3.79492188	152.061891	151.480525	151.039667	152.061891	0.551800785	6.73364305	0	0	0	0	3
9720	2257	0	3.796875	152.06262	151.4809	151.039667	152.06262	0.54238441	6.73364305	0	0	0	0	3
9725	2258	0	3.79882812	152.063194	151.481322	151.039667	152.063194	0.532961614	6.73364305	0	0	0	0	3
9730	2260	0	3.80078125	152.063753	151.481789	151.039667	152.063753	0.523535215	6.73364305	0	0	0	0	3
9735	2261	0	3.80273438	152.064291	151.482303	151.039667	152.064291	0.514107846	6.73364305	0	0	0	0	3
9740	2262	0	3.8046875	152.064772	151.482866	151.039667	152.064772	0.504708073	6.73364305	0	0	0	0	3
9745	2264	0	3.80664062	152.065301	151.48348	151.039667	152.065301	0.495346716	6.73364305	0	0	0	0	3
9750	2265	0	3.80859375	152.0659	151.484148	151.039667	152.0659	0.486026438	6.73364305	0	0	0	0	3
9755	2266	0	3.81054688	152.066613	151.484874	151.039667	152.066613	0.476750809	6.73364305	0	0	0	0	3
9760	2267	0	3.8125	152.067374	151.485662	151.039667	152.067374	0.467525435	6.73364305	0	0	0	0	3
9765	2269	0	3.81445312	152.068312	151.486513	151.039667	152.068312	0.458357882	6.73364305	0	0	0	0	3
9770	2270	0	3.81640625	152.069591	151.487433	151.039667	152.069591	0.449255993	6.73364305	0	0	0	0	3
9775	2271	0	3.81835938	152.071177	151.488424	151.039667	152.071177	0.440224244	6.73364305	0	0	0	0	3
