Iteration	CPUTime	PhysTime	Travels	Value	AvValue	MinValue	MaxValue	Delta	Criteria	PrevAvRefValue	Progress	CriteriaType	CriteriaVarType	CriteriaPercentage
1	1	0	0.000390625	299.829582	299.829582	299.829582	299.829582	0	0	0	0	0	0	3
5	2	0	0.001953125	299.528903	299.679243	299.528903	299.829582	0.150339662	0	0	0	0	0	3
10	3	0	0.00390625	299.194617	299.517701	299.194617	299.829582	0.311881692	0	0	0	0	0	3
15	5	0	0.005859375	298.948022	299.375281	298.948022	299.829582	0.454301467	0	0	0	0	0	3
20	6	0	0.0078125	298.712723	299.242769	298.712723	299.829582	0.586813115	0	0	0	0	0	3
25	7	0	0.009765625	298.421716	299.105927	298.421716	299.829582	0.723655298	0	0	0	0	0	3
30	8	0	0.01171875	298.228728	298.980613	298.228728	299.829582	0.848969441	0	0	0	0	0	3
35	9	0	0.013671875	297.897121	298.845176	297.897121	299.829582	0.984405881	0	0	0	0	0	3
40	11	0	0.015625	297.647388	298.712089	297.647388	299.829582	1.11749344	0	0	0	0	0	3
45	12	0	0.017578125	297.170236	298.557904	297.170236	299.829582	1.27167873	0	0	0	0	0	3
50	13	0	0.01953125	296.897599	298.406967	296.897599	299.829582	1.42261551	0	0	0	0	0	3
55	15	0	0.021484375	296.381567	298.238184	296.381567	299.829582	1.59139882	0	0	0	0	0	3
60	17	0	0.0234375	295.914589	298.059445	295.914589	299.829582	1.77013689	0	0	0	0	0	3
65	20	0	0.025390625	295.280422	297.860944	295.280422	299.829582	1.96863857	0	0	0	0	0	3
70	23	0	0.02734375	294.699444	297.650177	294.699444	299.829582	2.1794052	0	0	0	0	0	3
75	25	0	0.029296875	293.968923	297.420099	293.968923	299.829582	2.40948356	0	0	0	0	0	3
80	28	0	0.03125	293.342146	297.180219	293.342146	299.829582	2.64936313	0	0	0	0	0	3
85	30	0	0.033203125	292.546871	296.922811	292.546871	299.829582	2.90677139	0	0	0	0	0	3
90	33	0	0.03515625	291.850235	296.655833	291.850235	299.829582	3.17374908	0	0	0	0	0	3
95	35	0	0.037109375	291.010993	296.373591	291.010993	299.829582	3.45599109	0	0	0	0	0	3
100	37	0	0.0390625	290.159006	296.077659	290.159006	299.829582	3.75192372	0	0	0	0	0	3
105	40	0	0.041015625	289.358919	295.772261	289.358919	299.829582	4.05732099	0	0	0	0	0	3
110	43	0	0.04296875	288.36523	295.450217	288.36523	299.829582	4.37936582	0	0	0	0	0	3
115	45	0	0.044921875	287.417846	295.115534	287.417846	299.829582	4.71404794	0	0	0	0	0	3
120	48	0	0.046875	286.362012	294.765394	286.362012	299.829582	5.06418883	0	0	0	0	0	3
125	50	0	0.048828125	285.309513	294.401706	285.309513	299.829582	5.42787654	0	0	0	0	0	3
130	52	0	0.05078125	284.235568	294.025182	284.235568	299.829582	5.80440016	0	0	0	0	0	3
135	54	0	0.052734375	283.101656	293.635056	283.101656	299.829582	6.19452608	0	0	0	0	0	3
140	57	0	0.0546875	281.925229	293.231269	281.925229	299.829582	6.59831325	0	0	0	0	0	3
145	59	0	0.056640625	280.755567	292.815412	280.755567	299.829582	7.01416999	0	0	0	0	0	3
150	61	0	0.05859375	279.61053	292.389448	279.61053	299.829582	7.44013393	0	0	0	0	0	3
155	63	0	0.060546875	278.471137	291.954501	278.471137	299.829582	7.87508116	0	0	0	0	0	3
160	65	0	0.0625	277.419037	291.514033	277.419037	299.829582	8.31554976	0	0	0	0	0	3
165	67	0	0.064453125	276.345508	291.0679	276.345508	299.829582	8.76168282	0	0	0	0	0	3
170	70	0	0.06640625	275.441669	290.621436	275.441669	299.829582	9.20814655	0	0	0	0	0	3
175	72	0	0.068359375	274.655276	290.177931	274.655276	299.829582	9.65165098	0	0	0	0	0	3
180	74	0	0.0703125	273.902407	289.738052	273.902407	299.829582	10.09153	0	0	0	0	0	3
185	76	0	0.072265625	273.21798	289.303314	273.21798	299.829582	10.5262688	0	0	0	0	0	3
190	78	0	0.07421875	272.600462	288.875035	272.600462	299.829582	10.954547	0	0	0	0	0	3
195	81	0	0.076171875	272.036445	288.454071	272.036445	299.829582	11.3755118	0	0	0	0	0	3
200	83	0	0.078125	271.521616	288.041084	271.521616	299.829582	11.7884985	0	0	0	0	0	3
205	86	0	0.080078125	271.054312	287.636637	271.054312	299.829582	12.1929454	0	0	0	0	0	3
210	91	0	0.08203125	270.575975	287.239877	270.575975	299.829582	12.589705	0	0	0	0	0	3
215	93	0	0.083984375	270.00413	286.848156	270.00413	299.829582	12.9814265	0	0	0	0	0	3
220	95	0	0.0859375	269.398813	286.460393	269.398813	299.829582	13.3691897	0	0	0	0	0	3
225	97	0	0.087890625	268.801594	286.076506	268.801594	299.829582	13.7530766	0	0	0	0	0	3
230	99	0	0.08984375	268.221772	285.696618	268.221772	299.829582	14.1329646	0	0	0	0	0	3
235	101	0	0.091796875	267.670386	285.321071	267.670386	299.829582	14.5085111	0	0	0	0	0	3
240	104	0	0.09375	267.086172	284.94893	267.086172	299.829582	14.8806519	0	0	0	0	0	3
245	106	0	0.095703125	266.590777	284.581767	266.590777	299.829582	15.247815	0	0	0	0	0	3
250	108	0	0.09765625	266.171475	284.220781	266.171475	299.829582	15.6088011	0	0	0	0	0	3
255	110	0	0.099609375	265.735384	283.865293	265.735384	299.829582	15.9642895	0	0	0	0	0	3
260	112	0	0.1015625	265.278181	283.514593	265.278181	299.829582	16.3149897	0	0	0	0	0	3
265	114	0	0.103515625	264.858723	283.169114	264.858723	299.829582	16.6604688	0	0	0	0	0	3
270	116	0	0.10546875	264.526733	282.830161	264.526733	299.829582	16.9994212	0	0	0	0	0	3
275	118	0	0.107421875	264.254187	282.498447	264.254187	299.829582	17.331135	0	0	0	0	0	3
280	120	0	0.109375	264.106837	282.175788	264.106837	299.829582	17.6537948	0	0	0	0	0	3
285	122	0	0.111328125	264.049563	281.863266	264.049563	299.829582	17.9663159	0	0	0	0	0	3
290	125	0	0.11328125	264.048812	281.561327	264.048812	299.829582	18.2682558	0	0	0	0	0	3
295	127	0	0.115234375	264.209151	281.272124	264.048812	299.829582	18.5574588	0	0	0	0	0	3
300	129	0	0.1171875	264.442706	280.996232	264.048812	299.829582	18.8333509	0	0	0	0	0	3
305	132	0	0.119140625	264.734225	280.733941	264.048812	299.829582	19.0956413	0	0	0	0	0	3
310	134	0	0.12109375	265.071223	280.485327	264.048812	299.829582	19.3442558	0	0	0	0	0	3
315	136	0	0.123046875	265.434231	280.250153	264.048812	299.829582	19.5794292	0	0	0	0	0	3
320	138	0	0.125	265.904817	280.029456	264.048812	299.829582	19.8001267	0	0	0	0	0	3
325	140	0	0.126953125	266.400218	279.822952	264.048812	299.829582	20.0066303	0	0	0	0	0	3
330	142	0	0.12890625	266.945637	279.630753	264.048812	299.829582	20.198829	0	0	0	0	0	3
335	144	0	0.130859375	267.51343	279.452557	264.048812	299.829582	20.377025	0	0	0	0	0	3
340	146	0	0.1328125	268.165537	279.288977	264.048812	299.829582	20.540605	0	0	0	0	0	3
345	148	0	0.134765625	268.8699	279.140133	264.048812	299.829582	20.6894489	0	0	0	0	0	3
350	150	0	0.13671875	269.611438	279.005926	264.048812	299.829582	20.8236559	0	0	0	0	0	3
355	152	0	0.138671875	270.350573	278.885713	264.048812	299.829582	20.9438691	0	0	0	0	0	3
360	154	0	0.140625	271.144129	278.779664	264.048812	299.829582	21.0499182	0	0	0	0	0	3
365	156	0	0.142578125	271.953088	278.687413	264.048812	299.829582	21.1421693	0	0	0	0	0	3
370	158	0	0.14453125	272.75721	278.608344	264.048812	299.829582	21.2212387	0	0	0	0	0	3
375	160	0	0.146484375	273.553605	278.541834	264.048812	299.829582	21.2877484	0	0	0	0	0	3
380	162	0	0.1484375	274.412505	278.488206	264.048812	299.829582	21.341376	0	0	0	0	0	3
385	164	0	0.150390625	275.227796	278.446406	264.048812	299.829582	21.3831762	0	0	0	0	0	3
390	166	0	0.15234375	275.995466	278.415382	264.048812	299.829582	21.4142007	0	0	0	0	0	3
395	168	0	0.154296875	276.708617	278.394047	264.048812	299.829582	21.4355353	0	0	0	0	0	3
400	170	0	0.15625	277.419321	278.382013	264.048812	299.829582	21.4475689	0	0	0	0	0	3
405	173	0	0.158203125	278.103802	278.378621	264.048812	299.829582	21.4509618	0	0	0	0	0	3
410	175	0	0.16015625	278.702568	278.382524	264.048812	299.829582	21.4509618	0	0	0	0	0	3
415	177	0	0.162109375	279.295856	278.393397	264.048812	299.829582	21.4509618	0	0	0	0	0	3
420	179	0	0.1640625	279.890128	278.411005	264.048812	299.829582	21.4509618	0	0	0	0	0	3
425	181	0	0.166015625	280.489644	278.435175	264.048812	299.829582	21.4509618	0	0	0	0	0	3
430	183	0	0.16796875	281.102346	278.465833	264.048812	299.829582	21.4509618	0	0	0	0	0	3
435	185	0	0.169921875	281.741964	278.503061	264.048812	299.829582	21.4509618	0	0	0	0	0	3
440	187	0	0.171875	282.393673	278.546776	264.048812	299.829582	21.4509618	0	0	0	0	0	3
445	189	0	0.173828125	283.078792	278.597132	264.048812	299.829582	21.4509618	0	0	0	0	0	3
450	191	0	0.17578125	283.794009	278.65424	264.048812	299.829582	21.4509618	0	0	0	0	0	3
455	192	0	0.177734375	284.568495	278.718526	264.048812	299.829582	21.4509618	0	0	0	0	0	3
460	195	0	0.1796875	285.364811	278.789991	264.048812	299.829582	21.4509618	0	0	0	0	0	3
465	196	0	0.181640625	286.199389	278.868815	264.048812	299.829582	21.4509618	0	0	0	0	0	3
470	198	0	0.18359375	287.083357	278.955283	264.048812	299.829582	21.4509618	0	0	0	0	0	3
475	200	0	0.185546875	288.005732	279.049559	264.048812	299.829582	21.4509618	0	0	0	0	0	3
480	202	0	0.1875	288.969747	279.151829	264.048812	299.829582	21.4509618	0	0	0	0	0	3
485	204	0	0.189453125	289.985849	279.26238	264.048812	299.829582	21.4509618	0	0	0	0	0	3
490	205	0	0.19140625	291.002264	279.380965	264.048812	299.829582	21.4509618	0	0	0	0	0	3
495	207	0	0.193359375	291.998345	279.507139	264.048812	299.829582	21.4509618	0	0	0	0	0	3
500	209	0	0.1953125	292.984436	279.640577	264.048812	299.829582	21.4509618	0	0	0	0	0	3
505	212	0	0.197265625	293.961135	279.780975	264.048812	299.829582	21.4509618	0	0	0	0	0	3
510	214	0	0.19921875	294.955954	279.928305	264.048812	299.829582	21.4509618	0	0	0	0	0	3
515	216	0	0.201171875	295.927379	280.082142	264.048812	299.829582	21.4509618	0	0	0	0	0	3
520	218	0	0.203125	296.860669	280.241937	264.048812	299.829582	21.4509618	0	0	0	0	0	3
525	219	0	0.205078125	297.798776	280.407568	264.048812	299.829582	21.4509618	0	0	0	0	0	3
530	221	0	0.20703125	298.69368	280.578466	264.048812	299.829582	21.4509618	0	0	0	0	0	3
535	223	0	0.208984375	299.516964	280.753823	264.048812	299.829582	21.4509618	0	0	0	0	0	3
540	225	0	0.2109375	300.223844	280.932447	264.048812	300.223844	21.4509618	0	0	0	0	0	3
545	227	0	0.212890625	300.841532	281.113438	264.048812	300.841532	21.4509618	0	0	0	0	0	3
550	228	0	0.21484375	301.439097	281.296552	264.048812	301.439097	21.4509618	0	0	0	0	0	3
555	230	0	0.216796875	301.972459	281.481159	264.048812	301.972459	21.4509618	0	0	0	0	0	3
560	232	0	0.21875	302.443548	281.666667	264.048812	302.443548	21.4509618	0	0	0	0	0	3
565	233	0	0.220703125	302.881636	281.852763	264.048812	302.881636	21.4509618	0	0	0	0	0	3
570	235	0	0.22265625	303.302044	282.039278	264.048812	303.302044	21.4509618	0	0	0	0	0	3
575	236	0	0.224609375	303.656833	282.225637	264.048812	303.656833	21.4509618	0	0	0	0	0	3
580	238	0	0.2265625	304.007023	282.411802	264.048812	304.007023	21.4509618	0	0	0	0	0	3
585	240	0	0.228515625	304.383433	282.598003	264.048812	304.383433	21.4509618	0	0	0	0	0	3
590	241	0	0.23046875	304.701642	282.783747	264.048812	304.701642	21.4509618	0	0	0	0	0	3
595	243	0	0.232421875	304.935427	282.968345	264.048812	304.935427	21.4509618	0	0	0	0	0	3
600	244	0	0.234375	305.104983	283.151292	264.048812	305.104983	21.4509618	0	0	0	0	0	3
605	247	0	0.236328125	305.312276	283.33294	264.048812	305.312276	21.4509618	0	0	0	0	0	3
610	248	0	0.23828125	305.447659	283.512734	264.048812	305.447659	21.4509618	0	0	0	0	0	3
615	250	0	0.240234375	305.571713	283.690629	264.048812	305.571713	21.4509618	0	0	0	0	0	3
620	252	0	0.2421875	305.65606	283.866352	264.048812	305.65606	21.4509618	0	0	0	0	0	3
625	253	0	0.244140625	305.673736	284.039427	264.048812	305.673736	21.4509618	0	0	0	0	0	3
630	254	0	0.24609375	305.608254	284.20926	264.048812	305.673736	21.4509618	0	0	0	0	0	3
635	256	0	0.248046875	305.518402	284.375738	264.048812	305.673736	21.4509618	0	0	0	0	0	3
640	258	0	0.25	305.391984	284.538655	264.048812	305.673736	21.4509618	0	0	0	0	0	3
645	259	0	0.251953125	305.153338	284.697229	264.048812	305.673736	21.4509618	0	0	0	0	0	3
650	260	0	0.25390625	304.875382	284.851261	264.048812	305.673736	21.4509618	0	0	0	0	0	3
655	262	0	0.255859375	304.685138	285.001517	264.048812	305.673736	21.4509618	0	0	0	0	0	3
660	263	0	0.2578125	304.502541	285.148142	264.048812	305.673736	21.4509618	0	0	0	0	0	3
665	264	0	0.259765625	304.380737	285.291668	264.048812	305.673736	21.4509618	0	0	0	0	0	3
670	266	0	0.26171875	304.222113	285.431894	264.048812	305.673736	21.4509618	0	0	0	0	0	3
675	267	0	0.263671875	304.051838	285.568805	264.048812	305.673736	21.4509618	0	0	0	0	0	3
680	269	0	0.265625	303.809236	285.701947	264.048812	305.673736	21.4509618	0	0	0	0	0	3
685	270	0	0.267578125	303.623585	285.831814	264.048812	305.673736	21.4509618	0	0	0	0	0	3
690	271	0	0.26953125	303.518759	285.959058	264.048812	305.673736	21.4509618	0	0	0	0	0	3
695	272	0	0.271484375	303.375471	286.083461	264.048812	305.673736	21.4509618	0	0	0	0	0	3
700	274	0	0.2734375	303.229201	286.205062	264.048812	305.673736	21.4509618	0	0	0	0	0	3
705	276	0	0.275390625	303.095721	286.324011	264.048812	305.673736	21.4509618	0	0	0	0	0	3
710	277	0	0.27734375	302.95545	286.440314	264.048812	305.673736	21.4509618	0	0	0	0	0	3
715	278	0	0.279296875	302.799526	286.55392	264.048812	305.673736	21.4509618	0	0	0	0	0	3
720	279	0	0.28125	302.632094	286.664804	264.048812	305.673736	21.4509618	0	0	0	0	0	3
725	281	0	0.283203125	302.472756	286.773078	264.048812	305.673736	21.4509618	0	0	0	0	0	3
730	282	0	0.28515625	302.315445	286.878808	264.048812	305.673736	21.4509618	0	0	0	0	0	3
735	283	0	0.287109375	302.107379	286.981704	264.048812	305.673736	21.4509618	0	0	0	0	0	3
740	284	0	0.2890625	301.897001	287.081806	264.048812	305.673736	21.4509618	0	0	0	0	0	3
745	285	0	0.291015625	301.711097	287.179335	264.048812	305.673736	21.4509618	0	0	0	0	0	3
750	286	0	0.29296875	301.494516	287.274138	264.048812	305.673736	21.4509618	0	0	0	0	0	3
755	288	0	0.294921875	301.234088	287.365979	264.048812	305.673736	21.4509618	0	0	0	0	0	3
760	289	0	0.296875	300.989912	287.455025	264.048812	305.673736	21.4509618	0	0	0	0	0	3
765	290	0	0.298828125	300.783383	287.541572	264.048812	305.673736	21.4509618	0	0	0	0	0	3
770	291	0	0.30078125	300.540234	287.625435	264.048812	305.673736	21.4509618	0	0	0	0	0	3
775	292	0	0.302734375	300.354085	287.707029	264.048812	305.673736	21.4509618	0	0	0	0	0	3
780	293	0	0.3046875	300.226124	287.786768	264.048812	305.673736	21.4509618	0	0	0	0	0	3
785	294	0	0.306640625	300.062969	287.864466	264.048812	305.673736	21.4509618	0	0	0	0	0	3
790	295	0	0.30859375	299.926419	287.940327	264.048812	305.673736	21.4509618	0	0	0	0	0	3
795	296	0	0.310546875	299.808831	288.014505	264.048812	305.673736	21.4509618	0	0	0	0	0	3
800	297	0	0.3125	299.696222	288.087062	264.048812	305.673736	21.4509618	0	0	0	0	0	3
805	299	0	0.314453125	299.582612	288.158022	264.048812	305.673736	21.4509618	0	0	0	0	0	3
810	300	0	0.31640625	299.518459	288.227718	264.048812	305.673736	21.4509618	0	0	0	0	0	3
815	301	0	0.318359375	299.442465	288.296101	264.048812	305.673736	21.4509618	0	0	0	0	0	3
820	302	0	0.3203125	299.380645	288.36328	264.048812	305.673736	21.4509618	0	0	0	0	0	3
825	303	0	0.322265625	299.35301	288.429483	264.048812	305.673736	21.4509618	0	0	0	0	0	3
830	304	0	0.32421875	299.307384	288.49462	264.048812	305.673736	21.4509618	0	0	0	0	0	3
835	305	0	0.326171875	299.286456	288.558858	264.048812	305.673736	21.4509618	0	0	0	0	0	3
840	306	0	0.328125	299.249463	288.622116	264.048812	305.673736	21.4509618	0	0	0	0	0	3
845	307	0	0.330078125	299.221301	288.684464	264.048812	305.673736	21.4509618	0	0	0	0	0	3
850	307	0	0.33203125	299.185861	288.745875	264.048812	305.673736	21.4509618	0	0	0	0	0	3
855	308	0	0.333984375	299.107557	288.806118	264.048812	305.673736	21.4509618	0	0	0	0	0	3
860	309	0	0.3359375	299.042748	288.865289	264.048812	305.673736	21.4509618	0	0	0	0	0	3
865	310	0	0.337890625	298.953799	288.923269	264.048812	305.673736	21.4509618	0	0	0	0	0	3
870	311	0	0.33984375	298.81615	288.9798	264.048812	305.673736	21.4509618	0	0	0	0	0	3
875	312	0	0.341796875	298.647483	289.03473	264.048812	305.673736	21.4509618	0	0	0	0	0	3
880	313	0	0.34375	298.480841	289.088098	264.048812	305.673736	21.4509618	0	0	0	0	0	3
885	314	0	0.345703125	298.226814	289.139439	264.048812	305.673736	21.4509618	0	0	0	0	0	3
890	315	0	0.34765625	297.955951	289.188693	264.048812	305.673736	21.4509618	0	0	0	0	0	3
895	315	0	0.349609375	297.66251	289.23577	264.048812	305.673736	21.4509618	0	0	0	0	0	3
900	316	0	0.3515625	297.287473	289.280254	264.048812	305.673736	21.4509618	0	0	0	0	0	3
905	318	0	0.353515625	296.894781	289.322092	264.048812	305.673736	21.4509618	0	0	0	0	0	3
910	319	0	0.35546875	296.471636	289.361161	264.048812	305.673736	21.4509618	0	0	0	0	0	3
915	320	0	0.357421875	295.991832	289.397197	264.048812	305.673736	21.4509618	0	0	0	0	0	3
920	321	0	0.359375	295.532386	289.43036	264.048812	305.673736	21.4509618	0	0	0	0	0	3
925	321	0	0.361328125	295.05914	289.460623	264.048812	305.673736	21.4509618	0	0	0	0	0	3
930	322	0	0.36328125	294.531658	289.48774	264.048812	305.673736	21.4509618	0	0	0	0	0	3
935	323	0	0.365234375	294.047055	289.511992	264.048812	305.673736	21.4509618	0	0	0	0	0	3
940	324	0	0.3671875	293.531714	289.53326	264.048812	305.673736	21.4509618	0	0	0	0	0	3
945	325	0	0.369140625	292.978898	289.551395	264.048812	305.673736	21.4509618	0	0	0	0	0	3
950	325	0	0.37109375	292.429623	289.566465	264.048812	305.673736	21.4509618	0	0	0	0	0	3
955	326	0	0.373046875	291.877105	289.578499	264.048812	305.673736	21.4509618	0	0	0	0	0	3
960	327	0	0.375	291.290036	289.587367	264.048812	305.673736	21.4509618	0	0	0	0	0	3
965	328	0	0.376953125	290.657148	289.592882	264.048812	305.673736	21.4509618	0	0	0	0	0	3
970	329	0	0.37890625	290.069326	289.595325	264.048812	305.673736	21.4509618	0	0	0	0	0	3
975	329	0	0.380859375	289.456638	289.594617	264.048812	305.673736	21.4509618	0	0	0	0	0	3
980	330	0	0.3828125	288.802559	289.590597	264.048812	305.673736	21.4509618	0	0	0	0	0	3
985	331	0	0.384765625	288.182777	289.583486	264.048812	305.673736	21.4509618	0	0	0	0	0	3
990	332	0	0.38671875	287.538128	289.573208	264.048812	305.673736	21.4509618	0	0	0	0	0	3
995	333	0	0.388671875	286.851683	289.559601	264.048812	305.673736	21.4509618	0	0	0	0	0	3
1000	333	0	0.390625	286.156393	289.542669	264.048812	305.673736	21.4509618	0	0	0	0	0	3
1005	335	0	0.392578125	285.470738	289.522511	264.048812	305.673736	21.4509618	0	0	0	0	0	3
1010	336	0	0.39453125	284.741305	289.498958	264.048812	305.673736	21.4509618	0	0	0	0	0	3
1015	337	0	0.396484375	283.961099	289.471812	264.048812	305.673736	21.4509618	0	0	0	0	0	3
1020	338	0	0.3984375	283.221079	289.441321	264.048812	305.673736	21.4509618	0	0	0	0	0	3
1025	339	0	0.400390625	282.412513	289.4072	264.048812	305.673736	21.4509618	0	0	0	0	0	3
1030	339	0	0.40234375	281.557441	289.369279	264.048812	305.673736	21.4509618	0	0	0	0	0	3
1035	340	0	0.404296875	280.724629	289.327718	264.048812	305.673736	21.4509618	0	0	0	0	0	3
1040	341	0	0.40625	279.843624	289.282339	264.048812	305.673736	21.4509618	0	0	0	0	0	3
1045	342	0	0.408203125	278.909016	289.232943	264.048812	305.673736	21.4509618	0	0	0	0	0	3
1050	343	0	0.41015625	278.009477	289.179751	264.048812	305.673736	21.4509618	0	0	0	0	0	3
1055	343	0	0.412109375	277.081811	289.122685	264.048812	305.673736	21.4509618	0	0	0	0	0	3
1060	344	0	0.4140625	276.078388	289.061444	264.048812	305.673736	21.4509618	0	0	0	0	0	3
1065	345	0	0.416015625	275.118138	288.996289	264.048812	305.673736	21.4509618	0	0	0	0	0	3
1070	346	0	0.41796875	274.155169	288.92726	264.048812	305.673736	21.4509618	0	0	0	0	0	3
1075	347	0	0.419921875	273.114394	288.854053	264.048812	305.673736	21.4509618	0	0	0	0	0	3
1080	347	0	0.421875	272.128127	288.776975	264.048812	305.673736	21.4509618	0	0	0	0	0	3
1085	348	0	0.423828125	271.119573	288.695977	264.048812	305.673736	21.4509618	0	0	0	0	0	3
1090	349	0	0.42578125	270.050325	288.610837	264.048812	305.673736	21.4509618	0	0	0	0	0	3
1095	350	0	0.427734375	269.014901	288.521765	264.048812	305.673736	21.4509618	0	0	0	0	0	3
1100	351	0	0.4296875	267.980754	288.428819	264.048812	305.673736	21.4509618	0	0	0	0	0	3
1105	352	0	0.431640625	266.896391	288.331826	264.048812	305.673736	21.4509618	0	0	0	0	0	3
1110	353	0	0.43359375	265.821872	288.230885	264.048812	305.673736	21.4509618	0	0	0	0	0	3
1115	354	0	0.435546875	264.814959	288.126349	264.048812	305.673736	21.4509618	0	0	0	0	0	3
1120	355	0	0.4375	263.772525	288.01811	263.772525	305.673736	21.4509618	0	0	0	0	0	3
1125	356	0	0.439453125	262.715008	287.906149	262.715008	305.673736	21.4509618	0	0	0	0	0	3
1130	356	0	0.44140625	261.776724	287.791042	261.776724	305.673736	21.4509618	0	0	0	0	0	3
1135	357	0	0.443359375	260.778828	287.672567	260.778828	305.673736	21.4509618	0	0	0	0	0	3
1140	358	0	0.4453125	259.812719	287.550909	259.812719	305.673736	21.4509618	0	0	0	0	0	3
1145	359	0	0.447265625	258.920664	287.426429	258.920664	305.673736	21.4509618	0	0	0	0	0	3
1150	360	0	0.44921875	257.956658	287.298854	257.956658	305.673736	21.4509618	0	0	0	0	0	3
1155	361	0	0.451171875	256.987093	287.1682	256.987093	305.673736	21.4509618	0	0	0	0	0	3
1160	361	0	0.453125	256.048129	287.034638	256.048129	305.673736	21.4509618	0	0	0	0	0	3
1165	362	0	0.455078125	255.162103	286.89843	255.162103	305.673736	21.4509618	0	0	0	0	0	3
1170	363	0	0.45703125	254.298266	286.759706	254.298266	305.673736	21.4509618	0	0	0	0	0	3
1175	364	0	0.458984375	253.483151	286.618704	253.483151	305.673736	21.4509618	0	0	0	0	0	3
1180	365	0	0.4609375	252.559542	286.474994	252.559542	305.673736	21.4509618	0	0	0	0	0	3
1185	366	0	0.462890625	251.742618	286.32906	251.742618	305.673736	21.4509618	0	0	0	0	0	3
1190	366	0	0.46484375	250.945377	286.181011	250.945377	305.673736	21.4509618	0	0	0	0	0	3
1195	367	0	0.466796875	250.117981	286.030748	250.117981	305.673736	21.4509618	0	0	0	0	0	3
1200	368	0	0.46875	249.270663	285.878217	249.270663	305.673736	21.4509618	0	0	0	0	0	3
1205	370	0	0.470703125	248.467439	285.723627	248.467439	305.673736	21.4509618	0	0	0	0	0	3
1210	371	0	0.47265625	247.700301	285.567152	247.700301	305.673736	21.4509618	0	0	0	0	0	3
1215	372	0	0.474609375	246.93005	285.408804	246.93005	305.673736	21.4509618	0	0	0	0	0	3
1220	373	0	0.4765625	246.184797	285.248706	246.184797	305.673736	21.4509618	0	0	0	0	0	3
1225	374	0	0.478515625	245.428857	285.086836	245.428857	305.673736	21.4509618	0	0	0	0	0	3
1230	374	0	0.48046875	244.718244	284.923401	244.718244	305.673736	21.4509618	0	0	0	0	0	3
1235	375	0	0.482421875	244.100015	284.75879	244.100015	305.673736	21.4509618	0	0	0	0	0	3
1240	376	0	0.484375	243.466964	284.59296	243.466964	305.673736	21.4509618	0	0	0	0	0	3
1245	377	0	0.486328125	242.86804	284.42606	242.86804	305.673736	21.4509618	0	0	0	0	0	3
1250	378	0	0.48828125	242.321964	284.258315	242.321964	305.673736	21.4509618	0	0	0	0	0	3
1255	379	0	0.490234375	241.806671	284.089856	241.806671	305.673736	21.4509618	0	0	0	0	0	3
1260	380	0	0.4921875	241.316665	283.920792	241.316665	305.673736	21.4509618	0	0	0	0	0	3
1265	380	0	0.494140625	240.851595	283.751228	240.851595	305.673736	21.4509618	0	0	0	0	0	3
1270	381	0	0.49609375	240.33936	283.580985	240.33936	305.673736	21.4509618	0	0	0	0	0	3
1275	382	0	0.498046875	239.874904	283.410258	239.874904	305.673736	21.4509618	0	0	0	0	0	3
1280	383	0	0.5	239.449343	283.239204	239.449343	305.673736	21.4509618	0	0	0	0	0	3
1285	384	0	0.501953125	239.016527	282.938022	239.016527	305.673736	21.1390801	0	0	0	0	0	3
1290	385	0	0.50390625	238.583631	282.70126	238.583631	305.673736	20.9966603	0	0	0	0	0	3
1295	385	0	0.505859375	238.150603	282.46377	238.150603	305.673736	20.8641486	0	0	0	0	0	3
1300	386	0	0.5078125	237.745639	282.225617	237.745639	305.673736	20.7273065	0	0	0	0	0	3
1305	388	0	0.509765625	237.339676	281.987016	237.339676	305.673736	20.6019923	0	0	0	0	0	3
1310	389	0	0.51171875	236.933128	281.74758	236.933128	305.673736	20.4665559	0	0	0	0	0	3
1315	390	0	0.513671875	236.489882	281.507708	236.489882	305.673736	20.3334683	0	0	0	0	0	3
1320	391	0	0.515625	236.093879	281.267264	236.093879	305.673736	20.179283	0	0	0	0	0	3
1325	392	0	0.517578125	235.740243	281.027303	235.740243	305.673736	20.0283462	0	0	0	0	0	3
1330	392	0	0.51953125	235.396718	280.787066	235.396718	305.673736	19.8595629	0	0	0	0	0	3
1335	393	0	0.521484375	235.057451	280.547518	235.057451	305.673736	19.6808249	0	0	0	0	0	3
1340	394	0	0.5234375	234.665716	280.308265	234.665716	305.673736	19.4823232	0	0	0	0	0	3
1345	395	0	0.525390625	234.30253	280.07007	234.30253	305.673736	19.2715566	0	0	0	0	0	3
1350	396	0	0.52734375	233.98431	279.832901	233.98431	305.673736	19.0414782	0	0	0	0	0	3
1355	397	0	0.529296875	233.641427	279.597247	233.641427	305.673736	18.8015986	0	0	0	0	0	3
1360	397	0	0.53125	233.345721	279.362886	233.345721	305.673736	18.5441904	0	0	0	0	0	3
1365	398	0	0.533203125	233.07264	279.130565	233.07264	305.673736	18.2772127	0	0	0	0	0	3
1370	399	0	0.53515625	232.787688	278.899852	232.787688	305.673736	17.9949707	0	0	0	0	0	3
1375	400	0	0.537109375	232.504637	278.671311	232.504637	305.673736	17.699038	0	0	0	0	0	3
1380	401	0	0.5390625	232.244158	278.445082	232.244158	305.673736	17.3936408	0	0	0	0	0	3
1385	402	0	0.541015625	232.010461	278.221064	232.010461	305.673736	17.2291524	0	0	0	0	0	3
1390	402	0	0.54296875	231.778622	278.000023	231.778622	305.673736	17.1155117	0	0	0	0	0	3
1395	403	0	0.544921875	231.573721	277.781882	231.573721	305.673736	16.9835119	0	0	0	0	0	3
1400	404	0	0.546875	231.393949	277.567163	231.393949	305.673736	16.8345432	0	0	0	0	0	3
1405	406	0	0.548828125	231.228861	277.35591	231.228861	305.673736	16.6692722	0	0	0	0	0	3
1410	407	0	0.55078125	231.080008	277.148271	231.080008	305.673736	16.4867851	0	0	0	0	0	3
1415	408	0	0.552734375	230.968939	276.944628	230.968939	305.673736	16.2866414	0	0	0	0	0	3
1420	409	0	0.5546875	230.88817	276.745264	230.88817	305.673736	16.0701482	0	0	0	0	0	3
1425	410	0	0.556640625	230.817183	276.550192	230.817183	305.673736	15.839256	0	0	0	0	0	3
1430	410	0	0.55859375	230.776393	276.359434	230.776393	305.673736	15.5950672	0	0	0	0	0	3
1435	411	0	0.560546875	230.751555	276.173029	230.751555	305.673736	15.3410032	0	0	0	0	0	3
1440	412	0	0.5625	230.741909	275.990697	230.741909	305.673736	15.0772026	0	0	0	0	0	3
1445	413	0	0.564453125	230.740488	275.812552	230.740488	305.673736	14.8088835	0	0	0	0	0	3
1450	414	0	0.56640625	230.710731	275.637822	230.710731	305.673736	14.5401093	0	0	0	0	0	3
1455	415	0	0.568359375	230.68464	275.466062	230.68464	305.673736	14.2719906	0	0	0	0	0	3
1460	416	0	0.5703125	230.63794	275.29706	230.63794	305.673736	14.2982649	0	0	0	0	0	3
1465	416	0	0.572265625	230.560919	275.130431	230.560919	305.673736	14.4648941	0	0	0	0	0	3
1470	417	0	0.57421875	230.470777	274.965862	230.470777	305.673736	14.6294631	0	0	0	0	0	3
1475	418	0	0.576171875	230.361322	274.803068	230.361322	305.673736	14.7922566	0	0	0	0	0	3
1480	419	0	0.578125	230.222967	274.641745	230.222967	305.673736	14.9535794	0	0	0	0	0	3
1485	420	0	0.580078125	230.085596	274.481711	230.085596	305.673736	15.1136135	0	0	0	0	0	3
1490	421	0	0.58203125	229.941745	274.322984	229.941745	305.673736	15.2723409	0	0	0	0	0	3
1495	422	0	0.583984375	229.809085	274.165972	229.809085	305.673736	15.4293528	0	0	0	0	0	3
1500	422	0	0.5859375	229.659959	274.010742	229.659959	305.673736	15.5845827	0	0	0	0	0	3
1505	425	0	0.587890625	229.480821	273.857145	229.480821	305.673736	15.7381795	0	0	0	0	0	3
1510	425	0	0.58984375	229.242172	273.704881	229.242172	305.673736	15.8904436	0	0	0	0	0	3
1515	426	0	0.591796875	228.982687	273.553757	228.982687	305.673736	16.0415674	0	0	0	0	0	3
1520	427	0	0.59375	228.715722	273.403873	228.715722	305.673736	16.191452	0	0	0	0	0	3
1525	428	0	0.595703125	228.452871	273.254897	228.452871	305.673736	16.3404281	0	0	0	0	0	3
1530	429	0	0.59765625	228.208839	273.106605	228.208839	305.673736	16.4887197	0	0	0	0	0	3
1535	430	0	0.599609375	227.971789	272.959091	227.971789	305.673736	16.6362337	0	0	0	0	0	3
1540	431	0	0.6015625	227.752308	272.812506	227.752308	305.673736	16.7828192	0	0	0	0	0	3
1545	431	0	0.603515625	227.549321	272.666766	227.549321	305.673736	16.928559	0	0	0	0	0	3
1550	432	0	0.60546875	227.358686	272.521578	227.358686	305.673736	17.0737467	0	0	0	0	0	3
1555	433	0	0.607421875	227.182536	272.376767	227.182536	305.673736	17.2185578	0	0	0	0	0	3
1560	434	0	0.609375	227.029419	272.231933	227.029419	305.673736	17.3633915	0	0	0	0	0	3
1565	435	0	0.611328125	226.887444	272.086769	226.887444	305.673736	17.508556	0	0	0	0	0	3
1570	436	0	0.61328125	226.762487	271.941119	226.762487	305.673736	17.6542057	0	0	0	0	0	3
1575	437	0	0.615234375	226.64328	271.794377	226.64328	305.673736	17.8009474	0	0	0	0	0	3
1580	437	0	0.6171875	226.540562	271.646322	226.540562	305.673736	17.9490027	0	0	0	0	0	3
1585	438	0	0.619140625	226.446444	271.496761	226.446444	305.673736	18.0985643	0	0	0	0	0	3
1590	439	0	0.62109375	226.355963	271.345529	226.355963	305.673736	18.2497958	0	0	0	0	0	3
1595	440	0	0.623046875	226.269336	271.192541	226.269336	305.673736	18.4027837	0	0	0	0	0	3
1600	441	0	0.625	226.188297	271.037399	226.188297	305.673736	18.5579263	0	0	0	0	0	3
1605	443	0	0.626953125	226.105074	270.879996	226.105074	305.673736	18.7153292	0	0	0	0	0	3
1610	444	0	0.62890625	226.012717	270.720101	226.012717	305.673736	18.8752235	0	0	0	0	0	3
1615	445	0	0.630859375	225.900418	270.557551	225.900418	305.673736	19.0377743	0	0	0	0	0	3
1620	446	0	0.6328125	225.777319	270.391972	225.777319	305.673736	19.2033533	0	0	0	0	0	3
1625	446	0	0.634765625	225.62619	270.223051	225.62619	305.673736	19.372274	0	0	0	0	0	3
1630	447	0	0.63671875	225.467002	270.050612	225.467002	305.673736	19.5447132	0	0	0	0	0	3
1635	448	0	0.638671875	225.279952	269.874555	225.279952	305.673736	19.7207703	0	0	0	0	0	3
1640	449	0	0.640625	225.06742	269.694567	225.06742	305.673736	19.9007575	0	0	0	0	0	3
1645	450	0	0.642578125	224.838371	269.510526	224.838371	305.673736	20.0847993	0	0	0	0	0	3
1650	451	0	0.64453125	224.583688	269.322348	224.583688	305.673736	20.2729772	0	0	0	0	0	3
1655	452	0	0.646484375	224.305827	269.129974	224.305827	305.673736	20.4653513	0	0	0	0	0	3
1660	453	0	0.6484375	224.000669	268.933052	224.000669	305.673736	20.6622725	0	0	0	0	0	3
1665	453	0	0.650390625	223.66149	268.731621	223.66149	305.673736	20.8637034	0	0	0	0	0	3
1670	454	0	0.65234375	223.299804	268.525779	223.299804	305.673736	21.0695458	0	0	0	0	0	3
1675	455	0	0.654296875	222.920324	268.315669	222.920324	305.673736	21.2796564	0	0	0	0	0	3
1680	456	0	0.65625	222.539543	268.101294	222.539543	305.673736	21.4940305	0	0	0	0	0	3
1685	457	0	0.658203125	222.149755	267.882724	222.149755	305.673736	21.712601	0	0	0	0	0	3
1690	458	0	0.66015625	221.769958	267.660331	221.769958	305.673736	21.934994	0	0	0	0	0	3
1695	458	0	0.662109375	221.408765	267.434209	221.408765	305.673736	22.1611154	0	0	0	0	0	3
1700	459	0	0.6640625	221.063639	267.204418	221.063639	305.673736	22.3909064	0	0	0	0	0	3
1705	461	0	0.666015625	220.75231	266.971069	220.75231	305.673736	22.6242554	0	0	0	0	0	3
1710	462	0	0.66796875	220.465558	266.734207	220.465558	305.673736	22.8611178	0	0	0	0	0	3
1715	463	0	0.669921875	220.210281	266.493849	220.210281	305.673736	23.101476	0	0	0	0	0	3
1720	464	0	0.671875	219.987896	266.250076	219.987896	305.673736	23.3452485	0	0	0	0	0	3
1725	465	0	0.673828125	219.791447	266.00286	219.791447	305.673736	23.5924647	0	0	0	0	0	3
1730	466	0	0.67578125	219.621358	265.752186	219.621358	305.673736	23.8431391	0	0	0	0	0	3
1735	466	0	0.677734375	219.476236	265.497919	219.476236	305.673736	24.0974058	0	0	0	0	0	3
1740	467	0	0.6796875	219.342576	265.24002	219.342576	305.673736	24.3553051	0	0	0	0	0	3
1745	468	0	0.681640625	219.221979	264.978389	219.221979	305.673736	24.6169356	0	0	0	0	0	3
1750	469	0	0.68359375	219.109519	264.712866	219.109519	305.673736	24.8824584	0	0	0	0	0	3
1755	470	0	0.685546875	218.997196	264.443302	218.997196	305.673736	25.152023	0	0	0	0	0	3
1760	471	0	0.6875	218.881217	264.169519	218.881217	305.673736	25.4258064	0	0	0	0	0	3
1765	472	0	0.689453125	218.767401	263.891321	218.767401	305.673736	25.7040034	0	0	0	0	0	3
1770	472	0	0.69140625	218.643162	263.608669	218.643162	305.673736	25.9866562	0	0	0	0	0	3
1775	473	0	0.693359375	218.508712	263.3216	218.508712	305.673736	26.273725	0	0	0	0	0	3
1780	474	0	0.6953125	218.35472	263.030077	218.35472	305.673736	26.5652474	0	0	0	0	0	3
1785	475	0	0.697265625	218.191452	262.734102	218.191452	305.673736	26.8612227	0	0	0	0	0	3
1790	476	0	0.69921875	218.016607	262.433558	218.016607	305.673736	27.161767	0	0	0	0	0	3
1795	477	0	0.701171875	217.831607	262.128496	217.831607	305.673736	27.4668286	0	0	0	0	0	3
1800	478	0	0.703125	217.639781	261.81904	217.639781	305.673736	27.7762852	0	0	0	0	0	3
1805	479	0	0.705078125	217.455778	261.5052	217.455778	305.673736	28.0901251	0	0	0	0	0	3
1810	480	0	0.70703125	217.273473	261.187152	217.273473	305.673736	28.4081727	0	0	0	0	0	3
1815	481	0	0.708984375	217.110961	260.865254	217.110961	305.673736	28.7300712	0	0	0	0	0	3
1820	482	0	0.7109375	216.954725	260.539984	216.954725	305.673736	29.0553412	0	0	0	0	0	3
1825	483	0	0.712890625	216.81611	260.211759	216.81611	305.673736	29.3835655	0	0	0	0	0	3
1830	484	0	0.71484375	216.690686	259.880711	216.690686	305.673736	29.714614	0	0	0	0	0	3
1835	485	0	0.716796875	216.585121	259.547167	216.585121	305.673736	30.0481583	0	0	0	0	0	3
1840	485	0	0.71875	216.493852	259.211426	216.493852	305.673736	30.3838993	0	0	0	0	0	3
1845	486	0	0.720703125	216.418162	258.873678	216.418162	305.673736	30.7216472	0	0	0	0	0	3
1850	487	0	0.72265625	216.35573	258.534044	216.35573	305.673736	31.0612812	0	0	0	0	0	3
1855	488	0	0.724609375	216.304636	258.192824	216.304636	305.673736	31.4025008	0	0	0	0	0	3
1860	489	0	0.7265625	216.268538	257.850096	216.268538	305.673736	31.7452292	0	0	0	0	0	3
1865	490	0	0.728515625	216.239494	257.505783	216.239494	305.673736	32.0895415	0	0	0	0	0	3
1870	491	0	0.73046875	216.220063	257.160152	216.220063	305.673736	32.4351727	0	0	0	0	0	3
1875	491	0	0.732421875	216.209849	256.813568	216.209849	305.673736	32.7817569	0	0	0	0	0	3
1880	492	0	0.734375	216.206381	256.466308	216.206381	305.673736	33.1290171	0	0	0	0	0	3
1885	493	0	0.736328125	216.203292	256.118226	216.203292	305.673736	33.4770991	0	0	0	0	0	3
1890	494	0	0.73828125	216.201699	255.769609	216.201699	305.673736	33.8257161	0	0	0	0	0	3
1895	495	0	0.740234375	216.202394	255.42051	216.201699	305.673736	34.174815	0	0	0	0	0	3
1900	496	0	0.7421875	216.216136	255.071135	216.201699	305.673736	34.5241897	0	0	0	0	0	3
1905	498	0	0.744140625	216.232234	254.721754	216.201699	305.608254	34.8735706	0	0	0	0	0	3
1910	498	0	0.74609375	216.24649	254.372685	216.201699	305.518402	35.22264	0	0	0	0	0	3
1915	499	0	0.748046875	216.26959	254.024057	216.201699	305.391984	35.5712681	0	0	0	0	0	3
1920	500	0	0.75	216.297871	253.676033	216.201699	305.153338	35.919292	0	0	0	0	0	3
1925	501	0	0.751953125	216.32937	253.329064	216.201699	304.875382	36.2662606	0	0	0	0	0	3
1930	502	0	0.75390625	216.370318	252.983341	216.201699	304.685138	36.6119835	0	0	0	0	0	3
1935	503	0	0.755859375	216.412578	252.638527	216.201699	304.502541	36.9567982	0	0	0	0	0	3
1940	504	0	0.7578125	216.45429	252.294588	216.201699	304.380737	37.3007367	0	0	0	0	0	3
1945	505	0	0.759765625	216.494855	251.951284	216.201699	304.222113	37.6440409	0	0	0	0	0	3
1950	505	0	0.76171875	216.536495	251.608762	216.201699	304.051838	37.9865629	0	0	0	0	0	3
1955	506	0	0.763671875	216.577483	251.267065	216.201699	303.809236	38.3282596	0	0	0	0	0	3
1960	507	0	0.765625	216.626426	250.926507	216.201699	303.623585	38.6688174	0	0	0	0	0	3
1965	508	0	0.767578125	216.672992	250.586857	216.201699	303.518759	39.0084682	0	0	0	0	0	3
1970	509	0	0.76953125	216.724306	250.247816	216.201699	303.375471	39.347509	0	0	0	0	0	3
1975	510	0	0.771484375	216.777163	249.909541	216.201699	303.229201	39.6857837	0	0	0	0	0	3
1980	511	0	0.7734375	216.833564	249.572058	216.201699	303.095721	40.0232666	0	0	0	0	0	3
1985	512	0	0.775390625	216.896455	249.235342	216.201699	302.95545	40.3599825	0	0	0	0	0	3
1990	513	0	0.77734375	216.958785	248.899418	216.201699	302.799526	40.695907	0	0	0	0	0	3
1995	513	0	0.779296875	217.027791	248.564372	216.201699	302.632094	41.0309528	0	0	0	0	0	3
2000	514	0	0.78125	217.104591	248.23028	216.201699	302.472756	41.3650446	0	0	0	0	0	3
2005	516	0	0.783203125	217.196907	247.897171	216.201699	302.315445	41.6981534	0	0	0	0	0	3
2010	517	0	0.78515625	217.314654	247.565137	216.201699	302.107379	42.0301877	0	0	0	0	0	3
2015	518	0	0.787109375	217.435382	247.234387	216.201699	301.897001	42.3609377	0	0	0	0	0	3
2020	519	0	0.7890625	217.564237	246.904962	216.201699	301.711097	42.6903626	0	0	0	0	0	3
2025	520	0	0.791015625	217.690022	246.576755	216.201699	301.494516	43.0185699	0	0	0	0	0	3
2030	521	0	0.79296875	217.815288	246.249883	216.201699	301.234088	43.3454419	0	0	0	0	0	3
2035	521	0	0.794921875	217.937879	245.924507	216.201699	300.989912	43.6708177	0	0	0	0	0	3
2040	522	0	0.796875	218.059467	245.60056	216.201699	300.783383	43.9947648	0	0	0	0	0	3
2045	523	0	0.798828125	218.169088	245.277848	216.201699	300.540234	44.3174769	0	0	0	0	0	3
2050	524	0	0.80078125	218.268176	244.956473	216.201699	300.354085	44.6388521	0	0	0	0	0	3
2055	525	0	0.802734375	218.346195	244.636129	216.201699	300.226124	44.9591954	0	0	0	0	0	3
2060	526	0	0.8046875	218.404622	244.316514	216.201699	300.062969	45.2788107	0	0	0	0	0	3
2065	527	0	0.806640625	218.441157	243.997679	216.201699	299.926419	45.5976459	0	0	0	0	0	3
2070	528	0	0.80859375	218.457162	243.67944	216.201699	299.808831	45.9158852	0	0	0	0	0	3
2075	529	0	0.810546875	218.454853	243.361651	216.201699	299.696222	46.2336741	0	0	0	0	0	3
2080	529	0	0.8125	218.428151	243.044197	216.201699	299.582612	46.5511275	0	0	0	0	0	3
2085	530	0	0.814453125	218.380499	242.727002	216.201699	299.518459	46.8683233	0	0	0	0	0	3
2090	531	0	0.81640625	218.307911	242.409773	216.201699	299.442465	47.185552	0	0	0	0	0	3
2095	532	0	0.818359375	218.213827	242.092474	216.201699	299.380645	47.5028513	0	0	0	0	0	3
2100	533	0	0.8203125	218.106181	241.774995	216.201699	299.35301	47.8203297	0	0	0	0	0	3
2105	535	0	0.822265625	217.991968	241.457179	216.201699	299.307384	48.1381463	0	0	0	0	0	3
2110	536	0	0.82421875	217.879573	241.139101	216.201699	299.286456	48.4562237	0	0	0	0	0	3
2115	537	0	0.826171875	217.773128	240.82069	216.201699	299.249463	48.7746351	0	0	0	0	0	3
2120	537	0	0.828125	217.679971	240.502059	216.201699	299.221301	49.0932659	0	0	0	0	0	3
2125	538	0	0.830078125	217.598756	240.183221	216.201699	299.185861	49.412104	0	0	0	0	0	3
2130	539	0	0.83203125	217.534652	239.864271	216.201699	299.107557	49.731054	0	0	0	0	0	3
2135	540	0	0.833984375	217.491083	239.545456	216.201699	299.042748	50.0498684	0	0	0	0	0	3
2140	541	0	0.8359375	217.469797	239.226812	216.201699	298.953799	50.3685127	0	0	0	0	0	3
2145	542	0	0.837890625	217.466822	238.908504	216.201699	298.81615	50.6868212	0	0	0	0	0	3
2150	543	0	0.83984375	217.485393	238.590805	216.201699	298.647483	51.0045195	0	0	0	0	0	3
2155	544	0	0.841796875	217.527544	238.273931	216.201699	298.480841	51.3213943	0	0	0	0	0	3
2160	545	0	0.84375	217.586287	237.957936	216.201699	298.226814	51.6373886	0	0	0	0	0	3
2165	546	0	0.845703125	217.659275	237.643219	216.201699	297.955951	51.9521056	0	0	0	0	0	3
2170	547	0	0.84765625	217.745923	237.329899	216.201699	297.66251	52.265426	0	0	0	0	0	3
2175	548	0	0.849609375	217.877456	237.018238	216.201699	297.287473	52.5770864	0	0	0	0	0	3
2180	548	0	0.8515625	218.026857	236.708627	216.201699	296.894781	52.8866981	0	0	0	0	0	3
2185	549	0	0.853515625	218.181036	236.401151	216.201699	296.471636	53.1941737	0	0	0	0	0	3
2190	550	0	0.85546875	218.3412	236.095954	216.201699	295.991832	53.4993707	0	0	0	0	0	3
2195	551	0	0.857421875	218.503167	235.793264	216.201699	295.532386	53.8020608	0	0	0	0	0	3
2200	552	0	0.859375	218.670194	235.493021	216.201699	295.05914	54.1023038	0	0	0	0	0	3
2205	554	0	0.861328125	218.839731	235.195289	216.201699	294.531658	54.4000358	0	0	0	0	0	3
2210	555	0	0.86328125	219.005269	234.900264	216.201699	294.047055	54.6950608	0	0	0	0	0	3
2215	556	0	0.865234375	219.164397	234.607754	216.201699	293.531714	54.9875712	0	0	0	0	0	3
2220	556	0	0.8671875	219.317174	234.317853	216.201699	292.978898	55.2774717	0	0	0	0	0	3
2225	557	0	0.869140625	219.465246	234.03069	216.201699	292.429623	55.5646344	0	0	0	0	0	3
2230	558	0	0.87109375	219.614804	233.746258	216.201699	291.877105	55.8490673	0	0	0	0	0	3
2235	559	0	0.873046875	219.76526	233.464571	216.201699	291.290036	56.1307542	0	0	0	0	0	3
2240	560	0	0.875	219.913073	233.185754	216.201699	290.657148	56.4095705	0	0	0	0	0	3
2245	561	0	0.876953125	220.059455	232.909982	216.201699	290.069326	56.6853427	0	0	0	0	0	3
2250	562	0	0.87890625	220.195543	232.637038	216.201699	289.456638	56.9575796	0	0	0	0	0	3
2255	563	0	0.880859375	220.323023	232.366985	216.201699	288.802559	57.2236122	0	0	0	0	0	3
2260	564	0	0.8828125	220.447049	232.099971	216.201699	288.182777	57.4835157	0	0	0	0	0	3
2265	564	0	0.884765625	220.570994	231.835862	216.201699	287.538128	57.737346	0	0	0	0	0	3
2270	565	0	0.88671875	220.702755	231.574787	216.201699	286.851683	57.9848141	0	0	0	0	0	3
2275	566	0	0.888671875	220.845243	231.316949	216.201699	286.156393	58.2257203	0	0	0	0	0	3
2280	567	0	0.890625	221.001431	231.062437	216.201699	285.470738	58.4600738	0	0	0	0	0	3
2285	568	0	0.892578125	221.170482	230.811264	216.201699	284.741305	58.687694	0	0	0	0	0	3
2290	569	0	0.89453125	221.351731	230.563649	216.201699	283.961099	58.9081631	0	0	0	0	0	3
2295	570	0	0.896484375	221.542819	230.319828	216.201699	283.221079	59.1214932	0	0	0	0	0	3
2300	571	0	0.8984375	221.745686	230.079689	216.201699	282.412513	59.327511	0	0	0	0	0	3
2305	573	0	0.900390625	221.958006	229.843539	216.201699	281.557441	59.5257399	0	0	0	0	0	3
2310	574	0	0.90234375	222.185316	229.611617	216.201699	280.724629	59.7161014	0	0	0	0	0	3
2315	575	0	0.904296875	222.42476	229.383883	216.201699	279.843624	59.8984568	0	0	0	0	0	3
2320	575	0	0.90625	222.674097	229.160564	216.201699	278.909016	60.0723785	0	0	0	0	0	3
2325	576	0	0.908203125	222.924902	228.941876	216.201699	278.009477	60.2378747	0	0	0	0	0	3
2330	577	0	0.91015625	223.176888	228.727686	216.201699	277.081811	60.3949987	0	0	0	0	0	3
2335	578	0	0.912109375	223.425695	228.518092	216.201699	276.078388	59.8766888	0	0	0	0	0	3
2340	579	0	0.9140625	223.679379	228.313409	216.201699	275.118138	58.9164385	0	0	0	0	0	3
2345	580	0	0.916015625	223.943909	228.113509	216.201699	274.155169	57.9534699	0	0	0	0	0	3
2350	581	0	0.91796875	224.199442	227.91837	216.201699	273.114394	56.9126951	0	0	0	0	0	3
2355	582	0	0.919921875	224.446284	227.72826	216.201699	272.128127	55.9264278	0	0	0	0	0	3
2360	582	0	0.921875	224.686139	227.54294	216.201699	271.119573	54.917874	0	0	0	0	0	3
2365	583	0	0.923828125	224.919686	227.362471	216.201699	270.050325	53.8486263	0	0	0	0	0	3
2370	584	0	0.92578125	225.146843	227.187067	216.201699	269.014901	52.8132015	0	0	0	0	0	3
2375	585	0	0.927734375	225.367094	227.016568	216.201699	267.980754	51.7790551	0	0	0	0	0	3
2380	586	0	0.9296875	225.574768	226.850919	216.201699	266.896391	50.6946921	0	0	0	0	0	3
2385	587	0	0.931640625	225.773408	226.690283	216.201699	265.821872	49.6201733	0	0	0	0	0	3
2390	588	0	0.93359375	225.960183	226.534573	216.201699	264.814959	48.61326	0	0	0	0	0	3
2395	589	0	0.935546875	226.135879	226.383483	216.201699	263.772525	47.5708263	0	0	0	0	0	3
2400	589	0	0.9375	226.305545	226.237128	216.201699	262.715008	46.5133089	0	0	0	0	0	3
2405	591	0	0.939453125	226.463042	226.095518	216.201699	261.776724	45.5750249	0	0	0	0	0	3
2410	592	0	0.94140625	226.612524	225.958158	216.201699	260.778828	44.5771292	0	0	0	0	0	3
2415	593	0	0.943359375	226.750995	225.825237	216.201699	259.812719	43.6110204	0	0	0	0	0	3
2420	594	0	0.9453125	226.877295	225.696583	216.201699	258.920664	42.7189652	0	0	0	0	0	3
2425	595	0	0.947265625	226.997117	225.571882	216.201699	257.956658	41.754959	0	0	0	0	0	3
2430	596	0	0.94921875	227.111545	225.451393	216.201699	256.987093	40.7853943	0	0	0	0	0	3
2435	597	0	0.951171875	227.2302	225.335155	216.201699	256.048129	39.8464295	0	0	0	0	0	3
2440	597	0	0.953125	227.352217	225.223062	216.201699	255.162103	38.9604041	0	0	0	0	0	3
2445	598	0	0.955078125	227.480872	225.114932	216.201699	254.298266	38.0965674	0	0	0	0	0	3
2450	599	0	0.95703125	227.616539	225.010706	216.201699	253.483151	37.2814515	0	0	0	0	0	3
2455	600	0	0.958984375	227.763968	224.910241	216.201699	252.559542	36.3578433	0	0	0	0	0	3
2460	601	0	0.9609375	227.921216	224.813997	216.201699	251.742618	35.5409189	0	0	0	0	0	3
2465	602	0	0.962890625	228.086928	224.721592	216.201699	250.945377	34.7436776	0	0	0	0	0	3
2470	603	0	0.96484375	228.261955	224.632985	216.201699	250.117981	33.9162821	0	0	0	0	0	3
2475	604	0	0.966796875	228.444927	224.548325	216.201699	249.270663	33.0689642	0	0	0	0	0	3
2480	605	0	0.96875	228.631571	224.467703	216.201699	248.467439	32.2657397	0	0	0	0	0	3
2485	605	0	0.970703125	228.821157	224.39096	216.201699	247.700301	31.4986015	0	0	0	0	0	3
2490	606	0	0.97265625	229.011097	224.317955	216.201699	246.93005	30.7283506	0	0	0	0	0	3
2495	607	0	0.974609375	229.199426	224.248695	216.201699	246.184797	29.9830981	0	0	0	0	0	3
2500	608	0	0.9765625	229.38714	224.183079	216.201699	245.428857	29.2271583	0	0	0	0	0	3
2505	610	0	0.978515625	229.572416	224.12114	216.201699	244.718244	28.5165445	0	0	0	0	0	3
2510	611	0	0.98046875	229.777304	224.062777	216.201699	244.100015	27.8983157	0	0	0	0	0	3
2515	612	0	0.982421875	229.978014	224.007613	216.201699	243.466964	27.2652652	0	0	0	0	0	3
2520	613	0	0.984375	230.175027	223.955691	216.201699	242.86804	26.6663408	0	0	0	0	0	3
2525	614	0	0.986328125	230.36774	223.906862	216.201699	242.321964	26.1202645	0	0	0	0	0	3
2530	615	0	0.98828125	230.556126	223.860902	216.201699	241.806671	25.604972	0	0	0	0	0	3
2535	615	0	0.990234375	230.741459	223.817678	216.201699	241.316665	25.1149659	0	0	0	0	0	3
2540	616	0	0.9921875	230.922842	223.777077	216.201699	240.851595	24.6498959	0	0	0	0	0	3
2545	617	0	0.994140625	231.101773	223.738992	216.201699	240.33936	24.1376613	0	0	0	0	0	3
2550	618	0	0.99609375	231.279761	223.703603	216.201699	239.874904	23.6732048	0	0	0	0	0	3
2555	619	0	0.998046875	231.458929	223.670728	216.201699	239.449343	23.2476435	0	0	0	0	0	3
2560	620	0	1	231.642795	223.640234	216.201699	239.016527	22.814828	2.6841611	0	0	0	0	3
2565	621	0	1.00195312	231.829002	223.612157	216.201699	238.583631	22.381932	2.6841611	0	0	0	0	3
2570	622	0	1.00390625	232.016883	223.586506	216.201699	238.150603	21.9489044	2.6841611	0	0	0	0	3
2575	623	0	1.00585938	232.201018	223.563266	216.201699	237.745639	21.5439402	2.6841611	0	0	0	0	3
2580	623	0	1.0078125	232.382386	223.542315	216.201699	237.339676	21.1379771	2.6841611	0	0	0	0	3
2585	624	0	1.00976562	232.557107	223.523633	216.201699	236.933128	20.731429	2.6841611	0	0	0	0	3
2590	625	0	1.01171875	232.730963	223.507219	216.201699	236.489882	20.2881829	2.6841611	0	0	0	0	3
2595	626	0	1.01367188	232.900595	223.493198	216.201699	236.093879	19.8921796	2.6841611	0	0	0	0	3
2600	627	0	1.015625	233.071214	223.481391	216.201699	235.740243	19.5385434	2.6841611	0	0	0	0	3
2605	629	0	1.01757812	233.241727	223.471631	216.201699	235.396718	19.1950185	2.6841611	0	0	0	0	3
2610	630	0	1.01953125	233.414436	223.463888	216.201699	235.057451	18.8557517	2.6841611	0	0	0	0	3
2615	631	0	1.02148438	233.591785	223.458162	216.201699	234.665716	18.4640167	2.6841611	0	0	0	0	3
2620	632	0	1.0234375	233.777003	223.454691	216.201699	234.30253	18.1008307	2.6841611	0	0	0	0	3
2625	633	0	1.02539062	233.969127	223.453389	216.201699	233.98431	17.7826114	2.6841611	0	0	0	0	3
2630	634	0	1.02734375	234.165536	223.454096	216.201699	234.165536	17.9638364	2.6841611	0	0	0	0	3
2635	635	0	1.02929688	234.371024	223.456946	216.201699	234.371024	18.1693247	2.6841611	0	0	0	0	3
2640	636	0	1.03125	234.583271	223.461781	216.201699	234.583271	18.3815722	2.6841611	0	0	0	0	3
2645	637	0	1.03320312	234.798616	223.468523	216.201699	234.798616	18.5969167	2.6841611	0	0	0	0	3
2650	637	0	1.03515625	235.016632	223.47723	216.201699	235.016632	18.8149331	2.6841611	0	0	0	0	3
2655	638	0	1.03710938	235.23458	223.487893	216.201699	235.23458	19.0328809	2.6841611	0	0	0	0	3
2660	639	0	1.0390625	235.451532	223.500422	216.201699	235.451532	19.2498326	2.6841611	0	0	0	0	3
2665	640	0	1.04101562	235.666554	223.514704	216.201699	235.666554	19.4648547	2.6841611	0	0	0	0	3
2670	641	0	1.04296875	235.880256	223.530726	216.201699	235.880256	19.6785572	2.6841611	0	0	0	0	3
2675	642	0	1.04492188	236.092999	223.548379	216.201699	236.092999	19.8913001	2.6841611	0	0	0	0	3
2680	643	0	1.046875	236.302062	223.567552	216.201699	236.302062	20.1003627	2.6841611	0	0	0	0	3
2685	644	0	1.04882812	236.508091	223.588174	216.201699	236.508091	20.3063918	2.6841611	0	0	0	0	3
2690	645	0	1.05078125	236.710946	223.610169	216.201699	236.710946	20.5092471	2.6841611	0	0	0	0	3
2695	646	0	1.05273438	236.907518	223.633367	216.201699	236.907518	20.7058185	2.6841611	0	0	0	0	3
2700	646	0	1.0546875	237.098051	223.657624	216.201699	237.098051	20.8963521	2.6841611	0	0	0	0	3
2705	649	0	1.05664062	237.28411	223.682886	216.201699	237.28411	21.0824108	2.6841611	0	0	0	0	3
2710	649	0	1.05859375	237.465641	223.709016	216.201699	237.465641	21.2639418	2.6841611	0	0	0	0	3
2715	650	0	1.06054688	237.646476	223.735949	216.201699	237.646476	21.4447765	2.6841611	0	0	0	0	3
2720	651	0	1.0625	237.826138	223.763622	216.201699	237.826138	21.624439	2.6841611	0	0	0	0	3
2725	652	0	1.06445312	238.004095	223.791995	216.201699	238.004095	21.8023963	2.6841611	0	0	0	0	3
2730	653	0	1.06640625	238.182464	223.821182	216.201699	238.182464	21.9807647	2.6841611	0	0	0	0	3
2735	654	0	1.06835938	238.360814	223.851167	216.201699	238.360814	22.1591145	2.6841611	0	0	0	0	3
2740	655	0	1.0703125	238.538805	223.882029	216.201699	238.538805	22.3371061	2.6841611	0	0	0	0	3
2745	656	0	1.07226562	238.712896	223.913873	216.201699	238.712896	22.5111967	2.6841611	0	0	0	0	3
2750	657	0	1.07421875	238.885891	223.946745	216.201699	238.885891	22.6841916	2.6841611	0	0	0	0	3
2755	658	0	1.07617188	239.054843	223.980704	216.201699	239.054843	22.8531439	2.6841611	0	0	0	0	3
2760	659	0	1.078125	239.221831	224.015855	216.201699	239.221831	23.0201318	2.6841611	0	0	0	0	3
2765	659	0	1.08007812	239.385132	224.052182	216.201699	239.385132	23.183433	2.6841611	0	0	0	0	3
2770	660	0	1.08203125	239.54758	224.089705	216.201699	239.54758	23.3458811	2.6841611	0	0	0	0	3
2775	661	0	1.08398438	239.707443	224.12837	216.201699	239.707443	23.5057442	2.6841611	0	0	0	0	3
2780	662	0	1.0859375	239.866605	224.16824	216.201699	239.866605	23.6649059	2.6841611	0	0	0	0	3
2785	663	0	1.08789062	240.025609	224.20943	216.201699	240.025609	23.8239097	2.6841611	0	0	0	0	3
2790	664	0	1.08984375	240.185307	224.252177	216.201699	240.185307	23.9836083	2.6841611	0	0	0	0	3
2795	665	0	1.09179688	240.345956	224.296565	216.201699	240.345956	24.144257	2.6841611	0	0	0	0	3
2800	666	0	1.09375	240.506417	224.342622	216.201699	240.506417	24.3047175	2.6841611	0	0	0	0	3
2805	668	0	1.09570312	240.666135	224.39033	216.201699	240.666135	24.4644364	2.6841611	0	0	0	0	3
2810	669	0	1.09765625	240.824831	224.439611	216.201699	240.824831	24.6231322	2.6841611	0	0	0	0	3
2815	670	0	1.09960938	240.985742	224.490447	216.201699	240.985742	24.7840427	2.6841611	0	0	0	0	3
2820	671	0	1.1015625	241.141595	224.542749	216.201699	241.141595	24.9398956	2.6841611	0	0	0	0	3
2825	672	0	1.10351562	241.294127	224.59644	216.201699	241.294127	25.0924278	2.6841611	0	0	0	0	3
2830	672	0	1.10546875	241.443128	224.651457	216.201699	241.443128	25.2414289	2.6841611	0	0	0	0	3
2835	673	0	1.10742188	241.589752	224.707735	216.201699	241.589752	25.3880524	2.6841611	0	0	0	0	3
2840	674	0	1.109375	241.731707	224.765166	216.201699	241.731707	25.530008	2.6841611	0	0	0	0	3
2845	675	0	1.11132812	241.860283	224.823654	216.201699	241.860283	25.6585835	2.6841611	0	0	0	0	3
2850	676	0	1.11328125	241.983688	224.883112	216.201699	241.983688	25.7819887	2.6841611	0	0	0	0	3
2855	677	0	1.11523438	242.098946	224.943485	216.201699	242.098946	25.8972469	2.6841611	0	0	0	0	3
2860	678	0	1.1171875	242.207785	225.004685	216.201699	242.207785	26.0060856	2.6841611	0	0	0	0	3
2865	679	0	1.11914062	242.307347	225.066642	216.201699	242.307347	26.1056475	2.6841611	0	0	0	0	3
2870	680	0	1.12109375	242.39712	225.129303	216.201699	242.39712	26.1954207	2.6841611	0	0	0	0	3
2875	681	0	1.12304688	242.473775	225.192601	216.201699	242.473775	26.2720762	2.6841611	0	0	0	0	3
2880	681	0	1.125	242.541414	225.256481	216.201699	242.541414	26.3397147	2.6841611	0	0	0	0	3
2885	682	0	1.12695312	242.598587	225.320908	216.201699	242.598587	26.3968882	2.6841611	0	0	0	0	3
2890	683	0	1.12890625	242.646923	225.385886	216.201699	242.646923	26.4452243	2.6841611	0	0	0	0	3
2895	684	0	1.13085938	242.684291	225.451448	216.201699	242.684291	26.4825917	2.6841611	0	0	0	0	3
2900	685	0	1.1328125	242.709156	225.517588	216.201699	242.709156	26.5074574	2.6841611	0	0	0	0	3
2905	687	0	1.13476562	242.723687	225.584375	216.201699	242.723687	26.5219876	2.6841611	0	0	0	0	3
2910	688	0	1.13671875	242.725215	225.65179	216.201699	242.725215	26.5235162	2.6841611	0	0	0	0	3
2915	689	0	1.13867188	242.716239	225.7199	216.201699	242.725215	26.5235162	2.6841611	0	0	0	0	3
2920	690	0	1.140625	242.695817	225.788761	216.201699	242.725215	26.5235162	2.6841611	0	0	0	0	3
2925	691	0	1.14257812	242.666156	225.858401	216.201699	242.725215	26.5235162	2.6841611	0	0	0	0	3
2930	692	0	1.14453125	242.625643	225.928877	216.201699	242.725215	26.5235162	2.6841611	0	0	0	0	3
2935	693	0	1.14648438	242.573361	226.000235	216.201699	242.725215	26.5235162	2.6841611	0	0	0	0	3
2940	693	0	1.1484375	242.508764	226.072532	216.201699	242.725215	26.5235162	2.6841611	0	0	0	0	3
2945	694	0	1.15039062	242.431906	226.145854	216.201699	242.725215	26.5235162	2.6841611	0	0	0	0	3
2950	695	0	1.15234375	242.34552	226.220251	216.201699	242.725215	26.5235162	2.6841611	0	0	0	0	3
2955	696	0	1.15429688	242.247484	226.295748	216.201699	242.725215	26.5235162	2.6841611	0	0	0	0	3
2960	697	0	1.15625	242.135801	226.372296	216.201699	242.725215	26.5235162	2.6841611	0	0	0	0	3
2965	698	0	1.15820312	242.013582	226.449889	216.201699	242.725215	26.5235162	2.6841611	0	0	0	0	3
2970	699	0	1.16015625	241.8815	226.52845	216.201699	242.725215	26.5235162	2.6841611	0	0	0	0	3
2975	700	0	1.16210938	241.739557	226.607867	216.201699	242.725215	26.5235162	2.6841611	0	0	0	0	3
2980	701	0	1.1640625	241.587878	226.68804	216.201699	242.725215	26.5235162	2.6841611	0	0	0	0	3
2985	702	0	1.16601562	241.431233	226.768817	216.201699	242.725215	26.5235162	2.6841611	0	0	0	0	3
2990	703	0	1.16796875	241.271693	226.850091	216.201699	242.725215	26.5235162	2.6841611	0	0	0	0	3
2995	704	0	1.16992188	241.109581	226.931729	216.201699	242.725215	26.5235162	2.6841611	0	0	0	0	3
3000	704	0	1.171875	240.94345	227.013586	216.201699	242.725215	26.5235162	2.6841611	0	0	0	0	3
3005	707	0	1.17382812	240.776639	227.09556	216.201699	242.725215	26.5235162	2.6841611	0	0	0	0	3
3010	707	0	1.17578125	240.591939	227.177476	216.201699	242.725215	26.5235162	2.6841611	0	0	0	0	3
3015	708	0	1.17773438	240.403122	227.259222	216.201699	242.725215	26.5235162	2.6841611	0	0	0	0	3
3020	709	0	1.1796875	240.216712	227.340761	216.201699	242.725215	26.5235162	2.6841611	0	0	0	0	3
3025	710	0	1.18164062	240.032953	227.422054	216.201699	242.725215	26.5235162	2.6841611	0	0	0	0	3
3030	711	0	1.18359375	239.852328	227.503081	216.201699	242.725215	26.5235162	2.6841611	0	0	0	0	3
3035	712	0	1.18554688	239.674894	227.583853	216.201699	242.725215	26.5235162	2.6841611	0	0	0	0	3
3040	713	0	1.1875	239.501562	227.664401	216.201699	242.725215	26.5235162	2.6841611	0	0	0	0	3
3045	714	0	1.18945312	239.33152	227.74473	216.201699	242.725215	26.5235162	2.6841611	0	0	0	0	3
3050	715	0	1.19140625	239.168726	227.824908	216.201699	242.725215	26.5235162	2.6841611	0	0	0	0	3
3055	716	0	1.19335938	239.011918	227.904999	216.201699	242.725215	26.5235162	2.6841611	0	0	0	0	3
3060	717	0	1.1953125	238.860361	227.985099	216.201699	242.725215	26.5235162	2.6841611	0	0	0	0	3
3065	717	0	1.19726562	238.714094	228.065265	216.201699	242.725215	26.5235162	2.6841611	0	0	0	0	3
3070	718	0	1.19921875	238.570194	228.145553	216.201699	242.725215	26.5235162	2.6841611	0	0	0	0	3
3075	719	0	1.20117188	238.429767	228.226014	216.201699	242.725215	26.5235162	2.6841611	0	0	0	0	3
3080	720	0	1.203125	238.293376	228.306692	216.201699	242.725215	26.5235162	2.6841611	0	0	0	0	3
3085	721	0	1.20507812	238.160811	228.387571	216.201699	242.725215	26.5235162	2.6841611	0	0	0	0	3
3090	722	0	1.20703125	238.032605	228.468662	216.201699	242.725215	26.5235162	2.6841611	0	0	0	0	3
3095	723	0	1.20898438	237.909873	228.549907	216.201699	242.725215	26.5235162	2.6841611	0	0	0	0	3
3100	724	0	1.2109375	237.78863	228.63129	216.201699	242.725215	26.5235162	2.6841611	0	0	0	0	3
3105	726	0	1.21289062	237.667864	228.712742	216.201699	242.725215	26.5235162	2.6841611	0	0	0	0	3
3110	727	0	1.21484375	237.546257	228.794209	216.201699	242.725215	26.5235162	2.6841611	0	0	0	0	3
3115	727	0	1.21679688	237.422973	228.875607	216.201699	242.725215	26.5235162	2.6841611	0	0	0	0	3
3120	728	0	1.21875	237.296412	228.956867	216.201699	242.725215	26.5235162	2.6841611	0	0	0	0	3
3125	729	0	1.22070312	237.165158	229.03791	216.201699	242.725215	26.5235162	2.6841611	0	0	0	0	3
3130	730	0	1.22265625	237.029457	229.118667	216.201699	242.725215	26.5235162	2.6841611	0	0	0	0	3
3135	731	0	1.22460938	236.887368	229.199068	216.201699	242.725215	26.5235162	2.6841611	0	0	0	0	3
3140	732	0	1.2265625	236.740829	229.279038	216.201699	242.725215	26.5235162	2.6841611	0	0	0	0	3
3145	733	0	1.22851562	236.589323	229.358529	216.201699	242.725215	26.5235162	2.6841611	0	0	0	0	3
3150	734	0	1.23046875	236.433087	229.437487	216.201699	242.725215	26.5235162	2.6841611	0	0	0	0	3
3155	735	0	1.23242188	236.275372	229.515868	216.201699	242.725215	26.5235162	2.6841611	0	0	0	0	3
3160	736	0	1.234375	236.11709	229.593644	216.201699	242.725215	26.5235162	2.6841611	0	0	0	0	3
3165	737	0	1.23632812	235.95918	229.670815	216.201699	242.725215	26.5235162	2.6841611	0	0	0	0	3
3170	737	0	1.23828125	235.801707	229.747378	216.202394	242.725215	26.5228211	2.6841611	0	0	0	0	3
3175	738	0	1.24023438	235.639044	229.823302	216.216136	242.725215	26.5090793	2.6841611	0	0	0	0	3
3180	739	0	1.2421875	235.466899	229.8985	216.232234	242.725215	26.4929809	2.6841611	0	0	0	0	3
3185	740	0	1.24414062	235.299061	229.97298	216.24649	242.725215	26.4787251	2.6841611	0	0	0	0	3
3190	741	0	1.24609375	235.138416	230.046777	216.26959	242.725215	26.4556253	2.6841611	0	0	0	0	3
3195	742	0	1.24804688	234.984462	230.119882	216.297871	242.725215	26.4273441	2.6841611	0	0	0	0	3
3200	743	0	1.25	234.837972	230.192304	216.32937	242.725215	26.3958452	2.6841611	0	0	0	0	3
3205	745	0	1.25195312	234.696503	230.264051	216.370318	242.725215	26.3548968	2.6841611	0	0	0	0	3
3210	746	0	1.25390625	234.561934	230.335112	216.412578	242.725215	26.3126377	2.6841611	0	0	0	0	3
3215	747	0	1.25585938	234.434688	230.40551	216.45429	242.725215	26.270925	2.6841611	0	0	0	0	3
3220	748	0	1.2578125	234.312861	230.475271	216.494855	242.725215	26.2303599	2.6841611	0	0	0	0	3
3225	749	0	1.25976562	234.198263	230.544424	216.536495	242.725215	26.1887203	2.6841611	0	0	0	0	3
3230	750	0	1.26171875	234.088802	230.612988	216.577483	242.725215	26.1477325	2.6841611	0	0	0	0	3
3235	751	0	1.26367188	233.980687	230.680969	216.626426	242.725215	26.0987894	2.6841611	0	0	0	0	3
3240	752	0	1.265625	233.876726	230.748353	216.672992	242.725215	26.0522231	2.6841611	0	0	0	0	3
3245	753	0	1.26757812	233.778033	230.81517	216.724306	242.725215	26.0009088	2.6841611	0	0	0	0	3
3250	754	0	1.26953125	233.68224	230.881412	216.777163	242.725215	25.9480521	2.6841611	0	0	0	0	3
3255	754	0	1.27148438	233.591306	230.947092	216.833564	242.725215	25.8916517	2.6841611	0	0	0	0	3
3260	755	0	1.2734375	233.503738	231.01221	216.896455	242.725215	25.7819538	2.6841611	0	0	0	0	3
3265	756	0	1.27539062	233.418163	231.076748	216.958785	242.725215	25.4460293	2.6841611	0	0	0	0	3
3270	757	0	1.27734375	233.33387	231.140713	217.027791	242.725215	25.1109835	2.6841611	0	0	0	0	3
3275	758	0	1.27929688	233.24647	231.204067	217.104591	242.725215	24.7768917	2.6841611	0	0	0	0	3
3280	759	0	1.28125	233.155124	231.266765	217.196907	242.725215	24.4437829	2.6841611	0	0	0	0	3
3285	760	0	1.28320312	233.058594	231.328724	217.314654	242.725215	24.1117486	2.6841611	0	0	0	0	3
3290	761	0	1.28515625	232.954075	231.389816	217.435382	242.725215	23.7809986	2.6841611	0	0	0	0	3
3295	762	0	1.28710938	232.842877	231.450001	217.466822	242.725215	23.4515737	2.6841611	0	0	0	0	3
3300	763	0	1.2890625	232.726573	231.509229	217.466822	242.725215	23.1233664	2.6841611	0	0	0	0	3
3305	765	0	1.29101562	232.605434	231.567493	217.466822	242.725215	22.7964944	2.6841611	0	0	0	0	3
3310	766	0	1.29296875	232.478045	231.624769	217.466822	242.725215	22.4711186	2.6841611	0	0	0	0	3
3315	767	0	1.29492188	232.343123	231.68104	217.466822	242.725215	22.1471715	2.6841611	0	0	0	0	3
3320	768	0	1.296875	232.201194	231.736281	217.466822	242.725215	21.8244594	2.6841611	0	0	0	0	3
3325	769	0	1.29882812	232.055719	231.790525	217.466822	242.725215	21.5030842	2.6841611	0	0	0	0	3
3330	770	0	1.30078125	231.907997	231.843806	217.466822	242.725215	21.1827409	2.6841611	0	0	0	0	3
3335	770	0	1.30273438	231.757355	231.896193	217.466822	242.725215	20.8631257	2.6841611	0	0	0	0	3
3340	771	0	1.3046875	231.605755	231.94776	217.466822	242.725215	20.5442904	2.6841611	0	0	0	0	3
3345	772	0	1.30664062	231.440453	231.998539	217.466822	242.725215	20.2260512	2.6841611	0	0	0	0	3
3350	773	0	1.30859375	231.276828	232.048615	217.466822	242.725215	19.9082622	2.6841611	0	0	0	0	3
3355	774	0	1.31054688	231.116132	232.098074	217.466822	242.725215	19.5908088	2.6841611	0	0	0	0	3
3360	775	0	1.3125	230.960404	232.147028	217.466822	242.725215	19.273613	2.6841611	0	0	0	0	3
3365	776	0	1.31445312	230.809852	232.19558	217.466822	242.725215	18.9563843	2.6841611	0	0	0	0	3
3370	777	0	1.31640625	230.66436	232.243847	217.466822	242.725215	18.639085	2.6841611	0	0	0	0	3
3375	778	0	1.31835938	230.522259	232.291927	217.466822	242.725215	18.3216066	2.6841611	0	0	0	0	3
3380	779	0	1.3203125	230.385216	232.339892	217.466822	242.725215	18.00379	2.6841611	0	0	0	0	3
3385	780	0	1.32226562	230.251955	232.387783	217.466822	242.725215	17.6857126	2.6841611	0	0	0	0	3
3390	781	0	1.32421875	230.122585	232.435607	217.466822	242.725215	17.3673012	2.6841611	0	0	0	0	3
3395	782	0	1.32617188	229.996032	232.483353	217.466822	242.725215	17.0486704	2.6841611	0	0	0	0	3
3400	783	0	1.328125	229.871033	232.530974	217.466822	242.725215	16.7298323	2.6841611	0	0	0	0	3
3405	785	0	1.33007812	229.746557	232.578426	217.466822	242.725215	16.4108823	2.6841611	0	0	0	0	3
3410	786	0	1.33203125	229.623971	232.62565	217.466822	242.725215	16.0920679	2.6841611	0	0	0	0	3
3415	787	0	1.33398438	229.504156	232.672576	217.466822	242.725215	15.7734236	2.6841611	0	0	0	0	3
3420	788	0	1.3359375	229.386235	232.719125	217.466822	242.725215	15.4551151	2.6841611	0	0	0	0	3
3425	789	0	1.33789062	229.271654	232.765237	217.485393	242.725215	15.1374168	2.6841611	0	0	0	0	3
3430	789	0	1.33984375	229.159328	232.810839	217.527544	242.725215	14.820542	2.6841611	0	0	0	0	3
3435	790	0	1.34179688	229.049263	232.855845	217.586287	242.725215	14.5045477	2.6841611	0	0	0	0	3
3440	791	0	1.34375	228.935956	232.90018	217.659275	242.725215	14.1898307	2.6841611	0	0	0	0	3
3445	792	0	1.34570312	228.822932	232.943788	217.745923	242.725215	13.8765103	2.6841611	0	0	0	0	3
3450	793	0	1.34765625	228.707181	232.986606	217.877456	242.725215	13.56485	2.6841611	0	0	0	0	3
3455	794	0	1.34960938	228.585439	233.028434	218.026857	242.725215	13.2552382	2.6841611	0	0	0	0	3
3460	795	0	1.3515625	228.459665	233.069187	218.181036	242.725215	12.9477626	2.6841611	0	0	0	0	3
3465	796	0	1.35351562	228.328272	233.108824	218.3412	242.725215	12.6425656	2.6841611	0	0	0	0	3
3470	797	0	1.35546875	228.193324	233.147309	218.503167	242.725215	12.3398755	2.6841611	0	0	0	0	3
3475	798	0	1.35742188	228.055075	233.184621	218.670194	242.725215	12.0396326	2.6841611	0	0	0	0	3
3480	799	0	1.359375	227.912919	233.220726	218.839731	242.725215	11.7419005	2.6841611	0	0	0	0	3
3485	800	0	1.36132812	227.76769	233.255601	219.005269	242.725215	11.4468755	2.6841611	0	0	0	0	3
3490	801	0	1.36328125	227.62007	233.289252	219.164397	242.725215	11.1543651	2.6841611	0	0	0	0	3
3495	802	0	1.36523438	227.470046	233.321696	219.317174	242.725215	10.8644646	2.6841611	0	0	0	0	3
3500	802	0	1.3671875	227.316769	233.352945	219.465246	242.725215	10.5773019	2.6841611	0	0	0	0	3
3505	805	0	1.36914062	227.161263	233.383007	219.614804	242.725215	10.292869	2.6841611	0	0	0	0	3
3510	806	0	1.37109375	227.003817	233.41187	219.76526	242.725215	10.0111821	2.6841611	0	0	0	0	3
3515	806	0	1.37304688	226.844278	233.439523	219.913073	242.725215	9.98613435	2.6841611	0	0	0	0	3
3520	807	0	1.375	226.686184	233.46598	220.059455	242.725215	10.0125918	2.6841611	0	0	0	0	3
3525	808	0	1.37695312	226.528671	233.491251	220.195543	242.725215	10.0378622	2.6841611	0	0	0	0	3
3530	809	0	1.37890625	226.373097	233.515382	220.323023	242.725215	10.0619933	2.6841611	0	0	0	0	3
3535	810	0	1.38085938	226.217761	233.538408	220.447049	242.725215	10.0850196	2.6841611	0	0	0	0	3
3540	811	0	1.3828125	226.066825	233.56036	220.570994	242.725215	10.1069718	2.6841611	0	0	0	0	3
3545	812	0	1.38476562	225.916661	233.581242	220.702755	242.725215	10.1278533	2.6841611	0	0	0	0	3
3550	813	0	1.38671875	225.765188	233.601017	220.845243	242.725215	10.1476285	2.6841611	0	0	0	0	3
3555	814	0	1.38867188	225.616187	233.619654	221.001431	242.725215	10.166265	2.6841611	0	0	0	0	3
3560	815	0	1.390625	225.465671	233.637092	221.170482	242.725215	10.1837034	2.6841611	0	0	0	0	3
3565	816	0	1.39257812	225.316336	233.653287	221.351731	242.725215	10.1998982	2.6841611	0	0	0	0	3
3570	817	0	1.39453125	225.166538	233.668188	221.542819	242.725215	10.2147997	2.6841611	0	0	0	0	3
3575	818	0	1.39648438	225.016809	233.681759	221.745686	242.725215	10.22837	2.6841611	0	0	0	0	3
3580	819	0	1.3984375	224.867511	233.693953	221.958006	242.725215	10.2405646	2.6841611	0	0	0	0	3
3585	820	0	1.40039062	224.718388	233.704736	222.185316	242.725215	10.2513474	2.6841611	0	0	0	0	3
3590	821	0	1.40234375	224.572349	233.71406	222.42476	242.725215	10.2606717	2.6841611	0	0	0	0	3
3595	821	0	1.40429688	224.427749	233.721884	222.674097	242.725215	10.2684959	2.6841611	0	0	0	0	3
3600	822	0	1.40625	224.284862	233.728177	222.924902	242.725215	10.274788	2.6841611	0	0	0	0	3
3605	824	0	1.40820312	224.142182	233.732932	223.176888	242.725215	10.279543	2.6841611	0	0	0	0	3
3610	825	0	1.41015625	224.00172	233.736154	223.425695	242.725215	10.282765	2.6841611	0	0	0	0	3
3615	826	0	1.41210938	223.861391	233.737855	223.679379	242.725215	10.2844669	2.6841611	0	0	0	0	3
3620	827	0	1.4140625	223.720435	233.738016	223.720435	242.725215	10.2846273	2.6841611	0	0	0	0	3
3625	828	0	1.41601562	223.578504	233.736588	223.578504	242.725215	10.2846273	2.6841611	0	0	0	0	3
3630	829	0	1.41796875	223.435469	233.733604	223.435469	242.725215	10.2846273	2.6841611	0	0	0	0	3
3635	830	0	1.41992188	223.291739	233.729094	223.291739	242.725215	10.2846273	2.6841611	0	0	0	0	3
3640	831	0	1.421875	223.14782	233.723085	223.14782	242.725215	10.2846273	2.6841611	0	0	0	0	3
3645	832	0	1.42382812	223.005137	233.715606	223.005137	242.725215	10.2846273	2.6841611	0	0	0	0	3
3650	833	0	1.42578125	222.861515	233.706679	222.861515	242.725215	10.2846273	2.6841611	0	0	0	0	3
3655	834	0	1.42773438	222.718745	233.696334	222.718745	242.725215	10.2846273	2.6841611	0	0	0	0	3
3660	835	0	1.4296875	222.575346	233.684618	222.575346	242.725215	10.2846273	2.6841611	0	0	0	0	3
3665	835	0	1.43164062	222.430668	233.67156	222.430668	242.725215	10.2846273	2.6841611	0	0	0	0	3
3670	836	0	1.43359375	222.286084	233.657208	222.286084	242.725215	10.2846273	2.6841611	0	0	0	0	3
3675	837	0	1.43554688	222.14152	233.641605	222.14152	242.725215	10.2846273	2.6841611	0	0	0	0	3
3680	838	0	1.4375	222.002933	233.624798	222.002933	242.725215	10.2846273	2.6841611	0	0	0	0	3
3685	839	0	1.43945312	221.863237	233.60683	221.863237	242.725215	10.2846273	2.6841611	0	0	0	0	3
3690	840	0	1.44140625	221.722957	233.58773	221.722957	242.725215	10.2846273	2.6841611	0	0	0	0	3
3695	841	0	1.44335938	221.581747	233.567538	221.581747	242.725215	10.2846273	2.6841611	0	0	0	0	3
3700	842	0	1.4453125	221.441674	233.546305	221.441674	242.725215	10.2846273	2.6841611	0	0	0	0	3
3705	844	0	1.44726562	221.301506	233.524057	221.301506	242.725215	10.2846273	2.6841611	0	0	0	0	3
3710	845	0	1.44921875	221.160996	233.500812	221.160996	242.725215	10.2846273	2.6841611	0	0	0	0	3
3715	846	0	1.45117188	221.019273	233.476551	221.019273	242.725215	10.2846273	2.6841611	0	0	0	0	3
3720	847	0	1.453125	220.875231	233.45125	220.875231	242.725215	10.2846273	2.6841611	0	0	0	0	3
3725	848	0	1.45507812	220.729309	233.424877	220.729309	242.725215	10.2846273	2.6841611	0	0	0	0	3
3730	849	0	1.45703125	220.582732	233.397401	220.582732	242.725215	10.2846273	2.6841611	0	0	0	0	3
3735	849	0	1.45898438	220.434454	233.36877	220.434454	242.725215	10.2846273	2.6841611	0	0	0	0	3
3740	850	0	1.4609375	220.287127	233.338949	220.287127	242.725215	10.2846273	2.6841611	0	0	0	0	3
3745	851	0	1.46289062	220.139103	233.307903	220.139103	242.725215	10.2846273	2.6841611	0	0	0	0	3
3750	852	0	1.46484375	219.99166	233.275597	219.99166	242.725215	10.2846273	2.6841611	0	0	0	0	3
3755	853	0	1.46679688	219.845663	233.242007	219.845663	242.725215	10.2846273	2.6841611	0	0	0	0	3
3760	854	0	1.46875	219.700995	233.207121	219.700995	242.725215	10.2846273	2.6841611	0	0	0	0	3
3765	855	0	1.47070312	219.557413	233.170935	219.557413	242.725215	10.2846273	2.6841611	0	0	0	0	3
3770	856	0	1.47265625	219.415819	233.133453	219.415819	242.725215	10.2846273	2.6841611	0	0	0	0	3
3775	857	0	1.47460938	219.276926	233.094694	219.276926	242.725215	10.2846273	2.6841611	0	0	0	0	3
3780	858	0	1.4765625	219.142914	233.054677	219.142914	242.725215	10.2846273	2.6841611	0	0	0	0	3
3785	859	0	1.47851562	219.011878	233.013425	219.011878	242.725215	10.2846273	2.6841611	0	0	0	0	3
3790	860	0	1.48046875	218.883198	232.97087	218.883198	242.725215	10.2846273	2.6841611	0	0	0	0	3
3795	861	0	1.48242188	218.760971	232.927053	218.760971	242.725215	10.2846273	2.6841611	0	0	0	0	3
3800	862	0	1.484375	218.642649	232.882005	218.642649	242.725215	10.2846273	2.6841611	0	0	0	0	3
3805	863	0	1.48632812	218.527322	232.835753	218.527322	242.725215	10.2846273	2.6841611	0	0	0	0	3
3810	864	0	1.48828125	218.415356	232.788329	218.415356	242.725215	10.2846273	2.6841611	0	0	0	0	3
3815	865	0	1.49023438	218.306892	232.739756	218.306892	242.725215	10.2846273	2.6841611	0	0	0	0	3
3820	866	0	1.4921875	218.203246	232.69007	218.203246	242.725215	10.2846273	2.6841611	0	0	0	0	3
3825	867	0	1.49414062	218.101818	232.639289	218.101818	242.725215	10.2846273	2.6841611	0	0	0	0	3
3830	868	0	1.49609375	218.000969	232.587419	218.000969	242.725215	10.2846273	2.6841611	0	0	0	0	3
3835	869	0	1.49804688	217.901337	232.534459	217.901337	242.725215	10.2846273	2.6841611	0	0	0	0	3
3840	870	0	1.5	217.801435	232.480392	217.801435	242.725215	10.2846273	2.6841611	0	0	0	0	3
3845	871	0	1.50195312	217.713049	232.425251	217.713049	242.725215	10.2846273	2.6841611	0	0	0	0	3
3850	872	0	1.50390625	217.626874	232.36904	217.626874	242.725215	10.2846273	2.6841611	0	0	0	0	3
3855	873	0	1.50585938	217.540015	232.311771	217.540015	242.725215	10.2846273	2.6841611	0	0	0	0	3
3860	874	0	1.5078125	217.450784	232.253444	217.450784	242.725215	10.2846273	2.6841611	0	0	0	0	3
3865	875	0	1.50976562	217.360756	232.194083	217.360756	242.725215	10.2846273	2.6841611	0	0	0	0	3
3870	876	0	1.51171875	217.271404	232.133694	217.271404	242.725215	10.2846273	2.6841611	0	0	0	0	3
3875	877	0	1.51367188	217.181656	232.072292	217.181656	242.725215	10.2846273	2.6841611	0	0	0	0	3
3880	878	0	1.515625	217.090401	232.009867	217.090401	242.725215	10.2846273	2.6841611	0	0	0	0	3
3885	879	0	1.51757812	216.996993	231.946411	216.996993	242.725215	10.2846273	2.6841611	0	0	0	0	3
3890	880	0	1.51953125	216.901186	231.881906	216.901186	242.725215	10.2846273	2.6841611	0	0	0	0	3
3895	881	0	1.52148438	216.804928	231.816333	216.804928	242.725215	10.2846273	2.6841611	0	0	0	0	3
3900	882	0	1.5234375	216.706573	231.749651	216.706573	242.725215	10.2846273	2.6841611	0	0	0	0	3
3905	883	0	1.52539062	216.607747	231.681833	216.607747	242.725215	10.2839194	2.6841611	0	0	0	0	3
3910	884	0	1.52734375	216.508356	231.61286	216.508356	242.725215	10.2810694	2.6841611	0	0	0	0	3
3915	885	0	1.52929688	216.408226	231.542693	216.408226	242.725215	10.2762352	2.6841611	0	0	0	0	3
3920	886	0	1.53125	216.307737	231.471304	216.307737	242.725215	10.2694931	2.6841611	0	0	0	0	3
3925	887	0	1.53320312	216.206517	231.398679	216.206517	242.725215	10.2607863	2.6841611	0	0	0	0	3
3930	888	0	1.53515625	216.105474	231.324807	216.105474	242.725215	10.2501225	2.6841611	0	0	0	0	3
3935	889	0	1.53710938	216.003998	231.249688	216.003998	242.725215	10.2375937	2.6841611	0	0	0	0	3
3940	890	0	1.5390625	215.905084	231.173334	215.905084	242.725215	10.223312	2.6841611	0	0	0	0	3
3945	891	0	1.54101562	215.809875	231.095769	215.809875	242.725215	10.20729	2.6841611	0	0	0	0	3
3950	892	0	1.54296875	215.719843	231.017017	215.719843	242.725215	10.1896366	2.6841611	0	0	0	0	3
3955	893	0	1.54492188	215.634616	230.937102	215.634616	242.725215	10.1704643	2.6841611	0	0	0	0	3
3960	894	0	1.546875	215.554398	230.856056	215.554398	242.725215	10.1498423	2.6841611	0	0	0	0	3
3965	895	0	1.54882812	215.480029	230.773915	215.480029	242.725215	10.1278465	2.6841611	0	0	0	0	3
3970	896	0	1.55078125	215.411435	230.690714	215.411435	242.725215	10.1046489	2.6841611	0	0	0	0	3
3975	897	0	1.55273438	215.347669	230.606496	215.347669	242.725215	10.0803915	2.6841611	0	0	0	0	3
3980	898	0	1.5546875	215.287847	230.5213	215.287847	242.725215	10.0551301	2.6841611	0	0	0	0	3
3985	899	0	1.55664062	215.231848	230.435158	215.231848	242.725215	10.0290002	2.6841611	0	0	0	0	3
3990	900	0	1.55859375	215.180012	230.348105	215.180012	242.725215	10.0020669	2.6841611	0	0	0	0	3
3995	901	0	1.56054688	215.130447	230.260152	215.130447	242.725215	9.97439417	2.6841611	0	0	0	0	3
4000	902	0	1.5625	215.082262	230.171309	215.082262	242.725215	9.94602071	2.6841611	0	0	0	0	3
4005	904	0	1.56445312	215.035383	230.081587	215.035383	242.725215	9.91683425	2.6841611	0	0	0	0	3
4010	905	0	1.56640625	214.993308	229.991004	214.993308	242.725215	9.8868492	2.6841611	0	0	0	0	3
4015	906	0	1.56835938	214.958937	229.899591	214.958937	242.725215	9.85598645	2.6841611	0	0	0	0	3
4020	907	0	1.5703125	214.923197	229.807342	214.923197	242.725215	9.82414279	2.6841611	0	0	0	0	3
4025	908	0	1.57226562	214.885964	229.714268	214.885964	242.725215	9.79127125	2.6841611	0	0	0	0	3
4030	909	0	1.57421875	214.846531	229.620365	214.846531	242.725215	9.75731219	2.6841611	0	0	0	0	3
4035	910	0	1.57617188	214.805425	229.52564	214.805425	242.725215	9.72216037	2.6841611	0	0	0	0	3
4040	911	0	1.578125	214.76431	229.430103	214.76431	242.725215	9.68583406	2.6841611	0	0	0	0	3
4045	912	0	1.58007812	214.722705	229.333766	214.722705	242.725215	9.64831126	2.6841611	0	0	0	0	3
4050	913	0	1.58203125	214.678643	229.236621	214.678643	242.725215	9.6096458	2.6841611	0	0	0	0	3
4055	914	0	1.58398438	214.632987	229.138674	214.632987	242.725215	9.56977609	2.6841611	0	0	0	0	3
4060	915	0	1.5859375	214.585769	229.039921	214.585769	242.725215	9.52858551	2.6841611	0	0	0	0	3
4065	915	0	1.58789062	214.537149	228.940357	214.537149	242.725215	9.48583889	2.6841611	0	0	0	0	3
4070	916	0	1.58984375	214.487514	228.839975	214.487514	242.725215	9.44145112	2.6841611	0	0	0	0	3
4075	917	0	1.59179688	214.437435	228.73877	214.437435	242.725215	9.39539372	2.6841611	0	0	0	0	3
4080	918	0	1.59375	214.385568	228.636735	214.385568	242.725215	9.34768566	2.6841611	0	0	0	0	3
4085	919	0	1.59570312	214.330856	228.533863	214.330856	242.725215	9.29840444	2.6841611	0	0	0	0	3
4090	920	0	1.59765625	214.273762	228.430148	214.273762	242.725215	9.24756869	2.6841611	0	0	0	0	3
4095	921	0	1.59960938	214.213251	228.325568	214.213251	242.725215	9.19526679	2.6841611	0	0	0	0	3
4100	922	0	1.6015625	214.152501	228.220141	214.152501	242.725215	9.14157614	2.6841611	0	0	0	0	3
4105	924	0	1.60351562	214.093173	228.113888	214.093173	242.725215	9.08655879	2.6841611	0	0	0	0	3
4110	925	0	1.60546875	214.036462	228.00683	214.036462	242.725215	9.0302806	2.6841611	0	0	0	0	3
4115	926	0	1.60742188	213.983571	227.898994	213.983571	242.725215	8.97284979	2.6841611	0	0	0	0	3
4120	927	0	1.609375	213.935724	227.790416	213.935724	242.725215	8.91436214	2.6841611	0	0	0	0	3
4125	928	0	1.61132812	213.893303	227.68117	213.893303	242.725215	8.85490432	2.6841611	0	0	0	0	3
4130	929	0	1.61328125	213.85625	227.571297	213.85625	242.725215	8.79453063	2.6841611	0	0	0	0	3
4135	930	0	1.61523438	213.825541	227.460854	213.825541	242.725215	8.73333054	2.6841611	0	0	0	0	3
4140	931	0	1.6171875	213.798733	227.349881	213.798733	242.725215	8.67137389	2.6841611	0	0	0	0	3
4145	932	0	1.61914062	213.776664	227.238433	213.776664	242.725215	8.60871312	2.6841611	0	0	0	0	3
4150	933	0	1.62109375	213.759945	227.126569	213.759945	242.725215	8.54541453	2.6841611	0	0	0	0	3
4155	934	0	1.62304688	213.74665	227.014354	213.74665	242.725215	8.48153516	2.6841611	0	0	0	0	3
4160	935	0	1.625	213.735112	226.901829	213.735112	242.725215	8.41710738	2.6841611	0	0	0	0	3
4165	936	0	1.62695312	213.724449	226.78904	213.724449	242.725215	8.35213001	2.6841611	0	0	0	0	3
4170	937	0	1.62890625	213.715427	226.676026	213.715427	242.725215	8.28656801	2.6841611	0	0	0	0	3
4175	938	0	1.63085938	213.706963	226.562833	213.706963	242.725215	8.22042802	2.6841611	0	0	0	0	3
4180	939	0	1.6328125	213.70787	226.449547	213.706963	242.725215	8.15364092	2.6841611	0	0	0	0	3
4185	940	0	1.63476562	213.707533	226.336203	213.706963	242.725215	8.08622603	2.6841611	0	0	0	0	3
4190	941	0	1.63671875	213.705068	226.222843	213.705068	242.716239	8.01811553	2.6841611	0	0	0	0	3
4195	942	0	1.63867188	213.700739	226.109501	213.700739	242.695817	7.9492546	2.6841611	0	0	0	0	3
4200	943	0	1.640625	213.695883	225.99622	213.695883	242.666156	7.87961481	2.6841611	0	0	0	0	3
4205	945	0	1.64257812	213.690567	225.883034	213.690567	242.625643	7.85498186	2.6841611	0	0	0	0	3
4210	946	0	1.64453125	213.684933	225.769984	213.684933	242.573361	7.96803151	2.6841611	0	0	0	0	3
4215	947	0	1.64648438	213.678187	225.657113	213.678187	242.508764	8.08090328	2.6841611	0	0	0	0	3
4220	948	0	1.6484375	213.670488	225.544463	213.670488	242.431906	8.1935528	2.6841611	0	0	0	0	3
4225	948	0	1.65039062	213.662499	225.432083	213.662499	242.34552	8.30593329	2.6841611	0	0	0	0	3
4230	949	0	1.65234375	213.653848	225.320006	213.653848	242.247484	8.41801014	2.6841611	0	0	0	0	3
4235	950	0	1.65429688	213.644948	225.208277	213.644948	242.135801	8.5297388	2.6841611	0	0	0	0	3
4240	951	0	1.65625	213.634283	225.096943	213.634283	242.013582	8.64107285	2.6841611	0	0	0	0	3
4245	952	0	1.65820312	213.622548	224.98604	213.622548	241.8815	8.75197533	2.6841611	0	0	0	0	3
4250	953	0	1.66015625	213.609468	224.875603	213.609468	241.739557	8.86241296	2.6841611	0	0	0	0	3
4255	954	0	1.66210938	213.593858	224.765659	213.593858	241.587878	8.97235709	2.6841611	0	0	0	0	3
4260	955	0	1.6640625	213.574849	224.656233	213.574849	241.431233	9.08178298	2.6841611	0	0	0	0	3
4265	956	0	1.66601562	213.553688	224.547336	213.553688	241.271693	9.19067965	2.6841611	0	0	0	0	3
4270	957	0	1.66796875	213.533604	224.438984	213.533604	241.109581	9.29903156	2.6841611	0	0	0	0	3
4275	958	0	1.66992188	213.514358	224.33119	213.514358	240.94345	9.4068254	2.6841611	0	0	0	0	3
4280	959	0	1.671875	213.498506	224.223984	213.498506	240.776639	9.51403221	2.6841611	0	0	0	0	3
4285	960	0	1.67382812	213.484422	224.117373	213.484422	240.591939	9.62064243	2.6841611	0	0	0	0	3
4290	961	0	1.67578125	213.474372	224.011445	213.474372	240.403122	9.72657043	2.6841611	0	0	0	0	3
4295	962	0	1.67773438	213.468278	223.906231	213.468278	240.216712	9.83178467	2.6841611	0	0	0	0	3
4300	963	0	1.6796875	213.465248	223.801733	213.465248	240.032953	9.93628257	2.6841611	0	0	0	0	3
4305	965	0	1.68164062	213.465643	223.697955	213.465248	239.852328	10.0400611	2.6841611	0	0	0	0	3
4310	966	0	1.68359375	213.470001	223.594899	213.465248	239.674894	10.1431171	2.6841611	0	0	0	0	3
4315	967	0	1.68554688	213.476944	223.492563	213.465248	239.501562	10.2454528	2.6841611	0	0	0	0	3
4320	968	0	1.6875	213.486988	223.390944	213.465248	239.33152	10.3470723	2.6841611	0	0	0	0	3
4325	969	0	1.68945312	213.497708	223.29003	213.465248	239.168726	10.4479856	2.6841611	0	0	0	0	3
4330	970	0	1.69140625	213.510187	223.189802	213.465248	239.011918	10.5482143	2.6841611	0	0	0	0	3
4335	971	0	1.69335938	213.523344	223.090237	213.465248	238.860361	10.647779	2.6841611	0	0	0	0	3
4340	972	0	1.6953125	213.537984	222.991321	213.465248	238.714094	10.7466945	2.6841611	0	0	0	0	3
4345	973	0	1.69726562	213.554488	222.893042	213.465248	238.570194	10.8449743	2.6841611	0	0	0	0	3
4350	974	0	1.69921875	213.570738	222.795387	213.465248	238.429767	10.9426284	2.6841611	0	0	0	0	3
4355	975	0	1.70117188	213.585488	222.698339	213.465248	238.293376	11.0396763	2.6841611	0	0	0	0	3
4360	976	0	1.703125	213.599098	222.601877	213.465248	238.160811	11.1361384	2.6841611	0	0	0	0	3
4365	977	0	1.70507812	213.611315	222.505981	213.465248	238.032605	11.2320348	2.6841611	0	0	0	0	3
4370	978	0	1.70703125	213.621734	222.410626	213.465248	237.909873	11.3273898	2.6841611	0	0	0	0	3
4375	979	0	1.70898438	213.630148	222.315783	213.465248	237.78863	11.4222325	2.6841611	0	0	0	0	3
4380	980	0	1.7109375	213.637017	222.221441	213.465248	237.667864	11.5165747	2.6841611	0	0	0	0	3
4385	981	0	1.71289062	213.643223	222.127595	213.465248	237.546257	11.610421	2.6841611	0	0	0	0	3
4390	982	0	1.71484375	213.649126	222.034247	213.465248	237.422973	11.7037691	2.6841611	0	0	0	0	3
4395	983	0	1.71679688	213.654266	221.9414	213.465248	237.296412	11.7966156	2.6841611	0	0	0	0	3
4400	984	0	1.71875	213.657835	221.849062	213.465248	237.165158	11.8889538	2.6841611	0	0	0	0	3
4405	986	0	1.72070312	213.66108	221.757249	213.465248	237.029457	11.9807666	2.6841611	0	0	0	0	3
4410	987	0	1.72265625	213.662804	221.665973	213.465248	236.887368	12.0720426	2.6841611	0	0	0	0	3
4415	988	0	1.72460938	213.663904	221.575257	213.465248	236.740829	12.1627593	2.6841611	0	0	0	0	3
4420	989	0	1.7265625	213.662203	221.485106	213.465248	236.589323	12.2529102	2.6841611	0	0	0	0	3
4425	990	0	1.72851562	213.65894	221.395534	213.465248	236.433087	12.342482	2.6841611	0	0	0	0	3
4430	991	0	1.73046875	213.653835	221.306552	213.465248	236.275372	12.4314634	2.6841611	0	0	0	0	3
4435	992	0	1.73242188	213.648025	221.218164	213.465248	236.11709	12.5198515	2.6841611	0	0	0	0	3
4440	992	0	1.734375	213.640911	221.130367	213.465248	235.95918	12.6076491	2.6841611	0	0	0	0	3
4445	993	0	1.73632812	213.631766	221.04315	213.465248	235.801707	12.6948655	2.6841611	0	0	0	0	3
4450	994	0	1.73828125	213.622866	220.956514	213.465248	235.639044	12.7815016	2.6841611	0	0	0	0	3
4455	995	0	1.74023438	213.615824	220.870486	213.465248	235.466899	12.8675298	2.6841611	0	0	0	0	3
4460	996	0	1.7421875	213.608406	220.785101	213.465248	235.299061	12.9529146	2.6841611	0	0	0	0	3
4465	997	0	1.74414062	213.600381	220.700341	213.465248	235.138416	13.037675	2.6841611	0	0	0	0	3
4470	998	0	1.74609375	213.592885	220.616179	213.465248	234.984462	13.1218373	2.6841611	0	0	0	0	3
4475	999	0	1.74804688	213.585953	220.532591	213.465248	234.837972	13.2054252	2.6841611	0	0	0	0	3
4480	1000	0	1.75	213.57905	220.449548	213.465248	234.696503	13.2884679	2.6841611	0	0	0	0	3
4485	1001	0	1.75195312	213.571047	220.367027	213.465248	234.561934	13.3709892	2.6841611	0	0	0	0	3
4490	1002	0	1.75390625	213.562244	220.284997	213.465248	234.434688	13.4530192	2.6841611	0	0	0	0	3
4495	1003	0	1.75585938	213.553562	220.20343	213.465248	234.312861	13.5345861	2.6841611	0	0	0	0	3
4500	1004	0	1.7578125	213.545888	220.122309	213.465248	234.198263	13.6157071	2.6841611	0	0	0	0	3
4505	1007	0	1.75976562	213.537212	220.041601	213.465248	234.088802	13.6964143	2.6841611	0	0	0	0	3
4510	1008	0	1.76171875	213.526935	219.961282	213.465248	233.980687	13.7767341	2.6841611	0	0	0	0	3
4515	1009	0	1.76367188	213.512062	219.881326	213.465248	233.876726	13.8566897	2.6841611	0	0	0	0	3
4520	1010	0	1.765625	213.496501	219.801716	213.465248	233.778033	13.9363	2.6841611	0	0	0	0	3
4525	1011	0	1.76757812	213.480121	219.722427	213.465248	233.68224	14.0155887	2.6841611	0	0	0	0	3
4530	1012	0	1.76953125	213.462856	219.643445	213.462856	233.591306	14.0945706	2.6841611	0	0	0	0	3
4535	1013	0	1.77148438	213.443504	219.564743	213.443504	233.503738	14.173273	2.6841611	0	0	0	0	3
4540	1014	0	1.7734375	213.421683	219.486297	213.421683	233.418163	14.2517185	2.6841611	0	0	0	0	3
4545	1015	0	1.77539062	213.398978	219.408097	213.398978	233.33387	14.3299185	2.6841611	0	0	0	0	3
4550	1016	0	1.77734375	213.375811	219.330136	213.375811	233.24647	14.4078796	2.6841611	0	0	0	0	3
4555	1017	0	1.77929688	213.351217	219.25242	213.351217	233.155124	14.4855955	2.6841611	0	0	0	0	3
4560	1018	0	1.78125	213.325775	219.174962	213.325775	233.058594	14.5630539	2.6841611	0	0	0	0	3
4565	1019	0	1.78320312	213.298731	219.097775	213.298731	232.954075	14.6402408	2.6841611	0	0	0	0	3
4570	1020	0	1.78515625	213.27196	219.020892	213.27196	232.842877	14.7171241	2.6841611	0	0	0	0	3
4575	1021	0	1.78710938	213.244484	218.944336	213.244484	232.726573	14.7936803	2.6841611	0	0	0	0	3
4580	1022	0	1.7890625	213.216667	218.868125	213.216667	232.605434	14.8698909	2.6841611	0	0	0	0	3
4585	1023	0	1.79101562	213.188124	218.792276	213.188124	232.478045	14.9457398	2.6841611	0	0	0	0	3
4590	1024	0	1.79296875	213.158546	218.716809	213.158546	232.343123	15.0212065	2.6841611	0	0	0	0	3
4595	1025	0	1.79492188	213.129281	218.641755	213.129281	232.201194	15.0962606	2.6841611	0	0	0	0	3
4600	1026	0	1.796875	213.099269	218.567138	213.099269	232.055719	15.1708775	2.6841611	0	0	0	0	3
4605	1029	0	1.79882812	213.068375	218.492969	213.068375	231.907997	15.2450468	2.6841611	0	0	0	0	3
4610	1030	0	1.80078125	213.036959	218.419254	213.036959	231.757355	15.3187618	2.6841611	0	0	0	0	3
4615	1031	0	1.80273438	213.005105	218.346003	213.005105	231.605755	15.3920128	2.6841611	0	0	0	0	3
4620	1032	0	1.8046875	212.972924	218.273219	212.972924	231.440453	15.4647973	2.6841611	0	0	0	0	3
4625	1033	0	1.80664062	212.939393	218.200949	212.939393	231.276828	15.537067	2.6841611	0	0	0	0	3
4630	1034	0	1.80859375	212.904745	218.129183	212.904745	231.116132	15.608833	2.6841611	0	0	0	0	3
4635	1035	0	1.81054688	212.869313	218.057906	212.869313	230.960404	15.6801096	2.6841611	0	0	0	0	3
4640	1036	0	1.8125	212.833385	217.987098	212.833385	230.809852	15.7509183	2.6841611	0	0	0	0	3
4645	1037	0	1.81445312	212.796774	217.916734	212.796774	230.66436	15.8212819	2.6841611	0	0	0	0	3
4650	1038	0	1.81640625	212.759545	217.846793	212.759545	230.522259	15.8912226	2.6841611	0	0	0	0	3
4655	1039	0	1.81835938	212.722351	217.777262	212.722351	230.385216	15.9607535	2.6841611	0	0	0	0	3
4660	1040	0	1.8203125	212.684758	217.70812	212.684758	230.251955	16.0298959	2.6841611	0	0	0	0	3
4665	1041	0	1.82226562	212.648106	217.639355	212.648106	230.122585	16.0986609	2.6841611	0	0	0	0	3
4670	1042	0	1.82421875	212.611801	217.570953	212.611801	229.996032	16.1670624	2.6841611	0	0	0	0	3
4675	1043	0	1.82617188	212.576659	217.502909	212.576659	229.871033	16.2351068	2.6841611	0	0	0	0	3
4680	1044	0	1.828125	212.536299	217.435195	212.536299	229.746557	16.3028206	2.6841611	0	0	0	0	3
4685	1045	0	1.83007812	212.496091	217.367811	212.496091	229.623971	16.3702053	2.6841611	0	0	0	0	3
4690	1046	0	1.83203125	212.456688	217.300751	212.456688	229.504156	16.437265	2.6841611	0	0	0	0	3
4695	1047	0	1.83398438	212.419084	217.234012	212.419084	229.386235	16.5040035	2.6841611	0	0	0	0	3
4700	1048	0	1.8359375	212.383791	217.167597	212.383791	229.271654	16.5704193	2.6841611	0	0	0	0	3
4705	1050	0	1.83789062	212.349749	217.101495	212.349749	229.159328	16.6365205	2.6841611	0	0	0	0	3
4710	1051	0	1.83984375	212.316892	217.035705	212.316892	229.049263	16.7023113	2.6841611	0	0	0	0	3
4715	1052	0	1.84179688	212.284415	216.970217	212.284415	228.935956	16.6515414	2.6841611	0	0	0	0	3
4720	1053	0	1.84375	212.252767	216.905048	212.252767	228.822932	16.5701644	2.6841611	0	0	0	0	3
4725	1054	0	1.84570312	212.224037	216.840209	212.224037	228.707181	16.4831439	2.6841611	0	0	0	0	3
4730	1055	0	1.84765625	212.198237	216.775721	212.198237	228.585439	16.3872011	2.6841611	0	0	0	0	3
4735	1056	0	1.84960938	212.172999	216.71161	212.172999	228.459665	16.2866657	2.6841611	0	0	0	0	3
4740	1057	0	1.8515625	212.147651	216.647891	212.147651	228.328272	16.1806211	2.6841611	0	0	0	0	3
4745	1058	0	1.85351562	212.123338	216.58459	212.123338	228.193324	16.0699858	2.6841611	0	0	0	0	3
4750	1059	0	1.85546875	212.100417	216.521727	212.100417	228.055075	15.9546579	2.6841611	0	0	0	0	3
4755	1060	0	1.85742188	212.079532	216.459323	212.079532	227.912919	15.8333862	2.6841611	0	0	0	0	3
4760	1061	0	1.859375	212.059817	216.397397	212.059817	227.76769	15.7078734	2.6841611	0	0	0	0	3
4765	1062	0	1.86132812	212.040612	216.335963	212.040612	227.62007	15.579458	2.6841611	0	0	0	0	3
4770	1063	0	1.86328125	212.021732	216.275032	212.021732	227.470046	15.4483135	2.6841611	0	0	0	0	3
4775	1064	0	1.86523438	212.002862	216.214613	212.002862	227.316769	15.3139072	2.6841611	0	0	0	0	3
4780	1065	0	1.8671875	211.983829	216.154719	211.983829	227.161263	15.1774342	2.6841611	0	0	0	0	3
4785	1066	0	1.86914062	211.964024	216.095355	211.964024	227.003817	15.0397923	2.6841611	0	0	0	0	3
4790	1067	0	1.87109375	211.941924	216.036519	211.941924	226.844278	14.9023537	2.6841611	0	0	0	0	3
4795	1068	0	1.87304688	211.91745	215.978211	211.91745	226.686184	14.768734	2.6841611	0	0	0	0	3
4800	1069	0	1.875	211.89141	215.920419	211.89141	226.528671	14.6372606	2.6841611	0	0	0	0	3
4805	1071	0	1.87695312	211.864276	215.863136	211.864276	226.373097	14.5088211	2.6841611	0	0	0	0	3
4810	1072	0	1.87890625	211.836094	215.806351	211.836094	226.217761	14.3816673	2.6841611	0	0	0	0	3
4815	1072	0	1.88085938	211.80636	215.750057	211.80636	226.066825	14.2604654	2.6841611	0	0	0	0	3
4820	1073	0	1.8828125	211.775707	215.694232	211.775707	225.916661	14.140954	2.6841611	0	0	0	0	3
4825	1074	0	1.88476562	211.743644	215.638869	211.743644	225.765188	14.0215444	2.6841611	0	0	0	0	3
4830	1075	0	1.88671875	211.711203	215.58397	211.711203	225.616187	13.9049841	2.6841611	0	0	0	0	3
4835	1076	0	1.88867188	211.679947	215.529532	211.679947	225.465671	13.7857237	2.6841611	0	0	0	0	3
4840	1077	0	1.890625	211.649917	215.475564	211.649917	225.316336	13.666419	2.6841611	0	0	0	0	3
4845	1078	0	1.89257812	211.617326	215.422052	211.617326	225.166538	13.5492113	2.6841611	0	0	0	0	3
4850	1079	0	1.89453125	211.579336	215.368977	211.579336	225.016809	13.4374732	2.6841611	0	0	0	0	3
4855	1080	0	1.89648438	211.54342	215.316347	211.54342	224.867511	13.3240907	2.6841611	0	0	0	0	3
4860	1081	0	1.8984375	211.510825	215.264172	211.510825	224.718388	13.207563	2.6841611	0	0	0	0	3
4865	1082	0	1.90039062	211.480733	215.212463	211.480733	224.572349	13.0916161	2.6841611	0	0	0	0	3
4870	1083	0	1.90234375	211.451635	215.16121	211.451635	224.427749	12.9761143	2.6841611	0	0	0	0	3
4875	1084	0	1.90429688	211.423896	215.110413	211.423896	224.284862	12.8609668	2.6841611	0	0	0	0	3
4880	1085	0	1.90625	211.396735	215.060069	211.396735	224.142182	12.745447	2.6841611	0	0	0	0	3
4885	1086	0	1.90820312	211.372063	215.010186	211.372063	224.00172	12.6296576	2.6841611	0	0	0	0	3
4890	1087	0	1.91015625	211.349971	214.960765	211.349971	223.861391	12.5114204	2.6841611	0	0	0	0	3
4895	1088	0	1.91210938	211.329955	214.911814	211.329955	223.720435	12.39048	2.6841611	0	0	0	0	3
4900	1089	0	1.9140625	211.311501	214.863342	211.311501	223.578504	12.2670032	2.6841611	0	0	0	0	3
4905	1092	0	1.91601562	211.294461	214.815357	211.294461	223.435469	12.141008	2.6841611	0	0	0	0	3
4910	1093	0	1.91796875	211.278855	214.76787	211.278855	223.291739	12.0128834	2.6841611	0	0	0	0	3
4915	1094	0	1.91992188	211.264691	214.72089	211.264691	223.14782	11.8831289	2.6841611	0	0	0	0	3
4920	1095	0	1.921875	211.251886	214.674421	211.251886	223.005137	11.7532507	2.6841611	0	0	0	0	3
4925	1096	0	1.92382812	211.241569	214.62847	211.241569	222.861515	11.6199454	2.6841611	0	0	0	0	3
4930	1097	0	1.92578125	211.232726	214.583045	211.232726	222.718745	11.4860192	2.6841611	0	0	0	0	3
4935	1098	0	1.92773438	211.225086	214.538148	211.225086	222.575346	11.3502607	2.6841611	0	0	0	0	3
4940	1099	0	1.9296875	211.217046	214.493779	211.217046	222.430668	11.2136225	2.6841611	0	0	0	0	3
4945	1100	0	1.93164062	211.207547	214.449939	211.207547	222.286084	11.078537	2.6841611	0	0	0	0	3
4950	1101	0	1.93359375	211.196758	214.406621	211.196758	222.14152	10.944762	2.6841611	0	0	0	0	3
4955	1102	0	1.93554688	211.183751	214.363818	211.183751	222.002933	10.8191818	2.6841611	0	0	0	0	3
4960	1103	0	1.9375	211.168748	214.321497	211.168748	221.863237	10.6944892	2.6841611	0	0	0	0	3
4965	1104	0	1.93945312	211.150699	214.279651	211.150699	221.722957	10.5722584	2.6841611	0	0	0	0	3
4970	1105	0	1.94140625	211.129642	214.238271	211.129642	221.581747	10.4521045	2.6841611	0	0	0	0	3
4975	1106	0	1.94335938	211.106319	214.197351	211.106319	221.441674	10.3353554	2.6841611	0	0	0	0	3
4980	1107	0	1.9453125	211.080687	214.156878	211.080687	221.301506	10.2208183	2.6841611	0	0	0	0	3
4985	1108	0	1.94726562	211.051673	214.11684	211.051673	221.160996	10.1093235	2.6841611	0	0	0	0	3
4990	1109	0	1.94921875	211.020325	214.077228	211.020325	221.019273	9.99894791	2.6841611	0	0	0	0	3
4995	1110	0	1.95117188	210.989161	214.038048	210.989161	220.875231	9.88606952	2.6841611	0	0	0	0	3
5000	1111	0	1.953125	210.957589	213.999307	210.957589	220.729309	9.77172012	2.6841611	0	0	0	0	3
5005	1113	0	1.95507812	210.924848	213.961008	210.924848	220.582732	9.65788387	2.6841611	0	0	0	0	3
5010	1114	0	1.95703125	210.891519	213.923152	210.891519	220.434454	9.54293561	2.6841611	0	0	0	0	3
5015	1115	0	1.95898438	210.852514	213.885723	210.852514	220.287127	9.43461321	2.6841611	0	0	0	0	3
5020	1116	0	1.9609375	210.815362	213.848724	210.815362	220.139103	9.32374095	2.6841611	0	0	0	0	3
5025	1117	0	1.96289062	210.780598	213.812167	210.780598	219.99166	9.21106154	2.6841611	0	0	0	0	3
5030	1118	0	1.96484375	210.747341	213.776056	210.747341	219.845663	9.09832168	2.6841611	0	0	0	0	3
5035	1119	0	1.96679688	210.715127	213.74039	210.715127	219.700995	8.98586885	2.6841611	0	0	0	0	3
5040	1120	0	1.96875	210.683594	213.705166	210.683594	219.557413	8.87381976	2.6841611	0	0	0	0	3
5045	1121	0	1.97070312	210.653963	213.670387	210.653963	219.415819	8.76185514	2.6841611	0	0	0	0	3
5050	1122	0	1.97265625	210.625337	213.636049	210.625337	219.276926	8.65158918	2.6841611	0	0	0	0	3
5055	1123	0	1.97460938	210.596805	213.602142	210.596805	219.142914	8.54610928	2.6841611	0	0	0	0	3
5060	1124	0	1.9765625	210.569305	213.568652	210.569305	219.011878	8.44257274	2.6841611	0	0	0	0	3
5065	1125	0	1.97851562	210.543883	213.535573	210.543883	218.883198	8.33931509	2.6841611	0	0	0	0	3
5070	1126	0	1.98046875	210.520558	213.502907	210.520558	218.760971	8.24041252	2.6841611	0	0	0	0	3
5075	1127	0	1.98242188	210.496904	213.470625	210.496904	218.642649	8.14574497	2.6841611	0	0	0	0	3
5080	1128	0	1.984375	210.472398	213.43871	210.472398	218.527322	8.05492397	2.6841611	0	0	0	0	3
5085	1129	0	1.98632812	210.449568	213.407157	210.449568	218.415356	7.96578834	2.6841611	0	0	0	0	3
5090	1130	0	1.98828125	210.429708	213.375963	210.429708	218.306892	7.8771842	2.6841611	0	0	0	0	3
5095	1131	0	1.99023438	210.411628	213.345122	210.411628	218.203246	7.791618	2.6841611	0	0	0	0	3
5100	1132	0	1.9921875	210.393237	213.314614	210.393237	218.101818	7.70858115	2.6841611	0	0	0	0	3
5105	1134	0	1.99414062	210.37448	213.284429	210.37448	218.000969	7.62648959	2.6841611	0	0	0	0	3
5110	1135	0	1.99609375	210.355868	213.254565	210.355868	217.901337	7.54546945	2.6841611	0	0	0	0	3
5115	1136	0	1.99804688	210.337338	213.225018	210.337338	217.801435	7.46409619	2.6841611	0	0	0	0	3
5120	1137	0	2	210.317107	213.195783	210.317107	217.713049	7.39594249	2.6841611	0	0	0	0	3
5125	1138	0	2.00195312	210.293835	213.166802	210.293835	217.626874	7.33303938	2.6841611	0	0	0	0	3
5130	1139	0	2.00390625	210.267824	213.138055	210.267824	217.540015	7.27219082	2.6841611	0	0	0	0	3
5135	1140	0	2.00585938	210.240825	213.109543	210.240825	217.450784	7.20995914	2.6841611	0	0	0	0	3
5140	1141	0	2.0078125	210.212055	213.081267	210.212055	217.360756	7.14870117	2.6841611	0	0	0	0	3
5145	1142	0	2.00976562	210.180184	213.053217	210.180184	217.271404	7.09122038	2.6841611	0	0	0	0	3
5150	1143	0	2.01171875	210.145638	213.025382	210.145638	217.181656	7.03601791	2.6841611	0	0	0	0	3
5155	1144	0	2.01367188	210.109883	212.997758	210.109883	217.090401	6.98051819	2.6841611	0	0	0	0	3
5160	1145	0	2.015625	210.073706	212.970349	210.073706	216.996993	6.9232874	2.6841611	0	0	0	0	3
5165	1146	0	2.01757812	210.037628	212.943164	210.037628	216.901186	6.86355828	2.6841611	0	0	0	0	3
5170	1147	0	2.01953125	210.000117	212.916207	210.000117	216.804928	6.80481155	2.6841611	0	0	0	0	3
5175	1148	0	2.02148438	209.960748	212.889472	209.960748	216.706573	6.74582531	2.6841611	0	0	0	0	3
5180	1149	0	2.0234375	209.920176	212.862963	209.920176	216.607747	6.68757058	2.6841611	0	0	0	0	3
5185	1150	0	2.02539062	209.880578	212.836685	209.880578	216.508356	6.62777866	2.6841611	0	0	0	0	3
5190	1151	0	2.02734375	209.842478	212.810646	209.842478	216.408226	6.56574818	2.6841611	0	0	0	0	3
5195	1152	0	2.02929688	209.804288	212.784849	209.804288	216.307737	6.50344852	2.6841611	0	0	0	0	3
5200	1153	0	2.03125	209.765786	212.759295	209.765786	216.206517	6.44073118	2.6841611	0	0	0	0	3
5205	1156	0	2.03320312	209.728218	212.733989	209.728218	216.105474	6.37725628	2.6841611	0	0	0	0	3
5210	1157	0	2.03515625	209.692554	212.708938	209.692554	216.003998	6.31144428	2.6841611	0	0	0	0	3
5215	1158	0	2.03710938	209.65794	212.684149	209.65794	215.905084	6.24714385	2.6841611	0	0	0	0	3
5220	1159	0	2.0390625	209.622412	212.659607	209.622412	215.809875	6.18746287	2.6841611	0	0	0	0	3
5225	1160	0	2.04101562	209.585632	212.635294	209.585632	215.719843	6.13421118	2.6841611	0	0	0	0	3
5230	1161	0	2.04296875	209.549944	212.611193	209.549944	215.634616	6.08467207	2.6841611	0	0	0	0	3
5235	1162	0	2.04492188	209.515486	212.58729	209.515486	215.554398	6.03891275	2.6841611	0	0	0	0	3
5240	1163	0	2.046875	209.481299	212.563567	209.481299	215.480029	5.99873013	2.6841611	0	0	0	0	3
5245	1164	0	2.04882812	209.446315	212.539998	209.446315	215.411435	5.96511995	2.6841611	0	0	0	0	3
5250	1165	0	2.05078125	209.410638	212.516557	209.410638	215.347669	5.93703128	2.6841611	0	0	0	0	3
5255	1166	0	2.05273438	209.376447	212.493232	209.376447	215.287847	5.91139997	2.6841611	0	0	0	0	3
5260	1167	0	2.0546875	209.344016	212.470014	209.344016	215.231848	5.88783261	2.6841611	0	0	0	0	3
5265	1168	0	2.05664062	209.311851	212.446889	209.311851	215.180012	5.86816071	2.6841611	0	0	0	0	3
5270	1169	0	2.05859375	209.279884	212.423842	209.279884	215.130447	5.8505622	2.6841611	0	0	0	0	3
5275	1170	0	2.06054688	209.247573	212.400862	209.247573	215.082262	5.83468853	2.6841611	0	0	0	0	3
5280	1171	0	2.0625	209.214591	212.377941	209.214591	215.035383	5.82079237	2.6841611	0	0	0	0	3
5285	1172	0	2.06445312	209.181004	212.355072	209.181004	214.993308	5.81230403	2.6841611	0	0	0	0	3
5290	1173	0	2.06640625	209.147488	212.332237	209.147488	214.958937	5.81144886	2.6841611	0	0	0	0	3
5295	1174	0	2.06835938	209.113927	212.309405	209.113927	214.923197	5.80927069	2.6841611	0	0	0	0	3
5300	1175	0	2.0703125	209.078012	212.286572	209.078012	214.885964	5.80795243	2.6841611	0	0	0	0	3
5305	1177	0	2.07226562	209.03987	212.263736	209.03987	214.846531	5.80666115	2.6841611	0	0	0	0	3
5310	1178	0	2.07421875	209.001292	212.240903	209.001292	214.805425	5.80413313	2.6841611	0	0	0	0	3
5315	1179	0	2.07617188	208.962909	212.218081	208.962909	214.76431	5.80140106	2.6841611	0	0	0	0	3
5320	1180	0	2.078125	208.924429	212.195269	208.924429	214.722705	5.79827693	2.6841611	0	0	0	0	3
5325	1181	0	2.08007812	208.884423	212.172463	208.884423	214.678643	5.79421926	2.6841611	0	0	0	0	3
5330	1182	0	2.08203125	208.842628	212.149666	208.842628	214.632987	5.79035989	2.6841611	0	0	0	0	3
5335	1184	0	2.08398438	208.800266	212.126882	208.800266	214.585769	5.78550301	2.6841611	0	0	0	0	3
5340	1185	0	2.0859375	208.759086	212.104121	208.759086	214.537149	5.7780625	2.6841611	0	0	0	0	3
5345	1186	0	2.08789062	208.718636	212.081393	208.718636	214.487514	5.7688782	2.6841611	0	0	0	0	3
5350	1187	0	2.08984375	208.678565	212.058702	208.678565	214.437435	5.75887009	2.6841611	0	0	0	0	3
5355	1188	0	2.09179688	208.63688	212.036043	208.63688	214.385568	5.7486889	2.6841611	0	0	0	0	3
5360	1189	0	2.09375	208.595517	212.013426	208.595517	214.330856	5.73533901	2.6841611	0	0	0	0	3
5365	1190	0	2.09570312	208.556073	211.990868	208.556073	214.273762	5.71768941	2.6841611	0	0	0	0	3
5370	1191	0	2.09765625	208.517614	211.968383	208.517614	214.213251	5.695637	2.6841611	0	0	0	0	3
5375	1192	0	2.09960938	208.478378	211.945981	208.478378	214.152501	5.67412364	2.6841611	0	0	0	0	3
5380	1193	0	2.1015625	208.437623	211.923658	208.437623	214.093173	5.65555012	2.6841611	0	0	0	0	3
5385	1194	0	2.10351562	208.396937	211.901407	208.396937	214.036462	5.63952502	2.6841611	0	0	0	0	3
5390	1195	0	2.10546875	208.356631	211.87922	208.356631	213.983571	5.62694031	2.6841611	0	0	0	0	3
5395	1196	0	2.10742188	208.316036	211.857081	208.316036	213.935724	5.6196877	2.6841611	0	0	0	0	3
5400	1197	0	2.109375	208.273878	211.834964	208.273878	213.893303	5.6194254	2.6841611	0	0	0	0	3
5405	1199	0	2.11132812	208.23049	211.812844	208.23049	213.85625	5.62575997	2.6841611	0	0	0	0	3
5410	1200	0	2.11328125	208.187784	211.790702	208.187784	213.825541	5.63775725	2.6841611	0	0	0	0	3
5415	1201	0	2.11523438	208.146572	211.768518	208.146572	213.798733	5.6521612	2.6841611	0	0	0	0	3
5420	1202	0	2.1171875	208.105009	211.746277	208.105009	213.776664	5.6716553	2.6841611	0	0	0	0	3
5425	1203	0	2.11914062	208.061699	211.723953	208.061699	213.759945	5.69824659	2.6841611	0	0	0	0	3
5430	1204	0	2.12109375	208.017595	211.701522	208.017595	213.74665	5.72905582	2.6841611	0	0	0	0	3
5435	1205	0	2.12304688	207.975339	211.678978	207.975339	213.735112	5.75977303	2.6841611	0	0	0	0	3
5440	1206	0	2.125	207.934975	211.656321	207.934975	213.724449	5.78947469	2.6841611	0	0	0	0	3
5445	1207	0	2.12695312	207.894422	211.633547	207.894422	213.715427	5.82100503	2.6841611	0	0	0	0	3
5450	1208	0	2.12890625	207.852875	211.610647	207.852875	213.70787	5.85499488	2.6841611	0	0	0	0	3
5455	1209	0	2.13085938	207.811365	211.587617	207.811365	213.70787	5.89650532	2.6841611	0	0	0	0	3
5460	1210	0	2.1328125	207.772038	211.56443	207.772038	213.707533	5.93549511	2.6841611	0	0	0	0	3
5465	1211	0	2.13476562	207.733523	211.541094	207.733523	213.705068	5.97154546	2.6841611	0	0	0	0	3
5470	1212	0	2.13671875	207.694668	211.517616	207.694668	213.700739	6.00607068	2.6841611	0	0	0	0	3
5475	1213	0	2.13867188	207.655711	211.494003	207.655711	213.695883	6.04017177	2.6841611	0	0	0	0	3
5480	1214	0	2.140625	207.617564	211.470259	207.617564	213.690567	6.07300254	2.6841611	0	0	0	0	3
5485	1215	0	2.14257812	207.581223	211.446395	207.581223	213.684933	6.10371052	2.6841611	0	0	0	0	3
5490	1216	0	2.14453125	207.545057	211.422411	207.545057	213.678187	6.13313007	2.6841611	0	0	0	0	3
5495	1217	0	2.14648438	207.507711	211.398307	207.507711	213.670488	6.16277662	2.6841611	0	0	0	0	3
5500	1218	0	2.1484375	207.470122	211.374087	207.470122	213.663904	6.1937826	2.6841611	0	0	0	0	3
5505	1220	0	2.15039062	207.433599	211.349756	207.433599	213.663904	6.2303052	2.6841611	0	0	0	0	3
5510	1222	0	2.15234375	207.39742	211.325316	207.39742	213.663904	6.26648445	2.6841611	0	0	0	0	3
5515	1223	0	2.15429688	207.363878	211.300781	207.363878	213.663904	6.30002608	2.6841611	0	0	0	0	3
5520	1224	0	2.15625	207.330193	211.276156	207.330193	213.663904	6.33371157	2.6841611	0	0	0	0	3
5525	1225	0	2.15820312	207.296212	211.251443	207.296212	213.663904	6.36769242	2.6841611	0	0	0	0	3
5530	1226	0	2.16015625	207.263777	211.226655	207.263777	213.663904	6.40012742	2.6841611	0	0	0	0	3
5535	1227	0	2.16210938	207.231625	211.201803	207.231625	213.663904	6.43227946	2.6841611	0	0	0	0	3
5540	1228	0	2.1640625	207.198784	211.176897	207.198784	213.663904	6.46512064	2.6841611	0	0	0	0	3
5545	1229	0	2.16601562	207.164819	211.15194	207.164819	213.663904	6.49908596	2.6841611	0	0	0	0	3
5550	1230	0	2.16796875	207.131228	211.126931	207.131228	213.663904	6.53267642	2.6841611	0	0	0	0	3
5555	1231	0	2.16992188	207.0983	211.101868	207.0983	213.663904	6.56560487	2.6841611	0	0	0	0	3
5560	1232	0	2.171875	207.064623	211.076736	207.064623	213.663904	6.59928127	2.6841611	0	0	0	0	3
5565	1233	0	2.17382812	207.029312	211.05152	207.029312	213.663904	6.63459223	2.6841611	0	0	0	0	3
5570	1234	0	2.17578125	206.992825	211.026202	206.992825	213.663904	6.67107977	2.6841611	0	0	0	0	3
5575	1235	0	2.17773438	206.957236	211.000768	206.957236	213.663904	6.70666872	2.6841611	0	0	0	0	3
5580	1236	0	2.1796875	206.922092	210.975209	206.922092	213.663904	6.74181249	2.6841611	0	0	0	0	3
5585	1237	0	2.18164062	206.886371	210.949509	206.886371	213.663904	6.77753341	2.6841611	0	0	0	0	3
5590	1238	0	2.18359375	206.84878	210.923644	206.84878	213.663904	6.81512466	2.6841611	0	0	0	0	3
5595	1239	0	2.18554688	206.810318	210.897603	206.810318	213.663904	6.85358621	2.6841611	0	0	0	0	3
5600	1240	0	2.1875	206.77334	210.871378	206.77334	213.663904	6.89056463	2.6841611	0	0	0	0	3
5605	1242	0	2.18945312	206.737062	210.844969	206.737062	213.663904	6.92684281	2.6841611	0	0	0	0	3
5610	1244	0	2.19140625	206.701091	210.818371	206.701091	213.663904	6.96281351	2.6841611	0	0	0	0	3
5615	1245	0	2.19335938	206.664355	210.791578	206.664355	213.663904	6.99954971	2.6841611	0	0	0	0	3
5620	1246	0	2.1953125	206.628907	210.764589	206.628907	213.663904	7.03499762	2.6841611	0	0	0	0	3
5625	1247	0	2.19726562	206.596159	210.737408	206.596159	213.663904	7.06774535	2.6841611	0	0	0	0	3
5630	1248	0	2.19921875	206.565553	210.710044	206.565553	213.663904	7.09835173	2.6841611	0	0	0	0	3
5635	1249	0	2.20117188	206.535291	210.682505	206.535291	213.663904	7.12861327	2.6841611	0	0	0	0	3
5640	1250	0	2.203125	206.504976	210.654793	206.504976	213.663904	7.15892839	2.6841611	0	0	0	0	3
5645	1251	0	2.20507812	206.47694	210.626925	206.47694	213.663904	7.18696445	2.6841611	0	0	0	0	3
5650	1252	0	2.20703125	206.451289	210.598915	206.451289	213.663904	7.21261543	2.6841611	0	0	0	0	3
5655	1253	0	2.20898438	206.426763	210.570777	206.426763	213.663904	7.23714149	2.6841611	0	0	0	0	3
5660	1254	0	2.2109375	206.401072	210.542511	206.401072	213.663904	7.26283229	2.6841611	0	0	0	0	3
5665	1255	0	2.21289062	206.375709	210.514123	206.375709	213.663904	7.28819525	2.6841611	0	0	0	0	3
5670	1256	0	2.21484375	206.351995	210.485618	206.351995	213.663904	7.31190989	2.6841611	0	0	0	0	3
5675	1257	0	2.21679688	206.329337	210.457005	206.329337	213.663904	7.33456731	2.6841611	0	0	0	0	3
5680	1258	0	2.21875	206.30785	210.428294	206.30785	213.663904	7.35605486	2.6841611	0	0	0	0	3
5685	1259	0	2.22070312	206.288028	210.399493	206.288028	213.663904	7.37587665	2.6841611	0	0	0	0	3
5690	1260	0	2.22265625	206.268146	210.370608	206.268146	213.663904	7.39575803	2.6841611	0	0	0	0	3
5695	1261	0	2.22460938	206.248806	210.341643	206.248806	213.662203	7.41339664	2.6841611	0	0	0	0	3
5700	1262	0	2.2265625	206.229026	210.312607	206.229026	213.65894	7.4299143	2.6841611	0	0	0	0	3
5705	1264	0	2.22851562	206.20799	210.283502	206.20799	213.653835	7.44584487	2.6841611	0	0	0	0	3
5710	1265	0	2.23046875	206.186382	210.254332	206.186382	213.648025	7.46164287	2.6841611	0	0	0	0	3
5715	1266	0	2.23242188	206.165645	210.225104	206.165645	213.640911	7.47526596	2.6841611	0	0	0	0	3
5720	1267	0	2.234375	206.145086	210.195823	206.145086	213.631766	7.48667991	2.6841611	0	0	0	0	3
5725	1268	0	2.23632812	206.124036	210.166496	206.124036	213.622866	7.49882998	2.6841611	0	0	0	0	3
5730	1269	0	2.23828125	206.101261	210.137115	206.101261	213.615824	7.51456305	2.6841611	0	0	0	0	3
5735	1270	0	2.24023438	206.078037	210.10767	206.078037	213.608406	7.5303693	2.6841611	0	0	0	0	3
5740	1271	0	2.2421875	206.05577	210.078168	206.05577	213.600381	7.54461133	2.6841611	0	0	0	0	3
5745	1272	0	2.24414062	206.033688	210.048611	206.033688	213.592885	7.55919688	2.6841611	0	0	0	0	3
5750	1274	0	2.24609375	206.010714	210.018993	206.010714	213.585953	7.57523928	2.6841611	0	0	0	0	3
5755	1275	0	2.24804688	205.985781	209.989305	205.985781	213.57905	7.5932689	2.6841611	0	0	0	0	3
5760	1276	0	2.25	205.960768	209.959546	205.960768	213.571047	7.61027922	2.6841611	0	0	0	0	3
5765	1277	0	2.25195312	205.936004	209.929721	205.936004	213.562244	7.6262399	2.6841611	0	0	0	0	3
5770	1278	0	2.25390625	205.911365	209.899835	205.911365	213.553562	7.6421967	2.6841611	0	0	0	0	3
5775	1279	0	2.25585938	205.885977	209.869883	205.885977	213.545888	7.65991067	2.6841611	0	0	0	0	3
5780	1280	0	2.2578125	205.860706	209.839863	205.860706	213.537212	7.67650525	2.6841611	0	0	0	0	3
5785	1281	0	2.25976562	205.837498	209.809786	205.837498	213.526935	7.68943749	2.6841611	0	0	0	0	3
5790	1282	0	2.26171875	205.816551	209.779668	205.816551	213.512062	7.69551092	2.6841611	0	0	0	0	3
5795	1283	0	2.26367188	205.797398	209.749532	205.797398	213.496501	7.69910275	2.6841611	0	0	0	0	3
5800	1284	0	2.265625	205.7789	209.719385	205.7789	213.480121	7.70122111	2.6841611	0	0	0	0	3
5805	1286	0	2.26757812	205.761929	209.689236	205.761929	213.462856	7.70092705	2.6841611	0	0	0	0	3
5810	1287	0	2.26953125	205.747961	209.6591	205.747961	213.443504	7.6955438	2.6841611	0	0	0	0	3
5815	1288	0	2.27148438	205.735731	209.628991	205.735731	213.421683	7.68595135	2.6841611	0	0	0	0	3
5820	1289	0	2.2734375	205.724769	209.598925	205.724769	213.398978	7.67420854	2.6841611	0	0	0	0	3
5825	1290	0	2.27539062	205.713834	209.568905	205.713834	213.375811	7.66197702	2.6841611	0	0	0	0	3
5830	1291	0	2.27734375	205.704092	209.538937	205.704092	213.351217	7.64712527	2.6841611	0	0	0	0	3
5835	1292	0	2.27929688	205.695423	209.509032	205.695423	213.325775	7.63035141	2.6841611	0	0	0	0	3
5840	1293	0	2.28125	205.687649	209.479196	205.687649	213.298731	7.61108143	2.6841611	0	0	0	0	3
5845	1294	0	2.28320312	205.679227	209.449432	205.679227	213.27196	7.59273225	2.6841611	0	0	0	0	3
5850	1295	0	2.28515625	205.673673	209.419751	205.673673	213.244484	7.57081157	2.6841611	0	0	0	0	3
5855	1296	0	2.28710938	205.668252	209.390156	205.668252	213.216667	7.54841484	2.6841611	0	0	0	0	3
5860	1297	0	2.2890625	205.662879	209.360649	205.662879	213.188124	7.52524458	2.6841611	0	0	0	0	3
5865	1299	0	2.29101562	205.6565	209.331229	205.6565	213.158546	7.50204588	2.6841611	0	0	0	0	3
5870	1300	0	2.29296875	205.649417	209.301897	205.649417	213.129281	7.47986461	2.6841611	0	0	0	0	3
5875	1301	0	2.29492188	205.642036	209.272649	205.642036	213.099269	7.45723327	2.6841611	0	0	0	0	3
5880	1302	0	2.296875	205.635051	209.243492	205.635051	213.068375	7.43332465	2.6841611	0	0	0	0	3
5885	1303	0	2.29882812	205.628369	209.21443	205.628369	213.036959	7.40859021	2.6841611	0	0	0	0	3
5890	1304	0	2.30078125	205.621577	209.185464	205.621577	213.005105	7.38352835	2.6841611	0	0	0	0	3
5895	1305	0	2.30273438	205.614063	209.156592	205.614063	212.972924	7.35886148	2.6841611	0	0	0	0	3
5900	1306	0	2.3046875	205.60624	209.127816	205.60624	212.939393	7.33315319	2.6841611	0	0	0	0	3
5905	1309	0	2.30664062	205.598269	209.09914	205.598269	212.904745	7.30647593	2.6841611	0	0	0	0	3
5910	1310	0	2.30859375	205.589586	209.070565	205.589586	212.869313	7.27972771	2.6841611	0	0	0	0	3
5915	1311	0	2.31054688	205.580342	209.042092	205.580342	212.833385	7.25304278	2.6841611	0	0	0	0	3
5920	1312	0	2.3125	205.570785	209.013723	205.570785	212.796774	7.22598927	2.6841611	0	0	0	0	3
5925	1313	0	2.31445312	205.560658	208.985457	205.560658	212.759545	7.19888706	2.6841611	0	0	0	0	3
5930	1314	0	2.31640625	205.549566	208.957293	205.549566	212.722351	7.17278542	2.6841611	0	0	0	0	3
5935	1315	0	2.31835938	205.538085	208.929229	205.538085	212.684758	7.1466723	2.6841611	0	0	0	0	3
5940	1316	0	2.3203125	205.526278	208.901267	205.526278	212.648106	7.12182866	2.6841611	0	0	0	0	3
5945	1317	0	2.32226562	205.514602	208.873401	205.514602	212.611801	7.09719911	2.6841611	0	0	0	0	3
5950	1318	0	2.32421875	205.504199	208.845637	205.504199	212.576659	7.07246031	2.6841611	0	0	0	0	3
5955	1319	0	2.32617188	205.495431	208.817976	205.495431	212.536299	7.04086801	2.6841611	0	0	0	0	3
5960	1320	0	2.328125	205.488128	208.790444	205.488128	212.496091	7.00796259	2.6841611	0	0	0	0	3
5965	1321	0	2.33007812	205.481456	208.763043	205.481456	212.456688	6.97523218	2.6841611	0	0	0	0	3
5970	1322	0	2.33203125	205.476328	208.735776	205.476328	212.419084	6.94275607	2.6841611	0	0	0	0	3
5975	1323	0	2.33398438	205.473211	208.708644	205.473211	212.383791	6.91058089	2.6841611	0	0	0	0	3
5980	1324	0	2.3359375	205.471664	208.681643	205.471664	212.349749	6.87808475	2.6841611	0	0	0	0	3
5985	1325	0	2.33789062	205.471025	208.654773	205.471025	212.316892	6.84586677	2.6841611	0	0	0	0	3
5990	1326	0	2.33984375	205.470959	208.628032	205.470959	212.284415	6.8134561	2.6841611	0	0	0	0	3
5995	1327	0	2.34179688	205.471978	208.60142	205.470959	212.252767	6.78180884	2.6841611	0	0	0	0	3
6000	1329	0	2.34375	205.474002	208.574941	205.470959	212.224037	6.75307834	2.6841611	0	0	0	0	3
6005	1331	0	2.34570312	205.476759	208.548584	205.470959	212.198237	6.72727898	2.6841611	0	0	0	0	3
6010	1332	0	2.34765625	205.479267	208.522338	205.470959	212.172999	6.70204035	2.6841611	0	0	0	0	3
6015	1333	0	2.34960938	205.482434	208.496203	205.470959	212.147651	6.67669238	2.6841611	0	0	0	0	3
6020	1334	0	2.3515625	205.486226	208.470182	205.470959	212.123338	6.6523795	2.6841611	0	0	0	0	3
6025	1335	0	2.35351562	205.489516	208.444269	205.470959	212.100417	6.6294583	2.6841611	0	0	0	0	3
6030	1336	0	2.35546875	205.492863	208.418458	205.470959	212.079532	6.60857398	2.6841611	0	0	0	0	3
6035	1337	0	2.35742188	205.495663	208.39274	205.470959	212.059817	6.58885827	2.6841611	0	0	0	0	3
6040	1338	0	2.359375	205.498239	208.367109	205.470959	212.040612	6.56965331	2.6841611	0	0	0	0	3
6045	1339	0	2.36132812	205.500555	208.341562	205.470959	212.021732	6.55077396	2.6841611	0	0	0	0	3
6050	1340	0	2.36328125	205.502606	208.316096	205.470959	212.002862	6.53190309	2.6841611	0	0	0	0	3
6055	1341	0	2.36523438	205.504819	208.290713	205.470959	211.983829	6.51287046	2.6841611	0	0	0	0	3
6060	1342	0	2.3671875	205.506844	208.265413	205.470959	211.964024	6.49306597	2.6841611	0	0	0	0	3
6065	1344	0	2.36914062	205.5088	208.240197	205.470959	211.941924	6.47096563	2.6841611	0	0	0	0	3
6070	1345	0	2.37109375	205.510843	208.215075	205.470959	211.91745	6.44649189	2.6841611	0	0	0	0	3
6075	1346	0	2.37304688	205.512726	208.190057	205.470959	211.89141	6.42045145	2.6841611	0	0	0	0	3
6080	1347	0	2.375	205.514239	208.165146	205.470959	211.864276	6.39331791	2.6841611	0	0	0	0	3
6085	1348	0	2.37695312	205.514994	208.140344	205.470959	211.836094	6.36513508	2.6841611	0	0	0	0	3
6090	1349	0	2.37890625	205.515391	208.115654	205.470959	211.80636	6.3354013	2.6841611	0	0	0	0	3
6095	1350	0	2.38085938	205.515261	208.091079	205.470959	211.775707	6.30474821	2.6841611	0	0	0	0	3
6100	1351	0	2.3828125	205.514366	208.066621	205.470959	211.743644	6.27268542	2.6841611	0	0	0	0	3
6105	1354	0	2.38476562	205.513435	208.042284	205.470959	211.711203	6.24024421	2.6841611	0	0	0	0	3
6110	1355	0	2.38671875	205.512647	208.018071	205.470959	211.679947	6.20898869	2.6841611	0	0	0	0	3
6115	1356	0	2.38867188	205.511658	207.993976	205.470959	211.649917	6.17895846	2.6841611	0	0	0	0	3
6120	1357	0	2.390625	205.511151	207.969997	205.470959	211.617326	6.14636772	2.6841611	0	0	0	0	3
6125	1358	0	2.39257812	205.51129	207.946145	205.470959	211.579336	6.10837737	2.6841611	0	0	0	0	3
6130	1359	0	2.39453125	205.512401	207.922446	205.470959	211.54342	6.07246153	2.6841611	0	0	0	0	3
6135	1360	0	2.39648438	205.514311	207.898895	205.470959	211.510825	6.03986695	2.6841611	0	0	0	0	3
6140	1361	0	2.3984375	205.51677	207.875481	205.470959	211.480733	6.00977484	2.6841611	0	0	0	0	3
6145	1362	0	2.40039062	205.519814	207.852196	205.470959	211.451635	5.98067663	2.6841611	0	0	0	0	3
6150	1363	0	2.40234375	205.523925	207.829041	205.470959	211.423896	5.9529371	2.6841611	0	0	0	0	3
6155	1364	0	2.40429688	205.528566	207.806012	205.470959	211.396735	5.9257763	2.6841611	0	0	0	0	3
6160	1366	0	2.40625	205.533656	207.783109	205.470959	211.372063	5.90110407	2.6841611	0	0	0	0	3
6165	1367	0	2.40820312	205.539068	207.760324	205.470959	211.349971	5.87901202	2.6841611	0	0	0	0	3
6170	1368	0	2.41015625	205.544354	207.737646	205.470959	211.329955	5.85899674	2.6841611	0	0	0	0	3
6175	1369	0	2.41210938	205.549308	207.715065	205.470959	211.311501	5.84054221	2.6841611	0	0	0	0	3
6180	1370	0	2.4140625	205.554589	207.692577	205.470959	211.294461	5.82350211	2.6841611	0	0	0	0	3
6185	1371	0	2.41601562	205.559882	207.670177	205.470959	211.278855	5.8078969	2.6841611	0	0	0	0	3
6190	1372	0	2.41796875	205.56491	207.647857	205.470959	211.264691	5.79373214	2.6841611	0	0	0	0	3
6195	1373	0	2.41992188	205.5691	207.625608	205.470959	211.251886	5.78092775	2.6841611	0	0	0	0	3
6200	1374	0	2.421875	205.57287	207.603425	205.470959	211.241569	5.77061063	2.6841611	0	0	0	0	3
6205	1376	0	2.42382812	205.576733	207.581296	205.470959	211.232726	5.76176771	2.6841611	0	0	0	0	3
6210	1377	0	2.42578125	205.580805	207.559218	205.470959	211.225086	5.75412724	2.6841611	0	0	0	0	3
6215	1378	0	2.42773438	205.584326	207.537184	205.470959	211.217046	5.7460871	2.6841611	0	0	0	0	3
6220	1379	0	2.4296875	205.587366	207.515193	205.470959	211.207547	5.73658892	2.6841611	0	0	0	0	3
6225	1380	0	2.43164062	205.590768	207.493253	205.470959	211.196758	5.72579904	2.6841611	0	0	0	0	3
6230	1381	0	2.43359375	205.594981	207.471371	205.470959	211.183751	5.71279235	2.6841611	0	0	0	0	3
6235	1382	0	2.43554688	205.599262	207.449556	205.470959	211.168748	5.69778909	2.6841611	0	0	0	0	3
6240	1384	0	2.4375	205.603082	207.427816	205.470959	211.150699	5.6797401	2.6841611	0	0	0	0	3
6245	1385	0	2.43945312	205.60697	207.40616	205.470959	211.129642	5.65868372	2.6841611	0	0	0	0	3
6250	1386	0	2.44140625	205.610528	207.384601	205.470959	211.106319	5.63536	2.6841611	0	0	0	0	3
6255	1387	0	2.44335938	205.614063	207.363147	205.470959	211.080687	5.60972879	2.6841611	0	0	0	0	3
6260	1388	0	2.4453125	205.617644	207.341807	205.470959	211.051673	5.58071427	2.6841611	0	0	0	0	3
6265	1389	0	2.44726562	205.621122	207.320594	205.470959	211.020325	5.54936637	2.6841611	0	0	0	0	3
6270	1390	0	2.44921875	205.624244	207.299516	205.470959	210.989161	5.51820278	2.6841611	0	0	0	0	3
6275	1391	0	2.45117188	205.627248	207.278571	205.470959	210.957589	5.48663018	2.6841611	0	0	0	0	3
6280	1392	0	2.453125	205.629923	207.257759	205.470959	210.924848	5.45388958	2.6841611	0	0	0	0	3
6285	1393	0	2.45507812	205.632142	207.237085	205.470959	210.891519	5.42056018	2.6841611	0	0	0	0	3
6290	1394	0	2.45703125	205.634177	207.216548	205.470959	210.852514	5.38155521	2.6841611	0	0	0	0	3
6295	1395	0	2.45898438	205.636235	207.196172	205.470959	210.815362	5.34440363	2.6841611	0	0	0	0	3
6300	1397	0	2.4609375	205.638503	207.17595	205.470959	210.780598	5.30963998	2.6841611	0	0	0	0	3
6305	1399	0	2.46289062	205.640496	207.155872	205.470959	210.747341	5.27638267	2.6841611	0	0	0	0	3
6310	1400	0	2.46484375	205.641988	207.135929	205.470959	210.715127	5.24416811	2.6841611	0	0	0	0	3
6315	1401	0	2.46679688	205.643705	207.116119	205.470959	210.683594	5.21263506	2.6841611	0	0	0	0	3
6320	1402	0	2.46875	205.64554	207.096439	205.470959	210.653963	5.18300486	2.6841611	0	0	0	0	3
6325	1403	0	2.47070312	205.646744	207.076879	205.470959	210.625337	5.1543781	2.6841611	0	0	0	0	3
6330	1404	0	2.47265625	205.647409	207.057434	205.470959	210.596805	5.12584621	2.6841611	0	0	0	0	3
6335	1405	0	2.47460938	205.648337	207.038104	205.470959	210.569305	5.0983465	2.6841611	0	0	0	0	3
6340	1406	0	2.4765625	205.64991	207.018888	205.470959	210.543883	5.07292455	2.6841611	0	0	0	0	3
6345	1407	0	2.47851562	205.651698	206.999778	205.470959	210.520558	5.0495999	2.6841611	0	0	0	0	3
6350	1408	0	2.48046875	205.650627	206.980755	205.470959	210.496904	5.02594553	2.6841611	0	0	0	0	3
6355	1409	0	2.48242188	205.648649	206.961816	205.470959	210.472398	5.00143973	2.6841611	0	0	0	0	3
6360	1411	0	2.484375	205.647355	206.942968	205.470959	210.449568	4.97860901	2.6841611	0	0	0	0	3
6365	1412	0	2.48632812	205.646664	206.924207	205.470959	210.429708	4.95874975	2.6841611	0	0	0	0	3
6370	1413	0	2.48828125	205.645959	206.90552	205.470959	210.411628	4.94066912	2.6841611	0	0	0	0	3
6375	1414	0	2.49023438	205.644287	206.886898	205.470959	210.393237	4.92227803	2.6841611	0	0	0	0	3
6380	1415	0	2.4921875	205.642117	206.868339	205.470959	210.37448	4.903521	2.6841611	0	0	0	0	3
6385	1416	0	2.49414062	205.640704	206.849848	205.470959	210.355868	4.88490949	2.6841611	0	0	0	0	3
6390	1417	0	2.49609375	205.639928	206.831426	205.470959	210.337338	4.86637984	2.6841611	0	0	0	0	3
6395	1418	0	2.49804688	205.639268	206.813074	205.470959	210.317107	4.84614848	2.6841611	0	0	0	0	3
6400	1419	0	2.5	205.637983	206.794796	205.470959	210.293835	4.82287641	2.6841611	0	0	0	0	3
6405	1421	0	2.50195312	205.637016	206.776606	205.470959	210.267824	4.79686571	2.6841611	0	0	0	0	3
6410	1422	0	2.50390625	205.637049	206.758517	205.470959	210.240825	4.76986675	2.6841611	0	0	0	0	3
6415	1423	0	2.50585938	205.637371	206.740534	205.470959	210.212055	4.74109678	2.6841611	0	0	0	0	3
6420	1425	0	2.5078125	205.637433	206.722665	205.470959	210.180184	4.70922516	2.6841611	0	0	0	0	3
6425	1426	0	2.50976562	205.637285	206.704919	205.470959	210.145638	4.67467944	2.6841611	0	0	0	0	3
6430	1427	0	2.51171875	205.637679	206.68731	205.470959	210.109883	4.63892402	2.6841611	0	0	0	0	3
6435	1428	0	2.51367188	205.638712	206.669844	205.470959	210.073706	4.60274748	2.6841611	0	0	0	0	3
6440	1429	0	2.515625	205.639443	206.652523	205.470959	210.037628	4.56666941	2.6841611	0	0	0	0	3
6445	1430	0	2.51757812	205.6399	206.635344	205.470959	210.000117	4.52915802	2.6841611	0	0	0	0	3
6450	1431	0	2.51953125	205.639989	206.618313	205.470959	209.960748	4.48978902	2.6841611	0	0	0	0	3
6455	1432	0	2.52148438	205.639694	206.601434	205.470959	209.920176	4.44921753	2.6841611	0	0	0	0	3
6460	1433	0	2.5234375	205.638585	206.584709	205.470959	209.880578	4.40961915	2.6841611	0	0	0	0	3
6465	1434	0	2.52539062	205.636426	206.56813	205.470959	209.842478	4.37151938	2.6841611	0	0	0	0	3
6470	1435	0	2.52734375	205.634222	206.551691	205.470959	209.804288	4.33332949	2.6841611	0	0	0	0	3
6475	1437	0	2.52929688	205.631353	206.535391	205.470959	209.765786	4.29482757	2.6841611	0	0	0	0	3
6480	1438	0	2.53125	205.627836	206.519227	205.470959	209.728218	4.25725951	2.6841611	0	0	0	0	3
6485	1439	0	2.53320312	205.623173	206.503192	205.470959	209.692554	4.2215955	2.6841611	0	0	0	0	3
6490	1440	0	2.53515625	205.618071	206.487276	205.470959	209.65794	4.18698198	2.6841611	0	0	0	0	3
6495	1441	0	2.53710938	205.612749	206.471474	205.470959	209.622412	4.15145388	2.6841611	0	0	0	0	3
6500	1442	0	2.5390625	205.607602	206.455791	205.470959	209.585632	4.11467334	2.6841611	0	0	0	0	3
6505	1444	0	2.54101562	205.602328	206.440232	205.470959	209.549944	4.07898578	2.6841611	0	0	0	0	3
6510	1445	0	2.54296875	205.596481	206.424788	205.470959	209.515486	4.04452704	2.6841611	0	0	0	0	3
6515	1446	0	2.54492188	205.589503	206.409452	205.470959	209.481299	4.01034061	2.6841611	0	0	0	0	3
6520	1448	0	2.546875	205.58141	206.394218	205.470959	209.446315	3.97535644	2.6841611	0	0	0	0	3
6525	1449	0	2.54882812	205.574169	206.379093	205.470959	209.410638	3.93967923	2.6841611	0	0	0	0	3
6530	1450	0	2.55078125	205.567079	206.364079	205.470959	209.376447	3.90548822	2.6841611	0	0	0	0	3
6535	1451	0	2.55273438	205.559847	206.34917	205.470959	209.344016	3.87305711	2.6841611	0	0	0	0	3
6540	1452	0	2.5546875	205.55283	206.334361	205.470959	209.311851	3.84089291	2.6841611	0	0	0	0	3
6545	1453	0	2.55664062	205.5467	206.319653	205.470959	209.279884	3.80892581	2.6841611	0	0	0	0	3
6550	1454	0	2.55859375	205.541252	206.305049	205.470959	209.247573	3.7766148	2.6841611	0	0	0	0	3
6555	1455	0	2.56054688	205.535758	206.29055	205.470959	209.214591	3.74363221	2.6841611	0	0	0	0	3
6560	1456	0	2.5625	205.530363	206.276159	205.470959	209.181004	3.71004583	2.6841611	0	0	0	0	3
6565	1457	0	2.56445312	205.525701	206.26188	205.470959	209.147488	3.67652962	2.6841611	0	0	0	0	3
6570	1458	0	2.56640625	205.522103	206.247718	205.470959	209.113927	3.64296828	2.6841611	0	0	0	0	3
6575	1459	0	2.56835938	205.518873	206.233675	205.470959	209.078012	3.60705344	2.6841611	0	0	0	0	3
6580	1461	0	2.5703125	205.515314	206.219759	205.470959	209.03987	3.56891113	2.6841611	0	0	0	0	3
6585	1462	0	2.57226562	205.511628	206.205976	205.470959	209.001292	3.53033363	2.6841611	0	0	0	0	3
6590	1463	0	2.57421875	205.508917	206.192334	205.470959	208.962909	3.49195086	2.6841611	0	0	0	0	3
6595	1464	0	2.57617188	205.507515	206.178837	205.470959	208.924429	3.45346999	2.6841611	0	0	0	0	3
6600	1465	0	2.578125	205.506431	206.165485	205.470959	208.884423	3.41346473	2.6841611	0	0	0	0	3
6605	1468	0	2.58007812	205.504915	206.152284	205.470959	208.842628	3.371669	2.6841611	0	0	0	0	3
6610	1469	0	2.58203125	205.503042	206.139239	205.470959	208.800266	3.32930748	2.6841611	0	0	0	0	3
6615	1470	0	2.58398438	205.501625	206.126353	205.470959	208.759086	3.28812796	2.6841611	0	0	0	0	3
6620	1471	0	2.5859375	205.49996	206.113622	205.470959	208.718636	3.24767752	2.6841611	0	0	0	0	3
6625	1472	0	2.58789062	205.49726	206.101039	205.470959	208.678565	3.20760659	2.6841611	0	0	0	0	3
6630	1473	0	2.58984375	205.493196	206.088596	205.470959	208.63688	3.16592107	2.6841611	0	0	0	0	3
6635	1474	0	2.59179688	205.488258	206.076297	205.470959	208.595517	3.12455869	2.6841611	0	0	0	0	3
6640	1476	0	2.59375	205.482888	206.064138	205.470959	208.556073	3.08511445	2.6841611	0	0	0	0	3
6645	1477	0	2.59570312	205.476268	206.052107	205.470959	208.517614	3.04665508	2.6841611	0	0	0	0	3
6650	1478	0	2.59765625	205.468201	206.040196	205.468201	208.478378	3.01017663	2.6841611	0	0	0	0	3
6655	1479	0	2.59960938	205.4596	206.028404	205.4596	208.437623	2.97802296	2.6841611	0	0	0	0	3
6660	1480	0	2.6015625	205.450835	206.016736	205.450835	208.396937	2.94610149	2.6841611	0	0	0	0	3
6665	1481	0	2.60351562	205.441965	206.005194	205.441965	208.356631	2.91466517	2.6841611	0	0	0	0	3
6670	1482	0	2.60546875	205.43326	205.993774	205.43326	208.316036	2.88277592	2.6841611	0	0	0	0	3
6675	1483	0	2.60742188	205.424556	205.982479	205.424556	208.273878	2.84932201	2.6841611	0	0	0	0	3
6680	1484	0	2.609375	205.416185	205.971316	205.416185	208.23049	2.8143053	2.6841611	0	0	0	0	3
6685	1485	0	2.61132812	205.40588	205.960283	205.40588	208.187784	2.78190349	2.6841611	0	0	0	0	3
6690	1486	0	2.61328125	205.395531	205.949376	205.395531	208.146572	2.75104089	2.6841611	0	0	0	0	3
6695	1488	0	2.61523438	205.385304	205.938589	205.385304	208.105009	2.719705	2.6841611	0	0	0	0	3
6700	1489	0	2.6171875	205.376087	205.92793	205.376087	208.061699	2.68561126	2.6841611	0	0	0	0	3
6705	1491	0	2.61914062	205.367797	205.917406	205.367797	208.017595	2.64979802	2.6841611	0	0	0	0	3
6710	1492	0	2.62109375	205.360048	205.907025	205.360048	207.975339	2.61529173	2.6841611	0	0	0	0	3
6715	1493	0	2.62304688	205.3521	205.896778	205.3521	207.934975	2.58287418	2.6841611	0	0	0	0	3
6720	1494	0	2.625	205.343952	205.886657	205.343952	207.894422	2.55046955	2.6841611	0	0	0	0	3
6725	1495	0	2.62695312	205.336758	205.876666	205.336758	207.852875	2.5161174	2.6841611	0	0	0	0	3
6730	1496	0	2.62890625	205.330455	205.866813	205.330455	207.811365	2.48090958	2.6841611	0	0	0	0	3
6735	1497	0	2.63085938	205.324498	205.857099	205.324498	207.772038	2.44753951	2.6841611	0	0	0	0	3
6740	1498	0	2.6328125	205.318275	205.847514	205.318275	207.733523	2.41524775	2.6841611	0	0	0	0	3
6745	1500	0	2.63476562	205.31192	205.838054	205.31192	207.694668	2.38274864	2.6841611	0	0	0	0	3
6750	1501	0	2.63671875	205.306255	205.828725	205.306255	207.655711	2.34945608	2.6841611	0	0	0	0	3
6755	1502	0	2.63867188	205.300991	205.819527	205.300991	207.617564	2.31657357	2.6841611	0	0	0	0	3
6760	1503	0	2.640625	205.295828	205.810457	205.295828	207.581223	2.28539427	2.6841611	0	0	0	0	3
6765	1504	0	2.64257812	205.290696	205.80151	205.290696	207.545057	2.25436119	2.6841611	0	0	0	0	3
6770	1505	0	2.64453125	205.285702	205.792684	205.285702	207.507711	2.2220092	2.6841611	0	0	0	0	3
6775	1506	0	2.64648438	205.281386	205.783988	205.281386	207.470122	2.18873637	2.6841611	0	0	0	0	3
6780	1507	0	2.6484375	205.277224	205.775422	205.277224	207.433599	2.15637539	2.6841611	0	0	0	0	3
6785	1509	0	2.65039062	205.272533	205.76698	205.272533	207.39742	2.12488749	2.6841611	0	0	0	0	3
6790	1510	0	2.65234375	205.26715	205.758659	205.26715	207.363878	2.0967288	2.6841611	0	0	0	0	3
6795	1511	0	2.65429688	205.260582	205.750443	205.260582	207.330193	2.06961101	2.6841611	0	0	0	0	3
6800	1512	0	2.65625	205.253592	205.742331	205.253592	207.296212	2.04261974	2.6841611	0	0	0	0	3
6805	1514	0	2.65820312	205.246041	205.734322	205.246041	207.263777	2.01773591	2.6841611	0	0	0	0	3
6810	1515	0	2.66015625	205.237328	205.726407	205.237328	207.231625	1.99429697	2.6841611	0	0	0	0	3
6815	1516	0	2.66210938	205.227415	205.718578	205.227415	207.198784	1.97136929	2.6841611	0	0	0	0	3
6820	1517	0	2.6640625	205.216651	205.710835	205.216651	207.164819	1.94816739	2.6841611	0	0	0	0	3
6825	1518	0	2.66601562	205.205266	205.703181	205.205266	207.131228	1.92596215	2.6841611	0	0	0	0	3
6830	1520	0	2.66796875	205.193273	205.69561	205.193273	207.0983	1.9050268	2.6841611	0	0	0	0	3
6835	1521	0	2.66992188	205.180883	205.68812	205.180883	207.064623	1.88374052	2.6841611	0	0	0	0	3
6840	1522	0	2.671875	205.168351	205.680713	205.168351	207.029312	1.86096077	2.6841611	0	0	0	0	3
6845	1523	0	2.67382812	205.155596	205.673394	205.155596	206.992825	1.83722912	2.6841611	0	0	0	0	3
6850	1524	0	2.67578125	205.141938	205.666164	205.141938	206.957236	1.81529737	2.6841611	0	0	0	0	3
6855	1525	0	2.67773438	205.128005	205.659018	205.128005	206.922092	1.79408727	2.6841611	0	0	0	0	3
6860	1526	0	2.6796875	205.114933	205.651959	205.114933	206.886371	1.77143827	2.6841611	0	0	0	0	3
6865	1527	0	2.68164062	205.102452	205.644991	205.102452	206.84878	1.74632828	2.6841611	0	0	0	0	3
6870	1528	0	2.68359375	205.090019	205.638121	205.090019	206.810318	1.72029919	2.6841611	0	0	0	0	3
6875	1529	0	2.68554688	205.077	205.63135	205.077	206.77334	1.69633976	2.6841611	0	0	0	0	3
6880	1530	0	2.6875	205.063986	205.624673	205.063986	206.737062	1.67307572	2.6841611	0	0	0	0	3
6885	1531	0	2.68945312	205.051742	205.618089	205.051742	206.701091	1.64934932	2.6841611	0	0	0	0	3
6890	1532	0	2.69140625	205.039813	205.6116	205.039813	206.664355	1.62454224	2.6841611	0	0	0	0	3
6895	1534	0	2.69335938	205.02757	205.605206	205.02757	206.628907	1.60133671	2.6841611	0	0	0	0	3
6900	1535	0	2.6953125	205.014647	205.598901	205.014647	206.596159	1.58151204	2.6841611	0	0	0	0	3
6905	1537	0	2.69726562	205.001573	205.592672	205.001573	206.565553	1.56397962	2.6841611	0	0	0	0	3
6910	1538	0	2.69921875	204.98896	205.586513	204.98896	206.535291	1.54633157	2.6841611	0	0	0	0	3
6915	1539	0	2.70117188	204.976589	205.580425	204.976589	206.504976	1.52838731	2.6841611	0	0	0	0	3
6920	1541	0	2.703125	204.963911	205.574405	204.963911	206.47694	1.51302936	2.6841611	0	0	0	0	3
6925	1542	0	2.70507812	204.950954	205.568444	204.950954	206.451289	1.50033484	2.6841611	0	0	0	0	3
6930	1543	0	2.70703125	204.938338	205.562534	204.938338	206.426763	1.48842496	2.6841611	0	0	0	0	3
6935	1544	0	2.70898438	204.92635	205.556673	204.92635	206.401072	1.47472246	2.6841611	0	0	0	0	3
6940	1545	0	2.7109375	204.914634	205.550867	204.914634	206.375709	1.46107506	2.6841611	0	0	0	0	3
6945	1546	0	2.71289062	204.90266	205.545112	204.90266	206.351995	1.44933508	2.6841611	0	0	0	0	3
6950	1547	0	2.71484375	204.890376	205.539403	204.890376	206.329337	1.43896126	2.6841611	0	0	0	0	3
6955	1548	0	2.71679688	204.877968	205.533734	204.877968	206.30785	1.42988198	2.6841611	0	0	0	0	3
6960	1550	0	2.71875	204.865418	205.528099	204.865418	206.288028	1.42260971	2.6841611	0	0	0	0	3
6965	1551	0	2.72070312	204.852229	205.522491	204.852229	206.268146	1.41591725	2.6841611	0	0	0	0	3
6970	1552	0	2.72265625	204.838598	205.516906	204.838598	206.248806	1.41020802	2.6841611	0	0	0	0	3
6975	1553	0	2.72460938	204.824496	205.511343	204.824496	206.229026	1.40452936	2.6841611	0	0	0	0	3
6980	1554	0	2.7265625	204.810123	205.5058	204.810123	206.20799	1.39786762	2.6841611	0	0	0	0	3
6985	1555	0	2.72851562	204.795244	205.500282	204.795244	206.186382	1.3911384	2.6841611	0	0	0	0	3
6990	1556	0	2.73046875	204.779682	205.494787	204.779682	206.165645	1.38596296	2.6841611	0	0	0	0	3
6995	1557	0	2.73242188	204.764112	205.489312	204.764112	206.145086	1.38097395	2.6841611	0	0	0	0	3
7000	1558	0	2.734375	204.74827	205.483856	204.74827	206.124036	1.37576621	2.6841611	0	0	0	0	3
7005	1560	0	2.73632812	204.732405	205.478419	204.732405	206.101261	1.36885592	2.6841611	0	0	0	0	3
7010	1561	0	2.73828125	204.716376	205.47301	204.716376	206.078037	1.3616609	2.6841611	0	0	0	0	3
7015	1563	0	2.74023438	204.700422	205.467628	204.700422	206.05577	1.35534798	2.6841611	0	0	0	0	3
7020	1564	0	2.7421875	204.684982	205.462274	204.684982	206.033688	1.34870571	2.6841611	0	0	0	0	3
7025	1565	0	2.74414062	204.66961	205.456945	204.66961	206.010714	1.34110371	2.6841611	0	0	0	0	3
7030	1566	0	2.74609375	204.654373	205.451647	204.654373	205.985781	1.33140845	2.6841611	0	0	0	0	3
7035	1567	0	2.74804688	204.638695	205.446385	204.638695	205.960768	1.32207315	2.6841611	0	0	0	0	3
7040	1568	0	2.75	204.623154	205.44116	204.623154	205.936004	1.31284913	2.6841611	0	0	0	0	3
7045	1569	0	2.75195312	204.608066	205.435973	204.608066	205.911365	1.30329864	2.6841611	0	0	0	0	3
7050	1570	0	2.75390625	204.593146	205.430824	204.593146	205.885977	1.29283082	2.6841611	0	0	0	0	3
7055	1571	0	2.75585938	204.577823	205.425714	204.577823	205.860706	1.28288377	2.6841611	0	0	0	0	3
7060	1572	0	2.7578125	204.561709	205.420639	204.561709	205.837498	1.27578887	2.6841611	0	0	0	0	3
7065	1573	0	2.75976562	204.545694	205.415593	204.545694	205.816551	1.27085703	2.6841611	0	0	0	0	3
7070	1574	0	2.76171875	204.530238	205.410569	204.530238	205.797398	1.26715984	2.6841611	0	0	0	0	3
7075	1576	0	2.76367188	204.514872	205.405559	204.514872	205.7789	1.26402825	2.6841611	0	0	0	0	3
7080	1577	0	2.765625	204.499003	205.400559	204.499003	205.761929	1.26292517	2.6841611	0	0	0	0	3
7085	1578	0	2.76757812	204.482581	205.395562	204.482581	205.747961	1.26537912	2.6841611	0	0	0	0	3
7090	1579	0	2.76953125	204.466471	205.390556	204.466471	205.735731	1.26926084	2.6841611	0	0	0	0	3
7095	1580	0	2.77148438	204.451151	205.385538	204.451151	205.724769	1.2736181	2.6841611	0	0	0	0	3
7100	1581	0	2.7734375	204.435777	205.380503	204.435777	205.713834	1.27805775	2.6841611	0	0	0	0	3
7105	1584	0	2.77539062	204.419954	205.375449	204.419954	205.704092	1.28413736	2.6841611	0	0	0	0	3
7110	1585	0	2.77734375	204.404381	205.370372	204.404381	205.695423	1.29104214	2.6841611	0	0	0	0	3
7115	1586	0	2.77929688	204.389303	205.36527	204.389303	205.687649	1.29834593	2.6841611	0	0	0	0	3
7120	1587	0	2.78125	204.374616	205.360141	204.374616	205.679227	1.30461151	2.6841611	0	0	0	0	3
7125	1588	0	2.78320312	204.360152	205.354988	204.360152	205.673673	1.31352034	2.6841611	0	0	0	0	3
7130	1589	0	2.78515625	204.345537	205.3498	204.345537	205.668252	1.32271514	2.6841611	0	0	0	0	3
7135	1590	0	2.78710938	204.33091	205.344576	204.33091	205.662879	1.3319687	2.6841611	0	0	0	0	3
7140	1591	0	2.7890625	204.316851	205.339318	204.316851	205.6565	1.33964889	2.6841611	0	0	0	0	3
7145	1593	0	2.79101562	204.303227	205.334032	204.303227	205.651698	1.34847138	2.6841611	0	0	0	0	3
7150	1594	0	2.79296875	204.289381	205.328719	204.289381	205.651698	1.36231703	2.6841611	0	0	0	0	3
7155	1595	0	2.79492188	204.275421	205.323381	204.275421	205.651698	1.37627693	2.6841611	0	0	0	0	3
7160	1596	0	2.796875	204.26151	205.318015	204.26151	205.651698	1.39018815	2.6841611	0	0	0	0	3
7165	1597	0	2.79882812	204.24788	205.312623	204.24788	205.651698	1.40381789	2.6841611	0	0	0	0	3
7170	1598	0	2.80078125	204.234285	205.307204	204.234285	205.651698	1.41741351	2.6841611	0	0	0	0	3
7175	1599	0	2.80273438	204.220149	205.301759	204.220149	205.651698	1.43154958	2.6841611	0	0	0	0	3
7180	1600	0	2.8046875	204.205743	205.296288	204.205743	205.651698	1.44595548	2.6841611	0	0	0	0	3
7185	1601	0	2.80664062	204.192392	205.290796	204.192392	205.651698	1.45930668	2.6841611	0	0	0	0	3
7190	1603	0	2.80859375	204.17952	205.285288	204.17952	205.651698	1.4721785	2.6841611	0	0	0	0	3
7195	1604	0	2.81054688	204.166667	205.279766	204.166667	205.651698	1.48503156	2.6841611	0	0	0	0	3
7200	1605	0	2.8125	204.153627	205.27423	204.153627	205.651698	1.49807077	2.6841611	0	0	0	0	3
7205	1607	0	2.81445312	204.140652	205.268683	204.140652	205.651698	1.5110463	2.6841611	0	0	0	0	3
7210	1608	0	2.81640625	204.12778	205.26313	204.12778	205.651698	1.52391784	2.6841611	0	0	0	0	3
7215	1609	0	2.81835938	204.11515	205.257571	204.11515	205.651698	1.53654875	2.6841611	0	0	0	0	3
7220	1610	0	2.8203125	204.102224	205.252009	204.102224	205.651698	1.54947447	2.6841611	0	0	0	0	3
7225	1611	0	2.82226562	204.08911	205.24644	204.08911	205.651698	1.56258794	2.6841611	0	0	0	0	3
7230	1613	0	2.82421875	204.076008	205.240861	204.076008	205.651698	1.57569019	2.6841611	0	0	0	0	3
7235	1614	0	2.82617188	204.062905	205.235266	204.062905	205.651698	1.58879353	2.6841611	0	0	0	0	3
7240	1615	0	2.828125	204.049645	205.229646	204.049645	205.651698	1.60205316	2.6841611	0	0	0	0	3
7245	1616	0	2.83007812	204.035909	205.224	204.035909	205.651698	1.6157889	2.6841611	0	0	0	0	3
7250	1617	0	2.83203125	204.022088	205.218319	204.022088	205.651698	1.62961062	2.6841611	0	0	0	0	3
7255	1618	0	2.83398438	204.008693	205.212598	204.008693	205.651698	1.64300568	2.6841611	0	0	0	0	3
7260	1619	0	2.8359375	203.99542	205.206832	203.99542	205.651698	1.65627841	2.6841611	0	0	0	0	3
7265	1620	0	2.83789062	203.98164	205.201014	203.98164	205.651698	1.6700587	2.6841611	0	0	0	0	3
7270	1622	0	2.83984375	203.967475	205.195141	203.967475	205.651698	1.68422318	2.6841611	0	0	0	0	3
7275	1623	0	2.84179688	203.953607	205.18921	203.953607	205.651698	1.69809149	2.6841611	0	0	0	0	3
7280	1624	0	2.84375	203.94043	205.183219	203.94043	205.651698	1.71126836	2.6841611	0	0	0	0	3
7285	1625	0	2.84570312	203.927398	205.177167	203.927398	205.651698	1.7243006	2.6841611	0	0	0	0	3
7290	1626	0	2.84765625	203.914191	205.171053	203.914191	205.651698	1.73750707	2.6841611	0	0	0	0	3
7295	1627	0	2.84960938	203.901046	205.164876	203.901046	205.651698	1.7506518	2.6841611	0	0	0	0	3
7300	1629	0	2.8515625	203.888581	205.158635	203.888581	205.651698	1.76311735	2.6841611	0	0	0	0	3
7305	1631	0	2.85351562	203.877106	205.152337	203.877106	205.651698	1.77459235	2.6841611	0	0	0	0	3
7310	1632	0	2.85546875	203.866273	205.145983	203.866273	205.651698	1.78542479	2.6841611	0	0	0	0	3
7315	1633	0	2.85742188	203.855569	205.139576	203.855569	205.651698	1.79612952	2.6841611	0	0	0	0	3
7320	1634	0	2.859375	203.844951	205.133118	203.844951	205.651698	1.80674723	2.6841611	0	0	0	0	3
7325	1636	0	2.86132812	203.834725	205.126611	203.834725	205.651698	1.81697357	2.6841611	0	0	0	0	3
7330	1637	0	2.86328125	203.825256	205.120059	203.825256	205.651698	1.82644213	2.6841611	0	0	0	0	3
7335	1638	0	2.86523438	203.816057	205.113462	203.816057	205.651698	1.83564152	2.6841611	0	0	0	0	3
7340	1639	0	2.8671875	203.806765	205.106821	203.806765	205.651698	1.8449336	2.6841611	0	0	0	0	3
7345	1640	0	2.86914062	203.797246	205.100136	203.797246	205.651698	1.85445271	2.6841611	0	0	0	0	3
7350	1641	0	2.87109375	203.788693	205.093408	203.788693	205.651698	1.86300558	2.6841611	0	0	0	0	3
7355	1643	0	2.87304688	203.781426	205.086646	203.781426	205.651698	1.8702721	2.6841611	0	0	0	0	3
7360	1644	0	2.875	203.773854	205.079847	203.773854	205.651698	1.87784476	2.6841611	0	0	0	0	3
7365	1645	0	2.87695312	203.765817	205.073014	203.765817	205.651698	1.88588139	2.6841611	0	0	0	0	3
7370	1646	0	2.87890625	203.757811	205.066149	203.757811	205.651698	1.8938877	2.6841611	0	0	0	0	3
7375	1647	0	2.88085938	203.750014	205.059253	203.750014	205.651698	1.90168389	2.6841611	0	0	0	0	3
7380	1648	0	2.8828125	203.742254	205.052331	203.742254	205.651698	1.90944454	2.6841611	0	0	0	0	3
7385	1650	0	2.88476562	203.734466	205.045382	203.734466	205.651698	1.91723236	2.6841611	0	0	0	0	3
7390	1651	0	2.88671875	203.726619	205.038405	203.726619	205.651698	1.92507977	2.6841611	0	0	0	0	3
7395	1652	0	2.88867188	203.718611	205.031401	203.718611	205.651698	1.93308757	2.6841611	0	0	0	0	3
7400	1653	0	2.890625	203.710285	205.024367	203.710285	205.651698	1.94141332	2.6841611	0	0	0	0	3
7405	1655	0	2.89257812	203.701884	205.017299	203.701884	205.651698	1.94981441	2.6841611	0	0	0	0	3
7410	1656	0	2.89453125	203.693507	205.010194	203.693507	205.651698	1.95819112	2.6841611	0	0	0	0	3
7415	1658	0	2.89648438	203.68514	205.003048	203.68514	205.651698	1.96655849	2.6841611	0	0	0	0	3
7420	1659	0	2.8984375	203.676443	204.99586	203.676443	205.651698	1.97525505	2.6841611	0	0	0	0	3
7425	1660	0	2.90039062	203.667536	204.988624	203.667536	205.651698	1.98416269	2.6841611	0	0	0	0	3
7430	1661	0	2.90234375	203.658476	204.981337	203.658476	205.651698	1.99322211	2.6841611	0	0	0	0	3
7435	1662	0	2.90429688	203.649443	204.973997	203.649443	205.651698	2.00225552	2.6841611	0	0	0	0	3
7440	1663	0	2.90625	203.640363	204.966601	203.640363	205.651698	2.01133494	2.6841611	0	0	0	0	3
7445	1665	0	2.90820312	203.631241	204.959149	203.631241	205.651698	2.02045749	2.6841611	0	0	0	0	3
7450	1666	0	2.91015625	203.622266	204.951641	203.622266	205.651698	2.02943257	2.6841611	0	0	0	0	3
7455	1667	0	2.91210938	203.613658	204.944079	203.613658	205.651698	2.0380403	2.6841611	0	0	0	0	3
7460	1668	0	2.9140625	203.605977	204.936468	203.605977	205.651698	2.0457211	2.6841611	0	0	0	0	3
7465	1669	0	2.91601562	203.599249	204.928809	203.599249	205.651698	2.05244878	2.6841611	0	0	0	0	3
7470	1670	0	2.91796875	203.592729	204.921105	203.592729	205.651698	2.05896905	2.6841611	0	0	0	0	3
7475	1671	0	2.91992188	203.586294	204.91336	203.586294	205.651698	2.06540428	2.6841611	0	0	0	0	3
7480	1673	0	2.921875	203.580441	204.905577	203.580441	205.651698	2.07125702	2.6841611	0	0	0	0	3
7485	1674	0	2.92382812	203.575531	204.89776	203.575531	205.651698	2.07616687	2.6841611	0	0	0	0	3
7490	1675	0	2.92578125	203.571205	204.88991	203.571205	205.651698	2.08049349	2.6841611	0	0	0	0	3
7495	1676	0	2.92773438	203.566994	204.882029	203.566994	205.651698	2.08470447	2.6841611	0	0	0	0	3
7500	1677	0	2.9296875	203.562844	204.874121	203.562844	205.651698	2.08885379	2.6841611	0	0	0	0	3
7505	1679	0	2.93164062	203.558876	204.866184	203.558876	205.651698	2.0928226	2.6841611	0	0	0	0	3
7510	1681	0	2.93359375	203.55507	204.858216	203.55507	205.651698	2.09662842	2.6841611	0	0	0	0	3
7515	1682	0	2.93554688	203.55142	204.850216	203.55142	205.651698	2.10027783	2.6841611	0	0	0	0	3
7520	1683	0	2.9375	203.549128	204.842193	203.549128	205.651698	2.10257009	2.6841611	0	0	0	0	3
7525	1684	0	2.93945312	203.546618	204.834145	203.546618	205.651698	2.10508044	2.6841611	0	0	0	0	3
7530	1685	0	2.94140625	203.543722	204.826071	203.543722	205.651698	2.10797589	2.6841611	0	0	0	0	3
7535	1686	0	2.94335938	203.540663	204.817972	203.540663	205.651698	2.11103509	2.6841611	0	0	0	0	3
7540	1687	0	2.9453125	203.537796	204.809848	203.537796	205.651698	2.11390214	2.6841611	0	0	0	0	3
7545	1688	0	2.94726562	203.534993	204.801699	203.534993	205.651698	2.1167053	2.6841611	0	0	0	0	3
7550	1690	0	2.94921875	203.53205	204.793526	203.53205	205.651698	2.1196478	2.6841611	0	0	0	0	3
7555	1691	0	2.95117188	203.528898	204.785329	203.528898	205.651698	2.12280072	2.6841611	0	0	0	0	3
7560	1692	0	2.953125	203.52578	204.77711	203.52578	205.651698	2.12591809	2.6841611	0	0	0	0	3
7565	1693	0	2.95507812	203.522553	204.76887	203.522553	205.651698	2.12914571	2.6841611	0	0	0	0	3
7570	1694	0	2.95703125	203.519416	204.760609	203.519416	205.651698	2.1322823	2.6841611	0	0	0	0	3
7575	1695	0	2.95898438	203.516503	204.752329	203.516503	205.651698	2.13519554	2.6841611	0	0	0	0	3
7580	1697	0	2.9609375	203.513425	204.744028	203.513425	205.651698	2.13827325	2.6841611	0	0	0	0	3
7585	1698	0	2.96289062	203.509986	204.735705	203.509986	205.651698	2.14171209	2.6841611	0	0	0	0	3
7590	1699	0	2.96484375	203.506354	204.727363	203.506354	205.651698	2.14534439	2.6841611	0	0	0	0	3
7595	1700	0	2.96679688	203.502974	204.719001	203.502974	205.651698	2.14872466	2.6841611	0	0	0	0	3
7600	1701	0	2.96875	203.499477	204.710618	203.499477	205.651698	2.15222087	2.6841611	0	0	0	0	3
7605	1703	0	2.97070312	203.49543	204.702214	203.49543	205.651698	2.15626839	2.6841611	0	0	0	0	3
7610	1705	0	2.97265625	203.491238	204.693791	203.491238	205.651698	2.16046054	2.6841611	0	0	0	0	3
7615	1706	0	2.97460938	203.48743	204.68535	203.48743	205.651698	2.16426834	2.6841611	0	0	0	0	3
7620	1707	0	2.9765625	203.484277	204.676891	203.484277	205.651698	2.16742081	2.6841611	0	0	0	0	3
7625	1708	0	2.97851562	203.481439	204.668413	203.481439	205.650627	2.16918803	2.6841611	0	0	0	0	3
7630	1709	0	2.98046875	203.478728	204.659929	203.478728	205.648649	2.16992081	2.6841611	0	0	0	0	3
7635	1710	0	2.98242188	203.47637	204.651444	203.47637	205.647355	2.17098483	2.6841611	0	0	0	0	3
7640	1711	0	2.984375	203.474616	204.642957	203.474616	205.646664	2.17204741	2.6841611	0	0	0	0	3
7645	1712	0	2.98632812	203.473586	204.634468	203.473586	205.645959	2.17237281	2.6841611	0	0	0	0	3
7650	1714	0	2.98828125	203.473117	204.62598	203.473117	205.644287	2.17117032	2.6841611	0	0	0	0	3
7655	1715	0	2.99023438	203.472875	204.617498	203.472875	205.642117	2.16924226	2.6841611	0	0	0	0	3
7660	1716	0	2.9921875	203.472762	204.609024	203.472762	205.640704	2.16794162	2.6841611	0	0	0	0	3
7665	1717	0	2.99414062	203.473031	204.600557	203.472762	205.639989	2.16722738	2.6841611	0	0	0	0	3
7670	1718	0	2.99609375	203.47392	204.592096	203.472762	205.639989	2.16722738	2.6841611	0	0	0	0	3
7675	1719	0	2.99804688	203.475006	204.583642	203.472762	205.639989	2.16722738	2.6841611	0	0	0	0	3
7680	1721	0	3	203.475856	204.575196	203.472762	205.639989	2.16722738	2.6841611	0	0	0	0	3
7685	1722	0	3.00195312	203.476936	204.566758	203.472762	205.639989	2.16722738	2.6841611	0	0	0	0	3
7690	1723	0	3.00390625	203.478465	204.558326	203.472762	205.639989	2.16722738	2.6841611	0	0	0	0	3
7695	1724	0	3.00585938	203.480119	204.549899	203.472762	205.639989	2.16722738	2.6841611	0	0	0	0	3
7700	1725	0	3.0078125	203.481593	204.541478	203.472762	205.639989	2.163441	2.6841611	0	0	0	0	3
7705	1728	0	3.00976562	203.482678	204.533062	203.472762	205.639989	2.15424822	2.6841611	0	0	0	0	3
7710	1729	0	3.01171875	203.483544	204.524647	203.472762	205.639989	2.14519731	2.6841611	0	0	0	0	3
7715	1730	0	3.01367188	203.484316	204.516231	203.472762	205.639989	2.13629157	2.6841611	0	0	0	0	3
7720	1732	0	3.015625	203.485364	204.507817	203.472762	205.639989	2.12752732	2.6841611	0	0	0	0	3
7725	1733	0	3.01757812	203.486709	204.499406	203.472762	205.639989	2.11890647	2.6841611	0	0	0	0	3
7730	1734	0	3.01953125	203.487961	204.491	203.472762	205.639694	2.11043371	2.6841611	0	0	0	0	3
7735	1735	0	3.02148438	203.489003	204.482599	203.472762	205.638585	2.10210988	2.6841611	0	0	0	0	3
7740	1736	0	3.0234375	203.490075	204.474206	203.472762	205.636426	2.09392378	2.6841611	0	0	0	0	3
7745	1738	0	3.02539062	203.491679	204.465828	203.472762	205.634222	2.0858632	2.6841611	0	0	0	0	3
7750	1739	0	3.02734375	203.493293	204.457465	203.472762	205.631353	2.07792567	2.6841611	0	0	0	0	3
7755	1740	0	3.02929688	203.494958	204.44912	203.472762	205.627836	2.0701071	2.6841611	0	0	0	0	3
7760	1741	0	3.03125	203.496834	204.440796	203.472762	205.623173	2.062396	2.6841611	0	0	0	0	3
7765	1742	0	3.03320312	203.498594	204.432496	203.472762	205.618071	2.05477919	2.6841611	0	0	0	0	3
7770	1743	0	3.03515625	203.500438	204.424224	203.472762	205.612749	2.04724966	2.6841611	0	0	0	0	3
7775	1744	0	3.03710938	203.502284	204.41598	203.472762	205.607602	2.03981082	2.6841611	0	0	0	0	3
7780	1746	0	3.0390625	203.504494	204.407765	203.472762	205.602328	2.0324663	2.6841611	0	0	0	0	3
7785	1747	0	3.04101562	203.507006	204.39958	203.472762	205.596481	2.02520794	2.6841611	0	0	0	0	3
7790	1748	0	3.04296875	203.509798	204.391429	203.472762	205.589503	2.01802318	2.6841611	0	0	0	0	3
7795	1749	0	3.04492188	203.512789	204.383317	203.472762	205.58141	2.0109014	2.6841611	0	0	0	0	3
7800	1750	0	3.046875	203.516234	204.37525	203.472762	205.574169	2.00384292	2.6841611	0	0	0	0	3
7805	1753	0	3.04882812	203.520324	204.367227	203.472762	205.567079	1.99685185	2.6841611	0	0	0	0	3
7810	1754	0	3.05078125	203.524606	204.359249	203.472762	205.559847	1.98992167	2.6841611	0	0	0	0	3
7815	1755	0	3.05273438	203.529025	204.351316	203.472762	205.55283	1.98304525	2.6841611	0	0	0	0	3
7820	1756	0	3.0546875	203.533698	204.343429	203.472762	205.5467	1.97622486	2.6841611	0	0	0	0	3
7825	1757	0	3.05664062	203.538511	204.335584	203.472762	205.541252	1.96946532	2.6841611	0	0	0	0	3
7830	1759	0	3.05859375	203.543611	204.327781	203.472762	205.535758	1.96276933	2.6841611	0	0	0	0	3
7835	1760	0	3.06054688	203.548939	204.32002	203.472762	205.530363	1.95613882	2.6841611	0	0	0	0	3
7840	1761	0	3.0625	203.554556	204.312302	203.472762	205.525701	1.94957829	2.6841611	0	0	0	0	3
7845	1762	0	3.06445312	203.560057	204.304624	203.472762	205.522103	1.94309493	2.6841611	0	0	0	0	3
7850	1763	0	3.06640625	203.565229	204.29698	203.472762	205.518873	1.93669579	2.6841611	0	0	0	0	3
7855	1765	0	3.06835938	203.570348	204.289368	203.472762	205.515314	1.93039042	2.6841611	0	0	0	0	3
7860	1766	0	3.0703125	203.575867	204.281792	203.472762	205.511628	1.92418419	2.6841611	0	0	0	0	3
7865	1767	0	3.07226562	203.581495	204.274253	203.472762	205.508917	1.91808168	2.6841611	0	0	0	0	3
7870	1768	0	3.07421875	203.586794	204.266744	203.472762	205.507515	1.91209234	2.6841611	0	0	0	0	3
7875	1769	0	3.07617188	203.591639	204.25926	203.472762	205.506431	1.90622468	2.6841611	0	0	0	0	3
7880	1770	0	3.078125	203.59669	204.2518	203.472762	205.504915	1.9004834	2.6841611	0	0	0	0	3
7885	1772	0	3.08007812	203.602195	204.244368	203.472762	205.503042	1.89487064	2.6841611	0	0	0	0	3
7890	1773	0	3.08203125	203.60752	204.236964	203.472762	205.501625	1.88938971	2.6841611	0	0	0	0	3
7895	1774	0	3.08398438	203.612603	204.229585	203.472762	205.49996	1.88403774	2.6841611	0	0	0	0	3
7900	1775	0	3.0859375	203.617467	204.222231	203.472762	205.49726	1.87880773	2.6841611	0	0	0	0	3
7905	1778	0	3.08789062	203.622384	204.214907	203.472762	205.493196	1.87368861	2.6841611	0	0	0	0	3
7910	1779	0	3.08984375	203.627709	204.20762	203.472762	205.488258	1.86867636	2.6841611	0	0	0	0	3
7915	1780	0	3.09179688	203.63285	204.200373	203.472762	205.482888	1.86376534	2.6841611	0	0	0	0	3
7920	1781	0	3.09375	203.637512	204.193164	203.472762	205.476268	1.85894335	2.6841611	0	0	0	0	3
7925	1782	0	3.09570312	203.641771	204.185998	203.472762	205.468201	1.85419759	2.6841611	0	0	0	0	3
7930	1783	0	3.09765625	203.64635	204.178881	203.472762	205.4596	1.84952209	2.6841611	0	0	0	0	3
7935	1784	0	3.09960938	203.651174	204.171817	203.472762	205.450835	1.84491912	2.6841611	0	0	0	0	3
7940	1786	0	3.1015625	203.655607	204.164805	203.472762	205.441965	1.84038887	2.6841611	0	0	0	0	3
7945	1787	0	3.10351562	203.659529	204.157842	203.472762	205.43326	1.8359321	2.6841611	0	0	0	0	3
7950	1788	0	3.10546875	203.663245	204.150928	203.472762	205.424556	1.83155137	2.6841611	0	0	0	0	3
7955	1789	0	3.10742188	203.667383	204.144064	203.472762	205.416185	1.82725246	2.6841611	0	0	0	0	3
7960	1790	0	3.109375	203.671483	204.137249	203.472762	205.40588	1.82303407	2.6841611	0	0	0	0	3
7965	1792	0	3.11132812	203.675289	204.130489	203.472762	205.395531	1.81888696	2.6841611	0	0	0	0	3
7970	1793	0	3.11328125	203.678753	204.123782	203.472762	205.385304	1.81480691	2.6841611	0	0	0	0	3
7975	1794	0	3.11523438	203.682228	204.11713	203.472762	205.376087	1.81079971	2.6841611	0	0	0	0	3
7980	1795	0	3.1171875	203.685918	204.110528	203.472762	205.367797	1.80687887	2.6841611	0	0	0	0	3
7985	1796	0	3.11914062	203.6895	204.103972	203.472762	205.360048	1.80305368	2.6841611	0	0	0	0	3
7990	1798	0	3.12109375	203.693227	204.097461	203.472762	205.3521	1.79931767	2.6841611	0	0	0	0	3
7995	1799	0	3.12304688	203.696776	204.090995	203.472762	205.343952	1.7956626	2.6841611	0	0	0	0	3
8000	1800	0	3.125	203.700067	204.084573	203.472762	205.336758	1.79209315	2.6841611	0	0	0	0	3
8005	1802	0	3.12695312	203.703211	204.078192	203.472762	205.330455	1.78862099	2.6841611	0	0	0	0	3
8010	1803	0	3.12890625	203.706182	204.071847	203.472762	205.324498	1.78525148	2.6841611	0	0	0	0	3
8015	1805	0	3.13085938	203.709241	204.065538	203.472762	205.318275	1.78197607	2.6841611	0	0	0	0	3
8020	1806	0	3.1328125	203.711656	204.059262	203.472762	205.31192	1.77879254	2.6841611	0	0	0	0	3
8025	1807	0	3.13476562	203.714066	204.05302	203.472762	205.306255	1.77570441	2.6841611	0	0	0	0	3
8030	1809	0	3.13671875	203.716308	204.04681	203.472762	205.300991	1.77271702	2.6841611	0	0	0	0	3
8035	1810	0	3.13867188	203.718147	204.040627	203.472762	205.295828	1.76983072	2.6841611	0	0	0	0	3
8040	1811	0	3.140625	203.719962	204.034471	203.472762	205.290696	1.76703908	2.6841611	0	0	0	0	3
8045	1812	0	3.14257812	203.722149	204.028344	203.472762	205.285702	1.76434061	2.6841611	0	0	0	0	3
8050	1814	0	3.14453125	203.724344	204.022245	203.472762	205.281386	1.76174308	2.6841611	0	0	0	0	3
8055	1815	0	3.14648438	203.726032	204.016169	203.472762	205.277224	1.75925267	2.6841611	0	0	0	0	3
8060	1816	0	3.1484375	203.727466	204.010115	203.472762	205.272533	1.75686474	2.6841611	0	0	0	0	3
8065	1817	0	3.15039062	203.729434	204.004088	203.472762	205.26715	1.7545711	2.6841611	0	0	0	0	3
8070	1818	0	3.15234375	203.731934	203.998091	203.472762	205.260582	1.75235204	2.6841611	0	0	0	0	3
8075	1820	0	3.15429688	203.734226	203.992128	203.472762	205.253592	1.75020264	2.6841611	0	0	0	0	3
8080	1821	0	3.15625	203.736013	203.9862	203.472762	205.246041	1.74812221	2.6841611	0	0	0	0	3
8085	1822	0	3.15820312	203.737701	203.980308	203.472762	205.237328	1.74609835	2.6841611	0	0	0	0	3
8090	1823	0	3.16015625	203.740078	203.97446	203.472762	205.227415	1.74411803	2.6841611	0	0	0	0	3
8095	1825	0	3.16210938	203.742854	203.968661	203.472762	205.216651	1.74217439	2.6841611	0	0	0	0	3
8100	1826	0	3.1640625	203.745339	203.962913	203.472762	205.205266	1.73250399	2.6841611	0	0	0	0	3
8105	1828	0	3.16601562	203.747324	203.957218	203.472762	205.193273	1.72051089	2.6841611	0	0	0	0	3
8110	1829	0	3.16796875	203.749089	203.951577	203.472762	205.180883	1.70812077	2.6841611	0	0	0	0	3
8115	1830	0	3.16992188	203.751479	203.945993	203.472762	205.168351	1.69558956	2.6841611	0	0	0	0	3
8120	1832	0	3.171875	203.754116	203.940469	203.472762	205.155596	1.68283368	2.6841611	0	0	0	0	3
8125	1833	0	3.17382812	203.756128	203.935002	203.472762	205.141938	1.66917647	2.6841611	0	0	0	0	3
8130	1834	0	3.17578125	203.757082	203.929593	203.472762	205.128005	1.6552428	2.6841611	0	0	0	0	3
8135	1836	0	3.17773438	203.75783	203.92424	203.472762	205.114933	1.64217088	2.6841611	0	0	0	0	3
8140	1837	0	3.1796875	203.759143	203.918944	203.472762	205.102452	1.62968962	2.6841611	0	0	0	0	3
8145	1838	0	3.18164062	203.760286	203.913702	203.472762	205.090019	1.61725717	2.6841611	0	0	0	0	3
8150	1839	0	3.18359375	203.76061	203.908508	203.472762	205.077	1.60423817	2.6841611	0	0	0	0	3
8155	1840	0	3.18554688	203.760206	203.903365	203.472762	205.063986	1.59122403	2.6841611	0	0	0	0	3
8160	1842	0	3.1875	203.760069	203.898271	203.472762	205.051742	1.57897973	2.6841611	0	0	0	0	3
8165	1843	0	3.18945312	203.760123	203.893226	203.472762	205.039813	1.56705061	2.6841611	0	0	0	0	3
8170	1844	0	3.19140625	203.759904	203.888226	203.472762	205.02757	1.55480823	2.6841611	0	0	0	0	3
8175	1845	0	3.19335938	203.759438	203.883273	203.472762	205.014647	1.54188518	2.6841611	0	0	0	0	3
8180	1847	0	3.1953125	203.759162	203.878368	203.472762	205.001573	1.52881122	2.6841611	0	0	0	0	3
8185	1848	0	3.19726562	203.758569	203.873513	203.472762	204.98896	1.51619771	2.6841611	0	0	0	0	3
8190	1849	0	3.19921875	203.757269	203.868702	203.472762	204.976589	1.50382686	2.6841611	0	0	0	0	3
8195	1850	0	3.20117188	203.75591	203.863933	203.472762	204.963911	1.49114875	2.6841611	0	0	0	0	3
8200	1852	0	3.203125	203.754977	203.859211	203.472762	204.950954	1.47819229	2.6841611	0	0	0	0	3
8205	1854	0	3.20507812	203.754273	203.854536	203.472762	204.938338	1.46557611	2.6841611	0	0	0	0	3
8210	1855	0	3.20703125	203.753161	203.849907	203.472762	204.92635	1.45358781	2.6841611	0	0	0	0	3
8215	1856	0	3.20898438	203.751512	203.845318	203.472762	204.914634	1.44187225	2.6841611	0	0	0	0	3
8220	1858	0	3.2109375	203.749903	203.840768	203.472762	204.90266	1.42989759	2.6841611	0	0	0	0	3
8225	1859	0	3.21289062	203.749053	203.836262	203.472762	204.890376	1.41761399	2.6841611	0	0	0	0	3
8230	1860	0	3.21484375	203.748674	203.831802	203.472762	204.877968	1.40520571	2.6841611	0	0	0	0	3
8235	1861	0	3.21679688	203.747799	203.827387	203.472762	204.865418	1.3926562	2.6841611	0	0	0	0	3
8240	1862	0	3.21875	203.745948	203.823014	203.472762	204.852229	1.37946728	2.6841611	0	0	0	0	3
8245	1864	0	3.22070312	203.744394	203.818687	203.472762	204.838598	1.36583647	2.6841611	0	0	0	0	3
8250	1865	0	3.22265625	203.744039	203.814411	203.472762	204.824496	1.35173451	2.6841611	0	0	0	0	3
8255	1866	0	3.22460938	203.743975	203.81019	203.472762	204.810123	1.33736093	2.6841611	0	0	0	0	3
8260	1867	0	3.2265625	203.743024	203.806022	203.472762	204.795244	1.3224821	2.6841611	0	0	0	0	3
8265	1869	0	3.22851562	203.741325	203.801905	203.472762	204.779682	1.30692031	2.6841611	0	0	0	0	3
8270	1870	0	3.23046875	203.740501	203.797846	203.472762	204.764112	1.29135002	2.6841611	0	0	0	0	3
8275	1871	0	3.23242188	203.740824	203.793849	203.472762	204.74827	1.27550824	2.6841611	0	0	0	0	3
8280	1872	0	3.234375	203.740779	203.789913	203.472762	204.732405	1.25964265	2.6841611	0	0	0	0	3
8285	1874	0	3.23632812	203.739396	203.786034	203.472762	204.716376	1.24361369	2.6841611	0	0	0	0	3
8290	1875	0	3.23828125	203.737372	203.78221	203.472762	204.700422	1.22766017	2.6841611	0	0	0	0	3
8295	1876	0	3.24023438	203.736149	203.778443	203.472762	204.684982	1.21222003	2.6841611	0	0	0	0	3
8300	1877	0	3.2421875	203.735333	203.774734	203.472762	204.66961	1.19684799	2.6841611	0	0	0	0	3
8305	1880	0	3.24414062	203.733675	203.771078	203.472762	204.654373	1.1816111	2.6841611	0	0	0	0	3
8310	1881	0	3.24609375	203.730658	203.767469	203.472762	204.638695	1.16593291	2.6841611	0	0	0	0	3
8315	1882	0	3.24804688	203.727097	203.763908	203.472762	204.623154	1.15039256	2.6841611	0	0	0	0	3
8320	1883	0	3.25	203.724386	203.760398	203.472762	204.608066	1.13530449	2.6841611	0	0	0	0	3
8325	1885	0	3.25195312	203.722081	203.756937	203.472762	204.593146	1.12038442	2.6841611	0	0	0	0	3
8330	1886	0	3.25390625	203.718878	203.753522	203.472762	204.577823	1.10506062	2.6841611	0	0	0	0	3
8335	1887	0	3.25585938	203.714443	203.750149	203.472762	204.561709	1.08894689	2.6841611	0	0	0	0	3
8340	1888	0	3.2578125	203.710008	203.746822	203.472762	204.545694	1.07293245	2.6841611	0	0	0	0	3
8345	1889	0	3.25976562	203.706642	203.743545	203.472762	204.530238	1.05747601	2.6841611	0	0	0	0	3
8350	1891	0	3.26171875	203.703295	203.740314	203.472762	204.514872	1.04211021	2.6841611	0	0	0	0	3
8355	1892	0	3.26367188	203.698179	203.737124	203.472762	204.499003	1.02624154	2.6841611	0	0	0	0	3
8360	1893	0	3.265625	203.69268	203.733974	203.472762	204.482581	1.00981945	2.6841611	0	0	0	0	3
8365	1894	0	3.26757812	203.687987	203.730871	203.472762	204.466471	0.993708601	2.6841611	0	0	0	0	3
8370	1895	0	3.26953125	203.68403	203.727814	203.472762	204.451151	0.978389382	2.6841611	0	0	0	0	3
8375	1897	0	3.27148438	203.679596	203.7248	203.472762	204.435777	0.96301461	2.6841611	0	0	0	0	3
8380	1898	0	3.2734375	203.674586	203.721827	203.472762	204.419954	0.947192496	2.6841611	0	0	0	0	3
8385	1899	0	3.27539062	203.66992	203.718897	203.472762	204.404381	0.931619369	2.6841611	0	0	0	0	3
8390	1900	0	3.27734375	203.665889	203.716012	203.472762	204.389303	0.916541213	2.6841611	0	0	0	0	3
8395	1902	0	3.27929688	203.661795	203.71317	203.472762	204.374616	0.901853817	2.6841611	0	0	0	0	3
8400	1903	0	3.28125	203.657008	203.710367	203.472762	204.360152	0.887390223	2.6841611	0	0	0	0	3
8405	1905	0	3.28320312	203.652113	203.707601	203.472762	204.345537	0.872774808	2.6841611	0	0	0	0	3
8410	1906	0	3.28515625	203.648051	203.704877	203.472762	204.33091	0.858148326	2.6841611	0	0	0	0	3
8415	1907	0	3.28710938	203.644474	203.702196	203.472762	204.316851	0.844089475	2.6841611	0	0	0	0	3
8420	1908	0	3.2890625	203.64031	203.699553	203.472762	204.303227	0.830464952	2.6841611	0	0	0	0	3
8425	1910	0	3.29101562	203.635097	203.696943	203.472762	204.289381	0.816619304	2.6841611	0	0	0	0	3
8430	1911	0	3.29296875	203.63025	203.694368	203.472762	204.275421	0.8026594	2.6841611	0	0	0	0	3
8435	1912	0	3.29492188	203.626827	203.691835	203.472762	204.26151	0.788748178	2.6841611	0	0	0	0	3
8440	1913	0	3.296875	203.623799	203.689344	203.472762	204.24788	0.77511844	2.6841611	0	0	0	0	3
8445	1914	0	3.29882812	203.619659	203.68689	203.472762	204.234285	0.761522824	2.6841611	0	0	0	0	3
8450	1916	0	3.30078125	203.614372	203.684468	203.472762	204.220149	0.747386757	2.6841611	0	0	0	0	3
8455	1917	0	3.30273438	203.609652	203.682083	203.472762	204.205743	0.732980854	2.6841611	0	0	0	0	3
8460	1918	0	3.3046875	203.605923	203.67974	203.472762	204.192392	0.719629656	2.6841611	0	0	0	0	3
8465	1919	0	3.30664062	203.60168	203.677433	203.472762	204.17952	0.706757828	2.6841611	0	0	0	0	3
8470	1921	0	3.30859375	203.595715	203.675152	203.472762	204.166667	0.693904768	2.6841611	0	0	0	0	3
8475	1922	0	3.31054688	203.588869	203.672895	203.472762	204.153627	0.680865564	2.6841611	0	0	0	0	3
8480	1923	0	3.3125	203.582882	203.670666	203.472762	204.140652	0.667890038	2.6841611	0	0	0	0	3
8485	1924	0	3.31445312	203.577566	203.668466	203.472762	204.12778	0.655018495	2.6841611	0	0	0	0	3
8490	1926	0	3.31640625	203.571525	203.666293	203.472762	204.11515	0.642387582	2.6841611	0	0	0	0	3
8495	1927	0	3.31835938	203.564009	203.66414	203.472762	204.102224	0.629461865	2.6841611	0	0	0	0	3
8500	1928	0	3.3203125	203.556082	203.662007	203.472762	204.08911	0.616348392	2.6841611	0	0	0	0	3
8505	1931	0	3.32226562	203.54925	203.659898	203.472762	204.076008	0.603246143	2.6841611	0	0	0	0	3
8510	1932	0	3.32421875	203.543143	203.657817	203.472762	204.062905	0.590142803	2.6841611	0	0	0	0	3
8515	1933	0	3.32617188	203.536341	203.65576	203.472762	204.049645	0.576883169	2.6841611	0	0	0	0	3
8520	1934	0	3.328125	203.528057	203.653722	203.472762	204.035909	0.56314743	2.6841611	0	0	0	0	3
8525	1935	0	3.33007812	203.519485	203.651705	203.472762	204.022088	0.549325711	2.6841611	0	0	0	0	3
8530	1937	0	3.33203125	203.512269	203.649714	203.472762	204.008693	0.535930651	2.6841611	0	0	0	0	3
8535	1938	0	3.33398438	203.505727	203.647749	203.472762	203.99542	0.522657923	2.6841611	0	0	0	0	3
8540	1939	0	3.3359375	203.498333	203.645807	203.472762	203.98164	0.508877632	2.6841611	0	0	0	0	3
8545	1940	0	3.33789062	203.490008	203.643887	203.472762	203.967475	0.494713149	2.6841611	0	0	0	0	3
8550	1942	0	3.33984375	203.482144	203.641991	203.472762	203.953607	0.480844848	2.6841611	0	0	0	0	3
8555	1943	0	3.34179688	203.475332	203.640123	203.472762	203.94043	0.467667971	2.6841611	0	0	0	0	3
8560	1944	0	3.34375	203.468426	203.638279	203.468426	203.927398	0.458971776	2.6841611	0	0	0	0	3
8565	1945	0	3.34570312	203.460546	203.636455	203.460546	203.914191	0.453645426	2.6841611	0	0	0	0	3
8570	1946	0	3.34765625	203.452477	203.634652	203.452477	203.901046	0.448569254	2.6841611	0	0	0	0	3
8575	1948	0	3.34960938	203.445066	203.632871	203.445066	203.888581	0.443514492	2.6841611	0	0	0	0	3
8580	1949	0	3.3515625	203.438064	203.631111	203.438064	203.877106	0.439041655	2.6841611	0	0	0	0	3
8585	1950	0	3.35351562	203.430436	203.629366	203.430436	203.866273	0.435837316	2.6841611	0	0	0	0	3
8590	1952	0	3.35546875	203.422165	203.627631	203.422165	203.855569	0.433403301	2.6841611	0	0	0	0	3
8595	1953	0	3.35742188	203.414341	203.625908	203.414341	203.844951	0.430610248	2.6841611	0	0	0	0	3
8600	1954	0	3.359375	203.407281	203.624198	203.407281	203.834725	0.427443795	2.6841611	0	0	0	0	3
8605	1956	0	3.36132812	203.400269	203.622501	203.400269	203.825256	0.424986921	2.6841611	0	0	0	0	3
8610	1958	0	3.36328125	203.392394	203.62081	203.392394	203.816057	0.423662547	2.6841611	0	0	0	0	3
8615	1959	0	3.36523438	203.38422	203.619123	203.38422	203.806765	0.422544252	2.6841611	0	0	0	0	3
8620	1960	0	3.3671875	203.376714	203.617443	203.376714	203.797246	0.420531108	2.6841611	0	0	0	0	3
8625	1961	0	3.36914062	203.36957	203.615773	203.36957	203.788693	0.419122883	2.6841611	0	0	0	0	3
8630	1963	0	3.37109375	203.361626	203.614104	203.361626	203.781426	0.419800627	2.6841611	0	0	0	0	3
8635	1964	0	3.37304688	203.352443	203.612429	203.352443	203.773854	0.421410892	2.6841611	0	0	0	0	3
8640	1965	0	3.375	203.343493	203.610748	203.343493	203.765817	0.422323892	2.6841611	0	0	0	0	3
8645	1966	0	3.37695312	203.335492	203.609067	203.335492	203.76061	0.425118	2.6841611	0	0	0	0	3
8650	1968	0	3.37890625	203.327301	203.607385	203.327301	203.76061	0.43330905	2.6841611	0	0	0	0	3
8655	1969	0	3.38085938	203.317679	203.605696	203.317679	203.76061	0.4429308	2.6841611	0	0	0	0	3
8660	1970	0	3.3828125	203.307224	203.603997	203.307224	203.76061	0.453385539	2.6841611	0	0	0	0	3
8665	1971	0	3.38476562	203.297612	203.60229	203.297612	203.76061	0.462997296	2.6841611	0	0	0	0	3
8670	1973	0	3.38671875	203.288754	203.60058	203.288754	203.76061	0.471855434	2.6841611	0	0	0	0	3
8675	1974	0	3.38867188	203.279415	203.598864	203.279415	203.76061	0.481194501	2.6841611	0	0	0	0	3
8680	1975	0	3.390625	203.268688	203.597139	203.268688	203.76061	0.491922037	2.6841611	0	0	0	0	3
8685	1977	0	3.39257812	203.257557	203.595404	203.257557	203.76061	0.503052879	2.6841611	0	0	0	0	3
8690	1978	0	3.39453125	203.247603	203.593662	203.247603	203.76061	0.51300686	2.6841611	0	0	0	0	3
8695	1979	0	3.39648438	203.238441	203.591917	203.238441	203.76061	0.522168644	2.6841611	0	0	0	0	3
8700	1980	0	3.3984375	203.228717	203.590168	203.228717	203.76061	0.531892455	2.6841611	0	0	0	0	3
8705	1982	0	3.40039062	203.217716	203.588411	203.217716	203.76061	0.542893999	2.6841611	0	0	0	0	3
8710	1983	0	3.40234375	203.206518	203.586645	203.206518	203.76061	0.554091907	2.6841611	0	0	0	0	3
8715	1985	0	3.40429688	203.196601	203.584877	203.196601	203.76061	0.564008341	2.6841611	0	0	0	0	3
8720	1986	0	3.40625	203.187406	203.583107	203.187406	203.76061	0.57320366	2.6841611	0	0	0	0	3
8725	1987	0	3.40820312	203.177542	203.581335	203.177542	203.76061	0.583067871	2.6841611	0	0	0	0	3
8730	1988	0	3.41015625	203.166486	203.579555	203.166486	203.76061	0.594123517	2.6841611	0	0	0	0	3
8735	1989	0	3.41210938	203.155451	203.577765	203.155451	203.76061	0.605158755	2.6841611	0	0	0	0	3
8740	1991	0	3.4140625	203.145394	203.575965	203.145394	203.76061	0.615215361	2.6841611	0	0	0	0	3
8745	1992	0	3.41601562	203.135544	203.574154	203.135544	203.76061	0.625065724	2.6841611	0	0	0	0	3
8750	1993	0	3.41796875	203.124843	203.572326	203.124843	203.76061	0.635767106	2.6841611	0	0	0	0	3
8755	1995	0	3.41992188	203.113583	203.57048	203.113583	203.76061	0.647026975	2.6841611	0	0	0	0	3
8760	1996	0	3.421875	203.102744	203.568614	203.102744	203.76061	0.657865525	2.6841611	0	0	0	0	3
8765	1997	0	3.42382812	203.092395	203.566727	203.092395	203.76061	0.66821485	2.6841611	0	0	0	0	3
8770	1999	0	3.42578125	203.081774	203.564815	203.081774	203.76061	0.678835758	2.6841611	0	0	0	0	3
8775	2000	0	3.42773438	203.070687	203.562876	203.070687	203.76061	0.689922231	2.6841611	0	0	0	0	3
8780	2001	0	3.4296875	203.05976	203.560911	203.05976	203.76061	0.700849954	2.6841611	0	0	0	0	3
8785	2002	0	3.43164062	203.049167	203.55892	203.049167	203.76061	0.711442629	2.6841611	0	0	0	0	3
8790	2004	0	3.43359375	203.038391	203.556902	203.038391	203.76061	0.722218388	2.6841611	0	0	0	0	3
8795	2005	0	3.43554688	203.027094	203.554853	203.027094	203.76061	0.733515857	2.6841611	0	0	0	0	3
8800	2006	0	3.4375	203.015827	203.55277	203.015827	203.76061	0.744782341	2.6841611	0	0	0	0	3
8805	2009	0	3.43945312	203.005152	203.550655	203.005152	203.76061	0.755457975	2.6841611	0	0	0	0	3
8810	2010	0	3.44140625	202.994486	203.54851	202.994486	203.76061	0.766124069	2.6841611	0	0	0	0	3
8815	2011	0	3.44335938	202.983052	203.546332	202.983052	203.76061	0.777557454	2.6841611	0	0	0	0	3
8820	2012	0	3.4453125	202.971012	203.544118	202.971012	203.76061	0.789598077	2.6841611	0	0	0	0	3
8825	2014	0	3.44726562	202.959551	203.54187	202.959551	203.76061	0.801058694	2.6841611	0	0	0	0	3
8830	2015	0	3.44921875	202.948842	203.539592	202.948842	203.76061	0.811768005	2.6841611	0	0	0	0	3
8835	2016	0	3.45117188	202.937918	203.537283	202.937918	203.76061	0.822692032	2.6841611	0	0	0	0	3
8840	2017	0	3.453125	202.925912	203.53494	202.925912	203.76061	0.834697881	2.6841611	0	0	0	0	3
8845	2019	0	3.45507812	202.913638	203.532561	202.913638	203.76061	0.846971577	2.6841611	0	0	0	0	3
8850	2020	0	3.45703125	202.902313	203.530151	202.902313	203.76061	0.858296523	2.6841611	0	0	0	0	3
8855	2021	0	3.45898438	202.891817	203.527711	202.891817	203.76061	0.868792389	2.6841611	0	0	0	0	3
8860	2023	0	3.4609375	202.88075	203.525239	202.88075	203.76061	0.879860069	2.6841611	0	0	0	0	3
8865	2024	0	3.46289062	202.868755	203.522734	202.868755	203.76061	0.891855042	2.6841611	0	0	0	0	3
8870	2025	0	3.46484375	202.85702	203.520198	202.85702	203.76061	0.903589212	2.6841611	0	0	0	0	3
8875	2026	0	3.46679688	202.846217	203.517632	202.846217	203.76061	0.914392618	2.6841611	0	0	0	0	3
8880	2028	0	3.46875	202.835478	203.515039	202.835478	203.76061	0.925131544	2.6841611	0	0	0	0	3
8885	2029	0	3.47070312	202.823908	203.512416	202.823908	203.76061	0.936701613	2.6841611	0	0	0	0	3
8890	2030	0	3.47265625	202.811614	203.509761	202.811614	203.76061	0.948996141	2.6841611	0	0	0	0	3
8895	2031	0	3.47460938	202.7998	203.507075	202.7998	203.76061	0.96080995	2.6841611	0	0	0	0	3
8900	2033	0	3.4765625	202.788892	203.504358	202.788892	203.76061	0.971717809	2.6841611	0	0	0	0	3
8905	2035	0	3.47851562	202.777972	203.50161	202.777972	203.76061	0.98263748	2.6841611	0	0	0	0	3
8910	2036	0	3.48046875	202.766108	203.498827	202.766108	203.76061	0.994501195	2.6841611	0	0	0	0	3
8915	2037	0	3.48242188	202.753568	203.496003	202.753568	203.76061	1.00704184	2.6841611	0	0	0	0	3
8920	2039	0	3.484375	202.741655	203.49314	202.741655	203.76061	1.0189545	2.6841611	0	0	0	0	3
8925	2040	0	3.48632812	202.730574	203.490238	202.730574	203.76061	1.03003616	2.6841611	0	0	0	0	3
8930	2041	0	3.48828125	202.719129	203.487293	202.719129	203.76061	1.04148107	2.6841611	0	0	0	0	3
8935	2043	0	3.49023438	202.706728	203.4843	202.706728	203.76061	1.05388173	2.6841611	0	0	0	0	3
8940	2044	0	3.4921875	202.694138	203.481258	202.694138	203.76061	1.06647173	2.6841611	0	0	0	0	3
8945	2045	0	3.49414062	202.682352	203.47817	202.682352	203.76061	1.07825778	2.6841611	0	0	0	0	3
8950	2046	0	3.49609375	202.670871	203.475033	202.670871	203.76061	1.08973874	2.6841611	0	0	0	0	3
8955	2048	0	3.49804688	202.658834	203.471845	202.658834	203.76061	1.10177581	2.6841611	0	0	0	0	3
8960	2049	0	3.5	202.646556	203.468605	202.646556	203.76061	1.09815294	2.6841611	0	0	0	0	3
8965	2050	0	3.50195312	202.63478	203.465315	202.63478	203.76061	1.09301064	2.6841611	0	0	0	0	3
8970	2052	0	3.50390625	202.623529	203.461976	202.623529	203.76061	1.08792347	2.6841611	0	0	0	0	3
8975	2053	0	3.50585938	202.612027	203.458585	202.612027	203.76061	1.08289321	2.6841611	0	0	0	0	3
8980	2054	0	3.5078125	202.600247	203.455142	202.600247	203.76061	1.07791954	2.6841611	0	0	0	0	3
8985	2056	0	3.50976562	202.588928	203.451651	202.588928	203.76061	1.07299616	2.6841611	0	0	0	0	3
8990	2057	0	3.51171875	202.578196	203.448114	202.578196	203.76061	1.06811706	2.6841611	0	0	0	0	3
8995	2058	0	3.51367188	202.567432	203.444533	202.567432	203.76061	1.06328427	2.6841611	0	0	0	0	3
9000	2059	0	3.515625	202.555948	203.440902	202.555948	203.76061	1.0585039	2.6841611	0	0	0	0	3
9005	2062	0	3.51757812	202.544246	203.437221	202.544246	203.76061	1.05377903	2.6841611	0	0	0	0	3
9010	2063	0	3.51953125	202.533339	203.433492	202.533339	203.76061	1.04910689	2.6841611	0	0	0	0	3
9015	2064	0	3.52148438	202.523082	203.429719	202.523082	203.76061	1.0444874	2.6841611	0	0	0	0	3
9020	2066	0	3.5234375	202.512649	203.425901	202.512649	203.76061	1.03992755	2.6841611	0	0	0	0	3
9025	2067	0	3.52539062	202.501478	203.422033	202.501478	203.76061	1.03543252	2.6841611	0	0	0	0	3
9030	2068	0	3.52734375	202.490095	203.418114	202.490095	203.76061	1.03100597	2.6841611	0	0	0	0	3
9035	2069	0	3.52929688	202.479671	203.414148	202.479671	203.76061	1.02664771	2.6841611	0	0	0	0	3
9040	2071	0	3.53125	202.469729	203.410136	202.469729	203.76061	1.0223607	2.6841611	0	0	0	0	3
9045	2072	0	3.53320312	202.458985	203.406075	202.458985	203.76061	1.01814967	2.6841611	0	0	0	0	3
9050	2073	0	3.53515625	202.44743	203.401962	202.44743	203.76061	1.01401898	2.6841611	0	0	0	0	3
9055	2075	0	3.53710938	202.436228	203.397797	202.436228	203.76061	1.00996799	2.6841611	0	0	0	0	3
9060	2076	0	3.5390625	202.425863	203.393584	202.425863	203.76061	1.00599654	2.6841611	0	0	0	0	3
9065	2077	0	3.54101562	202.415366	203.38932	202.415366	203.76061	1.00210966	2.6841611	0	0	0	0	3
9070	2079	0	3.54296875	202.403838	203.384999	202.403838	203.76061	0.998317651	2.6841611	0	0	0	0	3
9075	2080	0	3.54492188	202.391849	203.380621	202.391849	203.76061	0.994629232	2.6841611	0	0	0	0	3
9080	2081	0	3.546875	202.380544	203.376184	202.380544	203.76061	0.99104269	2.6841611	0	0	0	0	3
9085	2082	0	3.54882812	202.369967	203.371691	202.369967	203.76061	0.98755786	2.6841611	0	0	0	0	3
9090	2084	0	3.55078125	202.359183	203.367138	202.359183	203.76061	0.984177396	2.6841611	0	0	0	0	3
9095	2085	0	3.55273438	202.347465	203.362523	202.347465	203.76061	0.980905631	2.6841611	0	0	0	0	3
9100	2086	0	3.5546875	202.33526	203.357842	202.33526	203.76061	0.97774254	2.6841611	0	0	0	0	3
9105	2089	0	3.55664062	202.323639	203.353096	202.323639	203.76061	0.974684851	2.6841611	0	0	0	0	3
9110	2090	0	3.55859375	202.312788	203.348288	202.312788	203.76061	0.971731743	2.6841611	0	0	0	0	3
9115	2092	0	3.56054688	202.30156	203.343416	202.30156	203.76061	0.96888632	2.6841611	0	0	0	0	3
9120	2093	0	3.5625	202.289464	203.338474	202.289464	203.76061	0.966149783	2.6841611	0	0	0	0	3
9125	2094	0	3.56445312	202.277207	203.333463	202.277207	203.76061	0.963516874	2.6841611	0	0	0	0	3
9130	2096	0	3.56640625	202.266012	203.328388	202.266012	203.76061	0.960980518	2.6841611	0	0	0	0	3
9135	2097	0	3.56835938	202.255525	203.323252	202.255525	203.76061	0.958540585	2.6841611	0	0	0	0	3
9140	2098	0	3.5703125	202.244577	203.318051	202.244577	203.76061	0.95620136	2.6841611	0	0	0	0	3
9145	2099	0	3.57226562	202.233138	203.312784	202.233138	203.76061	0.953960089	2.6841611	0	0	0	0	3
9150	2101	0	3.57421875	202.222134	203.307453	202.222134	203.76061	0.951806903	2.6841611	0	0	0	0	3
9155	2102	0	3.57617188	202.212044	203.302064	202.212044	203.76061	0.94973602	2.6841611	0	0	0	0	3
9160	2103	0	3.578125	202.201922	203.296616	202.201922	203.76061	0.947751832	2.6841611	0	0	0	0	3
9165	2104	0	3.58007812	202.191227	203.291105	202.191227	203.76061	0.945859044	2.6841611	0	0	0	0	3
9170	2106	0	3.58203125	202.180557	203.28553	202.180557	203.76061	0.944054126	2.6841611	0	0	0	0	3
9175	2107	0	3.58398438	202.170426	203.279897	202.170426	203.76061	0.942334143	2.6841611	0	0	0	0	3
9180	2108	0	3.5859375	202.160642	203.274206	202.160642	203.76061	0.940701136	2.6841611	0	0	0	0	3
9185	2109	0	3.58789062	202.15035	203.268456	202.15035	203.76061	0.939164214	2.6841611	0	0	0	0	3
9190	2111	0	3.58984375	202.139952	203.262645	202.139952	203.76061	0.937728075	2.6841611	0	0	0	0	3
9195	2112	0	3.59179688	202.129639	203.256773	202.129639	203.76061	0.93639149	2.6841611	0	0	0	0	3
9200	2113	0	3.59375	202.119975	203.250845	202.119975	203.76061	0.935153364	2.6841611	0	0	0	0	3
9205	2116	0	3.59570312	202.110557	203.244863	202.110557	203.76061	0.934018066	2.6841611	0	0	0	0	3
9210	2117	0	3.59765625	202.100404	203.238825	202.100404	203.76061	0.932992758	2.6841611	0	0	0	0	3
9215	2118	0	3.59960938	202.089644	203.232725	202.089644	203.76061	0.932079872	2.6841611	0	0	0	0	3
9220	2119	0	3.6015625	202.079243	203.226567	202.079243	203.76061	0.931274901	2.6841611	0	0	0	0	3
9225	2121	0	3.60351562	202.069557	203.220356	202.069557	203.76061	0.93057161	2.6841611	0	0	0	0	3
9230	2122	0	3.60546875	202.059635	203.214092	202.059635	203.76061	0.929971757	2.6841611	0	0	0	0	3
9235	2123	0	3.60742188	202.048763	203.207769	202.048763	203.76061	0.929479254	2.6841611	0	0	0	0	3
9240	2124	0	3.609375	202.037833	203.201388	202.037833	203.76061	0.92910058	2.6841611	0	0	0	0	3
9245	2126	0	3.61132812	202.027647	203.194952	202.027647	203.76061	0.928830517	2.6841611	0	0	0	0	3
9250	2127	0	3.61328125	202.017736	203.188464	202.017736	203.76061	0.928666226	2.6841611	0	0	0	0	3
9255	2128	0	3.61523438	202.007153	203.18192	202.007153	203.76061	0.928607263	2.6841611	0	0	0	0	3
9260	2130	0	3.6171875	201.995865	203.175319	201.995865	203.76061	0.92865319	2.6841611	0	0	0	0	3
9265	2131	0	3.61914062	201.984898	203.16866	201.984898	203.76061	0.928800775	2.6841611	0	0	0	0	3
9270	2132	0	3.62109375	201.974653	203.161947	201.974653	203.76061	0.929047843	2.6841611	0	0	0	0	3
9275	2133	0	3.62304688	201.964407	203.15518	201.964407	203.76061	0.929393486	2.6841611	0	0	0	0	3
9280	2135	0	3.625	201.953501	203.148357	201.953501	203.76061	0.929834969	2.6841611	0	0	0	0	3
9285	2136	0	3.62695312	201.9421	203.141478	201.9421	203.76061	0.930369489	2.6841611	0	0	0	0	3
9290	2137	0	3.62890625	201.931158	203.134544	201.931158	203.76061	0.930993578	2.6841611	0	0	0	0	3
9295	2138	0	3.63085938	201.921244	203.12756	201.921244	203.76061	0.931702087	2.6841611	0	0	0	0	3
9300	2140	0	3.6328125	201.911561	203.120528	201.911561	203.76061	0.932492091	2.6841611	0	0	0	0	3
9305	2142	0	3.63476562	201.901254	203.113447	201.901254	203.76061	0.933362656	2.6841611	0	0	0	0	3
9310	2143	0	3.63671875	201.890531	203.106315	201.890531	203.76061	0.934311614	2.6841611	0	0	0	0	3
9315	2145	0	3.63867188	201.880603	203.099137	201.880603	203.76061	0.935333793	2.6841611	0	0	0	0	3
9320	2146	0	3.640625	201.871631	203.091917	201.871631	203.76061	0.9364267	2.6841611	0	0	0	0	3
9325	2147	0	3.64257812	201.862535	203.084653	201.862535	203.76061	0.93759176	2.6841611	0	0	0	0	3
9330	2149	0	3.64453125	201.852804	203.077342	201.852804	203.76061	0.938826865	2.6841611	0	0	0	0	3
9335	2150	0	3.64648438	201.843039	203.069987	201.843039	203.76061	0.940128567	2.6841611	0	0	0	0	3
9340	2151	0	3.6484375	201.833946	203.06259	201.833946	203.76061	0.941497399	2.6841611	0	0	0	0	3
9345	2153	0	3.65039062	201.82499	203.055151	201.82499	203.76061	0.942939696	2.6841611	0	0	0	0	3
9350	2154	0	3.65234375	201.815633	203.047665	201.815633	203.76061	0.944462918	2.6841611	0	0	0	0	3
9355	2155	0	3.65429688	201.806281	203.040134	201.806281	203.76061	0.946065908	2.6841611	0	0	0	0	3
9360	2156	0	3.65625	201.79744	203.032562	201.79744	203.76061	0.947746503	2.6841611	0	0	0	0	3
9365	2158	0	3.65820312	201.788705	203.024949	201.788705	203.76061	0.949511133	2.6841611	0	0	0	0	3
9370	2159	0	3.66015625	201.779511	203.01729	201.779511	203.76061	0.951370533	2.6841611	0	0	0	0	3
9375	2160	0	3.66210938	201.770011	203.009584	201.770011	203.76061	0.95332964	2.6841611	0	0	0	0	3
9380	2162	0	3.6640625	201.760841	203.001832	201.760841	203.76061	0.955386499	2.6841611	0	0	0	0	3
9385	2163	0	3.66601562	201.752162	202.994038	201.752162	203.76061	0.957538761	2.6841611	0	0	0	0	3
9390	2164	0	3.66796875	201.743309	202.986203	201.743309	203.76061	0.959790233	2.6841611	0	0	0	0	3
9395	2165	0	3.66992188	201.733732	202.978321	201.733732	203.76061	0.962147698	2.6841611	0	0	0	0	3
9400	2167	0	3.671875	201.723936	202.970391	201.723936	203.76061	0.964611416	2.6841611	0	0	0	0	3
9405	2169	0	3.67382812	201.714889	202.962417	201.714889	203.76061	0.96717541	2.6841611	0	0	0	0	3
9410	2170	0	3.67578125	201.706364	202.954407	201.706364	203.76061	0.969833781	2.6841611	0	0	0	0	3
9415	2172	0	3.67773438	201.697317	202.946358	201.697317	203.76061	0.972586602	2.6841611	0	0	0	0	3
9420	2173	0	3.6796875	201.687447	202.938265	201.687447	203.76061	0.975436327	2.6841611	0	0	0	0	3
9425	2174	0	3.68164062	201.677682	202.93013	201.677682	203.76061	0.978378491	2.6841611	0	0	0	0	3
9430	2176	0	3.68359375	201.668768	202.921959	201.668768	203.760206	0.981406021	2.6841611	0	0	0	0	3
9435	2177	0	3.68554688	201.65997	202.913755	201.65997	203.760123	0.984516644	2.6841611	0	0	0	0	3
9440	2178	0	3.6875	201.650433	202.905514	201.650433	203.760123	0.987712024	2.6841611	0	0	0	0	3
9445	2179	0	3.68945312	201.640474	202.897234	201.640474	203.759904	0.99099226	2.6841611	0	0	0	0	3
9450	2181	0	3.69140625	201.631125	202.888919	201.631125	203.759438	0.994354165	2.6841611	0	0	0	0	3
9455	2182	0	3.69335938	201.622422	202.880571	201.622422	203.759162	0.997797646	2.6841611	0	0	0	0	3
9460	2183	0	3.6953125	201.613516	202.872189	201.613516	203.758569	1.00132359	2.6841611	0	0	0	0	3
9465	2185	0	3.69726562	201.603998	202.863773	201.603998	203.757269	1.00492859	2.6841611	0	0	0	0	3
9470	2186	0	3.69921875	201.594482	202.855325	201.594482	203.75591	1.0086087	2.6841611	0	0	0	0	3
9475	2187	0	3.70117188	201.585857	202.846848	201.585857	203.754977	1.01236307	2.6841611	0	0	0	0	3
9480	2189	0	3.703125	201.577741	202.838343	201.577741	203.754273	1.01619336	2.6841611	0	0	0	0	3
9485	2190	0	3.70507812	201.569291	202.829808	201.569291	203.753161	1.02009885	2.6841611	0	0	0	0	3
9490	2191	0	3.70703125	201.560312	202.821242	201.560312	203.751512	1.02407546	2.6841611	0	0	0	0	3
9495	2193	0	3.70898438	201.551377	202.812648	201.551377	203.749903	1.02812001	2.6841611	0	0	0	0	3
9500	2194	0	3.7109375	201.543355	202.804029	201.543355	203.749053	1.03223306	2.6841611	0	0	0	0	3
9505	2197	0	3.71289062	201.535642	202.795382	201.535642	203.748674	1.03641942	2.6841611	0	0	0	0	3
9510	2198	0	3.71484375	201.527488	202.786706	201.527488	203.747799	1.04068121	2.6841611	0	0	0	0	3
9515	2199	0	3.71679688	201.518884	202.777999	201.518884	203.745948	1.04501498	2.6841611	0	0	0	0	3
9520	2201	0	3.71875	201.510635	202.769268	201.510635	203.744394	1.04941919	2.6841611	0	0	0	0	3
9525	2202	0	3.72070312	201.502906	202.760512	201.502906	203.744039	1.05389938	2.6841611	0	0	0	0	3
9530	2203	0	3.72265625	201.49489	202.751726	201.49489	203.743975	1.05846432	2.6841611	0	0	0	0	3
9535	2205	0	3.72460938	201.486355	202.742907	201.486355	203.743024	1.06311479	2.6841611	0	0	0	0	3
9540	2206	0	3.7265625	201.477858	202.734059	201.477858	203.741325	1.06784623	2.6841611	0	0	0	0	3
9545	2207	0	3.72851562	201.469815	202.725186	201.469815	203.740824	1.07266002	2.6841611	0	0	0	0	3
9550	2208	0	3.73046875	201.461638	202.716284	201.461638	203.740824	1.0775646	2.6841611	0	0	0	0	3
9555	2210	0	3.73242188	201.452874	202.707347	201.452874	203.740779	1.08256639	2.6841611	0	0	0	0	3
9560	2211	0	3.734375	201.444131	202.698375	201.444131	203.739396	1.08765873	2.6841611	0	0	0	0	3
9565	2212	0	3.73632812	201.436073	202.689378	201.436073	203.737372	1.09283186	2.6841611	0	0	0	0	3
9570	2214	0	3.73828125	201.428157	202.680358	201.428157	203.736149	1.09808554	2.6841611	0	0	0	0	3
9575	2215	0	3.74023438	201.419557	202.671308	201.419557	203.735333	1.10342515	2.6841611	0	0	0	0	3
9580	2217	0	3.7421875	201.410488	202.662227	201.410488	203.733675	1.10885058	2.6841611	0	0	0	0	3
9585	2218	0	3.74414062	201.401869	202.653118	201.401869	203.730658	1.11435094	2.6841611	0	0	0	0	3
9590	2219	0	3.74609375	201.394122	202.643991	201.394122	203.727097	1.11991711	2.6841611	0	0	0	0	3
9595	2221	0	3.74804688	201.386303	202.634848	201.386303	203.724386	1.12555001	2.6841611	0	0	0	0	3
9600	2222	0	3.75	201.377658	202.625681	201.377658	203.722081	1.13125604	2.6841611	0	0	0	0	3
9605	2224	0	3.75195312	201.368473	202.616487	201.368473	203.718878	1.13703471	2.6841611	0	0	0	0	3
9610	2226	0	3.75390625	201.359933	202.607272	201.359933	203.714443	1.14287676	2.6841611	0	0	0	0	3
9615	2227	0	3.75585938	201.352297	202.598045	201.352297	203.710008	1.14877694	2.6841611	0	0	0	0	3
9620	2228	0	3.7578125	201.34444	202.588805	201.34444	203.706642	1.15473989	2.6841611	0	0	0	0	3
9625	2230	0	3.75976562	201.335576	202.579543	201.335576	203.703295	1.16077162	2.6841611	0	0	0	0	3
9630	2231	0	3.76171875	201.326381	202.570258	201.326381	203.698179	1.16686623	2.6841611	0	0	0	0	3
9635	2232	0	3.76367188	201.318062	202.560961	201.318062	203.69268	1.17301386	2.6841611	0	0	0	0	3
9640	2234	0	3.765625	201.310263	202.551654	201.310263	203.687987	1.1792163	2.6841611	0	0	0	0	3
9645	2235	0	3.76757812	201.301872	202.542333	201.301872	203.68403	1.18548065	2.6841611	0	0	0	0	3
9650	2237	0	3.76953125	201.292739	202.532992	201.292739	203.679596	1.19180774	2.6841611	0	0	0	0	3
9655	2238	0	3.77148438	201.283753	202.523634	201.283753	203.674586	1.1981931	2.6841611	0	0	0	0	3
9660	2239	0	3.7734375	201.275704	202.514263	201.275704	203.66992	1.20463392	2.6841611	0	0	0	0	3
9665	2241	0	3.77539062	201.267885	202.50488	201.267885	203.665889	1.21113213	2.6841611	0	0	0	0	3
9670	2242	0	3.77734375	201.259517	202.49548	201.259517	203.661795	1.21769019	2.6841611	0	0	0	0	3
9675	2243	0	3.77929688	201.25057	202.486061	201.25057	203.657008	1.22430588	2.6841611	0	0	0	0	3
9680	2245	0	3.78125	201.241831	202.476627	201.241831	203.652113	1.23097439	2.6841611	0	0	0	0	3
9685	2246	0	3.78320312	201.234078	202.467182	201.234078	203.648051	1.23769529	2.6841611	0	0	0	0	3
9690	2247	0	3.78515625	201.226217	202.457721	201.226217	203.644474	1.24447419	2.6841611	0	0	0	0	3
9695	2249	0	3.78710938	201.217671	202.448242	201.217671	203.64031	1.25131114	2.6841611	0	0	0	0	3
9700	2250	0	3.7890625	201.208565	202.438743	201.208565	203.635097	1.25820027	2.6841611	0	0	0	0	3
9705	2253	0	3.79101562	201.199896	202.42923	201.199896	203.63025	1.26513804	2.6841611	0	0	0	0	3
9710	2254	0	3.79296875	201.192085	202.419706	201.192085	203.626827	1.27212855	2.6841611	0	0	0	0	3
9715	2255	0	3.79492188	201.184007	202.410164	201.184007	203.623799	1.27917976	2.6841611	0	0	0	0	3
9720	2257	0	3.796875	201.17531	202.400599	201.17531	203.619659	1.28629018	2.6841611	0	0	0	0	3
9725	2258	0	3.79882812	201.166501	202.391017	201.166501	203.614372	1.29345129	2.6841611	0	0	0	0	3
9730	2260	0	3.80078125	201.158381	202.381423	201.158381	203.609652	1.30066025	2.6841611	0	0	0	0	3
9735	2261	0	3.80273438	201.150436	202.371817	201.150436	203.605923	1.30792352	2.6841611	0	0	0	0	3
9740	2262	0	3.8046875	201.141941	202.362192	201.141941	203.60168	1.31524099	2.6841611	0	0	0	0	3
9745	2264	0	3.80664062	201.133329	202.35255	201.133329	203.595715	1.32260249	2.6841611	0	0	0	0	3
9750	2265	0	3.80859375	201.125154	202.342899	201.125154	203.588869	1.3299961	2.6841611	0	0	0	0	3
9755	2266	0	3.81054688	201.11753	202.333245	201.11753	203.582882	1.33742029	2.6841611	0	0	0	0	3
9760	2267	0	3.8125	201.109563	202.323584	201.109563	203.577566	1.34488214	2.6841611	0	0	0	0	3
9765	2269	0	3.81445312	201.101038	202.31391	201.101038	203.571525	1.3523832	2.6841611	0	0	0	0	3
9770	2270	0	3.81640625	201.092635	202.304227	201.092635	203.564009	1.35991348	2.6841611	0	0	0	0	3
9775	2271	0	3.81835938	201.084891	202.294543	201.084891	203.556082	1.36746417	2.6841611	0	0	0	0	3
