Iteration	CPUTime	PhysTime	Travels	Value	AvValue	MinValue	MaxValue	Delta	Criteria	PrevAvRefValue	Progress	CriteriaType	CriteriaVarType	CriteriaPercentage
1	1	0	0.000390625	0.00034192922	0.00034192922	0.00034192922	0.00034192922	0	0	0	0	0	0	3
5	2	0	0.001953125	0.000342012297	0.000341970759	0.00034192922	0.000342012297	4.15385811e-08	0	0	0	0	0	3
10	3	0	0.00390625	0.000342012603	0.000341984707	0.00034192922	0.000342012603	5.54868084e-08	0	0	0	0	0	3
15	5	0	0.005859375	0.000342032382	0.000341996626	0.00034192922	0.000342032382	6.74056904e-08	0	0	0	0	0	3
20	6	0	0.0078125	0.000342013639	0.000342000028	0.00034192922	0.000342032382	7.08084384e-08	0	0	0	0	0	3
25	7	0	0.009765625	0.000342012263	0.000342002068	0.00034192922	0.000342032382	7.28475778e-08	0	0	0	0	0	3
30	8	0	0.01171875	0.000342012367	0.000342003539	0.00034192922	0.000342032382	7.43188663e-08	0	0	0	0	0	3
35	9	0	0.013671875	0.000342012893	0.000342004708	0.00034192922	0.000342032382	7.54881507e-08	0	0	0	0	0	3
40	11	0	0.015625	0.000342013673	0.000342005704	0.00034192922	0.000342032382	7.64842063e-08	0	0	0	0	0	3
45	12	0	0.017578125	0.00034201405	0.000342006539	0.00034192922	0.000342032382	7.73188168e-08	0	0	0	0	0	3
50	13	0	0.01953125	0.0003420144	0.000342007253	0.00034192922	0.000342032382	7.8033449e-08	0	0	0	0	0	3
55	15	0	0.021484375	0.00034201453	0.00034200786	0.00034192922	0.000342032382	7.86398692e-08	0	0	0	0	0	3
60	17	0	0.0234375	0.000342014854	0.000342008398	0.00034192922	0.000342032382	7.91778794e-08	0	0	0	0	0	3
65	20	0	0.025390625	0.000342014971	0.000342008867	0.00034192922	0.000342032382	7.96473743e-08	0	0	0	0	0	3
70	23	0	0.02734375	0.000342015163	0.000342009287	0.00034192922	0.000342032382	8.00671108e-08	0	0	0	0	0	3
75	25	0	0.029296875	0.000342015259	0.00034200966	0.00034192922	0.000342032382	8.04403826e-08	0	0	0	0	0	3
80	28	0	0.03125	0.000342015567	0.000342010008	0.00034192922	0.000342032382	8.07878247e-08	0	0	0	0	0	3
85	30	0	0.033203125	0.000342015375	0.000342010306	0.00034192922	0.000342032382	8.10860207e-08	0	0	0	0	0	3
90	33	0	0.03515625	0.000342015532	0.000342010581	0.00034192922	0.000342032382	8.13610657e-08	0	0	0	0	0	3
95	35	0	0.037109375	0.000342015755	0.00034201084	0.00034192922	0.000342032382	8.16197561e-08	0	0	0	0	0	3
100	37	0	0.0390625	0.000342016002	0.000342011086	0.00034192922	0.000342032382	8.18655704e-08	0	0	0	0	0	3
105	40	0	0.041015625	0.000342015845	0.000342011302	0.00034192922	0.000342032382	8.20818998e-08	0	0	0	0	0	3
110	43	0	0.04296875	0.000342014826	0.000342011455	0.00034192922	0.000342032382	8.22351429e-08	0	0	0	0	0	3
115	45	0	0.044921875	0.000342013071	0.000342011522	0.00034192922	0.000342032382	8.2302475e-08	0	0	0	0	0	3
120	48	0	0.046875	0.00034201059	0.000342011485	0.00034192922	0.000342032382	8.2302475e-08	0	0	0	0	0	3
125	50	0	0.048828125	0.000342006945	0.000342011311	0.00034192922	0.000342032382	8.2302475e-08	0	0	0	0	0	3
130	52	0	0.05078125	0.000342002378	0.00034201098	0.00034192922	0.000342032382	8.2302475e-08	0	0	0	0	0	3
135	54	0	0.052734375	0.000341996689	0.000342010469	0.00034192922	0.000342032382	8.2302475e-08	0	0	0	0	0	3
140	57	0	0.0546875	0.000341989944	0.000342009762	0.00034192922	0.000342032382	8.2302475e-08	0	0	0	0	0	3
145	59	0	0.056640625	0.000341981966	0.000342008835	0.00034192922	0.000342032382	8.2302475e-08	0	0	0	0	0	3
150	61	0	0.05859375	0.000341972655	0.000342007668	0.00034192922	0.000342032382	8.2302475e-08	0	0	0	0	0	3
155	63	0	0.060546875	0.000341961795	0.000342006234	0.00034192922	0.000342032382	8.2302475e-08	0	0	0	0	0	3
160	65	0	0.0625	0.000341949522	0.000342004516	0.00034192922	0.000342032382	8.2302475e-08	0	0	0	0	0	3
165	67	0	0.064453125	0.000341935266	0.000342002479	0.00034192922	0.000342032382	8.2302475e-08	0	0	0	0	0	3
170	70	0	0.06640625	0.000509941775	0.000346800745	0.00034192922	0.000509941775	4.87152471e-06	0	0	0	0	0	3
175	72	0	0.068359375	0.000509944533	0.000351332517	0.00034192922	0.000509944533	9.4032966e-06	0	0	0	0	0	3
180	74	0	0.0703125	0.000509941009	0.000355619233	0.00034192922	0.000509944533	1.36900126e-05	0	0	0	0	0	3
185	76	0	0.072265625	0.000509935783	0.000359680194	0.00034192922	0.000509944533	1.77509744e-05	0	0	0	0	0	3
190	78	0	0.07421875	0.000509931257	0.000363532786	0.00034192922	0.000509944533	2.16035658e-05	0	0	0	0	0	3
195	81	0	0.076171875	0.000509921304	0.000367192499	0.00034192922	0.000509944533	2.52632787e-05	0	0	0	0	0	3
200	83	0	0.078125	0.000509917615	0.000370673599	0.00034192922	0.000509944533	2.87443791e-05	0	0	0	0	0	3
205	86	0	0.080078125	0.000509915536	0.000373988883	0.00034192922	0.000509944533	3.20596633e-05	0	0	0	0	0	3
210	91	0	0.08203125	0.000509911472	0.000377149874	0.00034192922	0.000509944533	3.52206538e-05	0	0	0	0	0	3
215	93	0	0.083984375	0.000509904736	0.00038016703	0.00034192922	0.000509944533	3.82378097e-05	0	0	0	0	0	3
220	95	0	0.0859375	0.000509896303	0.000383049902	0.00034192922	0.000509944533	4.11206825e-05	0	0	0	0	0	3
225	97	0	0.087890625	0.000509885983	0.000385807209	0.00034192922	0.000509944533	4.38779886e-05	0	0	0	0	0	3
230	99	0	0.08984375	0.000509874143	0.000388446931	0.00034192922	0.000509944533	4.65177106e-05	0	0	0	0	0	3
235	101	0	0.091796875	0.000509859086	0.000390976351	0.00034192922	0.000509944533	4.90471305e-05	0	0	0	0	0	3
240	104	0	0.09375	0.000509841719	0.000393402174	0.00034192922	0.000509944533	5.14729544e-05	0	0	0	0	0	3
245	106	0	0.095703125	0.000509824012	0.000395730611	0.00034192922	0.000509944533	5.38013911e-05	0	0	0	0	0	3
250	108	0	0.09765625	0.000509803429	0.000397967333	0.00034192922	0.000509944533	5.6038113e-05	0	0	0	0	0	3
255	110	0	0.099609375	0.000509780896	0.000400117594	0.00034192922	0.000509944533	5.81883739e-05	0	0	0	0	0	3
260	112	0	0.1015625	0.000509756076	0.000402186244	0.00034192922	0.000509944533	6.02570245e-05	0	0	0	0	0	3
265	114	0	0.103515625	0.000509728746	0.000404177772	0.00034192922	0.000509944533	6.22485523e-05	0	0	0	0	0	3
270	116	0	0.10546875	0.000509698891	0.000406096338	0.00034192922	0.000509944533	6.41671181e-05	0	0	0	0	0	3
275	118	0	0.107421875	0.000509666976	0.000407945814	0.00034192922	0.000509944533	6.60165937e-05	0	0	0	0	0	3
280	120	0	0.109375	0.00050963197	0.000409729781	0.00034192922	0.000509944533	6.78005614e-05	0	0	0	0	0	3
285	122	0	0.111328125	0.000509594973	0.000411451595	0.00034192922	0.000509944533	6.9522375e-05	0	0	0	0	0	3
290	125	0	0.11328125	0.000509555486	0.000413114373	0.00034192922	0.000509944533	7.11851529e-05	0	0	0	0	0	3
295	127	0	0.115234375	0.000509514081	0.000414721035	0.00034192922	0.000509944533	7.27918147e-05	0	0	0	0	0	3
300	129	0	0.1171875	0.000509470775	0.000416274309	0.00034192922	0.000509944533	7.43450891e-05	0	0	0	0	0	3
305	132	0	0.119140625	0.000509425447	0.000417776747	0.00034192922	0.000509944533	7.58475268e-05	0	0	0	0	0	3
310	134	0	0.12109375	0.000509378143	0.000419230737	0.00034192922	0.000509944533	7.73015172e-05	0	0	0	0	0	3
315	136	0	0.123046875	0.000509328688	0.000420638518	0.00034192922	0.000509944533	7.87092977e-05	0	0	0	0	0	3
320	138	0	0.125	0.000509277701	0.000422002197	0.00034192922	0.000509944533	8.00729774e-05	0	0	0	0	0	3
325	140	0	0.126953125	0.000509224769	0.000423323752	0.00034192922	0.000509944533	8.13945316e-05	0	0	0	0	0	3
330	142	0	0.12890625	0.000509170284	0.000424605043	0.00034192922	0.000509944533	8.26758231e-05	0	0	0	0	0	3
335	144	0	0.130859375	0.000611536751	0.000427354039	0.00034192922	0.000611536751	8.54248188e-05	0	0	0	0	0	3
340	146	0	0.1328125	0.000611512683	0.000430023005	0.00034192922	0.000611536751	8.80937847e-05	0	0	0	0	0	3
345	148	0	0.134765625	0.000611483777	0.000432615301	0.00034192922	0.000611536751	9.06860814e-05	0	0	0	0	0	3
350	150	0	0.13671875	0.000611452838	0.00043513414	0.00034192922	0.000611536751	9.320492e-05	0	0	0	0	0	3
355	152	0	0.138671875	0.000611422333	0.000437582587	0.00034192922	0.000611536751	9.56533671e-05	0	0	0	0	0	3
360	154	0	0.140625	0.000611387396	0.000439963475	0.00034192922	0.000611536751	9.80342549e-05	0	0	0	0	0	3
365	156	0	0.142578125	0.000611347288	0.000442279472	0.00034192922	0.000611536751	0.000100350252	0	0	0	0	0	3
370	158	0	0.14453125	0.000611305038	0.000444533147	0.00034192922	0.000611536751	0.000102603927	0	0	0	0	0	3
375	160	0	0.146484375	0.000611259612	0.000446726916	0.00034192922	0.000611536751	0.000104797696	0	0	0	0	0	3
380	162	0	0.1484375	0.000611213256	0.000448863102	0.00034192922	0.000611536751	0.000106933882	0	0	0	0	0	3
385	164	0	0.150390625	0.000611161934	0.000450943856	0.00034192922	0.000611536751	0.000109014636	0	0	0	0	0	3
390	166	0	0.15234375	0.000611109417	0.000452971268	0.00034192922	0.000611536751	0.000111042048	0	0	0	0	0	3
395	168	0	0.154296875	0.000611054983	0.000454947315	0.00034192922	0.000611536751	0.000113018095	0	0	0	0	0	3
400	170	0	0.15625	0.000610998757	0.000456873876	0.00034192922	0.000611536751	0.000114944656	0	0	0	0	0	3
405	173	0	0.158203125	0.000610940447	0.000458752737	0.00034192922	0.000611536751	0.000116823517	0	0	0	0	0	3
410	175	0	0.16015625	0.000610880468	0.000460585601	0.00034192922	0.000611536751	0.000118656381	0	0	0	0	0	3
415	177	0	0.162109375	0.000610818664	0.00046237409	0.00034192922	0.000611536751	0.00012044487	0	0	0	0	0	3
420	179	0	0.1640625	0.000610753712	0.000464119732	0.00034192922	0.000611536751	0.000122190512	0	0	0	0	0	3
425	181	0	0.166015625	0.000610689326	0.00046582403	0.00034192922	0.000611536751	0.00012389481	0	0	0	0	0	3
430	183	0	0.16796875	0.000610623845	0.000467488396	0.00034192922	0.000611536751	0.000125559176	0	0	0	0	0	3
435	185	0	0.169921875	0.000610557672	0.000469114183	0.00034192922	0.000611536751	0.000127184963	0	0	0	0	0	3
440	187	0	0.171875	0.000610490172	0.000470702677	0.00034192922	0.000611536751	0.000128773457	0	0	0	0	0	3
445	189	0	0.173828125	0.000610421502	0.000472255108	0.00034192922	0.000611536751	0.000130325888	0	0	0	0	0	3
450	191	0	0.17578125	0.000610351404	0.00047377265	0.00034192922	0.000611536751	0.00013184343	0	0	0	0	0	3
455	192	0	0.177734375	0.000610281189	0.000475256439	0.00034192922	0.000611536751	0.000133327219	0	0	0	0	0	3
460	195	0	0.1796875	0.000610210448	0.000476707557	0.00034192922	0.000611536751	0.000134778337	0	0	0	0	0	3
465	196	0	0.181640625	0.000610138674	0.000478127037	0.00034192922	0.000611536751	0.000136197817	0	0	0	0	0	3
470	198	0	0.18359375	0.000610066725	0.000479515876	0.00034192922	0.000611536751	0.000137586656	0	0	0	0	0	3
475	200	0	0.185546875	0.000609994383	0.000480875027	0.00034192922	0.000611536751	0.000138945807	0	0	0	0	0	3
480	202	0	0.1875	0.000609920825	0.000482205396	0.00034192922	0.000611536751	0.000140276176	0	0	0	0	0	3
485	204	0	0.189453125	0.000609847985	0.000483507871	0.00034192922	0.000611536751	0.000141578651	0	0	0	0	0	3
490	205	0	0.19140625	0.000609774234	0.000484783289	0.00034192922	0.000611536751	0.000142854069	0	0	0	0	0	3
495	207	0	0.193359375	0.000609700757	0.000486032464	0.00034192922	0.000611536751	0.000144103244	0	0	0	0	0	3
500	209	0	0.1953125	0.000609626763	0.00048725617	0.00034192922	0.000611536751	0.00014532695	0	0	0	0	0	3
505	212	0	0.197265625	0.000678685675	0.00048913293	0.00034192922	0.000678685675	0.00014720371	0	0	0	0	0	3
510	214	0	0.19921875	0.000678636686	0.000490972772	0.00034192922	0.000678685675	0.000149043552	0	0	0	0	0	3
515	216	0	0.201171875	0.000678587379	0.000492776759	0.00034192922	0.000678685675	0.000150847539	0	0	0	0	0	3
520	218	0	0.203125	0.000678535112	0.000494545886	0.00034192922	0.000678685675	0.000152616666	0	0	0	0	0	3
525	219	0	0.205078125	0.000678475478	0.000496281071	0.00034192922	0.000678685675	0.000154351851	0	0	0	0	0	3
530	221	0	0.20703125	0.000678407961	0.000497983191	0.00034192922	0.000678685675	0.000156053971	0	0	0	0	0	3
535	223	0	0.208984375	0.000678335083	0.000499653116	0.00034192922	0.000678685675	0.000157723896	0	0	0	0	0	3
540	225	0	0.2109375	0.000678261853	0.000501291728	0.00034192922	0.000678685675	0.000159362508	0	0	0	0	0	3
545	227	0	0.212890625	0.00067818778	0.000502899874	0.00034192922	0.000678685675	0.000160970654	0	0	0	0	0	3
550	228	0	0.21484375	0.000678114131	0.000504478381	0.00034192922	0.000678685675	0.000162549161	0	0	0	0	0	3
555	230	0	0.216796875	0.000678038247	0.000506028023	0.00034192922	0.000678685675	0.000164098803	0	0	0	0	0	3
560	232	0	0.21875	0.000677962797	0.000507549569	0.00034192922	0.000678685675	0.000165620349	0	0	0	0	0	3
565	233	0	0.220703125	0.000677886835	0.000509043756	0.00034192922	0.000678685675	0.000167114536	0	0	0	0	0	3
570	235	0	0.22265625	0.000677810541	0.000510511293	0.00034192922	0.000678685675	0.000168582073	0	0	0	0	0	3
575	236	0	0.224609375	0.000677734316	0.000511952871	0.00034192922	0.000678685675	0.000170023651	0	0	0	0	0	3
580	238	0	0.2265625	0.000677658729	0.00051336916	0.00034192922	0.000678685675	0.00017143994	0	0	0	0	0	3
585	240	0	0.228515625	0.000677582581	0.000514760799	0.00034192922	0.000678685675	0.000172831579	0	0	0	0	0	3
590	241	0	0.23046875	0.000677506475	0.00051612841	0.00034192922	0.000678685675	0.00017419919	0	0	0	0	0	3
595	243	0	0.232421875	0.000677430377	0.000517472593	0.00034192922	0.000678685675	0.000175543373	0	0	0	0	0	3
600	244	0	0.234375	0.000677354555	0.000518793932	0.00034192922	0.000678685675	0.000176864712	0	0	0	0	0	3
605	247	0	0.236328125	0.000677278875	0.000520092989	0.00034192922	0.000678685675	0.000178163769	0	0	0	0	0	3
610	248	0	0.23828125	0.000677203848	0.000521370313	0.00034192922	0.000678685675	0.000179441093	0	0	0	0	0	3
615	250	0	0.240234375	0.000677128726	0.000522626429	0.00034192922	0.000678685675	0.000180697209	0	0	0	0	0	3
620	252	0	0.2421875	0.000677054302	0.000523861852	0.00034192922	0.000678685675	0.000181932632	0	0	0	0	0	3
625	253	0	0.244140625	0.000676980189	0.000525077077	0.00034192922	0.000678685675	0.000183147857	0	0	0	0	0	3
630	254	0	0.24609375	0.000676906332	0.000526272583	0.00034192922	0.000678685675	0.000184343363	0	0	0	0	0	3
635	256	0	0.248046875	0.000676833328	0.000527448839	0.00034192922	0.000678685675	0.000185519619	0	0	0	0	0	3
640	258	0	0.25	0.000676760604	0.000528606294	0.00034192922	0.000678685675	0.000186677074	0	0	0	0	0	3
645	259	0	0.251953125	0.000676688483	0.000529745388	0.00034192922	0.000678685675	0.000187816168	0	0	0	0	0	3
650	260	0	0.25390625	0.000676616727	0.000530866543	0.00034192922	0.000678685675	0.000188937323	0	0	0	0	0	3
655	262	0	0.255859375	0.000676545768	0.000531970174	0.00034192922	0.000678685675	0.000190040954	0	0	0	0	0	3
660	263	0	0.2578125	0.000676475419	0.000533056679	0.00034192922	0.000678685675	0.000191127459	0	0	0	0	0	3
665	264	0	0.259765625	0.000676405818	0.000534126449	0.00034192922	0.000678685675	0.000192197229	0	0	0	0	0	3
670	266	0	0.26171875	0.000725938631	0.00053554728	0.00034192922	0.000725938631	0.00019361806	0	0	0	0	0	3
675	267	0	0.263671875	0.000725873196	0.000536946735	0.00034192922	0.000725938631	0.000195017515	0	0	0	0	0	3
680	269	0	0.265625	0.000725820385	0.000538325375	0.00034192922	0.000725938631	0.000196396155	0	0	0	0	0	3
685	270	0	0.267578125	0.000725764181	0.000539683627	0.00034192922	0.000725938631	0.000197754407	0	0	0	0	0	3
690	271	0	0.26953125	0.000725703137	0.000541021897	0.00034192922	0.000725938631	0.000199092677	0	0	0	0	0	3
695	272	0	0.271484375	0.000725635252	0.000542340564	0.00034192922	0.000725938631	0.000200411344	0	0	0	0	0	3
700	274	0	0.2734375	0.00072556276	0.000543640012	0.00034192922	0.000725938631	0.000201710792	0	0	0	0	0	3
705	276	0	0.275390625	0.000725489809	0.000544920644	0.00034192922	0.000725938631	0.000202991424	0	0	0	0	0	3
710	277	0	0.27734375	0.000725417255	0.000546182858	0.00034192922	0.000725938631	0.000204253638	0	0	0	0	0	3
715	278	0	0.279296875	0.000725343787	0.000547427032	0.00034192922	0.000725938631	0.000205497812	0	0	0	0	0	3
720	279	0	0.28125	0.000725270211	0.000548653536	0.00034192922	0.000725938631	0.000206724316	0	0	0	0	0	3
725	281	0	0.283203125	0.000725196614	0.000549862735	0.00034192922	0.000725938631	0.000207933515	0	0	0	0	0	3
730	282	0	0.28515625	0.000725122923	0.000551054982	0.00034192922	0.000725938631	0.000209125762	0	0	0	0	0	3
735	283	0	0.287109375	0.000725049599	0.000552230621	0.00034192922	0.000725938631	0.000210301401	0	0	0	0	0	3
740	284	0	0.2890625	0.000724976751	0.000553389991	0.00034192922	0.000725938631	0.000211460771	0	0	0	0	0	3
745	285	0	0.291015625	0.00072490411	0.000554533418	0.00034192922	0.000725938631	0.000212604198	0	0	0	0	0	3
750	286	0	0.29296875	0.000724832259	0.000555661225	0.00034192922	0.000725938631	0.000213732005	0	0	0	0	0	3
755	288	0	0.294921875	0.000724761581	0.000556773728	0.00034192922	0.000725938631	0.000214844508	0	0	0	0	0	3
760	289	0	0.296875	0.000724692865	0.000557871238	0.00034192922	0.000725938631	0.000215942018	0	0	0	0	0	3
765	290	0	0.298828125	0.000724626563	0.000558954065	0.00034192922	0.000725938631	0.000217024845	0	0	0	0	0	3
770	291	0	0.30078125	0.000724564484	0.000560022519	0.00034192922	0.000725938631	0.000218093299	0	0	0	0	0	3
775	292	0	0.302734375	0.000724507759	0.000561076912	0.00034192922	0.000725938631	0.000219147692	0	0	0	0	0	3
780	293	0	0.3046875	0.000724458426	0.000562117559	0.00034192922	0.000725938631	0.000220188339	0	0	0	0	0	3
785	294	0	0.306640625	0.000724417017	0.00056314477	0.00034192922	0.000725938631	0.00022121555	0	0	0	0	0	3
790	295	0	0.30859375	0.000724383318	0.000564158849	0.00034192922	0.000725938631	0.000222229629	0	0	0	0	0	3
795	296	0	0.310546875	0.00072435436	0.000565160071	0.00034192922	0.000725938631	0.000223230851	0	0	0	0	0	3
800	297	0	0.3125	0.000724328483	0.000566148695	0.00034192922	0.000725938631	0.000224219475	0	0	0	0	0	3
805	299	0	0.314453125	0.000724305764	0.000567124973	0.00034192922	0.000725938631	0.000225195753	0	0	0	0	0	3
810	300	0	0.31640625	0.000724287911	0.000568089163	0.00034192922	0.000725938631	0.000226159943	0	0	0	0	0	3
815	301	0	0.318359375	0.000724274533	0.000569041513	0.00034192922	0.000725938631	0.000227112293	0	0	0	0	0	3
820	302	0	0.3203125	0.000724264685	0.000569982259	0.00034192922	0.000725938631	0.000228053039	0	0	0	0	0	3
825	303	0	0.322265625	0.000724256169	0.00057091162	0.00034192922	0.000725938631	0.0002289824	0	0	0	0	0	3
830	304	0	0.32421875	0.000724247393	0.000571829798	0.00034192922	0.000725938631	0.000229900578	0	0	0	0	0	3
835	305	0	0.326171875	0.000724234572	0.00057273697	0.00034192922	0.000725938631	0.00023080775	0	0	0	0	0	3
840	306	0	0.328125	0.000760819587	0.000573849885	0.00034192922	0.000760819587	0.000231920665	0	0	0	0	0	3
845	307	0	0.330078125	0.000760798645	0.000574949583	0.00034192922	0.000760819587	0.000233020363	0	0	0	0	0	3
850	307	0	0.33203125	0.000760753439	0.000576036155	0.00034192922	0.000760819587	0.000234106935	0	0	0	0	0	3
855	308	0	0.333984375	0.000760678292	0.000577109656	0.00034192922	0.000760819587	0.000235180436	0	0	0	0	0	3
860	309	0	0.3359375	0.000760571535	0.000578170129	0.00034192922	0.000760819587	0.000236240909	0	0	0	0	0	3
865	310	0	0.337890625	0.000760431661	0.00057921761	0.00034192922	0.000760819587	0.00023728839	0	0	0	0	0	3
870	311	0	0.33984375	0.00076025533	0.000580252111	0.00034192922	0.000760819587	0.000238322891	0	0	0	0	0	3
875	312	0	0.341796875	0.000760043364	0.000581273652	0.00034192922	0.000760819587	0.000239344432	0	0	0	0	0	3
880	313	0	0.34375	0.000759796288	0.000582282254	0.00034192922	0.000760819587	0.000240353034	0	0	0	0	0	3
885	314	0	0.345703125	0.000759513849	0.000583277938	0.00034192922	0.000760819587	0.000241348718	0	0	0	0	0	3
890	315	0	0.34765625	0.000759194824	0.000584260713	0.00034192922	0.000760819587	0.000242331493	0	0	0	0	0	3
895	315	0	0.349609375	0.000758838146	0.000585230588	0.00034192922	0.000760819587	0.000243301368	0	0	0	0	0	3
900	316	0	0.3515625	0.0007584418	0.000586187556	0.00034192922	0.000760819587	0.000244258336	0	0	0	0	0	3
905	318	0	0.353515625	0.000757999302	0.000587131577	0.00034192922	0.000760819587	0.000245202357	0	0	0	0	0	3
910	319	0	0.35546875	0.000757500784	0.000588062556	0.00034192922	0.000760819587	0.000246133336	0	0	0	0	0	3
915	320	0	0.357421875	0.000756938832	0.000588980362	0.00034192922	0.000760819587	0.000247051142	0	0	0	0	0	3
920	321	0	0.359375	0.000756313249	0.000589884864	0.00034192922	0.000760819587	0.000247955644	0	0	0	0	0	3
925	321	0	0.361328125	0.000755628767	0.00059077596	0.00034192922	0.000760819587	0.00024884674	0	0	0	0	0	3
930	322	0	0.36328125	0.000754888569	0.000591653568	0.00034192922	0.000760819587	0.000249724348	0	0	0	0	0	3
935	323	0	0.365234375	0.000754094834	0.000592517617	0.00034192922	0.000760819587	0.000250588397	0	0	0	0	0	3
940	324	0	0.3671875	0.000753247624	0.00059336804	0.00034192922	0.000760819587	0.00025143882	0	0	0	0	0	3
945	325	0	0.369140625	0.000752345789	0.000594204765	0.00034192922	0.000760819587	0.000252275545	0	0	0	0	0	3
950	325	0	0.37109375	0.000751386285	0.000595027705	0.00034192922	0.000760819587	0.000253098485	0	0	0	0	0	3
955	326	0	0.373046875	0.000750364261	0.00059583675	0.00034192922	0.000760819587	0.00025390753	0	0	0	0	0	3
960	327	0	0.375	0.000749273136	0.000596631757	0.00034192922	0.000760819587	0.000254702537	0	0	0	0	0	3
965	328	0	0.376953125	0.000748105143	0.000597412548	0.00034192922	0.000760819587	0.000255483328	0	0	0	0	0	3
970	329	0	0.37890625	0.000746850653	0.000598178897	0.00034192922	0.000760819587	0.000256249677	0	0	0	0	0	3
975	329	0	0.380859375	0.000745496664	0.000598930518	0.00034192922	0.000760819587	0.000257001298	0	0	0	0	0	3
980	330	0	0.3828125	0.000744024757	0.000599667037	0.00034192922	0.000760819587	0.000257737817	0	0	0	0	0	3
985	331	0	0.384765625	0.000742405155	0.000600387937	0.00034192922	0.000760819587	0.000258458717	0	0	0	0	0	3
990	332	0	0.38671875	0.000740591005	0.000601092475	0.00034192922	0.000760819587	0.000259163255	0	0	0	0	0	3
995	333	0	0.388671875	0.000738511623	0.00060177957	0.00034192922	0.000760819587	0.00025985035	0	0	0	0	0	3
1000	333	0	0.390625	0.000736090994	0.000602447786	0.00034192922	0.000760819587	0.000260518566	0	0	0	0	0	3
1005	335	0	0.392578125	0.000741249769	0.000603134925	0.00034192922	0.000760819587	0.000261205705	0	0	0	0	0	3
1010	336	0	0.39453125	0.000738072168	0.00060379964	0.00034192922	0.000760819587	0.00026187042	0	0	0	0	0	3
1015	337	0	0.396484375	0.000734532353	0.000604440487	0.00034192922	0.000760819587	0.000262511267	0	0	0	0	0	3
1020	338	0	0.3984375	0.000730667623	0.000605056229	0.00034192922	0.000760819587	0.000263127009	0	0	0	0	0	3
1025	339	0	0.400390625	0.000726529621	0.000605645906	0.00034192922	0.000760819587	0.000263716686	0	0	0	0	0	3
1030	339	0	0.40234375	0.000722163963	0.000606208795	0.00034192922	0.000760819587	0.000264279575	0	0	0	0	0	3
1035	340	0	0.404296875	0.00071761028	0.000606744379	0.00034192922	0.000760819587	0.000264815159	0	0	0	0	0	3
1040	341	0	0.40625	0.000712904864	0.000607252324	0.00034192922	0.000760819587	0.000265323104	0	0	0	0	0	3
1045	342	0	0.408203125	0.000708078516	0.000607732449	0.00034192922	0.000760819587	0.000265803229	0	0	0	0	0	3
1050	343	0	0.41015625	0.0007031659	0.00060818474	0.00034192922	0.000760819587	0.00026625552	0	0	0	0	0	3
1055	343	0	0.412109375	0.000698202245	0.000608609351	0.00034192922	0.000760819587	0.000266680131	0	0	0	0	0	3
1060	344	0	0.4140625	0.000693220109	0.000609006584	0.00034192922	0.000760819587	0.000267077364	0	0	0	0	0	3
1065	345	0	0.416015625	0.000688245659	0.000609376861	0.00034192922	0.000760819587	0.000267447641	0	0	0	0	0	3
1070	346	0	0.41796875	0.000683298648	0.000609720683	0.00034192922	0.000760819587	0.000267791463	0	0	0	0	0	3
1075	347	0	0.419921875	0.000678393305	0.000610038612	0.00034192922	0.000760819587	0.000268109392	0	0	0	0	0	3
1080	347	0	0.421875	0.000673535631	0.000610331225	0.00034192922	0.000760819587	0.000268402005	0	0	0	0	0	3
1085	348	0	0.423828125	0.000668717048	0.000610599049	0.00034192922	0.000760819587	0.000268669829	0	0	0	0	0	3
1090	349	0	0.42578125	0.00066391325	0.000610842493	0.00034192922	0.000760819587	0.000268913273	0	0	0	0	0	3
1095	350	0	0.427734375	0.000659095169	0.000611061824	0.00034192922	0.000760819587	0.000269132604	0	0	0	0	0	3
1100	351	0	0.4296875	0.000654244196	0.000611257219	0.00034192922	0.000760819587	0.000269327999	0	0	0	0	0	3
1105	352	0	0.431640625	0.000649356967	0.000611428839	0.00034192922	0.000760819587	0.000269499619	0	0	0	0	0	3
1110	353	0	0.43359375	0.000644443118	0.000611576886	0.00034192922	0.000760819587	0.000269647666	0	0	0	0	0	3
1115	354	0	0.435546875	0.000639519525	0.00061170163	0.00034192922	0.000760819587	0.00026977241	0	0	0	0	0	3
1120	355	0	0.4375	0.000634604828	0.000611803422	0.00034192922	0.000760819587	0.000269874202	0	0	0	0	0	3
1125	356	0	0.439453125	0.000629713483	0.00061188267	0.00034192922	0.000760819587	0.00026995345	0	0	0	0	0	3
1130	356	0	0.44140625	0.000624855378	0.000611939818	0.00034192922	0.000760819587	0.000270010598	0	0	0	0	0	3
1135	357	0	0.443359375	0.000620038092	0.000611975337	0.00034192922	0.000760819587	0.000270046117	0	0	0	0	0	3
1140	358	0	0.4453125	0.000615263538	0.000611989696	0.00034192922	0.000760819587	0.000270060476	0	0	0	0	0	3
1145	359	0	0.447265625	0.000610533438	0.000611983364	0.00034192922	0.000760819587	0.000270060476	0	0	0	0	0	3
1150	360	0	0.44921875	0.000605820319	0.000611956684	0.00034192922	0.000760819587	0.000270060476	0	0	0	0	0	3
1155	361	0	0.451171875	0.000601173967	0.000611910207	0.00034192922	0.000760819587	0.000270060476	0	0	0	0	0	3
1160	361	0	0.453125	0.000596672397	0.000611844809	0.00034192922	0.000760819587	0.000270060476	0	0	0	0	0	3
1165	362	0	0.455078125	0.000592387909	0.00061176166	0.00034192922	0.000760819587	0.000270060476	0	0	0	0	0	3
1170	363	0	0.45703125	0.00046883437	0.000611153458	0.00034192922	0.000760819587	0.000270060476	0	0	0	0	0	3
1175	364	0	0.458984375	0.00046465412	0.000610532699	0.00034192922	0.000760819587	0.000270060476	0	0	0	0	0	3
1180	365	0	0.4609375	0.000460690703	0.000609900454	0.00034192922	0.000760819587	0.000270060476	0	0	0	0	0	3
1185	366	0	0.462890625	0.000457375507	0.000609259593	0.00034192922	0.000760819587	0.000270060476	0	0	0	0	0	3
1190	366	0	0.46484375	0.000453333785	0.000608607183	0.00034192922	0.000760819587	0.000270060476	0	0	0	0	0	3
1195	367	0	0.466796875	0.000448968976	0.000607942024	0.00034192922	0.000760819587	0.000270060476	0	0	0	0	0	3
1200	368	0	0.46875	0.000445299506	0.000607267159	0.00034192922	0.000760819587	0.000270060476	0	0	0	0	0	3
1205	370	0	0.470703125	0.000442277311	0.000606585383	0.00034192922	0.000760819587	0.000270060476	0	0	0	0	0	3
1210	371	0	0.47265625	0.000439637465	0.000605898354	0.00034192922	0.000760819587	0.000270060476	0	0	0	0	0	3
1215	372	0	0.474609375	0.000437313852	0.000605207434	0.00034192922	0.000760819587	0.000270060476	0	0	0	0	0	3
1220	373	0	0.4765625	0.000435137341	0.000604513271	0.00034192922	0.000760819587	0.000270060476	0	0	0	0	0	3
1225	374	0	0.478515625	0.000432826841	0.000603815358	0.00034192922	0.000760819587	0.000270060476	0	0	0	0	0	3
1230	374	0	0.48046875	0.000430005095	0.000603111673	0.00034192922	0.000760819587	0.000270060476	0	0	0	0	0	3
1235	375	0	0.482421875	0.000426343746	0.000602398899	0.00034192922	0.000760819587	0.000270060476	0	0	0	0	0	3
1240	376	0	0.484375	0.000421637346	0.000601672949	0.00034192922	0.000760819587	0.000270060476	0	0	0	0	0	3
1245	377	0	0.486328125	0.000415843942	0.000600929633	0.00034192922	0.000760819587	0.000270060476	0	0	0	0	0	3
1250	378	0	0.48828125	0.000408990592	0.000600164936	0.00034192922	0.000760819587	0.000270060476	0	0	0	0	0	3
1255	379	0	0.490234375	0.000401250222	0.000599375592	0.00034192922	0.000760819587	0.000270060476	0	0	0	0	0	3
1260	380	0	0.4921875	0.00039280472	0.000598559106	0.00034192922	0.000760819587	0.000270060476	0	0	0	0	0	3
1265	380	0	0.494140625	0.000383771083	0.000597713484	0.00034192922	0.000760819587	0.000270060476	0	0	0	0	0	3
1270	381	0	0.49609375	0.000374310643	0.000596837394	0.00034192922	0.000760819587	0.000270060476	0	0	0	0	0	3
1275	382	0	0.498046875	0.000364838604	0.000595931149	0.00034192922	0.000760819587	0.000270060476	0	0	0	0	0	3
1280	383	0	0.5	0.000355555457	0.000594995835	0.00034192922	0.000760819587	0.000270060476	0	0	0	0	0	3
1285	384	0	0.501953125	0.00034670168	0.000596002694	0.000341935266	0.000760819587	0.000270004989	0	0	0	0	0	3
1290	385	0	0.50390625	0.000338318114	0.000595988263	0.000338318114	0.000760819587	0.00026999307	0	0	0	0	0	3
1295	385	0	0.505859375	0.000330453611	0.000595943033	0.000330453611	0.000760819587	0.000269989667	0	0	0	0	0	3
1300	386	0	0.5078125	0.000323053858	0.000595868972	0.000323053858	0.000760819587	0.000269987628	0	0	0	0	0	3
1305	388	0	0.509765625	0.000316194185	0.00059576812	0.000316194185	0.000760819587	0.000269987217	0	0	0	0	0	3
1310	389	0	0.51171875	0.000309868665	0.000595642558	0.000309868665	0.000760819587	0.000269987217	0	0	0	0	0	3
1315	390	0	0.513671875	0.000303777253	0.0005954932	0.000303777253	0.000760819587	0.000269987217	0	0	0	0	0	3
1320	391	0	0.515625	0.000298001178	0.000595321277	0.000298001178	0.000760819587	0.000269987217	0	0	0	0	0	3
1325	392	0	0.517578125	0.000292794489	0.000595129013	0.000292794489	0.000760819587	0.000269987217	0	0	0	0	0	3
1330	392	0	0.51953125	0.000288105217	0.00059491843	0.000288105217	0.000760819587	0.000269987217	0	0	0	0	0	3
1335	393	0	0.521484375	0.000283524685	0.000594689954	0.000283524685	0.000760819587	0.000269987217	0	0	0	0	0	3
1340	394	0	0.5234375	0.000103289054	0.000593757431	0.000103289054	0.000760819587	0.000269987217	0	0	0	0	0	3
1345	395	0	0.525390625	9.79087895e-05	0.000592803892	9.79087895e-05	0.000760819587	0.000269987217	0	0	0	0	0	3
1350	396	0	0.52734375	9.31906292e-05	0.000591831921	9.31906292e-05	0.000760819587	0.000269987217	0	0	0	0	0	3
1355	397	0	0.529296875	8.86403693e-05	0.000590842175	8.86403693e-05	0.000760819587	0.000269987217	0	0	0	0	0	3
1360	397	0	0.53125	8.38588534e-05	0.00058983375	8.38588534e-05	0.000760819587	0.000269987217	0	0	0	0	0	3
1365	398	0	0.533203125	7.87484737e-05	0.000588805364	7.87484737e-05	0.000760819587	0.000269987217	0	0	0	0	0	3
1370	399	0	0.53515625	7.37635431e-05	0.000587757505	7.37635431e-05	0.000760819587	0.000269987217	0	0	0	0	0	3
1375	400	0	0.537109375	6.9503036e-05	0.000586693002	6.9503036e-05	0.000760819587	0.000269987217	0	0	0	0	0	3
1380	401	0	0.5390625	6.52756723e-05	0.000585611985	6.52756723e-05	0.000760819587	0.000269987217	0	0	0	0	0	3
1385	402	0	0.541015625	6.06288393e-05	0.000584512817	6.06288393e-05	0.000760819587	0.000269987217	0	0	0	0	0	3
1390	402	0	0.54296875	5.55281726e-05	0.000583393728	5.55281726e-05	0.000760819587	0.000269987217	0	0	0	0	0	3
1395	403	0	0.544921875	4.99928695e-05	0.000582253025	4.99928695e-05	0.000760819587	0.000269987217	0	0	0	0	0	3
1400	404	0	0.546875	4.38280275e-05	0.000581088249	4.38280275e-05	0.000760819587	0.000269987217	0	0	0	0	0	3
1405	406	0	0.548828125	3.69658156e-05	0.000579896682	3.69658156e-05	0.000760819587	0.000269987217	0	0	0	0	0	3
1410	407	0	0.55078125	2.94833568e-05	0.000578675905	2.94833568e-05	0.000760819587	0.000269987217	0	0	0	0	0	3
1415	408	0	0.552734375	2.13996511e-05	0.000577423572	2.13996511e-05	0.000760819587	0.000269987217	0	0	0	0	0	3
1420	409	0	0.5546875	1.29181652e-05	0.000576138136	1.29181652e-05	0.000760819587	0.000269987217	0	0	0	0	0	3
1425	410	0	0.556640625	4.34296645e-06	0.000574819233	4.34296645e-06	0.000760819587	0.000269987217	0	0	0	0	0	3
1430	410	0	0.55859375	-4.18242466e-06	0.000573467065	-4.18242466e-06	0.000760819587	0.000269987217	0	0	0	0	0	3
1435	411	0	0.560546875	-1.28952515e-05	0.000572080905	-1.28952515e-05	0.000760819587	0.000269987217	0	0	0	0	0	3
1440	412	0	0.5625	-2.19473149e-05	0.000570659433	-2.19473149e-05	0.000760819587	0.000269987217	0	0	0	0	0	3
1445	413	0	0.564453125	-3.0953961e-05	0.000569202834	-3.0953961e-05	0.000760819587	0.000265188951	0	0	0	0	0	3
1450	414	0	0.56640625	-3.95613986e-05	0.000567056337	-3.95613986e-05	0.000760819587	0.000260657179	0	0	0	0	0	3
1455	415	0	0.568359375	-4.77505652e-05	0.000564877841	-4.77505652e-05	0.000760819587	0.000256370463	0	0	0	0	0	3
1460	416	0	0.5703125	-5.57998518e-05	0.000562667916	-5.57998518e-05	0.000760819587	0.000252309501	0	0	0	0	0	3
1465	416	0	0.572265625	-6.35216088e-05	0.000560427848	-6.35216088e-05	0.000760819587	0.00024845691	0	0	0	0	0	3
1470	417	0	0.57421875	-7.04099994e-05	0.00055816089	-7.04099994e-05	0.000760819587	0.000244797197	0	0	0	0	0	3
1475	418	0	0.576171875	-7.63099166e-05	0.000555870924	-7.63099166e-05	0.000760819587	0.000241316097	0	0	0	0	0	3
1480	419	0	0.578125	-8.12479778e-05	0.000553561683	-8.12479778e-05	0.000760819587	0.000238000812	0	0	0	0	0	3
1485	420	0	0.580078125	-8.52211998e-05	0.000551236931	-8.52211998e-05	0.000760819587	0.000234839822	0	0	0	0	0	3
1490	421	0	0.58203125	-8.79035878e-05	0.000548901716	-8.79035878e-05	0.000760819587	0.000231822666	0	0	0	0	0	3
1495	422	0	0.583984375	-8.92219198e-05	0.000546561377	-8.92219198e-05	0.000760819587	0.000228939793	0	0	0	0	0	3
1500	422	0	0.5859375	-8.94925617e-05	0.000544220014	-8.94925617e-05	0.000760819587	0.000226182487	0	0	0	0	0	3
1505	425	0	0.587890625	-0.000271262601	0.000541168653	-0.000271262601	0.000760819587	0.000223542765	0	0	0	0	0	3
1510	425	0	0.58984375	-0.000309287086	0.000537968804	-0.000309287086	0.000760819587	0.000221013345	0	0	0	0	0	3
1515	426	0	0.591796875	-0.000340656758	0.000534646477	-0.000340656758	0.000760819587	0.000218587521	0	0	0	0	0	3
1520	427	0	0.59375	-0.000361082338	0.000531244429	-0.000361082338	0.000760819587	0.000216259085	0	0	0	0	0	3
1525	428	0	0.595703125	-0.000370341709	0.000527806282	-0.000370341709	0.000760819587	0.000214022363	0	0	0	0	0	3
1530	429	0	0.59765625	-0.000370829302	0.000524366311	-0.000370829302	0.000760819587	0.000211872102	0	0	0	0	0	3
1535	430	0	0.599609375	-0.000365456205	0.000520947416	-0.000370829302	0.000760819587	0.000209803451	0	0	0	0	0	3
1540	431	0	0.6015625	-0.000357880777	0.000517558209	-0.000370829302	0.000760819587	0.000207811923	0	0	0	0	0	3
1545	431	0	0.603515625	-0.000351459698	0.000514194192	-0.000370829302	0.000760819587	0.000205893358	0	0	0	0	0	3
1550	432	0	0.60546875	-0.00034784921	0.000510844395	-0.000370829302	0.000760819587	0.000204043882	0	0	0	0	0	3
1555	433	0	0.607421875	-0.000347894149	0.000507494546	-0.000370829302	0.000760819587	0.000202259914	0	0	0	0	0	3
1560	434	0	0.609375	-0.000351722534	0.00050412988	-0.000370829302	0.000760819587	0.000200538101	0	0	0	0	0	3
1565	435	0	0.611328125	-0.000358429973	0.000500739158	-0.000370829302	0.000760819587	0.000198875323	0	0	0	0	0	3
1570	436	0	0.61328125	-0.000367501993	0.000497313152	-0.000370829302	0.000760819587	0.000197268661	0	0	0	0	0	3
1575	437	0	0.615234375	-0.000378734693	0.00049384343	-0.000378734693	0.000760819587	0.000195715387	0	0	0	0	0	3
1580	437	0	0.6171875	-0.000391599414	0.000490323625	-0.000391599414	0.000760819587	0.000194212949	0	0	0	0	0	3
1585	438	0	0.619140625	-0.000405413661	0.000486750035	-0.000405413661	0.000760819587	0.000192758959	0	0	0	0	0	3
1590	439	0	0.62109375	-0.000419414579	0.000483121938	-0.000419414579	0.000760819587	0.000191351178	0	0	0	0	0	3
1595	440	0	0.623046875	-0.000433318138	0.000479439724	-0.000433318138	0.000760819587	0.000189987498	0	0	0	0	0	3
1600	441	0	0.625	-0.000447300509	0.00047570309	-0.000447300509	0.000760819587	0.000188665944	0	0	0	0	0	3
1605	443	0	0.626953125	-0.000461199816	0.000471912369	-0.000461199816	0.000760819587	0.000187384653	0	0	0	0	0	3
1610	444	0	0.62890625	-0.000474567474	0.000468069644	-0.000474567474	0.000760819587	0.000184635657	0	0	0	0	0	3
1615	445	0	0.630859375	-0.000487423945	0.000463776828	-0.000487423945	0.000760819587	0.000181966691	0	0	0	0	0	3
1620	446	0	0.6328125	-0.000499709324	0.000459436117	-0.000499709324	0.000760819587	0.000179374394	0	0	0	0	0	3
1625	446	0	0.634765625	-0.000510870205	0.000455051922	-0.000510870205	0.000760819587	0.000176855556	0	0	0	0	0	3
1630	447	0	0.63671875	-0.000519774973	0.000450633064	-0.000519774973	0.000760819587	0.000174407109	0	0	0	0	0	3
1635	448	0	0.638671875	-0.000526132411	0.00044618949	-0.000526132411	0.000760819587	0.000172026221	0	0	0	0	0	3
1640	449	0	0.640625	-0.00053057548	0.000441728698	-0.00053057548	0.000760819587	0.000170260998	0	0	0	0	0	3
1645	450	0	0.642578125	-0.000533935596	0.000437254937	-0.000533935596	0.000760819587	0.000174734759	0	0	0	0	0	3
1650	451	0	0.64453125	-0.000536069542	0.000432773005	-0.000536069542	0.000760819587	0.000179216691	0	0	0	0	0	3
1655	452	0	0.646484375	-0.000536326085	0.000428290248	-0.000536326085	0.000760819587	0.000183699448	0	0	0	0	0	3
1660	453	0	0.6484375	-0.000534531717	0.000423814682	-0.000536326085	0.000760819587	0.000188175014	0	0	0	0	0	3
1665	453	0	0.650390625	-0.000530639077	0.000419354522	-0.000536326085	0.000760819587	0.000192635174	0	0	0	0	0	3
1670	454	0	0.65234375	-0.000524740524	0.000414917608	-0.000536326085	0.000760819587	0.000197072088	0	0	0	0	0	3
1675	455	0	0.654296875	-0.000517351738	0.000410509769	-0.000536326085	0.000760819587	0.000201479927	0	0	0	0	0	3
1680	456	0	0.65625	-0.000506830975	0.000406143247	-0.000536326085	0.000760819587	0.000205846449	0	0	0	0	0	3
1685	457	0	0.658203125	-0.000493214842	0.00040183014	-0.000536326085	0.000760819587	0.000210159556	0	0	0	0	0	3
1690	458	0	0.66015625	-0.00048032299	0.000397567626	-0.000536326085	0.000760819587	0.000214422069	0	0	0	0	0	3
1695	458	0	0.662109375	-0.000464088989	0.000393368768	-0.000536326085	0.000760819587	0.000218620927	0	0	0	0	0	3
1700	459	0	0.6640625	-0.000449423061	0.000389227453	-0.000536326085	0.000760819587	0.000222762243	0	0	0	0	0	3
1705	461	0	0.666015625	-0.00043523841	0.000385141798	-0.000536326085	0.000760819587	0.000226847898	0	0	0	0	0	3
1710	462	0	0.66796875	-0.000421157088	0.000381111403	-0.000536326085	0.000760819587	0.000230878292	0	0	0	0	0	3
1715	463	0	0.669921875	-0.000411898388	0.000377117434	-0.000536326085	0.000760819587	0.000234872261	0	0	0	0	0	3
1720	464	0	0.671875	-0.000401729211	0.000373163452	-0.000536326085	0.000760819587	0.000238826243	0	0	0	0	0	3
1725	465	0	0.673828125	-0.00039222161	0.000369246878	-0.000536326085	0.000760819587	0.000242742818	0	0	0	0	0	3
1730	466	0	0.67578125	-0.000386722243	0.000365352059	-0.000536326085	0.000760819587	0.000246637637	0	0	0	0	0	3
1735	466	0	0.677734375	-0.000381765702	0.000361476876	-0.000536326085	0.000760819587	0.00025051282	0	0	0	0	0	3
1740	467	0	0.6796875	-0.000377081463	0.000357620267	-0.000536326085	0.000760819587	0.000254369429	0	0	0	0	0	3
1745	468	0	0.681640625	-0.000375637963	0.000353769577	-0.000536326085	0.000760819587	0.000258220119	0	0	0	0	0	3
1750	469	0	0.68359375	-0.000370397481	0.000349939638	-0.000536326085	0.000760819587	0.000262050057	0	0	0	0	0	3
1755	470	0	0.685546875	-0.00036801072	0.000346119306	-0.000536326085	0.000760819587	0.00026587039	0	0	0	0	0	3
1760	471	0	0.6875	-0.000365178321	0.000342310325	-0.000536326085	0.000760819587	0.000269679371	0	0	0	0	0	3
1765	472	0	0.689453125	-0.000362604959	0.000338511681	-0.000536326085	0.000760819587	0.000273478015	0	0	0	0	0	3
1770	472	0	0.69140625	-0.000359227435	0.000334726518	-0.000536326085	0.000760819587	0.000277263178	0	0	0	0	0	3
1775	473	0	0.693359375	-0.000357943339	0.000330946658	-0.000536326085	0.000760819587	0.000281043038	0	0	0	0	0	3
1780	474	0	0.6953125	-0.000356373279	0.00032717322	-0.000536326085	0.000760819587	0.000284816475	0	0	0	0	0	3
1785	475	0	0.697265625	-0.000354190086	0.000323138549	-0.000536326085	0.000760819587	0.000288851146	0	0	0	0	0	3
1790	476	0	0.69921875	-0.000351646804	0.000319114005	-0.000536326085	0.000760819587	0.000292875691	0	0	0	0	0	3
1795	477	0	0.701171875	-0.00034690398	0.000315108179	-0.000536326085	0.000760819587	0.000296881517	0	0	0	0	0	3
1800	478	0	0.703125	-0.000343865995	0.000311114425	-0.000536326085	0.000760819587	0.000300875271	0	0	0	0	0	3
1805	479	0	0.705078125	-0.000338966133	0.000307140043	-0.000536326085	0.000760819587	0.000304849652	0	0	0	0	0	3
1810	480	0	0.70703125	-0.000335468829	0.000303179587	-0.000536326085	0.000760819587	0.000308810109	0	0	0	0	0	3
1815	481	0	0.708984375	-0.000325331128	0.000299259016	-0.000536326085	0.000760819587	0.00031273068	0	0	0	0	0	3
1820	482	0	0.7109375	-0.000319482725	0.000295361576	-0.000536326085	0.000760819587	0.00031662812	0	0	0	0	0	3
1825	483	0	0.712890625	-0.000310176667	0.000291500778	-0.000536326085	0.000760819587	0.000320488918	0	0	0	0	0	3
1830	484	0	0.71484375	-0.000300435719	0.000287678317	-0.000536326085	0.000760819587	0.000324311379	0	0	0	0	0	3
1835	485	0	0.716796875	-0.000289279974	0.00028389973	-0.000536326085	0.000760819587	0.000328089965	0	0	0	0	0	3
1840	485	0	0.71875	-0.000274325725	0.000280179853	-0.000536326085	0.000760819587	0.000331809842	0	0	0	0	0	3
1845	486	0	0.720703125	-0.000262137553	0.000276507883	-0.000536326085	0.000760819587	0.000335481813	0	0	0	0	0	3
1850	487	0	0.72265625	-0.000250979379	0.000272879798	-0.000536326085	0.000760819587	0.000339109898	0	0	0	0	0	3
1855	488	0	0.724609375	-0.00023777968	0.000269303571	-0.000536326085	0.000760819587	0.000342686125	0	0	0	0	0	3
1860	489	0	0.7265625	-0.000226047784	0.000265773467	-0.000536326085	0.000760819587	0.000346216228	0	0	0	0	0	3
1865	490	0	0.728515625	-0.000212306631	0.000262297338	-0.000536326085	0.000760819587	0.000349692358	0	0	0	0	0	3
1870	491	0	0.73046875	-0.000204144446	0.000258853389	-0.000536326085	0.000760819587	0.000353136307	0	0	0	0	0	3
1875	491	0	0.732421875	-0.000193154946	0.000255452665	-0.000536326085	0.000760819587	0.000356537031	0	0	0	0	0	3
1880	492	0	0.734375	-0.000184228802	0.000252087105	-0.000536326085	0.000760819587	0.000359902591	0	0	0	0	0	3
1885	493	0	0.736328125	-0.00017560138	0.000248755541	-0.000536326085	0.000760819587	0.000363234154	0	0	0	0	0	3
1890	494	0	0.73828125	-0.000167029691	0.000245457754	-0.000536326085	0.000760819587	0.000366531942	0	0	0	0	0	3
1895	495	0	0.740234375	-0.000162449242	0.000242178153	-0.000536326085	0.000760819587	0.000369811543	0	0	0	0	0	3
1900	496	0	0.7421875	-0.000157480387	0.000238918252	-0.000536326085	0.000760819587	0.000373071444	0	0	0	0	0	3
1905	498	0	0.744140625	-0.000148541246	0.000235693558	-0.000536326085	0.000760819587	0.000376296137	0	0	0	0	0	3
1910	498	0	0.74609375	-0.000147444004	0.00023247344	-0.000536326085	0.000760819587	0.000379516256	0	0	0	0	0	3
1915	499	0	0.748046875	-0.000142391274	0.000229273344	-0.000536326085	0.000760819587	0.000382716352	0	0	0	0	0	3
1920	500	0	0.75	-0.00013767084	0.000226091971	-0.000536326085	0.000760819587	0.000385897725	0	0	0	0	0	3
1925	501	0	0.751953125	-0.000138571173	0.000222907363	-0.000536326085	0.000760819587	0.000389082333	0	0	0	0	0	3
1930	502	0	0.75390625	-0.000138066103	0.000219725008	-0.000536326085	0.000760819587	0.000392264688	0	0	0	0	0	3
1935	503	0	0.755859375	-0.000134159093	0.000216558192	-0.000536326085	0.000760819587	0.000395431503	0	0	0	0	0	3
1940	504	0	0.7578125	-0.000132289753	0.000213398953	-0.000536326085	0.000760819587	0.000398590742	0	0	0	0	0	3
1945	505	0	0.759765625	-0.000131293765	0.000210243877	-0.000536326085	0.000760819587	0.000401745819	0	0	0	0	0	3
1950	505	0	0.76171875	-0.000133378257	0.00020688717	-0.000536326085	0.000760819587	0.000405102526	0	0	0	0	0	3
1955	506	0	0.763671875	-0.000126502939	0.000203557576	-0.000536326085	0.000760819587	0.00040843212	0	0	0	0	0	3
1960	507	0	0.765625	-0.000126431931	0.000200228465	-0.000536326085	0.000760819587	0.00041176123	0	0	0	0	0	3
1965	508	0	0.767578125	-0.000125931903	0.000196901528	-0.000536326085	0.000760819587	0.000415088168	0	0	0	0	0	3
1970	509	0	0.76953125	-0.000123582102	0.000193584007	-0.000536326085	0.000760819587	0.000418405689	0	0	0	0	0	3
1975	510	0	0.771484375	-0.000117675301	0.000190289825	-0.000536326085	0.000760819587	0.000421699871	0	0	0	0	0	3
1980	511	0	0.7734375	-0.00011103134	0.00018702188	-0.000536326085	0.000760819587	0.000424967816	0	0	0	0	0	3
1985	512	0	0.775390625	-0.000104513822	0.000183779678	-0.000536326085	0.000760819587	0.000428210018	0	0	0	0	0	3
1990	513	0	0.77734375	-9.83475926e-05	0.000180561846	-0.000536326085	0.000760819587	0.000431427849	0	0	0	0	0	3
1995	513	0	0.779296875	-9.2577789e-05	0.00017736684	-0.000536326085	0.000760819587	0.000434622856	0	0	0	0	0	3
2000	514	0	0.78125	-8.71156826e-05	0.000174193458	-0.000536326085	0.000760819587	0.000437796238	0	0	0	0	0	3
2005	516	0	0.783203125	1.35015588e-06	0.000171365933	-0.000536326085	0.000760819587	0.000440623763	0	0	0	0	0	3
2010	517	0	0.78515625	6.30265749e-06	0.000168558041	-0.000536326085	0.000760819587	0.000443431655	0	0	0	0	0	3
2015	518	0	0.787109375	1.05740925e-05	0.000165767121	-0.000536326085	0.000760819587	0.000446222575	0	0	0	0	0	3
2020	519	0	0.7890625	1.43897936e-05	0.000162991391	-0.000536326085	0.000760819587	0.000448998305	0	0	0	0	0	3
2025	520	0	0.791015625	1.76818879e-05	0.000160228804	-0.000536326085	0.000760819587	0.000451760892	0	0	0	0	0	3
2030	521	0	0.79296875	2.04786093e-05	0.000157477422	-0.000536326085	0.000760819587	0.000454512273	0	0	0	0	0	3
2035	521	0	0.794921875	2.25577688e-05	0.000154734439	-0.000536326085	0.000760819587	0.000457255257	0	0	0	0	0	3
2040	522	0	0.796875	2.3835043e-05	0.000151996713	-0.000536326085	0.000760819587	0.000459992983	0	0	0	0	0	3
2045	523	0	0.798828125	2.4379563e-05	0.000149261373	-0.000536326085	0.000760819587	0.000462728323	0	0	0	0	0	3
2050	524	0	0.80078125	2.46569947e-05	0.000146527359	-0.000536326085	0.000760819587	0.000465462336	0	0	0	0	0	3
2055	525	0	0.802734375	2.49248804e-05	0.000143794614	-0.000536326085	0.000760819587	0.000468195082	0	0	0	0	0	3
2060	526	0	0.8046875	2.52058258e-05	0.000141063158	-0.000536326085	0.000760819587	0.000470926537	0	0	0	0	0	3
2065	527	0	0.806640625	2.5503872e-05	0.000138333029	-0.000536326085	0.000760819587	0.000473656667	0	0	0	0	0	3
2070	528	0	0.80859375	2.59022263e-05	0.000135604587	-0.000536326085	0.000760819587	0.000476385109	0	0	0	0	0	3
2075	529	0	0.810546875	2.64553362e-05	0.000132878419	-0.000536326085	0.000760819587	0.000479111277	0	0	0	0	0	3
2080	529	0	0.8125	2.71971209e-05	0.00013015525	-0.000536326085	0.000760819587	0.000481834446	0	0	0	0	0	3
2085	530	0	0.814453125	2.81328846e-05	0.000127435824	-0.000536326085	0.000760819587	0.000484553871	0	0	0	0	0	3
2090	531	0	0.81640625	2.92871909e-05	0.000124720978	-0.000536326085	0.000760819587	0.000487268718	0	0	0	0	0	3
2095	532	0	0.818359375	3.06937692e-05	0.000122011678	-0.000536326085	0.000760819587	0.000489978018	0	0	0	0	0	3
2100	533	0	0.8203125	3.23803319e-05	0.000119309005	-0.000536326085	0.000760819587	0.000492680691	0	0	0	0	0	3
2105	535	0	0.822265625	3.43384449e-05	0.000116614014	-0.000536326085	0.000760819587	0.000495375682	0	0	0	0	0	3
2110	536	0	0.82421875	3.65214223e-05	0.000113927584	-0.000536326085	0.000760819587	0.000498062112	0	0	0	0	0	3
2115	537	0	0.826171875	3.89933861e-05	0.000111250861	-0.000536326085	0.000760819587	0.000500738835	0	0	0	0	0	3
2120	537	0	0.828125	4.18493939e-05	0.000108442383	-0.000536326085	0.000760798645	0.000503547312	0	0	0	0	0	3
2125	538	0	0.830078125	4.50818036e-05	0.000105646614	-0.000536326085	0.000760753439	0.000506343081	0	0	0	0	0	3
2130	539	0	0.83203125	4.85833498e-05	0.0001028647	-0.000536326085	0.000760678292	0.000509124996	0	0	0	0	0	3
2135	540	0	0.833984375	5.22349076e-05	0.000100097343	-0.000536326085	0.000760571535	0.000511892353	0	0	0	0	0	3
2140	541	0	0.8359375	5.60378472e-05	9.73452583e-05	-0.000536326085	0.000760431661	0.000514644437	0	0	0	0	0	3
2145	542	0	0.837890625	6.00101787e-05	9.46092369e-05	-0.000536326085	0.00076025533	0.000517380459	0	0	0	0	0	3
2150	543	0	0.83984375	6.39952842e-05	9.18894711e-05	-0.000536326085	0.000760043364	0.000520100225	0	0	0	0	0	3
2155	544	0	0.841796875	6.77568226e-05	8.91852268e-05	-0.000536326085	0.000759796288	0.000522804469	0	0	0	0	0	3
2160	545	0	0.84375	7.10855548e-05	8.64949505e-05	-0.000536326085	0.000759513849	0.000525494745	0	0	0	0	0	3
2165	546	0	0.845703125	7.38423082e-05	8.38165461e-05	-0.000536326085	0.000759194824	0.00052817315	0	0	0	0	0	3
2170	547	0	0.84765625	7.59485442e-05	8.11476153e-05	-0.000536326085	0.000758838146	0.00053084208	0	0	0	0	0	3
2175	548	0	0.849609375	0.000158940191	7.88042639e-05	-0.000536326085	0.0007584418	0.000533185432	0	0	0	0	0	3
2180	548	0	0.8515625	0.0001603241	7.64678666e-05	-0.000536326085	0.000757999302	0.000535521829	0	0	0	0	0	3
2185	549	0	0.853515625	0.000160804038	7.41350726e-05	-0.000536326085	0.000757500784	0.000537854623	0	0	0	0	0	3
2190	550	0	0.85546875	0.000160746438	7.1804001e-05	-0.000536326085	0.000756938832	0.000540185695	0	0	0	0	0	3
2195	551	0	0.857421875	0.000160315844	6.94734424e-05	-0.000536326085	0.000756313249	0.000542516253	0	0	0	0	0	3
2200	552	0	0.859375	0.000159368578	6.71416273e-05	-0.000536326085	0.000755628767	0.000544848068	0	0	0	0	0	3
2205	554	0	0.861328125	0.000157940283	6.48069067e-05	-0.000536326085	0.000754888569	0.000547182789	0	0	0	0	0	3
2210	555	0	0.86328125	0.000156191431	6.2468246e-05	-0.000536326085	0.000754094834	0.00054952145	0	0	0	0	0	3
2215	556	0	0.865234375	0.000154441726	6.0125851e-05	-0.000536326085	0.000753247624	0.000551863845	0	0	0	0	0	3
2220	556	0	0.8671875	0.000152828635	5.77804643e-05	-0.000536326085	0.000752345789	0.000554209231	0	0	0	0	0	3
2225	557	0	0.869140625	0.00015151061	5.54334519e-05	-0.000536326085	0.000751386285	0.000556556244	0	0	0	0	0	3
2230	558	0	0.87109375	0.000150639449	5.30867846e-05	-0.000536326085	0.000750364261	0.000558902911	0	0	0	0	0	3
2235	559	0	0.873046875	0.000150308188	5.07428155e-05	-0.000536326085	0.000749273136	0.00056124688	0	0	0	0	0	3
2240	560	0	0.875	0.000150545386	4.84040353e-05	-0.000536326085	0.000748105143	0.00056358566	0	0	0	0	0	3
2245	561	0	0.876953125	0.00015129814	4.60727579e-05	-0.000536326085	0.000746850653	0.000565916938	0	0	0	0	0	3
2250	562	0	0.87890625	0.000152465843	4.37509423e-05	-0.000536326085	0.000745496664	0.000568238754	0	0	0	0	0	3
2255	563	0	0.880859375	0.00015392241	4.14401053e-05	-0.000536326085	0.000744024757	0.00057054959	0	0	0	0	0	3
2260	564	0	0.8828125	0.000155589212	3.9141529e-05	-0.000536326085	0.000742405155	0.000572848167	0	0	0	0	0	3
2265	564	0	0.884765625	0.000157509486	3.68567803e-05	-0.000536326085	0.000741249769	0.000575132915	0	0	0	0	0	3
2270	565	0	0.88671875	0.000159772336	3.45879573e-05	-0.000536326085	0.000741249769	0.000577401738	0	0	0	0	0	3
2275	566	0	0.888671875	0.000162352453	3.23373356e-05	-0.000536326085	0.000741249769	0.00057965236	0	0	0	0	0	3
2280	567	0	0.890625	0.000165160558	3.01071386e-05	-0.000536326085	0.000741249769	0.000581882557	0	0	0	0	0	3
2285	568	0	0.892578125	0.000168162975	2.78685183e-05	-0.000536326085	0.000738072168	0.000584121177	0	0	0	0	0	3
2290	569	0	0.89453125	0.00017140635	2.56549799e-05	-0.000536326085	0.000734532353	0.000586334716	0	0	0	0	0	3
2295	570	0	0.896484375	0.000174884406	2.34688551e-05	-0.000536326085	0.000730667623	0.000588520841	0	0	0	0	0	3
2300	571	0	0.8984375	0.000178478259	2.13118654e-05	-0.000536326085	0.000726529621	0.00059067783	0	0	0	0	0	3
2305	573	0	0.900390625	0.000182027668	1.91849047e-05	-0.000536326085	0.000722163963	0.000592804791	0	0	0	0	0	3
2310	574	0	0.90234375	0.000185427721	1.70882787e-05	-0.000536326085	0.00071761028	0.000594901417	0	0	0	0	0	3
2315	575	0	0.904296875	0.000188641998	1.50219964e-05	-0.000536326085	0.000712904864	0.000596967699	0	0	0	0	0	3
2320	575	0	0.90625	0.000191600364	1.29856507e-05	-0.000536326085	0.000708078516	0.000599004045	0	0	0	0	0	3
2325	576	0	0.908203125	0.000194139002	1.09780745e-05	-0.000536326085	0.0007031659	0.000601011621	0	0	0	0	0	3
2330	577	0	0.91015625	0.000196081734	8.99727694e-06	-0.000536326085	0.000698202245	0.000602992419	0	0	0	0	0	3
2335	578	0	0.912109375	0.000197356496	7.04084823e-06	-0.000536326085	0.000693220109	0.000604948848	0	0	0	0	0	3
2340	579	0	0.9140625	0.000264968413	5.36799005e-06	-0.000536326085	0.000688245659	0.000606621706	0	0	0	0	0	3
2345	580	0	0.916015625	0.000265546418	3.71682114e-06	-0.000536326085	0.000683298648	0.000608272875	0	0	0	0	0	3
2350	581	0	0.91796875	0.000265615418	2.08524602e-06	-0.000536326085	0.000678393305	0.00060990445	0	0	0	0	0	3
2355	582	0	0.919921875	0.000264918779	4.70111157e-07	-0.000536326085	0.000673535631	0.000611519585	0	0	0	0	0	3
2360	582	0	0.921875	0.00026365406	-1.13098873e-06	-0.000536326085	0.000668717048	0.000613120684	0	0	0	0	0	3
2365	583	0	0.923828125	0.000261786416	-2.72056151e-06	-0.000536326085	0.00066391325	0.000614710257	0	0	0	0	0	3
2370	584	0	0.92578125	0.000259257973	-4.30124619e-06	-0.000536326085	0.000659095169	0.000616290942	0	0	0	0	0	3
2375	585	0	0.927734375	0.000256373869	-5.87437626e-06	-0.000536326085	0.000654244196	0.000617864072	0	0	0	0	0	3
2380	586	0	0.9296875	0.000253357371	-7.44034043e-06	-0.000536326085	0.000649356967	0.000619430036	0	0	0	0	0	3
2385	587	0	0.931640625	0.00025049461	-8.99839651e-06	-0.000536326085	0.000644443118	0.000620988092	0	0	0	0	0	3
2390	588	0	0.93359375	0.000248030616	-1.05468828e-05	-0.000536326085	0.000639519525	0.000622536579	0	0	0	0	0	3
2395	589	0	0.935546875	0.000246101543	-1.20836718e-05	-0.000536326085	0.000634604828	0.000624073368	0	0	0	0	0	3
2400	589	0	0.9375	0.000244708684	-1.36067037e-05	-0.000536326085	0.000629713483	0.000625596399	0	0	0	0	0	3
2405	591	0	0.939453125	0.000243816677	-1.51141131e-05	-0.000536326085	0.000624855378	0.000627103809	0	0	0	0	0	3
2410	592	0	0.94140625	0.000243464277	-1.6603922e-05	-0.000536326085	0.000620038092	0.000628593618	0	0	0	0	0	3
2415	593	0	0.943359375	0.000243632484	-1.80742564e-05	-0.000536326085	0.000615263538	0.000630063952	0	0	0	0	0	3
2420	594	0	0.9453125	0.000244217982	-1.95236531e-05	-0.000536326085	0.000610533438	0.000631507017	0	0	0	0	0	3
2425	595	0	0.947265625	0.000245082495	-2.09511959e-05	-0.000536326085	0.000605820319	0.00063290788	0	0	0	0	0	3
2430	596	0	0.94921875	0.000246141024	-2.23561931e-05	-0.000536326085	0.000601173967	0.0006342664	0	0	0	0	0	3
2435	597	0	0.951171875	0.000247402922	-2.37381113e-05	-0.000536326085	0.000596672397	0.00063558292	0	0	0	0	0	3
2440	597	0	0.953125	0.000248839151	-2.50968349e-05	-0.000536326085	0.000592387909	0.000636858495	0	0	0	0	0	3
2445	598	0	0.955078125	0.000250290864	-2.64331515e-05	-0.000536326085	0.00046883437	0.00063758661	0	0	0	0	0	3
2450	599	0	0.95703125	0.000251693679	-2.72813573e-05	-0.000536326085	0.00046465412	0.000637814056	0	0	0	0	0	3
2455	600	0	0.958984375	0.000253066464	-2.81078716e-05	-0.000536326085	0.000460690703	0.000638008325	0	0	0	0	0	3
2460	601	0	0.9609375	0.000254424946	-2.89135972e-05	-0.000536326085	0.000457375507	0.00063817319	0	0	0	0	0	3
2465	602	0	0.962890625	0.000255742129	-2.97012276e-05	-0.000536326085	0.000453333785	0.000638308411	0	0	0	0	0	3
2470	603	0	0.96484375	0.000256945466	-3.04683695e-05	-0.000536326085	0.000448968976	0.000638410394	0	0	0	0	0	3
2475	604	0	0.966796875	0.000257993016	-3.12143693e-05	-0.000536326085	0.000445299506	0.000638481528	0	0	0	0	0	3
2480	605	0	0.96875	0.00025893279	-3.19423643e-05	-0.000536326085	0.000442277311	0.000638527747	0	0	0	0	0	3
2485	605	0	0.970703125	0.000259761109	-3.26553182e-05	-0.000536326085	0.000439637465	0.000638553673	0	0	0	0	0	3
2490	606	0	0.97265625	0.000260368843	-3.33555863e-05	-0.000536326085	0.000437313852	0.000638563021	0	0	0	0	0	3
2495	607	0	0.974609375	0.000260574432	-3.40459746e-05	-0.000536326085	0.000435137341	0.000638559245	0	0	0	0	0	3
2500	608	0	0.9765625	0.000260284574	-3.47289932e-05	-0.000536326085	0.000432826841	0.000638544352	0	0	0	0	0	3
2505	610	0	0.978515625	0.00025966493	-3.5405407e-05	-0.000536326085	0.000430005095	0.00063851708	0	0	0	0	0	3
2510	611	0	0.98046875	0.000297097177	-3.59245785e-05	-0.000536326085	0.000426343746	0.000638323478	0	0	0	0	0	3
2515	612	0	0.982421875	0.00029638242	-3.64322399e-05	-0.000536326085	0.000421637346	0.000638105189	0	0	0	0	0	3
2520	613	0	0.984375	0.000295016346	-3.69268532e-05	-0.000536326085	0.000415843942	0.000637856486	0	0	0	0	0	3
2525	614	0	0.986328125	0.000292977151	-3.74068016e-05	-0.000536326085	0.000408990592	0.000637571737	0	0	0	0	0	3
2530	615	0	0.98828125	0.000290309697	-3.78703989e-05	-0.000536326085	0.000401250222	0.00063724599	0	0	0	0	0	3
2535	615	0	0.990234375	0.000287104294	-3.83162814e-05	-0.000536326085	0.00039280472	0.000636875387	0	0	0	0	0	3
2540	616	0	0.9921875	0.000283616945	-3.87427961e-05	-0.000536326085	0.000383771083	0.00063645628	0	0	0	0	0	3
2545	617	0	0.994140625	0.000280016216	-3.91480886e-05	-0.000536326085	0.000374310643	0.000635985483	0	0	0	0	0	3
2550	618	0	0.99609375	0.000276489912	-3.95302008e-05	-0.000536326085	0.000364838604	0.000635532895	0	0	0	0	0	3
2555	619	0	0.998046875	0.00027324255	-3.98879979e-05	-0.000536326085	0.000355555457	0.000635890692	0	0	0	0	0	3
2560	620	0	1	0.000270404533	-4.02206187e-05	-0.000536326085	0.00034670168	0.000636223313	3.89143702e-05	0	0	0	0	3
2565	621	0	1.00195312	0.000268023536	-4.05279552e-05	-0.000536326085	0.000338318114	0.000636516218	3.89143702e-05	0	0	0	0	3
2570	622	0	1.00390625	0.000266194741	-4.08096871e-05	-0.000536326085	0.000330453611	0.00063675272	3.89143702e-05	0	0	0	0	3
2575	623	0	1.00585938	0.000264942712	-4.10655891e-05	-0.000536326085	0.000323053858	0.000636934561	3.89143702e-05	0	0	0	0	3
2580	623	0	1.0078125	0.000264175879	-4.12955812e-05	-0.000536326085	0.000316194185	0.000637063701	3.89143702e-05	0	0	0	0	3
2585	624	0	1.00976562	0.000263700893	-4.15006331e-05	-0.000536326085	0.000309868665	0.000637143191	3.89143702e-05	0	0	0	0	3
2590	625	0	1.01171875	0.00026332262	-4.16824536e-05	-0.000536326085	0.000303777253	0.000637175654	3.89143702e-05	0	0	0	0	3
2595	626	0	1.01367188	0.000263002267	-4.18417309e-05	-0.000536326085	0.000298001178	0.000637163007	3.89143702e-05	0	0	0	0	3
2600	627	0	1.015625	0.000262780526	-4.19793116e-05	-0.000536326085	0.000297097177	0.000637108324	3.89143702e-05	0	0	0	0	3
2605	629	0	1.01757812	0.000262627026	-4.20971532e-05	-0.000536326085	0.000297097177	0.000637015583	3.89143702e-05	0	0	0	0	3
2610	630	0	1.01953125	0.000262477237	-4.21972625e-05	-0.000536326085	0.000297097177	0.000636887216	3.89143702e-05	0	0	0	0	3
2615	631	0	1.02148438	0.000262340934	-4.22800116e-05	-0.000536326085	0.000297097177	0.000636037443	3.89143702e-05	0	0	0	0	3
2620	632	0	1.0234375	0.000262255681	-4.16590482e-05	-0.000536326085	0.000297097177	0.000635083903	3.89143702e-05	0	0	0	0	3
2625	633	0	1.02539062	0.000262203849	-4.10172706e-05	-0.000536326085	0.000297097177	0.000634111932	3.89143702e-05	0	0	0	0	3
2630	634	0	1.02734375	0.000262085388	-4.03575254e-05	-0.000536326085	0.000297097177	0.000633122187	3.89143702e-05	0	0	0	0	3
2635	635	0	1.02929688	0.000261802259	-3.96811118e-05	-0.000536326085	0.000297097177	0.000632113762	3.89143702e-05	0	0	0	0	3
2640	636	0	1.03125	0.000261442005	-3.89874276e-05	-0.000536326085	0.000297097177	0.000631085376	3.89143702e-05	0	0	0	0	3
2645	637	0	1.03320312	0.000261079045	-3.82751988e-05	-0.000536326085	0.000297097177	0.000630037516	3.89143702e-05	0	0	0	0	3
2650	637	0	1.03515625	0.000260675265	-3.75450749e-05	-0.000536326085	0.000297097177	0.000628973013	3.89143702e-05	0	0	0	0	3
2655	638	0	1.03710938	0.000260082742	-3.68006229e-05	-0.000536326085	0.000297097177	0.000627891997	3.89143702e-05	0	0	0	0	3
2660	639	0	1.0390625	0.000259209811	-3.60430677e-05	-0.000536326085	0.000297097177	0.000626792829	3.89143702e-05	0	0	0	0	3
2665	640	0	1.04101562	0.000258131597	-3.52715726e-05	-0.000536326085	0.000297097177	0.00062567374	3.89143702e-05	0	0	0	0	3
2670	641	0	1.04296875	0.000256876122	-3.44850571e-05	-0.000536326085	0.000297097177	0.000624533036	3.89143702e-05	0	0	0	0	3
2675	642	0	1.04492188	0.000257924883	-3.36728227e-05	-0.000536326085	0.000297097177	0.00062336826	3.89143702e-05	0	0	0	0	3
2680	643	0	1.046875	0.00025602576	-3.28439253e-05	-0.000536326085	0.000297097177	0.000622176694	3.89143702e-05	0	0	0	0	3
2685	644	0	1.04882812	0.00025366202	-3.19974558e-05	-0.000536326085	0.000297097177	0.000620955916	3.89143702e-05	0	0	0	0	3
2690	645	0	1.05078125	0.00025091118	-3.11325033e-05	-0.000536326085	0.000297097177	0.000619703584	3.89143702e-05	0	0	0	0	3
2695	646	0	1.05273438	0.000247811836	-3.02480807e-05	-0.000536326085	0.000297097177	0.000618418147	3.89143702e-05	0	0	0	0	3
2700	646	0	1.0546875	0.0002444308	-2.93437345e-05	-0.000536326085	0.000297097177	0.000617099245	3.89143702e-05	0	0	0	0	3
2705	649	0	1.05664062	0.000240997569	-2.84193025e-05	-0.000536326085	0.000297097177	0.000615747077	3.89143702e-05	0	0	0	0	3
2710	649	0	1.05859375	0.000237713826	-2.74743952e-05	-0.000536326085	0.000297097177	0.000614360916	3.89143702e-05	0	0	0	0	3
2715	650	0	1.06054688	0.0002346686	-2.65073489e-05	-0.000536326085	0.000297097177	0.000612939444	3.89143702e-05	0	0	0	0	3
2720	651	0	1.0625	0.000231870119	-2.55158746e-05	-0.000536326085	0.000297097177	0.000611482846	3.89143702e-05	0	0	0	0	3
2725	652	0	1.06445312	0.000229309353	-2.4499221e-05	-0.000536326085	0.000297097177	0.000609336349	3.89143702e-05	0	0	0	0	3
2730	653	0	1.06640625	0.000227044594	-2.34577914e-05	-0.000536326085	0.000297097177	0.000607157853	3.89143702e-05	0	0	0	0	3
2735	654	0	1.06835938	0.00022516269	-2.2391724e-05	-0.000536326085	0.000297097177	0.000604947927	3.89143702e-05	0	0	0	0	3
2740	655	0	1.0703125	0.00022364743	-2.1300133e-05	-0.000536326085	0.000297097177	0.000602707859	3.89143702e-05	0	0	0	0	3
2745	656	0	1.07226562	0.000222380654	-2.01833273e-05	-0.000536326085	0.000297097177	0.000600440901	3.89143702e-05	0	0	0	0	3
2750	657	0	1.07421875	0.000221229177	-1.90441118e-05	-0.000536326085	0.000297097177	0.000598150936	3.89143702e-05	0	0	0	0	3
2755	658	0	1.07617188	0.000220057659	-1.78864259e-05	-0.000536326085	0.000297097177	0.000595841695	3.89143702e-05	0	0	0	0	3
2760	659	0	1.078125	0.000218830412	-1.67142447e-05	-0.000536326085	0.000297097177	0.000593516942	3.89143702e-05	0	0	0	0	3
2765	659	0	1.08007812	0.00021758882	-1.55313931e-05	-0.000536326085	0.000297097177	0.000591181727	3.89143702e-05	0	0	0	0	3
2770	660	0	1.08203125	0.000216322331	-1.43430106e-05	-0.000536326085	0.000297097177	0.000588841389	3.89143702e-05	0	0	0	0	3
2775	661	0	1.08398438	0.000214973879	-1.31547457e-05	-0.000536326085	0.000297097177	0.000586500026	3.89143702e-05	0	0	0	0	3
2780	662	0	1.0859375	0.000213520438	-1.19711012e-05	-0.000536326085	0.000297097177	0.000583448664	3.89143702e-05	0	0	0	0	3
2785	663	0	1.08789062	0.000212008445	-1.00833237e-05	-0.000536326085	0.000297097177	0.000580248816	3.89143702e-05	0	0	0	0	3
2790	664	0	1.08984375	0.000210505995	-8.05288196e-06	-0.000536326085	0.000297097177	0.000576926488	3.89143702e-05	0	0	0	0	3
2795	665	0	1.09179688	0.000209048368	-5.90559631e-06	-0.000536326085	0.000297097177	0.000573524441	3.89143702e-05	0	0	0	0	3
2800	666	0	1.09375	0.000207598063	-3.6841885e-06	-0.000536326085	0.000297097177	0.000570086294	3.89143702e-05	0	0	0	0	3
2805	668	0	1.09570312	0.000206123048	-1.43237304e-06	-0.000536326085	0.000297097177	0.000566646322	3.89143702e-05	0	0	0	0	3
2810	669	0	1.09765625	0.000204678417	8.15703987e-07	-0.000536326085	0.000297097177	0.000563227427	3.89143702e-05	0	0	0	0	3
2815	670	0	1.09960938	0.000203315716	3.0374693e-06	-0.000536326085	0.000297097177	0.000559838221	3.89143702e-05	0	0	0	0	3
2820	671	0	1.1015625	0.000201992415	5.22447396e-06	-0.000536326085	0.000297097177	0.000556474203	3.89143702e-05	0	0	0	0	3
2825	672	0	1.10351562	0.000200559338	7.38079832e-06	-0.000536326085	0.000297097177	0.000553124406	3.89143702e-05	0	0	0	0	3
2830	672	0	1.10546875	0.000198961803	9.51677884e-06	-0.000536326085	0.000297097177	0.000549774558	3.89143702e-05	0	0	0	0	3
2835	673	0	1.10742188	0.000197326004	1.16465451e-05	-0.000536326085	0.000297097177	0.000546409892	3.89143702e-05	0	0	0	0	3
2840	674	0	1.109375	0.000161392314	1.36508999e-05	-0.000536326085	0.000297097177	0.000543019169	3.89143702e-05	0	0	0	0	3
2845	675	0	1.11132812	0.000159574421	1.56743546e-05	-0.000536326085	0.000297097177	0.000539593164	3.89143702e-05	0	0	0	0	3
2850	676	0	1.11328125	0.000157677357	1.77258364e-05	-0.000536326085	0.000297097177	0.000536123442	3.89143702e-05	0	0	0	0	3
2855	677	0	1.11523438	0.000155886336	1.98141998e-05	-0.000536326085	0.000297097177	0.000532603636	3.89143702e-05	0	0	0	0	3
2860	678	0	1.1171875	0.000153887191	2.19450069e-05	-0.000536326085	0.000297097177	0.000529030046	3.89143702e-05	0	0	0	0	3
2865	679	0	1.11914062	0.000151727731	2.41213404e-05	-0.000536326085	0.000297097177	0.00052540195	3.89143702e-05	0	0	0	0	3
2870	680	0	1.12109375	0.000149693864	2.63444203e-05	-0.000536326085	0.000297097177	0.000521719735	3.89143702e-05	0	0	0	0	3
2875	681	0	1.12304688	0.000147820712	2.86144939e-05	-0.000536326085	0.000297097177	0.000517983102	3.89143702e-05	0	0	0	0	3
2880	681	0	1.125	0.000146086465	3.09324118e-05	-0.000536326085	0.000297097177	0.000514192381	3.89143702e-05	0	0	0	0	3
2885	682	0	1.12695312	0.000144494662	3.32984059e-05	-0.000536326085	0.000297097177	0.000510349655	3.89143702e-05	0	0	0	0	3
2890	683	0	1.12890625	0.000142865261	3.57102525e-05	-0.000536326085	0.000297097177	0.00050605684	3.89143702e-05	0	0	0	0	3
2895	684	0	1.13085938	0.000141131905	3.81655488e-05	-0.000536326085	0.000297097177	0.000501716129	3.89143702e-05	0	0	0	0	3
2900	685	0	1.1328125	0.000139482335	4.06623912e-05	-0.000536326085	0.000297097177	0.000497331934	3.89143702e-05	0	0	0	0	3
2905	687	0	1.13476562	0.000137926069	4.31967516e-05	-0.000536326085	0.000297097177	0.000492913075	3.89143702e-05	0	0	0	0	3
2910	688	0	1.13671875	0.000136278967	4.57594623e-05	-0.000536326085	0.000297097177	0.000488469502	3.89143702e-05	0	0	0	0	3
2915	689	0	1.13867188	0.000134265338	4.8339141e-05	-0.000536326085	0.000297097177	0.000484008709	3.89143702e-05	0	0	0	0	3
2920	690	0	1.140625	0.000132034559	5.09274615e-05	-0.000536326085	0.000297097177	0.000479534948	3.89143702e-05	0	0	0	0	3
2925	691	0	1.14257812	0.000129789026	5.35201358e-05	-0.000536326085	0.000297097177	0.000475053016	3.89143702e-05	0	0	0	0	3
2930	692	0	1.14453125	0.000127459635	5.61120467e-05	-0.000536326085	0.000297097177	0.00047057026	3.89143702e-05	0	0	0	0	3
2935	693	0	1.14648438	0.000124885405	5.8694904e-05	-0.000534531717	0.000297097177	0.000466094693	3.89143702e-05	0	0	0	0	3
2940	693	0	1.1484375	0.000122156779	6.12600935e-05	-0.000530639077	0.000297097177	0.000461634533	3.89143702e-05	0	0	0	0	3
2945	694	0	1.15039062	0.000119477035	6.37996095e-05	-0.000524740524	0.000297097177	0.000457197619	3.89143702e-05	0	0	0	0	3
2950	695	0	1.15234375	0.000116854064	6.63058384e-05	-0.000517351738	0.000297097177	0.00045278978	3.89143702e-05	0	0	0	0	3
2955	696	0	1.15429688	0.000114049172	6.87722482e-05	-0.000506830975	0.000297097177	0.000448423258	3.89143702e-05	0	0	0	0	3
2960	697	0	1.15625	0.000110986598	7.11855981e-05	-0.000493214842	0.000297097177	0.000444110151	3.89143702e-05	0	0	0	0	3
2965	698	0	1.15820312	0.00010805431	7.35343057e-05	-0.00048032299	0.000297097177	0.000439847638	3.89143702e-05	0	0	0	0	3
2970	699	0	1.16015625	0.000105426813	7.58223909e-05	-0.000464088989	0.000297097177	0.00043564878	3.89143702e-05	0	0	0	0	3
2975	700	0	1.16210938	0.000103045709	7.80377608e-05	-0.000449423061	0.000297097177	0.000431507464	3.89143702e-05	0	0	0	0	3
2980	701	0	1.1640625	0.000100644926	8.01864639e-05	-0.00043523841	0.000297097177	0.000427421809	3.89143702e-05	0	0	0	0	3
2985	702	0	1.16601562	9.81115766e-05	8.22698623e-05	-0.000421157088	0.000297097177	0.000423391415	3.89143702e-05	0	0	0	0	3
2990	703	0	1.16796875	9.58369265e-05	8.42893701e-05	-0.000411898388	0.000297097177	0.000419397446	3.89143702e-05	0	0	0	0	3
2995	704	0	1.16992188	9.4029303e-05	8.62656502e-05	-0.000401729211	0.000297097177	0.000415443464	3.89143702e-05	0	0	0	0	3
3000	704	0	1.171875	9.25913192e-05	8.81965898e-05	-0.00039222161	0.000297097177	0.000411526889	3.89143702e-05	0	0	0	0	3
3005	707	0	1.17382812	9.12098349e-05	9.00849938e-05	-0.000386722243	0.000297097177	0.00040763207	3.89143702e-05	0	0	0	0	3
3010	707	0	1.17578125	3.22229997e-05	9.17214987e-05	-0.000381765702	0.000297097177	0.000403756887	3.89143702e-05	0	0	0	0	3
3015	708	0	1.17773438	3.06472694e-05	9.33324869e-05	-0.000377081463	0.000297097177	0.000399900278	3.89143702e-05	0	0	0	0	3
3020	709	0	1.1796875	2.9696265e-05	9.49214624e-05	-0.000375637963	0.000297097177	0.000396049588	3.89143702e-05	0	0	0	0	3
3025	710	0	1.18164062	2.90151708e-05	9.65021387e-05	-0.000370397481	0.000297097177	0.00039221965	3.89143702e-05	0	0	0	0	3
3030	711	0	1.18359375	2.82980459e-05	9.80595431e-05	-0.00036801072	0.000297097177	0.000388399317	3.89143702e-05	0	0	0	0	3
3035	712	0	1.18554688	2.7600807e-05	9.96049006e-05	-0.000365178321	0.000297097177	0.000384590336	3.89143702e-05	0	0	0	0	3
3040	713	0	1.1875	2.70594674e-05	0.000101137079	-0.000362604959	0.000297097177	0.000380791692	3.89143702e-05	0	0	0	0	3
3045	714	0	1.18945312	2.64967503e-05	0.000102657008	-0.000359227435	0.000297097177	0.000377006529	3.89143702e-05	0	0	0	0	3
3050	715	0	1.19140625	2.56952659e-05	0.000104160612	-0.000357943339	0.000297097177	0.00037322667	3.89143702e-05	0	0	0	0	3
3055	716	0	1.19335938	2.46166082e-05	0.000105654987	-0.000356373279	0.000297097177	0.000369453232	3.89143702e-05	0	0	0	0	3
3060	717	0	1.1953125	2.33573351e-05	0.00010713831	-0.000354190086	0.000297097177	0.000365418561	3.89143702e-05	0	0	0	0	3
3065	717	0	1.19726562	2.18489166e-05	0.000108607212	-0.000351646804	0.000297097177	0.000361394016	3.89143702e-05	0	0	0	0	3
3070	718	0	1.19921875	1.9888106e-05	0.00011005852	-0.00034690398	0.000297097177	0.000357388191	3.89143702e-05	0	0	0	0	3
3075	719	0	1.20117188	1.73823503e-05	0.000111481514	-0.000343865995	0.000297097177	0.000353394436	3.89143702e-05	0	0	0	0	3
3080	720	0	1.203125	1.47042083e-05	0.000112882179	-0.000338966133	0.000297097177	0.000349420055	3.89143702e-05	0	0	0	0	3
3085	721	0	1.20507812	1.21053642e-05	0.000114253552	-0.000335468829	0.000297097177	0.000345459599	3.89143702e-05	0	0	0	0	3
3090	722	0	1.20703125	9.56662969e-06	0.000115601347	-0.000325331128	0.000297097177	0.000341539028	3.89143702e-05	0	0	0	0	3
3095	723	0	1.20898438	6.80020737e-06	0.000116898735	-0.000319482725	0.000297097177	0.000337641588	3.89143702e-05	0	0	0	0	3
3100	724	0	1.2109375	3.74455152e-06	0.000118161341	-0.000310176667	0.000297097177	0.000333780789	3.89143702e-05	0	0	0	0	3
3105	726	0	1.21289062	8.12579917e-07	0.000119376143	-0.000300435719	0.000297097177	0.000329958329	3.89143702e-05	0	0	0	0	3
3110	727	0	1.21484375	-1.90326013e-06	0.000120542285	-0.000289279974	0.000297097177	0.000326179742	3.89143702e-05	0	0	0	0	3
3115	727	0	1.21679688	-4.59047522e-06	0.000121654354	-0.000274325725	0.000297097177	0.000322459865	3.89143702e-05	0	0	0	0	3
3120	728	0	1.21875	-7.56685383e-06	0.00012269638	-0.000262137553	0.000297097177	0.000318787895	3.89143702e-05	0	0	0	0	3
3125	729	0	1.22070312	-1.05459424e-05	0.00012367916	-0.000250979379	0.000297097177	0.000315159809	3.89143702e-05	0	0	0	0	3
3130	730	0	1.22265625	-1.31621213e-05	0.000124608134	-0.00023777968	0.000297097177	0.000311583583	3.89143702e-05	0	0	0	0	3
3135	731	0	1.22460938	-1.54078599e-05	0.000125476774	-0.000226047784	0.000297097177	0.000308053479	3.89143702e-05	0	0	0	0	3
3140	732	0	1.2265625	-1.75278591e-05	0.000126291305	-0.000212306631	0.000297097177	0.000304577349	3.89143702e-05	0	0	0	0	3
3145	733	0	1.22851562	-1.97136344e-05	0.000127043621	-0.000204144446	0.000297097177	0.0003011334	3.89143702e-05	0	0	0	0	3
3150	734	0	1.23046875	-2.14596456e-05	0.000127757234	-0.000193154946	0.000297097177	0.000297732676	3.89143702e-05	0	0	0	0	3
3155	735	0	1.23242188	-2.25319581e-05	0.00012842373	-0.000184228802	0.000297097177	0.000294367116	3.89143702e-05	0	0	0	0	3
3160	736	0	1.234375	-2.30271086e-05	0.000129053424	-0.00017560138	0.000297097177	0.000291035553	3.89143702e-05	0	0	0	0	3
3165	737	0	1.23632812	-2.33569864e-05	0.000129648128	-0.000167029691	0.000297097177	0.000287737766	3.89143702e-05	0	0	0	0	3
3170	737	0	1.23828125	-2.37217232e-05	0.000130207925	-0.000162449242	0.000297097177	0.000284458164	3.89143702e-05	0	0	0	0	3
3175	738	0	1.24023438	-7.88861874e-05	0.000130534343	-0.000157480387	0.000297097177	0.000281198263	3.89143702e-05	0	0	0	0	3
3180	739	0	1.2421875	-7.81313257e-05	0.000130844301	-0.000148541246	0.000297097177	0.00027797357	3.89143702e-05	0	0	0	0	3
3185	740	0	1.24414062	-7.67538296e-05	0.00013112472	-0.000147444004	0.000297097177	0.000274753451	3.89143702e-05	0	0	0	0	3
3190	741	0	1.24609375	-7.55365718e-05	0.000131405609	-0.000142391274	0.000297097177	0.000271553355	3.89143702e-05	0	0	0	0	3
3195	742	0	1.24804688	-7.41795762e-05	0.000131672061	-0.000138571173	0.000297097177	0.000268371983	3.89143702e-05	0	0	0	0	3
3200	743	0	1.25	-7.21429555e-05	0.000131928029	-0.000138571173	0.000297097177	0.000265187375	3.89143702e-05	0	0	0	0	3
3205	745	0	1.25195312	-7.02324497e-05	0.000132194977	-0.000138066103	0.000297097177	0.00026200502	3.89143702e-05	0	0	0	0	3
3210	746	0	1.25390625	-6.90005123e-05	0.000132464765	-0.000134159093	0.000297097177	0.000258838204	3.89143702e-05	0	0	0	0	3
3215	747	0	1.25585938	-6.85126926e-05	0.000132721196	-0.000133378257	0.000297097177	0.000255678965	3.89143702e-05	0	0	0	0	3
3220	748	0	1.2578125	-6.84486041e-05	0.000132970575	-0.000133378257	0.000297097177	0.000252523888	3.89143702e-05	0	0	0	0	3
3225	749	0	1.25976562	-6.86790022e-05	0.000133215164	-0.000133378257	0.000297097177	0.000249167182	3.89143702e-05	0	0	0	0	3
3230	750	0	1.26171875	-6.93145245e-05	0.000133465413	-0.000126502939	0.000297097177	0.000245837588	3.89143702e-05	0	0	0	0	3
3235	751	0	1.26367188	-7.0485908e-05	0.00013368423	-0.000126431931	0.000297097177	0.000242508477	3.89143702e-05	0	0	0	0	3
3240	752	0	1.265625	-7.21729253e-05	0.000133896179	-0.000125931903	0.000297097177	0.000239181539	3.89143702e-05	0	0	0	0	3
3245	753	0	1.26757812	-7.41528673e-05	0.000134098441	-0.000123582102	0.000297097177	0.000235864019	3.89143702e-05	0	0	0	0	3
3250	754	0	1.26953125	-7.6183714e-05	0.000134283591	-0.000117675301	0.000297097177	0.000232569837	3.89143702e-05	0	0	0	0	3
3255	754	0	1.27148438	-7.81938954e-05	0.000134437815	-0.00011103134	0.000297097177	0.000229301891	3.89143702e-05	0	0	0	0	3
3260	755	0	1.2734375	-8.02034936e-05	0.000134558236	-0.000104513822	0.000297097177	0.000226059689	3.89143702e-05	0	0	0	0	3
3265	756	0	1.27539062	-8.20966578e-05	0.000134645803	-9.83475926e-05	0.000297097177	0.000222841858	3.89143702e-05	0	0	0	0	3
3270	757	0	1.27734375	-8.38329137e-05	0.000134702501	-9.2577789e-05	0.000297097177	0.000219646852	3.89143702e-05	0	0	0	0	3
3275	758	0	1.27929688	-8.5539439e-05	0.000134729995	-8.71156826e-05	0.000297097177	0.000216473469	3.89143702e-05	0	0	0	0	3
3280	759	0	1.28125	-8.74139771e-05	0.00013472883	-8.74139771e-05	0.000297097177	0.000213645944	3.89143702e-05	0	0	0	0	3
3285	760	0	1.28320312	-8.94251619e-05	0.000134374238	-8.94251619e-05	0.000297097177	0.000210838053	3.89143702e-05	0	0	0	0	3
3290	761	0	1.28515625	-9.13443315e-05	0.000133992805	-9.13443315e-05	0.000297097177	0.000208047133	3.89143702e-05	0	0	0	0	3
3295	762	0	1.28710938	-9.30206418e-05	0.000133588138	-9.30206418e-05	0.000297097177	0.000205271402	3.89143702e-05	0	0	0	0	3
3300	763	0	1.2890625	-9.44398157e-05	0.000133163022	-9.44398157e-05	0.000297097177	0.000202508815	3.89143702e-05	0	0	0	0	3
3305	765	0	1.29101562	-9.55836257e-05	0.000132720579	-9.55836257e-05	0.000297097177	0.000199757434	3.89143702e-05	0	0	0	0	3
3310	766	0	1.29296875	-9.63891971e-05	0.000132264064	-9.63891971e-05	0.000297097177	0.00019701445	3.89143702e-05	0	0	0	0	3
3315	767	0	1.29492188	-9.6785625e-05	0.000131797879	-9.6785625e-05	0.000297097177	0.000194276725	3.89143702e-05	0	0	0	0	3
3320	768	0	1.296875	-9.67684209e-05	0.000131326772	-9.6785625e-05	0.000297097177	0.000191541385	3.89143702e-05	0	0	0	0	3
3325	769	0	1.29882812	-9.64072447e-05	0.000130854948	-9.6785625e-05	0.000297097177	0.000188807371	3.89143702e-05	0	0	0	0	3
3330	770	0	1.30078125	-9.57065899e-05	0.000130384778	-9.6785625e-05	0.000297097177	0.000186074625	3.89143702e-05	0	0	0	0	3
3335	770	0	1.30273438	-9.45153289e-05	0.000129918215	-9.6785625e-05	0.000297097177	0.00018334317	3.89143702e-05	0	0	0	0	3
3340	771	0	1.3046875	-9.27637108e-05	0.000129457396	-9.6785625e-05	0.000297097177	0.00018061304	3.89143702e-05	0	0	0	0	3
3345	772	0	1.30664062	-0.000123355388	0.000128875915	-0.000123355388	0.000297097177	0.000177884599	3.89143702e-05	0	0	0	0	3
3350	773	0	1.30859375	-0.000120984811	0.000128302137	-0.000123355388	0.000297097177	0.000177010006	3.89143702e-05	0	0	0	0	3
3355	774	0	1.31054688	-0.000118592877	0.000127735543	-0.000123355388	0.000297097177	0.000177010006	3.89143702e-05	0	0	0	0	3
3360	775	0	1.3125	-0.000115826157	0.000127176858	-0.000123355388	0.000297097177	0.000177010006	3.89143702e-05	0	0	0	0	3
3365	776	0	1.31445312	-0.000112405204	0.000126627881	-0.000123355388	0.000297097177	0.000177010006	3.89143702e-05	0	0	0	0	3
3370	777	0	1.31640625	-0.000109390632	0.000126086171	-0.000123355388	0.000297097177	0.000177010006	3.89143702e-05	0	0	0	0	3
3375	778	0	1.31835938	-0.000107135691	0.000125547774	-0.000123355388	0.000297097177	0.000177010006	3.89143702e-05	0	0	0	0	3
3380	779	0	1.3203125	-0.000105483347	0.000125009244	-0.000123355388	0.000297097177	0.000177010006	3.89143702e-05	0	0	0	0	3
3385	780	0	1.32226562	-0.000104266196	0.00012446782	-0.000123355388	0.000297097177	0.000177010006	3.89143702e-05	0	0	0	0	3
3390	781	0	1.32421875	-0.000103488286	0.000123920907	-0.000123355388	0.000297097177	0.000177010006	3.89143702e-05	0	0	0	0	3
3395	782	0	1.32617188	-0.000103205808	0.000123365441	-0.000123355388	0.000297097177	0.000177010006	3.89143702e-05	0	0	0	0	3
3400	783	0	1.328125	-0.000103356071	0.000122798233	-0.000123355388	0.000297097177	0.000177010006	3.89143702e-05	0	0	0	0	3
3405	785	0	1.33007812	-0.000103867795	0.000122216398	-0.000123355388	0.000297097177	0.000177010006	3.89143702e-05	0	0	0	0	3
3410	786	0	1.33203125	-0.000104748706	0.000121617445	-0.000123355388	0.000297097177	0.000177010006	3.89143702e-05	0	0	0	0	3
3415	787	0	1.33398438	-0.000105630344	0.000121000784	-0.000123355388	0.000297097177	0.000177010006	3.89143702e-05	0	0	0	0	3
3420	788	0	1.3359375	-0.000106197417	0.000120367052	-0.000123355388	0.000297097177	0.000177010006	3.89143702e-05	0	0	0	0	3
3425	789	0	1.33789062	-0.000106472284	0.00011971673	-0.000123355388	0.000297097177	0.000177010006	3.89143702e-05	0	0	0	0	3
3430	789	0	1.33984375	-0.000106694738	0.000119049972	-0.000123355388	0.000297097177	0.000177010006	3.89143702e-05	0	0	0	0	3
3435	790	0	1.34179688	-0.000107166228	0.000118366679	-0.000123355388	0.000297097177	0.000177010006	3.89143702e-05	0	0	0	0	3
3440	791	0	1.34375	-0.000107704633	0.00011766828	-0.000123355388	0.000297097177	0.000177010006	3.89143702e-05	0	0	0	0	3
3445	792	0	1.34570312	-0.000108053879	0.000116957748	-0.000123355388	0.000297097177	0.000177010006	3.89143702e-05	0	0	0	0	3
3450	793	0	1.34765625	-0.00010819402	0.000116238441	-0.000123355388	0.000297097177	0.000177010006	3.89143702e-05	0	0	0	0	3
3455	794	0	1.34960938	-0.000108336599	0.000115194391	-0.000123355388	0.000297097177	0.000177010006	3.89143702e-05	0	0	0	0	3
3460	795	0	1.3515625	-0.000108804146	0.000114143109	-0.000123355388	0.000297097177	0.000177010006	3.89143702e-05	0	0	0	0	3
3465	796	0	1.35351562	-0.00010918385	0.000113088469	-0.000123355388	0.000297097177	0.000177010006	3.89143702e-05	0	0	0	0	3
3470	797	0	1.35546875	-0.000109112734	0.000112034331	-0.000123355388	0.000297097177	0.000177010006	3.89143702e-05	0	0	0	0	3
3475	798	0	1.35742188	-0.000108580835	0.000110983954	-0.000123355388	0.000297097177	0.000177010006	3.89143702e-05	0	0	0	0	3
3480	799	0	1.359375	-0.00010786615	0.000109940068	-0.000123355388	0.000297097177	0.000177010006	3.89143702e-05	0	0	0	0	3
3485	800	0	1.36132812	-0.000107233675	0.000108904232	-0.000123355388	0.000297097177	0.000177010006	3.89143702e-05	0	0	0	0	3
3490	801	0	1.36328125	-0.000106246643	0.000107879083	-0.000123355388	0.000297097177	0.000177010006	3.89143702e-05	0	0	0	0	3
3495	802	0	1.36523438	-0.000104719482	0.000106866735	-0.000123355388	0.000297097177	0.000177010006	3.89143702e-05	0	0	0	0	3
3500	802	0	1.3671875	-0.000102748759	0.000105868386	-0.000123355388	0.000297097177	0.000177010006	3.89143702e-05	0	0	0	0	3
3505	805	0	1.36914062	-0.000100680413	0.000104883265	-0.000123355388	0.000297097177	0.000177010006	3.89143702e-05	0	0	0	0	3
3510	806	0	1.37109375	-0.000102977932	0.000103892572	-0.000123355388	0.000297097177	0.000177010006	3.89143702e-05	0	0	0	0	3
3515	806	0	1.37304688	-0.000100670552	0.000102912186	-0.000123355388	0.000297097177	0.000177010006	3.89143702e-05	0	0	0	0	3
3520	807	0	1.375	-9.79434569e-05	0.000101941527	-0.000123355388	0.000297097177	0.000177010006	3.89143702e-05	0	0	0	0	3
3525	808	0	1.37695312	-9.50371662e-05	0.000100979279	-0.000123355388	0.000297097177	0.000177010006	3.89143702e-05	0	0	0	0	3
3530	809	0	1.37890625	-9.22475903e-05	0.000100023367	-0.000123355388	0.000297097177	0.000177010006	3.89143702e-05	0	0	0	0	3
3535	810	0	1.38085938	-8.97015821e-05	9.90717112e-05	-0.000123355388	0.000297097177	0.000177010006	3.89143702e-05	0	0	0	0	3
3540	811	0	1.3828125	-8.73005061e-05	9.81229232e-05	-0.000123355388	0.000297097177	0.000177010006	3.89143702e-05	0	0	0	0	3
3545	812	0	1.38476562	-8.51031283e-05	9.71752177e-05	-0.000123355388	0.000297097177	0.000177010006	3.89143702e-05	0	0	0	0	3
3550	813	0	1.38671875	-8.33120657e-05	9.62256692e-05	-0.000123355388	0.000297097177	0.000177010006	3.89143702e-05	0	0	0	0	3
3555	814	0	1.38867188	-8.21204183e-05	9.52706971e-05	-0.000123355388	0.000297097177	0.000177010006	3.89143702e-05	0	0	0	0	3
3560	815	0	1.390625	-8.12562052e-05	9.43081316e-05	-0.000123355388	0.000297097177	0.000177010006	3.89143702e-05	0	0	0	0	3
3565	816	0	1.39257812	-8.04751163e-05	9.3336889e-05	-0.000123355388	0.000297097177	0.000177010006	3.89143702e-05	0	0	0	0	3
3570	817	0	1.39453125	-7.97335732e-05	9.23558737e-05	-0.000123355388	0.000297097177	0.000177010006	3.89143702e-05	0	0	0	0	3
3575	818	0	1.39648438	-7.92352911e-05	9.13632187e-05	-0.000123355388	0.000297097177	0.000177010006	3.89143702e-05	0	0	0	0	3
3580	819	0	1.3984375	-7.90578741e-05	9.03572181e-05	-0.000123355388	0.000297097177	0.000177010006	3.89143702e-05	0	0	0	0	3
3585	820	0	1.40039062	-7.87495026e-05	8.93385573e-05	-0.000123355388	0.000297097177	0.000177010006	3.89143702e-05	0	0	0	0	3
3590	821	0	1.40234375	-7.81008146e-05	8.8309149e-05	-0.000123355388	0.000297097177	0.000177010006	3.89143702e-05	0	0	0	0	3
3595	821	0	1.40429688	-7.71790304e-05	8.72707856e-05	-0.000123355388	0.000297097177	0.000177010006	3.89143702e-05	0	0	0	0	3
3600	822	0	1.40625	-7.62252839e-05	8.62245916e-05	-0.000123355388	0.000297097177	0.000177010006	3.89143702e-05	0	0	0	0	3
3605	824	0	1.40820312	-7.53560964e-05	8.51718764e-05	-0.000123355388	0.000297097177	0.000177010006	3.89143702e-05	0	0	0	0	3
3610	825	0	1.41015625	-7.43948465e-05	8.41153273e-05	-0.000123355388	0.000297097177	0.000177010006	3.89143702e-05	0	0	0	0	3
3615	826	0	1.41210938	-7.33012967e-05	8.30580703e-05	-0.000123355388	0.000297097177	0.000177010006	3.89143702e-05	0	0	0	0	3
3620	827	0	1.4140625	-7.21844934e-05	8.17410667e-05	-0.000123355388	0.000297097177	0.000177010006	3.89143702e-05	0	0	0	0	3
3625	828	0	1.41601562	-7.12461243e-05	8.04254709e-05	-0.000123355388	0.000297097177	0.000177010006	3.89143702e-05	0	0	0	0	3
3630	829	0	1.41796875	-7.04247636e-05	7.91128139e-05	-0.000123355388	0.000297097177	0.000177010006	3.89143702e-05	0	0	0	0	3
3635	830	0	1.41992188	-6.94848709e-05	7.78065496e-05	-0.000123355388	0.000297097177	0.000177010006	3.89143702e-05	0	0	0	0	3
3640	831	0	1.421875	-6.83485377e-05	7.65096645e-05	-0.000123355388	0.000297097177	0.000177010006	3.89143702e-05	0	0	0	0	3
3645	832	0	1.42382812	-6.71645855e-05	7.52246996e-05	-0.000123355388	0.000297097177	0.000177010006	3.89143702e-05	0	0	0	0	3
3650	833	0	1.42578125	-6.60887193e-05	7.39538141e-05	-0.000123355388	0.000297097177	0.000177010006	3.89143702e-05	0	0	0	0	3
3655	834	0	1.42773438	-6.48910981e-05	7.26988728e-05	-0.000123355388	0.000297097177	0.000177010006	3.89143702e-05	0	0	0	0	3
3660	835	0	1.4296875	-6.34572657e-05	7.14613157e-05	-0.000123355388	0.000297097177	0.000177010006	3.89143702e-05	0	0	0	0	3
3665	835	0	1.43164062	-6.18792176e-05	7.02411054e-05	-0.000123355388	0.000297097177	0.000177010006	3.89143702e-05	0	0	0	0	3
3670	836	0	1.43359375	-6.04463131e-05	6.90361174e-05	-0.000123355388	0.000297097177	0.000177010006	3.89143702e-05	0	0	0	0	3
3675	837	0	1.43554688	-4.05678762e-05	6.7916315e-05	-0.000123355388	0.000297097177	0.000177010006	3.89143702e-05	0	0	0	0	3
3680	838	0	1.4375	-3.90442643e-05	6.6807905e-05	-0.000123355388	0.000297097177	0.000177010006	3.89143702e-05	0	0	0	0	3
3685	839	0	1.43945312	-3.74420205e-05	6.57092382e-05	-0.000123355388	0.000297097177	0.000177010006	3.89143702e-05	0	0	0	0	3
3690	840	0	1.44140625	-3.58470112e-05	6.46181785e-05	-0.000123355388	0.000297097177	0.000177010006	3.89143702e-05	0	0	0	0	3
3695	841	0	1.44335938	-3.42808244e-05	6.35325797e-05	-0.000123355388	0.000297097177	0.000177010006	3.89143702e-05	0	0	0	0	3
3700	842	0	1.4453125	-3.27677263e-05	6.24506042e-05	-0.000123355388	0.000297097177	0.000177010006	3.89143702e-05	0	0	0	0	3
3705	844	0	1.44726562	-3.12495341e-05	6.13711823e-05	-0.000123355388	0.000297097177	0.000177010006	3.89143702e-05	0	0	0	0	3
3710	845	0	1.44921875	-2.97268288e-05	6.02935735e-05	-0.000123355388	0.000297097177	0.000177010006	3.89143702e-05	0	0	0	0	3
3715	846	0	1.45117188	-2.83094095e-05	5.92165722e-05	-0.000123355388	0.000297097177	0.000177010006	3.89143702e-05	0	0	0	0	3
3720	847	0	1.453125	-2.71957605e-05	5.81383108e-05	-0.000123355388	0.000297097177	0.000177010006	3.89143702e-05	0	0	0	0	3
3725	848	0	1.45507812	-2.61891048e-05	5.70583109e-05	-0.000123355388	0.000297097177	0.000177010006	3.89143702e-05	0	0	0	0	3
3730	849	0	1.45703125	-2.50864128e-05	5.59771387e-05	-0.000123355388	0.000297097177	0.000177010006	3.89143702e-05	0	0	0	0	3
3735	849	0	1.45898438	-2.39058079e-05	5.48952157e-05	-0.000123355388	0.000297097177	0.000177010006	3.89143702e-05	0	0	0	0	3
3740	850	0	1.4609375	-2.2840441e-05	5.38121478e-05	-0.000123355388	0.000297097177	0.000177010006	3.89143702e-05	0	0	0	0	3
3745	851	0	1.46289062	-2.19068447e-05	5.27275815e-05	-0.000123355388	0.000297097177	0.000177010006	3.89143702e-05	0	0	0	0	3
3750	852	0	1.46484375	-2.08221275e-05	5.16425519e-05	-0.000123355388	0.000297097177	0.000177010006	3.89143702e-05	0	0	0	0	3
3755	853	0	1.46679688	-1.95260238e-05	5.05584931e-05	-0.000123355388	0.000297097177	0.000177010006	3.89143702e-05	0	0	0	0	3
3760	854	0	1.46875	-1.81830514e-05	4.94760094e-05	-0.000123355388	0.000297097177	0.000177010006	3.89143702e-05	0	0	0	0	3
3765	855	0	1.47070312	-1.69019797e-05	4.83952942e-05	-0.000123355388	0.000297097177	0.000177010006	3.89143702e-05	0	0	0	0	3
3770	856	0	1.47265625	-1.54906987e-05	4.73177178e-05	-0.000123355388	0.000297097177	0.000177010006	3.89143702e-05	0	0	0	0	3
3775	857	0	1.47460938	-1.38709305e-05	4.62456656e-05	-0.000123355388	0.000297097177	0.000177010006	3.89143702e-05	0	0	0	0	3
3780	858	0	1.4765625	-1.21782058e-05	4.51813579e-05	-0.000123355388	0.000297097177	0.000177010006	3.89143702e-05	0	0	0	0	3
3785	859	0	1.47851562	-1.07029024e-05	4.41252336e-05	-0.000123355388	0.000297097177	0.000177010006	3.89143702e-05	0	0	0	0	3
3790	860	0	1.48046875	-9.39096168e-06	4.29280143e-05	-0.000123355388	0.00029638242	0.000177010006	3.89143702e-05	0	0	0	0	3
3795	861	0	1.48242188	-7.95315614e-06	4.17392034e-05	-0.000123355388	0.000295016346	0.000177010006	3.89143702e-05	0	0	0	0	3
3800	862	0	1.484375	-6.36832123e-06	4.05619196e-05	-0.000123355388	0.000292977151	0.000177010006	3.89143702e-05	0	0	0	0	3
3805	863	0	1.48632812	-4.85312089e-06	3.93985201e-05	-0.000123355388	0.000290309697	0.000177010006	3.89143702e-05	0	0	0	0	3
3810	864	0	1.48828125	-3.68647337e-06	3.82500975e-05	-0.000123355388	0.000287104294	0.000177010006	3.89143702e-05	0	0	0	0	3
3815	865	0	1.49023438	-2.65390863e-06	3.71182295e-05	-0.000123355388	0.000283616945	0.000177010006	3.89143702e-05	0	0	0	0	3
3820	866	0	1.4921875	-1.51083501e-06	3.60044491e-05	-0.000123355388	0.000280016216	0.000177010006	3.89143702e-05	0	0	0	0	3
3825	867	0	1.49414062	-3.09323968e-07	3.49094275e-05	-0.000123355388	0.000276489912	0.000177010006	3.89143702e-05	0	0	0	0	3
3830	868	0	1.49609375	6.85520916e-07	3.38320666e-05	-0.000123355388	0.00027324255	0.000177010006	3.89143702e-05	0	0	0	0	3
3835	869	0	1.49804688	1.30353579e-06	3.27698048e-05	-0.000123355388	0.000270404533	0.000177010006	3.89143702e-05	0	0	0	0	3
3840	870	0	1.5	1.82494672e-06	3.17206658e-05	-0.000123355388	0.000268023536	0.000177010006	3.89143702e-05	0	0	0	0	3
3845	871	0	1.50195312	3.28044713e-05	3.08018414e-05	-0.000123355388	0.000266194741	0.000177010006	3.89143702e-05	0	0	0	0	3
3850	872	0	1.50390625	3.34054477e-05	2.98925082e-05	-0.000123355388	0.000264942712	0.000177010006	3.89143702e-05	0	0	0	0	3
3855	873	0	1.50585938	3.37926779e-05	2.89895784e-05	-0.000123355388	0.000264175879	0.000177010006	3.89143702e-05	0	0	0	0	3
3860	874	0	1.5078125	3.39595097e-05	2.80902957e-05	-0.000123355388	0.000263700893	0.000177010006	3.89143702e-05	0	0	0	0	3
3865	875	0	1.50976562	3.4239973e-05	2.71939639e-05	-0.000123355388	0.00026332262	0.000177010006	3.89143702e-05	0	0	0	0	3
3870	876	0	1.51171875	3.4692621e-05	2.6300878e-05	-0.000123355388	0.000263002267	0.000177010006	3.89143702e-05	0	0	0	0	3
3875	877	0	1.51367188	3.51252885e-05	2.54107336e-05	-0.000123355388	0.000262780526	0.000177010006	3.89143702e-05	0	0	0	0	3
3880	878	0	1.515625	3.53923503e-05	2.45224985e-05	-0.000123355388	0.000262627026	0.000177010006	3.89143702e-05	0	0	0	0	3
3885	879	0	1.51757812	3.55918147e-05	2.36356422e-05	-0.000123355388	0.000262477237	0.000177010006	3.89143702e-05	0	0	0	0	3
3890	880	0	1.51953125	3.60570305e-05	2.27511883e-05	-0.000123355388	0.000262340934	0.000177010006	3.89143702e-05	0	0	0	0	3
3895	881	0	1.52148438	3.68400631e-05	2.18703255e-05	-0.000123355388	0.000262255681	0.000176389043	3.89143702e-05	0	0	0	0	3
3900	882	0	1.5234375	3.78072231e-05	2.09935737e-05	-0.000123355388	0.000262203849	0.000175747265	3.89143702e-05	0	0	0	0	3
3905	883	0	1.52539062	3.87130529e-05	2.01205628e-05	-0.000123355388	0.000262085388	0.00017508752	3.89143702e-05	0	0	0	0	3
3910	884	0	1.52734375	3.96190518e-05	1.92515537e-05	-0.000123355388	0.000261802259	0.000174411107	3.89143702e-05	0	0	0	0	3
3915	885	0	1.52929688	4.07598088e-05	1.83881066e-05	-0.000123355388	0.000261442005	0.000173717422	3.89143702e-05	0	0	0	0	3
3920	886	0	1.53125	4.21207061e-05	1.75313828e-05	-0.000123355388	0.000261079045	0.000173005194	3.89143702e-05	0	0	0	0	3
3925	887	0	1.53320312	4.35211164e-05	1.66815471e-05	-0.000123355388	0.000260675265	0.00017227507	3.89143702e-05	0	0	0	0	3
3930	888	0	1.53515625	4.47463959e-05	1.5838075e-05	-0.000123355388	0.000260082742	0.000171530618	3.89143702e-05	0	0	0	0	3
3935	889	0	1.53710938	4.58943819e-05	1.50014017e-05	-0.000123355388	0.000259209811	0.000170773062	3.89143702e-05	0	0	0	0	3
3940	890	0	1.5390625	4.71859141e-05	1.41731833e-05	-0.000123355388	0.000258131597	0.000170001567	3.89143702e-05	0	0	0	0	3
3945	891	0	1.54101562	4.86439235e-05	1.33548721e-05	-0.000123355388	0.000257924883	0.000169215052	3.89143702e-05	0	0	0	0	3
3950	892	0	1.54296875	5.01555959e-05	1.25473701e-05	-0.000123355388	0.000257924883	0.000168402817	3.89143702e-05	0	0	0	0	3
3955	893	0	1.54492188	5.15719548e-05	1.17413039e-05	-0.000123355388	0.00025602576	0.00016757392	3.89143702e-05	0	0	0	0	3
3960	894	0	1.546875	5.29433195e-05	1.09480131e-05	-0.000123355388	0.00025366202	0.000166727451	3.89143702e-05	0	0	0	0	3
3965	895	0	1.54882812	5.43810706e-05	1.01695719e-05	-0.000123355388	0.00025091118	0.000165862498	3.89143702e-05	0	0	0	0	3
3970	896	0	1.55078125	5.58337131e-05	9.40755058e-06	-0.000123355388	0.000247811836	0.000164978076	3.89143702e-05	0	0	0	0	3
3975	897	0	1.55273438	5.71334196e-05	8.66271302e-06	-0.000123355388	0.0002444308	0.000164073729	3.89143702e-05	0	0	0	0	3
3980	898	0	1.5546875	5.8157089e-05	7.93508133e-06	-0.000123355388	0.000240997569	0.000163149297	3.89143702e-05	0	0	0	0	3
3985	899	0	1.55664062	5.89959444e-05	7.22413749e-06	-0.000123355388	0.000237713826	0.00016220439	3.89143702e-05	0	0	0	0	3
3990	900	0	1.55859375	5.97395755e-05	6.52892557e-06	-0.000123355388	0.0002346686	0.000161237344	3.89143702e-05	0	0	0	0	3
3995	901	0	1.56054688	6.03262797e-05	5.84790089e-06	-0.000123355388	0.000231870119	0.000160245869	3.89143702e-05	0	0	0	0	3
4000	902	0	1.5625	6.06387324e-05	5.17902828e-06	-0.000123355388	0.000229309353	0.000159229216	3.89143702e-05	0	0	0	0	3
4005	904	0	1.56445312	6.06747725e-05	4.52029945e-06	-0.000123355388	0.000227044594	0.000158187786	3.89143702e-05	0	0	0	0	3
4010	905	0	1.56640625	9.1017475e-05	3.98894352e-06	-0.000123355388	0.00022516269	0.000157121719	3.89143702e-05	0	0	0	0	3
4015	906	0	1.56835938	9.09970807e-05	3.46485911e-06	-0.000123355388	0.00022364743	0.000156030128	3.89143702e-05	0	0	0	0	3
4020	907	0	1.5703125	9.07567849e-05	2.94575502e-06	-0.000123355388	0.000222380654	0.000154913322	3.89143702e-05	0	0	0	0	3
4025	908	0	1.57226562	9.03071623e-05	2.42984295e-06	-0.000123355388	0.000221229177	0.000153774107	3.89143702e-05	0	0	0	0	3
4030	909	0	1.57421875	8.96772693e-05	1.91596831e-06	-0.000123355388	0.000220057659	0.000152616421	3.89143702e-05	0	0	0	0	3
4035	910	0	1.57617188	8.89421385e-05	1.40379831e-06	-0.000123355388	0.000218830412	0.00015144424	3.89143702e-05	0	0	0	0	3
4040	911	0	1.578125	8.82624831e-05	8.93767336e-07	-0.000123355388	0.00021758882	0.000150261388	3.89143702e-05	0	0	0	0	3
4045	912	0	1.58007812	8.7632348e-05	3.86124869e-07	-0.000123355388	0.000216322331	0.000149073005	3.89143702e-05	0	0	0	0	3
4050	913	0	1.58203125	8.71161265e-05	-1.18586867e-07	-0.000123355388	0.000214973879	0.000147884741	3.89143702e-05	0	0	0	0	3
4055	914	0	1.58398438	8.68251603e-05	-6.191678e-07	-0.000123355388	0.000213520438	0.000146701096	3.89143702e-05	0	0	0	0	3
4060	915	0	1.5859375	8.68019194e-05	-1.11416201e-06	-0.000123355388	0.000212008445	0.000144813318	3.89143702e-05	0	0	0	0	3
4065	915	0	1.58789062	8.69896478e-05	-1.60251669e-06	-0.000123355388	0.000210505995	0.000142782877	3.89143702e-05	0	0	0	0	3
4070	916	0	1.58984375	8.73283946e-05	-2.08367919e-06	-0.000123355388	0.000209048368	0.000140635591	3.89143702e-05	0	0	0	0	3
4075	917	0	1.59179688	8.78812334e-05	-2.55698831e-06	-0.000123355388	0.000207598063	0.000138414183	3.89143702e-05	0	0	0	0	3
4080	918	0	1.59375	8.86775373e-05	-3.02152162e-06	-0.000123355388	0.000206123048	0.000137751516	3.89143702e-05	0	0	0	0	3
4085	919	0	1.59570312	8.9638317e-05	-3.4765401e-06	-0.000123355388	0.000204678417	0.000138206535	3.89143702e-05	0	0	0	0	3
4090	920	0	1.59765625	9.05533453e-05	-3.92234116e-06	-0.000123355388	0.000203315716	0.000138652336	3.89143702e-05	0	0	0	0	3
4095	921	0	1.59960938	9.13482194e-05	-4.35971419e-06	-0.000123355388	0.000201992415	0.000139089709	3.89143702e-05	0	0	0	0	3
4100	922	0	1.6015625	9.21355912e-05	-4.78884241e-06	-0.000123355388	0.000200559338	0.000139518837	3.89143702e-05	0	0	0	0	3
4105	924	0	1.60351562	9.30029526e-05	-5.20898454e-06	-0.000123355388	0.000198961803	0.000139938979	3.89143702e-05	0	0	0	0	3
4110	925	0	1.60546875	9.3924191e-05	-5.61928771e-06	-0.000123355388	0.000197326004	0.000140349283	3.89143702e-05	0	0	0	0	3
4115	926	0	1.60742188	9.48189606e-05	-6.01970585e-06	-0.000123355388	0.000161392314	0.000140749701	3.89143702e-05	0	0	0	0	3
4120	927	0	1.609375	9.56817333e-05	-6.27638781e-06	-0.000123355388	0.000159574421	0.000141006383	3.89143702e-05	0	0	0	0	3
4125	928	0	1.61132812	9.65823375e-05	-6.52245064e-06	-0.000123355388	0.000157677357	0.000141252445	3.89143702e-05	0	0	0	0	3
4130	929	0	1.61328125	9.75336478e-05	-6.757387e-06	-0.000123355388	0.000155886336	0.000141487382	3.89143702e-05	0	0	0	0	3
4135	930	0	1.61523438	9.84638344e-05	-6.98169365e-06	-0.000123355388	0.000153887191	0.000141711688	3.89143702e-05	0	0	0	0	3
4140	931	0	1.6171875	9.93034934e-05	-7.19491122e-06	-0.000123355388	0.000151727731	0.000141924906	3.89143702e-05	0	0	0	0	3
4145	932	0	1.61914062	0.000100048846	-7.39678187e-06	-0.000123355388	0.000149693864	0.000142126777	3.89143702e-05	0	0	0	0	3
4150	933	0	1.62109375	0.000100700971	-7.58816036e-06	-0.000123355388	0.000147820712	0.000142318155	3.89143702e-05	0	0	0	0	3
4155	934	0	1.62304688	0.000101171011	-7.77038576e-06	-0.000123355388	0.000146086465	0.000142500381	3.89143702e-05	0	0	0	0	3
4160	935	0	1.625	0.000101367321	-7.94506991e-06	-0.000123355388	0.000144494662	0.000142675065	3.89143702e-05	0	0	0	0	3
4165	936	0	1.62695312	0.00010128809	-8.11384559e-06	-0.000123355388	0.000142865261	0.00014284384	3.89143702e-05	0	0	0	0	3
4170	937	0	1.62890625	0.000101069557	-8.27711005e-06	-0.000123355388	0.000141131905	0.000143007105	3.89143702e-05	0	0	0	0	3
4175	938	0	1.63085938	0.000100777141	-8.43474585e-06	-0.000123355388	0.000139482335	0.000143164741	3.89143702e-05	0	0	0	0	3
4180	939	0	1.6328125	0.000121744078	-8.50403592e-06	-0.000123355388	0.000137926069	0.000143234031	3.89143702e-05	0	0	0	0	3
4185	940	0	1.63476562	0.000121024256	-8.57005862e-06	-0.000123355388	0.000136278967	0.000143300053	3.89143702e-05	0	0	0	0	3
4190	941	0	1.63671875	0.000120039411	-8.63349439e-06	-0.000123355388	0.000134265338	0.000143363489	3.89143702e-05	0	0	0	0	3
4195	942	0	1.63867188	0.000118812886	-8.69385553e-06	-0.000123355388	0.000132034559	0.00014342385	3.89143702e-05	0	0	0	0	3
4200	943	0	1.640625	0.000117495466	-8.75064887e-06	-0.000123355388	0.000129789026	0.000143480644	3.89143702e-05	0	0	0	0	3
4205	945	0	1.64257812	0.000116233918	-8.80359851e-06	-0.000123355388	0.000127459635	0.000143533593	3.89143702e-05	0	0	0	0	3
4210	946	0	1.64453125	0.000114931655	-8.85253593e-06	-0.000123355388	0.000124885405	0.000143582531	3.89143702e-05	0	0	0	0	3
4215	947	0	1.64648438	0.000113733459	-8.89609822e-06	-0.000123355388	0.000122156779	0.000143626093	3.89143702e-05	0	0	0	0	3
4220	948	0	1.6484375	0.000112807772	-8.93261778e-06	-0.000123355388	0.000121744078	0.000143662613	3.89143702e-05	0	0	0	0	3
4225	948	0	1.65039062	0.000112181489	-8.96111601e-06	-0.000123355388	0.000121744078	0.000143691111	3.89143702e-05	0	0	0	0	3
4230	949	0	1.65234375	0.000111752989	-8.98104208e-06	-0.000123355388	0.000121744078	0.000143711037	3.89143702e-05	0	0	0	0	3
4235	950	0	1.65429688	0.000111481445	-8.99107226e-06	-0.000123355388	0.000121744078	0.000143721067	3.89143702e-05	0	0	0	0	3
4240	951	0	1.65625	0.000111437099	-8.98931249e-06	-0.000123355388	0.000121744078	0.000143721067	3.89143702e-05	0	0	0	0	3
4245	952	0	1.65820312	0.000111622889	-8.97537273e-06	-0.000123355388	0.000121744078	0.000143721067	3.89143702e-05	0	0	0	0	3
4250	953	0	1.66015625	0.000111968532	-8.94981915e-06	-0.000123355388	0.000121744078	0.000143721067	3.89143702e-05	0	0	0	0	3
4255	954	0	1.66210938	0.000112299348	-8.91367212e-06	-0.000123355388	0.000121744078	0.000143721067	3.89143702e-05	0	0	0	0	3
4260	955	0	1.6640625	0.000112503191	-8.86735077e-06	-0.000123355388	0.000121744078	0.000143721067	3.89143702e-05	0	0	0	0	3
4265	956	0	1.66601562	0.000112676335	-8.81045719e-06	-0.000123355388	0.000121744078	0.000143721067	3.89143702e-05	0	0	0	0	3
4270	957	0	1.66796875	0.000112890487	-8.74384171e-06	-0.000123355388	0.000121744078	0.000143721067	3.89143702e-05	0	0	0	0	3
4275	958	0	1.66992188	0.000113154102	-8.66913547e-06	-0.000123355388	0.000121744078	0.000143721067	3.89143702e-05	0	0	0	0	3
4280	959	0	1.671875	0.000113381958	-8.58792204e-06	-0.000123355388	0.000121744078	0.000143721067	3.89143702e-05	0	0	0	0	3
4285	960	0	1.67382812	0.000113512862	-8.50080084e-06	-0.000123355388	0.000121744078	0.000143721067	3.89143702e-05	0	0	0	0	3
4290	961	0	1.67578125	0.000113659201	-8.18269068e-06	-0.000123355388	0.000121744078	0.000143721067	3.89143702e-05	0	0	0	0	3
4295	962	0	1.67773438	0.000113898626	-7.85749006e-06	-0.000123355388	0.000121744078	0.000143721067	3.89143702e-05	0	0	0	0	3
4300	963	0	1.6796875	0.000114197512	-7.52740707e-06	-0.000123355388	0.000121744078	0.000143721067	3.89143702e-05	0	0	0	0	3
4305	965	0	1.68164062	0.000114444057	-7.19370048e-06	-0.000123355388	0.000121744078	0.000143721067	3.89143702e-05	0	0	0	0	3
4310	966	0	1.68359375	0.000114552434	-6.85676928e-06	-0.000123355388	0.000121744078	0.000143721067	3.89143702e-05	0	0	0	0	3
4315	967	0	1.68554688	0.00011457963	-6.51700825e-06	-0.000123355388	0.000121744078	0.000143721067	3.89143702e-05	0	0	0	0	3
4320	968	0	1.6875	0.000114559655	-6.17521064e-06	-0.000123355388	0.000121744078	0.000143721067	3.89143702e-05	0	0	0	0	3
4325	969	0	1.68945312	0.000114462037	-5.83159624e-06	-0.000123355388	0.000121744078	0.000143721067	3.89143702e-05	0	0	0	0	3
4330	970	0	1.69140625	0.000114172466	-5.48598218e-06	-0.000123355388	0.000121744078	0.000143721067	3.89143702e-05	0	0	0	0	3
4335	971	0	1.69335938	0.000113640947	-5.13823086e-06	-0.000123355388	0.000121744078	0.000143721067	3.89143702e-05	0	0	0	0	3
4340	972	0	1.6953125	0.000112957669	-4.78822955e-06	-0.000123355388	0.000121744078	0.000143721067	3.89143702e-05	0	0	0	0	3
4345	973	0	1.69726562	0.00011876171	-4.40966395e-06	-0.000123355388	0.000121744078	0.000143721067	3.89143702e-05	0	0	0	0	3
4350	974	0	1.69921875	0.000117751275	-4.02738595e-06	-0.000123355388	0.000121744078	0.000143721067	3.89143702e-05	0	0	0	0	3
4355	975	0	1.70117188	0.000116574274	-3.63991749e-06	-0.000123355388	0.000121744078	0.000143721067	3.89143702e-05	0	0	0	0	3
4360	976	0	1.703125	0.000115214671	-3.2472985e-06	-0.000123355388	0.000121744078	0.000143721067	3.89143702e-05	0	0	0	0	3
4365	977	0	1.70507812	0.000113786162	-2.85010788e-06	-0.000123355388	0.000121744078	0.000143721067	3.89143702e-05	0	0	0	0	3
4370	978	0	1.70703125	0.000112362122	-2.44856299e-06	-0.000123355388	0.000121744078	0.000143721067	3.89143702e-05	0	0	0	0	3
4375	979	0	1.70898438	0.000110997513	-2.04154227e-06	-0.000123355388	0.000121744078	0.000143721067	3.89143702e-05	0	0	0	0	3
4380	980	0	1.7109375	0.000109745894	-1.62747452e-06	-0.000123355388	0.000121744078	0.000143721067	3.89143702e-05	0	0	0	0	3
4385	981	0	1.71289062	0.000108631316	-1.20630758e-06	-0.000123355388	0.000121744078	0.000143721067	3.89143702e-05	0	0	0	0	3
4390	982	0	1.71484375	0.000107624281	-7.78465626e-07	-0.000123355388	0.000121744078	0.000143721067	3.89143702e-05	0	0	0	0	3
4395	983	0	1.71679688	0.000106747174	-3.43552936e-07	-0.000123355388	0.000121744078	0.000143721067	3.89143702e-05	0	0	0	0	3
4400	984	0	1.71875	0.000106074108	1.00357071e-07	-0.000123355388	0.000121744078	0.000143721067	3.89143702e-05	0	0	0	0	3
4405	986	0	1.72070312	0.000105631076	5.5417355e-07	-0.000123355388	0.000121744078	0.000143721067	3.89143702e-05	0	0	0	0	3
4410	987	0	1.72265625	0.000105394771	1.01728641e-06	-0.000123355388	0.000121744078	0.000143721067	3.89143702e-05	0	0	0	0	3
4415	988	0	1.72460938	0.000105234046	1.48854386e-06	-0.000123355388	0.000121744078	0.000143721067	3.89143702e-05	0	0	0	0	3
4420	989	0	1.7265625	0.000104933527	1.96690864e-06	-0.000123355388	0.000121744078	0.000143721067	3.89143702e-05	0	0	0	0	3
4425	990	0	1.72851562	0.000104548	2.45230565e-06	-0.000123355388	0.000121744078	0.000143721067	3.89143702e-05	0	0	0	0	3
4430	991	0	1.73046875	0.000104203921	2.94317896e-06	-0.000123355388	0.000121744078	0.000143721067	3.89143702e-05	0	0	0	0	3
4435	992	0	1.73242188	0.000103911637	3.43709925e-06	-0.000123355388	0.000121744078	0.000143721067	3.89143702e-05	0	0	0	0	3
4440	992	0	1.734375	0.000103554767	3.9315597e-06	-0.000123355388	0.000121744078	0.000143721067	3.89143702e-05	0	0	0	0	3
4445	993	0	1.73632812	0.000103003034	4.42515354e-06	-0.000123355388	0.000121744078	0.000143721067	3.89143702e-05	0	0	0	0	3
4450	994	0	1.73828125	0.000102418802	4.91788996e-06	-0.000123355388	0.000121744078	0.000143721067	3.89143702e-05	0	0	0	0	3
4455	995	0	1.74023438	0.000101939134	5.62423888e-06	-0.000123355388	0.000121744078	0.000143721067	3.89143702e-05	0	0	0	0	3
4460	996	0	1.7421875	0.000101554307	6.32613588e-06	-0.000123355388	0.000121744078	0.000143721067	3.89143702e-05	0	0	0	0	3
4465	997	0	1.74414062	0.000101097121	7.02086616e-06	-0.000123355388	0.000121744078	0.000143721067	3.89143702e-05	0	0	0	0	3
4470	998	0	1.74609375	0.000100514724	7.70856653e-06	-0.000123355388	0.000121744078	0.000143721067	3.89143702e-05	0	0	0	0	3
4475	999	0	1.74804688	9.99836992e-05	8.38889182e-06	-0.000123355388	0.000121744078	0.000143721067	3.89143702e-05	0	0	0	0	3
4480	1000	0	1.75	9.95597968e-05	9.0596057e-06	-0.000123355388	0.000121744078	0.000143721067	3.89143702e-05	0	0	0	0	3
4485	1001	0	1.75195312	9.91361308e-05	9.72120172e-06	-0.000123355388	0.000121744078	0.000143721067	3.89143702e-05	0	0	0	0	3
4490	1002	0	1.75390625	9.84982044e-05	1.03754936e-05	-0.000123355388	0.000121744078	0.000143721067	3.89143702e-05	0	0	0	0	3
4495	1003	0	1.75585938	9.77117504e-05	1.10248078e-05	-0.000123355388	0.000121744078	0.000143721067	3.89143702e-05	0	0	0	0	3
4500	1004	0	1.7578125	9.6926651e-05	1.16708049e-05	-0.000123355388	0.000121744078	0.000143721067	3.89143702e-05	0	0	0	0	3
4505	1007	0	1.75976562	9.61465429e-05	1.23146547e-05	-0.000123355388	0.000121744078	0.000143721067	3.89143702e-05	0	0	0	0	3
4510	1008	0	1.76171875	8.65154241e-05	1.29233654e-05	-0.000123355388	0.000121744078	0.000143721067	3.89143702e-05	0	0	0	0	3
4515	1009	0	1.76367188	8.52960256e-05	1.35318886e-05	-0.000123355388	0.000121744078	0.000143721067	3.89143702e-05	0	0	0	0	3
4520	1010	0	1.765625	8.40963579e-05	1.41423155e-05	-0.000123355388	0.000121744078	0.000143721067	3.89143702e-05	0	0	0	0	3
4525	1011	0	1.76757812	8.30342749e-05	1.47563278e-05	-0.000123355388	0.000121744078	0.000143721067	3.89143702e-05	0	0	0	0	3
4530	1012	0	1.76953125	8.19158995e-05	1.53739044e-05	-0.000123355388	0.000121744078	0.000143721067	3.89143702e-05	0	0	0	0	3
4535	1013	0	1.77148438	8.0676911e-05	1.59944935e-05	-0.000123355388	0.000121744078	0.000143721067	3.89143702e-05	0	0	0	0	3
4540	1014	0	1.7734375	7.94373071e-05	1.66180903e-05	-0.000123355388	0.000121744078	0.000143721067	3.89143702e-05	0	0	0	0	3
4545	1015	0	1.77539062	7.83367627e-05	1.72447834e-05	-0.000123355388	0.000121744078	0.000143721067	3.89143702e-05	0	0	0	0	3
4550	1016	0	1.77734375	7.73784327e-05	1.78745152e-05	-0.000123355388	0.000121744078	0.000143721067	3.89143702e-05	0	0	0	0	3
4555	1017	0	1.77929688	7.64792998e-05	1.85074009e-05	-0.000123355388	0.000121744078	0.000143719902	3.89143702e-05	0	0	0	0	3
4560	1018	0	1.78125	7.5539298e-05	1.91439371e-05	-0.000123355388	0.000121744078	0.000143365311	3.89143702e-05	0	0	0	0	3
4565	1019	0	1.78320312	7.46696546e-05	1.97849325e-05	-0.000123355388	0.000121744078	0.000142983877	3.89143702e-05	0	0	0	0	3
4570	1020	0	1.78515625	7.39787886e-05	2.0430726e-05	-0.000123355388	0.000121744078	0.00014257921	3.89143702e-05	0	0	0	0	3
4575	1021	0	1.78710938	7.33898784e-05	2.10807671e-05	-0.000123355388	0.000121744078	0.000142154095	3.89143702e-05	0	0	0	0	3
4580	1022	0	1.7890625	7.27602299e-05	2.17338922e-05	-0.000123355388	0.000121744078	0.000141711651	3.89143702e-05	0	0	0	0	3
4585	1023	0	1.79101562	7.20257449e-05	2.23886163e-05	-0.000123355388	0.000121744078	0.000141255136	3.89143702e-05	0	0	0	0	3
4590	1024	0	1.79296875	7.12256179e-05	2.30433617e-05	-0.000123355388	0.000121744078	0.000140788951	3.89143702e-05	0	0	0	0	3
4595	1025	0	1.79492188	7.04114586e-05	2.36964753e-05	-0.000123355388	0.000121744078	0.000140317844	3.89143702e-05	0	0	0	0	3
4600	1026	0	1.796875	6.95422094e-05	2.43461262e-05	-0.000123355388	0.000121744078	0.00013984602	3.89143702e-05	0	0	0	0	3
4605	1029	0	1.79882812	6.85811843e-05	2.49906123e-05	-0.000123355388	0.000121744078	0.00013937585	3.89143702e-05	0	0	0	0	3
4610	1030	0	1.80078125	6.7557685e-05	2.56283633e-05	-0.000123355388	0.000121744078	0.000138909287	3.89143702e-05	0	0	0	0	3
4615	1031	0	1.80273438	6.65326916e-05	2.62574572e-05	-0.000123355388	0.000121744078	0.000138448468	3.89143702e-05	0	0	0	0	3
4620	1032	0	1.8046875	6.55057177e-05	2.68756971e-05	-0.000123355388	0.000121744078	0.000137866987	3.89143702e-05	0	0	0	0	3
4625	1033	0	1.80664062	6.44539434e-05	2.76093273e-05	-0.000120984811	0.000121744078	0.000137293209	3.89143702e-05	0	0	0	0	3
4630	1034	0	1.80859375	6.34555357e-05	2.83297974e-05	-0.000118592877	0.000121744078	0.000136726615	3.89143702e-05	0	0	0	0	3
4635	1035	0	1.81054688	6.25475459e-05	2.90373772e-05	-0.000115826157	0.000121744078	0.00013616793	3.89143702e-05	0	0	0	0	3
4640	1036	0	1.8125	6.17104034e-05	2.97308794e-05	-0.000112405204	0.000121744078	0.000135618953	3.89143702e-05	0	0	0	0	3
4645	1037	0	1.81445312	6.0842302e-05	3.04076275e-05	-0.000109390632	0.000121744078	0.000135077243	3.89143702e-05	0	0	0	0	3
4650	1038	0	1.81640625	5.98916325e-05	3.10688863e-05	-0.00010918385	0.000121744078	0.000134538847	3.89143702e-05	0	0	0	0	3
4655	1039	0	1.81835938	5.90025092e-05	3.17178637e-05	-0.00010918385	0.000121744078	0.000134000317	3.89143702e-05	0	0	0	0	3
4660	1040	0	1.8203125	5.82397255e-05	3.23574069e-05	-0.00010918385	0.000121744078	0.000133458892	3.89143702e-05	0	0	0	0	3
4665	1041	0	1.82226562	5.75582671e-05	3.29895337e-05	-0.00010918385	0.000121744078	0.000132911979	3.89143702e-05	0	0	0	0	3
4670	1042	0	1.82421875	5.68382895e-05	3.36158094e-05	-0.00010918385	0.000121744078	0.000132356514	3.89143702e-05	0	0	0	0	3
4675	1043	0	1.82617188	5.60857955e-05	3.42380422e-05	-0.00010918385	0.000121744078	0.000131789305	3.89143702e-05	0	0	0	0	3
4680	1044	0	1.828125	3.63933266e-05	3.47839383e-05	-0.00010918385	0.000121744078	0.000131207471	3.89143702e-05	0	0	0	0	3
4685	1045	0	1.83007812	3.57731534e-05	3.53294108e-05	-0.00010918385	0.000121744078	0.000130608517	3.89143702e-05	0	0	0	0	3
4690	1046	0	1.83203125	3.528368e-05	3.58764123e-05	-0.00010918385	0.000121744078	0.000129991856	3.89143702e-05	0	0	0	0	3
4695	1047	0	1.83398438	3.46777917e-05	3.64244909e-05	-0.00010918385	0.000121744078	0.000129358125	3.89143702e-05	0	0	0	0	3
4700	1048	0	1.8359375	3.40749576e-05	3.69724299e-05	-0.00010918385	0.000121744078	0.000128707802	3.89143702e-05	0	0	0	0	3
4705	1050	0	1.83789062	3.3574375e-05	3.75194872e-05	-0.00010918385	0.000121744078	0.000128041045	3.89143702e-05	0	0	0	0	3
4710	1051	0	1.83984375	3.30933431e-05	3.80655344e-05	-0.00010918385	0.000121744078	0.000127357751	3.89143702e-05	0	0	0	0	3
4715	1052	0	1.84179688	3.25696274e-05	3.86113775e-05	-0.00010918385	0.000121744078	0.000126659352	3.89143702e-05	0	0	0	0	3
4720	1053	0	1.84375	3.2023525e-05	3.91571907e-05	-0.00010918385	0.000121744078	0.00012594882	3.89143702e-05	0	0	0	0	3
4725	1054	0	1.84570312	3.15591784e-05	3.97025542e-05	-0.00010918385	0.000121744078	0.000125229513	3.89143702e-05	0	0	0	0	3
4730	1055	0	1.84765625	3.10875574e-05	4.02466228e-05	-0.00010918385	0.000121744078	0.000124185463	3.89143702e-05	0	0	0	0	3
4735	1056	0	1.84960938	3.03968961e-05	4.07885505e-05	-0.00010918385	0.000121744078	0.000123134181	3.89143702e-05	0	0	0	0	3
4740	1057	0	1.8515625	2.95559013e-05	4.13290195e-05	-0.00010918385	0.000121744078	0.000122079541	3.89143702e-05	0	0	0	0	3
4745	1058	0	1.85351562	2.8739882e-05	4.18677841e-05	-0.000109112734	0.000121744078	0.000121025404	3.89143702e-05	0	0	0	0	3
4750	1059	0	1.85546875	2.80190954e-05	4.24034553e-05	-0.000108580835	0.000121744078	0.000119975026	3.89143702e-05	0	0	0	0	3
4755	1060	0	1.85742188	2.72391655e-05	4.29340021e-05	-0.00010786615	0.000121744078	0.00011893114	3.89143702e-05	0	0	0	0	3
4760	1061	0	1.859375	2.61407466e-05	4.34574666e-05	-0.000107233675	0.000121744078	0.000117895304	3.89143702e-05	0	0	0	0	3
4765	1062	0	1.86132812	2.49924019e-05	4.39739747e-05	-0.000106246643	0.000121744078	0.000116870156	3.89143702e-05	0	0	0	0	3
4770	1063	0	1.86328125	2.40200296e-05	4.44828289e-05	-0.000104719482	0.000121744078	0.000115857807	3.89143702e-05	0	0	0	0	3
4775	1064	0	1.86523438	2.3170831e-05	4.49824004e-05	-0.000102977932	0.000121744078	0.000114859458	3.89143702e-05	0	0	0	0	3
4780	1065	0	1.8671875	2.2160988e-05	4.54703291e-05	-0.000102977932	0.000121744078	0.000113874337	3.89143702e-05	0	0	0	0	3
4785	1066	0	1.86914062	2.08254339e-05	4.59449613e-05	-0.000102977932	0.000121744078	0.000112883644	3.89143702e-05	0	0	0	0	3
4790	1067	0	1.87109375	1.95604692e-05	4.6423627e-05	-0.000100670552	0.000121744078	0.000111903258	3.89143702e-05	0	0	0	0	3
4795	1068	0	1.87304688	1.85538267e-05	4.68893472e-05	-9.79434569e-05	0.000121744078	0.000110932599	3.89143702e-05	0	0	0	0	3
4800	1069	0	1.875	1.7720841e-05	4.73411609e-05	-9.50371662e-05	0.000121744078	0.000109970351	3.89143702e-05	0	0	0	0	3
4805	1071	0	1.87695312	1.67595488e-05	4.77778668e-05	-9.22475903e-05	0.000121744078	0.00010901444	3.89143702e-05	0	0	0	0	3
4810	1072	0	1.87890625	1.56106475e-05	4.8199188e-05	-8.97015821e-05	0.000121744078	0.000108062783	3.89143702e-05	0	0	0	0	3
4815	1072	0	1.88085938	1.46940051e-05	4.86069833e-05	-8.73005061e-05	0.000121744078	0.000107113995	3.89143702e-05	0	0	0	0	3
4820	1073	0	1.8828125	1.41241678e-05	4.90031734e-05	-8.51031283e-05	0.000121744078	0.00010616629	3.89143702e-05	0	0	0	0	3
4825	1074	0	1.88476562	1.37894211e-05	4.93894724e-05	-8.33120657e-05	0.000121744078	0.000105216741	3.89143702e-05	0	0	0	0	3
4830	1075	0	1.88671875	1.33741204e-05	4.97671528e-05	-8.21204183e-05	0.000121744078	0.000104261769	3.89143702e-05	0	0	0	0	3
4835	1076	0	1.88867188	1.28667645e-05	5.01381965e-05	-8.12562052e-05	0.000121744078	0.000103299204	3.89143702e-05	0	0	0	0	3
4840	1077	0	1.890625	1.26326867e-05	5.050495e-05	-8.04751163e-05	0.000121744078	0.000102327961	3.89143702e-05	0	0	0	0	3
4845	1078	0	1.89257812	-8.31652607e-06	5.07868195e-05	-7.97335732e-05	0.000121744078	0.000101346946	3.89143702e-05	0	0	0	0	3
4850	1079	0	1.89453125	-8.18928111e-06	5.10662894e-05	-7.92352911e-05	0.000121744078	0.000100354291	3.89143702e-05	0	0	0	0	3
4855	1080	0	1.89648438	-8.11357141e-06	5.13441086e-05	-7.90578741e-05	0.000121744078	9.93482904e-05	3.89143702e-05	0	0	0	0	3
4860	1081	0	1.8984375	-8.08759783e-06	5.16213363e-05	-7.87495026e-05	0.000121744078	9.83296296e-05	3.89143702e-05	0	0	0	0	3
4865	1082	0	1.90039062	-7.7961468e-06	5.18984978e-05	-7.81008146e-05	0.000121744078	9.73002212e-05	3.89143702e-05	0	0	0	0	3
4870	1083	0	1.90234375	-7.19931222e-06	5.21754568e-05	-7.71790304e-05	0.000121744078	9.62618578e-05	3.89143702e-05	0	0	0	0	3
4875	1084	0	1.90429688	-6.76889923e-06	5.24504964e-05	-7.62252839e-05	0.000121744078	9.52156639e-05	3.89143702e-05	0	0	0	0	3
4880	1085	0	1.90625	-6.72934642e-06	5.27219649e-05	-7.53560964e-05	0.000121744078	9.41629487e-05	3.89143702e-05	0	0	0	0	3
4885	1086	0	1.90820312	-6.78493234e-06	5.2989821e-05	-7.43948465e-05	0.000121744078	9.31063995e-05	3.89143702e-05	0	0	0	0	3
4890	1087	0	1.91015625	-6.76296036e-06	5.3254008e-05	-7.33012967e-05	0.000121744078	9.20491425e-05	3.89143702e-05	0	0	0	0	3
4895	1088	0	1.91210938	-6.75590091e-06	5.3513951e-05	-7.21844934e-05	0.000121744078	9.0732139e-05	3.89143702e-05	0	0	0	0	3
4900	1089	0	1.9140625	-7.0520243e-06	5.37683747e-05	-7.12461243e-05	0.000121744078	8.94165431e-05	3.89143702e-05	0	0	0	0	3
4905	1092	0	1.91601562	-7.68762842e-06	5.40166501e-05	-7.04247636e-05	0.000121744078	8.81038862e-05	3.89143702e-05	0	0	0	0	3
4910	1093	0	1.91796875	-8.3392803e-06	5.42591715e-05	-6.94848709e-05	0.000121744078	8.67976219e-05	3.89143702e-05	0	0	0	0	3
4915	1094	0	1.91992188	-8.86957027e-06	5.449595e-05	-6.83485377e-05	0.000121744078	8.55007368e-05	3.89143702e-05	0	0	0	0	3
4920	1095	0	1.921875	-9.39374268e-06	5.47262422e-05	-6.71645855e-05	0.000121744078	8.42157719e-05	3.89143702e-05	0	0	0	0	3
4925	1096	0	1.92382812	-1.02007407e-05	5.49487572e-05	-6.60887193e-05	0.000121744078	8.29448864e-05	3.89143702e-05	0	0	0	0	3
4930	1097	0	1.92578125	-1.11614791e-05	5.51633167e-05	-6.48910981e-05	0.000121744078	8.16899451e-05	3.89143702e-05	0	0	0	0	3
4935	1098	0	1.92773438	-1.19344458e-05	5.53701787e-05	-6.34572657e-05	0.000121744078	8.04523879e-05	3.89143702e-05	0	0	0	0	3
4940	1099	0	1.9296875	-1.24931435e-05	5.55692573e-05	-6.18792176e-05	0.000121744078	7.92321777e-05	3.89143702e-05	0	0	0	0	3
4945	1100	0	1.93164062	-1.31283061e-05	5.57596905e-05	-6.04463131e-05	0.000121744078	7.80271897e-05	3.89143702e-05	0	0	0	0	3
4950	1101	0	1.93359375	-1.40864977e-05	5.59407835e-05	-4.05678762e-05	0.000121744078	7.69073872e-05	3.89143702e-05	0	0	0	0	3
4955	1102	0	1.93554688	-1.50917055e-05	5.60402998e-05	-3.90442643e-05	0.000121744078	7.57989773e-05	3.89143702e-05	0	0	0	0	3
4960	1103	0	1.9375	-1.58615128e-05	5.61308574e-05	-3.74420205e-05	0.000121744078	7.47003105e-05	3.89143702e-05	0	0	0	0	3
4965	1104	0	1.93945312	-1.64206929e-05	5.6212972e-05	-3.58470112e-05	0.000121744078	7.36092508e-05	3.89143702e-05	0	0	0	0	3
4970	1105	0	1.94140625	-1.70323737e-05	5.62864667e-05	-3.42808244e-05	0.000121744078	7.25236519e-05	3.89143702e-05	0	0	0	0	3
4975	1106	0	1.94335938	-1.78289925e-05	5.63507317e-05	-3.27677263e-05	0.000121744078	7.14416765e-05	3.89143702e-05	0	0	0	0	3
4980	1107	0	1.9453125	-1.846683e-05	5.64065945e-05	-3.12495341e-05	0.000121744078	7.03622545e-05	3.89143702e-05	0	0	0	0	3
4985	1108	0	1.94726562	-1.87473401e-05	5.64554312e-05	-2.97268288e-05	0.000121744078	6.92846457e-05	3.89143702e-05	0	0	0	0	3
4990	1109	0	1.94921875	-1.87546451e-05	5.64982913e-05	-2.83094095e-05	0.000121744078	6.82076444e-05	3.89143702e-05	0	0	0	0	3
4995	1110	0	1.95117188	-1.87747799e-05	5.6535536e-05	-2.71957605e-05	0.000121744078	6.7129383e-05	3.89143702e-05	0	0	0	0	3
5000	1111	0	1.953125	-1.88680071e-05	5.65680662e-05	-2.61891048e-05	0.000121744078	6.60493832e-05	3.89143702e-05	0	0	0	0	3
5005	1113	0	1.95507812	-1.86912538e-05	5.65973547e-05	-2.50864128e-05	0.000121744078	6.5588427e-05	3.89143702e-05	0	0	0	0	3
5010	1114	0	1.95703125	-1.81153752e-05	5.66245853e-05	-2.39058079e-05	0.000121744078	6.56156576e-05	3.89143702e-05	0	0	0	0	3
5015	1115	0	1.95898438	-3.24080085e-05	5.65913736e-05	-3.24080085e-05	0.000121744078	6.56156576e-05	3.89143702e-05	0	0	0	0	3
5020	1116	0	1.9609375	-3.17739378e-05	5.65564772e-05	-3.24080085e-05	0.000121744078	6.56156576e-05	3.89143702e-05	0	0	0	0	3
5025	1117	0	1.96289062	-3.12808282e-05	5.651986e-05	-3.24080085e-05	0.000121744078	6.56156576e-05	3.89143702e-05	0	0	0	0	3
5030	1118	0	1.96484375	-3.04547556e-05	5.64822326e-05	-3.24080085e-05	0.000121744078	6.56156576e-05	3.89143702e-05	0	0	0	0	3
5035	1119	0	1.96679688	-2.92315267e-05	5.64443205e-05	-3.24080085e-05	0.000121744078	6.56156576e-05	3.89143702e-05	0	0	0	0	3
5040	1120	0	1.96875	-2.81171446e-05	5.64055154e-05	-3.24080085e-05	0.000121744078	6.56156576e-05	3.89143702e-05	0	0	0	0	3
5045	1121	0	1.97070312	-2.74870737e-05	5.63641674e-05	-3.24080085e-05	0.000121744078	6.56156576e-05	3.89143702e-05	0	0	0	0	3
5050	1122	0	1.97265625	-2.7124184e-05	5.63187241e-05	-3.24080085e-05	0.000121744078	6.56156576e-05	3.89143702e-05	0	0	0	0	3
5055	1123	0	1.97460938	-2.67234627e-05	5.62685189e-05	-3.24080085e-05	0.000121744078	6.56156576e-05	3.89143702e-05	0	0	0	0	3
5060	1124	0	1.9765625	-2.63124702e-05	5.62133069e-05	-3.24080085e-05	0.000121744078	6.56156576e-05	3.89143702e-05	0	0	0	0	3
5065	1125	0	1.97851562	-2.60794452e-05	5.61532423e-05	-3.24080085e-05	0.000121744078	6.56156576e-05	3.89143702e-05	0	0	0	0	3
5070	1126	0	1.98046875	-2.62216862e-05	5.60874973e-05	-3.24080085e-05	0.000121744078	6.56156576e-05	3.89143702e-05	0	0	0	0	3
5075	1127	0	1.98242188	-2.65393957e-05	5.60148948e-05	-3.24080085e-05	0.000121744078	6.56156576e-05	3.89143702e-05	0	0	0	0	3
5080	1128	0	1.984375	-2.68053723e-05	5.59350625e-05	-3.24080085e-05	0.000121744078	6.56156576e-05	3.89143702e-05	0	0	0	0	3
5085	1129	0	1.98632812	-2.7056341e-05	5.58483312e-05	-3.24080085e-05	0.000121744078	6.56156576e-05	3.89143702e-05	0	0	0	0	3
5090	1130	0	1.98828125	-2.73681468e-05	5.57558247e-05	-3.24080085e-05	0.000121744078	6.56156576e-05	3.89143702e-05	0	0	0	0	3
5095	1131	0	1.99023438	-2.77474169e-05	5.56578032e-05	-3.24080085e-05	0.000121744078	6.56156576e-05	3.89143702e-05	0	0	0	0	3
5100	1132	0	1.9921875	-2.80649076e-05	5.55540763e-05	-3.24080085e-05	0.000121744078	6.56156576e-05	3.89143702e-05	0	0	0	0	3
5105	1134	0	1.99414062	-2.83011455e-05	5.54447333e-05	-3.24080085e-05	0.000121744078	6.56156576e-05	3.89143702e-05	0	0	0	0	3
5110	1135	0	1.99609375	-2.85567407e-05	5.53305057e-05	-3.24080085e-05	0.000121744078	6.56156576e-05	3.89143702e-05	0	0	0	0	3
5115	1136	0	1.99804688	-2.88832599e-05	5.52125885e-05	-3.24080085e-05	0.000121744078	6.56156576e-05	3.89143702e-05	0	0	0	0	3
5120	1137	0	2	-2.91884815e-05	5.50914423e-05	-3.24080085e-05	0.000121744078	6.56156576e-05	3.89143702e-05	0	0	0	0	3
5125	1138	0	2.00195312	-2.94325807e-05	5.48483288e-05	-3.24080085e-05	0.000121744078	6.56156576e-05	3.89143702e-05	0	0	0	0	3
5130	1139	0	2.00390625	-2.96882044e-05	5.46018692e-05	-3.24080085e-05	0.000121744078	6.56156576e-05	3.89143702e-05	0	0	0	0	3
5135	1140	0	2.00585938	-2.9987321e-05	5.43527286e-05	-3.24080085e-05	0.000121744078	6.56156576e-05	3.89143702e-05	0	0	0	0	3
5140	1141	0	2.0078125	-3.02392693e-05	5.41019521e-05	-3.24080085e-05	0.000121744078	6.56156576e-05	3.89143702e-05	0	0	0	0	3
5145	1142	0	2.00976562	-3.02771343e-05	5.38499322e-05	-3.24080085e-05	0.000121744078	6.56156576e-05	3.89143702e-05	0	0	0	0	3
5150	1143	0	2.01171875	-3.01707885e-05	5.35965595e-05	-3.24080085e-05	0.000121744078	6.56156576e-05	3.89143702e-05	0	0	0	0	3
5155	1144	0	2.01367188	-3.00770797e-05	5.33418627e-05	-3.24080085e-05	0.000121744078	6.56156576e-05	3.89143702e-05	0	0	0	0	3
5160	1145	0	2.015625	-2.99426833e-05	5.30866478e-05	-3.24080085e-05	0.000121744078	6.56156576e-05	3.89143702e-05	0	0	0	0	3
5165	1146	0	2.01757812	-2.95514433e-05	5.28321819e-05	-3.24080085e-05	0.000121744078	6.56156576e-05	3.89143702e-05	0	0	0	0	3
5170	1147	0	2.01953125	-2.88191821e-05	5.25787592e-05	-3.24080085e-05	0.000121744078	6.56156576e-05	3.89143702e-05	0	0	0	0	3
5175	1148	0	2.02148438	-2.79900702e-05	5.23255165e-05	-3.24080085e-05	0.000121744078	6.56156576e-05	3.89143702e-05	0	0	0	0	3
5180	1149	0	2.0234375	-3.23661529e-05	5.20514017e-05	-3.24080085e-05	0.000121744078	6.56156576e-05	3.89143702e-05	0	0	0	0	3
5185	1150	0	2.02539062	-3.16482929e-05	5.17765527e-05	-3.24080085e-05	0.000121744078	6.56156576e-05	3.89143702e-05	0	0	0	0	3
5190	1151	0	2.02734375	-3.07211148e-05	5.15017865e-05	-3.24080085e-05	0.000121744078	6.56156576e-05	3.89143702e-05	0	0	0	0	3
5195	1152	0	2.02929688	-2.95461985e-05	5.12271536e-05	-3.24080085e-05	0.000121744078	6.56156576e-05	3.89143702e-05	0	0	0	0	3
5200	1153	0	2.03125	-2.84542383e-05	5.09514702e-05	-3.24080085e-05	0.000121744078	6.56156576e-05	3.89143702e-05	0	0	0	0	3
5205	1156	0	2.03320312	-2.76320152e-05	5.06735283e-05	-3.24080085e-05	0.000121744078	6.56156576e-05	3.89143702e-05	0	0	0	0	3
5210	1157	0	2.03515625	-2.68537237e-05	5.03938404e-05	-3.24080085e-05	0.000121744078	6.56156576e-05	3.89143702e-05	0	0	0	0	3
5215	1158	0	2.03710938	-2.59967838e-05	5.01130155e-05	-3.24080085e-05	0.000121744078	6.56156576e-05	3.89143702e-05	0	0	0	0	3
5220	1159	0	2.0390625	-2.51800781e-05	4.98303358e-05	-3.24080085e-05	0.000121744078	6.56156576e-05	3.89143702e-05	0	0	0	0	3
5225	1160	0	2.04101562	-2.47169494e-05	4.95437699e-05	-3.24080085e-05	0.000121744078	6.56156576e-05	3.89143702e-05	0	0	0	0	3
5230	1161	0	2.04296875	-2.44944384e-05	4.92521682e-05	-3.24080085e-05	0.000121744078	6.56156576e-05	3.89143702e-05	0	0	0	0	3
5235	1162	0	2.04492188	-2.42651291e-05	4.89559296e-05	-3.24080085e-05	0.000121744078	6.56156576e-05	3.89143702e-05	0	0	0	0	3
5240	1163	0	2.046875	-2.3953843e-05	4.86555501e-05	-3.24080085e-05	0.000121744078	6.56156576e-05	3.89143702e-05	0	0	0	0	3
5245	1164	0	2.04882812	-2.37800811e-05	4.83502331e-05	-3.24080085e-05	0.000121744078	6.56156576e-05	3.89143702e-05	0	0	0	0	3
5250	1165	0	2.05078125	-2.38142588e-05	4.80391082e-05	-3.24080085e-05	0.000121744078	6.56156576e-05	3.89143702e-05	0	0	0	0	3
5255	1166	0	2.05273438	-2.37962985e-05	4.77229765e-05	-3.24080085e-05	0.000121744078	6.56156576e-05	3.89143702e-05	0	0	0	0	3
5260	1167	0	2.0546875	-2.36027517e-05	4.74036021e-05	-3.24080085e-05	0.000121744078	6.56156576e-05	3.89143702e-05	0	0	0	0	3
5265	1168	0	2.05664062	-2.33367443e-05	4.708199e-05	-3.24080085e-05	0.000121744078	6.56156576e-05	3.89143702e-05	0	0	0	0	3
5270	1169	0	2.05859375	-2.32181885e-05	4.67579363e-05	-3.24080085e-05	0.000121744078	6.56156576e-05	3.89143702e-05	0	0	0	0	3
5275	1170	0	2.06054688	-2.31239064e-05	4.6431959e-05	-3.24080085e-05	0.000121744078	6.56156576e-05	3.89143702e-05	0	0	0	0	3
5280	1171	0	2.0625	-2.28108333e-05	4.61059841e-05	-3.24080085e-05	0.000121744078	6.56156576e-05	3.89143702e-05	0	0	0	0	3
5285	1172	0	2.06445312	-2.23581148e-05	4.57816369e-05	-3.24080085e-05	0.000121744078	6.56156576e-05	3.89143702e-05	0	0	0	0	3
5290	1173	0	2.06640625	-2.20629248e-05	4.53399166e-05	-3.24080085e-05	0.000121744078	6.56156576e-05	3.89143702e-05	0	0	0	0	3
5295	1174	0	2.06835938	-2.20214802e-05	4.48984378e-05	-3.24080085e-05	0.000121744078	6.56156576e-05	3.89143702e-05	0	0	0	0	3
5300	1175	0	2.0703125	-2.19245889e-05	4.44582762e-05	-3.24080085e-05	0.000121744078	6.56156576e-05	3.89143702e-05	0	0	0	0	3
5305	1177	0	2.07226562	-2.15952486e-05	4.40211574e-05	-3.24080085e-05	0.000121744078	6.56156576e-05	3.89143702e-05	0	0	0	0	3
5310	1178	0	2.07421875	-2.11687482e-05	4.35881652e-05	-3.24080085e-05	0.000121744078	6.56156576e-05	3.89143702e-05	0	0	0	0	3
5315	1179	0	2.07617188	-2.09029064e-05	4.3159083e-05	-3.24080085e-05	0.000121744078	6.56156576e-05	3.89143702e-05	0	0	0	0	3
5320	1180	0	2.078125	-2.07575224e-05	4.27332236e-05	-3.24080085e-05	0.000121744078	6.56156576e-05	3.89143702e-05	0	0	0	0	3
5325	1181	0	2.08007812	-2.03812103e-05	4.23112956e-05	-3.24080085e-05	0.000121744078	6.56156576e-05	3.89143702e-05	0	0	0	0	3
5330	1182	0	2.08203125	-1.97115065e-05	4.18940002e-05	-3.24080085e-05	0.000121744078	6.56156576e-05	3.89143702e-05	0	0	0	0	3
5335	1184	0	2.08398438	-1.90046294e-05	4.14806025e-05	-3.24080085e-05	0.000121744078	6.56156576e-05	3.89143702e-05	0	0	0	0	3
5340	1185	0	2.0859375	-1.85658415e-05	4.10690097e-05	-3.24080085e-05	0.000121744078	6.56156576e-05	3.89143702e-05	0	0	0	0	3
5345	1186	0	2.08789062	-1.35920997e-05	4.06761123e-05	-3.24080085e-05	0.000121744078	6.56156576e-05	3.89143702e-05	0	0	0	0	3
5350	1187	0	2.08984375	-1.28659333e-05	4.02847282e-05	-3.24080085e-05	0.000121744078	6.56156576e-05	3.89143702e-05	0	0	0	0	3
5355	1188	0	2.09179688	-1.20221672e-05	3.98944805e-05	-3.24080085e-05	0.000121744078	6.56156576e-05	3.89143702e-05	0	0	0	0	3
5360	1189	0	2.09375	-1.12618877e-05	3.95040922e-05	-3.24080085e-05	0.000121744078	6.56156576e-05	3.89143702e-05	0	0	0	0	3
5365	1190	0	2.09570312	-1.07142441e-05	3.911209e-05	-3.24080085e-05	0.000121744078	6.56156576e-05	3.89143702e-05	0	0	0	0	3
5370	1191	0	2.09765625	-1.01256328e-05	3.87188127e-05	-3.24080085e-05	0.000121744078	6.56156576e-05	3.89143702e-05	0	0	0	0	3
5375	1192	0	2.09960938	-9.36628308e-06	3.83253967e-05	-3.24080085e-05	0.000121744078	6.56156576e-05	3.89143702e-05	0	0	0	0	3
5380	1193	0	2.1015625	-8.54533152e-06	3.79321118e-05	-3.24080085e-05	0.000121744078	6.56156576e-05	3.89143702e-05	0	0	0	0	3
5385	1194	0	2.10351562	-7.92908981e-06	3.7537846e-05	-3.24080085e-05	0.000121744078	6.56156576e-05	3.89143702e-05	0	0	0	0	3
5390	1195	0	2.10546875	-7.62900334e-06	3.71411539e-05	-3.24080085e-05	0.000121744078	6.56156576e-05	3.89143702e-05	0	0	0	0	3
5395	1196	0	2.10742188	-7.29019637e-06	3.674229e-05	-3.24080085e-05	0.000121744078	6.56156576e-05	3.89143702e-05	0	0	0	0	3
5400	1197	0	2.109375	-6.78532054e-06	3.6342028e-05	-3.24080085e-05	0.000121744078	6.56156576e-05	3.89143702e-05	0	0	0	0	3
5405	1199	0	2.11132812	-6.22668927e-06	3.59404303e-05	-3.24080085e-05	0.000121744078	6.56156576e-05	3.89143702e-05	0	0	0	0	3
5410	1200	0	2.11328125	-5.93781477e-06	3.55362449e-05	-3.24080085e-05	0.000121744078	6.56156576e-05	3.89143702e-05	0	0	0	0	3
5415	1201	0	2.11523438	-5.84257093e-06	3.5128798e-05	-3.24080085e-05	0.000121744078	6.56156576e-05	3.89143702e-05	0	0	0	0	3
5420	1202	0	2.1171875	-5.5657413e-06	3.47191525e-05	-3.24080085e-05	0.000121744078	6.56156576e-05	3.89143702e-05	0	0	0	0	3
5425	1203	0	2.11914062	-5.04035771e-06	3.43086478e-05	-3.24080085e-05	0.000121744078	6.56156576e-05	3.89143702e-05	0	0	0	0	3
5430	1204	0	2.12109375	-4.44216103e-06	3.38979325e-05	-3.24080085e-05	0.000121744078	6.56156576e-05	3.89143702e-05	0	0	0	0	3
5435	1205	0	2.12304688	-4.04339965e-06	3.34869387e-05	-3.24080085e-05	0.000121744078	6.56156576e-05	3.89143702e-05	0	0	0	0	3
5440	1206	0	2.125	-3.67252057e-06	3.30766268e-05	-3.24080085e-05	0.000121744078	6.56156576e-05	3.89143702e-05	0	0	0	0	3
5445	1207	0	2.12695312	-3.1121311e-06	3.26688134e-05	-3.24080085e-05	0.000121744078	6.56156576e-05	3.89143702e-05	0	0	0	0	3
5450	1208	0	2.12890625	-2.41629238e-06	3.22645718e-05	-3.24080085e-05	0.000121744078	6.56156576e-05	3.89143702e-05	0	0	0	0	3
5455	1209	0	2.13085938	-1.82967458e-06	3.1863764e-05	-3.24080085e-05	0.000121744078	6.56156576e-05	3.89143702e-05	0	0	0	0	3
5460	1210	0	2.1328125	-1.46510622e-06	3.13824781e-05	-3.24080085e-05	0.000121024256	6.56156576e-05	3.89143702e-05	0	0	0	0	3
5465	1211	0	2.13476562	-1.07900575e-06	3.09055122e-05	-3.24080085e-05	0.000120039411	6.56156576e-05	3.89143702e-05	0	0	0	0	3
5470	1212	0	2.13671875	-5.1062672e-07	3.04346136e-05	-3.24080085e-05	0.000118812886	6.56156576e-05	3.89143702e-05	0	0	0	0	3
5475	1213	0	2.13867188	1.15084217e-07	2.99709504e-05	-3.24080085e-05	0.00011876171	6.56156576e-05	3.89143702e-05	0	0	0	0	3
5480	1214	0	2.140625	5.11071926e-07	2.95139801e-05	-3.24080085e-05	0.00011876171	6.56156576e-05	3.89143702e-05	0	0	0	0	3
5485	1215	0	2.14257812	7.18774686e-07	2.9062749e-05	-3.24080085e-05	0.00011876171	6.56156576e-05	3.89143702e-05	0	0	0	0	3
5490	1216	0	2.14453125	1.077075e-06	2.86180046e-05	-3.24080085e-05	0.00011876171	6.56156576e-05	3.89143702e-05	0	0	0	0	3
5495	1217	0	2.14648438	1.63068228e-06	2.81801031e-05	-3.24080085e-05	0.00011876171	6.56156576e-05	3.89143702e-05	0	0	0	0	3
5500	1218	0	2.1484375	2.16967504e-06	2.7747923e-05	-3.24080085e-05	0.00011876171	6.56156576e-05	3.89143702e-05	0	0	0	0	3
5505	1220	0	2.15039062	2.39976168e-06	2.73190882e-05	-3.24080085e-05	0.00011876171	6.56156576e-05	3.89143702e-05	0	0	0	0	3
5510	1222	0	2.15234375	2.53430515e-06	2.68924527e-05	-3.24080085e-05	0.00011876171	6.56156576e-05	3.89143702e-05	0	0	0	0	3
5515	1223	0	2.15429688	1.34677592e-05	2.65095867e-05	-3.24080085e-05	0.00011876171	6.56138978e-05	3.89143702e-05	0	0	0	0	3
5520	1224	0	2.15625	1.39079213e-05	2.61286134e-05	-3.24080085e-05	0.00011876171	6.55999581e-05	3.89143702e-05	0	0	0	0	3
5525	1225	0	2.15820312	1.4198417e-05	2.5748049e-05	-3.24080085e-05	0.00011876171	6.55744045e-05	3.89143702e-05	0	0	0	0	3
5530	1226	0	2.16015625	1.4281125e-05	2.53664576e-05	-3.24080085e-05	0.00011876171	6.55382575e-05	3.89143702e-05	0	0	0	0	3
5535	1227	0	2.16210938	1.44050264e-05	2.49840579e-05	-3.24080085e-05	0.00011876171	6.54919361e-05	3.89143702e-05	0	0	0	0	3
5540	1228	0	2.1640625	1.47852185e-05	2.46023471e-05	-3.24080085e-05	0.00011876171	6.54350425e-05	3.89143702e-05	0	0	0	0	3
5545	1229	0	2.16601562	1.52128328e-05	2.42216303e-05	-3.24080085e-05	0.00011876171	6.53684271e-05	3.89143702e-05	0	0	0	0	3
5550	1230	0	2.16796875	1.53951596e-05	2.38407892e-05	-3.24080085e-05	0.00011876171	6.52937208e-05	3.89143702e-05	0	0	0	0	3
5555	1231	0	2.16992188	1.53884657e-05	2.34588921e-05	-3.24080085e-05	0.00011876171	6.52125074e-05	3.89143702e-05	0	0	0	0	3
5560	1232	0	2.171875	1.55747188e-05	2.30768326e-05	-3.24080085e-05	0.00011876171	6.51253862e-05	3.89143702e-05	0	0	0	0	3
5565	1233	0	2.17382812	1.6036895e-05	2.26960671e-05	-3.24080085e-05	0.00011876171	6.4807276e-05	3.89143702e-05	0	0	0	0	3
5570	1234	0	2.17578125	1.65401169e-05	2.23166957e-05	-3.24080085e-05	0.00011876171	6.44820754e-05	3.89143702e-05	0	0	0	0	3
5575	1235	0	2.17773438	1.67932068e-05	2.19373776e-05	-3.24080085e-05	0.00011876171	6.41519924e-05	3.89143702e-05	0	0	0	0	3
5580	1236	0	2.1796875	1.69777095e-05	2.15576128e-05	-3.24080085e-05	0.00011876171	6.38182858e-05	3.89143702e-05	0	0	0	0	3
5585	1237	0	2.18164062	1.73853954e-05	2.11784774e-05	-3.24080085e-05	0.00011876171	6.34813546e-05	3.89143702e-05	0	0	0	0	3
5590	1238	0	2.18359375	1.79903893e-05	2.08012819e-05	-3.24080085e-05	0.00011876171	6.31415936e-05	3.89143702e-05	0	0	0	0	3
5595	1239	0	2.18554688	1.85402632e-05	2.04261281e-05	-3.24080085e-05	0.00011876171	6.2799796e-05	3.89143702e-05	0	0	0	0	3
5600	1240	0	2.1875	1.88726595e-05	2.00523508e-05	-3.24080085e-05	0.00011876171	6.24561816e-05	3.89143702e-05	0	0	0	0	3
5605	1242	0	2.18945312	1.92244705e-05	1.96803291e-05	-3.24080085e-05	0.00011876171	6.21105675e-05	3.89143702e-05	0	0	0	0	3
5610	1244	0	2.19140625	1.97970289e-05	1.9311675e-05	-3.24080085e-05	0.00011876171	6.17628162e-05	3.89143702e-05	0	0	0	0	3
5615	1245	0	2.19335938	2.0493873e-05	1.89478193e-05	-3.24080085e-05	0.00011876171	6.14128149e-05	3.89143702e-05	0	0	0	0	3
5620	1246	0	2.1953125	2.10571529e-05	1.85888329e-05	-3.24080085e-05	0.00011876171	6.10342493e-05	3.89143702e-05	0	0	0	0	3
5625	1247	0	2.19726562	2.14477826e-05	1.82087003e-05	-3.24080085e-05	0.000117751275	6.06519713e-05	3.89143702e-05	0	0	0	0	3
5630	1248	0	2.19921875	2.19505734e-05	1.78344788e-05	-3.24080085e-05	0.000116574274	6.02645028e-05	3.89143702e-05	0	0	0	0	3
5635	1249	0	2.20117188	2.25966681e-05	1.74673788e-05	-3.24080085e-05	0.000115214671	5.98718838e-05	3.89143702e-05	0	0	0	0	3
5640	1250	0	2.203125	2.32186296e-05	1.71080193e-05	-3.24080085e-05	0.000113786162	5.94746932e-05	3.89143702e-05	0	0	0	0	3
5645	1251	0	2.20507812	2.35644858e-05	1.67555909e-05	-3.24080085e-05	0.000112362122	5.90731483e-05	3.89143702e-05	0	0	0	0	3
5650	1252	0	2.20703125	2.3785074e-05	1.64095868e-05	-3.24080085e-05	0.000110997513	5.86661276e-05	3.89143702e-05	0	0	0	0	3
5655	1253	0	2.20898438	2.41432549e-05	1.60703123e-05	-3.24080085e-05	0.000109745894	5.82520599e-05	3.89143702e-05	0	0	0	0	3
5660	1254	0	2.2109375	2.45640096e-05	1.57375706e-05	-3.24080085e-05	0.000108631316	5.78308929e-05	3.89143702e-05	0	0	0	0	3
5665	1255	0	2.21289062	2.47644235e-05	1.54099655e-05	-3.24080085e-05	0.000107624281	5.7403051e-05	3.89143702e-05	0	0	0	0	3
5670	1256	0	2.21484375	2.4682913e-05	1.50859758e-05	-3.24080085e-05	0.000106747174	5.69681383e-05	3.89143702e-05	0	0	0	0	3
5675	1257	0	2.21679688	2.46232392e-05	1.47651792e-05	-3.24080085e-05	0.000106074108	5.65242283e-05	3.89143702e-05	0	0	0	0	3
5680	1258	0	2.21875	3.64662167e-05	1.44932734e-05	-3.24080085e-05	0.000105631076	5.60704118e-05	3.89143702e-05	0	0	0	0	3
5685	1259	0	2.22070312	3.66396522e-05	1.42237756e-05	-3.24080085e-05	0.000105394771	5.56072989e-05	3.89143702e-05	0	0	0	0	3
5690	1260	0	2.22265625	3.64380951e-05	1.39544136e-05	-3.24080085e-05	0.000105234046	5.51360415e-05	3.89143702e-05	0	0	0	0	3
5695	1261	0	2.22460938	3.61163681e-05	1.36844227e-05	-3.24080085e-05	0.000104933527	5.46576767e-05	3.89143702e-05	0	0	0	0	3
5700	1262	0	2.2265625	3.59314681e-05	1.34148834e-05	-3.24080085e-05	0.000104548	5.41722797e-05	3.89143702e-05	0	0	0	0	3
5705	1264	0	2.22851562	3.58802162e-05	1.31466499e-05	-3.24080085e-05	0.000104203921	5.36814064e-05	3.89143702e-05	0	0	0	0	3
5710	1265	0	2.23046875	3.58180468e-05	1.28795175e-05	-3.24080085e-05	0.000103911637	5.31874861e-05	3.89143702e-05	0	0	0	0	3
5715	1266	0	2.23242188	3.55365877e-05	1.26124275e-05	-3.24080085e-05	0.000103554767	5.26930256e-05	3.89143702e-05	0	0	0	0	3
5720	1267	0	2.234375	3.52577457e-05	1.23456423e-05	-3.24080085e-05	0.000103003034	5.21994318e-05	3.89143702e-05	0	0	0	0	3
5725	1268	0	2.23632812	3.52442865e-05	1.20809597e-05	-3.24080085e-05	0.000102418802	5.17066954e-05	3.89143702e-05	0	0	0	0	3
5730	1269	0	2.23828125	3.54473224e-05	1.18193523e-05	-3.24080085e-05	0.000101939134	5.10003465e-05	3.89143702e-05	0	0	0	0	3
5735	1270	0	2.24023438	3.55930252e-05	1.15601878e-05	-3.24080085e-05	0.000101554307	5.02984495e-05	3.89143702e-05	0	0	0	0	3
5740	1271	0	2.2421875	3.56143094e-05	1.13026097e-05	-3.24080085e-05	0.000101097121	4.96037192e-05	3.89143702e-05	0	0	0	0	3
5745	1272	0	2.24414062	3.57828137e-05	1.10474757e-05	-3.24080085e-05	0.000100514724	4.89160188e-05	3.89143702e-05	0	0	0	0	3
5750	1274	0	2.24609375	3.62195181e-05	1.07963225e-05	-3.24080085e-05	9.99836992e-05	4.82356935e-05	3.89143702e-05	0	0	0	0	3
5755	1275	0	2.24804688	3.6732951e-05	1.05492493e-05	-3.24080085e-05	9.95597968e-05	4.75649796e-05	3.89143702e-05	0	0	0	0	3
5760	1276	0	2.25	3.69931767e-05	1.03048484e-05	-3.24080085e-05	9.91361308e-05	4.69033836e-05	3.89143702e-05	0	0	0	0	3
5765	1277	0	2.25195312	3.71296276e-05	1.00626355e-05	-3.24080085e-05	9.84982044e-05	4.65619498e-05	3.89143702e-05	0	0	0	0	3
5770	1278	0	2.25390625	3.74515438e-05	9.82417203e-06	-3.24080085e-05	9.77117504e-05	4.68004133e-05	3.89143702e-05	0	0	0	0	3
5775	1279	0	2.25585938	3.79555274e-05	9.59074928e-06	-3.24080085e-05	9.6926651e-05	4.70338361e-05	3.89143702e-05	0	0	0	0	3
5780	1280	0	2.2578125	3.83826607e-05	9.36206182e-06	-3.24080085e-05	9.61465429e-05	4.72625235e-05	3.89143702e-05	0	0	0	0	3
5785	1281	0	2.25976562	3.85734472e-05	9.13716691e-06	-3.24080085e-05	8.65154241e-05	4.74874184e-05	3.89143702e-05	0	0	0	0	3
5790	1282	0	2.26171875	3.88107531e-05	8.95082054e-06	-3.24080085e-05	8.52960256e-05	4.76737648e-05	3.89143702e-05	0	0	0	0	3
5795	1283	0	2.26367188	3.92538782e-05	8.7709684e-06	-3.24080085e-05	8.40963579e-05	4.78536169e-05	3.89143702e-05	0	0	0	0	3
5800	1284	0	2.265625	3.98011763e-05	8.59794035e-06	-3.24080085e-05	8.30342749e-05	4.8026645e-05	3.89143702e-05	0	0	0	0	3
5805	1286	0	2.26757812	4.01876769e-05	8.43057083e-06	-3.24080085e-05	8.19158995e-05	4.81940145e-05	3.89143702e-05	0	0	0	0	3
5810	1287	0	2.26953125	4.03640765e-05	8.26825902e-06	-3.24080085e-05	8.0676911e-05	4.83563263e-05	3.89143702e-05	0	0	0	0	3
5815	1288	0	2.27148438	4.05622958e-05	8.1115613e-06	-3.24080085e-05	7.94373071e-05	4.8513024e-05	3.89143702e-05	0	0	0	0	3
5820	1289	0	2.2734375	4.08510422e-05	7.96083371e-06	-3.24080085e-05	7.83367627e-05	4.86637516e-05	3.89143702e-05	0	0	0	0	3
5825	1290	0	2.27539062	4.10999926e-05	7.81537757e-06	-3.24080085e-05	7.73784327e-05	4.88092078e-05	3.89143702e-05	0	0	0	0	3
5830	1291	0	2.27734375	4.10589341e-05	7.67350453e-06	-3.24080085e-05	7.64792998e-05	4.89510808e-05	3.89143702e-05	0	0	0	0	3
5835	1292	0	2.27929688	4.08459901e-05	7.53431192e-06	-3.24080085e-05	7.5539298e-05	4.90902734e-05	3.89143702e-05	0	0	0	0	3
5840	1293	0	2.28125	4.06899196e-05	7.39818153e-06	-3.24080085e-05	7.46696546e-05	4.92264038e-05	3.89143702e-05	0	0	0	0	3
5845	1294	0	2.28320312	4.0606197e-05	7.26512115e-06	-3.24080085e-05	7.39787886e-05	4.93594642e-05	3.89143702e-05	0	0	0	0	3
5850	1295	0	2.28515625	4.92822802e-05	7.16865041e-06	-3.24080085e-05	7.33898784e-05	4.94559349e-05	3.89143702e-05	0	0	0	0	3
5855	1296	0	2.28710938	4.87821486e-05	7.07252647e-06	-3.24080085e-05	7.27602299e-05	4.95520589e-05	3.89143702e-05	0	0	0	0	3
5860	1297	0	2.2890625	4.82516454e-05	6.97678981e-06	-3.24080085e-05	7.20257449e-05	4.96477955e-05	3.89143702e-05	0	0	0	0	3
5865	1299	0	2.29101562	4.78903552e-05	6.88251095e-06	-3.24080085e-05	7.12256179e-05	4.97420744e-05	3.89143702e-05	0	0	0	0	3
5870	1300	0	2.29296875	4.75779483e-05	6.79013724e-06	-3.24080085e-05	7.04114586e-05	4.98344481e-05	3.89143702e-05	0	0	0	0	3
5875	1301	0	2.29492188	4.71111716e-05	6.69912049e-06	-3.24080085e-05	6.95422094e-05	4.99254649e-05	3.89143702e-05	0	0	0	0	3
5880	1302	0	2.296875	4.6496432e-05	6.60909792e-06	-3.24080085e-05	6.85811843e-05	5.00154874e-05	3.89143702e-05	0	0	0	0	3
5885	1303	0	2.29882812	4.60594343e-05	6.52112234e-06	-3.24080085e-05	6.7557685e-05	5.0103463e-05	3.89143702e-05	0	0	0	0	3
5890	1304	0	2.30078125	4.58868079e-05	6.43647047e-06	-3.24080085e-05	6.65326916e-05	5.01881149e-05	3.89143702e-05	0	0	0	0	3
5895	1305	0	2.30273438	4.5851754e-05	6.35568556e-06	-3.24080085e-05	6.55057177e-05	5.02688998e-05	3.89143702e-05	0	0	0	0	3
5900	1306	0	2.3046875	4.57031372e-05	6.27833173e-06	-3.24080085e-05	6.44539434e-05	5.03462536e-05	3.89143702e-05	0	0	0	0	3
5905	1309	0	2.30664062	4.55554393e-05	6.20450945e-06	-3.24080085e-05	6.34555357e-05	5.04200759e-05	3.89143702e-05	0	0	0	0	3
5910	1310	0	2.30859375	4.5620133e-05	6.13483991e-06	-3.24080085e-05	6.25475459e-05	5.04897454e-05	3.89143702e-05	0	0	0	0	3
5915	1311	0	2.31054688	4.58923772e-05	6.06978065e-06	-3.24080085e-05	6.17104034e-05	5.05548047e-05	3.89143702e-05	0	0	0	0	3
5920	1312	0	2.3125	4.61605266e-05	6.00903895e-06	-3.24080085e-05	6.0842302e-05	5.06155464e-05	3.89143702e-05	0	0	0	0	3
5925	1313	0	2.31445312	4.61819506e-05	5.95177195e-06	-3.24080085e-05	5.98916325e-05	5.06728134e-05	3.89143702e-05	0	0	0	0	3
5930	1314	0	2.31640625	4.61425963e-05	5.89806478e-06	-3.24080085e-05	5.90025092e-05	5.07265206e-05	3.89143702e-05	0	0	0	0	3
5935	1315	0	2.31835938	4.62781656e-05	5.84836031e-06	-3.24080085e-05	5.82397255e-05	5.0776225e-05	3.89143702e-05	0	0	0	0	3
5940	1316	0	2.3203125	4.65459931e-05	5.80268167e-06	-3.24080085e-05	5.75582671e-05	5.08219037e-05	3.89143702e-05	0	0	0	0	3
5945	1317	0	2.32226562	4.66593219e-05	5.76010766e-06	-3.24080085e-05	5.68382895e-05	5.08644777e-05	3.89143702e-05	0	0	0	0	3
5950	1318	0	2.32421875	4.65750996e-05	5.72001708e-06	-3.24080085e-05	5.60857955e-05	5.09045683e-05	3.89143702e-05	0	0	0	0	3
5955	1319	0	2.32617188	4.65485962e-05	5.68276239e-06	-3.24080085e-05	4.92822802e-05	5.0941823e-05	3.89143702e-05	0	0	0	0	3
5960	1320	0	2.328125	4.67578547e-05	5.72324883e-06	-3.24080085e-05	4.92822802e-05	5.0941823e-05	3.89143702e-05	0	0	0	0	3
5965	1321	0	2.33007812	4.70503539e-05	5.7673004e-06	-3.24080085e-05	4.92822802e-05	5.0941823e-05	3.89143702e-05	0	0	0	0	3
5970	1322	0	2.33203125	4.70982614e-05	5.81345111e-06	-3.24080085e-05	4.92822802e-05	5.0941823e-05	3.89143702e-05	0	0	0	0	3
5975	1323	0	2.33398438	4.70236808e-05	5.86167723e-06	-3.24080085e-05	4.92822802e-05	5.0941823e-05	3.89143702e-05	0	0	0	0	3
5980	1324	0	2.3359375	4.70472079e-05	5.91235009e-06	-3.24080085e-05	4.92822802e-05	5.0941823e-05	3.89143702e-05	0	0	0	0	3
5985	1325	0	2.33789062	4.72273561e-05	5.96568204e-06	-3.24080085e-05	4.92822802e-05	5.0941823e-05	3.89143702e-05	0	0	0	0	3
5990	1326	0	2.33984375	4.72976527e-05	6.02116763e-06	-3.24080085e-05	4.92822802e-05	5.0941823e-05	3.89143702e-05	0	0	0	0	3
5995	1327	0	2.34179688	4.7072957e-05	6.07782126e-06	-3.24080085e-05	4.92822802e-05	5.0941823e-05	3.89143702e-05	0	0	0	0	3
6000	1329	0	2.34375	4.67453219e-05	6.13532828e-06	-3.24080085e-05	4.92822802e-05	5.0941823e-05	3.89143702e-05	0	0	0	0	3
6005	1331	0	2.34570312	4.64933077e-05	6.19366472e-06	-3.24080085e-05	4.92822802e-05	5.0941823e-05	3.89143702e-05	0	0	0	0	3
6010	1332	0	2.34765625	4.63314035e-05	6.253211e-06	-3.24080085e-05	4.92822802e-05	5.0941823e-05	3.89143702e-05	0	0	0	0	3
6015	1333	0	2.34960938	4.95049627e-05	6.32785188e-06	-3.24080085e-05	4.95049627e-05	5.0941823e-05	3.89143702e-05	0	0	0	0	3
6020	1334	0	2.3515625	4.89316823e-05	6.40353853e-06	-3.24080085e-05	4.95049627e-05	5.0941823e-05	3.89143702e-05	0	0	0	0	3
6025	1335	0	2.35351562	4.83543932e-05	6.48015771e-06	-3.24080085e-05	4.95049627e-05	5.0941823e-05	3.89143702e-05	0	0	0	0	3
6030	1336	0	2.35546875	4.7878242e-05	6.5577325e-06	-3.24080085e-05	4.95049627e-05	5.0941823e-05	3.89143702e-05	0	0	0	0	3
6035	1337	0	2.35742188	4.74573546e-05	6.6367098e-06	-3.24080085e-05	4.95049627e-05	5.0941823e-05	3.89143702e-05	0	0	0	0	3
6040	1338	0	2.359375	4.68835688e-05	6.71773645e-06	-3.24080085e-05	4.95049627e-05	5.0941823e-05	3.89143702e-05	0	0	0	0	3
6045	1339	0	2.36132812	4.62310822e-05	6.80070005e-06	-3.24080085e-05	4.95049627e-05	5.0941823e-05	3.89143702e-05	0	0	0	0	3
6050	1340	0	2.36328125	4.57135066e-05	6.88544019e-06	-3.24080085e-05	4.95049627e-05	5.0941823e-05	3.89143702e-05	0	0	0	0	3
6055	1341	0	2.36523438	4.54069443e-05	6.97230001e-06	-3.24080085e-05	4.95049627e-05	5.0941823e-05	3.89143702e-05	0	0	0	0	3
6060	1342	0	2.3671875	4.51795163e-05	7.06221614e-06	-3.24080085e-05	4.95049627e-05	5.0941823e-05	3.89143702e-05	0	0	0	0	3
6065	1344	0	2.36914062	4.48161821e-05	7.15593e-06	-3.24080085e-05	4.95049627e-05	5.0941823e-05	3.89143702e-05	0	0	0	0	3
6070	1345	0	2.37109375	4.44890027e-05	7.25330708e-06	-3.24080085e-05	4.95049627e-05	5.0941823e-05	3.89143702e-05	0	0	0	0	3
6075	1346	0	2.37304688	4.4384112e-05	7.35420663e-06	-3.24080085e-05	4.95049627e-05	5.0941823e-05	3.89143702e-05	0	0	0	0	3
6080	1347	0	2.375	4.44583333e-05	7.45864996e-06	-3.24080085e-05	4.95049627e-05	5.0941823e-05	3.89143702e-05	0	0	0	0	3
6085	1348	0	2.37695312	4.44562171e-05	7.56684007e-06	-3.24080085e-05	4.95049627e-05	5.0941823e-05	3.89143702e-05	0	0	0	0	3
6090	1349	0	2.37890625	4.42582446e-05	7.67874475e-06	-3.24080085e-05	4.95049627e-05	5.0941823e-05	3.89143702e-05	0	0	0	0	3
6095	1350	0	2.38085938	4.40625768e-05	7.79346573e-06	-3.24080085e-05	4.95049627e-05	5.0941823e-05	3.89143702e-05	0	0	0	0	3
6100	1351	0	2.3828125	4.39838215e-05	7.910105e-06	-3.24080085e-05	4.95049627e-05	5.0941823e-05	3.89143702e-05	0	0	0	0	3
6105	1354	0	2.38476562	4.39853117e-05	8.0280577e-06	-3.24080085e-05	4.95049627e-05	5.0941823e-05	3.89143702e-05	0	0	0	0	3
6110	1355	0	2.38671875	4.3815088e-05	8.14696773e-06	-3.24080085e-05	4.95049627e-05	5.0941823e-05	3.89143702e-05	0	0	0	0	3
6115	1356	0	2.38867188	4.35321587e-05	8.26675443e-06	-3.24080085e-05	4.95049627e-05	5.0941823e-05	3.89143702e-05	0	0	0	0	3
6120	1357	0	2.390625	4.3299595e-05	8.38654704e-06	-3.24080085e-05	4.95049627e-05	5.0941823e-05	3.89143702e-05	0	0	0	0	3
6125	1358	0	2.39257812	4.32289397e-05	8.58789651e-06	-3.24080085e-05	4.95049627e-05	5.0941823e-05	3.89143702e-05	0	0	0	0	3
6130	1359	0	2.39453125	4.31783809e-05	8.78855144e-06	-3.24080085e-05	4.95049627e-05	5.0941823e-05	3.89143702e-05	0	0	0	0	3
6135	1360	0	2.39648438	4.29474548e-05	8.98800858e-06	-3.24080085e-05	4.95049627e-05	5.0941823e-05	3.89143702e-05	0	0	0	0	3
6140	1361	0	2.3984375	4.26858762e-05	9.18634246e-06	-3.24080085e-05	4.95049627e-05	5.0941823e-05	3.89143702e-05	0	0	0	0	3
6145	1362	0	2.40039062	4.25326645e-05	9.38293938e-06	-3.24080085e-05	4.95049627e-05	5.0941823e-05	3.89143702e-05	0	0	0	0	3
6150	1363	0	2.40234375	4.25087243e-05	9.5771114e-06	-3.24080085e-05	4.95049627e-05	5.0941823e-05	3.89143702e-05	0	0	0	0	3
6155	1364	0	2.40429688	4.23530526e-05	9.76899402e-06	-3.24080085e-05	4.95049627e-05	5.0941823e-05	3.89143702e-05	0	0	0	0	3
6160	1366	0	2.40625	4.20157633e-05	9.9594046e-06	-3.24080085e-05	4.95049627e-05	5.0941823e-05	3.89143702e-05	0	0	0	0	3
6165	1367	0	2.40820312	4.16766241e-05	1.01487076e-05	-3.24080085e-05	4.95049627e-05	5.0941823e-05	3.89143702e-05	0	0	0	0	3
6170	1368	0	2.41015625	4.14630899e-05	1.03370906e-05	-3.24080085e-05	4.95049627e-05	5.0941823e-05	3.89143702e-05	0	0	0	0	3
6175	1369	0	2.41210938	4.12271444e-05	1.05245243e-05	-3.24080085e-05	4.95049627e-05	5.0941823e-05	3.89143702e-05	0	0	0	0	3
6180	1370	0	2.4140625	3.85877659e-05	1.07028048e-05	-3.24080085e-05	4.95049627e-05	5.0941823e-05	3.89143702e-05	0	0	0	0	3
6185	1371	0	2.41601562	3.80426891e-05	1.08814388e-05	-3.24080085e-05	4.95049627e-05	5.0941823e-05	3.89143702e-05	0	0	0	0	3
6190	1372	0	2.41796875	3.76658731e-05	1.10611465e-05	-3.24080085e-05	4.95049627e-05	5.0941823e-05	3.89143702e-05	0	0	0	0	3
6195	1373	0	2.41992188	3.73539293e-05	1.1241707e-05	-3.24080085e-05	4.95049627e-05	5.0941823e-05	3.89143702e-05	0	0	0	0	3
6200	1374	0	2.421875	3.68812614e-05	1.14224687e-05	-3.24080085e-05	4.95049627e-05	5.0941823e-05	3.89143702e-05	0	0	0	0	3
6205	1376	0	2.42382812	3.63056393e-05	1.16041343e-05	-3.24080085e-05	4.95049627e-05	5.0941823e-05	3.89143702e-05	0	0	0	0	3
6210	1377	0	2.42578125	3.58385901e-05	1.17877283e-05	-3.24080085e-05	4.95049627e-05	5.0941823e-05	3.89143702e-05	0	0	0	0	3
6215	1378	0	2.42773438	3.55421308e-05	1.19731837e-05	-3.24080085e-05	4.95049627e-05	5.0941823e-05	3.89143702e-05	0	0	0	0	3
6220	1379	0	2.4296875	3.52788054e-05	1.21597929e-05	-3.24080085e-05	4.95049627e-05	5.0941823e-05	3.89143702e-05	0	0	0	0	3
6225	1380	0	2.43164062	3.48477059e-05	1.23471991e-05	-3.24080085e-05	4.95049627e-05	5.0941823e-05	3.89143702e-05	0	0	0	0	3
6230	1381	0	2.43359375	3.44292573e-05	1.25367138e-05	-3.24080085e-05	4.95049627e-05	5.0941823e-05	3.89143702e-05	0	0	0	0	3
6235	1382	0	2.43554688	3.41919921e-05	1.27292283e-05	-3.24080085e-05	4.95049627e-05	5.0941823e-05	3.89143702e-05	0	0	0	0	3
6240	1384	0	2.4375	3.40633783e-05	1.29242474e-05	-3.24080085e-05	4.95049627e-05	5.0941823e-05	3.89143702e-05	0	0	0	0	3
6245	1385	0	2.43945312	3.38532801e-05	1.31206301e-05	-3.24080085e-05	4.95049627e-05	5.0941823e-05	3.89143702e-05	0	0	0	0	3
6250	1386	0	2.44140625	3.35388042e-05	1.33181737e-05	-3.24080085e-05	4.95049627e-05	5.0941823e-05	3.89143702e-05	0	0	0	0	3
6255	1387	0	2.44335938	3.32822275e-05	1.35178269e-05	-3.24080085e-05	4.95049627e-05	5.0941823e-05	3.89143702e-05	0	0	0	0	3
6260	1388	0	2.4453125	3.31282583e-05	1.37193703e-05	-3.24080085e-05	4.95049627e-05	5.0941823e-05	3.89143702e-05	0	0	0	0	3
6265	1389	0	2.44726562	3.29351186e-05	1.39212549e-05	-3.24080085e-05	4.95049627e-05	5.0941823e-05	3.89143702e-05	0	0	0	0	3
6270	1390	0	2.44921875	3.25542495e-05	1.41216802e-05	-3.24080085e-05	4.95049627e-05	5.0941823e-05	3.89143702e-05	0	0	0	0	3
6275	1391	0	2.45117188	3.21214945e-05	1.43204938e-05	-3.24080085e-05	4.95049627e-05	5.0941823e-05	3.89143702e-05	0	0	0	0	3
6280	1392	0	2.453125	3.1853083e-05	1.45186231e-05	-3.24080085e-05	4.95049627e-05	5.0941823e-05	3.89143702e-05	0	0	0	0	3
6285	1393	0	2.45507812	3.16672366e-05	1.47153359e-05	-3.24080085e-05	4.95049627e-05	5.0941823e-05	3.89143702e-05	0	0	0	0	3
6290	1394	0	2.45703125	3.13187012e-05	1.49084378e-05	-3.24080085e-05	4.95049627e-05	5.09086112e-05	3.89143702e-05	0	0	0	0	3
6295	1395	0	2.45898438	3.07888842e-05	1.51553006e-05	-3.23661529e-05	4.95049627e-05	5.08737148e-05	3.89143702e-05	0	0	0	0	3
6300	1397	0	2.4609375	3.04282789e-05	1.5398278e-05	-3.23661529e-05	4.95049627e-05	5.08370976e-05	3.89143702e-05	0	0	0	0	3
6305	1399	0	2.46289062	3.02637077e-05	1.56386864e-05	-3.23661529e-05	4.95049627e-05	5.07994702e-05	3.89143702e-05	0	0	0	0	3
6310	1400	0	2.46484375	3.0096682e-05	1.58752154e-05	-3.23661529e-05	4.95049627e-05	5.07615581e-05	3.89143702e-05	0	0	0	0	3
6315	1401	0	2.46679688	2.96775009e-05	1.61053288e-05	-3.23661529e-05	4.95049627e-05	5.0722753e-05	3.89143702e-05	0	0	0	0	3
6320	1402	0	2.46875	2.92281308e-05	1.63293338e-05	-3.23661529e-05	4.95049627e-05	5.0681405e-05	3.89143702e-05	0	0	0	0	3
6325	1403	0	2.47070312	2.89787458e-05	1.65499034e-05	-3.23661529e-05	4.95049627e-05	5.06359617e-05	3.89143702e-05	0	0	0	0	3
6330	1404	0	2.47265625	2.88876455e-05	1.67686996e-05	-3.23661529e-05	4.95049627e-05	5.05857565e-05	3.89143702e-05	0	0	0	0	3
6335	1405	0	2.47460938	2.86641e-05	1.69850573e-05	-3.23661529e-05	4.95049627e-05	5.05305445e-05	3.89143702e-05	0	0	0	0	3
6340	1406	0	2.4765625	2.82551222e-05	1.7198212e-05	-3.23661529e-05	4.95049627e-05	5.04704799e-05	3.89143702e-05	0	0	0	0	3
6345	1407	0	2.47851562	2.78759739e-05	1.74089753e-05	-3.23661529e-05	4.95049627e-05	5.04047349e-05	3.89143702e-05	0	0	0	0	3
6350	1408	0	2.48046875	2.16426824e-05	1.75959455e-05	-3.23661529e-05	4.95049627e-05	5.03321324e-05	3.89143702e-05	0	0	0	0	3
6355	1409	0	2.48242188	2.15525742e-05	1.77838048e-05	-3.23661529e-05	4.95049627e-05	5.02523001e-05	3.89143702e-05	0	0	0	0	3
6360	1411	0	2.484375	2.12804761e-05	1.79716401e-05	-3.23661529e-05	4.95049627e-05	5.01655688e-05	3.89143702e-05	0	0	0	0	3
6365	1412	0	2.48632812	2.08400753e-05	1.81587355e-05	-3.23661529e-05	4.95049627e-05	5.00730623e-05	3.89143702e-05	0	0	0	0	3
6370	1413	0	2.48828125	2.06068028e-05	1.83461376e-05	-3.23661529e-05	4.95049627e-05	4.99750408e-05	3.89143702e-05	0	0	0	0	3
6375	1414	0	2.49023438	2.05984937e-05	1.85349888e-05	-3.23661529e-05	4.95049627e-05	4.98713139e-05	3.89143702e-05	0	0	0	0	3
6380	1415	0	2.4921875	2.052759e-05	1.87248033e-05	-3.23661529e-05	4.95049627e-05	4.97619709e-05	3.89143702e-05	0	0	0	0	3
6385	1416	0	2.49414062	2.01702772e-05	1.89141448e-05	-3.23661529e-05	4.95049627e-05	4.96477433e-05	3.89143702e-05	0	0	0	0	3
6390	1417	0	2.49609375	1.98189236e-05	1.91031122e-05	-3.23661529e-05	4.95049627e-05	4.95298261e-05	3.89143702e-05	0	0	0	0	3
6395	1418	0	2.49804688	1.96627204e-05	1.92927449e-05	-3.23661529e-05	4.95049627e-05	4.94086799e-05	3.89143702e-05	0	0	0	0	3
6400	1419	0	2.5	1.96266922e-05	1.94834292e-05	-3.23661529e-05	4.95049627e-05	4.91655664e-05	3.89143702e-05	0	0	0	0	3
6405	1421	0	2.50195312	1.94233064e-05	1.96742725e-05	-3.23661529e-05	4.95049627e-05	4.89191068e-05	3.89143702e-05	0	0	0	0	3
6410	1422	0	2.50390625	1.89813648e-05	1.9864388e-05	-3.23661529e-05	4.95049627e-05	4.86699662e-05	3.89143702e-05	0	0	0	0	3
6415	1423	0	2.50585938	1.86302539e-05	2.00543004e-05	-3.23661529e-05	4.95049627e-05	4.84191897e-05	3.89143702e-05	0	0	0	0	3
6420	1425	0	2.5078125	1.84748577e-05	2.024459e-05	-3.23661529e-05	4.95049627e-05	4.81671698e-05	3.89143702e-05	0	0	0	0	3
6425	1426	0	2.50976562	1.83294611e-05	2.04344595e-05	-3.23661529e-05	4.95049627e-05	4.79137971e-05	3.89143702e-05	0	0	0	0	3
6430	1427	0	2.51171875	1.79682855e-05	2.06225028e-05	-3.23661529e-05	4.95049627e-05	4.76591003e-05	3.89143702e-05	0	0	0	0	3
6435	1428	0	2.51367188	1.74531213e-05	2.08081676e-05	-3.23661529e-05	4.95049627e-05	4.74038854e-05	3.89143702e-05	0	0	0	0	3
6440	1429	0	2.515625	1.7103481e-05	2.09919417e-05	-3.23661529e-05	4.95049627e-05	4.71494195e-05	3.89143702e-05	0	0	0	0	3
6445	1430	0	2.51757812	1.6871706e-05	2.11732821e-05	-3.23661529e-05	4.95049627e-05	4.68959968e-05	3.89143702e-05	0	0	0	0	3
6450	1431	0	2.51953125	1.65853681e-05	2.13506436e-05	-3.23661529e-05	4.95049627e-05	4.66427541e-05	3.89143702e-05	0	0	0	0	3
6455	1432	0	2.52148438	1.60741315e-05	2.15227694e-05	-3.23661529e-05	4.95049627e-05	4.63686394e-05	3.89143702e-05	0	0	0	0	3
6460	1433	0	2.5234375	1.55934392e-05	2.17101116e-05	-3.16482929e-05	4.95049627e-05	4.60937903e-05	3.89143702e-05	0	0	0	0	3
6465	1434	0	2.52539062	1.52595685e-05	2.18933454e-05	-3.07211148e-05	4.95049627e-05	4.58190241e-05	3.89143702e-05	0	0	0	0	3
6470	1435	0	2.52734375	1.50502492e-05	2.20721398e-05	-2.95461985e-05	4.95049627e-05	4.55443912e-05	3.89143702e-05	0	0	0	0	3
6475	1437	0	2.52929688	1.47773047e-05	2.22452785e-05	-2.84542383e-05	4.95049627e-05	4.52687079e-05	3.89143702e-05	0	0	0	0	3
6480	1438	0	2.53125	1.42673125e-05	2.24121596e-05	-2.76320152e-05	4.95049627e-05	4.49907659e-05	3.89143702e-05	0	0	0	0	3
6485	1439	0	2.53320312	1.38959824e-05	2.25743783e-05	-2.68537237e-05	4.95049627e-05	4.4711078e-05	3.89143702e-05	0	0	0	0	3
6490	1440	0	2.53515625	1.37413293e-05	2.27329527e-05	-2.59967838e-05	4.95049627e-05	4.44302531e-05	3.89143702e-05	0	0	0	0	3
6495	1441	0	2.53710938	1.37181867e-05	2.28880893e-05	-2.51800781e-05	4.95049627e-05	4.41475734e-05	3.89143702e-05	0	0	0	0	3
6500	1442	0	2.5390625	1.35469317e-05	2.30393667e-05	-2.47169494e-05	4.95049627e-05	4.38610075e-05	3.89143702e-05	0	0	0	0	3
6505	1444	0	2.54101562	1.32294368e-05	2.31875948e-05	-2.44944384e-05	4.95049627e-05	4.35694058e-05	3.89143702e-05	0	0	0	0	3
6510	1445	0	2.54296875	1.31094055e-05	2.33344848e-05	-2.42651291e-05	4.95049627e-05	4.32731672e-05	3.89143702e-05	0	0	0	0	3
6515	1446	0	2.54492188	5.98888457e-06	2.34526645e-05	-2.3953843e-05	4.95049627e-05	4.29727877e-05	3.89143702e-05	0	0	0	0	3
6520	1448	0	2.546875	6.06966785e-06	2.35699439e-05	-2.38142588e-05	4.95049627e-05	4.26674707e-05	3.89143702e-05	0	0	0	0	3
6525	1449	0	2.54882812	5.93522716e-06	2.36860193e-05	-2.38142588e-05	4.95049627e-05	4.23563458e-05	3.89143702e-05	0	0	0	0	3
6530	1450	0	2.55078125	5.81850054e-06	2.38017723e-05	-2.37962985e-05	4.95049627e-05	4.20402141e-05	3.89143702e-05	0	0	0	0	3
6535	1451	0	2.55273438	5.93298563e-06	2.39179023e-05	-2.36027517e-05	4.95049627e-05	4.17208397e-05	3.89143702e-05	0	0	0	0	3
6540	1452	0	2.5546875	6.18077867e-06	2.40342442e-05	-2.33367443e-05	4.95049627e-05	4.13992276e-05	3.89143702e-05	0	0	0	0	3
6545	1453	0	2.55664062	6.33503857e-06	2.41501496e-05	-2.32181885e-05	4.95049627e-05	4.10751739e-05	3.89143702e-05	0	0	0	0	3
6550	1454	0	2.55859375	6.18278048e-06	2.42649971e-05	-2.31239064e-05	4.95049627e-05	4.07491966e-05	3.89143702e-05	0	0	0	0	3
6555	1455	0	2.56054688	6.05898536e-06	2.43789928e-05	-2.28108333e-05	4.95049627e-05	4.04232217e-05	3.89143702e-05	0	0	0	0	3
6560	1456	0	2.5625	6.15761866e-06	2.44921508e-05	-2.23581148e-05	4.95049627e-05	4.00988745e-05	3.89143702e-05	0	0	0	0	3
6565	1457	0	2.56445312	6.24661803e-06	2.46038881e-05	-2.20629248e-05	4.95049627e-05	3.96571542e-05	3.89143702e-05	0	0	0	0	3
6570	1458	0	2.56640625	6.08922791e-06	2.47138574e-05	-2.20214802e-05	4.95049627e-05	3.92156754e-05	3.89143702e-05	0	0	0	0	3
6575	1459	0	2.56835938	5.76101256e-06	2.48223828e-05	-2.19245889e-05	4.95049627e-05	3.87755138e-05	3.89143702e-05	0	0	0	0	3
6580	1461	0	2.5703125	5.51831551e-06	2.49295816e-05	-2.15952486e-05	4.95049627e-05	3.8338395e-05	3.89143702e-05	0	0	0	0	3
6585	1462	0	2.57226562	5.43629782e-06	2.50351736e-05	-2.11687482e-05	4.95049627e-05	3.79054028e-05	3.89143702e-05	0	0	0	0	3
6590	1463	0	2.57421875	5.29491024e-06	2.51385473e-05	-2.09029064e-05	4.95049627e-05	3.74763206e-05	3.89143702e-05	0	0	0	0	3
6595	1464	0	2.57617188	4.92680477e-06	2.52394446e-05	-2.07575224e-05	4.95049627e-05	3.70504612e-05	3.89143702e-05	0	0	0	0	3
6600	1465	0	2.578125	4.54431108e-06	2.53382799e-05	-2.03812103e-05	4.95049627e-05	3.66285332e-05	3.89143702e-05	0	0	0	0	3
6605	1468	0	2.58007812	4.34296197e-06	2.54348586e-05	-1.97115065e-05	4.95049627e-05	3.62112378e-05	3.89143702e-05	0	0	0	0	3
6610	1469	0	2.58203125	4.24010258e-06	2.55284196e-05	-1.90046294e-05	4.95049627e-05	3.57978402e-05	3.89143702e-05	0	0	0	0	3
6615	1470	0	2.58398438	4.00202847e-06	2.56182894e-05	-1.85658415e-05	4.95049627e-05	3.53862473e-05	3.89143702e-05	0	0	0	0	3
6620	1471	0	2.5859375	3.54429403e-06	2.57046571e-05	-1.35920997e-05	4.95049627e-05	3.49933499e-05	3.89143702e-05	0	0	0	0	3
6625	1472	0	2.58789062	3.14869104e-06	2.57700508e-05	-1.28659333e-05	4.95049627e-05	3.46019658e-05	3.89143702e-05	0	0	0	0	3
6630	1473	0	2.58984375	2.95277175e-06	2.58318426e-05	-1.20221672e-05	4.95049627e-05	3.42117181e-05	3.89143702e-05	0	0	0	0	3
6635	1474	0	2.59179688	2.81359246e-06	2.58897948e-05	-1.12618877e-05	4.95049627e-05	3.38213298e-05	3.89143702e-05	0	0	0	0	3
6640	1476	0	2.59375	2.52599498e-06	2.59436537e-05	-1.07142441e-05	4.95049627e-05	3.34293276e-05	3.89143702e-05	0	0	0	0	3
6645	1477	0	2.59570312	2.09750706e-06	2.59936996e-05	-1.01256328e-05	4.95049627e-05	3.30360503e-05	3.89143702e-05	0	0	0	0	3
6650	1478	0	2.59765625	1.90406473e-06	2.60406906e-05	-9.36628308e-06	4.95049627e-05	3.26426343e-05	3.89143702e-05	0	0	0	0	3
6655	1479	0	2.59960938	1.85436677e-06	2.60845213e-05	-8.54533152e-06	4.95049627e-05	3.22493494e-05	3.89143702e-05	0	0	0	0	3
6660	1480	0	2.6015625	1.88496282e-06	2.61252646e-05	-7.92908981e-06	4.95049627e-05	3.18550836e-05	3.89143702e-05	0	0	0	0	3
6665	1481	0	2.60351562	1.73084596e-06	2.61629988e-05	-7.62900334e-06	4.95049627e-05	3.14583915e-05	3.89143702e-05	0	0	0	0	3
6670	1482	0	2.60546875	1.63551723e-06	2.61991883e-05	-7.29019637e-06	4.95049627e-05	3.10595276e-05	3.89143702e-05	0	0	0	0	3
6675	1483	0	2.60742188	1.73723512e-06	2.62344517e-05	-6.78532054e-06	4.95049627e-05	3.06592656e-05	3.89143702e-05	0	0	0	0	3
6680	1484	0	2.609375	1.97911305e-06	2.62686878e-05	-6.22668927e-06	4.95049627e-05	3.02576679e-05	3.89143702e-05	0	0	0	0	3
6685	1485	0	2.61132812	-3.3969757e-06	2.62797413e-05	-5.93781477e-06	4.95049627e-05	2.98534825e-05	3.89143702e-05	0	0	0	0	3
6690	1486	0	2.61328125	-3.38771228e-06	2.62897027e-05	-5.84257093e-06	4.95049627e-05	2.94460356e-05	3.89143702e-05	0	0	0	0	3
6695	1488	0	2.61523438	-3.25162148e-06	2.62998236e-05	-5.5657413e-06	4.95049627e-05	2.90363901e-05	3.89143702e-05	0	0	0	0	3
6700	1489	0	2.6171875	-2.88964725e-06	2.63102771e-05	-5.04035771e-06	4.95049627e-05	2.86258854e-05	3.89143702e-05	0	0	0	0	3
6705	1491	0	2.61914062	-2.40282963e-06	2.63205799e-05	-4.44216103e-06	4.95049627e-05	2.82151701e-05	3.89143702e-05	0	0	0	0	3
6710	1492	0	2.62109375	-2.20890498e-06	2.63293036e-05	-4.04339965e-06	4.95049627e-05	2.78041763e-05	3.89143702e-05	0	0	0	0	3
6715	1493	0	2.62304688	-2.12396553e-06	2.63368014e-05	-3.67252057e-06	4.95049627e-05	2.73938644e-05	3.89143702e-05	0	0	0	0	3
6720	1494	0	2.625	-1.99137734e-06	2.63433683e-05	-3.3969757e-06	4.95049627e-05	2.6986051e-05	3.89143702e-05	0	0	0	0	3
6725	1495	0	2.62695312	-1.72669108e-06	2.63487802e-05	-3.3969757e-06	4.95049627e-05	2.65818094e-05	3.89143702e-05	0	0	0	0	3
6730	1496	0	2.62890625	-1.57408559e-06	2.63520701e-05	-3.3969757e-06	4.95049627e-05	2.61810016e-05	3.89143702e-05	0	0	0	0	3
6735	1497	0	2.63085938	-1.64153759e-06	2.6352805e-05	-3.3969757e-06	4.95049627e-05	2.56997157e-05	3.89143702e-05	0	0	0	0	3
6740	1498	0	2.6328125	-1.79395755e-06	2.63515204e-05	-3.3969757e-06	4.95049627e-05	2.52227498e-05	3.89143702e-05	0	0	0	0	3
6745	1500	0	2.63476562	-1.84688895e-06	2.63485209e-05	-3.3969757e-06	4.95049627e-05	2.47518512e-05	3.89143702e-05	0	0	0	0	3
6750	1501	0	2.63671875	-1.8272717e-06	2.63433777e-05	-3.3969757e-06	4.95049627e-05	2.4288188e-05	3.89143702e-05	0	0	0	0	3
6755	1502	0	2.63867188	-1.98049793e-06	2.63351918e-05	-3.3969757e-06	4.95049627e-05	2.38312177e-05	3.89143702e-05	0	0	0	0	3
6760	1503	0	2.640625	-2.22541136e-06	2.63245025e-05	-3.3969757e-06	4.95049627e-05	2.33799866e-05	3.89143702e-05	0	0	0	0	3
6765	1504	0	2.64257812	-2.34129139e-06	2.63125491e-05	-3.3969757e-06	4.95049627e-05	2.29352422e-05	3.89143702e-05	0	0	0	0	3
6770	1505	0	2.64453125	-2.32865482e-06	2.62992454e-05	-3.3969757e-06	4.95049627e-05	2.24973407e-05	3.89143702e-05	0	0	0	0	3
6775	1506	0	2.64648438	-2.3503535e-06	2.62836945e-05	-3.3969757e-06	4.95049627e-05	2.20651607e-05	3.89143702e-05	0	0	0	0	3
6780	1507	0	2.6484375	-2.51298082e-06	2.62654029e-05	-3.3969757e-06	4.95049627e-05	2.16363258e-05	3.89143702e-05	0	0	0	0	3
6785	1509	0	2.65039062	-2.74769448e-06	2.62452956e-05	-3.3969757e-06	4.95049627e-05	2.12096903e-05	3.89143702e-05	0	0	0	0	3
6790	1510	0	2.65234375	-2.84436842e-06	2.62242852e-05	-3.3969757e-06	4.95049627e-05	2.08268243e-05	3.89143702e-05	0	0	0	0	3
6795	1511	0	2.65429688	-2.87152558e-06	2.61604599e-05	-3.3969757e-06	4.95049627e-05	2.06700426e-05	3.89143702e-05	0	0	0	0	3
6800	1512	0	2.65625	-2.96270696e-06	2.6094559e-05	-3.3969757e-06	4.95049627e-05	2.06700426e-05	3.89143702e-05	0	0	0	0	3
6805	1514	0	2.65820312	-3.20346512e-06	2.60265829e-05	-3.3969757e-06	4.95049627e-05	2.06700426e-05	3.89143702e-05	0	0	0	0	3
6810	1515	0	2.66015625	-3.35918528e-06	2.59576754e-05	-3.3969757e-06	4.95049627e-05	2.06700426e-05	3.89143702e-05	0	0	0	0	3
6815	1516	0	2.66210938	-3.35473953e-06	2.58883013e-05	-3.3969757e-06	4.95049627e-05	2.06700426e-05	3.89143702e-05	0	0	0	0	3
6820	1517	0	2.6640625	-3.27794571e-06	2.58177421e-05	-3.3969757e-06	4.95049627e-05	2.06700426e-05	3.89143702e-05	0	0	0	0	3
6825	1518	0	2.66601562	-3.3394108e-06	2.57452724e-05	-3.3969757e-06	4.95049627e-05	2.06700426e-05	3.89143702e-05	0	0	0	0	3
6830	1520	0	2.66796875	-3.36439798e-06	2.56719929e-05	-3.3969757e-06	4.95049627e-05	2.06700426e-05	3.89143702e-05	0	0	0	0	3
6835	1521	0	2.66992188	-3.24083415e-06	2.55992222e-05	-3.3969757e-06	4.95049627e-05	2.06700426e-05	3.89143702e-05	0	0	0	0	3
6840	1522	0	2.671875	-2.94229891e-06	2.55268901e-05	-3.3969757e-06	4.95049627e-05	2.06700426e-05	3.89143702e-05	0	0	0	0	3
6845	1523	0	2.67382812	-2.6916787e-06	2.54537316e-05	-3.3969757e-06	4.95049627e-05	2.06700426e-05	3.89143702e-05	0	0	0	0	3
6850	1524	0	2.67578125	-4.8568934e-06	2.53701495e-05	-4.8568934e-06	4.95049627e-05	2.06700426e-05	3.89143702e-05	0	0	0	0	3
6855	1525	0	2.67773438	-4.62589509e-06	2.52864811e-05	-4.8568934e-06	4.95049627e-05	2.06700426e-05	3.89143702e-05	0	0	0	0	3
6860	1526	0	2.6796875	-4.28429598e-06	2.52034264e-05	-4.8568934e-06	4.95049627e-05	2.06700426e-05	3.89143702e-05	0	0	0	0	3
6865	1527	0	2.68164062	-3.87933866e-06	2.51203611e-05	-4.8568934e-06	4.95049627e-05	2.06700426e-05	3.89143702e-05	0	0	0	0	3
6870	1528	0	2.68359375	-3.62259619e-06	2.50359353e-05	-4.8568934e-06	4.95049627e-05	2.06700426e-05	3.89143702e-05	0	0	0	0	3
6875	1529	0	2.68554688	-3.39252141e-06	2.49502604e-05	-4.8568934e-06	4.95049627e-05	2.06700426e-05	3.89143702e-05	0	0	0	0	3
6880	1530	0	2.6875	-3.07021201e-06	2.48645461e-05	-4.8568934e-06	4.95049627e-05	2.06700426e-05	3.89143702e-05	0	0	0	0	3
6885	1531	0	2.68945312	-2.66828719e-06	2.47790275e-05	-4.8568934e-06	4.95049627e-05	2.06700426e-05	3.89143702e-05	0	0	0	0	3
6890	1532	0	2.69140625	-2.43195787e-06	2.46921955e-05	-4.8568934e-06	4.95049627e-05	2.06700426e-05	3.89143702e-05	0	0	0	0	3
6895	1534	0	2.69335938	-2.40583113e-06	2.46027435e-05	-4.8568934e-06	4.95049627e-05	2.06700426e-05	3.89143702e-05	0	0	0	0	3
6900	1535	0	2.6953125	-2.36400368e-06	2.45112546e-05	-4.8568934e-06	4.95049627e-05	2.06700426e-05	3.89143702e-05	0	0	0	0	3
6905	1537	0	2.69726562	-2.18454622e-06	2.44189408e-05	-4.8568934e-06	4.95049627e-05	2.06700426e-05	3.89143702e-05	0	0	0	0	3
6910	1538	0	2.69921875	-1.99098631e-06	2.43254191e-05	-4.8568934e-06	4.95049627e-05	2.06700426e-05	3.89143702e-05	0	0	0	0	3
6915	1539	0	2.70117188	-2.04843634e-06	2.42291492e-05	-4.8568934e-06	4.95049627e-05	2.06700426e-05	3.89143702e-05	0	0	0	0	3
6920	1541	0	2.703125	-2.19005713e-06	2.41298965e-05	-4.8568934e-06	4.95049627e-05	2.06700426e-05	3.89143702e-05	0	0	0	0	3
6925	1542	0	2.70507812	-2.18909122e-06	2.40292966e-05	-4.8568934e-06	4.95049627e-05	2.06700426e-05	3.89143702e-05	0	0	0	0	3
6930	1543	0	2.70703125	-2.06293078e-06	2.39283278e-05	-4.8568934e-06	4.95049627e-05	2.06700426e-05	3.89143702e-05	0	0	0	0	3
6935	1544	0	2.70898438	-1.96650827e-06	2.38263366e-05	-4.8568934e-06	4.95049627e-05	2.06700426e-05	3.89143702e-05	0	0	0	0	3
6940	1545	0	2.7109375	-1.99897386e-06	2.37225749e-05	-4.8568934e-06	4.95049627e-05	2.06700426e-05	3.89143702e-05	0	0	0	0	3
6945	1546	0	2.71289062	-2.06006767e-06	2.36177917e-05	-4.8568934e-06	4.95049627e-05	2.06700426e-05	3.89143702e-05	0	0	0	0	3
6950	1547	0	2.71484375	-1.91181133e-06	2.35139061e-05	-4.8568934e-06	4.95049627e-05	2.06700426e-05	3.89143702e-05	0	0	0	0	3
6955	1548	0	2.71679688	-1.70237804e-06	2.34110717e-05	-4.8568934e-06	4.95049627e-05	2.06700426e-05	3.89143702e-05	0	0	0	0	3
6960	1550	0	2.71875	-1.64684386e-06	2.32621925e-05	-4.8568934e-06	4.95049627e-05	2.06700426e-05	3.89143702e-05	0	0	0	0	3
6965	1551	0	2.72070312	-1.77297447e-06	2.31121432e-05	-4.8568934e-06	4.95049627e-05	2.06700426e-05	3.89143702e-05	0	0	0	0	3
6970	1552	0	2.72265625	-1.79448219e-06	2.29627972e-05	-4.8568934e-06	4.95049627e-05	2.06700426e-05	3.89143702e-05	0	0	0	0	3
6975	1553	0	2.72460938	-1.63832011e-06	2.28153179e-05	-4.8568934e-06	4.95049627e-05	2.06700426e-05	3.89143702e-05	0	0	0	0	3
6980	1554	0	2.7265625	-1.47548076e-06	2.2669197e-05	-4.8568934e-06	4.95049627e-05	2.06700426e-05	3.89143702e-05	0	0	0	0	3
6985	1555	0	2.72851562	-1.51577028e-06	2.2523119e-05	-4.8568934e-06	4.95049627e-05	2.06700426e-05	3.89143702e-05	0	0	0	0	3
6990	1556	0	2.73046875	-1.55068288e-06	2.23771474e-05	-4.8568934e-06	4.95049627e-05	2.06700426e-05	3.89143702e-05	0	0	0	0	3
6995	1557	0	2.73242188	-1.44227637e-06	2.22326987e-05	-4.8568934e-06	4.95049627e-05	2.06700426e-05	3.89143702e-05	0	0	0	0	3
7000	1558	0	2.734375	-1.10054621e-06	2.20906741e-05	-4.8568934e-06	4.95049627e-05	2.06700426e-05	3.89143702e-05	0	0	0	0	3
7005	1560	0	2.73632812	-9.0969818e-07	2.19494476e-05	-4.8568934e-06	4.95049627e-05	2.06700426e-05	3.89143702e-05	0	0	0	0	3
7010	1561	0	2.73828125	-8.00984376e-07	2.18078527e-05	-4.8568934e-06	4.95049627e-05	2.06700426e-05	3.89143702e-05	0	0	0	0	3
7015	1563	0	2.74023438	4.18542637e-07	2.16704523e-05	-4.8568934e-06	4.95049627e-05	2.06700426e-05	3.89143702e-05	0	0	0	0	3
7020	1564	0	2.7421875	7.23658646e-07	2.15341607e-05	-4.8568934e-06	4.95049627e-05	2.06700426e-05	3.89143702e-05	0	0	0	0	3
7025	1565	0	2.74414062	1.08365205e-06	2.13986171e-05	-4.8568934e-06	4.95049627e-05	2.06700426e-05	3.89143702e-05	0	0	0	0	3
7030	1566	0	2.74609375	1.28154406e-06	2.12621407e-05	-4.8568934e-06	4.95049627e-05	2.06700426e-05	3.89143702e-05	0	0	0	0	3
7035	1567	0	2.74804688	1.42765752e-06	2.11242294e-05	-4.8568934e-06	4.95049627e-05	2.06700426e-05	3.89143702e-05	0	0	0	0	3
7040	1568	0	2.75	1.67396797e-06	2.09862637e-05	-4.8568934e-06	4.95049627e-05	2.06700426e-05	3.89143702e-05	0	0	0	0	3
7045	1569	0	2.75195312	2.01702377e-06	2.08491051e-05	-4.8568934e-06	4.95049627e-05	2.06700426e-05	3.89143702e-05	0	0	0	0	3
7050	1570	0	2.75390625	2.31242047e-06	2.07118429e-05	-4.8568934e-06	4.95049627e-05	2.06700426e-05	3.89143702e-05	0	0	0	0	3
7055	1571	0	2.75585938	2.43072099e-06	2.05730741e-05	-4.8568934e-06	4.95049627e-05	2.06700426e-05	3.89143702e-05	0	0	0	0	3
7060	1572	0	2.7578125	2.48888771e-06	2.04328641e-05	-4.8568934e-06	4.95049627e-05	2.06700426e-05	3.89143702e-05	0	0	0	0	3
7065	1573	0	2.75976562	2.63852215e-06	2.02924933e-05	-4.8568934e-06	4.95049627e-05	2.06700426e-05	3.89143702e-05	0	0	0	0	3
7070	1574	0	2.76171875	2.96971001e-06	2.01524892e-05	-4.8568934e-06	4.95049627e-05	2.06700426e-05	3.89143702e-05	0	0	0	0	3
7075	1576	0	2.76367188	3.10513273e-06	2.00112832e-05	-4.8568934e-06	4.95049627e-05	2.06700426e-05	3.89143702e-05	0	0	0	0	3
7080	1577	0	2.765625	3.06483126e-06	1.98677818e-05	-4.8568934e-06	4.95049627e-05	2.06700426e-05	3.89143702e-05	0	0	0	0	3
7085	1578	0	2.76757812	3.02688596e-06	1.97226225e-05	-4.8568934e-06	4.95049627e-05	2.06700426e-05	3.89143702e-05	0	0	0	0	3
7090	1579	0	2.76953125	3.1401606e-06	1.95772165e-05	-4.8568934e-06	4.95049627e-05	2.06700426e-05	3.89143702e-05	0	0	0	0	3
7095	1580	0	2.77148438	3.44188262e-06	1.94322149e-05	-4.8568934e-06	4.95049627e-05	2.06700426e-05	3.89143702e-05	0	0	0	0	3
7100	1581	0	2.7734375	3.53266235e-06	1.928644e-05	-4.8568934e-06	4.95049627e-05	2.06700426e-05	3.89143702e-05	0	0	0	0	3
7105	1584	0	2.77539062	3.53768201e-06	1.91397122e-05	-4.8568934e-06	4.95049627e-05	2.06700426e-05	3.89143702e-05	0	0	0	0	3
7110	1585	0	2.77734375	3.64041894e-06	1.89935462e-05	-4.8568934e-06	4.95049627e-05	2.06700426e-05	3.89143702e-05	0	0	0	0	3
7115	1586	0	2.77929688	3.95590199e-06	1.88494443e-05	-4.8568934e-06	4.95049627e-05	2.06700426e-05	3.89143702e-05	0	0	0	0	3
7120	1587	0	2.78125	4.22978066e-06	1.87070218e-05	-4.8568934e-06	4.95049627e-05	2.06700426e-05	3.89143702e-05	0	0	0	0	3
7125	1588	0	2.78320312	4.30048692e-06	1.85652027e-05	-4.8568934e-06	4.95049627e-05	2.06700426e-05	3.89143702e-05	0	0	0	0	3
7130	1589	0	2.78515625	4.33089669e-06	1.83896113e-05	-4.8568934e-06	4.95049627e-05	2.06700426e-05	3.89143702e-05	0	0	0	0	3
7135	1590	0	2.78710938	4.46697988e-06	1.82165052e-05	-4.8568934e-06	4.95049627e-05	2.06700426e-05	3.89143702e-05	0	0	0	0	3
7140	1591	0	2.7890625	4.82497525e-06	1.80468698e-05	-4.8568934e-06	4.95049627e-05	2.06700426e-05	3.89143702e-05	0	0	0	0	3
7145	1593	0	2.79101562	4.9768303e-06	1.78792388e-05	-4.8568934e-06	4.95049627e-05	2.06700426e-05	3.89143702e-05	0	0	0	0	3
7150	1594	0	2.79296875	4.99361816e-06	1.77128938e-05	-4.8568934e-06	4.95049627e-05	2.06700426e-05	3.89143702e-05	0	0	0	0	3
7155	1595	0	2.79492188	5.00045699e-06	1.75483988e-05	-4.8568934e-06	4.95049627e-05	2.06700426e-05	3.89143702e-05	0	0	0	0	3
7160	1596	0	2.796875	5.20821946e-06	1.73871167e-05	-4.8568934e-06	4.95049627e-05	2.06700426e-05	3.89143702e-05	0	0	0	0	3
7165	1597	0	2.79882812	5.48224956e-06	1.72286121e-05	-4.8568934e-06	4.95049627e-05	2.06700426e-05	3.89143702e-05	0	0	0	0	3
7170	1598	0	2.80078125	5.58563122e-06	1.70711856e-05	-4.8568934e-06	4.95049627e-05	2.06700426e-05	3.89143702e-05	0	0	0	0	3
7175	1599	0	2.80273438	5.59495179e-06	1.69139325e-05	-4.8568934e-06	4.95049627e-05	2.06700426e-05	3.89143702e-05	0	0	0	0	3
7180	1600	0	2.8046875	5.70445857e-06	1.67576876e-05	-4.8568934e-06	4.95049627e-05	2.06700426e-05	3.89143702e-05	0	0	0	0	3
7185	1601	0	2.80664062	9.35429204e-06	1.66162769e-05	-4.8568934e-06	4.95049627e-05	2.06700426e-05	3.89143702e-05	0	0	0	0	3
7190	1603	0	2.80859375	9.57899735e-06	1.64754912e-05	-4.8568934e-06	4.95049627e-05	2.06700426e-05	3.89143702e-05	0	0	0	0	3
7195	1604	0	2.81054688	9.52926771e-06	1.63334478e-05	-4.8568934e-06	4.95049627e-05	2.06700426e-05	3.89143702e-05	0	0	0	0	3
7200	1605	0	2.8125	9.52652004e-06	1.61903462e-05	-4.8568934e-06	4.95049627e-05	2.06700426e-05	3.89143702e-05	0	0	0	0	3
7205	1607	0	2.81445312	9.70783529e-06	1.60478692e-05	-4.8568934e-06	4.95049627e-05	2.06700426e-05	3.89143702e-05	0	0	0	0	3
7210	1608	0	2.81640625	9.93320729e-06	1.59064263e-05	-4.8568934e-06	4.95049627e-05	2.06700426e-05	3.89143702e-05	0	0	0	0	3
7215	1609	0	2.81835938	1.00767388e-05	1.57650145e-05	-4.8568934e-06	4.95049627e-05	2.06700426e-05	3.89143702e-05	0	0	0	0	3
7220	1610	0	2.8203125	1.00497502e-05	1.5622451e-05	-4.8568934e-06	4.95049627e-05	2.06700426e-05	3.89143702e-05	0	0	0	0	3
7225	1611	0	2.82226562	1.00584378e-05	1.54794788e-05	-4.8568934e-06	4.95049627e-05	2.06700426e-05	3.89143702e-05	0	0	0	0	3
7230	1613	0	2.82421875	1.0221962e-05	1.53374744e-05	-4.8568934e-06	4.95049627e-05	2.06700426e-05	3.89143702e-05	0	0	0	0	3
7235	1614	0	2.82617188	1.04345001e-05	1.51964037e-05	-4.8568934e-06	4.95049627e-05	2.06295561e-05	3.89143702e-05	0	0	0	0	3
7240	1615	0	2.828125	1.05250953e-05	1.50548695e-05	-4.8568934e-06	4.95049627e-05	2.05855046e-05	3.89143702e-05	0	0	0	0	3
7245	1616	0	2.83007812	1.05133425e-05	1.49121468e-05	-4.8568934e-06	4.95049627e-05	2.05393539e-05	3.89143702e-05	0	0	0	0	3
7250	1617	0	2.83203125	1.05754877e-05	1.47694797e-05	-4.8568934e-06	4.95049627e-05	2.04911277e-05	3.89143702e-05	0	0	0	0	3
7255	1618	0	2.83398438	1.08335902e-05	1.46281121e-05	-4.8568934e-06	4.95049627e-05	2.04404549e-05	3.89143702e-05	0	0	0	0	3
7260	1619	0	2.8359375	1.10666025e-05	1.44875629e-05	-4.8568934e-06	4.95049627e-05	2.03871229e-05	3.89143702e-05	0	0	0	0	3
7265	1620	0	2.83789062	1.11535055e-05	1.43466494e-05	-4.8568934e-06	4.95049627e-05	2.03316373e-05	3.89143702e-05	0	0	0	0	3
7270	1622	0	2.83984375	1.12044637e-05	1.42056604e-05	-4.8568934e-06	4.95049627e-05	2.02749837e-05	3.89143702e-05	0	0	0	0	3
7275	1623	0	2.84179688	1.13409366e-05	1.40660822e-05	-4.8568934e-06	4.95049627e-05	2.02174767e-05	3.89143702e-05	0	0	0	0	3
7280	1624	0	2.84375	1.16347619e-05	1.39289316e-05	-4.8568934e-06	4.95049627e-05	2.01591403e-05	3.89143702e-05	0	0	0	0	3
7285	1625	0	2.84570312	1.18652595e-05	1.37936658e-05	-4.8568934e-06	4.95049627e-05	2.0099594e-05	3.89143702e-05	0	0	0	0	3
7290	1626	0	2.84765625	1.19316591e-05	1.36592918e-05	-4.8568934e-06	4.95049627e-05	2.00249531e-05	3.89143702e-05	0	0	0	0	3
7295	1627	0	2.84960938	1.19738593e-05	1.35126859e-05	-4.8568934e-06	4.89316823e-05	1.99492664e-05	3.89143702e-05	0	0	0	0	3
7300	1629	0	2.8515625	1.22336804e-05	1.33693343e-05	-4.8568934e-06	4.83543932e-05	1.98726473e-05	3.89143702e-05	0	0	0	0	3
7305	1631	0	2.85351562	1.25393332e-05	1.32294317e-05	-4.8568934e-06	4.7878242e-05	1.97950725e-05	3.89143702e-05	0	0	0	0	3
7310	1632	0	2.85546875	1.26618421e-05	1.30918677e-05	-4.8568934e-06	4.74573546e-05	1.97160952e-05	3.89143702e-05	0	0	0	0	3
7315	1633	0	2.85742188	1.26755674e-05	1.29560013e-05	-4.8568934e-06	4.68835688e-05	1.96350685e-05	3.89143702e-05	0	0	0	0	3
7320	1634	0	2.859375	1.27454698e-05	1.28226494e-05	-4.8568934e-06	4.62310822e-05	1.95521049e-05	3.89143702e-05	0	0	0	0	3
7325	1636	0	2.86132812	1.30252974e-05	1.26929393e-05	-4.8568934e-06	4.57135066e-05	1.94673648e-05	3.89143702e-05	0	0	0	0	3
7330	1637	0	2.86328125	1.31823492e-05	1.25658644e-05	-4.8568934e-06	4.54069443e-05	1.9380505e-05	3.89143702e-05	0	0	0	0	3
7335	1638	0	2.86523438	1.31398611e-05	1.24398211e-05	-4.8568934e-06	4.51795163e-05	1.92905888e-05	3.89143702e-05	0	0	0	0	3
7340	1639	0	2.8671875	1.29985399e-05	1.23141142e-05	-4.8568934e-06	4.48161821e-05	1.9196875e-05	3.89143702e-05	0	0	0	0	3
7345	1640	0	2.86914062	1.31078679e-05	1.21902536e-05	-4.8568934e-06	4.44890027e-05	1.90994979e-05	3.89143702e-05	0	0	0	0	3
7350	1641	0	2.87109375	1.73151812e-05	1.20841059e-05	-4.8568934e-06	4.44583333e-05	1.89985983e-05	3.89143702e-05	0	0	0	0	3
7355	1643	0	2.87304688	1.7335503e-05	1.19784472e-05	-4.8568934e-06	4.44583333e-05	1.8894155e-05	3.89143702e-05	0	0	0	0	3
7360	1644	0	2.875	1.71409475e-05	1.18717387e-05	-4.8568934e-06	4.44562171e-05	1.87859649e-05	3.89143702e-05	0	0	0	0	3
7365	1645	0	2.87695312	1.69918585e-05	1.1764456e-05	-4.8568934e-06	4.42582446e-05	1.86740602e-05	3.89143702e-05	0	0	0	0	3
7370	1646	0	2.87890625	1.70344201e-05	1.1658113e-05	-4.8568934e-06	4.40625768e-05	1.85593392e-05	3.89143702e-05	0	0	0	0	3
7375	1647	0	2.88085938	1.71554215e-05	1.15530069e-05	-4.8568934e-06	4.39853117e-05	1.84427e-05	3.89143702e-05	0	0	0	0	3
7380	1648	0	2.8828125	1.7026865e-05	1.14477063e-05	-4.8568934e-06	4.39853117e-05	1.83247473e-05	3.89143702e-05	0	0	0	0	3
7385	1650	0	2.88476562	1.683739e-05	1.13416597e-05	-4.8568934e-06	4.3815088e-05	1.82058372e-05	3.89143702e-05	0	0	0	0	3
7390	1651	0	2.88671875	1.6750942e-05	1.12359404e-05	-4.8568934e-06	4.35321587e-05	1.80860505e-05	3.89143702e-05	0	0	0	0	3
7395	1652	0	2.88867188	1.68723498e-05	1.11318005e-05	-4.8568934e-06	4.3299595e-05	1.79662579e-05	3.89143702e-05	0	0	0	0	3
7400	1653	0	2.890625	1.69664523e-05	1.10289367e-05	-4.8568934e-06	4.32289397e-05	1.77649085e-05	3.89143702e-05	0	0	0	0	3
7405	1655	0	2.89257812	1.69169472e-05	1.09261555e-05	-4.8568934e-06	4.31783809e-05	1.75642535e-05	3.89143702e-05	0	0	0	0	3
7410	1656	0	2.89453125	1.68934928e-05	1.08234801e-05	-4.8568934e-06	4.29474548e-05	1.73647964e-05	3.89143702e-05	0	0	0	0	3
7415	1658	0	2.89648438	1.70337217e-05	1.07222546e-05	-4.8568934e-06	4.26858762e-05	1.71664625e-05	3.89143702e-05	0	0	0	0	3
7420	1659	0	2.8984375	1.72802518e-05	1.06230139e-05	-4.8568934e-06	4.25326645e-05	1.69698656e-05	3.89143702e-05	0	0	0	0	3
7425	1660	0	2.90039062	1.7385499e-05	1.05247828e-05	-4.8568934e-06	4.25087243e-05	1.67756936e-05	3.89143702e-05	0	0	0	0	3
7430	1661	0	2.90234375	1.73904937e-05	1.04266647e-05	-4.8568934e-06	4.23530526e-05	1.6583811e-05	3.89143702e-05	0	0	0	0	3
7435	1662	0	2.90429688	1.74969351e-05	1.03295705e-05	-4.8568934e-06	4.20157633e-05	1.63934004e-05	3.89143702e-05	0	0	0	0	3
7440	1663	0	2.90625	1.76605555e-05	1.02344329e-05	-4.8568934e-06	4.16766241e-05	1.62040974e-05	3.89143702e-05	0	0	0	0	3
7445	1665	0	2.90820312	1.78652126e-05	1.01414196e-05	-4.8568934e-06	4.14630899e-05	1.62113854e-05	3.89143702e-05	0	0	0	0	3
7450	1666	0	2.91015625	1.79569336e-05	1.00495987e-05	-4.8568934e-06	4.12271444e-05	1.63032063e-05	3.89143702e-05	0	0	0	0	3
7455	1667	0	2.91210938	1.79898355e-05	9.95882795e-06	-4.8568934e-06	3.85877659e-05	1.6393977e-05	3.89143702e-05	0	0	0	0	3
7460	1668	0	2.9140625	1.80821819e-05	9.87872801e-06	-4.8568934e-06	3.80426891e-05	1.6474077e-05	3.89143702e-05	0	0	0	0	3
7465	1669	0	2.91601562	1.83150598e-05	9.80166696e-06	-4.8568934e-06	3.76658731e-05	1.6551138e-05	3.89143702e-05	0	0	0	0	3
7470	1670	0	2.91796875	1.85027713e-05	9.72681109e-06	-4.8568934e-06	3.73539293e-05	1.66259939e-05	3.89143702e-05	0	0	0	0	3
7475	1671	0	2.91992188	1.85234104e-05	9.65325438e-06	-4.8568934e-06	3.68812614e-05	1.66995506e-05	3.89143702e-05	0	0	0	0	3
7480	1673	0	2.921875	1.85135371e-05	9.58150546e-06	-4.8568934e-06	3.63056393e-05	1.67712995e-05	3.89143702e-05	0	0	0	0	3
7485	1674	0	2.92382812	1.868973e-05	9.51269331e-06	-4.8568934e-06	3.58385901e-05	1.68401117e-05	3.89143702e-05	0	0	0	0	3
7490	1675	0	2.92578125	1.88320951e-05	9.44626169e-06	-4.8568934e-06	3.55421308e-05	1.69065433e-05	3.89143702e-05	0	0	0	0	3
7495	1676	0	2.92773438	1.89054732e-05	9.38127475e-06	-4.8568934e-06	3.52788054e-05	1.69715302e-05	3.89143702e-05	0	0	0	0	3
7500	1677	0	2.9296875	1.87377e-05	9.31666105e-06	-4.8568934e-06	3.48477059e-05	1.70361439e-05	3.89143702e-05	0	0	0	0	3
7505	1679	0	2.93164062	1.86721644e-05	9.25347534e-06	-4.8568934e-06	3.44292573e-05	1.70993296e-05	3.89143702e-05	0	0	0	0	3
7510	1681	0	2.93359375	1.86853133e-05	9.19197556e-06	-4.8568934e-06	3.41919921e-05	1.71608294e-05	3.89143702e-05	0	0	0	0	3
7515	1682	0	2.93554688	1.86746992e-05	9.13136114e-06	-4.8568934e-06	3.40633783e-05	1.72214438e-05	3.89143702e-05	0	0	0	0	3
7520	1683	0	2.9375	2.17614193e-05	9.08330661e-06	-4.8568934e-06	3.38532801e-05	1.72694984e-05	3.89143702e-05	0	0	0	0	3
7525	1684	0	2.93945312	2.15488455e-05	9.03524241e-06	-4.8568934e-06	3.35388042e-05	1.73175626e-05	3.89143702e-05	0	0	0	0	3
7530	1685	0	2.94140625	2.13895106e-05	8.98778423e-06	-4.8568934e-06	3.32822275e-05	1.73650207e-05	3.89143702e-05	0	0	0	0	3
7535	1686	0	2.94335938	2.13711143e-05	8.94125645e-06	-4.8568934e-06	3.31282583e-05	1.74115485e-05	3.89143702e-05	0	0	0	0	3
7540	1687	0	2.9453125	2.11242024e-05	8.8943656e-06	-4.8568934e-06	3.29351186e-05	1.74584394e-05	3.89143702e-05	0	0	0	0	3
7545	1688	0	2.94726562	2.0862008e-05	8.84720502e-06	-4.8568934e-06	3.25542495e-05	1.75056e-05	3.89143702e-05	0	0	0	0	3
7550	1690	0	2.94921875	2.06911417e-05	8.80086475e-06	-4.8568934e-06	3.21214945e-05	1.75519402e-05	3.89143702e-05	0	0	0	0	3
7555	1691	0	2.95117188	2.06912269e-05	8.75621527e-06	-4.8568934e-06	3.1853083e-05	1.75965897e-05	3.89143702e-05	0	0	0	0	3
7560	1692	0	2.953125	2.05910302e-05	8.71222287e-06	-4.8568934e-06	3.16672366e-05	1.76405821e-05	3.89143702e-05	0	0	0	0	3
7565	1693	0	2.95507812	2.04029725e-05	8.66822184e-06	-4.8568934e-06	3.13187012e-05	1.76845831e-05	3.89143702e-05	0	0	0	0	3
7570	1694	0	2.95703125	2.03200225e-05	8.62525825e-06	-4.8568934e-06	3.07888842e-05	1.77275467e-05	3.89143702e-05	0	0	0	0	3
7575	1695	0	2.95898438	2.04120418e-05	8.58472371e-06	-4.8568934e-06	3.04282789e-05	1.77680813e-05	3.89143702e-05	0	0	0	0	3
7580	1697	0	2.9609375	2.05061923e-05	8.54596556e-06	-4.8568934e-06	3.02637077e-05	1.78068394e-05	3.89143702e-05	0	0	0	0	3
7585	1698	0	2.96289062	2.05151316e-05	8.50788519e-06	-4.8568934e-06	3.0096682e-05	1.78449198e-05	3.89143702e-05	0	0	0	0	3
7590	1699	0	2.96484375	2.05036094e-05	8.47041225e-06	-4.8568934e-06	2.96775009e-05	1.78823927e-05	3.89143702e-05	0	0	0	0	3
7595	1700	0	2.96679688	2.04606556e-05	8.43440895e-06	-4.8568934e-06	2.92281308e-05	1.7918396e-05	3.89143702e-05	0	0	0	0	3
7600	1701	0	2.96875	2.0615252e-05	8.40076489e-06	-4.8568934e-06	2.89787458e-05	1.79520401e-05	3.89143702e-05	0	0	0	0	3
7605	1703	0	2.97070312	2.07269048e-05	8.36853113e-06	-4.8568934e-06	2.88876455e-05	1.79842738e-05	3.89143702e-05	0	0	0	0	3
7610	1705	0	2.97265625	2.06813479e-05	8.33647528e-06	-4.8568934e-06	2.86641e-05	1.80163297e-05	3.89143702e-05	0	0	0	0	3
7615	1706	0	2.97460938	2.06698415e-05	8.30524771e-06	-4.8568934e-06	2.82551222e-05	1.80475573e-05	3.89143702e-05	0	0	0	0	3
7620	1707	0	2.9765625	2.06483046e-05	8.27553358e-06	-4.8568934e-06	2.78759739e-05	1.80772714e-05	3.89143702e-05	0	0	0	0	3
7625	1708	0	2.97851562	2.08114763e-05	8.24793789e-06	-4.8568934e-06	2.17614193e-05	1.81048671e-05	3.89143702e-05	0	0	0	0	3
7630	1709	0	2.98046875	2.08735054e-05	8.24493329e-06	-4.8568934e-06	2.17614193e-05	1.81078717e-05	3.89143702e-05	0	0	0	0	3
7635	1710	0	2.98242188	2.07740888e-05	8.24189233e-06	-4.8568934e-06	2.17614193e-05	1.81109126e-05	3.89143702e-05	0	0	0	0	3
7640	1711	0	2.984375	2.07429886e-05	8.23979277e-06	-4.8568934e-06	2.17614193e-05	1.81130122e-05	3.89143702e-05	0	0	0	0	3
7645	1712	0	2.98632812	2.08733624e-05	8.2399228e-06	-4.8568934e-06	2.17614193e-05	1.81130122e-05	3.89143702e-05	0	0	0	0	3
7650	1714	0	2.98828125	2.10317677e-05	8.24158282e-06	-4.8568934e-06	2.17614193e-05	1.81130122e-05	3.89143702e-05	0	0	0	0	3
7655	1715	0	2.99023438	2.09561528e-05	8.24297992e-06	-4.8568934e-06	2.17614193e-05	1.81130122e-05	3.89143702e-05	0	0	0	0	3
7660	1716	0	2.9921875	2.07484309e-05	8.24384258e-06	-4.8568934e-06	2.17614193e-05	1.81130122e-05	3.89143702e-05	0	0	0	0	3
7665	1717	0	2.99414062	2.07210973e-05	8.24599422e-06	-4.8568934e-06	2.17614193e-05	1.81130122e-05	3.89143702e-05	0	0	0	0	3
7670	1718	0	2.99609375	2.07670267e-05	8.24969775e-06	-4.8568934e-06	2.17614193e-05	1.81130122e-05	3.89143702e-05	0	0	0	0	3
7675	1719	0	2.99804688	2.06967688e-05	8.253737e-06	-4.8568934e-06	2.17614193e-05	1.81130122e-05	3.89143702e-05	0	0	0	0	3
7680	1721	0	3	2.04727507e-05	8.25704192e-06	-4.8568934e-06	2.17614193e-05	1.81130122e-05	3.89143702e-05	0	0	0	0	3
7685	1722	0	3.00195312	2.16426336e-05	8.26571117e-06	-4.8568934e-06	2.17614193e-05	1.81130122e-05	3.89143702e-05	0	0	0	0	3
7690	1723	0	3.00390625	2.15177503e-05	8.27561892e-06	-4.8568934e-06	2.17614193e-05	1.81130122e-05	3.89143702e-05	0	0	0	0	3
7695	1724	0	3.00585938	2.14727865e-05	8.28672257e-06	-4.8568934e-06	2.17614193e-05	1.81130122e-05	3.89143702e-05	0	0	0	0	3
7700	1725	0	3.0078125	2.12885959e-05	8.29771373e-06	-4.8568934e-06	2.17614193e-05	1.81130122e-05	3.89143702e-05	0	0	0	0	3
7705	1728	0	3.00976562	2.09329551e-05	8.30788363e-06	-4.8568934e-06	2.17614193e-05	1.81130122e-05	3.89143702e-05	0	0	0	0	3
7710	1729	0	3.01171875	2.0664005e-05	8.31841378e-06	-4.8568934e-06	2.17614193e-05	1.81130122e-05	3.89143702e-05	0	0	0	0	3
7715	1730	0	3.01367188	2.05926526e-05	8.33067758e-06	-4.8568934e-06	2.17614193e-05	1.81130122e-05	3.89143702e-05	0	0	0	0	3
7720	1732	0	3.015625	2.05483613e-05	8.34413414e-06	-4.8568934e-06	2.17614193e-05	1.81130122e-05	3.89143702e-05	0	0	0	0	3
7725	1733	0	3.01757812	2.03137315e-05	8.35757955e-06	-4.8568934e-06	2.17614193e-05	1.81130122e-05	3.89143702e-05	0	0	0	0	3
7730	1734	0	3.01953125	2.0021246e-05	8.37100095e-06	-4.8568934e-06	2.17614193e-05	1.81130122e-05	3.89143702e-05	0	0	0	0	3
7735	1735	0	3.02148438	1.99458467e-05	8.38612484e-06	-4.8568934e-06	2.17614193e-05	1.81130122e-05	3.89143702e-05	0	0	0	0	3
7740	1736	0	3.0234375	2.00351463e-05	8.40347526e-06	-4.8568934e-06	2.17614193e-05	1.81130122e-05	3.89143702e-05	0	0	0	0	3
7745	1738	0	3.02539062	2.00504536e-05	8.42218965e-06	-4.8568934e-06	2.17614193e-05	1.81130122e-05	3.89143702e-05	0	0	0	0	3
7750	1739	0	3.02734375	1.98520053e-05	8.44094651e-06	-4.8568934e-06	2.17614193e-05	1.81130122e-05	3.89143702e-05	0	0	0	0	3
7755	1740	0	3.02929688	1.97449234e-05	8.46035127e-06	-4.8568934e-06	2.17614193e-05	1.81130122e-05	3.89143702e-05	0	0	0	0	3
7760	1741	0	3.03125	1.98079877e-05	8.48199453e-06	-4.8568934e-06	2.17614193e-05	1.81130122e-05	3.89143702e-05	0	0	0	0	3
7765	1742	0	3.03320312	1.99114277e-05	8.50549237e-06	-4.8568934e-06	2.17614193e-05	1.81130122e-05	3.89143702e-05	0	0	0	0	3
7770	1743	0	3.03515625	1.97914091e-05	8.52912549e-06	-4.8568934e-06	2.17614193e-05	1.81130122e-05	3.89143702e-05	0	0	0	0	3
7775	1744	0	3.03710938	1.96345005e-05	8.55223609e-06	-4.8568934e-06	2.17614193e-05	1.81130122e-05	3.89143702e-05	0	0	0	0	3
7780	1746	0	3.0390625	1.95327649e-05	8.57561825e-06	-4.8568934e-06	2.17614193e-05	1.81130122e-05	3.89143702e-05	0	0	0	0	3
7785	1747	0	3.04101562	1.94642233e-05	8.59997289e-06	-4.8568934e-06	2.17614193e-05	1.81130122e-05	3.89143702e-05	0	0	0	0	3
7790	1748	0	3.04296875	1.96428521e-05	8.62549416e-06	-4.8568934e-06	2.17614193e-05	1.81130122e-05	3.89143702e-05	0	0	0	0	3
7795	1749	0	3.04492188	1.94851008e-05	8.67821376e-06	-4.8568934e-06	2.17614193e-05	1.81130122e-05	3.89143702e-05	0	0	0	0	3
7800	1750	0	3.046875	1.92511999e-05	8.72970412e-06	-4.8568934e-06	2.17614193e-05	1.81130122e-05	3.89143702e-05	0	0	0	0	3
7805	1753	0	3.04882812	1.9191204e-05	8.78148528e-06	-4.8568934e-06	2.17614193e-05	1.81130122e-05	3.89143702e-05	0	0	0	0	3
7810	1754	0	3.05078125	1.92643515e-05	8.83400813e-06	-4.8568934e-06	2.17614193e-05	1.81130122e-05	3.89143702e-05	0	0	0	0	3
7815	1755	0	3.05273438	1.92546539e-05	8.8860459e-06	-4.8568934e-06	2.17614193e-05	1.81130122e-05	3.89143702e-05	0	0	0	0	3
7820	1756	0	3.0546875	1.91598102e-05	8.93674524e-06	-4.8568934e-06	2.17614193e-05	1.81130122e-05	3.89143702e-05	0	0	0	0	3
7825	1757	0	3.05664062	1.89234211e-05	8.98591861e-06	-4.8568934e-06	2.17614193e-05	1.81130122e-05	3.89143702e-05	0	0	0	0	3
7830	1759	0	3.05859375	1.88612076e-05	9.03544372e-06	-4.8568934e-06	2.17614193e-05	1.81130122e-05	3.89143702e-05	0	0	0	0	3
7835	1760	0	3.06054688	1.8912476e-05	9.08565266e-06	-4.8568934e-06	2.17614193e-05	1.81130122e-05	3.89143702e-05	0	0	0	0	3
7840	1761	0	3.0625	1.87689827e-05	9.13491581e-06	-4.8568934e-06	2.17614193e-05	1.81130122e-05	3.89143702e-05	0	0	0	0	3
7845	1762	0	3.06445312	1.84875891e-05	9.1827321e-06	-4.8568934e-06	2.17614193e-05	1.81130122e-05	3.89143702e-05	0	0	0	0	3
7850	1763	0	3.06640625	1.76950329e-05	9.22806727e-06	-4.8568934e-06	2.17614193e-05	1.81130122e-05	3.89143702e-05	0	0	0	0	3
7855	1765	0	3.06835938	1.76990876e-05	9.27470038e-06	-4.8568934e-06	2.17614193e-05	1.81130122e-05	3.89143702e-05	0	0	0	0	3
7860	1766	0	3.0703125	1.76310696e-05	9.32201583e-06	-4.8568934e-06	2.17614193e-05	1.81130122e-05	3.89143702e-05	0	0	0	0	3
7865	1767	0	3.07226562	1.744719e-05	9.36893337e-06	-4.8568934e-06	2.17614193e-05	1.81130122e-05	3.89143702e-05	0	0	0	0	3
7870	1768	0	3.07421875	1.70476156e-05	9.41484238e-06	-4.8568934e-06	2.17614193e-05	1.81130122e-05	3.89143702e-05	0	0	0	0	3
7875	1769	0	3.07617188	1.6862583e-05	9.46146651e-06	-4.8568934e-06	2.17614193e-05	1.81130122e-05	3.89143702e-05	0	0	0	0	3
7880	1770	0	3.078125	1.69152576e-05	9.50979052e-06	-4.8568934e-06	2.17614193e-05	1.81130122e-05	3.89143702e-05	0	0	0	0	3
7885	1772	0	3.08007812	1.6745301e-05	9.55823716e-06	-4.8568934e-06	2.17614193e-05	1.81130122e-05	3.89143702e-05	0	0	0	0	3
7890	1773	0	3.08203125	1.64587611e-05	9.60596629e-06	-4.8568934e-06	2.17614193e-05	1.81130122e-05	3.89143702e-05	0	0	0	0	3
7895	1774	0	3.08398438	1.62699304e-05	9.65388779e-06	-4.8568934e-06	2.17614193e-05	1.81130122e-05	3.89143702e-05	0	0	0	0	3
7900	1775	0	3.0859375	1.61692969e-05	9.7032042e-06	-4.8568934e-06	2.17614193e-05	1.81130122e-05	3.89143702e-05	0	0	0	0	3
7905	1778	0	3.08789062	1.62226217e-05	9.75427424e-06	-4.8568934e-06	2.17614193e-05	1.81130122e-05	3.89143702e-05	0	0	0	0	3
7910	1779	0	3.08984375	1.61363344e-05	9.80577254e-06	-4.8568934e-06	2.17614193e-05	1.81130122e-05	3.89143702e-05	0	0	0	0	3
7915	1780	0	3.09179688	1.57979992e-05	9.85649288e-06	-4.8568934e-06	2.17614193e-05	1.81130122e-05	3.89143702e-05	0	0	0	0	3
7920	1781	0	3.09375	1.57769024e-05	9.90825423e-06	-4.8568934e-06	2.17614193e-05	1.81130122e-05	3.89143702e-05	0	0	0	0	3
7925	1782	0	3.09570312	1.57959749e-05	9.96176387e-06	-4.8568934e-06	2.17614193e-05	1.81130122e-05	3.89143702e-05	0	0	0	0	3
7930	1783	0	3.09765625	1.58374188e-05	1.0016191e-05	-4.8568934e-06	2.17614193e-05	1.81130122e-05	3.89143702e-05	0	0	0	0	3
7935	1784	0	3.09960938	1.56456068e-05	1.00700631e-05	-4.8568934e-06	2.17614193e-05	1.81130122e-05	3.89143702e-05	0	0	0	0	3
7940	1786	0	3.1015625	1.54062806e-05	1.01228807e-05	-4.8568934e-06	2.17614193e-05	1.81130122e-05	3.89143702e-05	0	0	0	0	3
7945	1787	0	3.10351562	1.52742438e-05	1.01757846e-05	-4.8568934e-06	2.17614193e-05	1.81130122e-05	3.89143702e-05	0	0	0	0	3
7950	1788	0	3.10546875	1.5356944e-05	1.02293839e-05	-4.8568934e-06	2.17614193e-05	1.81130122e-05	3.89143702e-05	0	0	0	0	3
7955	1789	0	3.10742188	1.52196248e-05	1.02820495e-05	-4.8568934e-06	2.17614193e-05	1.81130122e-05	3.89143702e-05	0	0	0	0	3
7960	1790	0	3.109375	1.49774657e-05	1.03328243e-05	-4.8568934e-06	2.17614193e-05	1.81130122e-05	3.89143702e-05	0	0	0	0	3
7965	1792	0	3.11132812	1.48265766e-05	1.04040101e-05	-4.8568934e-06	2.17614193e-05	1.81130122e-05	3.89143702e-05	0	0	0	0	3
7970	1793	0	3.11328125	1.47671931e-05	1.04749277e-05	-4.8568934e-06	2.17614193e-05	1.81130122e-05	3.89143702e-05	0	0	0	0	3
7975	1794	0	3.11523438	1.48029129e-05	1.05454532e-05	-4.8568934e-06	2.17614193e-05	1.81130122e-05	3.89143702e-05	0	0	0	0	3
7980	1795	0	3.1171875	1.4621307e-05	1.06138554e-05	-4.8568934e-06	2.17614193e-05	1.81130122e-05	3.89143702e-05	0	0	0	0	3
7985	1796	0	3.11914062	1.44832817e-05	1.06798167e-05	-4.8568934e-06	2.17614193e-05	1.81130122e-05	3.89143702e-05	0	0	0	0	3
7990	1798	0	3.12109375	1.42589857e-05	1.07441444e-05	-4.8568934e-06	2.17614193e-05	1.81130122e-05	3.89143702e-05	0	0	0	0	3
7995	1799	0	3.12304688	1.42164456e-05	1.08079742e-05	-4.8568934e-06	2.17614193e-05	1.81130122e-05	3.89143702e-05	0	0	0	0	3
8000	1800	0	3.125	1.42732699e-05	1.0871508e-05	-4.8568934e-06	2.17614193e-05	1.81130122e-05	3.89143702e-05	0	0	0	0	3
8005	1802	0	3.12695312	1.3996583e-05	1.0932927e-05	-4.8568934e-06	2.17614193e-05	1.81130122e-05	3.89143702e-05	0	0	0	0	3
8010	1803	0	3.12890625	1.38336984e-05	1.09931137e-05	-4.8568934e-06	2.17614193e-05	1.81130122e-05	3.89143702e-05	0	0	0	0	3
8015	1805	0	3.13085938	1.38315906e-05	1.10535556e-05	-4.8568934e-06	2.17614193e-05	1.81117276e-05	3.89143702e-05	0	0	0	0	3
8020	1806	0	3.1328125	1.18270609e-05	1.11067627e-05	-4.8568934e-06	2.17614193e-05	1.81087281e-05	3.89143702e-05	0	0	0	0	3
8025	1807	0	3.13476562	1.18122282e-05	1.11601186e-05	-4.8568934e-06	2.17614193e-05	1.81035849e-05	3.89143702e-05	0	0	0	0	3
8030	1809	0	3.13671875	1.14716814e-05	1.12120676e-05	-4.8568934e-06	2.17614193e-05	1.80953991e-05	3.89143702e-05	0	0	0	0	3
8035	1810	0	3.13867188	1.13698665e-05	1.12642175e-05	-4.8568934e-06	2.17614193e-05	1.80847097e-05	3.89143702e-05	0	0	0	0	3
8040	1811	0	3.140625	1.13920543e-05	1.13174107e-05	-4.8568934e-06	2.17614193e-05	1.80727563e-05	3.89143702e-05	0	0	0	0	3
8045	1812	0	3.14257812	1.13947737e-05	1.13710672e-05	-4.8568934e-06	2.17614193e-05	1.80594527e-05	3.89143702e-05	0	0	0	0	3
8050	1814	0	3.14453125	1.12689247e-05	1.14241828e-05	-4.8568934e-06	2.17614193e-05	1.80439017e-05	3.89143702e-05	0	0	0	0	3
8055	1815	0	3.14648438	1.10947431e-05	1.14767027e-05	-4.8568934e-06	2.17614193e-05	1.80256101e-05	3.89143702e-05	0	0	0	0	3
8060	1816	0	3.1484375	1.09864828e-05	1.15294349e-05	-4.8568934e-06	2.17614193e-05	1.80055029e-05	3.89143702e-05	0	0	0	0	3
8065	1817	0	3.15039062	1.10043218e-05	1.15831538e-05	-4.8568934e-06	2.17614193e-05	1.79844924e-05	3.89143702e-05	0	0	0	0	3
8070	1818	0	3.15234375	1.09433653e-05	1.16370121e-05	-4.8568934e-06	2.17614193e-05	1.79206671e-05	3.89143702e-05	0	0	0	0	3
8075	1820	0	3.15429688	1.0712816e-05	1.16900759e-05	-4.8568934e-06	2.17614193e-05	1.78547662e-05	3.89143702e-05	0	0	0	0	3
8080	1821	0	3.15625	1.05251912e-05	1.1742763e-05	-4.8568934e-06	2.17614193e-05	1.77867901e-05	3.89143702e-05	0	0	0	0	3
8085	1822	0	3.15820312	1.0520342e-05	1.17963717e-05	-4.8568934e-06	2.17614193e-05	1.77178826e-05	3.89143702e-05	0	0	0	0	3
8090	1823	0	3.16015625	1.05478017e-05	1.18506958e-05	-4.8568934e-06	2.17614193e-05	1.76485086e-05	3.89143702e-05	0	0	0	0	3
8095	1825	0	3.16210938	1.03781756e-05	1.190434e-05	-4.8568934e-06	2.17614193e-05	1.75779493e-05	3.89143702e-05	0	0	0	0	3
8100	1826	0	3.1640625	1.01682743e-05	1.19568643e-05	-4.8568934e-06	2.17614193e-05	1.75054796e-05	3.89143702e-05	0	0	0	0	3
8105	1828	0	3.16601562	1.00606517e-05	1.20092083e-05	-4.8568934e-06	2.17614193e-05	1.74322001e-05	3.89143702e-05	0	0	0	0	3
8110	1829	0	3.16796875	1.00149246e-05	1.20614713e-05	-4.8568934e-06	2.17614193e-05	1.73594294e-05	3.89143702e-05	0	0	0	0	3
8115	1830	0	3.16992188	9.91530444e-06	1.21128625e-05	-4.8568934e-06	2.17614193e-05	1.72870973e-05	3.89143702e-05	0	0	0	0	3
8120	1832	0	3.171875	9.70282482e-06	1.21622575e-05	-4.8568934e-06	2.17614193e-05	1.72139388e-05	3.89143702e-05	0	0	0	0	3
8125	1833	0	3.17382812	9.47476039e-06	1.22097826e-05	-4.8568934e-06	2.17614193e-05	1.71303567e-05	3.89143702e-05	0	0	0	0	3
8130	1834	0	3.17578125	9.48752748e-06	1.22658155e-05	-4.62589509e-06	2.17614193e-05	1.70466884e-05	3.89143702e-05	0	0	0	0	3
8135	1836	0	3.17773438	9.45317699e-06	1.23208119e-05	-4.28429598e-06	2.17614193e-05	1.69636337e-05	3.89143702e-05	0	0	0	0	3
8140	1837	0	3.1796875	9.24021307e-06	1.2373642e-05	-3.87933866e-06	2.17614193e-05	1.68805683e-05	3.89143702e-05	0	0	0	0	3
8145	1838	0	3.18164062	9.00743236e-06	1.2423981e-05	-3.62259619e-06	2.17614193e-05	1.67961426e-05	3.89143702e-05	0	0	0	0	3
8150	1839	0	3.18359375	8.89226081e-06	1.24728671e-05	-3.39252141e-06	2.17614193e-05	1.67104676e-05	3.89143702e-05	0	0	0	0	3
8155	1840	0	3.18554688	8.9598041e-06	1.25211184e-05	-3.07021201e-06	2.17614193e-05	1.66247533e-05	3.89143702e-05	0	0	0	0	3
8160	1842	0	3.1875	8.88943937e-06	1.25678358e-05	-2.66828719e-06	2.17614193e-05	1.65392347e-05	3.89143702e-05	0	0	0	0	3
8165	1843	0	3.18945312	8.73277597e-06	1.26123712e-05	-2.43195787e-06	2.17614193e-05	1.64524027e-05	3.89143702e-05	0	0	0	0	3
8170	1844	0	3.19140625	8.57420697e-06	1.2655364e-05	-2.40583113e-06	2.17614193e-05	1.63629508e-05	3.89143702e-05	0	0	0	0	3
8175	1845	0	3.19335938	8.57517541e-06	1.26982586e-05	-2.36400368e-06	2.17614193e-05	1.62714619e-05	3.89143702e-05	0	0	0	0	3
8180	1847	0	3.1953125	8.59603879e-06	1.27410712e-05	-2.19005713e-06	2.17614193e-05	1.61791481e-05	3.89143702e-05	0	0	0	0	3
8185	1848	0	3.19726562	6.22191609e-06	1.2773909e-05	-2.19005713e-06	2.17614193e-05	1.60856264e-05	3.89143702e-05	0	0	0	0	3
8190	1849	0	3.19921875	6.04113454e-06	1.28052845e-05	-2.19005713e-06	2.17614193e-05	1.59893564e-05	3.89143702e-05	0	0	0	0	3
8195	1850	0	3.20117188	6.02532779e-06	1.28368226e-05	-2.19005713e-06	2.17614193e-05	1.58901037e-05	3.89143702e-05	0	0	0	0	3
8200	1852	0	3.203125	6.07791343e-06	1.28691194e-05	-2.18909122e-06	2.17614193e-05	1.57895038e-05	3.89143702e-05	0	0	0	0	3
8205	1854	0	3.20507812	6.15957196e-06	1.29017313e-05	-2.06293078e-06	2.17614193e-05	1.56885351e-05	3.89143702e-05	0	0	0	0	3
8210	1855	0	3.20703125	6.12763986e-06	1.29337257e-05	-2.06006767e-06	2.17614193e-05	1.55865438e-05	3.89143702e-05	0	0	0	0	3
8215	1856	0	3.20898438	6.03730202e-06	1.29649906e-05	-2.06006767e-06	2.17614193e-05	1.54827821e-05	3.89143702e-05	0	0	0	0	3
8220	1858	0	3.2109375	6.03261839e-06	1.2996364e-05	-2.06006767e-06	2.17614193e-05	1.5377999e-05	3.89143702e-05	0	0	0	0	3
8225	1859	0	3.21289062	6.10851594e-06	1.30282726e-05	-1.91181133e-06	2.17614193e-05	1.52741133e-05	3.89143702e-05	0	0	0	0	3
8230	1860	0	3.21484375	6.16872993e-06	1.30598372e-05	-1.79448219e-06	2.17614193e-05	1.51712789e-05	3.89143702e-05	0	0	0	0	3
8235	1861	0	3.21679688	5.85849399e-06	1.30893718e-05	-1.79448219e-06	2.17614193e-05	1.50223997e-05	3.89143702e-05	0	0	0	0	3
8240	1862	0	3.21875	5.78602207e-06	1.31184065e-05	-1.79448219e-06	2.17614193e-05	1.48723504e-05	3.89143702e-05	0	0	0	0	3
8245	1864	0	3.22070312	5.89807984e-06	1.31483715e-05	-1.79448219e-06	2.17614193e-05	1.47230044e-05	3.89143702e-05	0	0	0	0	3
8250	1865	0	3.22265625	5.90309465e-06	1.31784402e-05	-1.63832011e-06	2.17614193e-05	1.45755252e-05	3.89143702e-05	0	0	0	0	3
8255	1866	0	3.22460938	5.70481086e-06	1.32071243e-05	-1.55068288e-06	2.17614193e-05	1.44294043e-05	3.89143702e-05	0	0	0	0	3
8260	1867	0	3.2265625	5.5651004e-06	1.32346265e-05	-1.55068288e-06	2.17614193e-05	1.42833262e-05	3.89143702e-05	0	0	0	0	3
8265	1869	0	3.22851562	5.42503217e-06	1.32617391e-05	-1.55068288e-06	2.17614193e-05	1.41373546e-05	3.89143702e-05	0	0	0	0	3
8270	1870	0	3.23046875	5.52446939e-06	1.32893764e-05	-1.44227637e-06	2.17614193e-05	1.39929059e-05	3.89143702e-05	0	0	0	0	3
8275	1871	0	3.23242188	5.51768864e-06	1.33165637e-05	-1.10054621e-06	2.17614193e-05	1.38508813e-05	3.89143702e-05	0	0	0	0	3
8280	1872	0	3.234375	5.19106041e-06	1.33411403e-05	-9.0969818e-07	2.17614193e-05	1.37096548e-05	3.89143702e-05	0	0	0	0	3
8285	1874	0	3.23632812	5.04595352e-06	1.33644046e-05	-8.00984376e-07	2.17614193e-05	1.35680599e-05	3.89143702e-05	0	0	0	0	3
8290	1875	0	3.23828125	4.9497512e-06	1.33868684e-05	4.18542637e-07	2.17614193e-05	1.34306596e-05	3.89143702e-05	0	0	0	0	3
8295	1876	0	3.24023438	5.05350169e-06	1.34049737e-05	7.23658646e-07	2.17614193e-05	1.3294368e-05	3.89143702e-05	0	0	0	0	3
8300	1877	0	3.2421875	4.86591016e-06	1.34211544e-05	1.08365205e-06	2.17614193e-05	1.31588244e-05	3.89143702e-05	0	0	0	0	3
8305	1880	0	3.24414062	4.62456022e-06	1.34349861e-05	1.28154406e-06	2.17614193e-05	1.30223479e-05	3.89143702e-05	0	0	0	0	3
8310	1881	0	3.24609375	4.48471549e-06	1.34474984e-05	1.42765752e-06	2.17614193e-05	1.28844366e-05	3.89143702e-05	0	0	0	0	3
8315	1882	0	3.24804688	4.47045549e-06	1.34593844e-05	1.67396797e-06	2.17614193e-05	1.27464709e-05	3.89143702e-05	0	0	0	0	3
8320	1883	0	3.25	4.54839759e-06	1.34706126e-05	2.01702377e-06	2.17614193e-05	1.26093123e-05	3.89143702e-05	0	0	0	0	3
8325	1885	0	3.25195312	4.35160248e-06	1.34797321e-05	2.31242047e-06	2.17614193e-05	1.24720501e-05	3.89143702e-05	0	0	0	0	3
8330	1886	0	3.25390625	4.16516492e-06	1.34869693e-05	2.43072099e-06	2.17614193e-05	1.23332813e-05	3.89143702e-05	0	0	0	0	3
8335	1887	0	3.25585938	4.23163947e-06	1.34940042e-05	2.48888771e-06	2.17614193e-05	1.21930713e-05	3.89143702e-05	0	0	0	0	3
8340	1888	0	3.2578125	4.34645643e-06	1.35012603e-05	2.63852215e-06	2.17614193e-05	1.20527005e-05	3.89143702e-05	0	0	0	0	3
8345	1889	0	3.25976562	4.3630501e-06	1.35079967e-05	2.96971001e-06	2.17614193e-05	1.19126964e-05	3.89143702e-05	0	0	0	0	3
8350	1891	0	3.26171875	4.28222648e-06	1.35131238e-05	3.02688596e-06	2.17614193e-05	1.17714904e-05	3.89143702e-05	0	0	0	0	3
8355	1892	0	3.26367188	2.24365013e-06	1.35097586e-05	2.24365013e-06	2.17614193e-05	1.1627989e-05	3.89143702e-05	0	0	0	0	3
8360	1893	0	3.265625	2.40146342e-06	1.35071673e-05	2.24365013e-06	2.17614193e-05	1.14828297e-05	3.89143702e-05	0	0	0	0	3
8365	1894	0	3.26757812	2.69631168e-06	1.3505876e-05	2.24365013e-06	2.17614193e-05	1.13374238e-05	3.89143702e-05	0	0	0	0	3
8370	1895	0	3.26953125	2.72928807e-06	1.3504271e-05	2.24365013e-06	2.17614193e-05	1.11924222e-05	3.89143702e-05	0	0	0	0	3
8375	1897	0	3.27148438	2.63254692e-06	1.35011096e-05	2.24365013e-06	2.17614193e-05	1.10466472e-05	3.89143702e-05	0	0	0	0	3
8380	1898	0	3.2734375	2.69815474e-06	1.34978498e-05	2.24365013e-06	2.17614193e-05	1.08999195e-05	3.89143702e-05	0	0	0	0	3
8385	1899	0	3.27539062	2.8431961e-06	1.34951369e-05	2.24365013e-06	2.17614193e-05	1.07537534e-05	3.89143702e-05	0	0	0	0	3
8390	1900	0	3.27734375	2.94154614e-06	1.3492407e-05	2.24365013e-06	2.17614193e-05	1.06096515e-05	3.89143702e-05	0	0	0	0	3
8395	1902	0	3.27929688	2.94164138e-06	1.3488445e-05	2.24365013e-06	2.17614193e-05	1.04672291e-05	3.89143702e-05	0	0	0	0	3
8400	1903	0	3.28125	2.84723233e-06	1.34830444e-05	2.24365013e-06	2.17614193e-05	1.03254099e-05	3.89143702e-05	0	0	0	0	3
8405	1905	0	3.28320312	2.81951404e-06	1.34772594e-05	2.24365013e-06	2.17614193e-05	1.01498185e-05	3.89143702e-05	0	0	0	0	3
8410	1906	0	3.28515625	2.91730221e-06	1.34717375e-05	2.24365013e-06	2.17614193e-05	9.97671242e-06	3.89143702e-05	0	0	0	0	3
8415	1907	0	3.28710938	2.92495537e-06	1.3465714e-05	2.24365013e-06	2.17614193e-05	9.80707699e-06	3.89143702e-05	0	0	0	0	3
8420	1908	0	3.2890625	2.73240009e-06	1.34575399e-05	2.24365013e-06	2.17614193e-05	9.63944603e-06	3.89143702e-05	0	0	0	0	3
8425	1910	0	3.29101562	2.65546862e-06	1.34484721e-05	2.24365013e-06	2.17614193e-05	9.47310099e-06	3.89143702e-05	0	0	0	0	3
8430	1911	0	3.29296875	2.65947307e-06	1.34393543e-05	2.24365013e-06	2.17614193e-05	9.30860601e-06	3.89143702e-05	0	0	0	0	3
8435	1912	0	3.29492188	2.70240874e-06	1.34303775e-05	2.24365013e-06	2.17614193e-05	9.14732393e-06	3.89143702e-05	0	0	0	0	3
8440	1913	0	3.296875	2.65938948e-06	1.34204212e-05	2.24365013e-06	2.17614193e-05	8.9888193e-06	3.89143702e-05	0	0	0	0	3
8445	1914	0	3.29882812	2.51324313e-06	1.34088235e-05	2.24365013e-06	2.17614193e-05	8.83139283e-06	3.89143702e-05	0	0	0	0	3
8450	1916	0	3.30078125	2.42213024e-06	1.33964661e-05	2.24365013e-06	2.17614193e-05	8.6741397e-06	3.89143702e-05	0	0	0	0	3
8455	1917	0	3.30273438	2.51126835e-06	1.33844204e-05	2.24365013e-06	2.17614193e-05	8.51789486e-06	3.89143702e-05	0	0	0	0	3
8460	1918	0	3.3046875	2.4758206e-06	1.33718086e-05	2.24365013e-06	2.17614193e-05	8.37648413e-06	3.89143702e-05	0	0	0	0	3
8465	1919	0	3.30664062	2.39484242e-06	1.33446232e-05	2.24365013e-06	2.17614193e-05	8.23569844e-06	3.89143702e-05	0	0	0	0	3
8470	1921	0	3.30859375	2.24459145e-06	1.33159732e-05	2.24365013e-06	2.17614193e-05	8.09365505e-06	3.89143702e-05	0	0	0	0	3
8475	1922	0	3.31054688	2.19094547e-06	1.32873079e-05	2.19094547e-06	2.17614193e-05	7.95055346e-06	3.89143702e-05	0	0	0	0	3
8480	1923	0	3.3125	2.29367766e-06	1.32590546e-05	2.19094547e-06	2.17614193e-05	7.80807644e-06	3.89143702e-05	0	0	0	0	3
8485	1924	0	3.31445312	2.24654066e-06	1.32299089e-05	2.19094547e-06	2.17614193e-05	7.66663352e-06	3.89143702e-05	0	0	0	0	3
8490	1926	0	3.31640625	2.13754839e-06	1.31994571e-05	2.13754839e-06	2.17614193e-05	7.52522169e-06	3.89143702e-05	0	0	0	0	3
8495	1927	0	3.31835938	1.98087579e-06	1.31678326e-05	1.98087579e-06	2.17614193e-05	7.38265825e-06	3.89143702e-05	0	0	0	0	3
8500	1928	0	3.3203125	2.11026906e-06	1.3136819e-05	1.98087579e-06	2.17614193e-05	7.23968604e-06	3.89143702e-05	0	0	0	0	3
8505	1931	0	3.32226562	2.23717851e-06	1.31062673e-05	1.98087579e-06	2.17614193e-05	7.0976816e-06	3.89143702e-05	0	0	0	0	3
8510	1932	0	3.32421875	2.25407418e-06	1.30751427e-05	1.98087579e-06	2.17614193e-05	6.95661091e-06	3.89143702e-05	0	0	0	0	3
8515	1933	0	3.32617188	2.20361255e-06	1.30429908e-05	1.98087579e-06	2.17614193e-05	6.81507669e-06	3.89143702e-05	0	0	0	0	3
8520	1934	0	3.328125	1.35455497e-06	1.30071684e-05	1.35455497e-06	2.17614193e-05	6.67235399e-06	3.89143702e-05	0	0	0	0	3
8525	1935	0	3.33007812	1.56975724e-06	1.29722325e-05	1.35455497e-06	2.17614193e-05	6.52968691e-06	3.89143702e-05	0	0	0	0	3
8530	1937	0	3.33203125	1.70424e-06	1.29375792e-05	1.35455497e-06	2.17614193e-05	6.38831937e-06	3.89143702e-05	0	0	0	0	3
8535	1938	0	3.33398438	1.73755042e-06	1.29020478e-05	1.35455497e-06	2.17614193e-05	6.24777013e-06	3.89143702e-05	0	0	0	0	3
8540	1939	0	3.3359375	1.69446579e-06	1.28654379e-05	1.35455497e-06	2.17614193e-05	6.10685665e-06	3.89143702e-05	0	0	0	0	3
8545	1940	0	3.33789062	1.89941528e-06	1.28292891e-05	1.35455497e-06	2.17614193e-05	5.96586763e-06	3.89143702e-05	0	0	0	0	3
8550	1942	0	3.33984375	2.17568316e-06	1.27940204e-05	1.35455497e-06	2.17614193e-05	5.82628942e-06	3.89143702e-05	0	0	0	0	3
8555	1943	0	3.34179688	2.20433919e-06	1.27583306e-05	1.35455497e-06	2.17614193e-05	5.6891388e-06	3.89143702e-05	0	0	0	0	3
8560	1944	0	3.34375	2.1465171e-06	1.27212671e-05	1.35455497e-06	2.17614193e-05	5.55387299e-06	3.89143702e-05	0	0	0	0	3
8565	1945	0	3.34570312	2.10584328e-06	1.26831444e-05	1.35455497e-06	2.17614193e-05	5.41949898e-06	3.89143702e-05	0	0	0	0	3
8570	1946	0	3.34765625	2.22598121e-06	1.26452316e-05	1.35455497e-06	2.17614193e-05	5.27333099e-06	3.89143702e-05	0	0	0	0	3
8575	1948	0	3.34960938	2.3229513e-06	1.26075327e-05	1.35455497e-06	2.17614193e-05	5.27333099e-06	3.89143702e-05	0	0	0	0	3
8580	1949	0	3.3515625	2.29728156e-06	1.25687187e-05	1.35455497e-06	2.17614193e-05	5.27333099e-06	3.89143702e-05	0	0	0	0	3
8585	1950	0	3.35351562	2.18207571e-06	1.25282606e-05	1.35455497e-06	2.17614193e-05	5.27333099e-06	3.89143702e-05	0	0	0	0	3
8590	1952	0	3.35546875	2.11919725e-06	1.24870784e-05	1.35455497e-06	2.17614193e-05	5.27333099e-06	3.89143702e-05	0	0	0	0	3
8595	1953	0	3.35742188	2.17188506e-06	1.24460484e-05	1.35455497e-06	2.17614193e-05	5.27333099e-06	3.89143702e-05	0	0	0	0	3
8600	1954	0	3.359375	2.28154034e-06	1.24051737e-05	1.35455497e-06	2.17614193e-05	5.27333099e-06	3.89143702e-05	0	0	0	0	3
8605	1956	0	3.36132812	2.17080738e-06	1.23627733e-05	1.35455497e-06	2.17614193e-05	5.27333099e-06	3.89143702e-05	0	0	0	0	3
8610	1958	0	3.36328125	2.10550987e-06	1.23195044e-05	1.35455497e-06	2.17614193e-05	5.27333099e-06	3.89143702e-05	0	0	0	0	3
8615	1959	0	3.36523438	2.16392101e-06	1.22766297e-05	1.35455497e-06	2.17614193e-05	5.27333099e-06	3.89143702e-05	0	0	0	0	3
8620	1960	0	3.3671875	2.24920706e-06	1.22346401e-05	1.35455497e-06	2.17614193e-05	5.27333099e-06	3.89143702e-05	0	0	0	0	3
8625	1961	0	3.36914062	2.36004702e-06	1.21926564e-05	1.35455497e-06	2.17614193e-05	5.27333099e-06	3.89143702e-05	0	0	0	0	3
8630	1963	0	3.37109375	2.22278227e-06	1.21337017e-05	1.35455497e-06	2.17614193e-05	5.27333099e-06	3.89143702e-05	0	0	0	0	3
8635	1964	0	3.37304688	2.17503085e-06	1.20744811e-05	1.35455497e-06	2.17614193e-05	5.27333099e-06	3.89143702e-05	0	0	0	0	3
8640	1965	0	3.375	2.26307996e-06	1.20163645e-05	1.35455497e-06	2.17614193e-05	5.27333099e-06	3.89143702e-05	0	0	0	0	3
8645	1966	0	3.37695312	2.35244146e-06	1.19591792e-05	1.35455497e-06	2.17614193e-05	5.27333099e-06	3.89143702e-05	0	0	0	0	3
8650	1968	0	3.37890625	2.25479941e-06	1.19014463e-05	1.35455497e-06	2.17614193e-05	5.27333099e-06	3.89143702e-05	0	0	0	0	3
8655	1969	0	3.38085938	2.17717302e-06	1.18429376e-05	1.35455497e-06	2.17614193e-05	5.27333099e-06	3.89143702e-05	0	0	0	0	3
8660	1970	0	3.3828125	2.20932723e-06	1.17850566e-05	1.35455497e-06	2.17614193e-05	5.27333099e-06	3.89143702e-05	0	0	0	0	3
8665	1971	0	3.38476562	2.34981864e-06	1.17284645e-05	1.35455497e-06	2.17614193e-05	5.27333099e-06	3.89143702e-05	0	0	0	0	3
8670	1973	0	3.38671875	2.44063208e-06	1.16725648e-05	1.35455497e-06	2.17614193e-05	5.27333099e-06	3.89143702e-05	0	0	0	0	3
8675	1974	0	3.38867188	2.36788247e-06	1.16159068e-05	1.35455497e-06	2.17614193e-05	5.27333099e-06	3.89143702e-05	0	0	0	0	3
8680	1975	0	3.390625	2.40498992e-06	1.1559026e-05	1.35455497e-06	2.17614193e-05	5.27333099e-06	3.89143702e-05	0	0	0	0	3
8685	1977	0	3.39257812	2.76417933e-06	1.15037418e-05	1.35455497e-06	2.17614193e-05	5.27333099e-06	3.89143702e-05	0	0	0	0	3
8690	1978	0	3.39453125	2.93391549e-06	1.14492122e-05	1.35455497e-06	2.17614193e-05	5.27333099e-06	3.89143702e-05	0	0	0	0	3
8695	1979	0	3.39648438	3.00674791e-06	1.13944193e-05	1.35455497e-06	2.17614193e-05	5.27333099e-06	3.89143702e-05	0	0	0	0	3
8700	1980	0	3.3984375	2.97582991e-06	1.13385427e-05	1.35455497e-06	2.17614193e-05	5.27333099e-06	3.89143702e-05	0	0	0	0	3
8705	1982	0	3.40039062	3.04410564e-06	1.12825216e-05	1.35455497e-06	2.17614193e-05	5.27333099e-06	3.89143702e-05	0	0	0	0	3
8710	1983	0	3.40234375	3.19476514e-06	1.12270695e-05	1.35455497e-06	2.17614193e-05	5.27333099e-06	3.89143702e-05	0	0	0	0	3
8715	1985	0	3.40429688	3.29069833e-06	1.11715764e-05	1.35455497e-06	2.17614193e-05	5.27333099e-06	3.89143702e-05	0	0	0	0	3
8720	1986	0	3.40625	3.32120648e-06	1.11155634e-05	1.35455497e-06	2.17614193e-05	5.27333099e-06	3.89143702e-05	0	0	0	0	3
8725	1987	0	3.40820312	3.31632569e-06	1.10587318e-05	1.35455497e-06	2.17614193e-05	5.27333099e-06	3.89143702e-05	0	0	0	0	3
8730	1988	0	3.41015625	3.38918439e-06	1.10018265e-05	1.35455497e-06	2.17614193e-05	5.27333099e-06	3.89143702e-05	0	0	0	0	3
8735	1989	0	3.41210938	3.55616066e-06	1.0945445e-05	1.35455497e-06	2.17614193e-05	5.27333099e-06	3.89143702e-05	0	0	0	0	3
8740	1991	0	3.4140625	3.52419795e-06	1.08885778e-05	1.35455497e-06	2.17614193e-05	5.27333099e-06	3.89143702e-05	0	0	0	0	3
8745	1992	0	3.41601562	3.50773406e-06	1.08307367e-05	1.35455497e-06	2.17614193e-05	5.27333099e-06	3.89143702e-05	0	0	0	0	3
8750	1993	0	3.41796875	3.44950437e-06	1.07719349e-05	1.35455497e-06	2.17614193e-05	5.27333099e-06	3.89143702e-05	0	0	0	0	3
8755	1995	0	3.41992188	3.59161193e-06	1.07136075e-05	1.35455497e-06	2.17614193e-05	5.27333099e-06	3.89143702e-05	0	0	0	0	3
8760	1996	0	3.421875	3.69227061e-06	1.0655712e-05	1.35455497e-06	2.17614193e-05	5.27333099e-06	3.89143702e-05	0	0	0	0	3
8765	1997	0	3.42382812	3.6371043e-06	1.05969127e-05	1.35455497e-06	2.17614193e-05	5.27333099e-06	3.89143702e-05	0	0	0	0	3
8770	1999	0	3.42578125	3.56982682e-06	1.05372944e-05	1.35455497e-06	2.17614193e-05	5.27333099e-06	3.89143702e-05	0	0	0	0	3
8775	2000	0	3.42773438	3.60216827e-06	1.04775159e-05	1.35455497e-06	2.17614193e-05	5.27333099e-06	3.89143702e-05	0	0	0	0	3
8780	2001	0	3.4296875	3.8988302e-06	1.04195516e-05	1.35455497e-06	2.17614193e-05	5.27333099e-06	3.89143702e-05	0	0	0	0	3
8785	2002	0	3.43164062	3.85227912e-06	1.03616614e-05	1.35455497e-06	2.17614193e-05	5.27333099e-06	3.89143702e-05	0	0	0	0	3
8790	2004	0	3.43359375	3.80303229e-06	1.03035275e-05	1.35455497e-06	2.17614193e-05	5.27333099e-06	3.89143702e-05	0	0	0	0	3
8795	2005	0	3.43554688	3.83192025e-06	1.02455479e-05	1.35455497e-06	2.17614193e-05	5.27333099e-06	3.89143702e-05	0	0	0	0	3
8800	2006	0	3.4375	3.98709408e-06	1.01761169e-05	1.35455497e-06	2.16426336e-05	5.27333099e-06	3.89143702e-05	0	0	0	0	3
8805	2009	0	3.43945312	4.05293436e-06	1.01077735e-05	1.35455497e-06	2.16426336e-05	5.27333099e-06	3.89143702e-05	0	0	0	0	3
8810	2010	0	3.44140625	3.99363564e-06	1.00398209e-05	1.35455497e-06	2.16426336e-05	5.27333099e-06	3.89143702e-05	0	0	0	0	3
8815	2011	0	3.44335938	3.95636265e-06	9.97179449e-06	1.35455497e-06	2.16426336e-05	5.27333099e-06	3.89143702e-05	0	0	0	0	3
8820	2012	0	3.4453125	4.01475396e-06	9.9049607e-06	1.35455497e-06	2.16426336e-05	5.27333099e-06	3.89143702e-05	0	0	0	0	3
8825	2014	0	3.44726562	4.13065197e-06	9.83960384e-06	1.35455497e-06	2.16426336e-05	5.27333099e-06	3.89143702e-05	0	0	0	0	3
8830	2015	0	3.44921875	4.20644739e-06	9.77521051e-06	1.35455497e-06	2.16426336e-05	5.27333099e-06	3.89143702e-05	0	0	0	0	3
8835	2016	0	3.45117188	4.10856184e-06	9.71043447e-06	1.35455497e-06	2.16426336e-05	5.27333099e-06	3.89143702e-05	0	0	0	0	3
8840	2017	0	3.453125	4.05878169e-06	9.64585538e-06	1.35455497e-06	2.16426336e-05	5.27333099e-06	3.89143702e-05	0	0	0	0	3
8845	2019	0	3.45507812	4.25914696e-06	9.58279356e-06	1.35455497e-06	2.16426336e-05	5.27333099e-06	3.89143702e-05	0	0	0	0	3
8850	2020	0	3.45703125	4.36390663e-06	9.52046498e-06	1.35455497e-06	2.16426336e-05	5.27333099e-06	3.89143702e-05	0	0	0	0	3
8855	2021	0	3.45898438	5.46728149e-06	9.46208701e-06	1.35455497e-06	2.16426336e-05	5.27333099e-06	3.89143702e-05	0	0	0	0	3
8860	2023	0	3.4609375	5.42760728e-06	9.40318629e-06	1.35455497e-06	2.16426336e-05	5.27333099e-06	3.89143702e-05	0	0	0	0	3
8865	2024	0	3.46289062	5.38833329e-06	9.34409723e-06	1.35455497e-06	2.16426336e-05	5.27333099e-06	3.89143702e-05	0	0	0	0	3
8870	2025	0	3.46484375	5.55340509e-06	9.285698e-06	1.35455497e-06	2.16426336e-05	5.27333099e-06	3.89143702e-05	0	0	0	0	3
8875	2026	0	3.46679688	5.59618142e-06	9.22763364e-06	1.35455497e-06	2.16426336e-05	5.27333099e-06	3.89143702e-05	0	0	0	0	3
8880	2028	0	3.46875	5.56372651e-06	9.16883862e-06	1.35455497e-06	2.16426336e-05	5.27333099e-06	3.89143702e-05	0	0	0	0	3
8885	2029	0	3.47070312	5.49778328e-06	9.10934987e-06	1.35455497e-06	2.16426336e-05	5.27333099e-06	3.89143702e-05	0	0	0	0	3
8890	2030	0	3.47265625	5.54819097e-06	9.05023597e-06	1.35455497e-06	2.16426336e-05	5.27333099e-06	3.89143702e-05	0	0	0	0	3
8895	2031	0	3.47460938	5.69279539e-06	8.99173189e-06	1.35455497e-06	2.16426336e-05	5.27333099e-06	3.89143702e-05	0	0	0	0	3
8900	2033	0	3.4765625	5.69555723e-06	8.93332272e-06	1.35455497e-06	2.16426336e-05	5.27333099e-06	3.89143702e-05	0	0	0	0	3
8905	2035	0	3.47851562	5.59511031e-06	8.87388379e-06	1.35455497e-06	2.16426336e-05	5.27333099e-06	3.89143702e-05	0	0	0	0	3
8910	2036	0	3.48046875	5.62594456e-06	8.814323e-06	1.35455497e-06	2.16426336e-05	5.27333099e-06	3.89143702e-05	0	0	0	0	3
8915	2037	0	3.48242188	5.70902694e-06	8.7554751e-06	1.35455497e-06	2.16426336e-05	5.27333099e-06	3.89143702e-05	0	0	0	0	3
8920	2039	0	3.484375	5.85551601e-06	8.69732091e-06	1.35455497e-06	2.16426336e-05	5.27320096e-06	3.89143702e-05	0	0	0	0	3
8925	2040	0	3.48632812	5.79359101e-06	8.63841556e-06	1.35455497e-06	2.16426336e-05	5.27154094e-06	3.89143702e-05	0	0	0	0	3
8930	2041	0	3.48828125	5.72694757e-06	8.5786311e-06	1.35455497e-06	2.16426336e-05	5.27014384e-06	3.89143702e-05	0	0	0	0	3
8935	2043	0	3.49023438	5.83855687e-06	8.51957799e-06	1.35455497e-06	2.16426336e-05	5.26928118e-06	3.89143702e-05	0	0	0	0	3
8940	2044	0	3.4921875	5.97237879e-06	8.46185904e-06	1.35455497e-06	2.16426336e-05	5.26712954e-06	3.89143702e-05	0	0	0	0	3
8945	2045	0	3.49414062	6.04536097e-06	8.40453194e-06	1.35455497e-06	2.16426336e-05	5.26342601e-06	3.89143702e-05	0	0	0	0	3
8950	2046	0	3.49609375	5.93970383e-06	8.34661272e-06	1.35455497e-06	2.16426336e-05	5.25938676e-06	3.89143702e-05	0	0	0	0	3
8955	2048	0	3.49804688	5.9258347e-06	8.28891375e-06	1.35455497e-06	2.16426336e-05	5.25608184e-06	3.89143702e-05	0	0	0	0	3
8960	2049	0	3.5	6.09856817e-06	8.2327646e-06	1.35455497e-06	2.16426336e-05	5.28035916e-06	3.89143702e-05	0	0	0	0	3
8965	2050	0	3.50195312	6.28175077e-06	8.17276115e-06	1.35455497e-06	2.15177503e-05	5.34036261e-06	3.89143702e-05	0	0	0	0	3
8970	2052	0	3.50390625	6.2625776e-06	8.11317064e-06	1.35455497e-06	2.14727865e-05	5.39995312e-06	3.89143702e-05	0	0	0	0	3
8975	2053	0	3.50585938	6.227958e-06	8.05362052e-06	1.35455497e-06	2.12885959e-05	5.45950324e-06	3.89143702e-05	0	0	0	0	3
8980	2054	0	3.5078125	6.24530448e-06	7.99485767e-06	1.35455497e-06	2.09329551e-05	5.51826609e-06	3.89143702e-05	0	0	0	0	3
8985	2056	0	3.50976562	6.40486704e-06	7.93810732e-06	1.35455497e-06	2.0664005e-05	5.57501644e-06	3.89143702e-05	0	0	0	0	3
8990	2057	0	3.51171875	6.50436826e-06	7.88279624e-06	1.35455497e-06	2.05926526e-05	5.63032752e-06	3.89143702e-05	0	0	0	0	3
8995	2058	0	3.51367188	6.4281689e-06	7.82746623e-06	1.35455497e-06	2.05483613e-05	5.68565753e-06	3.89143702e-05	0	0	0	0	3
9000	2059	0	3.515625	6.31239031e-06	7.77185697e-06	1.35455497e-06	2.03137315e-05	5.74126679e-06	3.89143702e-05	0	0	0	0	3
9005	2062	0	3.51757812	6.42086538e-06	7.71758796e-06	1.35455497e-06	2.00504536e-05	5.7955358e-06	3.89143702e-05	0	0	0	0	3
9010	2063	0	3.51953125	6.52347979e-06	7.66486231e-06	1.35455497e-06	2.00504536e-05	5.84826145e-06	3.89143702e-05	0	0	0	0	3
9015	2064	0	3.52148438	6.55114734e-06	7.61253927e-06	1.35455497e-06	2.00504536e-05	5.9005845e-06	3.89143702e-05	0	0	0	0	3
9020	2066	0	3.5234375	7.7791341e-06	7.56466422e-06	1.35455497e-06	2.00504536e-05	5.94845954e-06	3.89143702e-05	0	0	0	0	3
9025	2067	0	3.52539062	7.67684617e-06	7.51632981e-06	1.35455497e-06	1.99114277e-05	5.99679395e-06	3.89143702e-05	0	0	0	0	3
9030	2068	0	3.52734375	7.78277087e-06	7.46918437e-06	1.35455497e-06	1.99114277e-05	6.04393939e-06	3.89143702e-05	0	0	0	0	3
9035	2069	0	3.52929688	7.86444376e-06	7.42277624e-06	1.35455497e-06	1.99114277e-05	6.09034752e-06	3.89143702e-05	0	0	0	0	3
9040	2071	0	3.53125	7.80313274e-06	7.37588228e-06	1.35455497e-06	1.99114277e-05	6.13724148e-06	3.89143702e-05	0	0	0	0	3
9045	2072	0	3.53320312	7.68893554e-06	7.32813817e-06	1.35455497e-06	1.97914091e-05	6.18498559e-06	3.89143702e-05	0	0	0	0	3
9050	2073	0	3.53515625	7.64738816e-06	7.28070059e-06	1.35455497e-06	1.96428521e-05	6.23242317e-06	3.89143702e-05	0	0	0	0	3
9055	2075	0	3.53710938	7.74252562e-06	7.23424756e-06	1.35455497e-06	1.96428521e-05	6.2788762e-06	3.89143702e-05	0	0	0	0	3
9060	2076	0	3.5390625	7.80784669e-06	7.1884471e-06	1.35455497e-06	1.96428521e-05	6.32467666e-06	3.89143702e-05	0	0	0	0	3
9065	2077	0	3.54101562	7.72502458e-06	7.14259085e-06	1.35455497e-06	1.96428521e-05	6.37053291e-06	3.89143702e-05	0	0	0	0	3
9070	2079	0	3.54296875	7.62188237e-06	7.09563394e-06	1.35455497e-06	1.94851008e-05	6.41748982e-06	3.89143702e-05	0	0	0	0	3
9075	2080	0	3.54492188	7.63625115e-06	7.04934937e-06	1.35455497e-06	1.92643515e-05	6.46377439e-06	3.89143702e-05	0	0	0	0	3
9080	2081	0	3.546875	7.78321962e-06	7.00455257e-06	1.35455497e-06	1.92643515e-05	6.50857119e-06	3.89143702e-05	0	0	0	0	3
9085	2082	0	3.54882812	7.79967427e-06	6.96005441e-06	1.35455497e-06	1.92643515e-05	6.55306935e-06	3.89143702e-05	0	0	0	0	3
9090	2084	0	3.55078125	7.75318198e-06	6.9150889e-06	1.35455497e-06	1.92546539e-05	6.59803486e-06	3.89143702e-05	0	0	0	0	3
9095	2085	0	3.55273438	7.68670687e-06	6.86990161e-06	1.35455497e-06	1.91598102e-05	6.64322215e-06	3.89143702e-05	0	0	0	0	3
9100	2086	0	3.5546875	7.78778039e-06	6.82547962e-06	1.35455497e-06	1.89234211e-05	6.68764414e-06	3.89143702e-05	0	0	0	0	3
9105	2089	0	3.55664062	7.88803468e-06	6.78237264e-06	1.35455497e-06	1.8912476e-05	6.73075112e-06	3.89143702e-05	0	0	0	0	3
9110	2090	0	3.55859375	7.90912955e-06	6.73959109e-06	1.35455497e-06	1.8912476e-05	6.77353267e-06	3.89143702e-05	0	0	0	0	3
9115	2092	0	3.56054688	7.85399322e-06	6.69639389e-06	1.35455497e-06	1.87689827e-05	6.81672987e-06	3.89143702e-05	0	0	0	0	3
9120	2093	0	3.5625	7.91395066e-06	6.65399142e-06	1.35455497e-06	1.84875891e-05	6.85913234e-06	3.89143702e-05	0	0	0	0	3
9125	2094	0	3.56445312	8.01235195e-06	6.61307252e-06	1.35455497e-06	1.76990876e-05	6.90005124e-06	3.89143702e-05	0	0	0	0	3
9130	2096	0	3.56640625	8.07737561e-06	6.57550355e-06	1.35455497e-06	1.76990876e-05	6.93762021e-06	3.89143702e-05	0	0	0	0	3
9135	2097	0	3.56835938	8.04072715e-06	6.53777558e-06	1.35455497e-06	1.76310696e-05	6.97534818e-06	3.89143702e-05	0	0	0	0	3
9140	2098	0	3.5703125	8.01748911e-06	6.50022253e-06	1.35455497e-06	1.744719e-05	7.01290123e-06	3.89143702e-05	0	0	0	0	3
9145	2099	0	3.57226562	8.06594542e-06	6.46357704e-06	1.35455497e-06	1.70476156e-05	7.04954672e-06	3.89143702e-05	0	0	0	0	3
9150	2101	0	3.57421875	8.2152576e-06	6.42907565e-06	1.35455497e-06	1.69152576e-05	7.08404811e-06	3.89143702e-05	0	0	0	0	3
9155	2102	0	3.57617188	8.28463933e-06	6.39556805e-06	1.35455497e-06	1.69152576e-05	7.11755571e-06	3.89143702e-05	0	0	0	0	3
9160	2103	0	3.578125	8.18103737e-06	6.36145001e-06	1.35455497e-06	1.6745301e-05	7.15167375e-06	3.89143702e-05	0	0	0	0	3
9165	2104	0	3.58007812	8.18407674e-06	6.32800772e-06	1.35455497e-06	1.64587611e-05	7.18511604e-06	3.89143702e-05	0	0	0	0	3
9170	2106	0	3.58203125	8.13588507e-06	6.29549649e-06	1.35455497e-06	1.62699304e-05	7.21762727e-06	3.89143702e-05	0	0	0	0	3
9175	2107	0	3.58398438	8.2597729e-06	6.26420681e-06	1.35455497e-06	1.62226217e-05	7.24891695e-06	3.89143702e-05	0	0	0	0	3
9180	2108	0	3.5859375	8.18540966e-06	6.23301975e-06	1.35455497e-06	1.62226217e-05	7.28010401e-06	3.89143702e-05	0	0	0	0	3
9185	2109	0	3.58789062	8.04279475e-06	6.2010673e-06	1.35455497e-06	1.61363344e-05	7.31205646e-06	3.89143702e-05	0	0	0	0	3
9190	2111	0	3.58984375	9.10844422e-06	6.17361461e-06	1.35455497e-06	1.58374188e-05	7.33950915e-06	3.89143702e-05	0	0	0	0	3
9195	2112	0	3.59179688	9.10035408e-06	6.14745193e-06	1.35455497e-06	1.58374188e-05	7.36567183e-06	3.89143702e-05	0	0	0	0	3
9200	2113	0	3.59375	9.14683165e-06	6.12155322e-06	1.35455497e-06	1.58374188e-05	7.39157054e-06	3.89143702e-05	0	0	0	0	3
9205	2116	0	3.59570312	8.97895205e-06	6.09492422e-06	1.35455497e-06	1.58374188e-05	7.41819954e-06	3.89143702e-05	0	0	0	0	3
9210	2117	0	3.59765625	8.81147546e-06	6.06747913e-06	1.35455497e-06	1.56456068e-05	7.44564463e-06	3.89143702e-05	0	0	0	0	3
9215	2118	0	3.59960938	8.811106e-06	6.04078186e-06	1.35455497e-06	1.54062806e-05	7.4723419e-06	3.89143702e-05	0	0	0	0	3
9220	2119	0	3.6015625	8.85259984e-06	6.01518155e-06	1.35455497e-06	1.5356944e-05	7.49794222e-06	3.89143702e-05	0	0	0	0	3
9225	2121	0	3.60351562	8.8895135e-06	5.99024119e-06	1.35455497e-06	1.5356944e-05	7.52288257e-06	3.89143702e-05	0	0	0	0	3
9230	2122	0	3.60546875	8.74002374e-06	5.96439385e-06	1.35455497e-06	1.52196248e-05	7.54872991e-06	3.89143702e-05	0	0	0	0	3
9235	2123	0	3.60742188	8.62484365e-06	5.93863298e-06	1.35455497e-06	1.49774657e-05	7.57449078e-06	3.89143702e-05	0	0	0	0	3
9240	2124	0	3.609375	8.74432696e-06	5.91428479e-06	1.35455497e-06	1.48265766e-05	7.59883897e-06	3.89143702e-05	0	0	0	0	3
9245	2126	0	3.61132812	8.79171142e-06	5.89071109e-06	1.35455497e-06	1.48029129e-05	7.62241267e-06	3.89143702e-05	0	0	0	0	3
9250	2127	0	3.61328125	8.74140089e-06	5.86717284e-06	1.35455497e-06	1.48029129e-05	7.64595092e-06	3.89143702e-05	0	0	0	0	3
9255	2128	0	3.61523438	8.6442763e-06	5.84311567e-06	1.35455497e-06	1.4621307e-05	7.67000809e-06	3.89143702e-05	0	0	0	0	3
9260	2130	0	3.6171875	8.63961668e-06	5.81974969e-06	1.35455497e-06	1.44832817e-05	7.69337407e-06	3.89143702e-05	0	0	0	0	3
9265	2131	0	3.61914062	8.70466651e-06	5.79717698e-06	1.35455497e-06	1.42732699e-05	7.71594679e-06	3.89143702e-05	0	0	0	0	3
9270	2132	0	3.62109375	8.8165146e-06	5.77591732e-06	1.35455497e-06	1.42732699e-05	7.73720644e-06	3.89143702e-05	0	0	0	0	3
9275	2133	0	3.62304688	8.780764e-06	5.75468419e-06	1.35455497e-06	1.42732699e-05	7.75843957e-06	3.89143702e-05	0	0	0	0	3
9280	2135	0	3.625	8.60283951e-06	5.73253407e-06	1.35455497e-06	1.3996583e-05	7.78058969e-06	3.89143702e-05	0	0	0	0	3
9285	2136	0	3.62695312	8.62280555e-06	5.71154275e-06	1.35455497e-06	1.38336984e-05	7.80158101e-06	3.89143702e-05	0	0	0	0	3
9290	2137	0	3.62890625	8.74687043e-06	5.69167233e-06	1.35455497e-06	1.38315906e-05	7.82145143e-06	3.89143702e-05	0	0	0	0	3
9295	2138	0	3.63085938	8.79863231e-06	5.67201234e-06	1.35455497e-06	1.18270609e-05	7.84111142e-06	3.89143702e-05	0	0	0	0	3
9300	2140	0	3.6328125	8.75421924e-06	5.66000905e-06	1.35455497e-06	1.18122282e-05	7.85311471e-06	3.89143702e-05	0	0	0	0	3
9305	2142	0	3.63476562	8.69000551e-06	5.64781287e-06	1.35455497e-06	1.14716814e-05	7.86531089e-06	3.89143702e-05	0	0	0	0	3
9310	2143	0	3.63671875	8.82456173e-06	5.63747256e-06	1.35455497e-06	1.13947737e-05	7.8756512e-06	3.89143702e-05	0	0	0	0	3
9315	2145	0	3.63867188	8.83837951e-06	5.62758394e-06	1.35455497e-06	1.13947737e-05	7.88553982e-06	3.89143702e-05	0	0	0	0	3
9320	2146	0	3.640625	8.79269071e-06	5.61743017e-06	1.35455497e-06	1.13947737e-05	7.89569359e-06	3.89143702e-05	0	0	0	0	3
9325	2147	0	3.64257812	8.67006173e-06	5.60678677e-06	1.35455497e-06	1.12689247e-05	7.90633699e-06	3.89143702e-05	0	0	0	0	3
9330	2149	0	3.64453125	8.78261211e-06	5.59707461e-06	1.35455497e-06	1.10947431e-05	7.91604915e-06	3.89143702e-05	0	0	0	0	3
9335	2150	0	3.64648438	8.82054406e-06	5.58819102e-06	1.35455497e-06	1.10043218e-05	7.92493274e-06	3.89143702e-05	0	0	0	0	3
9340	2151	0	3.6484375	8.78088608e-06	5.57957541e-06	1.35455497e-06	1.10043218e-05	7.93354835e-06	3.89143702e-05	0	0	0	0	3
9345	2153	0	3.65039062	8.66344547e-06	5.57043136e-06	1.35455497e-06	1.09433653e-05	7.9426924e-06	3.89143702e-05	0	0	0	0	3
9350	2154	0	3.65234375	8.55811585e-06	5.56111398e-06	1.35455497e-06	1.0712816e-05	7.95200978e-06	3.89143702e-05	0	0	0	0	3
9355	2155	0	3.65429688	9.09607826e-06	5.5547986e-06	1.35455497e-06	1.05478017e-05	7.95832517e-06	3.89143702e-05	0	0	0	0	3
9360	2156	0	3.65625	9.12588216e-06	5.54933254e-06	1.35455497e-06	1.05478017e-05	7.96379122e-06	3.89143702e-05	0	0	0	0	3
9365	2158	0	3.65820312	8.91507672e-06	5.54306198e-06	1.35455497e-06	1.05478017e-05	7.97006178e-06	3.89143702e-05	0	0	0	0	3
9370	2159	0	3.66015625	8.79671029e-06	5.53622178e-06	1.35455497e-06	1.03781756e-05	7.97690198e-06	3.89143702e-05	0	0	0	0	3
9375	2160	0	3.66210938	8.69692732e-06	5.5296544e-06	1.35455497e-06	1.01682743e-05	7.98346936e-06	3.89143702e-05	0	0	0	0	3
9380	2162	0	3.6640625	8.75331881e-06	5.52412723e-06	1.35455497e-06	1.00606517e-05	7.98899653e-06	3.89143702e-05	0	0	0	0	3
9385	2163	0	3.66601562	8.70945475e-06	5.51884912e-06	1.35455497e-06	1.00149246e-05	7.99427464e-06	3.89143702e-05	0	0	0	0	3
9390	2164	0	3.66796875	8.5975612e-06	5.51331254e-06	1.35455497e-06	9.91530444e-06	7.99981122e-06	3.89143702e-05	0	0	0	0	3
9395	2165	0	3.66992188	8.49102998e-06	5.50774897e-06	1.35455497e-06	9.70282482e-06	8.00537479e-06	3.89143702e-05	0	0	0	0	3
9400	2167	0	3.671875	8.46677774e-06	5.50292066e-06	1.35455497e-06	9.48752748e-06	8.0102031e-06	3.89143702e-05	0	0	0	0	3
9405	2169	0	3.67382812	8.47491006e-06	5.49901499e-06	1.35455497e-06	9.48752748e-06	8.01410877e-06	3.89143702e-05	0	0	0	0	3
9410	2170	0	3.67578125	8.49236112e-06	5.49512763e-06	1.35455497e-06	9.45317699e-06	8.01799613e-06	3.89143702e-05	0	0	0	0	3
9415	2172	0	3.67773438	8.33887946e-06	5.4907749e-06	1.35455497e-06	9.24021307e-06	7.8856581e-06	3.89143702e-05	0	0	0	0	3
9420	2173	0	3.6796875	8.3583094e-06	5.48732997e-06	1.35455497e-06	9.14683165e-06	7.79227669e-06	3.89143702e-05	0	0	0	0	3
9425	2174	0	3.68164062	8.38851489e-06	5.48491232e-06	1.35455497e-06	9.14683165e-06	7.79227669e-06	3.89143702e-05	0	0	0	0	3
9430	2176	0	3.68359375	8.41301312e-06	5.48304026e-06	1.35455497e-06	9.14683165e-06	7.79227669e-06	3.89143702e-05	0	0	0	0	3
9435	2177	0	3.68554688	8.35269198e-06	5.48066873e-06	1.35455497e-06	9.14683165e-06	7.79227669e-06	3.89143702e-05	0	0	0	0	3
9440	2178	0	3.6875	8.23470789e-06	5.47811118e-06	1.35455497e-06	9.14683165e-06	7.79227669e-06	3.89143702e-05	0	0	0	0	3
9445	2179	0	3.68945312	8.24038897e-06	5.47618779e-06	1.35455497e-06	9.14683165e-06	7.79227669e-06	3.89143702e-05	0	0	0	0	3
9450	2181	0	3.69140625	8.35442389e-06	5.47532927e-06	1.35455497e-06	9.14683165e-06	7.79227669e-06	3.89143702e-05	0	0	0	0	3
9455	2182	0	3.69335938	8.28558254e-06	5.47419804e-06	1.35455497e-06	9.14683165e-06	7.79227669e-06	3.89143702e-05	0	0	0	0	3
9460	2183	0	3.6953125	8.18517971e-06	5.47259313e-06	1.35455497e-06	9.14683165e-06	7.79227669e-06	3.89143702e-05	0	0	0	0	3
9465	2185	0	3.69726562	8.15169136e-06	5.48013131e-06	1.35455497e-06	9.14683165e-06	7.79227669e-06	3.89143702e-05	0	0	0	0	3
9470	2186	0	3.69921875	8.2288517e-06	5.48867708e-06	1.35455497e-06	9.14683165e-06	7.79227669e-06	3.89143702e-05	0	0	0	0	3
9475	2187	0	3.70117188	8.23211099e-06	5.49729733e-06	1.35455497e-06	9.14683165e-06	7.79227669e-06	3.89143702e-05	0	0	0	0	3
9480	2189	0	3.703125	8.15203453e-06	5.50539936e-06	1.35455497e-06	9.14683165e-06	7.79227669e-06	3.89143702e-05	0	0	0	0	3
9485	2190	0	3.70507812	8.04020982e-06	5.5127456e-06	1.35455497e-06	9.14683165e-06	7.79227669e-06	3.89143702e-05	0	0	0	0	3
9490	2191	0	3.70703125	8.07535834e-06	5.52035388e-06	1.35455497e-06	9.14683165e-06	7.79227669e-06	3.89143702e-05	0	0	0	0	3
9495	2193	0	3.70898438	8.06333897e-06	5.52826809e-06	1.35455497e-06	9.14683165e-06	7.79227669e-06	3.89143702e-05	0	0	0	0	3
9500	2194	0	3.7109375	8.09977586e-06	5.53634292e-06	1.35455497e-06	9.14683165e-06	7.79227669e-06	3.89143702e-05	0	0	0	0	3
9505	2197	0	3.71289062	7.93630779e-06	5.54348273e-06	1.35455497e-06	9.14683165e-06	7.79227669e-06	3.89143702e-05	0	0	0	0	3
9510	2198	0	3.71484375	7.86674279e-06	5.5501156e-06	1.35455497e-06	9.14683165e-06	7.79227669e-06	3.89143702e-05	0	0	0	0	3
9515	2199	0	3.71679688	7.92083854e-06	5.55817163e-06	1.35455497e-06	9.14683165e-06	7.79227669e-06	3.89143702e-05	0	0	0	0	3
9520	2201	0	3.71875	7.72281113e-06	5.56573721e-06	1.35455497e-06	9.14683165e-06	7.79227669e-06	3.89143702e-05	0	0	0	0	3
9525	2202	0	3.72070312	7.62878455e-06	5.57249778e-06	1.35455497e-06	9.14683165e-06	7.79227669e-06	3.89143702e-05	0	0	0	0	3
9530	2203	0	3.72265625	7.48295161e-06	5.57866909e-06	1.35455497e-06	9.14683165e-06	7.79227669e-06	3.89143702e-05	0	0	0	0	3
9535	2205	0	3.72460938	7.43068985e-06	5.58541081e-06	1.35455497e-06	9.14683165e-06	7.79227669e-06	3.89143702e-05	0	0	0	0	3
9540	2206	0	3.7265625	7.5311418e-06	5.59309066e-06	1.35455497e-06	9.14683165e-06	7.79227669e-06	3.89143702e-05	0	0	0	0	3
9545	2207	0	3.72851562	7.42113415e-06	5.60088793e-06	1.35455497e-06	9.14683165e-06	7.79227669e-06	3.89143702e-05	0	0	0	0	3
9550	2208	0	3.73046875	7.34263415e-06	5.60799014e-06	1.35455497e-06	9.14683165e-06	7.79227669e-06	3.89143702e-05	0	0	0	0	3
9555	2210	0	3.73242188	7.17049248e-06	5.6144464e-06	1.35455497e-06	9.14683165e-06	7.79227669e-06	3.89143702e-05	0	0	0	0	3
9560	2211	0	3.734375	7.14586331e-06	5.62208235e-06	1.35455497e-06	9.14683165e-06	7.79227669e-06	3.89143702e-05	0	0	0	0	3
9565	2212	0	3.73632812	7.21717291e-06	5.63056368e-06	1.35455497e-06	9.14683165e-06	7.79227669e-06	3.89143702e-05	0	0	0	0	3
9570	2214	0	3.73828125	7.21725279e-06	5.6394211e-06	1.35455497e-06	9.14683165e-06	7.79227669e-06	3.89143702e-05	0	0	0	0	3
9575	2215	0	3.74023438	6.99408698e-06	5.64700152e-06	1.35455497e-06	9.14683165e-06	7.79227669e-06	3.89143702e-05	0	0	0	0	3
9580	2217	0	3.7421875	6.95722142e-06	5.6551707e-06	1.35455497e-06	9.14683165e-06	7.79227669e-06	3.89143702e-05	0	0	0	0	3
9585	2218	0	3.74414062	7.02389835e-06	5.66454311e-06	1.35455497e-06	9.14683165e-06	7.79227669e-06	3.89143702e-05	0	0	0	0	3
9590	2219	0	3.74609375	7.0982762e-06	5.67475234e-06	1.35455497e-06	9.14683165e-06	7.79227669e-06	3.89143702e-05	0	0	0	0	3
9595	2221	0	3.74804688	6.97308799e-06	5.68452824e-06	1.35455497e-06	9.14683165e-06	7.79227669e-06	3.89143702e-05	0	0	0	0	3
9600	2222	0	3.75	6.82052273e-06	5.69340373e-06	1.35455497e-06	9.14683165e-06	7.79227669e-06	3.89143702e-05	0	0	0	0	3
9605	2224	0	3.75195312	6.80922069e-06	5.7030038e-06	1.35455497e-06	9.14683165e-06	7.79227669e-06	3.89143702e-05	0	0	0	0	3
9610	2226	0	3.75390625	6.93017191e-06	5.71380461e-06	1.35455497e-06	9.14683165e-06	7.79227669e-06	3.89143702e-05	0	0	0	0	3
9615	2227	0	3.75585938	6.93420638e-06	5.72436151e-06	1.35455497e-06	9.14683165e-06	7.79227669e-06	3.89143702e-05	0	0	0	0	3
9620	2228	0	3.7578125	6.78282386e-06	5.73387857e-06	1.35455497e-06	9.14683165e-06	7.79227669e-06	3.89143702e-05	0	0	0	0	3
9625	2230	0	3.75976562	6.589885e-06	5.74257715e-06	1.35455497e-06	9.14683165e-06	7.79227669e-06	3.89143702e-05	0	0	0	0	3
9630	2231	0	3.76171875	6.74392911e-06	5.75219317e-06	1.35455497e-06	9.14683165e-06	7.79227669e-06	3.89143702e-05	0	0	0	0	3
9635	2232	0	3.76367188	6.72743399e-06	5.76970796e-06	1.35455497e-06	9.14683165e-06	7.79227669e-06	3.89143702e-05	0	0	0	0	3
9640	2234	0	3.765625	6.66214502e-06	5.78635124e-06	1.35455497e-06	9.14683165e-06	7.79227669e-06	3.89143702e-05	0	0	0	0	3
9645	2235	0	3.76757812	6.52974032e-06	5.80132557e-06	1.35455497e-06	9.14683165e-06	7.79227669e-06	3.89143702e-05	0	0	0	0	3
9650	2237	0	3.76953125	6.45395798e-06	5.81587507e-06	1.35455497e-06	9.14683165e-06	7.79227669e-06	3.89143702e-05	0	0	0	0	3
9655	2238	0	3.77148438	6.49506907e-06	5.83096304e-06	1.35455497e-06	9.14683165e-06	7.79227669e-06	3.89143702e-05	0	0	0	0	3
9660	2239	0	3.7734375	6.59987569e-06	5.84620414e-06	1.35455497e-06	9.14683165e-06	7.79227669e-06	3.89143702e-05	0	0	0	0	3
9665	2241	0	3.77539062	6.40937334e-06	5.86013452e-06	1.35455497e-06	9.14683165e-06	7.79227669e-06	3.89143702e-05	0	0	0	0	3
9670	2242	0	3.77734375	6.32539241e-06	5.87335267e-06	1.35455497e-06	9.14683165e-06	7.79227669e-06	3.89143702e-05	0	0	0	0	3
9675	2243	0	3.77929688	6.25715037e-06	5.88630388e-06	1.35455497e-06	9.14683165e-06	7.79227669e-06	3.89143702e-05	0	0	0	0	3
9680	2245	0	3.78125	6.40925083e-06	5.90021801e-06	1.35455497e-06	9.14683165e-06	7.79227669e-06	3.89143702e-05	0	0	0	0	3
9685	2246	0	3.78320312	6.34050901e-06	5.9139719e-06	1.35455497e-06	9.14683165e-06	7.79227669e-06	3.89143702e-05	0	0	0	0	3
9690	2247	0	3.78515625	5.59780044e-06	5.92444259e-06	1.35455497e-06	9.14683165e-06	7.79227669e-06	3.89143702e-05	0	0	0	0	3
9695	2249	0	3.78710938	5.49775231e-06	5.93449258e-06	1.35455497e-06	9.14683165e-06	7.79227669e-06	3.89143702e-05	0	0	0	0	3
9700	2250	0	3.7890625	5.52241369e-06	5.94539107e-06	1.35455497e-06	9.14683165e-06	7.79227669e-06	3.89143702e-05	0	0	0	0	3
9705	2253	0	3.79101562	5.59722972e-06	5.95688233e-06	1.35455497e-06	9.14683165e-06	7.79227669e-06	3.89143702e-05	0	0	0	0	3
9710	2254	0	3.79296875	5.53526638e-06	5.96811589e-06	1.35455497e-06	9.14683165e-06	7.79227669e-06	3.89143702e-05	0	0	0	0	3
9715	2255	0	3.79492188	5.34603277e-06	5.97844255e-06	1.35455497e-06	9.14683165e-06	7.79227669e-06	3.89143702e-05	0	0	0	0	3
9720	2257	0	3.796875	5.35788184e-06	5.98898354e-06	1.35455497e-06	9.14683165e-06	7.79227669e-06	3.89143702e-05	0	0	0	0	3
9725	2258	0	3.79882812	5.42841635e-06	6.00037093e-06	1.35455497e-06	9.14683165e-06	7.79227669e-06	3.89143702e-05	0	0	0	0	3
9730	2260	0	3.80078125	5.4807062e-06	6.01231849e-06	1.35455497e-06	9.14683165e-06	7.79227669e-06	3.89143702e-05	0	0	0	0	3
9735	2261	0	3.80273438	5.33074178e-06	6.02333206e-06	1.35455497e-06	9.14683165e-06	7.79227669e-06	3.89143702e-05	0	0	0	0	3
9740	2262	0	3.8046875	5.21176652e-06	6.03401935e-06	1.35455497e-06	9.14683165e-06	7.79227669e-06	3.89143702e-05	0	0	0	0	3
9745	2264	0	3.80664062	5.14197894e-06	6.04475035e-06	1.35455497e-06	9.14683165e-06	7.79227669e-06	3.89143702e-05	0	0	0	0	3
9750	2265	0	3.80859375	5.33545031e-06	6.05682402e-06	1.35455497e-06	9.14683165e-06	7.79227669e-06	3.89143702e-05	0	0	0	0	3
9755	2266	0	3.81054688	5.27245073e-06	6.06886115e-06	1.35455497e-06	9.14683165e-06	7.78646146e-06	3.89143702e-05	0	0	0	0	3
9760	2267	0	3.8125	5.14539597e-06	6.08000067e-06	1.35455497e-06	9.14683165e-06	7.75731578e-06	3.89143702e-05	0	0	0	0	3
9765	2269	0	3.81445312	5.04642905e-06	6.09093774e-06	1.35455497e-06	9.14683165e-06	7.72686398e-06	3.89143702e-05	0	0	0	0	3
9770	2270	0	3.81640625	5.03211954e-06	6.10224466e-06	1.35455497e-06	9.14683165e-06	7.69523952e-06	3.89143702e-05	0	0	0	0	3
9775	2271	0	3.81835938	5.09651748e-06	6.11441513e-06	1.35455497e-06	9.14683165e-06	7.66422592e-06	3.89143702e-05	0	0	0	0	3
