Iteration	CPUTime	PhysTime	Travels	Value	AvValue	MinValue	MaxValue	Delta	Criteria	PrevAvRefValue	Progress	CriteriaType	CriteriaVarType	CriteriaPercentage
1	1	0	0.000390625	300	300	300	300	0	0	0	1000	0	0	3
5	2	0	0.001953125	296.6986	298.3493	296.6986	300	1.65069998	0	0	1000	0	0	3
10	3	0	0.00390625	297.3783	298.025633	296.6986	300	1.97436661	0	0	1000	0	0	3
15	5	0	0.005859375	297.2812	297.839525	296.6986	300	2.1604749	0	0	1000	0	0	3
20	6	0	0.0078125	299.029	298.07742	296.6986	300	2.1604749	0	0	1000	0	0	3
25	7	0	0.009765625	295.145	297.588683	295.145	300	2.4113165	0	0	1000	0	0	3
30	8	0	0.01171875	299.3203	297.836057	295.145	300	2.4113165	0	0	1000	0	0	3
35	9	0	0.013671875	295.7276	297.5725	295.145	300	2.42749978	0	0	1000	0	0	3
40	11	0	0.015625	298.7377	297.701967	295.145	300	2.42749978	0	0	1000	0	0	3
45	12	0	0.017578125	297.281201	297.65989	295.145	300	2.42749978	0	0	1000	0	0	3
50	13	0	0.01953125	298.737701	297.757873	295.145	300	2.42749978	0	0	1000	0	0	3
55	15	0	0.021484375	298.640601	297.831434	295.145	300	2.42749978	0	0	1000	0	0	3
60	17	0	0.0234375	299.805801	297.983308	295.145	300	2.42749978	0	0	1000	0	0	3
65	20	0	0.025390625	299.708701	298.10655	295.145	300	2.42749978	0	0	1000	0	0	3
70	23	0	0.02734375	300.000001	298.23278	295.145	300.000001	2.42749978	0	0	1000	0	0	3
75	25	0	0.029296875	300.000001	298.343232	295.145	300.000001	2.42749978	0	0	1000	0	0	3
80	28	0	0.03125	300.000001	298.440689	295.145	300.000001	2.42749978	0	0	1000	0	0	3
85	30	0	0.033203125	300.000001	298.527317	295.145	300.000001	2.42749978	0	0	1000	0	0	3
90	33	0	0.03515625	300.000001	298.604827	295.145	300.000001	2.42749978	0	0	1000	0	0	3
95	35	0	0.037109375	300.000001	298.674585	295.145	300.000001	2.42749978	0	0	1000	0	0	3
100	37	0	0.0390625	300.000001	298.737701	295.145	300.000001	2.42749978	0	0	1000	0	0	3
105	40	0	0.041015625	300.000001	298.795078	295.145	300.000001	2.42749978	0	0	1000	0	0	3
110	43	0	0.04296875	300.000001	298.847466	295.145	300.000001	2.42749978	0	0	1000	0	0	3
115	45	0	0.044921875	300.000001	298.895488	295.145	300.000001	2.42749978	0	0	1000	0	0	3
120	48	0	0.046875	300.000001	298.939669	295.145	300.000001	2.42749978	0	0	1000	0	0	3
125	50	0	0.048828125	300.000001	298.980451	295.145	300.000001	2.42749978	0	0	1000	0	0	3
130	52	0	0.05078125	300.000001	299.018212	295.145	300.000001	2.42749978	0	0	1000	0	0	3
135	54	0	0.052734375	300.000001	299.053276	295.145	300.000001	2.42749978	0	0	1000	0	0	3
140	57	0	0.0546875	300.000001	299.085921	295.145	300.000001	2.42749978	0	0	1000	0	0	3
145	59	0	0.056640625	300.000001	299.116391	295.145	300.000001	2.42749978	0	0	1000	0	0	3
150	61	0	0.05859375	300.000001	299.144894	295.145	300.000001	2.42749978	0	0	1000	0	0	3
155	63	0	0.060546875	300.000001	299.171616	295.145	300.000001	2.42749978	0	0	1000	0	0	3
160	65	0	0.0625	300.000001	299.196719	295.145	300.000001	2.42749978	0	0	1000	0	0	3
165	67	0	0.064453125	300.000001	299.220345	295.145	300.000001	2.42749978	0	0	1000	0	0	3
170	70	0	0.06640625	300.000001	299.242621	295.145	300.000001	2.42749978	0	0	1000	0	0	3
175	72	0	0.068359375	300.000001	299.263659	295.145	300.000001	2.42749978	0	0	1000	0	0	3
180	74	0	0.0703125	300.000001	299.28356	295.145	300.000001	2.42749978	0	0	1000	0	0	3
185	76	0	0.072265625	300.000001	299.302414	295.145	300.000001	2.42749978	0	0	1000	0	0	3
190	78	0	0.07421875	300.000001	299.320301	295.145	300.000001	2.42749978	0	0	1000	0	0	3
195	81	0	0.076171875	300.000001	299.337293	295.145	300.000001	2.42749978	0	0	1000	0	0	3
200	83	0	0.078125	300.000001	299.353457	295.145	300.000001	2.42749978	0	0	1000	0	0	3
205	86	0	0.080078125	300.000001	299.368851	295.145	300.000001	2.42749978	0	0	1000	0	0	3
210	91	0	0.08203125	300.000001	299.383529	295.145	300.000001	2.42749978	0	0	1000	0	0	3
215	93	0	0.083984375	300.000001	299.397539	295.145	300.000001	2.42749978	0	0	1000	0	0	3
220	95	0	0.0859375	300.000001	299.410927	295.145	300.000001	2.42749978	0	0	1000	0	0	3
225	97	0	0.087890625	300.000001	299.423733	295.145	300.000001	2.42749978	0	0	1000	0	0	3
230	99	0	0.08984375	300.000001	299.435994	295.145	300.000001	2.42749978	0	0	1000	0	0	3
235	101	0	0.091796875	300.000001	299.447745	295.145	300.000001	2.42749978	0	0	1000	0	0	3
240	104	0	0.09375	300.000001	299.459015	295.145	300.000001	2.42749978	0	0	1000	0	0	3
245	106	0	0.095703125	300.000001	299.469835	295.145	300.000001	2.42749978	0	0	1000	0	0	3
250	108	0	0.09765625	300.000001	299.48023	295.145	300.000001	2.42749978	0	0	1000	0	0	3
255	110	0	0.099609375	300.000001	299.490226	295.145	300.000001	2.42749978	0	0	1000	0	0	3
260	112	0	0.1015625	300.000001	299.499844	295.145	300.000001	2.42749978	0	0	1000	0	0	3
265	114	0	0.103515625	300.000001	299.509106	295.145	300.000001	2.42749978	0	0	1000	0	0	3
270	116	0	0.10546875	300.000001	299.518032	295.145	300.000001	2.42749978	0	0	1000	0	0	3
275	118	0	0.107421875	300.000001	299.526638	295.145	300.000001	2.42749978	0	0	1000	0	0	3
280	120	0	0.109375	300.000001	299.534943	295.145	300.000001	2.42749978	0	0	1000	0	0	3
285	122	0	0.111328125	300.000001	299.542961	295.145	300.000001	2.42749978	0	0	1000	0	0	3
290	125	0	0.11328125	300.000001	299.550708	295.145	300.000001	2.42749978	0	0	1000	0	0	3
295	127	0	0.115234375	300.000001	299.558196	295.145	300.000001	2.42749978	0	0	1000	0	0	3
300	129	0	0.1171875	300.000001	299.565439	295.145	300.000001	2.42749978	0	0	1000	0	0	3
305	132	0	0.119140625	300.000002	299.572448	295.145	300.000002	2.42749978	0	0	1000	0	0	3
310	134	0	0.12109375	300.000002	299.579234	295.145	300.000002	2.42749978	0	0	1000	0	0	3
315	136	0	0.123046875	300.000002	299.585809	295.145	300.000002	2.42749978	0	0	1000	0	0	3
320	138	0	0.125	300.000002	299.592181	295.145	300.000002	2.42749978	0	0	1000	0	0	3
325	140	0	0.126953125	300.000002	299.59836	295.145	300.000002	2.42749978	0	0	1000	0	0	3
330	142	0	0.12890625	300.000002	299.604355	295.145	300.000002	2.42749978	0	0	1000	0	0	3
335	144	0	0.130859375	300.000002	299.610173	295.145	300.000002	2.42749978	0	0	1000	0	0	3
340	146	0	0.1328125	300.000002	299.615823	295.145	300.000002	2.42749978	0	0	1000	0	0	3
345	148	0	0.134765625	300.000002	299.621311	295.145	300.000002	2.42749978	0	0	1000	0	0	3
350	150	0	0.13671875	300.000002	299.626645	295.145	300.000002	2.42749978	0	0	1000	0	0	3
355	152	0	0.138671875	300.000002	299.63183	295.145	300.000002	2.42749978	0	0	1000	0	0	3
360	154	0	0.140625	300.000002	299.636874	295.145	300.000002	2.42749978	0	0	1000	0	0	3
365	156	0	0.142578125	300.000002	299.641781	295.145	300.000002	2.42749978	0	0	1000	0	0	3
370	158	0	0.14453125	300.000002	299.646557	295.145	300.000002	2.42749978	0	0	1000	0	0	3
375	160	0	0.146484375	300.000002	299.651208	295.145	300.000002	2.42749978	0	0	1000	0	0	3
380	162	0	0.1484375	300.000002	299.655737	295.145	300.000002	2.42749978	0	0	1000	0	0	3
385	164	0	0.150390625	300.000002	299.660151	295.145	300.000002	2.42749978	0	0	1000	0	0	3
390	166	0	0.15234375	300.000002	299.664453	295.145	300.000002	2.42749978	0	0	1000	0	0	3
395	168	0	0.154296875	300.000002	299.668647	295.145	300.000002	2.42749978	0	0	1000	0	0	3
400	170	0	0.15625	300.000002	299.672738	295.145	300.000002	2.42749978	0	0	1000	0	0	3
405	173	0	0.158203125	300.000002	299.676729	295.145	300.000002	2.42749978	0	0	1000	0	0	3
410	175	0	0.16015625	300.000002	299.680624	295.145	300.000002	2.42749978	0	0	1000	0	0	3
415	177	0	0.162109375	300.000002	299.684426	295.145	300.000002	2.42749978	0	0	1000	0	0	3
420	179	0	0.1640625	300.000002	299.688139	295.145	300.000002	2.42749978	0	0	1000	0	0	3
425	181	0	0.166015625	300.000002	299.691765	295.145	300.000002	2.42749978	0	0	1000	0	0	3
430	183	0	0.16796875	300.000002	299.695308	295.145	300.000002	2.42749978	0	0	1000	0	0	3
435	185	0	0.169921875	300.000002	299.69877	295.145	300.000002	2.42749978	0	0	1000	0	0	3
440	187	0	0.171875	300.000002	299.702155	295.145	300.000002	2.42749978	0	0	1000	0	0	3
445	189	0	0.173828125	300.000002	299.705465	295.145	300.000002	2.42749978	0	0	1000	0	0	3
450	191	0	0.17578125	300.000002	299.708701	295.145	300.000002	2.42749978	0	0	1000	0	0	3
455	192	0	0.177734375	300.000002	299.711868	295.145	300.000002	2.42749978	0	0	1000	0	0	3
460	195	0	0.1796875	300.000002	299.714966	295.145	300.000002	2.42749978	0	0	1000	0	0	3
465	196	0	0.181640625	300.000002	299.717998	295.145	300.000002	2.42749978	0	0	1000	0	0	3
470	198	0	0.18359375	300.000002	299.720966	295.145	300.000002	2.42749978	0	0	1000	0	0	3
475	200	0	0.185546875	300.000002	299.723873	295.145	300.000002	2.42749978	0	0	1000	0	0	3
480	202	0	0.1875	300.000002	299.72672	295.145	300.000002	2.42749978	0	0	1000	0	0	3
485	204	0	0.189453125	300.000002	299.729508	295.145	300.000002	2.42749978	0	0	1000	0	0	3
490	205	0	0.19140625	300.000002	299.732241	295.145	300.000002	2.42749978	0	0	1000	0	0	3
495	207	0	0.193359375	300.000002	299.734918	295.145	300.000002	2.42749978	0	0	1000	0	0	3
500	209	0	0.1953125	300.000002	299.737543	295.145	300.000002	2.42749978	0	0	1000	0	0	3
505	212	0	0.197265625	300.000002	299.740116	295.145	300.000002	2.42749978	0	0	1000	0	0	3
510	214	0	0.19921875	300.000002	299.742639	295.145	300.000002	2.42749978	0	0	1000	0	0	3
515	216	0	0.201171875	300.000002	299.745114	295.145	300.000002	2.42749978	0	0	1000	0	0	3
520	218	0	0.203125	300.000002	299.747541	295.145	300.000002	2.42749978	0	0	1000	0	0	3
525	219	0	0.205078125	300.000002	299.749923	295.145	300.000002	2.42749978	0	0	1000	0	0	3
530	221	0	0.20703125	300.000002	299.75226	295.145	300.000002	2.42749978	0	0	1000	0	0	3
535	223	0	0.208984375	300.000002	299.754554	295.145	300.000002	2.42749978	0	0	1000	0	0	3
540	225	0	0.2109375	300.000002	299.756806	295.145	300.000002	2.42749978	0	0	1000	0	0	3
545	227	0	0.212890625	300.000002	299.759017	295.145	300.000002	2.42749978	0	0	1000	0	0	3
550	228	0	0.21484375	300.000002	299.761188	295.145	300.000002	2.42749978	0	0	1000	0	0	3
555	230	0	0.216796875	300.000002	299.76332	295.145	300.000002	2.42749978	0	0	1000	0	0	3
560	232	0	0.21875	300.000002	299.765415	295.145	300.000002	2.42749978	0	0	1000	0	0	3
565	233	0	0.220703125	300.000002	299.767472	295.145	300.000002	2.42749978	0	0	1000	0	0	3
570	235	0	0.22265625	300.000002	299.769494	295.145	300.000002	2.42749978	0	0	1000	0	0	3
575	236	0	0.224609375	300.000002	299.771481	295.145	300.000002	2.42749978	0	0	1000	0	0	3
580	238	0	0.2265625	300.000002	299.773435	295.145	300.000002	2.42749978	0	0	1000	0	0	3
585	240	0	0.228515625	300.000002	299.775355	295.145	300.000002	2.42749978	0	0	1000	0	0	3
590	241	0	0.23046875	300.000002	299.777243	295.145	300.000002	2.42749978	0	0	1000	0	0	3
595	243	0	0.232421875	300.000002	299.779099	295.145	300.000002	2.42749978	0	0	1000	0	0	3
600	244	0	0.234375	300.000002	299.780924	295.145	300.000002	2.42749978	0	0	1000	0	0	3
605	247	0	0.236328125	300.000002	299.78272	295.145	300.000002	2.42749978	0	0	1000	0	0	3
610	248	0	0.23828125	300.000002	299.784487	295.145	300.000002	2.42749978	0	0	1000	0	0	3
615	250	0	0.240234375	300.000002	299.786225	295.145	300.000002	2.42749978	0	0	1000	0	0	3
620	252	0	0.2421875	300.000002	299.787935	295.145	300.000002	2.42749978	0	0	1000	0	0	3
625	253	0	0.244140625	300.000002	299.789618	295.145	300.000002	2.42749978	0	0	1000	0	0	3
630	254	0	0.24609375	300.000002	299.791275	295.145	300.000002	2.42749978	0	0	1000	0	0	3
635	256	0	0.248046875	300.000002	299.792905	295.145	300.000002	2.42749978	0	0	1000	0	0	3
640	258	0	0.25	300.000002	299.794511	295.145	300.000002	2.42749978	0	0	1000	0	0	3
645	259	0	0.251953125	300.000002	299.796091	295.145	300.000002	2.42749978	0	0	1000	0	0	3
650	260	0	0.25390625	300.000002	299.797648	295.145	300.000002	2.42749978	0	0	1000	0	0	3
655	262	0	0.255859375	300.000002	299.799181	295.145	300.000002	2.42749978	0	0	1000	0	0	3
660	263	0	0.2578125	300.000002	299.800691	295.145	300.000002	2.42749978	0	0	1000	0	0	3
665	264	0	0.259765625	300.000002	299.802178	295.145	300.000002	2.42749978	0	0	1000	0	0	3
670	266	0	0.26171875	300.000002	299.803644	295.145	300.000002	2.42749978	0	0	1000	0	0	3
675	267	0	0.263671875	300.000002	299.805087	295.145	300.000002	2.42749978	0	0	1000	0	0	3
680	269	0	0.265625	300.000002	299.80651	295.145	300.000002	2.42749978	0	0	1000	0	0	3
685	270	0	0.267578125	300.000003	299.807912	295.145	300.000003	2.42749978	0	0	1000	0	0	3
690	271	0	0.26953125	300.000003	299.809294	295.145	300.000003	2.42749978	0	0	1000	0	0	3
695	272	0	0.271484375	300.000003	299.810656	295.145	300.000003	2.42749978	0	0	1000	0	0	3
700	274	0	0.2734375	300.000003	299.811999	295.145	300.000003	2.42749978	0	0	1000	0	0	3
705	276	0	0.275390625	300.000004	299.813323	295.145	300.000004	2.42749978	0	0	1000	0	0	3
710	277	0	0.27734375	300.000004	299.814629	295.145	300.000004	2.42749978	0	0	1000	0	0	3
715	278	0	0.279296875	300.000005	299.815916	295.145	300.000005	2.42749978	0	0	1000	0	0	3
720	279	0	0.28125	300.000006	299.817186	295.145	300.000006	2.42749978	0	0	1000	0	0	3
725	281	0	0.283203125	300.000007	299.818438	295.145	300.000007	2.42749978	0	0	1000	0	0	3
730	282	0	0.28515625	300.000021	299.819673	295.145	300.000021	2.42749978	0	0	0	0	0	3
735	283	0	0.287109375	300.000026	299.820892	295.145	300.000026	2.42749978	0	0	0	0	0	3
740	284	0	0.2890625	300.000033	299.822094	295.145	300.000033	2.42749978	0	0	0	0	0	3
745	285	0	0.291015625	300.000041	299.82328	295.145	300.000041	2.42749978	0	0	0	0	0	3
750	286	0	0.29296875	300.000052	299.824451	295.145	300.000052	2.42749978	0	0	0	0	0	3
755	288	0	0.294921875	300.000065	299.825606	295.145	300.000065	2.42749978	0	0	0	0	0	3
760	289	0	0.296875	300.000082	299.826747	295.145	300.000082	2.42749978	0	0	0	0	0	3
765	290	0	0.298828125	300.000103	299.827872	295.145	300.000103	2.42749978	0	0	0	0	0	3
770	291	0	0.30078125	300.000129	299.828984	295.145	300.000129	2.42749978	0	0	0	0	0	3
775	292	0	0.302734375	300.000162	299.830081	295.145	300.000162	2.42749978	0	0	0	0	0	3
780	293	0	0.3046875	300.000202	299.831165	295.145	300.000202	2.42749978	0	0	0	0	0	3
785	294	0	0.306640625	300.000251	299.832235	295.145	300.000251	2.42749978	0	0	0	0	0	3
790	295	0	0.30859375	300.000312	299.833292	295.145	300.000312	2.42749978	0	0	0	0	0	3
795	296	0	0.310546875	300.000386	299.834336	295.145	300.000386	2.42749978	0	0	0	0	0	3
800	297	0	0.3125	300.000476	299.835368	295.145	300.000476	2.42749978	0	0	0	0	0	3
805	299	0	0.314453125	300.000585	299.836388	295.145	300.000585	2.42749978	0	0	0	0	0	3
810	300	0	0.31640625	300.000717	299.837396	295.145	300.000717	2.42749978	0	0	0	0	0	3
815	301	0	0.318359375	300.000876	299.838393	295.145	300.000876	2.42749978	0	0	0	0	0	3
820	302	0	0.3203125	300.001066	299.839379	295.145	300.001066	2.42749978	0	0	0	0	0	3
825	303	0	0.322265625	300.001294	299.840354	295.145	300.001294	2.42749978	0	0	0	0	0	3
830	304	0	0.32421875	300.001564	299.84132	295.145	300.001564	2.42749978	0	0	0	0	0	3
835	305	0	0.326171875	300.001885	299.842275	295.145	300.001885	2.42749978	0	0	0	0	0	3
840	306	0	0.328125	300.002261	299.843222	295.145	300.002261	2.42749978	0	0	0	0	0	3
845	307	0	0.330078125	300.002707	299.84416	295.145	300.002707	2.42749978	0	0	0	0	0	3
850	307	0	0.33203125	300.003233	299.84509	295.145	300.003233	2.42749978	0	0	0	0	0	3
855	308	0	0.333984375	300.003844	299.846013	295.145	300.003844	2.42749978	0	0	0	0	0	3
860	309	0	0.3359375	300.004561	299.84693	295.145	300.004561	2.42749978	0	0	0	0	0	3
865	310	0	0.337890625	300.005399	299.847841	295.145	300.005399	2.42749978	0	0	0	0	0	3
870	311	0	0.33984375	300.006376	299.848747	295.145	300.006376	2.42749978	0	0	0	0	0	3
875	312	0	0.341796875	300.007512	299.849649	295.145	300.007512	2.42749978	0	0	0	0	0	3
880	313	0	0.34375	300.008834	299.850548	295.145	300.008834	2.42749978	0	0	0	0	0	3
885	314	0	0.345703125	300.010369	299.851446	295.145	300.010369	2.42749978	0	0	0	0	0	3
890	315	0	0.34765625	300.012157	299.852344	295.145	300.012157	2.42749978	0	0	0	0	0	3
895	315	0	0.349609375	300.014235	299.853243	295.145	300.014235	2.42749978	0	0	0	0	0	3
900	316	0	0.3515625	300.016652	299.854146	295.145	300.016652	2.42749978	0	0	0	0	0	3
905	318	0	0.353515625	300.019464	299.855054	295.145	300.019464	2.42749978	0	0	0	0	0	3
910	319	0	0.35546875	300.022734	299.85597	295.145	300.022734	2.42749978	0	0	0	0	0	3
915	320	0	0.357421875	300.026543	299.856898	295.145	300.026543	2.42749978	0	0	0	0	0	3
920	321	0	0.359375	300.030978	299.857838	295.145	300.030978	2.42749978	0	0	0	0	0	3
925	321	0	0.361328125	300.036154	299.858797	295.145	300.036154	2.42749978	0	0	0	0	0	3
930	322	0	0.36328125	300.042194	299.859778	295.145	300.042194	2.42749978	0	0	0	0	0	3
935	323	0	0.365234375	300.051373	299.860797	295.145	300.051373	2.42749978	0	0	0	0	0	3
940	324	0	0.3671875	300.061382	299.861858	295.145	300.061382	2.42749978	0	0	0	0	0	3
945	325	0	0.369140625	300.072622	299.862968	295.145	300.072622	2.42749978	0	0	0	0	0	3
950	325	0	0.37109375	300.089735	299.864155	295.145	300.089735	2.42749978	0	0	0	0	0	3
955	326	0	0.373046875	300.10625	299.865416	295.145	300.10625	2.42749978	0	0	0	0	0	3
960	327	0	0.375	300.123524	299.866753	295.145	300.123524	2.42749978	0	0	0	0	0	3
965	328	0	0.376953125	300.142511	299.868175	295.145	300.142511	2.42749978	0	0	0	0	0	3
970	329	0	0.37890625	300.162873	299.869686	295.145	300.162873	2.42749978	0	0	0	0	0	3
975	329	0	0.380859375	300.185045	299.871295	295.145	300.185045	2.42749978	0	0	0	0	0	3
980	330	0	0.3828125	300.208257	299.873005	295.145	300.208257	2.42749978	0	0	0	0	0	3
985	331	0	0.384765625	300.234379	299.87483	295.145	300.234379	2.42749978	0	0	0	0	0	3
990	332	0	0.38671875	300.26451	299.876789	295.145	300.26451	2.42749978	0	0	0	0	0	3
995	333	0	0.388671875	300.29848	299.878897	295.145	300.29848	2.42749978	0	0	0	0	0	3
1000	333	0	0.390625	300.33946	299.881188	295.145	300.33946	2.42749978	0	0	0	0	0	3
1005	335	0	0.392578125	300.385218	299.883684	295.145	300.385218	2.42749978	0	0	0	0	0	3
1010	336	0	0.39453125	300.44026	299.886425	295.145	300.44026	2.42749978	0	0	0	0	0	3
1015	337	0	0.396484375	300.504052	299.889453	295.145	300.504052	2.42749978	0	0	0	0	0	3
1020	338	0	0.3984375	300.578234	299.892813	295.145	300.578234	2.42749978	0	0	0	0	0	3
1025	339	0	0.400390625	300.665476	299.896564	295.145	300.665476	2.42749978	0	0	0	0	0	3
1030	339	0	0.40234375	300.766221	299.900765	295.145	300.766221	2.42749978	0	0	0	0	0	3
1035	340	0	0.404296875	300.884719	299.905495	295.145	300.884719	2.42749978	0	0	0	0	0	3
1040	341	0	0.40625	301.021632	299.910836	295.145	301.021632	2.42749978	0	0	0	0	0	3
1045	342	0	0.408203125	301.182155	299.91689	295.145	301.182155	2.42749978	0	0	0	0	0	3
1050	343	0	0.41015625	301.369566	299.923774	295.145	301.369566	2.42749978	0	0	0	0	0	3
1055	343	0	0.412109375	301.590021	299.931634	295.145	301.590021	2.42749978	0	0	0	0	0	3
1060	344	0	0.4140625	301.850834	299.940644	295.145	301.850834	2.42749978	0	0	0	0	0	3
1065	345	0	0.416015625	302.155899	299.950996	295.145	302.155899	2.42749978	0	0	0	0	0	3
1070	346	0	0.41796875	302.52101	299.96295	295.145	302.52101	2.42749978	0	0	0	0	0	3
1075	347	0	0.419921875	302.961035	299.97683	295.145	302.961035	2.42749978	0	0	0	0	0	3
1080	347	0	0.421875	303.484487	299.992994	295.145	303.484487	2.42749978	0	0	0	0	0	3
1085	348	0	0.423828125	304.124126	300.011944	295.145	304.124126	2.43944388	0	0	0	0	0	3
1090	349	0	0.42578125	304.919481	300.034353	295.145	304.919481	2.46185272	0	0	0	0	0	3
1095	350	0	0.427734375	305.878996	300.06092	295.145	305.878996	2.48841928	0	0	0	0	0	3
1100	351	0	0.4296875	307.05832	300.092582	295.145	307.05832	2.52008173	0	0	0	0	0	3
1105	352	0	0.431640625	308.56977	300.130767	295.145	308.56977	2.55826726	0	0	0	0	0	3
1110	353	0	0.43359375	310.371142	300.176688	295.145	310.371142	2.60418822	0	0	0	0	0	3
1115	354	0	0.435546875	312.371118	300.231128	295.145	312.371118	2.65862763	0	0	0	0	0	3
1120	355	0	0.4375	315.019475	300.296854	295.145	315.019475	2.72435362	0	0	0	0	0	3
1125	356	0	0.439453125	318.086456	300.375569	295.145	318.086456	2.80306868	0	0	0	0	0	3
1130	356	0	0.44140625	320.3415	300.463525	295.145	320.3415	2.89102432	0	0	0	0	0	3
1135	357	0	0.443359375	316.975153	300.535944	295.145	320.3415	2.96344374	0	0	0	0	0	3
1140	358	0	0.4453125	336.490363	300.69295	295.145	336.490363	3.12044994	0	0	0	0	0	3
1145	359	0	0.447265625	303.876625	300.706792	295.145	336.490363	3.13429201	0	0	0	0	0	3
1150	360	0	0.44921875	249.282884	300.484178	249.282884	336.490363	3.13429201	0	0	0	0	0	3
1155	361	0	0.451171875	219.469613	300.134977	219.469613	336.490363	3.13429201	0	0	0	0	0	3
1160	361	0	0.453125	193.605722	299.67777	193.605722	336.490363	3.13429201	0	0	0	0	0	3
1165	362	0	0.455078125	170.4999	299.125728	170.4999	336.490363	3.13429201	0	0	0	0	0	3
1170	363	0	0.45703125	160.242793	298.534737	160.242793	336.490363	3.13429201	0	0	0	0	0	3
1175	364	0	0.458984375	153.980448	297.922219	153.980448	336.490363	3.13429201	0	0	0	0	0	3
1180	365	0	0.4609375	148.303495	297.290916	148.303495	336.490363	3.41587633	0	0	0	0	0	3
1185	366	0	0.462890625	137.890624	296.621167	137.890624	336.490363	4.08562546	0	0	0	0	0	3
1190	366	0	0.46484375	123.489925	295.896768	123.489925	336.490363	4.81002396	0	0	0	0	0	3
1195	367	0	0.466796875	110.733938	295.125256	110.733938	336.490363	5.58153575	0	0	0	0	0	3
1200	368	0	0.46875	98.6745073	294.310108	98.6745073	336.490363	6.39668409	0	0	0	0	0	3
1205	370	0	0.470703125	88.2787227	293.458739	88.2787227	336.490363	7.24805345	0	0	0	0	0	3
1210	371	0	0.47265625	79.2499919	292.577221	79.2499919	336.490363	8.12957093	0	0	0	0	0	3
1215	372	0	0.474609375	72.0660953	291.673487	72.0660953	336.490363	9.03330505	0	0	0	0	0	3
1220	373	0	0.4765625	65.6753918	290.751046	65.6753918	336.490363	9.95574625	0	0	0	0	0	3
1225	374	0	0.478515625	60.1020421	289.813448	60.1020421	336.490363	10.8933438	0	0	0	0	0	3
1230	374	0	0.48046875	56.7395151	288.869829	56.7395151	336.490363	11.836963	0	0	0	0	0	3
1235	375	0	0.482421875	54.9571451	287.926633	54.9571451	336.490363	12.7801593	0	0	0	0	0	3
1240	376	0	0.484375	53.4351533	286.9849	53.4351533	336.490363	13.7218922	0	0	0	0	0	3
1245	377	0	0.486328125	52.8867147	286.048507	52.8867147	336.490363	14.6582849	0	0	0	0	0	3
1250	378	0	0.48828125	52.3828169	285.117568	52.3828169	336.490363	15.5892239	0	0	0	0	0	3
1255	379	0	0.490234375	51.608681	284.190946	51.608681	336.490363	16.5158465	0	0	0	0	0	3
1260	380	0	0.4921875	51.1312919	283.269761	51.1312919	336.490363	17.4370309	0	0	0	0	0	3
1265	380	0	0.494140625	50.4987768	282.35334	50.4987768	336.490363	18.3534521	0	0	0	0	0	3
1270	381	0	0.49609375	50.4033875	281.443733	50.4033875	336.490363	19.2630597	0	0	0	0	0	3
1275	382	0	0.498046875	50.2680467	280.540702	50.2680467	336.490363	20.1660897	0	0	0	0	0	3
1280	383	0	0.5	50.1458342	279.644224	50.1458342	336.490363	21.0625678	0	0	0	0	0	3
1285	384	0	0.501953125	49.8300177	278.600379	49.8300177	336.490363	22.106413	0	0	0	0	0	3
1290	385	0	0.50390625	49.6829979	277.632819	49.6829979	336.490363	23.0739728	0	0	0	0	0	3
1295	385	0	0.505859375	48.8882701	276.662535	48.8882701	336.490363	24.0442576	0	0	0	0	0	3
1300	386	0	0.5078125	48.8931664	275.685441	48.8882701	336.490363	25.0213507	0	0	0	0	0	3
1305	388	0	0.509765625	48.9389115	274.723699	48.8882701	336.490363	25.9830933	0	0	0	0	0	3
1310	389	0	0.51171875	48.8580282	273.745331	48.8580282	336.490363	26.9614615	0	0	0	0	0	3
1315	390	0	0.513671875	48.7626391	272.780624	48.7626391	336.490363	27.9261684	0	0	0	0	0	3
1320	391	0	0.515625	48.769851	271.804187	48.7626391	336.490363	28.9026053	0	0	0	0	0	3
1325	392	0	0.517578125	48.6494219	270.832969	48.6494219	336.490363	29.8738232	0	0	0	0	0	3
1330	392	0	0.51953125	48.4180804	269.855158	48.4180804	336.490363	30.8516342	0	0	0	0	0	3
1335	393	0	0.521484375	48.021827	268.876178	48.021827	336.490363	31.8306138	0	0	0	0	0	3
1340	394	0	0.5234375	47.6819211	267.89132	47.6819211	336.490363	32.8154727	0	0	0	0	0	3
1345	395	0	0.525390625	47.7519918	266.907114	47.6819211	336.490363	33.7996786	0	0	0	0	0	3
1350	396	0	0.52734375	47.7571739	265.92179	47.6819211	336.490363	34.7850021	0	0	0	0	0	3
1355	397	0	0.529296875	47.6521097	264.936056	47.6521097	336.490363	35.7707361	0	0	0	0	0	3
1360	397	0	0.53125	47.5215703	263.949812	47.5215703	336.490363	36.75698	0	0	0	0	0	3
1365	398	0	0.533203125	47.8598396	262.96489	47.5215703	336.490363	37.7419025	0	0	0	0	0	3
1370	399	0	0.53515625	48.1703433	261.98118	47.5215703	336.490363	38.7256121	0	0	0	0	0	3
1375	400	0	0.537109375	48.2211862	260.997669	47.5215703	336.490363	39.7091231	0	0	0	0	0	3
1380	401	0	0.5390625	48.1262615	260.013787	47.5215703	336.490363	40.6930049	0	0	0	0	0	3
1385	402	0	0.541015625	48.0746164	259.029704	47.5215703	336.490363	41.6770884	0	0	0	0	0	3
1390	402	0	0.54296875	47.8945425	258.044917	47.5215703	336.490363	42.6618753	0	0	0	0	0	3
1395	403	0	0.544921875	47.7781223	257.059675	47.5215703	336.490363	43.6471171	0	0	0	0	0	3
1400	404	0	0.546875	47.6447628	256.073913	47.5215703	336.490363	44.6328797	0	0	0	0	0	3
1405	406	0	0.548828125	47.660791	255.088212	47.5215703	336.490363	45.6185797	0	0	0	0	0	3
1410	407	0	0.55078125	47.8734774	254.103343	47.5215703	336.490363	46.603449	0	0	0	0	0	3
1415	408	0	0.552734375	48.069331	253.119239	47.5215703	336.490363	47.5875532	0	0	0	0	0	3
1420	409	0	0.5546875	48.0720298	252.135145	47.5215703	336.490363	48.5716468	0	0	0	0	0	3
1425	410	0	0.556640625	48.0027667	251.150781	47.5215703	336.490363	49.556011	0	0	0	0	0	3
1430	410	0	0.55859375	48.0571185	250.166629	47.5215703	336.490363	50.5401629	0	0	0	0	0	3
1435	411	0	0.560546875	48.2048054	249.183054	47.5215703	336.490363	51.5237379	0	0	0	0	0	3
1440	412	0	0.5625	48.3799831	248.200164	47.5215703	336.490363	52.5066285	0	0	0	0	0	3
1445	413	0	0.564453125	48.5390887	247.217894	47.5215703	336.490363	53.4888977	0	0	0	0	0	3
1450	414	0	0.56640625	48.664198	246.236114	47.5215703	336.490363	54.4706782	0	0	0	0	0	3
1455	415	0	0.568359375	48.8150517	245.254923	47.5215703	336.490363	55.4518694	0	0	0	0	0	3
1460	416	0	0.5703125	49.0294059	244.274569	47.5215703	336.490363	56.4322233	0	0	0	0	0	3
1465	416	0	0.572265625	49.2073055	243.29491	47.5215703	336.490363	57.4118823	0	0	0	0	0	3
1470	417	0	0.57421875	49.2376237	242.315369	47.5215703	336.490363	58.3914228	0	0	0	0	0	3
1475	418	0	0.576171875	49.1297206	241.335407	47.5215703	336.490363	59.3713849	0	0	0	0	0	3
1480	419	0	0.578125	48.9304531	240.354667	47.5215703	336.490363	60.3521253	0	0	0	0	0	3
1485	420	0	0.580078125	48.8638095	239.373666	47.5215703	336.490363	61.333126	0	0	0	0	0	3
1490	421	0	0.58203125	49.0242832	238.393292	47.5215703	336.490363	62.3134999	0	0	0	0	0	3
1495	422	0	0.583984375	49.329345	237.41411	47.5215703	336.490363	63.2926822	0	0	0	0	0	3
1500	422	0	0.5859375	49.7122533	236.436424	47.5215703	336.490363	64.2703687	0	0	0	0	0	3
1505	425	0	0.587890625	50.0415432	235.460023	47.5215703	336.490363	65.2467689	0	0	0	0	0	3
1510	425	0	0.58984375	50.2222108	234.484329	47.5215703	336.490363	66.2224634	0	0	0	0	0	3
1515	426	0	0.591796875	50.2549137	233.508762	47.5215703	336.490363	67.1980302	0	0	0	0	0	3
1520	427	0	0.59375	50.1945579	232.53296	47.5215703	336.490363	68.1738327	0	0	0	0	0	3
1525	428	0	0.595703125	50.1351077	231.556925	47.5215703	336.490363	69.1498674	0	0	0	0	0	3
1530	429	0	0.59765625	50.1929466	230.581116	47.5215703	336.490363	70.1256762	0	0	0	0	0	3
1535	430	0	0.599609375	50.3690015	229.605995	47.5215703	336.490363	71.1007973	0	0	0	0	0	3
1540	431	0	0.6015625	50.5902798	228.631738	47.5215703	336.490363	72.075054	0	0	0	0	0	3
1545	431	0	0.603515625	50.8506418	227.658498	47.5215703	336.490363	73.0482937	0	0	0	0	0	3
1550	432	0	0.60546875	51.0529835	226.686049	47.5215703	336.490363	74.020743	0	0	0	0	0	3
1555	433	0	0.607421875	51.2105267	225.714215	47.5215703	336.490363	74.9925769	0	0	0	0	0	3
1560	434	0	0.609375	51.3296928	224.742847	47.5215703	336.490363	75.9639453	0	0	0	0	0	3
1565	435	0	0.611328125	51.4492379	223.771946	47.5215703	336.490363	76.9348467	0	0	0	0	0	3
1570	436	0	0.61328125	51.5588824	222.801472	47.5215703	336.490363	77.9053198	0	0	0	0	0	3
1575	437	0	0.615234375	51.6563463	221.83138	47.5215703	336.490363	78.8754122	0	0	0	0	0	3
1580	437	0	0.6171875	51.732427	220.861585	47.5215703	336.490363	79.8452075	0	0	0	0	0	3
1585	438	0	0.619140625	51.7876576	219.892005	47.5215703	336.490363	80.8147869	0	0	0	0	0	3
1590	439	0	0.62109375	51.8649112	218.922728	47.5215703	336.490363	81.7840646	0	0	0	0	0	3
1595	440	0	0.623046875	51.9658157	217.953844	47.5215703	336.490363	82.7529482	0	0	0	0	0	3
1600	441	0	0.625	52.0501255	216.98529	47.5215703	336.490363	83.7215024	0	0	0	0	0	3
1605	443	0	0.626953125	52.0863795	216.016877	47.5215703	336.490363	84.6899149	0	0	0	0	0	3
1610	444	0	0.62890625	52.0829305	215.048451	47.5215703	336.490363	85.658341	0	0	0	0	0	3
1615	445	0	0.630859375	52.0676007	214.079965	47.5215703	336.490363	86.6268269	0	0	0	0	0	3
1620	446	0	0.6328125	52.0491164	213.111407	47.5215703	336.490363	87.5953851	0	0	0	0	0	3
1625	446	0	0.634765625	52.0013755	212.142663	47.5215703	336.490363	88.5641297	0	0	0	0	0	3
1630	447	0	0.63671875	52.0060757	211.173936	47.5215703	336.490363	89.532856	0	0	0	0	0	3
1635	448	0	0.638671875	52.0542908	210.205398	47.5215703	336.490363	90.5013939	0	0	0	0	0	3
1640	449	0	0.640625	52.1421271	209.237203	47.5215703	336.490363	91.4695888	0	0	0	0	0	3
1645	450	0	0.642578125	52.2298012	208.269351	47.5215703	336.490363	92.4374411	0	0	0	0	0	3
1650	451	0	0.64453125	52.3312367	207.301895	47.5215703	336.490363	93.4048972	0	0	0	0	0	3
1655	452	0	0.646484375	52.4394457	206.334862	47.5215703	336.490363	94.3719306	0	0	0	0	0	3
1660	453	0	0.6484375	52.5269439	205.36817	47.5215703	336.490363	95.3386223	0	0	0	0	0	3
1665	453	0	0.650390625	52.6071299	204.401792	47.5215703	336.490363	96.3050007	0	0	0	0	0	3
1670	454	0	0.65234375	52.6532968	203.435593	47.5215703	336.490363	97.2711987	0	0	0	0	0	3
1675	455	0	0.654296875	52.6602374	202.469423	47.5215703	336.490363	98.2373697	0	0	0	0	0	3
1680	456	0	0.65625	52.6585908	201.503245	47.5215703	336.490363	99.2035471	0	0	0	0	0	3
1685	457	0	0.658203125	52.6598821	200.537073	47.5215703	336.490363	100.169719	0	0	0	0	0	3
1690	458	0	0.66015625	52.6588726	199.570897	47.5215703	336.490363	101.135896	0	0	0	0	0	3
1695	458	0	0.662109375	52.6418593	198.604654	47.5215703	336.490363	102.102138	0	0	0	0	0	3
1700	459	0	0.6640625	52.6289171	197.63836	47.5215703	336.490363	103.068432	0	0	0	0	0	3
1705	461	0	0.666015625	52.6419385	196.672118	47.5215703	336.490363	104.034674	0	0	0	0	0	3
1710	462	0	0.66796875	52.6726735	195.705996	47.5215703	336.490363	105.000797	0	0	0	0	0	3
1715	463	0	0.669921875	52.7323376	194.740106	47.5215703	336.490363	105.966686	0	0	0	0	0	3
1720	464	0	0.671875	52.7964588	193.774468	47.5215703	336.490363	106.932325	0	0	0	0	0	3
1725	465	0	0.673828125	52.8654305	192.809098	47.5215703	336.490363	107.897694	0	0	0	0	0	3
1730	466	0	0.67578125	52.9225469	191.843952	47.5215703	336.490363	108.86284	0	0	0	0	0	3
1735	466	0	0.677734375	52.9207812	190.878799	47.5215703	336.490363	109.827994	0	0	0	0	0	3
1740	467	0	0.6796875	52.9237864	189.913657	47.5215703	336.490363	110.793135	0	0	0	0	0	3
1745	468	0	0.681640625	52.9556485	188.94864	47.5215703	336.490363	111.758152	0	0	0	0	0	3
1750	469	0	0.68359375	53.0131928	187.983848	47.5215703	336.490363	112.722944	0	0	0	0	0	3
1755	470	0	0.685546875	53.0715171	187.019284	47.5215703	336.490363	113.687509	0	0	0	0	0	3
1760	471	0	0.6875	53.1346593	186.054966	47.5215703	336.490363	114.651826	0	0	0	0	0	3
1765	472	0	0.689453125	53.2142294	185.090959	47.5215703	336.490363	115.615833	0	0	0	0	0	3
1770	472	0	0.69140625	53.3069856	184.127314	47.5215703	336.490363	116.579478	0	0	0	0	0	3
1775	473	0	0.693359375	53.4177901	183.164102	47.5215703	336.490363	117.54269	0	0	0	0	0	3
1780	474	0	0.6953125	53.5496627	182.201406	47.5215703	336.490363	118.505386	0	0	0	0	0	3
1785	475	0	0.697265625	53.6968749	181.239284	47.5215703	336.490363	119.467508	0	0	0	0	0	3
1790	476	0	0.69921875	53.8150387	180.277624	47.5215703	336.490363	120.429168	0	0	0	0	0	3
1795	477	0	0.701171875	53.9177025	179.316365	47.5215703	336.490363	121.390427	0	0	0	0	0	3
1800	478	0	0.703125	54.0122935	178.355476	47.5215703	336.490363	122.351316	0	0	0	0	0	3
1805	479	0	0.705078125	54.1223948	177.395016	47.5215703	336.490363	123.311776	0	0	0	0	0	3
1810	480	0	0.70703125	54.2472557	176.435045	47.5215703	336.490363	124.271748	0	0	0	0	0	3
1815	481	0	0.708984375	54.3874138	175.475621	47.5215703	336.490363	125.231172	0	0	0	0	0	3
1820	482	0	0.7109375	54.5349685	174.516773	47.5215703	336.490363	126.190019	0	0	0	0	0	3
1825	483	0	0.712890625	54.6620217	173.558421	47.5215703	336.490363	127.148371	0	0	0	0	0	3
1830	484	0	0.71484375	54.7778788	172.600522	47.5215703	336.490363	128.10627	0	0	0	0	0	3
1835	485	0	0.716796875	54.891974	171.643069	47.5215703	336.490363	129.063723	0	0	0	0	0	3
1840	485	0	0.71875	55.0100571	170.686077	47.5215703	336.490363	130.020715	0	0	0	0	0	3
1845	486	0	0.720703125	55.1317869	169.729561	47.5215703	336.490363	130.977232	0	0	0	0	0	3
1850	487	0	0.72265625	55.2617961	168.773552	47.5215703	336.490363	131.93324	0	0	0	0	0	3
1855	488	0	0.724609375	55.3672593	167.817955	47.5215703	336.490363	132.888837	0	0	0	0	0	3
1860	489	0	0.7265625	55.472784	166.862771	47.5215703	336.490363	133.844021	0	0	0	0	0	3
1865	490	0	0.728515625	55.583416	165.908019	47.5215703	336.490363	134.798774	0	0	0	0	0	3
1870	491	0	0.73046875	55.7173787	164.95379	47.5215703	336.490363	135.753003	0	0	0	0	0	3
1875	491	0	0.732421875	55.8746243	164.000175	47.5215703	336.490363	136.706617	0	0	0	0	0	3
1880	492	0	0.734375	56.0551431	163.047265	47.5215703	336.490363	137.659527	0	0	0	0	0	3
1885	493	0	0.736328125	56.2582789	162.095149	47.5215703	336.490363	138.611643	0	0	0	0	0	3
1890	494	0	0.73828125	56.4614416	161.143827	47.5215703	336.490363	139.562966	0	0	0	0	0	3
1895	495	0	0.740234375	56.6754569	160.19334	47.5215703	336.490363	140.513452	0	0	0	0	0	3
1900	496	0	0.7421875	56.8708378	159.243617	47.5215703	336.490363	141.463175	0	0	0	0	0	3
1905	498	0	0.744140625	57.0403406	158.294556	47.5215703	336.490363	142.412236	0	0	0	0	0	3
1910	498	0	0.74609375	57.1869191	157.346067	47.5215703	336.490363	143.360725	0	0	0	0	0	3
1915	499	0	0.748046875	57.3048547	156.398039	47.5215703	336.490363	144.308753	0	0	0	0	0	3
1920	500	0	0.75	57.3881634	155.450337	47.5215703	336.490363	145.256456	0	0	0	0	0	3
1925	501	0	0.751953125	57.4544271	154.502893	47.5215703	336.490363	146.203899	0	0	0	0	0	3
1930	502	0	0.75390625	57.5396789	153.555782	47.5215703	336.490363	147.15101	0	0	0	0	0	3
1935	503	0	0.755859375	57.6410908	152.609068	47.5215703	336.490363	148.097724	0	0	0	0	0	3
1940	504	0	0.7578125	57.7672204	151.662846	47.5215703	336.490363	149.043946	0	0	0	0	0	3
1945	505	0	0.759765625	57.9189554	150.717217	47.5215703	336.490363	149.989575	0	0	0	0	0	3
1950	505	0	0.76171875	58.0968297	149.772283	47.5215703	336.490363	150.934509	0	0	0	0	0	3
1955	506	0	0.763671875	58.2927579	148.828114	47.5215703	336.490363	151.878678	0	0	0	0	0	3
1960	507	0	0.765625	58.4916285	147.884722	47.5215703	336.490363	152.82207	0	0	0	0	0	3
1965	508	0	0.767578125	58.7249361	146.942241	47.5215703	336.490363	153.764551	0	0	0	0	0	3
1970	509	0	0.76953125	58.9914403	146.000801	47.5215703	336.490363	154.705991	0	0	0	0	0	3
1975	510	0	0.771484375	59.2695378	145.060448	47.5215703	336.490363	155.646344	0	0	0	0	0	3
1980	511	0	0.7734375	59.5103062	144.121035	47.5215703	336.490363	156.585757	0	0	0	0	0	3
1985	512	0	0.775390625	59.7155653	143.182424	47.5215703	336.490363	157.524368	0	0	0	0	0	3
1990	513	0	0.77734375	59.9157282	142.244595	47.5215703	336.490363	158.462197	0	0	0	0	0	3
1995	513	0	0.779296875	60.1392771	141.307639	47.5215703	336.490363	159.399153	0	0	0	0	0	3
2000	514	0	0.78125	60.3916401	140.371669	47.5215703	336.490363	160.335124	0	0	0	0	0	3
2005	516	0	0.783203125	60.6570055	139.436735	47.5215703	336.490363	161.270057	0	0	0	0	0	3
2010	517	0	0.78515625	60.9290823	138.502864	47.5215703	336.490363	162.203928	0	0	0	0	0	3
2015	518	0	0.787109375	61.2112795	137.570096	47.5215703	336.490363	163.136697	0	0	0	0	0	3
2020	519	0	0.7890625	61.5017424	136.638462	47.5215703	336.490363	164.068331	0	0	0	0	0	3
2025	520	0	0.791015625	61.8009464	135.707996	47.5215703	336.490363	164.998796	0	0	0	0	0	3
2030	521	0	0.79296875	62.1062674	134.778724	47.5215703	336.490363	165.928068	0	0	0	0	0	3
2035	521	0	0.794921875	62.4147688	133.850656	47.5215703	336.490363	166.856136	0	0	0	0	0	3
2040	522	0	0.796875	62.7395234	132.923857	47.5215703	336.490363	167.782935	0	0	0	0	0	3
2045	523	0	0.798828125	63.0885785	131.998422	47.5215703	336.490363	168.708371	0	0	0	0	0	3
2050	524	0	0.80078125	63.4400404	131.074359	47.5215703	336.490363	169.632433	0	0	0	0	0	3
2055	525	0	0.802734375	63.755762	130.151529	47.5215703	336.490363	170.555263	0	0	0	0	0	3
2060	526	0	0.8046875	64.0228254	129.229742	47.5215703	336.490363	171.47705	0	0	0	0	0	3
2065	527	0	0.806640625	64.2591033	128.308879	47.5215703	336.490363	172.397914	0	0	0	0	0	3
2070	528	0	0.80859375	64.4948911	127.388936	47.5215703	336.490363	173.317857	0	0	0	0	0	3
2075	529	0	0.810546875	64.7322944	126.46992	47.5215703	336.490363	174.236873	0	0	0	0	0	3
2080	529	0	0.8125	64.9478493	125.551745	47.5215703	336.490363	175.155047	0	0	0	0	0	3
2085	530	0	0.814453125	65.107053	124.634192	47.5215703	336.490363	176.0726	0	0	0	0	0	3
2090	531	0	0.81640625	65.2078715	123.717033	47.5215703	336.490363	176.989759	0	0	0	0	0	3
2095	532	0	0.818359375	65.2706799	122.800118	47.5215703	336.490363	177.906674	0	0	0	0	0	3
2100	533	0	0.8203125	65.3282666	121.883427	47.5215703	336.490363	178.823365	0	0	0	0	0	3
2105	535	0	0.822265625	65.3847217	120.966956	47.5215703	336.490363	179.739836	0	0	0	0	0	3
2110	536	0	0.82421875	65.4197755	120.050621	47.5215703	336.490363	180.656171	0	0	0	0	0	3
2115	537	0	0.826171875	65.4271927	119.134314	47.5215703	336.490363	181.572478	0	0	0	0	0	3
2120	537	0	0.828125	65.4287447	118.218011	47.5215703	336.490363	182.488781	0	0	0	0	0	3
2125	538	0	0.830078125	65.4424227	117.30176	47.5215703	336.490363	183.405032	0	0	0	0	0	3
2130	539	0	0.83203125	65.4792221	116.385651	47.5215703	336.490363	184.321142	0	0	0	0	0	3
2135	540	0	0.833984375	65.5266315	115.469724	47.5215703	336.490363	185.237068	0	0	0	0	0	3
2140	541	0	0.8359375	65.5570809	114.553913	47.5215703	336.490363	186.152879	0	0	0	0	0	3
2145	542	0	0.837890625	65.5665051	113.638137	47.5215703	336.490363	187.068656	0	0	0	0	0	3
2150	543	0	0.83984375	65.5757047	112.722392	47.5215703	336.490363	187.9844	0	0	0	0	0	3
2155	544	0	0.841796875	65.6056576	111.80676	47.5215703	336.490363	188.900033	0	0	0	0	0	3
2160	545	0	0.84375	65.6632425	110.891347	47.5215703	336.490363	189.815445	0	0	0	0	0	3
2165	546	0	0.845703125	65.7268535	109.976177	47.5215703	336.490363	190.730615	0	0	0	0	0	3
2170	547	0	0.84765625	65.7712007	109.061173	47.5215703	336.490363	191.645619	0	0	0	0	0	3
2175	548	0	0.849609375	65.7995489	108.146272	47.5215703	336.490363	192.56052	0	0	0	0	0	3
2180	548	0	0.8515625	65.8388603	107.231515	47.5215703	336.490363	193.475277	0	0	0	0	0	3
2185	549	0	0.853515625	65.9142498	106.317042	47.5215703	336.490363	194.389751	0	0	0	0	0	3
2190	550	0	0.85546875	66.0117376	105.402936	47.5215703	336.490363	195.303856	0	0	0	0	0	3
2195	551	0	0.857421875	66.1197022	104.489238	47.5215703	336.490363	196.217555	0	0	0	0	0	3
2200	552	0	0.859375	66.2313167	103.575958	47.5215703	336.490363	197.130835	0	0	0	0	0	3
2205	554	0	0.861328125	66.3585677	102.663155	47.5215703	336.490363	198.043638	0	0	0	0	0	3
2210	555	0	0.86328125	66.5220828	101.750967	47.5215703	336.490363	198.955826	0	0	0	0	0	3
2215	556	0	0.865234375	66.7172814	100.839505	47.5215703	336.490363	199.867287	0	0	0	0	0	3
2220	556	0	0.8671875	66.9363857	99.9288609	47.5215703	336.490363	200.777931	0	0	0	0	0	3
2225	557	0	0.869140625	67.1716877	99.0190916	47.5215703	336.490363	201.687701	0	0	0	0	0	3
2230	558	0	0.87109375	67.4177281	98.1102166	47.5215703	336.490363	202.596576	0	0	0	0	0	3
2235	559	0	0.873046875	67.6823565	97.2023108	47.5215703	336.490363	203.504481	0	0	0	0	0	3
2240	560	0	0.875	67.9605551	96.2954242	47.5215703	336.490363	204.411368	0	0	0	0	0	3
2245	561	0	0.876953125	68.2426113	95.3895652	47.5215703	336.490363	205.317227	0	0	0	0	0	3
2250	562	0	0.87890625	68.5340089	94.4847649	47.5215703	336.490363	206.222027	0	0	0	0	0	3
2255	563	0	0.880859375	68.8467052	93.5810996	47.5215703	336.490363	207.125693	0	0	0	0	0	3
2260	564	0	0.8828125	69.1761929	92.6786306	47.5215703	336.490363	208.028162	0	0	0	0	0	3
2265	564	0	0.884765625	69.5049424	91.7773437	47.5215703	336.490363	208.929449	0	0	0	0	0	3
2270	565	0	0.88671875	69.8251892	90.8771901	47.5215703	336.490363	209.829602	0	0	0	0	0	3
2275	566	0	0.888671875	70.1556753	89.9781948	47.5215703	336.490363	210.728597	0	0	0	0	0	3
2280	567	0	0.890625	70.5110633	89.0804276	47.5215703	336.490363	211.626365	0	0	0	0	0	3
2285	568	0	0.892578125	70.8815864	88.183929	47.5215703	336.490363	212.522863	0	0	0	0	0	3
2290	569	0	0.89453125	71.2324414	87.288586	47.5215703	336.490363	213.418206	0	0	0	0	0	3
2295	570	0	0.896484375	71.5684098	86.3943061	47.5215703	336.490363	214.312486	0	0	0	0	0	3
2300	571	0	0.8984375	71.9096166	85.5010694	47.5215703	336.490363	215.205723	0	0	0	0	0	3
2305	573	0	0.900390625	72.2670776	84.6088881	47.5215703	336.490363	216.097904	0	0	0	0	0	3
2310	574	0	0.90234375	72.6298721	83.7177305	47.5215703	336.490363	216.989062	0	0	0	0	0	3
2315	575	0	0.904296875	72.9788037	82.827473	47.5215703	336.490363	217.879319	0	0	0	0	0	3
2320	575	0	0.90625	73.3129157	81.9379858	47.5215703	336.490363	218.768806	0	0	0	0	0	3
2325	576	0	0.908203125	73.646411	81.0491743	47.5215703	336.490363	219.657618	0	0	0	0	0	3
2330	577	0	0.91015625	73.9845706	80.1609517	47.5215703	336.490363	220.545841	0	0	0	0	0	3
2335	578	0	0.912109375	74.3258033	79.2732008	47.5215703	336.490363	221.433591	0	0	0	0	0	3
2340	579	0	0.9140625	74.6574824	78.3857268	47.5215703	336.490363	222.321065	0	0	0	0	0	3
2345	580	0	0.916015625	74.971758	77.4982888	47.5215703	336.490363	223.208503	0	0	0	0	0	3
2350	581	0	0.91796875	75.2645995	76.6105684	47.5215703	336.490363	224.096224	0	0	0	0	0	3
2355	582	0	0.919921875	75.5318928	75.7221733	47.5215703	336.490363	224.984619	0	0	0	0	0	3
2360	582	0	0.921875	75.7679301	74.8326555	47.5215703	336.490363	225.874137	0	0	0	0	0	3
2365	583	0	0.923828125	75.9902325	73.9415075	47.5215703	336.490363	226.765285	0	0	0	0	0	3
2370	584	0	0.92578125	76.2253644	73.0481711	47.5215703	336.490363	227.658621	0	0	0	0	0	3
2375	585	0	0.927734375	76.4824031	72.1520907	47.5215703	336.490363	228.554702	0	0	0	0	0	3
2380	586	0	0.9296875	76.7443556	71.2524267	47.5215703	336.490363	229.454365	0	0	0	0	0	3
2385	587	0	0.931640625	76.9860573	70.3478029	47.5215703	336.490363	230.358989	0	0	0	0	0	3
2390	588	0	0.93359375	77.2053034	69.4369988	47.5215703	336.490363	231.269793	0	0	0	0	0	3
2395	589	0	0.935546875	77.4207485	68.5192239	47.5215703	336.490363	232.187568	0	0	0	0	0	3
2400	589	0	0.9375	77.6421854	67.5919689	47.5215703	336.490363	233.114823	0	0	0	0	0	3
2405	591	0	0.939453125	77.8547543	66.6535638	47.5215703	336.490363	234.053228	0	0	0	0	0	3
2410	592	0	0.94140625	78.0548688	65.7071317	47.5215703	336.490363	234.999661	0	0	0	0	0	3
2415	593	0	0.943359375	78.2634692	64.7746641	47.5215703	336.490363	235.932128	0	0	0	0	0	3
2420	594	0	0.9453125	78.4882121	63.7668432	47.5215703	303.876625	236.939949	0	0	0	0	0	3
2425	595	0	0.947265625	78.7220824	62.8873333	47.5215703	249.282884	201.761313	0	0	0	0	0	3
2430	596	0	0.94921875	78.935669	62.2219145	47.5215703	219.469613	171.948043	0	0	0	0	0	3
2435	597	0	0.951171875	79.1161777	61.6736589	47.5215703	193.605722	146.084151	0	0	0	0	0	3
2440	597	0	0.953125	79.2793792	61.2270716	47.5215703	170.4999	122.97833	0	0	0	0	0	3
2445	598	0	0.955078125	79.4424726	60.8713785	47.5215703	160.242793	112.721223	0	0	0	0	0	3
2450	599	0	0.95703125	79.6060172	60.5563911	47.5215703	153.980448	106.458878	0	0	0	0	0	3
2455	600	0	0.958984375	79.7499218	60.2664281	47.5215703	148.303495	100.781925	0	0	0	0	0	3
2460	601	0	0.9609375	79.8716078	59.9991161	47.5215703	137.890624	90.3690533	0	0	0	0	0	3
2465	602	0	0.962890625	79.9832828	59.7729155	47.5215703	123.489925	75.9683549	0	0	0	0	0	3
2470	603	0	0.96484375	80.0895909	59.603383	47.5215703	110.733938	63.2123676	0	0	0	0	0	3
2475	604	0	0.966796875	80.1966033	59.4840965	47.5215703	98.6745073	51.152937	0	0	0	0	0	3
2480	605	0	0.96875	80.3097671	59.4123592	47.5215703	88.2787227	40.7571524	0	0	0	0	0	3
2485	605	0	0.970703125	80.4346371	59.3817183	47.5215703	80.4346371	32.9130668	0	0	0	0	0	3
2490	606	0	0.97265625	80.5678741	59.3868663	47.5215703	80.5678741	33.0463038	0	0	0	0	0	3
2495	607	0	0.974609375	80.7020015	59.4206003	47.5215703	80.7020015	33.1804312	0	0	0	0	0	3
2500	608	0	0.9765625	80.8114667	59.4797256	47.5215703	80.8114667	33.2898964	0	0	0	0	0	3
2505	610	0	0.978515625	80.8997583	59.5609666	47.5215703	80.8997583	33.378188	0	0	0	0	0	3
2510	611	0	0.98046875	80.9919616	59.6557028	47.5215703	80.9919616	33.4703913	0	0	0	0	0	3
2515	612	0	0.982421875	81.0967622	59.7578106	47.5215703	81.0967622	33.5751919	0	0	0	0	0	3
2520	613	0	0.984375	81.1960144	59.8662515	47.5215703	81.1960144	33.6744441	0	0	0	0	0	3
2525	614	0	0.986328125	81.2645609	59.9771025	47.5215703	81.2645609	33.7429906	0	0	0	0	0	3
2530	615	0	0.98828125	81.3081285	60.090092	47.5215703	81.3081285	33.7865582	0	0	0	0	0	3
2535	615	0	0.990234375	81.3579389	60.2063	47.5215703	81.3579389	33.8363686	0	0	0	0	0	3
2540	616	0	0.9921875	81.4399786	60.3246933	47.5215703	81.4399786	33.9184083	0	0	0	0	0	3
2545	617	0	0.994140625	81.5389652	60.445944	47.5215703	81.5389652	34.0173949	0	0	0	0	0	3
2550	618	0	0.99609375	81.6207769	60.567887	47.5215703	81.6207769	34.0992066	0	0	0	0	0	3
2555	619	0	0.998046875	81.6748271	60.6905697	47.5215703	81.6748271	34.1532568	0	0	0	0	0	3
2560	620	0	1	81.7129825	60.8138789	47.5215703	81.7129825	34.1914122	8.66906377	0	25.3	0	0	3
2565	621	0	1.00195312	81.7460433	60.9385509	47.5215703	81.7460433	34.224473	8.66906377	0	25.3	0	0	3
2570	622	0	1.00390625	81.7908687	61.0639722	47.5215703	81.7908687	34.2692984	8.66906377	0	25.2	0	0	3
2575	623	0	1.00585938	81.8720588	61.1928152	47.5215703	81.8720588	34.3504885	8.66906377	0	25.2	0	0	3
2580	623	0	1.0078125	81.9916411	61.3221061	47.5215703	81.9916411	34.4700708	8.66906377	0	25.1	0	0	3
2585	624	0	1.00976562	82.1498943	61.4518365	47.5215703	82.1498943	34.628324	8.66906377	0	25	0	0	3
2590	625	0	1.01171875	82.3058032	61.5824918	47.5215703	82.3058032	34.7842329	8.66906377	0	24.9	0	0	3
2595	626	0	1.01367188	82.409237	61.7139239	47.5215703	82.409237	34.8876667	8.66906377	0	24.8	0	0	3
2600	627	0	1.015625	82.4715702	61.8455712	47.5215703	82.4715702	34.9499999	8.66906377	0	24.8	0	0	3
2605	629	0	1.01757812	82.5385275	61.9779505	47.5215703	82.5385275	35.0169572	8.66906377	0	24.7	0	0	3
2610	630	0	1.01953125	82.6340457	62.1116066	47.5215703	82.6340457	35.1124754	8.66906377	0	24.6	0	0	3
2615	631	0	1.02148438	82.7454991	62.247246	47.5215703	82.7454991	35.2239288	8.66906377	0	24.6	0	0	3
2620	632	0	1.0234375	82.8434973	62.3845959	47.5215703	82.8434973	35.321927	8.66906377	0	24.5	0	0	3
2625	633	0	1.02539062	82.9232175	62.5219835	47.5215703	82.9232175	35.4016472	8.66906377	0	24.4	0	0	3
2630	634	0	1.02734375	82.9926306	62.659622	47.5215703	82.9926306	35.4710603	8.66906377	0	24.4	0	0	3
2635	635	0	1.02929688	83.0467064	62.7978821	47.5215703	83.0467064	35.5251361	8.66906377	0	24.4	0	0	3
2640	636	0	1.03125	83.1012693	62.9368653	47.6447628	83.1012693	35.4565066	8.66906377	0	24.4	0	0	3
2645	637	0	1.03320312	83.1745038	63.0748132	47.6447628	83.1745038	35.5297411	8.66906377	0	24.3	0	0	3
2650	637	0	1.03515625	83.2683745	63.2119149	47.6447628	83.2683745	35.6236117	8.66906377	0	24.3	0	0	3
2655	638	0	1.03710938	83.3707646	63.349218	47.6447628	83.3707646	35.7260018	8.66906377	0	24.2	0	0	3
2660	639	0	1.0390625	83.4493116	63.4871986	47.6447628	83.4493116	35.8045489	8.66906377	0	24.2	0	0	3
2665	640	0	1.04101562	83.5170213	63.6256455	47.6447628	83.5170213	35.8722586	8.66906377	0	24.1	0	0	3
2670	641	0	1.04296875	83.6050244	63.7651396	47.6447628	83.6050244	35.9602616	8.66906377	0	24.1	0	0	3
2675	642	0	1.04492188	83.7148281	63.9055174	47.6447628	83.7148281	36.0700653	8.66906377	0	24	0	0	3
2680	643	0	1.046875	83.8196995	64.0468257	47.660791	83.8196995	36.1589085	8.66906377	0	23.9	0	0	3
2685	644	0	1.04882812	83.8916096	64.1883523	47.8734774	83.8916096	36.0181323	8.66906377	0	24	0	0	3
2690	645	0	1.05078125	83.9406483	64.3292397	48.0027667	83.9406483	35.9378817	8.66906377	0	24.1	0	0	3
2695	646	0	1.05273438	84.0067111	64.4696201	48.0027667	84.0067111	36.0039444	8.66906377	0	24	0	0	3
2700	646	0	1.0546875	84.1062306	64.6103787	48.0027667	84.1062306	36.103464	8.66906377	0	24	0	0	3
2705	649	0	1.05664062	84.2240339	64.751868	48.0571185	84.2240339	36.1669155	8.66906377	0	23.9	0	0	3
2710	649	0	1.05859375	84.3436005	64.8936121	48.2048054	84.3436005	36.1387951	8.66906377	0	23.9	0	0	3
2715	650	0	1.06054688	84.4477571	65.0351861	48.3799831	84.4477571	36.067774	8.66906377	0	24	0	0	3
2720	651	0	1.0625	84.536238	65.1764215	48.5390887	84.536238	35.9971493	8.66906377	0	24	0	0	3
2725	652	0	1.06445312	84.6086702	65.3173183	48.664198	84.6086702	35.9444722	8.66906377	0	24.1	0	0	3
2730	653	0	1.06640625	84.6731078	65.4579781	48.8150517	84.6731078	35.8580561	8.66906377	0	24.1	0	0	3
2735	654	0	1.06835938	84.7535757	65.598363	48.8638095	84.7535757	35.8897661	8.66906377	0	24.1	0	0	3
2740	655	0	1.0703125	84.8657854	65.7383488	48.8638095	84.8657854	36.0019759	8.66906377	0	24	0	0	3
2745	656	0	1.07226562	85.0103711	65.8782046	48.8638095	85.0103711	36.1465615	8.66906377	0	23.9	0	0	3
2750	657	0	1.07421875	85.1824702	66.0186141	48.8638095	85.1824702	36.3186606	8.66906377	0	23.8	0	0	3
2755	658	0	1.07617188	85.3511787	66.1601042	48.8638095	85.3511787	36.4873692	8.66906377	0	23.7	0	0	3
2760	659	0	1.078125	85.4664183	66.3028228	48.8638095	85.4664183	36.6026088	8.66906377	0	23.6	0	0	3
2765	659	0	1.08007812	85.5422826	66.4460981	49.0242832	85.5422826	36.5179994	8.66906377	0	23.7	0	0	3
2770	660	0	1.08203125	85.6154165	66.5890322	49.329345	85.6154165	36.2860716	8.66906377	0	23.8	0	0	3
2775	661	0	1.08398438	85.7244962	66.7312008	49.7122533	85.7244962	36.0122429	8.66906377	0	24	0	0	3
2780	662	0	1.0859375	85.8695903	66.8724404	50.0415432	85.8695903	35.8280471	8.66906377	0	24.1	0	0	3
2785	663	0	1.08789062	86.0022261	67.0129118	50.1351077	86.0022261	35.8671184	8.66906377	0	24.1	0	0	3
2790	664	0	1.08984375	86.0923269	67.1530294	50.1351077	86.0923269	35.9572193	8.66906377	0	24.1	0	0	3
2795	665	0	1.09179688	86.1450682	67.2932253	50.1351077	86.1450682	36.0099605	8.66906377	0	24	0	0	3
2800	666	0	1.09375	86.1984582	67.4338656	50.1351077	86.1984582	36.0633505	8.66906377	0	24	0	0	3
2805	668	0	1.09570312	86.2848918	67.5750757	50.1929466	86.2848918	36.0919452	8.66906377	0	24	0	0	3
2810	669	0	1.09765625	86.4006132	67.7165119	50.3690015	86.4006132	36.0316117	8.66906377	0	24	0	0	3
2815	670	0	1.09960938	86.5106145	67.85769	50.5902798	86.5106145	35.9203348	8.66906377	0	24.1	0	0	3
2820	671	0	1.1015625	86.5978201	67.9983445	50.8506418	86.5978201	35.7471782	8.66906377	0	24.2	0	0	3
2825	672	0	1.10351562	86.6508784	68.1381892	51.0529835	86.6508784	35.597895	8.66906377	0	24.3	0	0	3
2830	672	0	1.10546875	86.6946277	68.2774143	51.2105267	86.6946277	35.484101	8.66906377	0	24.4	0	0	3
2835	673	0	1.10742188	86.7655347	68.4163011	51.3296928	86.7655347	35.4358418	8.66906377	0	24.4	0	0	3
2840	674	0	1.109375	86.8582581	68.5550845	51.4492379	86.8582581	35.4090202	8.66906377	0	24.4	0	0	3
2845	675	0	1.11132812	86.940884	68.6937238	51.5588824	86.940884	35.3820016	8.66906377	0	24.5	0	0	3
2850	676	0	1.11328125	86.967814	68.8320399	51.6563463	86.967814	35.3114678	8.66906377	0	24.5	0	0	3
2855	677	0	1.11523438	86.9280266	68.9698199	51.732427	86.967814	35.2353871	8.66906377	0	24.6	0	0	3
2860	678	0	1.1171875	86.8883547	69.1071478	51.7876576	86.967814	35.1801564	8.66906377	0	24.6	0	0	3
2865	679	0	1.11914062	86.8796359	69.2442258	51.8649112	86.967814	35.1029029	8.66906377	0	24.6	0	0	3
2870	680	0	1.12109375	86.8903297	69.3810439	51.9658157	86.967814	35.0019984	8.66906377	0	24.7	0	0	3
2875	681	0	1.12304688	86.8551025	69.5173301	52.0013755	86.967814	34.9664386	8.66906377	0	24.7	0	0	3
2880	681	0	1.125	86.7436428	69.6528517	52.0013755	86.967814	34.9664386	8.66906377	0	24.7	0	0	3
2885	682	0	1.12695312	86.5875347	69.7876218	52.0013755	86.967814	34.9664386	8.66906377	0	24.7	0	0	3
2890	683	0	1.12890625	86.4037826	69.9216876	52.0013755	86.967814	34.9664386	8.66906377	0	24.7	0	0	3
2895	684	0	1.13085938	86.2019364	70.0550249	52.0013755	86.967814	34.9664386	8.66906377	0	24.7	0	0	3
2900	685	0	1.1328125	86.0151654	70.1877048	52.0013755	86.967814	34.9664386	8.66906377	0	24.7	0	0	3
2905	687	0	1.13476562	85.8369496	70.319875	52.0060757	86.967814	34.9617384	8.66906377	0	24.7	0	0	3
2910	688	0	1.13671875	85.6469882	70.4512848	52.0542908	86.967814	34.9135233	8.66906377	0	24.8	0	0	3
2915	689	0	1.13867188	85.4124875	70.5815903	52.1421271	86.967814	34.825687	8.66906377	0	24.8	0	0	3
2920	690	0	1.140625	85.1384253	70.710482	52.2298012	86.967814	34.7380128	8.66906377	0	24.9	0	0	3
2925	691	0	1.14257812	84.8298288	70.8378259	52.3312367	86.967814	34.6365774	8.66906377	0	25	0	0	3
2930	692	0	1.14453125	84.4774835	70.9633972	52.4394457	86.967814	34.5283684	8.66906377	0	25.1	0	0	3
2935	693	0	1.14648438	84.1015908	71.0870774	52.5269439	86.967814	34.4408701	8.66906377	0	25.1	0	0	3
2940	693	0	1.1484375	83.761203	71.2090863	52.6071299	86.967814	34.3606842	8.66906377	0	25.2	0	0	3
2945	694	0	1.15039062	83.4591957	71.3296021	52.6289171	86.967814	34.3388969	8.66906377	0	25.2	0	0	3
2950	695	0	1.15234375	83.1340815	71.4486677	52.6289171	86.967814	34.3388969	8.66906377	0	25.2	0	0	3
2955	696	0	1.15429688	82.7006975	71.5660133	52.6289171	86.967814	34.3388969	8.66906377	0	25.2	0	0	3
2960	697	0	1.15625	82.2189568	71.6814834	52.6289171	86.967814	34.3388969	8.66906377	0	25.2	0	0	3
2965	698	0	1.15820312	81.8273391	71.7954188	52.6289171	86.967814	34.3388969	8.66906377	0	25.2	0	0	3
2970	699	0	1.16015625	81.5153303	71.9081393	52.6289171	86.967814	34.3388969	8.66906377	0	25.2	0	0	3
2975	700	0	1.16210938	81.2178569	72.0197643	52.6289171	86.967814	34.3388969	8.66906377	0	25.2	0	0	3
2980	701	0	1.1640625	80.8444122	72.1299811	52.6419385	86.967814	34.3258755	8.66906377	0	25.2	0	0	3
2985	702	0	1.16601562	80.3780803	72.2383254	52.6726735	86.967814	34.2951405	8.66906377	0	25.2	0	0	3
2990	703	0	1.16796875	79.9533005	72.3448904	52.7323376	86.967814	34.2354764	8.66906377	0	25.3	0	0	3
2995	704	0	1.16992188	79.6189714	72.4499163	52.7964588	86.967814	34.1713553	8.66906377	0	25.3	0	0	3
3000	704	0	1.171875	79.3293458	72.5535604	52.8654305	86.967814	34.1023835	8.66906377	0	25.4	0	0	3
3005	707	0	1.17382812	79.0178206	72.6557181	52.9207812	86.967814	34.0470329	8.66906377	0	25.4	0	0	3
3010	707	0	1.17578125	78.6331992	72.7561504	52.9207812	86.967814	34.0470329	8.66906377	0	25.4	0	0	3
3015	708	0	1.17773438	78.2545091	72.8551103	52.9237864	86.967814	34.0440277	8.66906377	0	25.4	0	0	3
3020	709	0	1.1796875	77.9340897	72.9528068	52.9556485	86.967814	34.0121655	8.66906377	0	25.4	0	0	3
3025	710	0	1.18164062	77.6606082	73.0493105	53.0131928	86.967814	33.9546213	8.66906377	0	25.5	0	0	3
3030	711	0	1.18359375	77.3898081	73.1445317	53.0715171	86.967814	33.8962969	8.66906377	0	25.5	0	0	3
3035	712	0	1.18554688	77.0794086	73.2383125	53.1346593	86.967814	33.8331547	8.66906377	0	25.6	0	0	3
3040	713	0	1.1875	76.7680808	73.3306305	53.2142294	86.967814	33.7535846	8.66906377	0	25.6	0	0	3
3045	714	0	1.18945312	76.472415	73.4214828	53.3069856	86.967814	33.6608285	8.66906377	0	25.7	0	0	3
3050	715	0	1.19140625	76.2024376	73.5109182	53.4177901	86.967814	33.550024	8.66906377	0	25.8	0	0	3
3055	716	0	1.19335938	75.9668712	73.5990005	53.5496627	86.967814	33.4181513	8.66906377	0	25.9	0	0	3
3060	717	0	1.1953125	75.75024	73.6857215	53.6968749	86.967814	33.2709391	8.66906377	0	26	0	0	3
3065	717	0	1.19726562	75.5422323	73.771055	53.8150387	86.967814	33.1527753	8.66906377	0	26.1	0	0	3
3070	718	0	1.19921875	75.3366735	73.8551239	53.9177025	86.967814	33.0501116	8.66906377	0	26.2	0	0	3
3075	719	0	1.20117188	75.1420887	73.9380316	54.0122935	86.967814	32.9555206	8.66906377	0	26.3	0	0	3
3080	720	0	1.203125	74.9763738	74.0199225	54.1223948	86.967814	32.8454192	8.66906377	0	26.3	0	0	3
3085	721	0	1.20507812	74.8290212	74.1008078	54.2472557	86.967814	32.7205584	8.66906377	0	26.4	0	0	3
3090	722	0	1.20703125	74.6959513	74.1806855	54.3874138	86.967814	32.5804002	8.66906377	0	26.6	0	0	3
3095	723	0	1.20898438	74.5545351	74.2594633	54.5349685	86.967814	32.4328455	8.66906377	0	26.7	0	0	3
3100	724	0	1.2109375	74.4027295	74.3370718	54.6620217	86.967814	32.3057923	8.66906377	0	26.8	0	0	3
3105	726	0	1.21289062	74.2714666	74.4136712	54.7778788	86.967814	32.1899353	8.66906377	0	26.9	0	0	3
3110	727	0	1.21484375	74.1522925	74.4893525	54.891974	86.967814	32.0758401	8.66906377	0	27	0	0	3
3115	727	0	1.21679688	74.0393919	74.5641471	55.0100571	86.967814	31.9577569	8.66906377	0	27.1	0	0	3
3120	728	0	1.21875	73.9003668	74.6379374	55.1317869	86.967814	31.8360271	8.66906377	0	27.2	0	0	3
3125	729	0	1.22070312	73.7721122	74.7107511	55.2617961	86.967814	31.706018	8.66906377	0	27.3	0	0	3
3130	730	0	1.22265625	73.6705731	74.7826604	55.3672593	86.967814	31.6005548	8.66906377	0	27.4	0	0	3
3135	731	0	1.22460938	73.5859473	74.8538272	55.472784	86.967814	31.49503	8.66906377	0	27.5	0	0	3
3140	732	0	1.2265625	73.493233	74.9242195	55.583416	86.967814	31.3843981	8.66906377	0	27.6	0	0	3
3145	733	0	1.22851562	73.3435119	74.9935949	55.7173787	86.967814	31.2504353	8.66906377	0	27.7	0	0	3
3150	734	0	1.23046875	73.2145378	75.0619432	55.8746243	86.967814	31.0931897	8.66906377	0	27.8	0	0	3
3155	735	0	1.23242188	73.1308084	75.1293502	56.0551431	86.967814	30.9126709	8.66906377	0	28	0	0	3
3160	736	0	1.234375	73.071766	75.1958213	56.2582789	86.967814	30.7095352	8.66906377	0	28.2	0	0	3
3165	737	0	1.23632812	73.001613	75.261225	56.4614416	86.967814	30.5063725	8.66906377	0	28.4	0	0	3
3170	737	0	1.23828125	72.8606596	75.3252844	56.6754569	86.967814	30.2923571	8.66906377	0	28.6	0	0	3
3175	738	0	1.24023438	72.7409981	75.3880405	56.8708378	86.967814	30.0969763	8.66906377	0	28.8	0	0	3
3180	739	0	1.2421875	72.6839502	75.4498104	57.0403406	86.967814	29.9274734	8.66906377	0	28.9	0	0	3
3185	740	0	1.24414062	72.6652275	75.5108451	57.1869191	86.967814	29.7808949	8.66906377	0	29.1	0	0	3
3190	741	0	1.24609375	72.6428	75.5712197	57.3048547	86.967814	29.6629594	8.66906377	0	29.2	0	0	3
3195	742	0	1.24804688	72.5495143	75.6307691	57.3881634	86.967814	29.5796506	8.66906377	0	29.3	0	0	3
3200	743	0	1.25	72.4259093	75.6895103	57.4544271	86.967814	29.513387	8.66906377	0	29.3	0	0	3
3205	745	0	1.25195312	72.3328797	75.7476293	57.5396789	86.967814	29.4281352	8.66906377	0	29.4	0	0	3
3210	746	0	1.25390625	72.2924637	75.8052573	57.6410908	86.967814	29.3267233	8.66906377	0	29.5	0	0	3
3215	747	0	1.25585938	72.2899971	75.8624796	57.7672204	86.967814	29.2005937	8.66906377	0	29.6	0	0	3
3220	748	0	1.2578125	72.2720932	75.9191393	57.9189554	86.967814	29.0488587	8.66906377	0	29.8	0	0	3
3225	749	0	1.25976562	72.2286224	75.9750364	58.0968297	86.967814	28.8709843	8.66906377	0	30	0	0	3
3230	750	0	1.26171875	72.1838785	76.030064	58.2927579	86.967814	28.6750561	8.66906377	0	30.2	0	0	3
3235	751	0	1.26367188	72.1616451	76.0842393	58.4916285	86.967814	28.4761855	8.66906377	0	30.4	0	0	3
3240	752	0	1.265625	72.1686951	76.1376653	58.7249361	86.967814	28.242878	8.66906377	0	30.6	0	0	3
3245	753	0	1.26757812	72.1649078	76.1901652	58.9914403	86.967814	27.9763737	8.66906377	0	30.9	0	0	3
3250	754	0	1.26953125	72.1208246	76.2414519	59.2695378	86.967814	27.6982762	8.66906377	0	31.2	0	0	3
3255	754	0	1.27148438	72.042579	76.2913466	59.5103062	86.967814	27.4575078	8.66906377	0	31.5	0	0	3
3260	755	0	1.2734375	71.9928393	76.3401065	59.7155653	86.967814	27.2522488	8.66906377	0	31.8	0	0	3
3265	756	0	1.27539062	72.0214379	76.3881763	59.9157282	86.967814	27.0520859	8.66906377	0	32	0	0	3
3270	757	0	1.27734375	72.0962074	76.4357563	60.1392771	86.967814	26.8285369	8.66906377	0	32.3	0	0	3
3275	758	0	1.27929688	72.1432038	76.4826466	60.3916401	86.967814	26.5761739	8.66906377	0	32.6	0	0	3
3280	759	0	1.28125	72.1194992	76.5284586	60.6570055	86.967814	26.3108086	8.66906377	0	32.9	0	0	3
3285	760	0	1.28320312	72.0880412	76.5731111	60.9290823	86.967814	26.0387317	8.66906377	0	33.2	0	0	3
3290	761	0	1.28515625	72.1235279	76.6168394	61.2112795	86.967814	25.7565345	8.66906377	0	33.6	0	0	3
3295	762	0	1.28710938	72.2117098	76.6598098	61.5017424	86.967814	25.4660716	8.66906377	0	34	0	0	3
3300	763	0	1.2890625	72.2818984	76.7019198	61.8009464	86.967814	25.1668676	8.66906377	0	34.4	0	0	3
3305	765	0	1.29101562	72.277574	76.7428441	62.1062674	86.967814	24.8615467	8.66906377	0	34.8	0	0	3
3310	766	0	1.29296875	72.2306041	76.7823923	62.4147688	86.967814	24.5530453	8.66906377	0	35.3	0	0	3
3315	767	0	1.29492188	72.2188314	76.8206894	62.7395234	86.967814	24.2282906	8.66906377	0	35.7	0	0	3
3320	768	0	1.296875	72.2652408	76.8578993	63.0885785	86.967814	23.8792355	8.66906377	0	36.3	0	0	3
3325	769	0	1.29882812	72.323021	76.8939713	63.4400404	86.967814	23.5277737	8.66906377	0	36.8	0	0	3
3330	770	0	1.30078125	72.3299259	76.9286974	63.755762	86.967814	23.2120521	8.66906377	0	37.3	0	0	3
3335	770	0	1.30273438	72.301695	76.96208	64.0228254	86.967814	22.9449887	8.66906377	0	37.7	0	0	3
3340	771	0	1.3046875	72.2933747	76.9943868	64.2591033	86.967814	22.7087108	8.66906377	0	38.1	0	0	3
3345	772	0	1.30664062	72.3296776	77.0259125	64.4948911	86.967814	22.4729229	8.66906377	0	38.5	0	0	3
3350	773	0	1.30859375	72.3987506	77.0567869	64.7322944	86.967814	22.2355196	8.66906377	0	38.9	0	0	3
3355	774	0	1.31054688	72.4436285	77.0869093	64.9478493	86.967814	22.0199647	8.66906377	0	39.3	0	0	3
3360	775	0	1.3125	72.4384213	77.1161694	65.107053	86.967814	21.860761	8.66906377	0	39.6	0	0	3
3365	776	0	1.31445312	72.4154414	77.1447178	65.2078715	86.967814	21.7599426	8.66906377	0	39.8	0	0	3
3370	777	0	1.31640625	72.4178258	77.1728816	65.2706799	86.967814	21.6971341	8.66906377	0	39.9	0	0	3
3375	778	0	1.31835938	72.4504866	77.2009278	65.3282666	86.967814	21.6395475	8.66906377	0	40	0	0	3
3380	779	0	1.3203125	72.4818591	77.2288715	65.3847217	86.967814	21.5830923	8.66906377	0	40.1	0	0	3
3385	780	0	1.32226562	72.4884907	77.2566206	65.4197755	86.967814	21.5480385	8.66906377	0	40.2	0	0	3
3390	781	0	1.32421875	72.495084	77.2842585	65.4271927	86.967814	21.5406214	8.66906377	0	40.2	0	0	3
3395	782	0	1.32617188	72.5392926	77.3120401	65.4287447	86.967814	21.5390693	8.66906377	0	40.2	0	0	3
3400	783	0	1.328125	72.6099574	77.3400918	65.4424227	86.967814	21.5253914	8.66906377	0	40.2	0	0	3
3405	785	0	1.33007812	72.6476704	77.3682373	65.4792221	86.967814	21.488592	8.66906377	0	40.3	0	0	3
3410	786	0	1.33203125	72.5948279	77.3960326	65.5266315	86.967814	21.4411825	8.66906377	0	40.4	0	0	3
3415	787	0	1.33398438	72.5404511	77.4234303	65.5570809	86.967814	21.4107331	8.66906377	0	40.4	0	0	3
3420	788	0	1.3359375	72.5463661	77.4507322	65.5665051	86.967814	21.4013089	8.66906377	0	40.5	0	0	3
3425	789	0	1.33789062	72.5913335	77.478173	65.5757047	86.967814	21.3921094	8.66906377	0	40.5	0	0	3
3430	789	0	1.33984375	72.6223407	77.5056989	65.6056576	86.967814	21.3621565	8.66906377	0	40.5	0	0	3
3435	790	0	1.34179688	72.5831416	77.5329547	65.6632425	86.967814	21.3045715	8.66906377	0	40.6	0	0	3
3440	791	0	1.34375	72.549188	77.5598529	65.7268535	86.967814	21.2409606	8.66906377	0	40.8	0	0	3
3445	792	0	1.34570312	72.5922747	77.586671	65.7712007	86.967814	21.1966133	8.66906377	0	40.8	0	0	3
3450	793	0	1.34765625	72.689749	77.6136965	65.7995489	86.967814	21.1682651	8.66906377	0	40.9	0	0	3
3455	794	0	1.34960938	72.7848416	77.6409828	65.8388603	86.967814	21.1289537	8.66906377	0	41	0	0	3
3460	795	0	1.3515625	72.7958655	77.6681586	65.9142498	86.967814	21.0535642	8.66906377	0	41.1	0	0	3
3465	796	0	1.35351562	72.7956223	77.695039	66.0117376	86.967814	20.9560764	8.66906377	0	41.3	0	0	3
3470	797	0	1.35546875	72.8498111	77.7217502	66.1197022	86.967814	20.8481119	8.66906377	0	41.5	0	0	3
3475	798	0	1.35742188	72.939717	77.7483909	66.2313167	86.967814	20.7364973	8.66906377	0	41.8	0	0	3
3480	799	0	1.359375	73.0194801	77.7749072	66.3585677	86.967814	20.6092464	8.66906377	0	42	0	0	3
3485	800	0	1.36132812	73.019562	77.8009267	66.5220828	86.967814	20.4457312	8.66906377	0	42.4	0	0	3
3490	801	0	1.36328125	73.0050248	77.8262507	66.7172814	86.967814	20.2505326	8.66906377	0	42.8	0	0	3
3495	802	0	1.36523438	73.0298161	77.850909	66.9363857	86.967814	20.0314283	8.66906377	0	43.2	0	0	3
3500	802	0	1.3671875	73.0947267	77.874965	67.1716877	86.967814	19.7961264	8.66906377	0	43.7	0	0	3
3505	805	0	1.36914062	73.1679046	77.8983877	67.4177281	86.967814	19.550086	8.66906377	0	44.3	0	0	3
3510	806	0	1.37109375	73.1886272	77.9209303	67.6823565	86.967814	19.2854576	8.66906377	0	44.9	0	0	3
3515	806	0	1.37304688	73.19882	77.942479	67.9605551	86.967814	19.007259	8.66906377	0	45.6	0	0	3
3520	807	0	1.375	73.2249466	77.963043	68.2426113	86.967814	18.7252027	8.66906377	0	46.2	0	0	3
3525	808	0	1.37695312	73.2748294	77.9827001	68.5340089	86.967814	18.4338052	8.66906377	0	47	0	0	3
3530	809	0	1.37890625	73.3439134	78.0014888	68.8467052	86.967814	18.1211088	8.66906377	0	47.8	0	0	3
3535	810	0	1.38085938	73.3919468	78.0192437	69.1761929	86.967814	17.7916212	8.66906377	0	48.7	0	0	3
3540	811	0	1.3828125	73.4074709	78.0357721	69.5049424	86.967814	17.4628716	8.66906377	0	49.6	0	0	3
3545	812	0	1.38476562	73.4059832	78.0510105	69.8251892	86.967814	17.1426249	8.66906377	0	50.5	0	0	3
3550	813	0	1.38671875	73.406961	78.0650018	70.1556753	86.967814	16.8121388	8.66906377	0	51.5	0	0	3
3555	814	0	1.38867188	73.4319321	78.0777997	70.5110633	86.967814	16.4567508	8.66906377	0	52.6	0	0	3
3560	815	0	1.390625	73.4848044	78.0894159	70.8815864	86.967814	16.0862277	8.66906377	0	53.8	0	0	3
3565	816	0	1.39257812	73.5363699	78.0997861	71.2324414	86.967814	15.7353726	8.66906377	0	55	0	0	3
3570	817	0	1.39453125	73.5603877	78.1088797	71.5684098	86.967814	15.3994042	8.66906377	0	56.2	0	0	3
3575	818	0	1.39648438	73.5406013	78.1165836	71.9096166	86.967814	15.0581975	8.66906377	0	57.5	0	0	3
3580	819	0	1.3984375	73.4985869	78.1227905	71.9928393	86.967814	14.9749747	8.66906377	0	57.8	0	0	3
3585	820	0	1.40039062	73.4744522	78.1275068	71.9928393	86.967814	14.9749747	8.66906377	0	57.8	0	0	3
3590	821	0	1.40234375	73.4624793	78.1307592	71.9928393	86.967814	14.9749747	8.66906377	0	57.8	0	0	3
3595	821	0	1.40429688	73.4380708	78.1325532	71.9928393	86.967814	14.9749747	8.66906377	0	57.8	0	0	3
3600	822	0	1.40625	73.3932203	78.1328669	71.9928393	86.967814	14.9749747	8.66906377	0	57.8	0	0	3
3605	824	0	1.40820312	73.3549743	78.1317284	71.9928393	86.967814	14.9749747	8.66906377	0	57.8	0	0	3
3610	825	0	1.41015625	73.3487235	78.1292447	71.9928393	86.967814	14.9749747	8.66906377	0	57.8	0	0	3
3615	826	0	1.41210938	73.3674494	78.1255011	71.9928393	86.967814	14.9749747	8.66906377	0	57.8	0	0	3
3620	827	0	1.4140625	73.3905667	78.1205522	71.9928393	86.967814	14.9749747	8.66906377	0	57.8	0	0	3
3625	828	0	1.41601562	73.397018	78.1144009	71.9928393	86.967814	14.9749747	8.66906377	0	57.8	0	0	3
3630	829	0	1.41796875	73.4133351	78.1071694	71.9928393	86.967814	14.9749747	8.66906377	0	57.8	0	0	3
3635	830	0	1.41992188	73.4540606	78.0990528	71.9928393	86.967814	14.9749747	8.66906377	0	57.8	0	0	3
3640	831	0	1.421875	73.5005549	78.0901959	71.9928393	86.967814	14.9749747	8.66906377	0	57.8	0	0	3
3645	832	0	1.42382812	73.5220582	78.0805546	71.9928393	86.967814	14.9749747	8.66906377	0	57.8	0	0	3
3650	833	0	1.42578125	73.5045748	78.0699265	71.9928393	86.967814	14.9749747	8.66906377	0	57.8	0	0	3
3655	834	0	1.42773438	73.5075738	78.0583061	71.9928393	86.967814	14.9749747	8.66906377	0	57.8	0	0	3
3660	835	0	1.4296875	73.5446627	78.0458073	71.9928393	86.967814	14.9749747	8.66906377	0	57.8	0	0	3
3665	835	0	1.43164062	73.5922696	78.0325503	71.9928393	86.967814	14.9749747	8.66906377	0	57.8	0	0	3
3670	836	0	1.43359375	73.6081369	78.0184989	71.9928393	86.967814	14.9749747	8.66906377	0	57.8	0	0	3
3675	837	0	1.43554688	73.5954455	78.0035563	71.9928393	86.967814	14.9749747	8.66906377	0	57.8	0	0	3
3680	838	0	1.4375	73.6161279	77.9878295	71.9928393	86.967814	14.9749747	8.66906377	0	57.8	0	0	3
3685	839	0	1.43945312	73.6696821	77.9714816	71.9928393	86.967814	14.9749747	8.66906377	0	57.8	0	0	3
3690	840	0	1.44140625	73.7297586	77.9545866	71.9928393	86.967814	14.9749747	8.66906377	0	57.8	0	0	3
3695	841	0	1.44335938	73.7591477	77.9369916	71.9928393	86.967814	14.9749747	8.66906377	0	57.8	0	0	3
3700	842	0	1.4453125	73.7587417	77.9185171	71.9928393	86.967814	14.9749747	8.66906377	0	57.8	0	0	3
3705	844	0	1.44726562	73.7711209	77.8991774	71.9928393	86.967814	14.9749747	8.66906377	0	57.8	0	0	3
3710	845	0	1.44921875	73.8018597	77.8791235	71.9928393	86.967814	14.9749747	8.66906377	0	57.8	0	0	3
3715	846	0	1.45117188	73.8381	77.858506	71.9928393	86.967814	14.9749747	8.66906377	0	57.8	0	0	3
3720	847	0	1.453125	73.8504693	77.8372993	71.9928393	86.967814	14.9749747	8.66906377	0	57.8	0	0	3
3725	848	0	1.45507812	73.8526394	77.815464	71.9928393	86.967814	14.9749747	8.66906377	0	57.8	0	0	3
3730	849	0	1.45703125	73.8704024	77.7930593	71.9928393	86.967814	14.9749747	8.66906377	0	57.8	0	0	3
3735	849	0	1.45898438	73.8951976	77.7701892	71.9928393	86.967814	14.9749747	8.66906377	0	57.8	0	0	3
3740	850	0	1.4609375	73.9044258	77.7468799	71.9928393	86.967814	14.9749747	8.66906377	0	57.8	0	0	3
3745	851	0	1.46289062	73.8829752	77.7230506	71.9928393	86.967814	14.9749747	8.66906377	0	57.8	0	0	3
3750	852	0	1.46484375	73.8518994	77.6986846	71.9928393	86.967814	14.9749747	8.66906377	0	57.8	0	0	3
3755	853	0	1.46679688	73.8205873	77.6737783	71.9928393	86.967814	14.9749747	8.66906377	0	57.8	0	0	3
3760	854	0	1.46875	73.7818133	77.6482785	71.9928393	86.967814	14.9749747	8.66906377	0	57.8	0	0	3
3765	855	0	1.47070312	73.7396058	77.622126	71.9928393	86.967814	14.9749747	8.66906377	0	57.8	0	0	3
3770	856	0	1.47265625	73.7165199	77.5953629	71.9928393	86.967814	14.9749747	8.66906377	0	57.8	0	0	3
3775	857	0	1.47460938	73.7098812	77.56805	71.9928393	86.967814	14.9749747	8.66906377	0	57.8	0	0	3
3780	858	0	1.4765625	73.7058591	77.5402937	71.9928393	86.967814	14.9749747	8.66906377	0	57.8	0	0	3
3785	859	0	1.47851562	73.68575	77.512114	71.9928393	86.967814	14.9749747	8.66906377	0	57.8	0	0	3
3790	860	0	1.48046875	73.6694336	77.4835103	71.9928393	86.967814	14.9749747	8.66906377	0	57.8	0	0	3
3795	861	0	1.48242188	73.6862543	77.454563	71.9928393	86.967814	14.9749747	8.66906377	0	57.8	0	0	3
3800	862	0	1.484375	73.7208323	77.4253631	71.9928393	86.967814	14.9749747	8.66906377	0	57.8	0	0	3
3805	863	0	1.48632812	73.7462698	77.3959948	71.9928393	86.967814	14.9749747	8.66906377	0	57.8	0	0	3
3810	864	0	1.48828125	73.7340165	77.3664084	71.9928393	86.967814	14.9749747	8.66906377	0	57.8	0	0	3
3815	865	0	1.49023438	73.7262294	77.336597	71.9928393	86.967814	14.9749747	8.66906377	0	57.8	0	0	3
3820	866	0	1.4921875	73.7572456	77.3065864	71.9928393	86.967814	14.9749747	8.66906377	0	57.8	0	0	3
3825	867	0	1.49414062	73.809706	77.2763939	71.9928393	86.967814	14.9749747	8.66906377	0	57.8	0	0	3
3830	868	0	1.49609375	73.8486436	77.246034	71.9928393	86.967814	14.9749747	8.66906377	0	57.8	0	0	3
3835	869	0	1.49804688	73.8520707	77.2154764	71.9928393	86.967814	14.9749747	8.66906377	0	57.8	0	0	3
3840	870	0	1.5	73.8643583	77.1848177	71.9928393	86.967814	14.9749747	8.66906377	0	57.8	0	0	3
3845	871	0	1.50195312	73.9103348	77.1542095	71.9928393	86.967814	14.9749747	8.66906377	0	57.8	0	0	3
3850	872	0	1.50390625	73.9721037	77.1236674	71.9928393	86.967814	14.9749747	8.66906377	0	57.8	0	0	3
3855	873	0	1.50585938	74.0210065	77.0929993	71.9928393	86.967814	14.9749747	8.66906377	0	57.8	0	0	3
3860	874	0	1.5078125	74.0434089	77.0619515	71.9928393	86.967814	14.9749747	8.66906377	0	57.8	0	0	3
3865	875	0	1.50976562	74.0729876	77.0304011	71.9928393	86.967814	14.9749747	8.66906377	0	57.8	0	0	3
3870	876	0	1.51171875	74.1250519	76.998445	71.9928393	86.967814	14.9749747	8.66906377	0	57.8	0	0	3
3875	877	0	1.51367188	74.1880596	76.966331	71.9928393	86.967814	14.9749747	8.66906377	0	57.8	0	0	3
3880	878	0	1.515625	74.238735	76.9341715	71.9928393	86.967814	14.9749747	8.66906377	0	57.8	0	0	3
3885	879	0	1.51757812	74.2679053	76.9018644	71.9928393	86.967814	14.9749747	8.66906377	0	57.8	0	0	3
3890	880	0	1.51953125	74.3064855	76.8693349	71.9928393	86.967814	14.9749747	8.66906377	0	57.8	0	0	3
3895	881	0	1.52148438	74.3635269	76.8365928	71.9928393	86.967814	14.9749747	8.66906377	0	57.8	0	0	3
3900	882	0	1.5234375	74.4256797	76.8037107	71.9928393	86.967814	14.9749747	8.66906377	0	57.8	0	0	3
3905	883	0	1.52539062	74.4632395	76.7706639	71.9928393	86.967814	14.9749747	8.66906377	0	57.8	0	0	3
3910	884	0	1.52734375	74.4758412	76.7373952	71.9928393	86.967814	14.9749747	8.66906377	0	57.8	0	0	3
3915	885	0	1.52929688	74.4980408	76.704002	71.9928393	86.967814	14.9749747	8.66906377	0	57.8	0	0	3
3920	886	0	1.53125	74.5366255	76.6705463	71.9928393	86.967814	14.9749747	8.66906377	0	57.8	0	0	3
3925	887	0	1.53320312	74.5773028	76.6369635	71.9928393	86.967814	14.9209519	8.66906377	0	58	0	0	3
3930	888	0	1.53515625	74.5993741	76.6031002	71.9928393	86.967814	14.7836489	8.66906377	0	58.6	0	0	3
3935	889	0	1.53710938	74.6085043	76.5688726	71.9928393	86.967814	14.6456682	8.66906377	0	59.1	0	0	3
3940	890	0	1.5390625	74.6285306	76.5344165	71.9928393	86.967814	14.5072213	8.66906377	0	59.7	0	0	3
3945	891	0	1.54101562	74.663205	76.4998312	71.9928393	86.967814	14.3677273	8.66906377	0	60.3	0	0	3
3950	892	0	1.54296875	74.7045069	76.4650636	71.9928393	86.967814	14.2273495	8.66906377	0	60.9	0	0	3
3955	893	0	1.54492188	74.7409277	76.4300093	71.9928393	86.967814	14.0860412	8.66906377	0	61.5	0	0	3
3960	894	0	1.546875	74.7734836	76.3946725	71.9928393	86.967814	13.9445145	8.66906377	0	62.1	0	0	3
3965	895	0	1.54882812	74.8096534	76.3591961	71.9928393	86.967814	13.8036271	8.66906377	0	62.8	0	0	3
3970	896	0	1.55078125	74.8508181	76.323689	71.9928393	86.967814	13.6632467	8.66906377	0	63.4	0	0	3
3975	897	0	1.55273438	74.8921045	76.288085	71.9928393	86.967814	13.5224881	8.66906377	0	64.1	0	0	3
3980	898	0	1.5546875	74.9325131	76.2522502	71.9928393	86.967814	13.3809988	8.66906377	0	64.7	0	0	3
3985	899	0	1.55664062	74.9816395	76.2161471	71.9928393	86.967814	13.2392547	8.66906377	0	65.4	0	0	3
3990	900	0	1.55859375	75.0403343	76.1798062	71.9928393	86.967814	13.0976807	8.66906377	0	66.1	0	0	3
3995	901	0	1.56054688	75.1008824	76.143295	71.9928393	86.967814	12.9564453	8.66906377	0	66.9	0	0	3
4000	902	0	1.5625	75.1532127	76.1066426	71.9928393	86.967814	12.8155485	8.66906377	0	67.6	0	0	3
4005	904	0	1.56445312	75.2045994	76.0699079	71.9928393	86.967814	12.6748887	8.66906377	0	68.3	0	0	3
4010	905	0	1.56640625	75.2690451	76.0331733	71.9928393	86.967814	12.5345039	8.66906377	0	69.1	0	0	3
4015	906	0	1.56835938	75.3440209	75.9964172	71.9928393	86.967814	12.394518	8.66906377	0	69.9	0	0	3
4020	907	0	1.5703125	75.4106846	75.9594832	71.9928393	86.967814	12.2546623	8.66906377	0	70.7	0	0	3
4025	908	0	1.57226562	75.4524177	75.9221475	71.9928393	86.967814	12.1142527	8.66906377	0	71.5	0	0	3
4030	909	0	1.57421875	75.4933631	75.8842994	71.9928393	86.967814	11.9727627	8.66906377	0	72.4	0	0	3
4035	910	0	1.57617188	75.5576606	75.8460435	71.9928393	86.967814	11.8300441	8.66906377	0	73.2	0	0	3
4040	911	0	1.578125	75.6441434	75.8076752	71.9928393	86.967814	11.6867688	8.66906377	0	74.1	0	0	3
4045	912	0	1.58007812	75.7280861	75.7693385	71.9928393	86.967814	11.5438347	8.66906377	0	75	0	0	3
4050	913	0	1.58203125	75.7876053	75.7309486	71.9928393	86.967814	11.4016661	8.66906377	0	76	0	0	3
4055	914	0	1.58398438	75.8336536	75.6923125	71.9928393	86.967814	11.2604265	8.66906377	0	76.9	0	0	3
4060	915	0	1.5859375	75.8867359	75.653317	71.9928393	86.967814	11.1199551	8.66906377	0	77.9	0	0	3
4065	915	0	1.58789062	75.9533307	75.6140635	71.9928393	86.967814	10.9798374	8.66906377	0	78.9	0	0	3
4070	916	0	1.58984375	76.01984	75.5747178	71.9928393	86.967814	10.8396415	8.66906377	0	79.9	0	0	3
4075	917	0	1.59179688	76.0791223	75.5353977	71.9928393	86.967814	10.6990013	8.66906377	0	81	0	0	3
4080	918	0	1.59375	76.1367164	75.496094	71.9928393	86.967814	10.5577912	8.66906377	0	82.1	0	0	3
4085	919	0	1.59570312	76.2036321	75.4567141	71.9928393	86.967814	10.416355	8.66906377	0	83.2	0	0	3
4090	920	0	1.59765625	76.277962	75.4171725	71.9928393	86.967814	10.2751768	8.66906377	0	84.3	0	0	3
4095	921	0	1.59960938	76.3359627	75.3774278	71.9928393	86.967814	10.1345224	8.66906377	0	85.5	0	0	3
4100	922	0	1.6015625	76.3698468	75.3374748	71.9928393	86.967814	9.99467769	8.66906377	0	86.7	0	0	3
4105	924	0	1.60351562	76.3992723	75.2974294	71.9928393	86.967814	9.85545252	8.66906377	0	87.9	0	0	3
4110	925	0	1.60546875	76.4437203	75.2573868	71.9928393	86.967814	9.71656577	8.66906377	0	89.2	0	0	3
4115	926	0	1.60742188	76.5071115	75.2173149	71.9928393	86.967814	9.57778231	8.66906377	0	90.5	0	0	3
4120	927	0	1.609375	76.5656657	75.1771094	71.9928393	86.967814	9.43914307	8.66906377	0	91.8	0	0	3
4125	928	0	1.61132812	76.5997874	75.1367145	71.9928393	86.967814	9.30082693	8.66906377	0	93.2	0	0	3
4130	929	0	1.61328125	76.6139767	75.0962698	71.9928393	86.9280266	9.16304693	8.66906377	0	94.6	0	0	3
4135	930	0	1.61523438	76.6280308	75.0560355	71.9928393	86.8903297	9.02571909	8.66906377	0	96	0	0	3
4140	931	0	1.6171875	76.6671353	75.0161088	71.9928393	86.8903297	8.88864105	8.66906377	0	97.5	0	0	3
4145	932	0	1.61914062	76.7295872	74.9764602	71.9928393	86.8903297	8.75182301	8.66906377	0	99	0	0	3
4150	933	0	1.62109375	76.788337	74.9369993	71.9928393	86.8551025	8.61553673	8.66906377	0	100	0	0	3
4155	934	0	1.62304688	76.8217676	74.8978066	71.9928393	86.7436428	8.48001518	8.66906377	0	100	0	0	3
4160	935	0	1.625	76.8333986	74.8590947	71.9928393	86.5875347	8.34524504	8.66906377	0	100	0	0	3
4165	936	0	1.62695312	76.857837	74.8210881	71.9928393	86.4037826	8.21117921	8.66906377	0	100	0	0	3
4170	937	0	1.62890625	76.9144554	74.7840204	71.9928393	86.2019364	8.07784196	8.66906377	0	100	0	0	3
4175	938	0	1.63085938	76.9857184	74.7480195	71.9928393	86.0151654	7.94516208	8.66906377	0	100	0	0	3
4180	939	0	1.6328125	77.0408315	74.7129635	71.9928393	85.8369496	7.81299187	8.66906377	0	100	0	0	3
4185	940	0	1.63476562	77.0559159	74.6786626	71.9928393	85.6469882	7.68158206	8.66906377	0	100	0	0	3
4190	941	0	1.63671875	77.063195	74.6451322	71.9928393	85.4124875	7.5512766	8.66906377	0	100	0	0	3
4195	942	0	1.63867188	77.0940276	74.6126382	71.9928393	85.1384253	7.42238481	8.66906377	0	100	0	0	3
4200	943	0	1.640625	77.1462411	74.5814187	71.9928393	84.8298288	7.29504095	8.66906377	0	100	0	0	3
4205	945	0	1.64257812	77.1901846	74.5515764	71.9928393	84.4774835	7.16946968	8.66906377	0	100	0	0	3
4210	946	0	1.64453125	77.2065348	74.5231742	71.9928393	84.1015908	7.04578942	8.66906377	0	100	0	0	3
4215	947	0	1.64648438	77.2238699	74.4963081	71.9928393	83.761203	6.9237806	8.66906377	0	100	0	0	3
4220	948	0	1.6484375	77.263148	74.4709251	71.9928393	83.4591957	6.80326472	8.66906377	0	100	0	0	3
4225	948	0	1.65039062	77.3180396	74.4469362	71.9928393	83.1340815	6.68419915	8.66906377	0	100	0	0	3
4230	949	0	1.65234375	77.3538098	74.424357	71.9928393	82.7006975	6.5668536	8.66906377	0	100	0	0	3
4235	950	0	1.65429688	77.3616122	74.4035012	71.9928393	82.2189568	6.45138342	8.66906377	0	100	0	0	3
4240	951	0	1.65625	77.37922	74.384596	71.9928393	81.8273391	6.33744805	8.66906377	0	100	0	0	3
4245	952	0	1.65820312	77.4294979	74.3674169	71.9928393	81.5153303	6.22472751	8.66906377	0	100	0	0	3
4250	953	0	1.66015625	77.5092859	74.3517683	71.9928393	81.2178569	6.11310252	8.66906377	0	100	0	0	3
4255	954	0	1.66210938	77.5742077	74.3375353	71.9928393	80.8444122	6.00288574	8.66906377	0	100	0	0	3
4260	955	0	1.6640625	77.5923954	74.3248321	71.9928393	80.3780803	5.89454144	8.66906377	0	100	0	0	3
4265	956	0	1.66601562	77.5994534	74.3139781	71.9928393	79.9533005	5.78797649	8.66906377	0	100	0	0	3
4270	957	0	1.66796875	77.6244903	74.3048812	71.9928393	79.6189714	5.68295057	8.66906377	0	100	0	0	3
4275	958	0	1.66992188	77.6735567	74.2972819	71.9928393	79.3293458	5.57930648	8.66906377	0	100	0	0	3
4280	959	0	1.671875	77.7158328	74.2909791	71.9928393	79.0178206	5.47714871	8.66906377	0	100	0	0	3
4285	960	0	1.67382812	77.7125235	74.2858803	71.9928393	78.6331992	5.37671647	8.66906377	0	100	0	0	3
4290	961	0	1.67578125	77.6890682	74.2821923	71.9928393	78.2545091	5.2777566	8.66906377	0	100	0	0	3
4295	962	0	1.67773438	77.6857063	74.2799704	71.9928393	77.9340897	5.1800601	8.66906377	0	100	0	0	3
4300	963	0	1.6796875	77.7134256	74.2791084	71.9928393	77.7158328	5.08355635	8.66906377	0	100	0	0	3
4305	965	0	1.68164062	77.7496309	74.2794562	71.9928393	77.7496309	4.9883352	8.66906377	0	100	0	0	3
4310	966	0	1.68359375	77.7520653	74.2808713	71.9928393	77.7520653	4.89455437	8.66906377	0	100	0	0	3
4315	967	0	1.68554688	77.732214	74.2834213	71.9928393	77.7520653	4.80223632	8.66906377	0	100	0	0	3
4320	968	0	1.6875	77.7259813	74.2871631	71.9928393	77.7520653	4.71138403	8.66906377	0	100	0	0	3
4325	969	0	1.68945312	77.7493268	74.292151	71.9928393	77.7520653	4.62194867	8.66906377	0	100	0	0	3
4330	970	0	1.69140625	77.7877111	74.2983435	71.9928393	77.7877111	4.53386633	8.66906377	0	100	0	0	3
4335	971	0	1.69335938	77.7988709	74.3054997	71.9928393	77.7988709	4.44714532	8.66906377	0	100	0	0	3
4340	972	0	1.6953125	77.7797393	74.3134275	71.9928393	77.7988709	4.36181189	8.66906377	0	100	0	0	3
4345	973	0	1.69726562	77.7559578	74.3220748	71.9928393	77.7988709	4.27774301	8.66906377	0	100	0	0	3
4350	974	0	1.69921875	77.7486613	74.3314967	71.9928393	77.7988709	4.19483525	8.66906377	0	100	0	0	3
4355	975	0	1.70117188	77.7619704	74.3417306	71.9928393	77.7988709	4.11294431	8.66906377	0	100	0	0	3
4360	976	0	1.703125	77.7702776	74.3526443	71.9928393	77.7988709	4.03205905	8.66906377	0	100	0	0	3
4365	977	0	1.70507812	77.7524492	74.3640639	71.9928393	77.7988709	3.95218133	8.66906377	0	100	0	0	3
4370	978	0	1.70703125	77.7160925	74.3758613	71.9928393	77.7988709	3.87340352	8.66906377	0	100	0	0	3
4375	979	0	1.70898438	77.6944046	74.3881264	71.9928393	77.7988709	3.85375841	8.66906377	0	100	0	0	3
4380	980	0	1.7109375	77.707395	74.4010353	71.9928393	77.7988709	3.85375841	8.66906377	0	100	0	0	3
4385	981	0	1.71289062	77.7348276	74.4145641	71.9928393	77.7988709	3.85375841	8.66906377	0	100	0	0	3
4390	982	0	1.71484375	77.7232927	74.4285133	71.9928393	77.7988709	3.85375841	8.66906377	0	100	0	0	3
4395	983	0	1.71679688	77.6641101	74.4426723	71.9928393	77.7988709	3.85375841	8.66906377	0	100	0	0	3
4400	984	0	1.71875	77.6106979	74.4571658	71.9928393	77.7988709	3.85375841	8.66906377	0	100	0	0	3
4405	986	0	1.72070312	77.6030542	74.4721304	71.9928393	77.7988709	3.85375841	8.66906377	0	100	0	0	3
4410	987	0	1.72265625	77.6383388	74.4876295	71.9928393	77.7988709	3.85375841	8.66906377	0	100	0	0	3
4415	988	0	1.72460938	77.6679764	74.5035749	71.9928393	77.7988709	3.85375841	8.66906377	0	100	0	0	3
4420	989	0	1.7265625	77.6460619	74.5197969	71.9928393	77.7988709	3.85375841	8.66906377	0	100	0	0	3
4425	990	0	1.72851562	77.6089385	74.5364587	71.9928393	77.7988709	3.85375841	8.66906377	0	100	0	0	3
4430	991	0	1.73046875	77.5854395	74.5535326	71.9928393	77.7988709	3.85375841	8.66906377	0	100	0	0	3
4435	992	0	1.73242188	77.5767996	74.5708997	71.9928393	77.7988709	3.85375841	8.66906377	0	100	0	0	3
4440	992	0	1.734375	77.5541234	74.5884089	71.9928393	77.7988709	3.85375841	8.66906377	0	100	0	0	3
4445	993	0	1.73632812	77.4854082	74.6059238	71.9928393	77.7988709	3.85375841	8.66906377	0	100	0	0	3
4450	994	0	1.73828125	77.4142819	74.6237114	71.9928393	77.7988709	3.85375841	8.66906377	0	100	0	0	3
4455	995	0	1.74023438	77.3646918	74.6417727	71.9928393	77.7988709	3.85375841	8.66906377	0	100	0	0	3
4460	996	0	1.7421875	77.3320617	74.6599293	71.9928393	77.7988709	3.85375841	8.66906377	0	100	0	0	3
4465	997	0	1.74414062	77.2771045	74.6779445	71.9928393	77.7988709	3.85375841	8.66906377	0	100	0	0	3
4470	998	0	1.74609375	77.1901124	74.6957074	71.9928393	77.7988709	3.85375841	8.66906377	0	100	0	0	3
4475	999	0	1.74804688	77.1159022	74.7135449	71.9928393	77.7988709	3.85375841	8.66906377	0	100	0	0	3
4480	1000	0	1.75	77.0694636	74.7316838	71.9928393	77.7988709	3.85375841	8.66906377	0	100	0	0	3
4485	1001	0	1.75195312	77.0399817	74.7500709	71.9928393	77.7988709	3.85375841	8.66906377	0	100	0	0	3
4490	1002	0	1.75390625	76.982391	74.7683909	71.9928393	77.7988709	3.85375841	8.66906377	0	100	0	0	3
4495	1003	0	1.75585938	76.897952	74.7863907	71.9928393	77.7988709	3.85375841	8.66906377	0	100	0	0	3
4500	1004	0	1.7578125	76.8162033	74.8041412	71.9928393	77.7988709	3.85375841	8.66906377	0	100	0	0	3
4505	1007	0	1.75976562	76.7491743	74.8217996	71.9928393	77.7988709	3.85375841	8.66906377	0	100	0	0	3
4510	1008	0	1.76171875	76.6916113	74.8394079	71.9928393	77.7988709	3.85375841	8.66906377	0	100	0	0	3
4515	1009	0	1.76367188	76.6195527	74.8568216	71.9928393	77.7988709	3.85375841	8.66906377	0	100	0	0	3
4520	1010	0	1.765625	76.5369239	74.873885	71.9928393	77.7988709	3.85375841	8.66906377	0	100	0	0	3
4525	1011	0	1.76757812	76.4533416	74.8906367	71.9928393	77.7988709	3.85375841	8.66906377	0	100	0	0	3
4530	1012	0	1.76953125	76.3758948	74.9072581	71.9928393	77.7988709	3.85375841	8.66906377	0	100	0	0	3
4535	1013	0	1.77148438	76.3086429	74.9239224	71.9928393	77.7988709	3.85375841	8.66906377	0	100	0	0	3
4540	1014	0	1.7734375	76.2471384	74.9405407	72.0214379	77.7988709	3.85375841	8.66906377	0	100	0	0	3
4545	1015	0	1.77539062	76.1764576	74.9567713	72.0880412	77.7988709	3.85375841	8.66906377	0	100	0	0	3
4550	1016	0	1.77734375	76.0872332	74.9723612	72.0880412	77.7988709	3.85375841	8.66906377	0	100	0	0	3
4555	1017	0	1.77929688	75.986026	74.9873722	72.0880412	77.7988709	3.85375841	8.66906377	0	100	0	0	3
4560	1018	0	1.78125	75.8905257	75.0021028	72.0880412	77.7988709	3.85375841	8.66906377	0	100	0	0	3
4565	1019	0	1.78320312	75.827438	75.0167098	72.1235279	77.7988709	3.85375841	8.66906377	0	100	0	0	3
4570	1020	0	1.78515625	75.7791532	75.0309896	72.2117098	77.7988709	3.85375841	8.66906377	0	100	0	0	3
4575	1021	0	1.78710938	75.7100513	75.044655	72.2188314	77.7988709	3.85375841	8.66906377	0	100	0	0	3
4580	1022	0	1.7890625	75.6333785	75.0577467	72.2188314	77.7988709	3.85375841	8.66906377	0	100	0	0	3
4585	1023	0	1.79101562	75.575128	75.0706278	72.2188314	77.7988709	3.85375841	8.66906377	0	100	0	0	3
4590	1024	0	1.79296875	75.5425957	75.0835653	72.2188314	77.7988709	3.85375841	8.66906377	0	100	0	0	3
4595	1025	0	1.79492188	75.5040389	75.0963981	72.2652408	77.7988709	3.85375841	8.66906377	0	100	0	0	3
4600	1026	0	1.796875	75.4194756	75.1087193	72.2933747	77.7988709	3.85375841	8.66906377	0	100	0	0	3
4605	1029	0	1.79882812	75.3122801	75.1203961	72.2933747	77.7988709	3.85375841	8.66906377	0	100	0	0	3
4610	1030	0	1.80078125	75.2268468	75.1317122	72.2933747	77.7988709	3.85375841	8.66906377	0	100	0	0	3
4615	1031	0	1.80273438	75.1778581	75.1429472	72.2933747	77.7988709	3.85375841	8.66906377	0	100	0	0	3
4620	1032	0	1.8046875	75.1289988	75.1540239	72.3296776	77.7988709	3.85375841	8.66906377	0	100	0	0	3
4625	1033	0	1.80664062	75.0268435	75.1645597	72.3987506	77.7988709	3.85375841	8.66906377	0	100	0	0	3
4630	1034	0	1.80859375	74.904881	75.1743493	72.4154414	77.7988709	3.85375841	8.66906377	0	100	0	0	3
4635	1035	0	1.81054688	74.8138162	75.1836078	72.4154414	77.7988709	3.85375841	8.66906377	0	100	0	0	3
4640	1036	0	1.8125	74.7699285	75.1927153	72.4154414	77.7988709	3.85375841	8.66906377	0	100	0	0	3
4645	1037	0	1.81445312	74.7420711	75.2018037	72.4178258	77.7988709	3.85375841	8.66906377	0	100	0	0	3
4650	1038	0	1.81640625	74.6637432	75.2105768	72.4504866	77.7988709	3.85375841	8.66906377	0	100	0	0	3
4655	1039	0	1.81835938	74.5453025	75.2187597	72.4818591	77.7988709	3.85375841	8.66906377	0	100	0	0	3
4660	1040	0	1.8203125	74.4366404	75.2263955	72.4884907	77.7988709	3.85375841	8.66906377	0	100	0	0	3
4665	1041	0	1.82226562	74.3633212	75.2337191	72.495084	77.7988709	3.85375841	8.66906377	0	100	0	0	3
4670	1042	0	1.82421875	74.320475	75.2408495	72.5392926	77.7988709	3.85375841	8.66906377	0	100	0	0	3
4675	1043	0	1.82617188	74.2704522	75.2476119	72.5404511	77.7988709	3.85375841	8.66906377	0	100	0	0	3
4680	1044	0	1.828125	74.1904601	75.2537857	72.5404511	77.7988709	3.85375841	8.66906377	0	100	0	0	3
4685	1045	0	1.83007812	74.094405	75.259437	72.5404511	77.7988709	3.85375841	8.66906377	0	100	0	0	3
4690	1046	0	1.83203125	74.0097431	75.264964	72.5404511	77.7988709	3.85375841	8.66906377	0	100	0	0	3
4695	1047	0	1.83398438	73.9601515	75.2705097	72.5463661	77.7988709	3.85375841	8.66906377	0	100	0	0	3
4700	1048	0	1.8359375	73.932483	75.2759242	72.549188	77.7988709	3.85375841	8.66906377	0	100	0	0	3
4705	1050	0	1.83789062	73.8721161	75.2809273	72.549188	77.7988709	3.85375841	8.66906377	0	100	0	0	3
4710	1051	0	1.83984375	73.7694909	75.2854084	72.549188	77.7988709	3.85375841	8.66906377	0	100	0	0	3
4715	1052	0	1.84179688	73.663152	75.2896271	72.549188	77.7988709	3.85375841	8.66906377	0	100	0	0	3
4720	1053	0	1.84375	73.6079287	75.2937628	72.5922747	77.7988709	3.85375841	8.66906377	0	100	0	0	3
4725	1054	0	1.84570312	73.6098157	75.2977376	72.689749	77.7988709	3.85375841	8.66906377	0	100	0	0	3
4730	1055	0	1.84765625	73.5909382	75.3012579	72.7848416	77.7988709	3.85375841	8.66906377	0	100	0	0	3
4735	1056	0	1.84960938	73.4941519	75.3040286	72.7956223	77.7988709	3.85375841	8.66906377	0	100	0	0	3
4740	1057	0	1.8515625	73.3926099	75.3063597	72.7956223	77.7988709	3.85375841	8.66906377	0	100	0	0	3
4745	1058	0	1.85351562	73.3569618	75.3085524	72.8498111	77.7988709	3.85375841	8.66906377	0	100	0	0	3
4750	1059	0	1.85546875	73.3885146	75.3106567	72.939717	77.7988709	3.85375841	8.66906377	0	100	0	0	3
4755	1060	0	1.85742188	73.4046234	75.3124727	73.0050248	77.7988709	3.85375841	8.66906377	0	100	0	0	3
4760	1061	0	1.859375	73.3375181	75.3137151	73.0050248	77.7988709	3.85375841	8.66906377	0	100	0	0	3
4765	1062	0	1.86132812	73.2595344	75.3146525	73.0050248	77.7988709	3.85375841	8.66906377	0	100	0	0	3
4770	1063	0	1.86328125	73.2290448	75.3155276	73.0298161	77.7988709	3.85375841	8.66906377	0	100	0	0	3
4775	1064	0	1.86523438	73.2448865	75.3163677	73.0947267	77.7988709	3.85375841	8.66906377	0	100	0	0	3
4780	1065	0	1.8671875	73.2411522	75.3169396	73.1679046	77.7988709	3.85375841	8.66906377	0	100	0	0	3
4785	1066	0	1.86914062	73.1721814	75.3169564	73.1721814	77.7988709	3.85375841	8.66906377	0	100	0	0	3
4790	1067	0	1.87109375	73.1053979	75.3166312	73.1053979	77.7988709	3.85375841	8.66906377	0	100	0	0	3
4795	1068	0	1.87304688	73.0780082	75.3161593	73.0780082	77.7988709	3.85375841	8.66906377	0	100	0	0	3
4800	1069	0	1.875	73.0844036	75.3156103	73.0780082	77.7988709	3.85375841	8.66906377	0	100	0	0	3
4805	1071	0	1.87695312	73.0766442	75.3148362	73.0766442	77.7988709	3.85375841	8.66906377	0	100	0	0	3
4810	1072	0	1.87890625	73.0203363	75.3135722	73.0203363	77.7988709	3.85375841	8.66906377	0	100	0	0	3
4815	1072	0	1.88085938	72.9647427	75.3119034	72.9647427	77.7988709	3.85375841	8.66906377	0	100	0	0	3
4820	1073	0	1.8828125	72.9313809	75.3100437	72.9313809	77.7988709	3.85375841	8.66906377	0	100	0	0	3
4825	1074	0	1.88476562	72.918322	75.3081388	72.918322	77.7988709	3.85375841	8.66906377	0	100	0	0	3
4830	1075	0	1.88671875	72.9093439	75.306195	72.9093439	77.7988709	3.85375841	8.66906377	0	100	0	0	3
4835	1076	0	1.88867188	72.8780263	75.3040313	72.8780263	77.7988709	3.85375841	8.66906377	0	100	0	0	3
4840	1077	0	1.890625	72.835468	75.3014948	72.835468	77.7988709	3.85375841	8.66906377	0	100	0	0	3
4845	1078	0	1.89257812	72.7939089	75.2985945	72.7939089	77.7988709	3.85375841	8.66906377	0	100	0	0	3
4850	1079	0	1.89453125	72.7640048	75.2954837	72.7640048	77.7988709	3.85375841	8.66906377	0	100	0	0	3
4855	1080	0	1.89648438	72.7569784	75.2924227	72.7569784	77.7988709	3.85375841	8.66906377	0	100	0	0	3
4860	1081	0	1.8984375	72.7616041	75.2895438	72.7569784	77.7988709	3.85375841	8.66906377	0	100	0	0	3
4865	1082	0	1.90039062	72.7443135	75.2866917	72.7443135	77.7988709	3.85375841	8.66906377	0	100	0	0	3
4870	1083	0	1.90234375	72.7018112	75.2837203	72.7018112	77.7988709	3.85375841	8.66906377	0	100	0	0	3
4875	1084	0	1.90429688	72.6484586	75.2806359	72.6484586	77.7988709	3.85375841	8.66906377	0	100	0	0	3
4880	1085	0	1.90625	72.6270864	75.2776432	72.6270864	77.7988709	3.85261998	8.66906377	0	100	0	0	3
4885	1086	0	1.90820312	72.6485491	75.2748837	72.6270864	77.7988709	3.85013621	8.66906377	0	100	0	0	3
4890	1087	0	1.91015625	72.6598964	75.272193	72.6270864	77.7988709	3.84639264	8.66906377	0	100	0	0	3
4895	1088	0	1.91210938	72.6335933	75.2693264	72.6270864	77.7988709	3.84144375	8.66906377	0	100	0	0	3
4900	1089	0	1.9140625	72.5806053	75.2661625	72.5806053	77.7988709	3.83529242	8.66906377	0	100	0	0	3
4905	1092	0	1.91601562	72.5641796	75.2629092	72.5641796	77.7988709	3.82806092	8.66906377	0	100	0	0	3
4910	1093	0	1.91796875	72.5931618	75.2597054	72.5641796	77.7988709	3.81994438	8.66906377	0	100	0	0	3
4915	1094	0	1.91992188	72.6188887	75.256443	72.5641796	77.7988709	3.81108745	8.66906377	0	100	0	0	3
4920	1095	0	1.921875	72.6050898	75.2529451	72.5641796	77.7988709	3.80144614	8.66906377	0	100	0	0	3
4925	1096	0	1.92382812	72.5570216	75.2491754	72.5570216	77.7988709	3.79081806	8.66906377	0	100	0	0	3
4930	1097	0	1.92578125	72.5441142	75.2454236	72.5441142	77.7988709	3.77919763	8.66906377	0	100	0	0	3
4935	1098	0	1.92773438	72.5798571	75.2417997	72.5441142	77.7988709	3.76669883	8.66906377	0	100	0	0	3
4940	1099	0	1.9296875	72.6205281	75.2381898	72.5441142	77.7988709	3.75344185	8.66906377	0	100	0	0	3
4945	1100	0	1.93164062	72.6228105	75.2344029	72.5441142	77.7988709	3.73939042	8.66906377	0	100	0	0	3
4950	1101	0	1.93359375	72.5945893	75.2304437	72.5441142	77.7988709	3.72444783	8.66906377	0	100	0	0	3
4955	1102	0	1.93554688	72.6003592	75.2265567	72.5441142	77.7988709	3.70872104	8.66906377	0	100	0	0	3
4960	1103	0	1.9375	72.6433119	75.2227566	72.5441142	77.7988709	3.6923731	8.66906377	0	100	0	0	3
4965	1104	0	1.93945312	72.6908196	75.2189329	72.5441142	77.7988709	3.67547814	8.66906377	0	100	0	0	3
4970	1105	0	1.94140625	72.7023519	75.2149196	72.5441142	77.7988709	3.65788313	8.66906377	0	100	0	0	3
4975	1106	0	1.94335938	72.6768406	75.2106918	72.5441142	77.7988709	3.63940864	8.66906377	0	100	0	0	3
4980	1107	0	1.9453125	72.67244	75.2064485	72.5441142	77.7988709	3.62006895	8.66906377	0	100	0	0	3
4985	1108	0	1.94726562	72.6969285	75.2022524	72.5441142	77.7988709	3.60001501	8.66906377	0	100	0	0	3
4990	1109	0	1.94921875	72.7329875	75.1980771	72.5441142	77.7988709	3.57939751	8.66906377	0	100	0	0	3
4995	1110	0	1.95117188	72.7441986	75.1938041	72.5441142	77.7988709	3.55819083	8.66906377	0	100	0	0	3
5000	1111	0	1.953125	72.7263027	75.1894128	72.5441142	77.7988709	3.53635555	8.66906377	0	100	0	0	3
5005	1113	0	1.95507812	72.7205146	75.1849904	72.5441142	77.7988709	3.5139508	8.66906377	0	100	0	0	3
5010	1114	0	1.95703125	72.7381414	75.1805675	72.5441142	77.7988709	3.49108079	8.66906377	0	100	0	0	3
5015	1115	0	1.95898438	72.7718677	75.1761795	72.5441142	77.7988709	3.46777148	8.66906377	0	100	0	0	3
5020	1116	0	1.9609375	72.7893979	75.171824	72.5441142	77.7988709	3.44394216	8.66906377	0	100	0	0	3
5025	1117	0	1.96289062	72.7919287	75.1675621	72.5441142	77.7988709	3.41957617	8.66906377	0	100	0	0	3
5030	1118	0	1.96484375	72.7986164	75.1634477	72.5441142	77.7988709	3.39466986	8.66906377	0	100	0	0	3
5035	1119	0	1.96679688	72.8125886	75.1595102	72.5441142	77.7988709	3.36917004	8.66906377	0	100	0	0	3
5040	1120	0	1.96875	72.8393156	75.1558285	72.5441142	77.7988709	3.34301758	8.66906377	0	100	0	0	3
5045	1121	0	1.97070312	72.8515867	75.1523597	72.5441142	77.7988709	3.31625447	8.66906377	0	100	0	0	3
5050	1122	0	1.97265625	72.8440513	75.1489516	72.5441142	77.7988709	3.2889415	8.66906377	0	100	0	0	3
5055	1123	0	1.97460938	72.8414634	75.1455594	72.5441142	77.7988709	3.26118522	8.66906377	0	100	0	0	3
5060	1124	0	1.9765625	72.8568827	75.1422431	72.5441142	77.7988709	3.2330055	8.66906377	0	100	0	0	3
5065	1125	0	1.97851562	72.9006441	75.1391762	72.5441142	77.7988709	3.20440188	8.66906377	0	100	0	0	3
5070	1126	0	1.98046875	72.9400877	75.1363272	72.5441142	77.7988709	3.17545458	8.66906377	0	100	0	0	3
5075	1127	0	1.98242188	72.938582	75.1334066	72.5441142	77.7988709	3.14625465	8.66906377	0	100	0	0	3
5080	1128	0	1.984375	72.915709	75.1302616	72.5441142	77.7988709	3.11688633	8.66906377	0	100	0	0	3
5085	1129	0	1.98632812	72.9071118	75.1269837	72.5441142	77.7988709	3.08729995	8.66906377	0	100	0	0	3
5090	1130	0	1.98828125	72.9379454	75.123874	72.5441142	77.7988709	3.05748859	8.66906377	0	100	0	0	3
5095	1131	0	1.99023438	72.9824716	75.1209687	72.5441142	77.7988709	3.02747791	8.66906377	0	100	0	0	3
5100	1132	0	1.9921875	72.9803903	75.1179341	72.5441142	77.7988709	2.99728549	8.66906377	0	100	0	0	3
5105	1134	0	1.99414062	72.9547825	75.1145946	72.5441142	77.7988709	2.9669256	8.66906377	0	100	0	0	3
5110	1135	0	1.99609375	72.9565696	75.1111099	72.5441142	77.7988709	2.93636795	8.66906377	0	100	0	0	3
5115	1136	0	1.99804688	73.0052921	75.1078022	72.5441142	77.7988709	2.90570927	8.66906377	0	100	0	0	3
5120	1137	0	2	73.0712321	75.104704	72.5441142	77.7988709	2.87510103	8.66906377	0	100	0	0	3
5125	1138	0	2.00195312	73.1037836	75.1015534	72.5441142	77.7988709	2.84455898	8.66906377	0	100	0	0	3
5130	1139	0	2.00390625	73.103563	75.0981607	72.5441142	77.7988709	2.81389081	8.66906377	0	100	0	0	3
5135	1140	0	2.00585938	73.1147798	75.0946208	72.5441142	77.7988709	2.78284302	8.66906377	0	100	0	0	3
5140	1141	0	2.0078125	73.1443566	75.0911088	72.5441142	77.7988709	2.75129261	8.66906377	0	100	0	0	3
5145	1142	0	2.00976562	73.1850832	75.0876405	72.5441142	77.7988709	2.71933655	8.66906377	0	100	0	0	3
5150	1143	0	2.01171875	73.2212105	75.0841098	72.5441142	77.7988709	2.68722257	8.66906377	0	100	0	0	3
5155	1144	0	2.01367188	73.2166344	75.0803152	72.5441142	77.7988709	2.65506306	8.66906377	0	100	0	0	3
5160	1145	0	2.015625	73.2276091	75.0763655	72.5441142	77.7988709	2.62275594	8.66906377	0	100	0	0	3
5165	1146	0	2.01757812	73.2682286	75.0724605	72.5441142	77.7988709	2.59022641	8.66906377	0	100	0	0	3
5170	1147	0	2.01953125	73.3096976	75.0685668	72.5441142	77.7988709	2.55748433	8.66906377	0	100	0	0	3
5175	1148	0	2.02148438	73.3277048	75.0645206	72.5441142	77.7988709	2.52460223	8.66906377	0	100	0	0	3
5180	1149	0	2.0234375	73.3213734	75.0602069	72.5441142	77.7988709	2.49155544	8.66906377	0	100	0	0	3
5185	1150	0	2.02539062	73.3306645	75.0557828	72.5441142	77.7988709	2.45828673	8.66906377	0	100	0	0	3
5190	1151	0	2.02734375	73.3799114	75.0515018	72.5441142	77.7988709	2.42489351	8.66906377	0	100	0	0	3
5195	1152	0	2.02929688	73.424583	75.0473086	72.5441142	77.7988709	2.39143787	8.66906377	0	100	0	0	3
5200	1153	0	2.03125	73.4426675	75.0430354	72.5441142	77.7988709	2.35785505	8.66906377	0	100	0	0	3
5205	1156	0	2.03320312	73.4392275	75.0385898	72.5441142	77.7988709	2.32399177	8.66906377	0	100	0	0	3
5210	1157	0	2.03515625	73.454238	75.0341166	72.5441142	77.7988709	2.28976419	8.66906377	0	100	0	0	3
5215	1158	0	2.03710938	73.4835715	75.0297223	72.5441142	77.7988709	2.25530801	8.66906377	0	100	0	0	3
5220	1159	0	2.0390625	73.5062261	75.0253383	72.5441142	77.7988709	2.22072279	8.66906377	0	100	0	0	3
5225	1160	0	2.04101562	73.5177995	75.0208641	72.5441142	77.7988709	2.18595515	8.66906377	0	100	0	0	3
5230	1161	0	2.04296875	73.5319429	75.0162837	72.5441142	77.7988709	2.15090085	8.66906377	0	100	0	0	3
5235	1162	0	2.04492188	73.5791464	75.0117455	72.5441142	77.7988709	2.11556407	8.66906377	0	100	0	0	3
5240	1163	0	2.046875	73.6105321	75.0072027	72.5441142	77.7988709	2.08008768	8.66906377	0	100	0	0	3
5245	1164	0	2.04882812	73.6206761	75.0025583	72.5441142	77.7988709	2.04458053	8.66906377	0	100	0	0	3
5250	1165	0	2.05078125	73.6081957	74.9977043	72.5441142	77.7988709	2.0089766	8.66906377	0	100	0	0	3
5255	1166	0	2.05273438	73.6227899	74.992746	72.5441142	77.7988709	1.97314176	8.66906377	0	100	0	0	3
5260	1167	0	2.0546875	73.6400087	74.9876972	72.5441142	77.7988709	1.93703866	8.66906377	0	100	0	0	3
5265	1168	0	2.05664062	73.6201431	74.9823789	72.5441142	77.7988709	1.90069777	8.66906377	0	100	0	0	3
5270	1169	0	2.05859375	73.58387	74.9766895	72.5441142	77.7988709	1.86418655	8.66906377	0	100	0	0	3
5275	1170	0	2.06054688	73.6100203	74.9708659	72.5441142	77.7988709	1.8275341	8.66906377	0	100	0	0	3
5280	1171	0	2.0625	73.6552558	74.9650145	72.5441142	77.7988709	1.79079945	8.66906377	0	100	0	0	3
5285	1172	0	2.06445312	73.6913624	74.9591034	72.5441142	77.7988709	1.75406483	8.66906377	0	100	0	0	3
5290	1173	0	2.06640625	73.695867	74.9529582	72.5441142	77.7988709	1.71730876	8.66906377	0	100	0	0	3
5295	1174	0	2.06835938	73.6975092	74.9465265	72.5441142	77.7988709	1.68037477	8.66906377	0	100	0	0	3
5300	1175	0	2.0703125	73.7260841	74.939946	72.5441142	77.7988709	1.64303902	8.66906377	0	100	0	0	3
5305	1177	0	2.07226562	73.7667476	74.9333613	72.5441142	77.7988709	1.60519094	8.66906377	0	100	0	0	3
5310	1178	0	2.07421875	73.8102469	74.9267867	72.5441142	77.7988709	1.56693501	8.66906377	0	100	0	0	3
5315	1179	0	2.07617188	73.8102043	74.9199607	72.5441142	77.7988709	1.52856675	8.66906377	0	100	0	0	3
5320	1180	0	2.078125	73.8111108	74.9128004	72.5441142	77.7988709	1.49023004	8.66906377	0	100	0	0	3
5325	1181	0	2.08007812	73.8330658	74.905398	72.5441142	77.7988709	1.45184016	8.66906377	0	100	0	0	3
5330	1182	0	2.08203125	73.8573788	74.897858	72.5441142	77.7988709	1.41320405	8.66906377	0	100	0	0	3
5335	1184	0	2.08398438	73.8829372	74.890238	72.5441142	77.7988709	1.37420853	8.66906377	0	100	0	0	3
5340	1185	0	2.0859375	73.896658	74.8824643	72.5441142	77.7988709	1.33495503	8.66906377	0	100	0	0	3
5345	1186	0	2.08789062	73.9037413	74.8744581	72.5441142	77.7988709	1.29560938	8.66906377	0	100	0	0	3
5350	1187	0	2.08984375	73.9278098	74.8662861	72.5441142	77.7988709	1.25628928	8.66906377	0	100	0	0	3
5355	1188	0	2.09179688	73.9583438	74.8580018	72.5441142	77.7988709	1.2169856	8.66906377	0	100	0	0	3
5360	1189	0	2.09375	73.9815863	74.8495833	72.5441142	77.7988709	1.17760568	8.66906377	0	100	0	0	3
5365	1190	0	2.09570312	73.9939018	74.8409516	72.5441142	77.7988709	1.13806407	8.66906377	0	100	0	0	3
5370	1191	0	2.09765625	74.0003993	74.8320548	72.5441142	77.7988709	1.09831934	8.66906377	0	100	0	0	3
5375	1192	0	2.09960938	74.0184423	74.823002	72.5441142	77.7988709	1.05836632	8.66906377	0	100	0	0	3
5380	1193	0	2.1015625	74.0374884	74.8138912	72.5441142	77.7988709	1.0378479	8.66906377	0	100	0	0	3
5385	1194	0	2.10351562	74.0499613	74.8047143	72.5441142	77.7988709	1.0378479	8.66906377	0	100	0	0	3
5390	1195	0	2.10546875	74.0560437	74.7953874	72.5441142	77.7988709	1.0378479	8.66906377	0	100	0	0	3
5395	1196	0	2.10742188	74.0702672	74.7858685	72.5441142	77.7988709	1.0378479	8.66906377	0	100	0	0	3
5400	1197	0	2.109375	74.0975973	74.7762276	72.5441142	77.7988709	1.0378479	8.66906377	0	100	0	0	3
5405	1199	0	2.11132812	74.1120329	74.7665098	72.5441142	77.7988709	1.0378479	8.66906377	0	100	0	0	3
5410	1200	0	2.11328125	74.1162135	74.7567529	72.5441142	77.7988709	1.0378479	8.66906377	0	100	0	0	3
5415	1201	0	2.11523438	74.1085403	74.7469111	72.5441142	77.7988709	1.0378479	8.66906377	0	100	0	0	3
5420	1202	0	2.1171875	74.1051669	74.7369034	72.5441142	77.7988709	1.0378479	8.66906377	0	100	0	0	3
5425	1203	0	2.11914062	74.0914295	74.7265981	72.5441142	77.7988709	1.0378479	8.66906377	0	100	0	0	3
5430	1204	0	2.12109375	74.0754109	74.7160008	72.5441142	77.7988709	1.0378479	8.66906377	0	100	0	0	3
5435	1205	0	2.12304688	74.0891793	74.7053266	72.5441142	77.7988709	1.0378479	8.66906377	0	100	0	0	3
5440	1206	0	2.125	74.1065679	74.6946749	72.5441142	77.7988709	1.0378479	8.66906377	0	100	0	0	3
5445	1207	0	2.12695312	74.1108604	74.6839445	72.5441142	77.7988709	1.0378479	8.66906377	0	100	0	0	3
5450	1208	0	2.12890625	74.086052	74.6728961	72.5441142	77.7988709	1.0378479	8.66906377	0	100	0	0	3
5455	1209	0	2.13085938	74.0833201	74.6615586	72.5441142	77.7988709	1.0378479	8.66906377	0	100	0	0	3
5460	1210	0	2.1328125	74.098738	74.650066	72.5441142	77.7988709	1.0378479	8.66906377	0	100	0	0	3
5465	1211	0	2.13476562	74.1466315	74.6387017	72.5441142	77.7988709	1.0378479	8.66906377	0	100	0	0	3
5470	1212	0	2.13671875	74.1697422	74.6273991	72.5441142	77.7988709	1.0378479	8.66906377	0	100	0	0	3
5475	1213	0	2.13867188	74.1512673	74.6159039	72.5441142	77.7988709	1.0378479	8.66906377	0	100	0	0	3
5480	1214	0	2.140625	74.1262591	74.6041071	72.5441142	77.7988709	1.0378479	8.66906377	0	100	0	0	3
5485	1215	0	2.14257812	74.1391894	74.5921892	72.5441142	77.7988709	1.0378479	8.66906377	0	100	0	0	3
5490	1216	0	2.14453125	74.1788683	74.5803624	72.5441142	77.7988709	1.0378479	8.66906377	0	100	0	0	3
5495	1217	0	2.14648438	74.2008328	74.5685536	72.5441142	77.7988709	1.0378479	8.66906377	0	100	0	0	3
5500	1218	0	2.1484375	74.1875344	74.5565395	72.5441142	77.7988709	1.0378479	8.66906377	0	100	0	0	3
5505	1220	0	2.15039062	74.1871023	74.5443093	72.5441142	77.7988709	1.0378479	8.66906377	0	100	0	0	3
5510	1222	0	2.15234375	74.1998553	74.5319892	72.5441142	77.7988709	1.0378479	8.66906377	0	100	0	0	3
5515	1223	0	2.15429688	74.22077	74.5197202	72.5441142	77.7988709	1.0378479	8.66906377	0	100	0	0	3
5520	1224	0	2.15625	74.2447057	74.507476	72.5441142	77.7988709	1.0378479	8.66906377	0	100	0	0	3
5525	1225	0	2.15820312	74.2430485	74.495029	72.5441142	77.7988709	1.0378479	8.66906377	0	100	0	0	3
5530	1226	0	2.16015625	74.2403228	74.4822596	72.5441142	77.7988709	1.0378479	8.66906377	0	100	0	0	3
5535	1227	0	2.16210938	74.2644279	74.4693308	72.5441142	77.7988709	1.0378479	8.66906377	0	100	0	0	3
5540	1228	0	2.1640625	74.28025	74.4563927	72.5441142	77.7988709	1.0378479	8.66906377	0	100	0	0	3
5545	1229	0	2.16601562	74.2934007	74.4434784	72.5441142	77.7988709	1.0378479	8.66906377	0	100	0	0	3
5550	1230	0	2.16796875	74.286837	74.4304407	72.5441142	77.7988709	1.0378479	8.66906377	0	100	0	0	3
5555	1231	0	2.16992188	74.2909116	74.4172273	72.5441142	77.7988709	1.0378479	8.66906377	0	100	0	0	3
5560	1232	0	2.171875	74.3163237	74.4039479	72.5441142	77.7988709	1.0378479	8.66906377	0	100	0	0	3
5565	1233	0	2.17382812	74.3445941	74.390792	72.5441142	77.7988709	1.0378479	8.66906377	0	100	0	0	3
5570	1234	0	2.17578125	74.3568481	74.3777755	72.5441142	77.7988709	1.0378479	8.66906377	0	100	0	0	3
5575	1235	0	2.17773438	74.3403526	74.3647077	72.5441142	77.7988709	1.0378479	8.66906377	0	100	0	0	3
5580	1236	0	2.1796875	74.3362732	74.3515157	72.5441142	77.7988709	1.03750016	8.66906377	0	100	0	0	3
5585	1237	0	2.18164062	74.3469161	74.3382238	72.5441142	77.7988709	1.03608509	8.66906377	0	100	0	0	3
5590	1238	0	2.18359375	74.352709	74.3249451	72.5441142	77.7988709	1.03353507	8.66906377	0	100	0	0	3
5595	1239	0	2.18554688	74.3447767	74.3117129	72.5441142	77.7988709	1.02979327	8.66906377	0	100	0	0	3
5600	1240	0	2.1875	74.33285	74.2984585	72.5441142	77.7988709	1.02480534	8.66906377	0	100	0	0	3
5605	1242	0	2.18945312	74.3457983	74.2851635	72.5441142	77.7988709	1.03179289	8.66906377	0	100	0	0	3
5610	1244	0	2.19140625	74.352177	74.2717434	72.5441142	77.7988709	1.04521295	8.66906377	0	100	0	0	3
5615	1245	0	2.19335938	74.3505058	74.2582732	72.5441142	77.7797393	1.05868312	8.66906377	0	100	0	0	3
5620	1246	0	2.1953125	74.3401833	74.2448375	72.5441142	77.7702776	1.07211889	8.66906377	0	100	0	0	3
5625	1247	0	2.19726562	74.3534719	74.2315465	72.5441142	77.7702776	1.08540985	8.66906377	0	100	0	0	3
5630	1248	0	2.19921875	74.3761567	74.2183727	72.5441142	77.7702776	1.0985837	8.66906377	0	100	0	0	3
5635	1249	0	2.20117188	74.3930685	74.2052129	72.5441142	77.7702776	1.11174347	8.66906377	0	100	0	0	3
5640	1250	0	2.203125	74.3818433	74.1919768	72.5441142	77.7524492	1.12497954	8.66906377	0	100	0	0	3
5645	1251	0	2.20507812	74.3721719	74.1787726	72.5441142	77.7348276	1.13818375	8.66906377	0	100	0	0	3
5650	1252	0	2.20703125	74.4064413	74.1658443	72.5441142	77.7348276	1.15111207	8.66906377	0	100	0	0	3
5655	1253	0	2.20898438	74.4329686	74.1531043	72.5441142	77.7348276	1.16385206	8.66906377	0	100	0	0	3
5660	1254	0	2.2109375	74.4325668	74.140312	72.5441142	77.7348276	1.17664436	8.66906377	0	100	0	0	3
5665	1255	0	2.21289062	74.4188386	74.1273589	72.5441142	77.7232927	1.18959744	8.66906377	0	100	0	0	3
5670	1256	0	2.21484375	74.4177846	74.1144468	72.5441142	77.6679764	1.20250958	8.66906377	0	100	0	0	3
5675	1257	0	2.21679688	74.4573155	74.1019202	72.5441142	77.6679764	1.21503612	8.66906377	0	100	0	0	3
5680	1258	0	2.21875	74.4956643	74.0897521	72.5441142	77.6679764	1.22720422	8.66906377	0	100	0	0	3
5685	1259	0	2.22070312	74.492692	74.0776023	72.5441142	77.6679764	1.23935407	8.66906377	0	100	0	0	3
5690	1260	0	2.22265625	74.4749731	74.0652454	72.5441142	77.6679764	1.25171097	8.66906377	0	100	0	0	3
5695	1261	0	2.22460938	74.4827683	74.0528032	72.5441142	77.6460619	1.26415319	8.66906377	0	100	0	0	3
5700	1262	0	2.2265625	74.5193671	74.0405895	72.5441142	77.6089385	1.27636684	8.66906377	0	100	0	0	3
5705	1264	0	2.22851562	74.5457108	74.0286238	72.5441142	77.5854395	1.28833257	8.66906377	0	100	0	0	3
5710	1265	0	2.23046875	74.5459247	74.0167507	72.5441142	77.5767996	1.30020568	8.66906377	0	100	0	0	3
5715	1266	0	2.23242188	74.5470631	74.0049158	72.5441142	77.5541234	1.31204059	8.66906377	0	100	0	0	3
5720	1267	0	2.234375	74.5694124	73.9932567	72.5441142	77.4854082	1.32369961	8.66906377	0	100	0	0	3
5725	1268	0	2.23632812	74.5968211	73.9819732	72.5441142	77.4142819	1.33498316	8.66906377	0	100	0	0	3
5730	1269	0	2.23828125	74.6131104	73.9710311	72.5441142	77.3646918	1.34592523	8.66906377	0	100	0	0	3
5735	1270	0	2.24023438	74.6018872	73.9602389	72.5441142	77.3320617	1.35671744	8.66906377	0	100	0	0	3
5740	1271	0	2.2421875	74.5927697	73.9495386	72.5441142	77.2771045	1.3674178	8.66906377	0	100	0	0	3
5745	1272	0	2.24414062	74.6138839	73.9391353	72.5441142	77.1901124	1.377821	8.66906377	0	100	0	0	3
5750	1274	0	2.24609375	74.6488751	73.9292086	72.5441142	77.1159022	1.38774771	8.66906377	0	100	0	0	3
5755	1275	0	2.24804688	74.6612258	73.9196201	72.5441142	77.0694636	1.39733629	8.66906377	0	100	0	0	3
5760	1276	0	2.25	74.6494894	73.910167	72.5441142	77.0399817	1.40678932	8.66906377	0	100	0	0	3
5765	1277	0	2.25195312	74.6554106	73.9008523	72.5441142	76.982391	1.41610405	8.66906377	0	100	0	0	3
5770	1278	0	2.25390625	74.6803915	73.8918601	72.5441142	76.897952	1.42509623	8.66906377	0	100	0	0	3
5775	1279	0	2.25585938	74.7046593	73.8832926	72.5441142	76.8162033	1.43366378	8.66906377	0	100	0	0	3
5780	1280	0	2.2578125	74.7046234	73.8750442	72.5441142	76.7491743	1.44191214	8.66906377	0	100	0	0	3
5785	1281	0	2.25976562	74.6913625	73.8670059	72.5441142	76.6916113	1.44995047	8.66906377	0	100	0	0	3
5790	1282	0	2.26171875	74.6942898	73.8592038	72.5441142	76.6195527	1.45775251	8.66906377	0	100	0	0	3
5795	1283	0	2.26367188	74.7235318	73.8517975	72.5441142	76.5369239	1.46515884	8.66906377	0	100	0	0	3
5800	1284	0	2.265625	74.75295	73.8448289	72.5441142	76.4533416	1.47212749	8.66906377	0	100	0	0	3
5805	1286	0	2.26757812	74.7469722	73.8381634	72.5441142	76.3758948	1.47879299	8.66906377	0	100	0	0	3
5810	1287	0	2.26953125	74.7380539	73.8317655	72.5441142	76.3086429	1.48519081	8.66906377	0	100	0	0	3
5815	1288	0	2.27148438	74.7566971	73.8257033	72.5441142	76.2471384	1.49125309	8.66906377	0	100	0	0	3
5820	1289	0	2.2734375	74.7873834	73.8200011	72.5441142	76.1764576	1.49695526	8.66906377	0	100	0	0	3
5825	1290	0	2.27539062	74.8015278	73.8146303	72.5441142	76.0872332	1.50232608	8.66906377	0	100	0	0	3
5830	1291	0	2.27734375	74.8046296	73.8096201	72.5441142	75.986026	1.50733625	8.66906377	0	100	0	0	3
5835	1292	0	2.27929688	74.8132185	73.8050388	72.5441142	75.8905257	1.51191753	8.66906377	0	100	0	0	3
5840	1293	0	2.28125	74.841238	73.80094	72.5441142	75.827438	1.51601631	8.66906377	0	100	0	0	3
5845	1294	0	2.28320312	74.8579935	73.7971531	72.5441142	75.7791532	1.5198032	8.66906377	0	100	0	0	3
5850	1295	0	2.28515625	74.8532733	73.7935364	72.5441142	75.7100513	1.52341992	8.66906377	0	100	0	0	3
5855	1296	0	2.28710938	74.865175	73.7902361	72.5441142	75.6333785	1.52672022	8.66906377	0	100	0	0	3
5860	1297	0	2.2890625	74.89124	73.7873372	72.5441142	75.575128	1.5296192	8.66906377	0	100	0	0	3
5865	1299	0	2.29101562	74.9139164	73.7847543	72.5441142	75.5425957	1.53220206	8.66906377	0	100	0	0	3
5870	1300	0	2.29296875	74.9197907	73.7823215	72.5441142	75.5040389	1.53463489	8.66906377	0	100	0	0	3
5875	1301	0	2.29492188	74.9167798	73.7800275	72.5441142	75.4194756	1.53692887	8.66906377	0	100	0	0	3
5880	1302	0	2.296875	74.9310925	73.7781197	72.5441142	75.3122801	1.53883662	8.66906377	0	100	0	0	3
5885	1303	0	2.29882812	74.9630192	73.7767554	72.5441142	75.2268468	1.54020092	8.66906377	0	100	0	0	3
5890	1304	0	2.30078125	74.9995132	73.7758674	72.5441142	75.1778581	1.54108894	8.66906377	0	100	0	0	3
5895	1305	0	2.30273438	75.0054334	73.7751939	72.5441142	75.1289988	1.54176247	8.66906377	0	100	0	0	3
5900	1306	0	2.3046875	74.9885077	73.7746451	72.5441142	75.0268435	1.54231127	8.66906377	0	100	0	0	3
5905	1309	0	2.30664062	74.9918429	73.7745084	72.5441142	75.0054334	1.54244799	8.66906377	0	100	0	0	3
5910	1310	0	2.30859375	75.0280849	73.7749896	72.5441142	75.0280849	1.54244799	8.66906377	0	100	0	0	3
5915	1311	0	2.31054688	75.0676385	73.7759811	72.5441142	75.0676385	1.54244799	8.66906377	0	100	0	0	3
5920	1312	0	2.3125	75.0820828	73.7772005	72.5441142	75.0820828	1.54244799	8.66906377	0	100	0	0	3
5925	1313	0	2.31445312	75.0917585	73.7785664	72.5441142	75.0917585	1.54244799	8.66906377	0	100	0	0	3
5930	1314	0	2.31640625	75.1113041	73.7803147	72.5441142	75.1113041	1.54244799	8.66906377	0	100	0	0	3
5935	1315	0	2.31835938	75.1340234	73.7826144	72.5441142	75.1340234	1.54244799	8.66906377	0	100	0	0	3
5940	1316	0	2.3203125	75.1512283	73.7854058	72.5441142	75.1512283	1.54244799	8.66906377	0	100	0	0	3
5945	1317	0	2.32226562	75.1587454	73.7885129	72.5441142	75.1587454	1.54244799	8.66906377	0	100	0	0	3
5950	1318	0	2.32421875	75.1421087	73.7917224	72.5441142	75.1587454	1.54244799	8.66906377	0	100	0	0	3
5955	1319	0	2.32617188	75.162281	73.7952061	72.5441142	75.162281	1.54244799	8.66906377	0	100	0	0	3
5960	1320	0	2.328125	75.1842549	73.7990881	72.5441142	75.1842549	1.54244799	8.66906377	0	100	0	0	3
5965	1321	0	2.33007812	75.1886049	73.8033623	72.5441142	75.1886049	1.54244799	8.66906377	0	100	0	0	3
5970	1322	0	2.33203125	75.1850437	73.8079534	72.5441142	75.1886049	1.54244799	8.66906377	0	100	0	0	3
5975	1323	0	2.33398438	75.1736711	73.8126937	72.5441142	75.1886049	1.54244799	8.66906377	0	100	0	0	3
5980	1324	0	2.3359375	75.207317	73.8176735	72.5441142	75.207317	1.54244799	8.66906377	0	100	0	0	3
5985	1325	0	2.33789062	75.2297841	73.8229769	72.5441142	75.2297841	1.54244799	8.66906377	0	100	0	0	3
5990	1326	0	2.33984375	75.2553977	73.8287812	72.5441142	75.2553977	1.54244799	8.66906377	0	100	0	0	3
5995	1327	0	2.34179688	75.2468154	73.8349674	72.5441142	75.2553977	1.54244799	8.66906377	0	100	0	0	3
6000	1329	0	2.34375	75.2462889	73.8413672	72.5441142	75.2553977	1.54244799	8.66906377	0	100	0	0	3
6005	1331	0	2.34570312	75.278395	73.8478851	72.5441142	75.278395	1.54244799	8.66906377	0	100	0	0	3
6010	1332	0	2.34765625	75.296052	73.8545457	72.5441142	75.296052	1.54244799	8.66906377	0	100	0	0	3
6015	1333	0	2.34960938	75.3039777	73.8616154	72.5441142	75.3039777	1.54244799	8.66906377	0	100	0	0	3
6020	1334	0	2.3515625	75.3129186	73.8691166	72.5441142	75.3129186	1.54244799	8.66906377	0	100	0	0	3
6025	1335	0	2.35351562	75.3013361	73.8767118	72.5441142	75.3129186	1.54244799	8.66906377	0	100	0	0	3
6030	1336	0	2.35546875	75.3108133	73.8842208	72.5441142	75.3129186	1.54244799	8.66906377	0	100	0	0	3
6035	1337	0	2.35742188	75.3337389	73.8917564	72.5441142	75.3337389	1.54244799	8.66906377	0	100	0	0	3
6040	1338	0	2.359375	75.3542766	73.8996343	72.5441142	75.3542766	1.54244799	8.66906377	0	100	0	0	3
6045	1339	0	2.36132812	75.3464693	73.9077864	72.5441142	75.3542766	1.54244799	8.66906377	0	100	0	0	3
6050	1340	0	2.36328125	75.3633555	73.9161236	72.5441142	75.3633555	1.54244799	8.66906377	0	100	0	0	3
6055	1341	0	2.36523438	75.3799698	73.9244637	72.5441142	75.3799698	1.54244799	8.66906377	0	100	0	0	3
6060	1342	0	2.3671875	75.3913973	73.9328631	72.5441142	75.3913973	1.54244799	8.66906377	0	100	0	0	3
6065	1344	0	2.36914062	75.3890197	73.9415227	72.5441142	75.3913973	1.54212287	8.66906377	0	100	0	0	3
6070	1345	0	2.37109375	75.4014993	73.9504918	72.5441142	75.4014993	1.54165095	8.66906377	0	100	0	0	3
6075	1346	0	2.37304688	75.421134	73.9596446	72.5441142	75.421134	1.54110195	8.66906377	0	100	0	0	3
6080	1347	0	2.375	75.4276317	73.9687979	72.5441142	75.4276317	1.54032779	8.66906377	0	100	0	0	3
6085	1348	0	2.37695312	75.451693	73.9780754	72.5441142	75.451693	1.53906382	8.66906377	0	100	0	0	3
6090	1349	0	2.37890625	75.4708348	73.9876477	72.5441142	75.4708348	1.53739505	8.66906377	0	100	0	0	3
6095	1350	0	2.38085938	75.4934175	73.9975253	72.5441142	75.4934175	1.53553533	8.66906377	0	100	0	0	3
6100	1351	0	2.3828125	75.5211123	74.0076414	72.5441142	75.5211123	1.5336304	8.66906377	0	100	0	0	3
6105	1354	0	2.38476562	75.5139305	74.0177805	72.5441142	75.5211123	1.53168659	8.66906377	0	100	0	0	3
6110	1355	0	2.38671875	75.5325117	74.0280273	72.5441142	75.5325117	1.52952289	8.66906377	0	100	0	0	3
6115	1356	0	2.38867188	75.529153	74.0383833	72.5441142	75.5325117	1.52698642	8.66906377	0	100	0	0	3
6120	1357	0	2.390625	75.5509296	74.0489905	72.5441142	75.5509296	1.52408618	8.66906377	0	100	0	0	3
6125	1358	0	2.39257812	75.5496541	74.0597552	72.5441142	75.5509296	1.52097531	8.66906377	0	100	0	0	3
6130	1359	0	2.39453125	75.5340157	74.0705755	72.5441142	75.5509296	1.51791428	8.66906377	0	100	0	0	3
6135	1360	0	2.39648438	75.5232119	74.0813811	72.5441142	75.5509296	1.51503545	8.66906377	0	100	0	0	3
6140	1361	0	2.3984375	75.5192559	74.0921532	72.5441142	75.5509296	1.51218334	8.66906377	0	100	0	0	3
6145	1362	0	2.40039062	75.555536	74.1031345	72.5441142	75.555536	1.50921198	8.66906377	0	100	0	0	3
6150	1363	0	2.40234375	75.5739817	74.1143539	72.5441142	75.5739817	1.50612756	8.66906377	0	100	0	0	3
6155	1364	0	2.40429688	75.5787022	74.1258002	72.5441142	75.5787022	1.50313485	8.66906377	0	100	0	0	3
6160	1366	0	2.40625	75.5606036	74.1372593	72.5441142	75.5787022	1.50037537	8.66906377	0	100	0	0	3
6165	1367	0	2.40820312	75.5643439	74.1486491	72.5441142	75.5787022	1.49768464	8.66906377	0	100	0	0	3
6170	1368	0	2.41015625	75.5729258	74.1600281	72.5441142	75.5787022	1.49481802	8.66906377	0	100	0	0	3
6175	1369	0	2.41210938	75.5891342	74.1715732	72.5441142	75.5891342	1.49165411	8.66906377	0	100	0	0	3
6180	1370	0	2.4140625	75.5981108	74.1833603	72.5441142	75.5981108	1.48840083	8.66906377	0	100	0	0	3
6185	1371	0	2.41601562	75.6054555	74.1952403	72.5441142	75.6054555	1.48519703	8.66906377	0	100	0	0	3
6190	1372	0	2.41796875	75.5904292	74.2069484	72.5441142	75.6054555	1.48193464	8.66906377	0	100	0	0	3
6195	1373	0	2.41992188	75.6095516	74.2186306	72.5441142	75.6095516	1.47843673	8.66906377	0	100	0	0	3
6200	1374	0	2.421875	75.6168055	74.2303952	72.5441142	75.6168055	1.47466706	8.66906377	0	100	0	0	3
6205	1376	0	2.42382812	75.5974607	74.2422719	72.5441142	75.6168055	1.47091526	8.66906377	0	100	0	0	3
6210	1377	0	2.42578125	75.6155951	74.2542699	72.5798571	75.6168055	1.46729136	8.66906377	0	100	0	0	3
6215	1378	0	2.42773438	75.6387249	74.2662186	72.5945893	75.6387249	1.46368146	8.66906377	0	100	0	0	3
6220	1379	0	2.4296875	75.6433459	74.2780264	72.5945893	75.6433459	1.45989451	8.66906377	0	100	0	0	3
6225	1380	0	2.43164062	75.6411972	74.289817	72.5945893	75.6433459	1.45593534	8.66906377	0	100	0	0	3
6230	1381	0	2.43359375	75.6500022	74.3017522	72.6003592	75.6500022	1.45204829	8.66906377	0	100	0	0	3
6235	1382	0	2.43554688	75.6485503	74.3136592	72.6433119	75.6500022	1.44824822	8.66906377	0	100	0	0	3
6240	1384	0	2.4375	75.6499045	74.3254037	72.67244	75.6500022	1.44442454	8.66906377	0	100	0	0	3
6245	1385	0	2.43945312	75.66673	74.3370284	72.67244	75.66673	1.44041123	8.66906377	0	100	0	0	3
6250	1386	0	2.44140625	75.6860556	74.3486835	72.67244	75.6860556	1.43618347	8.66906377	0	100	0	0	3
6255	1387	0	2.44335938	75.7137059	74.3605462	72.67244	75.7137059	1.43194011	8.66906377	0	100	0	0	3
6260	1388	0	2.4453125	75.7288816	74.3724854	72.6969285	75.7288816	1.42774404	8.66906377	0	100	0	0	3
6265	1389	0	2.44726562	75.7280666	74.3843258	72.7205146	75.7288816	1.42356876	8.66906377	0	100	0	0	3
6270	1390	0	2.44921875	75.7201176	74.3959943	72.7205146	75.7288816	1.41929571	8.66906377	0	100	0	0	3
6275	1391	0	2.45117188	75.7421473	74.407705	72.7205146	75.7421473	1.41490443	8.66906377	0	100	0	0	3
6280	1392	0	2.453125	75.7585811	74.4195499	72.7205146	75.7585811	1.41048207	8.66906377	0	100	0	0	3
6285	1393	0	2.45507812	75.7716151	74.4314682	72.7381414	75.7716151	1.40605917	8.66906377	0	100	0	0	3
6290	1394	0	2.45703125	75.7453552	74.4432152	72.7718677	75.7716151	1.40167117	8.66906377	0	100	0	0	3
6295	1395	0	2.45898438	75.7464136	74.4548345	72.7893979	75.7716151	1.39731559	8.66906377	0	100	0	0	3
6300	1397	0	2.4609375	75.7464757	74.4663856	72.7919287	75.7716151	1.39305369	8.66906377	0	100	0	0	3
6305	1399	0	2.46289062	75.7772303	74.4780469	72.7986164	75.7772303	1.3889393	8.66906377	0	100	0	0	3
6310	1400	0	2.46484375	75.7867207	74.4897192	72.8125886	75.7867207	1.38500181	8.66906377	0	100	0	0	3
6315	1401	0	2.46679688	75.7609473	74.5012362	72.8393156	75.7867207	1.38132018	8.66906377	0	100	0	0	3
6320	1402	0	2.46875	75.7508022	74.5126092	72.8414634	75.7867207	1.37785135	8.66906377	0	100	0	0	3
6325	1403	0	2.47070312	75.7774383	74.5240383	72.8414634	75.7867207	1.37444327	8.66906377	0	100	0	0	3
6330	1404	0	2.47265625	75.8134132	74.5356374	72.8414634	75.8134132	1.37105101	8.66906377	0	100	0	0	3
6335	1405	0	2.47460938	75.8185723	74.5472667	72.8568827	75.8185723	1.3677347	8.66906377	0	100	0	0	3
6340	1406	0	2.4765625	75.7695833	74.5586444	72.9006441	75.8185723	1.36466788	8.66906377	0	100	0	0	3
6345	1407	0	2.47851562	75.7919031	74.5699384	72.9071118	75.8185723	1.36181887	8.66906377	0	100	0	0	3
6350	1408	0	2.48046875	75.8085133	74.5811432	72.9071118	75.8185723	1.35889828	8.66906377	0	100	0	0	3
6355	1409	0	2.48242188	75.8261469	74.5924228	72.9071118	75.8261469	1.35575327	8.66906377	0	100	0	0	3
6360	1411	0	2.484375	75.805086	74.6037094	72.9071118	75.8261469	1.3524753	8.66906377	0	100	0	0	3
6365	1412	0	2.48632812	75.8085824	74.6150433	72.9379454	75.8261469	1.34936565	8.66906377	0	100	0	0	3
6370	1413	0	2.48828125	75.8174912	74.6262915	72.9547825	75.8261469	1.34646035	8.66906377	0	100	0	0	3
6375	1414	0	2.49023438	75.8206532	74.6373781	72.9547825	75.8261469	1.34342576	8.66906377	0	100	0	0	3
6380	1415	0	2.4921875	75.8378883	74.6485402	72.9547825	75.8378883	1.34008621	8.66906377	0	100	0	0	3
6385	1416	0	2.49414062	75.840689	74.6598133	72.9565696	75.840689	1.33660155	8.66906377	0	100	0	0	3
6390	1417	0	2.49609375	75.8377651	74.671068	73.0052921	75.840689	1.33329382	8.66906377	0	100	0	0	3
6395	1418	0	2.49804688	75.8456051	74.682163	73.0712321	75.8456051	1.33019567	8.66906377	0	100	0	0	3
6400	1419	0	2.5	75.8522038	74.6930261	73.103563	75.8522038	1.32704508	8.66906377	0	100	0	0	3
6405	1421	0	2.50195312	75.8587605	74.7037878	73.103563	75.8587605	1.32365234	8.66906377	0	100	0	0	3
6410	1422	0	2.50390625	75.8796796	74.714632	73.1147798	75.8796796	1.32011239	8.66906377	0	100	0	0	3
6415	1423	0	2.50585938	75.9003026	74.7255129	73.1443566	75.9003026	1.31660047	8.66906377	0	100	0	0	3
6420	1425	0	2.5078125	75.8872977	74.7362275	73.1850832	75.9003026	1.31313209	8.66906377	0	100	0	0	3
6425	1426	0	2.50976562	75.895352	74.7468145	73.2166344	75.9003026	1.30960146	8.66906377	0	100	0	0	3
6430	1427	0	2.51171875	75.9184877	74.7573507	73.2166344	75.9184877	1.30580683	8.66906377	0	100	0	0	3
6435	1428	0	2.51367188	75.9692997	74.7681033	73.2276091	75.9692997	1.30185712	8.66906377	0	100	0	0	3
6440	1429	0	2.515625	75.9706863	74.7788185	73.2682286	75.9706863	1.29795214	8.66906377	0	100	0	0	3
6445	1430	0	2.51757812	75.9580568	74.7893256	73.3096976	75.9706863	1.29405843	8.66906377	0	100	0	0	3
6450	1431	0	2.51953125	75.9580538	74.7996708	73.3213734	75.9706863	1.29001225	8.66906377	0	100	0	0	3
6455	1432	0	2.52148438	75.9826242	74.8100416	73.3213734	75.9826242	1.28569856	8.66906377	0	100	0	0	3
6460	1433	0	2.5234375	75.9797456	74.8204258	73.3306645	75.9826242	1.28127444	8.66906377	0	100	0	0	3
6465	1434	0	2.52539062	76.0002365	74.8308538	73.3799114	76.0002365	1.27699346	8.66906377	0	100	0	0	3
6470	1435	0	2.52734375	76.022638	74.841177	73.424583	76.022638	1.27280027	8.66906377	0	100	0	0	3
6475	1437	0	2.52929688	76.0038387	74.8512522	73.4392275	76.022638	1.26852699	8.66906377	0	100	0	0	3
6480	1438	0	2.53125	76.0129062	74.8612922	73.4392275	76.022638	1.26408139	8.66906377	0	100	0	0	3
6485	1439	0	2.53320312	76.0133419	74.8713473	73.454238	76.022638	1.2596082	8.66906377	0	100	0	0	3
6490	1440	0	2.53515625	76.043065	74.8814599	73.4835715	76.043065	1.25521393	8.66906377	0	100	0	0	3
6495	1441	0	2.53710938	76.0604957	74.891526	73.5062261	76.0604957	1.25082993	8.66906377	0	100	0	0	3
6500	1442	0	2.5390625	76.0509176	74.9014663	73.5177995	76.0604957	1.24635569	8.66906377	0	100	0	0	3
6505	1444	0	2.54101562	76.0670203	74.9114241	73.5319429	76.0670203	1.24177536	8.66906377	0	100	0	0	3
6510	1445	0	2.54296875	76.075809	74.9213611	73.5791464	76.075809	1.23723715	8.66906377	0	100	0	0	3
6515	1446	0	2.54492188	76.0975663	74.9311987	73.58387	76.0975663	1.23269437	8.66906377	0	100	0	0	3
6520	1448	0	2.546875	76.0941944	74.9409005	73.58387	76.0975663	1.22804993	8.66906377	0	100	0	0	3
6525	1449	0	2.54882812	76.1101534	74.950625	73.58387	76.1101534	1.22319594	8.66906377	0	100	0	0	3
6530	1450	0	2.55078125	76.1041802	74.960375	73.58387	76.1101534	1.21823767	8.66906377	0	100	0	0	3
6535	1451	0	2.55273438	76.1034399	74.970065	73.58387	76.1101534	1.21318883	8.66906377	0	100	0	0	3
6540	1452	0	2.5546875	76.1535711	74.9798836	73.58387	76.1535711	1.20787048	8.66906377	0	100	0	0	3
6545	1453	0	2.55664062	76.1415347	74.9897328	73.58387	76.1535711	1.21522443	8.66906377	0	100	0	0	3
6550	1454	0	2.55859375	76.1377993	74.9997091	73.6100203	76.1535711	1.22520071	8.66906377	0	100	0	0	3
6555	1455	0	2.56054688	76.1611454	75.0096744	73.6552558	76.1611454	1.23516604	8.66906377	0	100	0	0	3
6560	1456	0	2.5625	76.1508498	75.0194228	73.6913624	76.1611454	1.24491446	8.66906377	0	100	0	0	3
6565	1457	0	2.56445312	76.1884925	75.0291772	73.695867	76.1884925	1.25466887	8.66906377	0	100	0	0	3
6570	1458	0	2.56640625	76.2015774	75.0389652	73.6975092	76.2015774	1.2644568	8.66906377	0	100	0	0	3
6575	1459	0	2.56835938	76.189126	75.048698	73.7260841	76.2015774	1.27418968	8.66906377	0	100	0	0	3
6580	1461	0	2.5703125	76.2146581	75.058419	73.7667476	76.2146581	1.28391067	8.66906377	0	100	0	0	3
6585	1462	0	2.57226562	76.2390626	75.0680765	73.8102043	76.2390626	1.29356815	8.66906377	0	100	0	0	3
6590	1463	0	2.57421875	76.2737035	75.0776994	73.8102043	76.2737035	1.30319103	8.66906377	0	100	0	0	3
6595	1464	0	2.57617188	76.2772402	75.0873363	73.8111108	76.2772402	1.31282789	8.66906377	0	100	0	0	3
6600	1465	0	2.578125	76.2793045	75.0969776	73.8330658	76.2793045	1.32246927	8.66906377	0	100	0	0	3
6605	1468	0	2.58007812	76.2826038	75.1065461	73.8573788	76.2826038	1.33203778	8.66906377	0	100	0	0	3
6610	1469	0	2.58203125	76.3067112	75.1161139	73.8829372	76.3067112	1.34160549	8.66906377	0	100	0	0	3
6615	1470	0	2.58398438	76.3411035	75.1257161	73.896658	76.3411035	1.3512077	8.66906377	0	100	0	0	3
6620	1471	0	2.5859375	76.3652812	75.1353591	73.9037413	76.3652812	1.36085076	8.66906377	0	100	0	0	3
6625	1472	0	2.58789062	76.3914379	75.1450767	73.9278098	76.3914379	1.37056832	8.66906377	0	100	0	0	3
6630	1473	0	2.58984375	76.3875017	75.1546849	73.9583438	76.3914379	1.38017649	8.66906377	0	100	0	0	3
6635	1474	0	2.59179688	76.4057423	75.164245	73.9815863	76.4057423	1.38973664	8.66906377	0	100	0	0	3
6640	1476	0	2.59375	76.4267722	75.1737965	73.9939018	76.4267722	1.39928815	8.66906377	0	100	0	0	3
6645	1477	0	2.59570312	76.4743419	75.1834857	74.0003993	76.4743419	1.40897737	8.66906377	0	100	0	0	3
6650	1478	0	2.59765625	76.4626071	75.1931037	74.0184423	76.4743419	1.41859537	8.66906377	0	100	0	0	3
6655	1479	0	2.59960938	76.4902899	75.2027594	74.0374884	76.4902899	1.42825102	8.66906377	0	100	0	0	3
6660	1480	0	2.6015625	76.4959809	75.2123629	74.0499613	76.4959809	1.43785451	8.66906377	0	100	0	0	3
6665	1481	0	2.60351562	76.5300792	75.2220508	74.0560437	76.5300792	1.44754247	8.66906377	0	100	0	0	3
6670	1482	0	2.60546875	76.5374349	75.2317438	74.0702672	76.5374349	1.4572354	8.66906377	0	100	0	0	3
6675	1483	0	2.60742188	76.5575611	75.2414598	74.0754109	76.5575611	1.4669514	8.66906377	0	100	0	0	3
6680	1484	0	2.609375	76.596917	75.2512227	74.0754109	76.596917	1.47671436	8.66906377	0	100	0	0	3
6685	1485	0	2.61132812	76.5847238	75.2608817	74.0754109	76.596917	1.48637331	8.66906377	0	100	0	0	3
6690	1486	0	2.61328125	76.6200763	75.2706624	74.0754109	76.6200763	1.49615403	8.66906377	0	100	0	0	3
6695	1488	0	2.61523438	76.638928	75.2805467	74.0754109	76.638928	1.50603835	8.66906377	0	100	0	0	3
6700	1489	0	2.6171875	76.6636551	75.2905408	74.0754109	76.6636551	1.51603245	8.66906377	0	100	0	0	3
6705	1491	0	2.61914062	76.6648687	75.3005933	74.0754109	76.6648687	1.52608495	8.66906377	0	100	0	0	3
6710	1492	0	2.62109375	76.7089135	75.3108804	74.0833201	76.7089135	1.53637206	8.66906377	0	100	0	0	3
6715	1493	0	2.62304688	76.6927552	75.3210506	74.0833201	76.7089135	1.54654228	8.66906377	0	100	0	0	3
6720	1494	0	2.625	76.7275904	75.331289	74.0833201	76.7275904	1.55678065	8.66906377	0	100	0	0	3
6725	1495	0	2.62695312	76.7574392	75.3416272	74.0833201	76.7574392	1.56711885	8.66906377	0	100	0	0	3
6730	1496	0	2.62890625	76.788824	75.3521849	74.0833201	76.788824	1.57767655	8.66906377	0	100	0	0	3
6735	1497	0	2.63085938	76.7706485	75.3626823	74.098738	76.788824	1.58817393	8.66906377	0	100	0	0	3
6740	1498	0	2.6328125	76.7955279	75.3732166	74.1262591	76.7955279	1.59870827	8.66906377	0	100	0	0	3
6745	1500	0	2.63476562	76.8524825	75.3837864	74.1262591	76.8524825	1.609278	8.66906377	0	100	0	0	3
6750	1501	0	2.63671875	76.879456	75.3943712	74.1262591	76.879456	1.61986282	8.66906377	0	100	0	0	3
6755	1502	0	2.63867188	76.8930378	75.4050812	74.1262591	76.8930378	1.63057286	8.66906377	0	100	0	0	3
6760	1503	0	2.640625	76.8890894	75.4158735	74.1391894	76.8930378	1.64136516	8.66906377	0	100	0	0	3
6765	1504	0	2.64257812	76.8878621	75.4266105	74.1788683	76.8930378	1.65210217	8.66906377	0	100	0	0	3
6770	1505	0	2.64453125	76.9278937	75.4373489	74.1871023	76.9278937	1.66284055	8.66906377	0	100	0	0	3
6775	1506	0	2.64648438	76.987205	75.4482332	74.1871023	76.987205	1.67372481	8.66906377	0	100	0	0	3
6780	1507	0	2.6484375	76.9810546	75.4591454	74.1871023	76.987205	1.684637	8.66906377	0	100	0	0	3
6785	1509	0	2.65039062	76.9928705	75.4701054	74.1998553	76.9928705	1.69559703	8.66906377	0	100	0	0	3
6790	1510	0	2.65234375	77.0025939	75.4810536	74.22077	77.0025939	1.70654523	8.66906377	0	100	0	0	3
6795	1511	0	2.65429688	77.058056	75.4921367	74.2403228	77.058056	1.71762838	8.66906377	0	100	0	0	3
6800	1512	0	2.65625	77.090956	75.5032549	74.2403228	77.090956	1.72874654	8.66906377	0	100	0	0	3
6805	1514	0	2.65820312	77.1155994	75.5144758	74.2403228	77.1155994	1.73996745	8.66906377	0	100	0	0	3
6810	1515	0	2.66015625	77.1437499	75.5258173	74.2644279	77.1437499	1.75130896	8.66906377	0	100	0	0	3
6815	1516	0	2.66210938	77.1846063	75.5372243	74.28025	77.1846063	1.76271591	8.66906377	0	100	0	0	3
6820	1517	0	2.6640625	77.2030647	75.5486415	74.286837	77.2030647	1.77413315	8.66906377	0	100	0	0	3
6825	1518	0	2.66601562	77.2306361	75.5601151	74.286837	77.2306361	1.78560673	8.66906377	0	100	0	0	3
6830	1520	0	2.66796875	77.2418893	75.5716583	74.2909116	77.2418893	1.7971499	8.66906377	0	100	0	0	3
6835	1521	0	2.66992188	77.2842685	75.5833511	74.3163237	77.2842685	1.8088427	8.66906377	0	100	0	0	3
6840	1522	0	2.671875	77.2947078	75.5949854	74.33285	77.2947078	1.82047701	8.66906377	0	100	0	0	3
6845	1523	0	2.67382812	77.3168941	75.6065959	74.33285	77.3168941	1.83208756	8.66906377	0	100	0	0	3
6850	1524	0	2.67578125	77.3341148	75.6182259	74.33285	77.3341148	1.84371751	8.66906377	0	100	0	0	3
6855	1525	0	2.67773438	77.3654022	75.6300425	74.33285	77.3654022	1.85553411	8.66906377	0	100	0	0	3
6860	1526	0	2.6796875	77.4013285	75.6420153	74.33285	77.4013285	1.86750698	8.66906377	0	100	0	0	3
6865	1527	0	2.68164062	77.4081792	75.6539734	74.33285	77.4081792	1.87946504	8.66906377	0	100	0	0	3
6870	1528	0	2.68359375	77.4287729	75.6659893	74.33285	77.4287729	1.89148091	8.66906377	0	100	0	0	3
6875	1529	0	2.68554688	77.4401109	75.6780804	74.33285	77.4401109	1.90357206	8.66906377	0	100	0	0	3
6880	1530	0	2.6875	77.4776152	75.6903647	74.3401833	77.4776152	1.9158563	8.66906377	0	100	0	0	3
6885	1531	0	2.68945312	77.5027009	75.7026963	74.3401833	77.5027009	1.92818795	8.66906377	0	100	0	0	3
6890	1532	0	2.69140625	77.5088856	75.7150272	74.3401833	77.5088856	1.94051885	8.66906377	0	100	0	0	3
6895	1534	0	2.69335938	77.5147382	75.7273875	74.3401833	77.5147382	1.95287913	8.66906377	0	100	0	0	3
6900	1535	0	2.6953125	77.5470486	75.7399143	74.3534719	77.5470486	1.96540595	8.66906377	0	100	0	0	3
6905	1537	0	2.69726562	77.5922062	75.7525656	74.3721719	77.5922062	1.97805725	8.66906377	0	100	0	0	3
6910	1538	0	2.69921875	77.6156648	75.7652199	74.3721719	77.6156648	1.99071158	8.66906377	0	100	0	0	3
6915	1539	0	2.70117188	77.6232034	75.7778377	74.3721719	77.6232034	2.00332929	8.66906377	0	100	0	0	3
6920	1541	0	2.703125	77.6155742	75.7904694	74.3721719	77.6232034	2.01596106	8.66906377	0	100	0	0	3
6925	1542	0	2.70507812	77.6313868	75.8032007	74.4064413	77.6313868	2.02869236	8.66906377	0	100	0	0	3
6930	1543	0	2.70703125	77.6897773	75.8160263	74.4177846	77.6897773	2.0415179	8.66906377	0	100	0	0	3
6935	1544	0	2.70898438	77.713198	75.8288397	74.4177846	77.713198	2.05433129	8.66906377	0	100	0	0	3
6940	1545	0	2.7109375	77.6893491	75.8415615	74.4177846	77.713198	2.0670531	8.66906377	0	100	0	0	3
6945	1546	0	2.71289062	77.7270081	75.854484	74.4177846	77.7270081	2.07997563	8.66906377	0	100	0	0	3
6950	1547	0	2.71484375	77.7479863	75.8674926	74.4573155	77.7479863	2.09298424	8.66906377	0	100	0	0	3
6955	1548	0	2.71679688	77.7863659	75.8804967	74.4749731	77.7863659	2.10598834	8.66906377	0	100	0	0	3
6960	1550	0	2.71875	77.7895569	75.8933635	74.4749731	77.7895569	2.11885511	8.66906377	0	100	0	0	3
6965	1551	0	2.72070312	77.8117699	75.9063286	74.4749731	77.8117699	2.13182025	8.66906377	0	100	0	0	3
6970	1552	0	2.72265625	77.8369082	75.9194612	74.4827683	77.8369082	2.14495281	8.66906377	0	100	0	0	3
6975	1553	0	2.72460938	77.8668892	75.9326804	74.5193671	77.8668892	2.15817204	8.66906377	0	100	0	0	3
6980	1554	0	2.7265625	77.9049196	75.9459052	74.5457108	77.9049196	2.17139685	8.66906377	0	100	0	0	3
6985	1555	0	2.72851562	77.9196677	75.9590847	74.5459247	77.9196677	2.18457637	8.66906377	0	100	0	0	3
6990	1556	0	2.73046875	77.9105681	75.9722279	74.5470631	77.9196677	2.19771951	8.66906377	0	100	0	0	3
6995	1557	0	2.73242188	77.9589884	75.9855557	74.5694124	77.9589884	2.21104734	8.66906377	0	100	0	0	3
7000	1558	0	2.734375	77.9709392	75.9988429	74.5927697	77.9709392	2.22433455	8.66906377	0	100	0	0	3
7005	1560	0	2.73632812	78.0428952	76.0123041	74.5927697	78.0428952	2.23779578	8.66906377	0	100	0	0	3
7010	1561	0	2.73828125	78.0205795	76.0256146	74.5927697	78.0428952	2.25110621	8.66906377	0	100	0	0	3
7015	1563	0	2.74023438	78.0106629	76.0389301	74.5927697	78.0428952	2.26442174	8.66906377	0	100	0	0	3
7020	1564	0	2.7421875	78.0350142	76.0523764	74.6138839	78.0428952	2.27786801	8.66906377	0	100	0	0	3
7025	1565	0	2.74414062	78.0688148	76.0658722	74.6488751	78.0688148	2.29136383	8.66906377	0	100	0	0	3
7030	1566	0	2.74609375	78.1121373	76.0794006	74.6494894	78.1121373	2.3048922	8.66906377	0	100	0	0	3
7035	1567	0	2.74804688	78.125236	76.0929319	74.6494894	78.125236	2.31842349	8.66906377	0	100	0	0	3
7040	1568	0	2.75	78.1371089	76.1065554	74.6554106	78.1371089	2.332047	8.66906377	0	100	0	0	3
7045	1569	0	2.75195312	78.1577257	76.1202363	74.6803915	78.1577257	2.34572792	8.66906377	0	100	0	0	3
7050	1570	0	2.75390625	78.1855143	76.1339282	74.6913625	78.1855143	2.3594198	8.66906377	0	100	0	0	3
7055	1571	0	2.75585938	78.1820233	76.1475116	74.6913625	78.1855143	2.37300326	8.66906377	0	100	0	0	3
7060	1572	0	2.7578125	78.1907727	76.1611294	74.6913625	78.1907727	2.38662103	8.66906377	0	100	0	0	3
7065	1573	0	2.75976562	78.2458449	76.1750141	74.6942898	78.2458449	2.40050572	8.66906377	0	100	0	0	3
7070	1574	0	2.76171875	78.247929	76.1888955	74.7235318	78.247929	2.41438713	8.66906377	0	100	0	0	3
7075	1576	0	2.76367188	78.2906209	76.2028294	74.7380539	78.2906209	2.42832107	8.66906377	0	100	0	0	3
7080	1577	0	2.765625	78.2693197	76.2165653	74.7380539	78.2906209	2.44205689	8.66906377	0	100	0	0	3
7085	1578	0	2.76757812	78.279107	76.2303627	74.7380539	78.2906209	2.45585429	8.66906377	0	100	0	0	3
7090	1579	0	2.76953125	78.33621	76.244418	74.7566971	78.33621	2.46990959	8.66906377	0	100	0	0	3
7095	1580	0	2.77148438	78.3292602	76.2583733	74.7873834	78.33621	2.48386491	8.66906377	0	100	0	0	3
7100	1581	0	2.7734375	78.3568023	76.2723163	74.8015278	78.3568023	2.49780795	8.66906377	0	100	0	0	3
7105	1584	0	2.77539062	78.3508715	76.2861809	74.8046296	78.3568023	2.51167258	8.66906377	0	100	0	0	3
7110	1585	0	2.77734375	78.3734976	76.3001218	74.8132185	78.3734976	2.52561347	8.66906377	0	100	0	0	3
7115	1586	0	2.77929688	78.3827333	76.3140653	74.841238	78.3827333	2.53955689	8.66906377	0	100	0	0	3
7120	1587	0	2.78125	78.4223933	76.3280541	74.8532733	78.4223933	2.55354577	8.66906377	0	100	0	0	3
7125	1588	0	2.78320312	78.4424743	76.342056	74.8532733	78.4424743	2.56754765	8.66906377	0	100	0	0	3
7130	1589	0	2.78515625	78.4420471	76.3560747	74.865175	78.4424743	2.5815663	8.66906377	0	100	0	0	3
7135	1590	0	2.78710938	78.4880371	76.3702265	74.89124	78.4880371	2.5957181	8.66906377	0	100	0	0	3
7140	1591	0	2.7890625	78.480019	76.3842451	74.9139164	78.4880371	2.60973677	8.66906377	0	100	0	0	3
7145	1593	0	2.79101562	78.5369778	76.3983977	74.9167798	78.5369778	2.62388936	8.66906377	0	100	0	0	3
7150	1594	0	2.79296875	78.5078814	76.4124137	74.9167798	78.5369778	2.63790534	8.66906377	0	100	0	0	3
7155	1595	0	2.79492188	78.5337729	76.4265426	74.9310925	78.5369778	2.65203421	8.66906377	0	100	0	0	3
7160	1596	0	2.796875	78.5692374	76.4407541	74.9630192	78.5692374	2.66624572	8.66906377	0	100	0	0	3
7165	1597	0	2.79882812	78.6223077	76.4550482	74.9885077	78.6223077	2.68053981	8.66906377	0	100	0	0	3
7170	1598	0	2.80078125	78.6392353	76.4692658	74.9885077	78.6392353	2.69475748	8.66906377	0	100	0	0	3
7175	1599	0	2.80273438	78.6176963	76.4833762	74.9885077	78.6392353	2.70886788	8.66906377	0	100	0	0	3
7180	1600	0	2.8046875	78.6179127	76.4975536	74.9918429	78.6392353	2.72304524	8.66906377	0	100	0	0	3
7185	1601	0	2.80664062	78.6768458	76.5119482	75.0280849	78.6768458	2.73695852	8.66906377	0	100	0	0	3
7190	1603	0	2.80859375	78.7178789	76.5263614	75.0676385	78.7178789	2.75038028	8.66906377	0	100	0	0	3
7195	1604	0	2.81054688	78.7607106	76.5407875	75.0820828	78.7607106	2.76358699	8.66906377	0	100	0	0	3
7200	1605	0	2.8125	78.7477347	76.5551064	75.0917585	78.7607106	2.77653998	8.66906377	0	100	0	0	3
7205	1607	0	2.81445312	78.7253147	76.5693	75.1113041	78.7607106	2.78898528	8.66906377	0	100	0	0	3
7210	1608	0	2.81640625	78.7690186	76.583588	75.1340234	78.7690186	2.80097353	8.66906377	0	100	0	0	3
7215	1609	0	2.81835938	78.8067981	76.5979347	75.1421087	78.8067981	2.81252895	8.66906377	0	100	0	0	3
7220	1610	0	2.8203125	78.8218811	76.6122732	75.1421087	78.8218811	2.82376031	8.66906377	0	100	0	0	3
7225	1611	0	2.82226562	78.8327247	76.6266247	75.1421087	78.8327247	2.83490229	8.66906377	0	100	0	0	3
7230	1613	0	2.82421875	78.8473828	76.6410984	75.162281	78.8473828	2.84589231	8.66906377	0	100	0	0	3
7235	1614	0	2.82617188	78.8941479	76.655676	75.1736711	78.8941479	2.8565879	8.66906377	0	100	0	0	3
7240	1615	0	2.828125	78.9290682	76.6703042	75.1736711	78.9290682	2.86694186	8.66906377	0	100	0	0	3
7245	1616	0	2.83007812	78.9304128	76.6849206	75.1736711	78.9304128	2.87696728	8.66906377	0	100	0	0	3
7250	1617	0	2.83203125	78.9520173	76.6996354	75.1736711	78.9520173	2.88694171	8.66906377	0	100	0	0	3
7255	1618	0	2.83398438	78.9504523	76.7143884	75.207317	78.9520173	2.89671494	8.66906377	0	100	0	0	3
7260	1619	0	2.8359375	78.9909114	76.7291681	75.2297841	78.9909114	2.90619121	8.66906377	0	100	0	0	3
7265	1620	0	2.83789062	79.0045272	76.7439132	75.2462889	79.0045272	2.91513198	8.66906377	0	100	0	0	3
7270	1622	0	2.83984375	78.9998269	76.7585399	75.2462889	79.0045272	2.92357247	8.66906377	0	100	0	0	3
7275	1623	0	2.84179688	79.0370395	76.7733454	75.2462889	79.0370395	2.93197819	8.66906377	0	100	0	0	3
7280	1624	0	2.84375	79.0588496	76.7882382	75.278395	79.0588496	2.94035312	8.66906377	0	100	0	0	3
7285	1625	0	2.84570312	79.0852779	76.8031089	75.296052	79.0852779	2.94856315	8.66906377	0	100	0	0	3
7290	1626	0	2.84765625	79.0965329	76.8179545	75.3013361	79.0965329	2.95633915	8.66906377	0	100	0	0	3
7295	1627	0	2.84960938	79.1367267	76.8329262	75.3013361	79.1367267	2.96380962	8.66906377	0	100	0	0	3
7300	1629	0	2.8515625	79.1469183	76.8479027	75.3013361	79.1469183	2.97119097	8.66906377	0	100	0	0	3
7305	1631	0	2.85351562	79.1776843	76.8630447	75.3108133	79.1776843	2.97882397	8.66906377	0	100	0	0	3
7310	1632	0	2.85546875	79.1997284	76.8782358	75.3337389	79.1997284	2.98647944	8.66906377	0	100	0	0	3
7315	1633	0	2.85742188	79.182695	76.8932708	75.3464693	79.1997284	2.99363646	8.66906377	0	100	0	0	3
7320	1634	0	2.859375	79.2044722	76.9083106	75.3464693	79.2044722	3.0005242	8.66906377	0	100	0	0	3
7325	1636	0	2.86132812	79.2038094	76.9233784	75.3633555	79.2044722	3.00725478	8.66906377	0	100	0	0	3
7330	1637	0	2.86328125	79.2539149	76.9385759	75.3799698	79.2539149	3.01411211	8.66906377	0	100	0	0	3
7335	1638	0	2.86523438	79.2674065	76.9537612	75.3890197	79.2674065	3.02089802	8.66906377	0	100	0	0	3
7340	1639	0	2.8671875	79.3245843	76.9691252	75.3890197	79.3245843	3.0276025	8.66906377	0	100	0	0	3
7345	1640	0	2.86914062	79.3100127	76.9844415	75.4014993	79.3245843	3.03394974	8.66906377	0	100	0	0	3
7350	1641	0	2.87109375	79.3592912	76.9999017	75.421134	79.3592912	3.04025703	8.66906377	0	100	0	0	3
7355	1643	0	2.87304688	79.3898556	77.0154045	75.4276317	79.3898556	3.04660661	8.66906377	0	100	0	0	3
7360	1644	0	2.875	79.38537	77.0308644	75.451693	79.3898556	3.05278899	8.66906377	0	100	0	0	3
7365	1645	0	2.87695312	79.4093036	77.0463238	75.4708348	79.4093036	3.05867615	8.66906377	0	100	0	0	3
7370	1646	0	2.87890625	79.4509305	77.0618711	75.4934175	79.4509305	3.06434576	8.66906377	0	100	0	0	3
7375	1647	0	2.88085938	79.4692826	77.0774018	75.5139305	79.4692826	3.06976035	8.66906377	0	100	0	0	3
7380	1648	0	2.8828125	79.5150554	77.0930031	75.5139305	79.5150554	3.07522259	8.66906377	0	100	0	0	3
7385	1650	0	2.88476562	79.5156022	77.1086347	75.5192559	79.5156022	3.08060737	8.66906377	0	100	0	0	3
7390	1651	0	2.88671875	79.5370502	77.1242774	75.5192559	79.5370502	3.08589414	8.66906377	0	100	0	0	3
7395	1652	0	2.88867188	79.5544711	77.1400013	75.5192559	79.5544711	3.09101076	8.66906377	0	100	0	0	3
7400	1653	0	2.890625	79.6052491	77.1558385	75.5192559	79.6052491	3.09608332	8.66906377	0	100	0	0	3
7405	1655	0	2.89257812	79.6250129	77.1717578	75.5192559	79.6250129	3.10118233	8.66906377	0	100	0	0	3
7410	1656	0	2.89453125	79.6284027	77.1877515	75.5192559	79.6284027	3.10637043	8.66906377	0	100	0	0	3
7415	1658	0	2.89648438	79.6459869	77.2038561	75.5192559	79.6459869	3.11170295	8.66906377	0	100	0	0	3
7420	1659	0	2.8984375	79.6824721	77.2201187	75.555536	79.6824721	3.11698417	8.66906377	0	100	0	0	3
7425	1660	0	2.90039062	79.7458528	77.2364871	75.5606036	79.7458528	3.12213318	8.66906377	0	100	0	0	3
7430	1661	0	2.90234375	79.7559183	77.2528228	75.5606036	79.7559183	3.12702261	8.66906377	0	100	0	0	3
7435	1662	0	2.90429688	79.7268265	77.2690264	75.5606036	79.7559183	3.13176717	8.66906377	0	100	0	0	3
7440	1663	0	2.90625	79.7567058	77.2854174	75.5643439	79.7567058	3.13676837	8.66906377	0	100	0	0	3
7445	1665	0	2.90820312	79.7889168	77.3019197	75.5729258	79.7889168	3.14189158	8.66906377	0	100	0	0	3
7450	1666	0	2.91015625	79.8160838	77.3184945	75.5891342	79.8160838	3.14692134	8.66906377	0	100	0	0	3
7455	1667	0	2.91210938	79.8395415	77.3350977	75.5904292	79.8395415	3.15173736	8.66906377	0	100	0	0	3
7460	1668	0	2.9140625	79.8918314	77.35187	75.5904292	79.8918314	3.15662972	8.66906377	0	100	0	0	3
7465	1669	0	2.91601562	79.8920271	77.3686144	75.5904292	79.8920271	3.16166607	8.66906377	0	100	0	0	3
7470	1670	0	2.91796875	79.8701603	77.3853321	75.5974607	79.8920271	3.16670149	8.66906377	0	100	0	0	3
7475	1671	0	2.91992188	79.8765086	77.4019999	75.5974607	79.8920271	3.17160478	8.66906377	0	100	0	0	3
7480	1673	0	2.921875	79.9396691	77.4188861	75.5974607	79.9396691	3.17661425	8.66906377	0	100	0	0	3
7485	1674	0	2.92382812	79.9738223	77.4359813	75.6155951	79.9738223	3.18171144	8.66906377	0	100	0	0	3
7490	1675	0	2.92578125	80.033717	77.4532396	75.6387249	80.033717	3.18702102	8.66906377	0	100	0	0	3
7495	1676	0	2.92773438	79.9906888	77.4702394	75.6411972	80.033717	3.192213	8.66906377	0	100	0	0	3
7500	1677	0	2.9296875	80.0198965	77.4873353	75.6411972	80.033717	3.19751833	8.66906377	0	100	0	0	3
7505	1679	0	2.93164062	80.0423553	77.5045274	75.6485503	80.0423553	3.20277514	8.66906377	0	100	0	0	3
7510	1681	0	2.93359375	80.115236	77.5219697	75.6485503	80.115236	3.20831047	8.66906377	0	100	0	0	3
7515	1682	0	2.93554688	80.1575276	77.5395829	75.6499045	80.1575276	3.21417916	8.66906377	0	100	0	0	3
7520	1683	0	2.9375	80.1588405	77.5571959	75.66673	80.1588405	3.22016754	8.66906377	0	100	0	0	3
7525	1684	0	2.93945312	80.1412555	77.5746745	75.6860556	80.1588405	3.22599106	8.66906377	0	100	0	0	3
7530	1685	0	2.94140625	80.1868622	77.5922558	75.7137059	80.1868622	3.23170958	8.66906377	0	100	0	0	3
7535	1686	0	2.94335938	80.1946956	77.6097597	75.7201176	80.1946956	3.23727422	8.66906377	0	100	0	0	3
7540	1687	0	2.9453125	80.2548972	77.6274394	75.7201176	80.2548972	3.24311359	8.66906377	0	100	0	0	3
7545	1688	0	2.94726562	80.260537	77.6451444	75.7201176	80.260537	3.24915007	8.66906377	0	100	0	0	3
7550	1690	0	2.94921875	80.2891448	77.6629921	75.7421473	80.2891448	3.2552871	8.66906377	0	100	0	0	3
7555	1691	0	2.95117188	80.3157633	77.6808578	75.7453552	80.3157633	3.26130795	8.66906377	0	100	0	0	3
7560	1692	0	2.953125	80.38328	77.6989231	75.7453552	80.38328	3.26745482	8.66906377	0	100	0	0	3
7565	1693	0	2.95507812	80.4000413	77.7170028	75.7453552	80.4000413	3.27378768	8.66906377	0	100	0	0	3
7570	1694	0	2.95703125	80.3876091	77.7351366	75.7464136	80.4000413	3.28030216	8.66906377	0	100	0	0	3
7575	1695	0	2.95898438	80.3981099	77.7533073	75.7464757	80.4000413	3.28692177	8.66906377	0	100	0	0	3
7580	1697	0	2.9609375	80.480826	77.7718009	75.7508022	80.480826	3.29375399	8.66906377	0	100	0	0	3
7585	1698	0	2.96289062	80.5208925	77.7903308	75.7508022	80.5208925	3.30061164	8.66906377	0	100	0	0	3
7590	1699	0	2.96484375	80.4829155	77.8086753	75.7508022	80.5208925	3.30743912	8.66906377	0	100	0	0	3
7595	1700	0	2.96679688	80.539103	77.82734	75.7508022	80.539103	3.3147308	8.66906377	0	100	0	0	3
7600	1701	0	2.96875	80.5644965	77.8461435	75.7695833	80.5644965	3.32210518	8.66906377	0	100	0	0	3
7605	1703	0	2.97070312	80.6132136	77.8650332	75.7695833	80.6132136	3.32939586	8.66906377	0	100	0	0	3
7610	1705	0	2.97265625	80.6381176	77.8838797	75.7695833	80.6381176	3.33661303	8.66906377	0	100	0	0	3
7615	1706	0	2.97460938	80.599271	77.9025543	75.7695833	80.6381176	3.3439099	8.66906377	0	100	0	0	3
7620	1707	0	2.9765625	80.6652098	77.9216779	75.7919031	80.6652098	3.35173946	8.66906377	0	100	0	0	3
7625	1708	0	2.97851562	80.6735501	77.9407468	75.805086	80.6735501	3.35960361	8.66906377	0	100	0	0	3
7630	1709	0	2.98046875	80.6863455	77.9598009	75.805086	80.6863455	3.36737809	8.66906377	0	100	0	0	3
7635	1710	0	2.98242188	80.7132713	77.9788912	75.805086	80.7132713	3.37518179	8.66906377	0	100	0	0	3
7640	1711	0	2.984375	80.7490546	77.9982036	75.8085824	80.7490546	3.3831603	8.66906377	0	100	0	0	3
7645	1712	0	2.98632812	80.7885854	78.0176567	75.8174912	80.7885854	3.39136521	8.66906377	0	100	0	0	3
7650	1714	0	2.98828125	80.806544	78.0371452	75.8206532	80.806544	3.39976705	8.66906377	0	100	0	0	3
7655	1715	0	2.99023438	80.8175207	78.0566642	75.8377651	80.8175207	3.40812396	8.66906377	0	100	0	0	3
7660	1716	0	2.9921875	80.8514146	78.0762483	75.8377651	80.8514146	3.41643498	8.66906377	0	100	0	0	3
7665	1717	0	2.99414062	80.8596454	78.0958536	75.8377651	80.8596454	3.4247856	8.66906377	0	100	0	0	3
7670	1718	0	2.99609375	80.9210771	78.1157103	75.8456051	80.9210771	3.43354732	8.66906377	0	100	0	0	3
7675	1719	0	2.99804688	80.9729892	78.1357391	75.8522038	80.9729892	3.44271299	8.66906377	0	100	0	0	3
7680	1721	0	3	80.949574	78.1556507	75.8587605	80.9729892	3.45186297	8.66906377	0	100	0	0	3
7685	1722	0	3.00195312	80.9561973	78.1755626	75.8796796	80.9729892	3.46093062	8.66906377	0	100	0	0	3
7690	1723	0	3.00390625	81.0209882	78.1956458	75.8872977	81.0209882	3.47013291	8.66906377	0	100	0	0	3
7695	1724	0	3.00585938	81.0712337	78.2158448	75.8872977	81.0712337	3.47961725	8.66906377	0	100	0	0	3
7700	1725	0	3.0078125	81.0602303	78.2360515	75.895352	81.0712337	3.48923703	8.66906377	0	100	0	0	3
7705	1728	0	3.00976562	81.0659297	78.2562491	75.9184877	81.0712337	3.49889836	8.66906377	0	100	0	0	3
7710	1729	0	3.01171875	81.100836	78.2764927	75.9580538	81.100836	3.50838931	8.66906377	0	100	0	0	3
7715	1730	0	3.01367188	81.150451	78.2967315	75.9580538	81.150451	3.51791303	8.66906377	0	100	0	0	3
7720	1732	0	3.015625	81.1915598	78.3171256	75.9580538	81.1915598	3.52779993	8.66906377	0	100	0	0	3
7725	1733	0	3.01757812	81.2059739	78.3376252	75.9580538	81.2059739	3.53795446	8.66906377	0	100	0	0	3
7730	1734	0	3.01953125	81.229224	78.3582157	75.9797456	81.229224	3.54817419	8.66906377	0	100	0	0	3
7735	1735	0	3.02148438	81.2367522	78.3787397	75.9797456	81.2367522	3.55831386	8.66906377	0	100	0	0	3
7740	1736	0	3.0234375	81.2728732	78.399416	76.0002365	81.2728732	3.56856213	8.66906377	0	100	0	0	3
7745	1738	0	3.02539062	81.3154586	78.4201786	76.0038387	81.3154586	3.57900156	8.66906377	0	100	0	0	3
7750	1739	0	3.02734375	81.3535523	78.4410024	76.0038387	81.3535523	3.58975023	8.66906377	0	100	0	0	3
7755	1740	0	3.02929688	81.3616009	78.4619312	76.0129062	81.3616009	3.60063899	8.66906377	0	100	0	0	3
7760	1741	0	3.03125	81.3843374	78.4829133	76.0133419	81.3843374	3.61156601	8.66906377	0	100	0	0	3
7765	1742	0	3.03320312	81.4385051	78.5041054	76.043065	81.4385051	3.62264545	8.66906377	0	100	0	0	3
7770	1743	0	3.03515625	81.5006337	78.525424	76.0509176	81.5006337	3.63389797	8.66906377	0	100	0	0	3
7775	1744	0	3.03710938	81.4719274	78.5465624	76.0509176	81.5006337	3.64509617	8.66906377	0	100	0	0	3
7780	1746	0	3.0390625	81.4882177	78.5678019	76.0670203	81.5006337	3.65637773	8.66906377	0	100	0	0	3
7785	1747	0	3.04101562	81.6186548	78.5894879	76.075809	81.6186548	3.66812683	8.66906377	0	100	0	0	3
7790	1748	0	3.04296875	81.5717658	78.6109565	76.0941944	81.6186548	3.67975783	8.66906377	0	100	0	0	3
7795	1749	0	3.04492188	81.6031559	78.6324627	76.0941944	81.6186548	3.69156224	8.66906377	0	100	0	0	3
7800	1750	0	3.046875	81.6375254	78.6541164	76.1034399	81.6375254	3.70349135	8.66906377	0	100	0	0	3
7805	1753	0	3.04882812	81.6593827	78.6757931	76.1034399	81.6593827	3.71541809	8.66906377	0	100	0	0	3
7810	1754	0	3.05078125	81.7018086	78.6976588	76.1034399	81.7018086	3.72759379	8.66906377	0	100	0	0	3
7815	1755	0	3.05273438	81.7597824	78.7197539	76.1377993	81.7597824	3.73987027	8.66906377	0	100	0	0	3
7820	1756	0	3.0546875	81.726422	78.7415228	76.1377993	81.7597824	3.75179003	8.66906377	0	100	0	0	3
7825	1757	0	3.05664062	81.7929532	78.7635987	76.1377993	81.7929532	3.7638896	8.66906377	0	100	0	0	3
7830	1759	0	3.05859375	81.8505166	78.785914	76.1508498	81.8505166	3.77623957	8.66906377	0	100	0	0	3
7835	1760	0	3.06054688	81.8730974	78.8082263	76.1508498	81.8730974	3.78880347	8.66906377	0	100	0	0	3
7840	1761	0	3.0625	81.896924	78.8306719	76.1884925	81.896924	3.80149466	8.66906377	0	100	0	0	3
7845	1762	0	3.06445312	81.907386	78.8530113	76.189126	81.907386	3.81404616	8.66906377	0	100	0	0	3
7850	1763	0	3.06640625	81.9581277	78.8754979	76.189126	81.9581277	3.8267998	8.66906377	0	100	0	0	3
7855	1765	0	3.06835938	81.980093	78.8981188	76.2146581	81.980093	3.83969977	8.66906377	0	100	0	0	3
7860	1766	0	3.0703125	82.0556112	78.920935	76.2390626	82.0556112	3.85285852	8.66906377	0	100	0	0	3
7865	1767	0	3.07226562	82.0270492	78.9435444	76.2737035	82.0556112	3.86584496	8.66906377	0	100	0	0	3
7870	1768	0	3.07421875	82.1020472	78.9663113	76.2772402	82.1020472	3.87897507	8.66906377	0	100	0	0	3
7875	1769	0	3.07617188	82.15009	78.9892521	76.2793045	82.15009	3.89227451	8.66906377	0	100	0	0	3
7880	1770	0	3.078125	82.1502032	79.0121853	76.2826038	82.1502032	3.9056392	8.66906377	0	100	0	0	3
7885	1772	0	3.08007812	82.2597985	79.0355338	76.3067112	82.2597985	3.91941991	8.66906377	0	100	0	0	3
7890	1773	0	3.08203125	82.3052959	79.0589657	76.3411035	82.3052959	3.93324967	8.66906377	0	100	0	0	3
7895	1774	0	3.08398438	82.2963948	79.0822286	76.3652812	82.3052959	3.94686947	8.66906377	0	100	0	0	3
7900	1775	0	3.0859375	82.3653243	79.1056663	76.3875017	82.3653243	3.96058957	8.66906377	0	100	0	0	3
7905	1778	0	3.08789062	82.4031184	79.1291494	76.3875017	82.4031184	3.97446453	8.66906377	0	100	0	0	3
7910	1779	0	3.08984375	82.4185297	79.1527081	76.4057423	82.4185297	3.98846308	8.66906377	0	100	0	0	3
7915	1780	0	3.09179688	82.5193091	79.1765892	76.4267722	82.5193091	4.00279269	8.66906377	0	100	0	0	3
7920	1781	0	3.09375	82.4758267	79.2002183	76.4626071	82.5193091	4.01673259	8.66906377	0	100	0	0	3
7925	1782	0	3.09570312	82.5493283	79.2239487	76.4626071	82.5493283	4.03084501	8.66906377	0	100	0	0	3
7930	1783	0	3.09765625	82.6024079	79.2479323	76.4902899	82.6024079	4.04517295	8.66906377	0	100	0	0	3
7935	1784	0	3.09960938	82.6358059	79.2719383	76.4959809	82.6358059	4.05957539	8.66906377	0	100	0	0	3
7940	1786	0	3.1015625	82.6636302	79.2960306	76.5300792	82.6636302	4.07397981	8.66906377	0	100	0	0	3
7945	1787	0	3.10351562	82.731707	79.3202558	76.5374349	82.731707	4.08851198	8.66906377	0	100	0	0	3
7950	1788	0	3.10546875	82.7496048	79.344522	76.5575611	82.7496048	4.10306228	8.66906377	0	100	0	0	3
7955	1789	0	3.10742188	82.8318666	79.369031	76.5847238	82.8318666	4.11780832	8.66906377	0	100	0	0	3
7960	1790	0	3.109375	82.845599	79.39344	76.5847238	82.845599	4.13255828	8.66906377	0	100	0	0	3
7965	1792	0	3.11132812	82.8444243	79.4178919	76.6200763	82.845599	4.14722952	8.66906377	0	100	0	0	3
7970	1793	0	3.11328125	82.9109506	79.4424656	76.638928	82.9109506	4.16191892	8.66906377	0	100	0	0	3
7975	1794	0	3.11523438	82.9599684	79.4671572	76.6636551	82.9599684	4.17661639	8.66906377	0	100	0	0	3
7980	1795	0	3.1171875	83.0292964	79.492023	76.6648687	83.0292964	4.19142968	8.66906377	0	100	0	0	3
7985	1796	0	3.11914062	82.973487	79.516666	76.6927552	83.0292964	4.2057856	8.66906377	0	100	0	0	3
7990	1798	0	3.12109375	83.053729	79.5414505	76.6927552	83.053729	4.22039982	8.66906377	0	100	0	0	3
7995	1799	0	3.12304688	83.1190278	79.5665531	76.7275904	83.1190278	4.23526408	8.66906377	0	100	0	0	3
8000	1800	0	3.125	83.1168276	79.5915111	76.7574392	83.1190278	4.24988384	8.66906377	0	100	0	0	3
8005	1802	0	3.12695312	83.2033147	79.6166903	76.7706485	83.2033147	4.26450533	8.66906377	0	100	0	0	3
8010	1803	0	3.12890625	83.1912334	79.6416997	76.7706485	83.2033147	4.27901737	8.66906377	0	100	0	0	3
8015	1805	0	3.13085938	83.1778652	79.6667279	76.7955279	83.2033147	4.29351122	8.66906377	0	100	0	0	3
8020	1806	0	3.1328125	83.2814924	79.6920637	76.8524825	83.2814924	4.30827729	8.66906377	0	100	0	0	3
8025	1807	0	3.13476562	83.2683614	79.7171257	76.879456	83.2814924	4.3227545	8.66906377	0	100	0	0	3
8030	1809	0	3.13671875	83.3641419	79.7424565	76.8878621	83.3641419	4.33737526	8.66906377	0	100	0	0	3
8035	1810	0	3.13867188	83.345811	79.7676626	76.8878621	83.3641419	4.3517891	8.66906377	0	100	0	0	3
8040	1811	0	3.140625	83.3690172	79.7929748	76.8878621	83.3690172	4.36636432	8.66906377	0	100	0	0	3
8045	1812	0	3.14257812	83.4351984	79.8185504	76.9278937	83.4351984	4.38120147	8.66906377	0	100	0	0	3
8050	1814	0	3.14453125	83.4649497	79.8440858	76.9810546	83.4649497	4.39585258	8.66906377	0	100	0	0	3
8055	1815	0	3.14648438	83.4688279	79.8694046	76.9810546	83.4688279	4.41025923	8.66906377	0	100	0	0	3
8060	1816	0	3.1484375	83.5077926	79.8948997	76.9928705	83.5077926	4.42479427	8.66906377	0	100	0	0	3
8065	1817	0	3.15039062	83.5394026	79.9204721	77.0025939	83.5394026	4.43941846	8.66906377	0	100	0	0	3
8070	1818	0	3.15234375	83.5791758	79.9461618	77.058056	83.5791758	4.45402509	8.66906377	0	100	0	0	3
8075	1820	0	3.15429688	83.6251702	79.9718146	77.090956	83.6251702	4.46855971	8.66906377	0	100	0	0	3
8080	1821	0	3.15625	83.6499352	79.9974356	77.1155994	83.6499352	4.48295982	8.66906377	0	100	0	0	3
8085	1822	0	3.15820312	83.6700745	80.0230391	77.1437499	83.6700745	4.49722173	8.66906377	0	100	0	0	3
8090	1823	0	3.16015625	83.7160245	80.048712	77.1846063	83.7160245	4.51148773	8.66906377	0	100	0	0	3
8095	1825	0	3.16210938	83.7732742	80.074449	77.2030647	83.7732742	4.52580747	8.66906377	0	100	0	0	3
8100	1826	0	3.1640625	83.7713756	80.1001064	77.2306361	83.7732742	4.53999135	8.66906377	0	100	0	0	3
8105	1828	0	3.16601562	83.7676948	80.1256418	77.2418893	83.7732742	4.55398357	8.66906377	0	100	0	0	3
8110	1829	0	3.16796875	83.8336728	80.151391	77.2842685	83.8336728	4.56803992	8.66906377	0	100	0	0	3
8115	1830	0	3.16992188	83.8939741	80.1772102	77.2947078	83.8939741	4.58222477	8.66906377	0	100	0	0	3
8120	1832	0	3.171875	83.9086095	80.2030457	77.3168941	83.9086095	4.59644978	8.66906377	0	100	0	0	3
8125	1833	0	3.17382812	83.9506396	80.2289588	77.3341148	83.9506396	4.6107329	8.66906377	0	100	0	0	3
8130	1834	0	3.17578125	83.945339	80.2547839	77.3654022	83.9506396	4.62474139	8.66906377	0	100	0	0	3
8135	1836	0	3.17773438	84.0019353	80.2807078	77.4013285	84.0019353	4.63869248	8.66906377	0	100	0	0	3
8140	1837	0	3.1796875	84.0538601	80.3066943	77.4081792	84.0538601	4.65272087	8.66906377	0	100	0	0	3
8145	1838	0	3.18164062	84.0711092	80.3327213	77.4287729	84.0711092	4.66673207	8.66906377	0	100	0	0	3
8150	1839	0	3.18359375	84.0985131	80.358775	77.4401109	84.0985131	4.68069459	8.66906377	0	100	0	0	3
8155	1840	0	3.18554688	84.1013069	80.3847953	77.4776152	84.1013069	4.69443065	8.66906377	0	100	0	0	3
8160	1842	0	3.1875	84.1688663	80.410933	77.5027009	84.1688663	4.7082367	8.66906377	0	100	0	0	3
8165	1843	0	3.18945312	84.1910315	80.4370593	77.5088856	84.1910315	4.72203209	8.66906377	0	100	0	0	3
8170	1844	0	3.19140625	84.2246396	80.4632927	77.5147382	84.2246396	4.73590523	8.66906377	0	100	0	0	3
8175	1845	0	3.19335938	84.2391391	80.4895599	77.5470486	84.2391391	4.7496456	8.66906377	0	100	0	0	3
8180	1847	0	3.1953125	84.2953116	80.5159203	77.5922062	84.2953116	4.7633547	8.66906377	0	100	0	0	3
8185	1848	0	3.19726562	84.2912973	80.5420886	77.6155742	84.2953116	4.77686869	8.66906377	0	100	0	0	3
8190	1849	0	3.19921875	84.3379182	80.5683474	77.6155742	84.3379182	4.79050978	8.66906377	0	100	0	0	3
8195	1850	0	3.20117188	84.3477417	80.5946152	77.6155742	84.3477417	4.80414575	8.66906377	0	100	0	0	3
8200	1852	0	3.203125	84.4042782	80.6211335	77.6313868	84.4042782	4.81793281	8.66906377	0	100	0	0	3
8205	1854	0	3.20507812	84.4394834	80.6477277	77.6893491	84.4394834	4.83170141	8.66906377	0	100	0	0	3
8210	1855	0	3.20703125	84.4439124	80.674111	77.6893491	84.4439124	4.84527135	8.66906377	0	100	0	0	3
8215	1856	0	3.20898438	84.46205	80.7004737	77.6893491	84.46205	4.85891225	8.66906377	0	100	0	0	3
8220	1858	0	3.2109375	84.5185366	80.7271502	77.7270081	84.5185366	4.87266623	8.66906377	0	100	0	0	3
8225	1859	0	3.21289062	84.585238	80.7539402	77.7479863	84.585238	4.88644759	8.66906377	0	100	0	0	3
8230	1860	0	3.21484375	84.5588054	80.780545	77.7863659	84.585238	4.90004825	8.66906377	0	100	0	0	3
8235	1861	0	3.21679688	84.6632864	80.8074079	77.7895569	84.6632864	4.91404445	8.66906377	0	100	0	0	3
8240	1862	0	3.21875	84.6672808	80.834274	77.8117699	84.6672808	4.92794541	8.66906377	0	100	0	0	3
8245	1864	0	3.22070312	84.6656905	80.8610472	77.8369082	84.6672808	4.94158598	8.66906377	0	100	0	0	3
8250	1865	0	3.22265625	84.7096634	80.8878939	77.8668892	84.7096634	4.95521346	8.66906377	0	100	0	0	3
8255	1866	0	3.22460938	84.7350854	80.9147227	77.9049196	84.7350854	4.96881753	8.66906377	0	100	0	0	3
8260	1867	0	3.2265625	84.7025904	80.9412762	77.9105681	84.7350854	4.98219142	8.66906377	0	100	0	0	3
8265	1869	0	3.22851562	84.7934375	80.9681268	77.9105681	84.7934375	4.99589894	8.66906377	0	100	0	0	3
8270	1870	0	3.23046875	84.8214938	80.9951226	77.9589884	84.8214938	5.00956691	8.66906377	0	100	0	0	3
8275	1871	0	3.23242188	84.813039	81.0218963	77.9709392	84.8214938	5.02305333	8.66906377	0	100	0	0	3
8280	1872	0	3.234375	84.8732338	81.0488583	78.0106629	84.8732338	5.03655419	8.66906377	0	100	0	0	3
8285	1874	0	3.23632812	84.8610011	81.0754916	78.0106629	84.8732338	5.04987699	8.66906377	0	100	0	0	3
8290	1875	0	3.23828125	84.9566946	81.1025858	78.0106629	84.9566946	5.06365566	8.66906377	0	100	0	0	3
8295	1876	0	3.24023438	84.9754204	81.1297919	78.0350142	84.9754204	5.07741548	8.66906377	0	100	0	0	3
8300	1877	0	3.2421875	85.0243477	81.1570939	78.0688148	85.0243477	5.09122174	8.66906377	0	100	0	0	3
8305	1880	0	3.24414062	85.0109639	81.1842117	78.1121373	85.0243477	5.10481114	8.66906377	0	100	0	0	3
8310	1881	0	3.24609375	85.0174099	81.2111854	78.125236	85.0243477	5.11825357	8.66906377	0	100	0	0	3
8315	1882	0	3.24804688	85.0885345	81.2383858	78.1371089	85.0885345	5.13183044	8.66906377	0	100	0	0	3
8320	1883	0	3.25	85.1094718	81.2656216	78.1577257	85.1094718	5.14538532	8.66906377	0	100	0	0	3
8325	1885	0	3.25195312	85.1478184	81.2929267	78.1820233	85.1478184	5.15899848	8.66906377	0	100	0	0	3
8330	1886	0	3.25390625	85.1682008	81.3202028	78.1820233	85.1682008	5.17269115	8.66906377	0	100	0	0	3
8335	1887	0	3.25585938	85.1539539	81.3474369	78.1907727	85.1682008	5.18630748	8.66906377	0	100	0	0	3
8340	1888	0	3.2578125	85.2198874	81.3748944	78.2458449	85.2198874	5.19988026	8.66906377	0	100	0	0	3
8345	1889	0	3.25976562	85.2761254	81.4023564	78.247929	85.2761254	5.21346089	8.66906377	0	100	0	0	3
8350	1891	0	3.26171875	85.2685192	81.4297806	78.2693197	85.2761254	5.22695113	8.66906377	0	100	0	0	3
8355	1892	0	3.26367188	85.3239087	81.4572543	78.2693197	85.3239087	5.24068909	8.66906377	0	100	0	0	3
8360	1893	0	3.265625	85.3493107	81.4849106	78.279107	85.3493107	5.25454791	8.66906377	0	100	0	0	3
8365	1894	0	3.26757812	85.3493326	81.5125286	78.3292602	85.3493326	5.26811068	8.66906377	0	100	0	0	3
8370	1895	0	3.26953125	85.4008218	81.5401248	78.3292602	85.4008218	5.28175149	8.66906377	0	100	0	0	3
8375	1897	0	3.27148438	85.4342138	81.5678785	78.3508715	85.4342138	5.29556218	8.66906377	0	100	0	0	3
8380	1898	0	3.2734375	85.4110957	81.5954343	78.3508715	85.4342138	5.30925339	8.66906377	0	100	0	0	3
8385	1899	0	3.27539062	85.4313304	81.6230924	78.3734976	85.4342138	5.32297054	8.66906377	0	100	0	0	3
8390	1900	0	3.27734375	85.5061059	81.6509541	78.3827333	85.5061059	5.33688887	8.66906377	0	100	0	0	3
8395	1902	0	3.27929688	85.5340911	81.6788891	78.4223933	85.5340911	5.35083498	8.66906377	0	100	0	0	3
8400	1903	0	3.28125	85.5558542	81.7067542	78.4420471	85.5558542	5.36469818	8.66906377	0	100	0	0	3
8405	1905	0	3.28320312	85.5811982	81.7346398	78.4420471	85.5811982	5.37856517	8.66906377	0	100	0	0	3
8410	1906	0	3.28515625	85.5858205	81.7625452	78.480019	85.5858205	5.39231873	8.66906377	0	100	0	0	3
8415	1907	0	3.28710938	85.61972	81.7904033	78.480019	85.61972	5.4061582	8.66906377	0	100	0	0	3
8420	1908	0	3.2890625	85.6650409	81.8184698	78.5078814	85.6650409	5.42007211	8.66906377	0	100	0	0	3
8425	1910	0	3.29101562	85.6435464	81.8462299	78.5078814	85.6650409	5.43381616	8.66906377	0	100	0	0	3
8430	1911	0	3.29296875	85.6707118	81.8742097	78.5337729	85.6707118	5.44766709	8.66906377	0	100	0	0	3
8435	1912	0	3.29492188	85.7288339	81.9023154	78.5692374	85.7288339	5.46156129	8.66906377	0	100	0	0	3
8440	1913	0	3.296875	85.7391168	81.9303227	78.6176963	85.7391168	5.47527454	8.66906377	0	100	0	0	3
8445	1914	0	3.29882812	85.7379852	81.9581183	78.6176963	85.7391168	5.48885249	8.66906377	0	100	0	0	3
8450	1916	0	3.30078125	85.7687684	81.9859681	78.6176963	85.7687684	5.50259183	8.66906377	0	100	0	0	3
8455	1917	0	3.30273438	85.7912759	82.0139899	78.6179127	85.7912759	5.51643626	8.66906377	0	100	0	0	3
8460	1918	0	3.3046875	85.8846071	82.0423754	78.6768458	85.8846071	5.53042724	8.66906377	0	100	0	0	3
8465	1919	0	3.30664062	85.8791707	82.0705095	78.7178789	85.8846071	5.54414807	8.66906377	0	100	0	0	3
8470	1921	0	3.30859375	85.8760089	82.0984709	78.7253147	85.8846071	5.55768345	8.66906377	0	100	0	0	3
8475	1922	0	3.31054688	85.9034545	82.1263723	78.7253147	85.9034545	5.57126584	8.66906377	0	100	0	0	3
8480	1923	0	3.3125	85.9292151	82.1544249	78.7253147	85.9292151	5.58512492	8.66906377	0	100	0	0	3
8485	1924	0	3.31445312	85.9874401	82.1827926	78.7690186	85.9874401	5.59920465	8.66906377	0	100	0	0	3
8490	1926	0	3.31640625	85.9706534	82.210924	78.8067981	85.9874401	5.61298926	8.66906377	0	100	0	0	3
8495	1927	0	3.31835938	86.0089044	82.2390572	78.8218811	86.0089044	5.626784	8.66906377	0	100	0	0	3
8500	1928	0	3.3203125	86.0068654	82.2671236	78.8327247	86.0089044	5.64049886	8.66906377	0	100	0	0	3
8505	1931	0	3.32226562	86.068645	82.2953889	78.8473828	86.068645	5.65429045	8.66906377	0	100	0	0	3
8510	1932	0	3.32421875	86.0936186	82.3236945	78.8941479	86.0936186	5.66801845	8.66906377	0	100	0	0	3
8515	1933	0	3.32617188	86.0988586	82.3518379	78.9290682	86.0988586	5.68153368	8.66906377	0	100	0	0	3
8520	1934	0	3.328125	86.1328539	82.3799777	78.9304128	86.1328539	5.69505703	8.66906377	0	100	0	0	3
8525	1935	0	3.33007812	86.1578556	82.4082099	78.9504523	86.1578556	5.70857449	8.66906377	0	100	0	0	3
8530	1937	0	3.33203125	86.2172945	82.4365899	78.9504523	86.2172945	5.72220142	8.66906377	0	100	0	0	3
8535	1938	0	3.33398438	86.215284	82.4649681	78.9909114	86.2172945	5.73580001	8.66906377	0	100	0	0	3
8540	1939	0	3.3359375	86.2521053	82.4933321	78.9998269	86.2521053	5.74941895	8.66906377	0	100	0	0	3
8545	1940	0	3.33789062	86.2325283	82.5215665	78.9998269	86.2521053	5.76302666	8.66906377	0	100	0	0	3
8550	1942	0	3.33984375	86.2410141	82.5498524	79.0370395	86.2521053	5.77650698	8.66906377	0	100	0	0	3
8555	1943	0	3.34179688	86.3191382	82.5782981	79.0588496	86.3191382	5.79005986	8.66906377	0	100	0	0	3
8560	1944	0	3.34375	86.3333102	82.606714	79.0852779	86.3333102	5.80360509	8.66906377	0	100	0	0	3
8565	1945	0	3.34570312	86.3515596	82.6350979	79.0965329	86.3515596	5.81714337	8.66906377	0	100	0	0	3
8570	1946	0	3.34765625	86.3555273	82.6634533	79.1367267	86.3555273	5.83052715	8.66906377	0	100	0	0	3
8575	1948	0	3.34960938	86.4105291	82.6918666	79.1469183	86.4105291	5.84396387	8.66906377	0	100	0	0	3
8580	1949	0	3.3515625	86.4464654	82.7203805	79.1776843	86.4464654	5.85733575	8.66906377	0	100	0	0	3
8585	1950	0	3.35351562	86.4512113	82.7487927	79.182695	86.4512113	5.87055689	8.66906377	0	100	0	0	3
8590	1952	0	3.35546875	86.464416	82.7771704	79.182695	86.464416	5.88389959	8.66906377	0	100	0	0	3
8595	1953	0	3.35742188	86.4881379	82.8057073	79.2038094	86.4881379	5.89739665	8.66906377	0	100	0	0	3
8600	1954	0	3.359375	86.5090761	82.8342409	79.2038094	86.5090761	5.91086252	8.66906377	0	100	0	0	3
8605	1956	0	3.36132812	86.5786838	82.863049	79.2539149	86.5786838	5.92447313	8.66906377	0	100	0	0	3
8610	1958	0	3.36328125	86.5807146	82.8916693	79.2674065	86.5807146	5.93790814	8.66906377	0	100	0	0	3
8615	1959	0	3.36523438	86.5667219	82.9201822	79.3100127	86.5807146	5.95105708	8.66906377	0	100	0	0	3
8620	1960	0	3.3671875	86.5969913	82.9485901	79.3100127	86.5969913	5.96414854	8.66906377	0	100	0	0	3
8625	1961	0	3.36914062	86.5931365	82.9770398	79.3592912	86.5969913	5.97713812	8.66906377	0	100	0	0	3
8630	1963	0	3.37109375	86.6543685	83.0055362	79.38537	86.6543685	5.99013169	8.66906377	0	100	0	0	3
8635	1964	0	3.37304688	86.6701026	83.0339746	79.38537	86.6701026	6.00311024	8.66906377	0	100	0	0	3
8640	1965	0	3.375	86.6722569	83.062439	79.4093036	86.6722569	6.01611523	8.66906377	0	100	0	0	3
8645	1966	0	3.37695312	86.6977079	83.0909094	79.4509305	86.6977079	6.02903831	8.66906377	0	100	0	0	3
8650	1968	0	3.37890625	86.7507626	83.1194243	79.4692826	86.7507626	6.04202255	8.66906377	0	100	0	0	3
8655	1969	0	3.38085938	86.7459531	83.1478488	79.5150554	86.7507626	6.05484571	8.66906377	0	100	0	0	3
8660	1970	0	3.3828125	86.7511163	83.1761147	79.5156022	86.7511163	6.06748004	8.66906377	0	100	0	0	3
8665	1971	0	3.38476562	86.7804763	83.2044931	79.5370502	86.7804763	6.08021573	8.66906377	0	100	0	0	3
8670	1973	0	3.38671875	86.805734	83.2328864	79.5544711	86.805734	6.09288512	8.66906377	0	100	0	0	3
8675	1974	0	3.38867188	86.8379335	83.2613374	79.6052491	86.8379335	6.10549896	8.66906377	0	100	0	0	3
8680	1975	0	3.390625	86.8124353	83.2894905	79.6250129	86.8379335	6.11773266	8.66906377	0	100	0	0	3
8685	1977	0	3.39257812	86.8594092	83.3177499	79.6284027	86.8594092	6.12999832	8.66906377	0	100	0	0	3
8690	1978	0	3.39453125	86.90147	83.3461603	79.6459869	86.90147	6.14230415	8.66906377	0	100	0	0	3
8695	1979	0	3.39648438	86.9093345	83.3745327	79.6824721	86.9093345	6.15441404	8.66906377	0	100	0	0	3
8700	1980	0	3.3984375	86.9162543	83.4027897	79.7268265	86.9162543	6.16630258	8.66906377	0	100	0	0	3
8705	1982	0	3.40039062	86.9144117	83.4307919	79.7268265	86.9162543	6.17796907	8.66906377	0	100	0	0	3
8710	1983	0	3.40234375	86.9562247	83.4589181	79.7268265	86.9562247	6.18989166	8.66906377	0	100	0	0	3
8715	1985	0	3.40429688	87.0124627	83.4873776	79.7567058	87.0124627	6.20196015	8.66906377	0	100	0	0	3
8720	1986	0	3.40625	87.0027512	83.5156825	79.7889168	87.0124627	6.21376278	8.66906377	0	100	0	0	3
8725	1987	0	3.40820312	87.0036692	83.5438651	79.8160838	87.0124627	6.22537057	8.66906377	0	100	0	0	3
8730	1988	0	3.41015625	87.0301115	83.5720449	79.8395415	87.0301115	6.23694721	8.66906377	0	100	0	0	3
8735	1989	0	3.41210938	87.0477288	83.6002019	79.8701603	87.0477288	6.24833185	8.66906377	0	100	0	0	3
8740	1991	0	3.4140625	87.0910637	83.6283239	79.8701603	87.0910637	6.25970943	8.66906377	0	100	0	0	3
8745	1992	0	3.41601562	87.0669405	83.6563509	79.8701603	87.0910637	6.27101873	8.66906377	0	100	0	0	3
8750	1993	0	3.41796875	87.1187119	83.6846655	79.8765086	87.1187119	6.28266559	8.66906377	0	100	0	0	3
8755	1995	0	3.41992188	87.1313124	83.7130046	79.9396691	87.1313124	6.29411848	8.66906377	0	100	0	0	3
8760	1996	0	3.421875	87.1402895	83.741132	79.9738223	87.1402895	6.30515074	8.66906377	0	100	0	0	3
8765	1997	0	3.42382812	87.1492347	83.769161	79.9906888	87.1492347	6.3159214	8.66906377	0	100	0	0	3
8770	1999	0	3.42578125	87.1671503	83.797026	79.9906888	87.1671503	6.32678652	8.66906377	0	100	0	0	3
8775	2000	0	3.42773438	87.2037563	83.825202	80.0198965	87.2037563	6.33786666	8.66906377	0	100	0	0	3
8780	2001	0	3.4296875	87.1412576	83.8530198	80.0423553	87.2037563	6.34849246	8.66906377	0	100	0	0	3
8785	2002	0	3.43164062	87.2249779	83.8810769	80.115236	87.2249779	6.35910726	8.66906377	0	100	0	0	3
8790	2004	0	3.43359375	87.2469134	83.9089351	80.1412555	87.2469134	6.36935218	8.66906377	0	100	0	0	3
8795	2005	0	3.43554688	87.2439362	83.9366163	80.1412555	87.2469134	6.37942043	8.66906377	0	100	0	0	3
8800	2006	0	3.4375	87.2235869	83.964213	80.1412555	87.2469134	6.38953848	8.66906377	0	100	0	0	3
8805	2009	0	3.43945312	87.2612914	83.9920256	80.1868622	87.2612914	6.39976985	8.66906377	0	100	0	0	3
8810	2010	0	3.44140625	87.3027149	84.0198219	80.1946956	87.3027149	6.41006228	8.66906377	0	100	0	0	3
8815	2011	0	3.44335938	87.2993947	84.0475747	80.2548972	87.3027149	6.42013526	8.66906377	0	100	0	0	3
8820	2012	0	3.4453125	87.3070253	84.075122	80.260537	87.3070253	6.42997767	8.66906377	0	100	0	0	3
8825	2014	0	3.44726562	87.3438483	84.1027912	80.2891448	87.3438483	6.4397991	8.66906377	0	100	0	0	3
8830	2015	0	3.44921875	87.3446679	84.1303519	80.3157633	87.3446679	6.44949405	8.66906377	0	100	0	0	3
8835	2016	0	3.45117188	87.3576062	84.1578591	80.38328	87.3576062	6.45893601	8.66906377	0	100	0	0	3
8840	2017	0	3.453125	87.371365	84.1851563	80.3876091	87.371365	6.46815343	8.66906377	0	100	0	0	3
8845	2019	0	3.45507812	87.3464599	84.2122907	80.3876091	87.371365	6.47715407	8.66906377	0	100	0	0	3
8850	2020	0	3.45703125	87.3976629	84.2396737	80.3981099	87.3976629	6.48636641	8.66906377	0	100	0	0	3
8855	2021	0	3.45898438	87.4076488	84.2670548	80.480826	87.4076488	6.49525386	8.66906377	0	100	0	0	3
8860	2023	0	3.4609375	87.3916384	84.2940501	80.4829155	87.4076488	6.50371929	8.66906377	0	100	0	0	3
8865	2024	0	3.46289062	87.4242018	84.3210162	80.4829155	87.4242018	6.51234084	8.66906377	0	100	0	0	3
8870	2025	0	3.46484375	87.4351757	84.3481734	80.539103	87.4351757	6.52083343	8.66906377	0	100	0	0	3
8875	2026	0	3.46679688	87.4892455	84.3753224	80.5644965	87.4892455	6.52917893	8.66906377	0	100	0	0	3
8880	2028	0	3.46875	87.4884068	84.402369	80.599271	87.4892455	6.53733571	8.66906377	0	100	0	0	3
8885	2029	0	3.47070312	87.4861457	84.4292163	80.599271	87.4892455	6.5453366	8.66906377	0	100	0	0	3
8890	2030	0	3.47265625	87.4985631	84.456015	80.599271	87.4985631	6.55346061	8.66906377	0	100	0	0	3
8895	2031	0	3.47460938	87.5180452	84.4830414	80.6652098	87.5180452	6.56136353	8.66906377	0	100	0	0	3
8900	2033	0	3.4765625	87.5468719	84.5099229	80.6735501	87.5468719	6.56917609	8.66906377	0	100	0	0	3
8905	2035	0	3.47851562	87.5643112	84.5368399	80.6863455	87.5643112	6.57703909	8.66906377	0	100	0	0	3
8910	2036	0	3.48046875	87.5402915	84.5636132	80.7132713	87.5643112	6.58472199	8.66906377	0	100	0	0	3
8915	2037	0	3.48242188	87.569982	84.5903972	80.7490546	87.569982	6.59219364	8.66906377	0	100	0	0	3
8920	2039	0	3.484375	87.5742256	84.617058	80.7885854	87.5742256	6.59940133	8.66906377	0	100	0	0	3
8925	2040	0	3.48632812	87.5980404	84.6436575	80.806544	87.5980404	6.60651227	8.66906377	0	100	0	0	3
8930	2041	0	3.48828125	87.6147347	84.670252	80.8175207	87.6147347	6.61358775	8.66906377	0	100	0	0	3
8935	2043	0	3.49023438	87.6023552	84.6967552	80.8514146	87.6147347	6.62050693	8.66906377	0	100	0	0	3
8940	2044	0	3.4921875	87.6338144	84.723249	80.8596454	87.6338144	6.62739538	8.66906377	0	100	0	0	3
8945	2045	0	3.49414062	87.6456152	84.7497567	80.9210771	87.6456152	6.63404639	8.66906377	0	100	0	0	3
8950	2046	0	3.49609375	87.6749117	84.7761388	80.949574	87.6749117	6.64039971	8.66906377	0	100	0	0	3
8955	2048	0	3.49804688	87.6784659	84.8023321	80.949574	87.6784659	6.64668137	8.66906377	0	100	0	0	3
8960	2049	0	3.5	87.6612599	84.8285496	80.9561973	87.6784659	6.65298704	8.66906377	0	100	0	0	3
8965	2050	0	3.50195312	87.6755178	84.854797	81.0209882	87.6784659	6.65747767	8.66906377	0	100	0	0	3
8970	2052	0	3.50390625	87.7268542	84.8809918	81.0602303	87.7268542	6.66514698	8.66906377	0	100	0	0	3
8975	2053	0	3.50585938	87.7233443	84.9069766	81.0602303	87.7268542	6.66662389	8.66906377	0	100	0	0	3
8980	2054	0	3.5078125	87.7176614	84.9329821	81.0659297	87.7268542	6.66092453	8.66906377	0	100	0	0	3
8985	2056	0	3.50976562	87.6987523	84.9588916	81.100836	87.7268542	6.6260182	8.66906377	0	100	0	0	3
8990	2057	0	3.51171875	87.7238352	84.9847627	81.150451	87.7268542	6.57640326	8.66906377	0	100	0	0	3
8995	2058	0	3.51367188	87.758454	85.0105752	81.1915598	87.758454	6.5668942	8.66906377	0	100	0	0	3
9000	2059	0	3.515625	87.7737502	85.0362869	81.2059739	87.7737502	6.56777632	8.66906377	0	100	0	0	3
9005	2062	0	3.51757812	87.7369795	85.0617986	81.229224	87.7737502	6.54452619	8.66906377	0	100	0	0	3
9010	2063	0	3.51953125	87.7740316	85.0873643	81.2367522	87.7740316	6.53727944	8.66906377	0	100	0	0	3
9015	2064	0	3.52148438	87.8064857	85.1130273	81.2728732	87.8064857	6.53361254	8.66906377	0	100	0	0	3
9020	2066	0	3.5234375	87.8122047	85.1385716	81.3154586	87.8122047	6.49674615	8.66906377	0	100	0	0	3
9025	2067	0	3.52539062	87.8094604	85.1639388	81.3535523	87.8122047	6.45865245	8.66906377	0	100	0	0	3
9030	2068	0	3.52734375	87.7822611	85.1890509	81.3616009	87.8122047	6.45060378	8.66906377	0	100	0	0	3
9035	2069	0	3.52929688	87.8306768	85.2143207	81.3843374	87.8306768	6.44633935	8.66906377	0	100	0	0	3
9040	2071	0	3.53125	87.8788078	85.2396898	81.4385051	87.8788078	6.44030265	8.66906377	0	100	0	0	3
9045	2072	0	3.53320312	87.8725194	85.2648226	81.4719274	87.8788078	6.40688034	8.66906377	0	100	0	0	3
9050	2073	0	3.53515625	87.8570482	85.2896524	81.4719274	87.8788078	6.40688034	8.66906377	0	100	0	0	3
9055	2075	0	3.53710938	87.8543387	85.3145837	81.4882177	87.8788078	6.39059011	8.66906377	0	100	0	0	3
9060	2076	0	3.5390625	87.8821029	85.3395598	81.5717658	87.8821029	6.31033712	8.66906377	0	100	0	0	3
9065	2077	0	3.54101562	87.8973707	85.364086	81.5717658	87.8973707	6.32560485	8.66906377	0	100	0	0	3
9070	2079	0	3.54296875	87.8829359	85.388739	81.6031559	87.8973707	6.2942148	8.66906377	0	100	0	0	3
9075	2080	0	3.54492188	87.8815122	85.4132639	81.6375254	87.8973707	6.25984525	8.66906377	0	100	0	0	3
9080	2081	0	3.546875	87.8987522	85.4377218	81.6593827	87.8987522	6.23936958	8.66906377	0	100	0	0	3
9085	2082	0	3.54882812	87.9451581	85.4622756	81.7018086	87.9451581	6.24334942	8.66906377	0	100	0	0	3
9090	2084	0	3.55078125	87.9188844	85.486561	81.726422	87.9451581	6.21873601	8.66906377	0	100	0	0	3
9095	2085	0	3.55273438	87.9065651	85.5105719	81.726422	87.9451581	6.21873601	8.66906377	0	100	0	0	3
9100	2086	0	3.5546875	87.9031779	85.5346999	81.7929532	87.9451581	6.15220487	8.66906377	0	100	0	0	3
9105	2089	0	3.55664062	87.958608	85.5587844	81.8505166	87.958608	6.10809136	8.66906377	0	100	0	0	3
9110	2090	0	3.55859375	87.9764494	85.5827139	81.8730974	87.9764494	6.10335205	8.66906377	0	100	0	0	3
9115	2092	0	3.56054688	87.9652217	85.6065112	81.896924	87.9764494	6.07952542	8.66906377	0	100	0	0	3
9120	2093	0	3.5625	87.9338052	85.6300928	81.907386	87.9764494	6.06906341	8.66906377	0	100	0	0	3
9125	2094	0	3.56445312	87.9615844	85.653742	81.9581277	87.9764494	6.0183217	8.66906377	0	100	0	0	3
9130	2096	0	3.56640625	88.0072831	85.6773715	81.980093	88.0072831	6.02719003	8.66906377	0	100	0	0	3
9135	2097	0	3.56835938	88.0168368	85.7009526	82.0270492	88.0168368	5.98978759	8.66906377	0	100	0	0	3
9140	2098	0	3.5703125	87.9935882	85.7241478	82.0270492	88.0168368	5.98978759	8.66906377	0	100	0	0	3
9145	2099	0	3.57226562	87.9941212	85.7474567	82.1020472	88.0168368	5.91478956	8.66906377	0	100	0	0	3
9150	2101	0	3.57421875	88.0110514	85.7705387	82.15009	88.0168368	5.86674684	8.66906377	0	100	0	0	3
9155	2102	0	3.57617188	88.037133	85.793535	82.1502032	88.037133	5.88692973	8.66906377	0	100	0	0	3
9160	2103	0	3.578125	88.0533374	85.8165941	82.2597985	88.0533374	5.79353887	8.66906377	0	100	0	0	3
9165	2104	0	3.58007812	88.006401	85.8390417	82.2963948	88.0533374	5.75694257	8.66906377	0	100	0	0	3
9170	2106	0	3.58203125	88.043325	85.8614559	82.2963948	88.0533374	5.75694257	8.66906377	0	100	0	0	3
9175	2107	0	3.58398438	88.0436291	85.8839061	82.3653243	88.0533374	5.68801309	8.66906377	0	100	0	0	3
9180	2108	0	3.5859375	88.0789794	85.906225	82.4031184	88.0789794	5.675861	8.66906377	0	100	0	0	3
9185	2109	0	3.58789062	88.0699085	85.9283609	82.4185297	88.0789794	5.66044968	8.66906377	0	100	0	0	3
9190	2111	0	3.58984375	88.037982	85.9503119	82.4758267	88.0789794	5.60315272	8.66906377	0	100	0	0	3
9195	2112	0	3.59179688	88.0661108	85.9719791	82.4758267	88.0789794	5.60315272	8.66906377	0	100	0	0	3
9200	2113	0	3.59375	88.0857908	85.993893	82.5493283	88.0857908	5.53646252	8.66906377	0	100	0	0	3
9205	2116	0	3.59570312	88.1248568	86.0156724	82.6024079	88.1248568	5.52244896	8.66906377	0	100	0	0	3
9210	2117	0	3.59765625	88.1141611	86.0372027	82.6358059	88.1248568	5.48905089	8.66906377	0	100	0	0	3
9215	2118	0	3.59960938	88.0789339	86.0584649	82.6636302	88.1248568	5.46122661	8.66906377	0	100	0	0	3
9220	2119	0	3.6015625	88.1009385	86.0797044	82.731707	88.1248568	5.39314985	8.66906377	0	100	0	0	3
9225	2121	0	3.60351562	88.1175783	86.100743	82.7496048	88.1248568	5.37525203	8.66906377	0	100	0	0	3
9230	2122	0	3.60546875	88.1440775	86.1218151	82.8318666	88.1440775	5.31221092	8.66906377	0	100	0	0	3
9235	2123	0	3.60742188	88.1438554	86.1425651	82.8444243	88.1440775	5.29965318	8.66906377	0	100	0	0	3
9240	2124	0	3.609375	88.0893497	86.1630485	82.8444243	88.1440775	5.29965318	8.66906377	0	100	0	0	3
9245	2126	0	3.61132812	88.1176176	86.1836469	82.9109506	88.1440775	5.23312688	8.66906377	0	100	0	0	3
9250	2127	0	3.61328125	88.1509356	86.2041156	82.9599684	88.1509356	5.19096715	8.66906377	0	100	0	0	3
9255	2128	0	3.61523438	88.1431635	86.2243625	82.973487	88.1509356	5.1774486	8.66906377	0	100	0	0	3
9260	2130	0	3.6171875	88.1218759	86.2442553	82.973487	88.1509356	5.1774486	8.66906377	0	100	0	0	3
9265	2131	0	3.61914062	88.1525018	86.2644859	83.053729	88.1525018	5.09877274	8.66906377	0	100	0	0	3
9270	2132	0	3.62109375	88.168396	86.284465	83.1168276	88.168396	5.05156842	8.66906377	0	100	0	0	3
9275	2133	0	3.62304688	88.1580993	86.3041489	83.1168276	88.168396	5.05156842	8.66906377	0	100	0	0	3
9280	2135	0	3.625	88.1776891	86.3239179	83.1778652	88.1776891	4.99982395	8.66906377	0	100	0	0	3
9285	2136	0	3.62695312	88.1666829	86.3433061	83.1778652	88.1776891	4.99982395	8.66906377	0	100	0	0	3
9290	2137	0	3.62890625	88.1749376	86.3627737	83.1778652	88.1776891	4.99982395	8.66906377	0	100	0	0	3
9295	2138	0	3.63085938	88.1824817	86.3823229	83.2683614	88.1824817	4.91412023	8.66906377	0	100	0	0	3
9300	2140	0	3.6328125	88.172645	86.401429	83.2683614	88.1824817	4.91412023	8.66906377	0	100	0	0	3
9305	2142	0	3.63476562	88.1880266	86.4206464	83.345811	88.1880266	4.84221559	8.66906377	0	100	0	0	3
9310	2143	0	3.63671875	88.1696482	86.439418	83.345811	88.1880266	4.84221559	8.66906377	0	100	0	0	3
9315	2145	0	3.63867188	88.2113972	86.4584242	83.3690172	88.2113972	4.84237991	8.66906377	0	100	0	0	3
9320	2146	0	3.640625	88.2164248	86.4773593	83.4351984	88.2164248	4.78122634	8.66906377	0	100	0	0	3
9325	2147	0	3.64257812	88.2363719	86.4961139	83.4649497	88.2363719	4.77142224	8.66906377	0	100	0	0	3
9330	2149	0	3.64453125	88.1832305	86.5145447	83.4688279	88.2363719	4.76754403	8.66906377	0	100	0	0	3
9335	2150	0	3.64648438	88.2027004	86.5330364	83.5077926	88.2363719	4.7285793	8.66906377	0	100	0	0	3
9340	2151	0	3.6484375	88.2208812	86.5514469	83.5394026	88.2363719	4.69696933	8.66906377	0	100	0	0	3
9345	2153	0	3.65039062	88.2220479	86.5697385	83.5791758	88.2363719	4.65719614	8.66906377	0	100	0	0	3
9350	2154	0	3.65234375	88.234094	86.5879218	83.6251702	88.2363719	4.61120177	8.66906377	0	100	0	0	3
9355	2155	0	3.65429688	88.2156441	86.6058533	83.6499352	88.2363719	4.58643674	8.66906377	0	100	0	0	3
9360	2156	0	3.65625	88.218294	86.6236984	83.6700745	88.2363719	4.56629746	8.66906377	0	100	0	0	3
9365	2158	0	3.65820312	88.2656283	86.6416498	83.7160245	88.2656283	4.54960381	8.66906377	0	100	0	0	3
9370	2159	0	3.66015625	88.2337425	86.6592972	83.7676948	88.2656283	4.49793352	8.66906377	0	100	0	0	3
9375	2160	0	3.66210938	88.2468325	86.676772	83.7676948	88.2656283	4.49793352	8.66906377	0	100	0	0	3
9380	2162	0	3.6640625	88.2470392	86.6942551	83.7676948	88.2656283	4.49793352	8.66906377	0	100	0	0	3
9385	2163	0	3.66601562	88.2752948	86.7118629	83.8336728	88.2752948	4.44162205	8.66906377	0	100	0	0	3
9390	2164	0	3.66796875	88.2596027	86.7291517	83.8939741	88.2752948	4.38132074	8.66906377	0	100	0	0	3
9395	2165	0	3.66992188	88.2392827	86.7461255	83.9086095	88.2752948	4.36668536	8.66906377	0	100	0	0	3
9400	2167	0	3.671875	88.2469777	86.7630723	83.945339	88.2752948	4.32995587	8.66906377	0	100	0	0	3
9405	2169	0	3.67382812	88.2785373	86.7799781	83.945339	88.2785373	4.33319829	8.66906377	0	100	0	0	3
9410	2170	0	3.67578125	88.2648036	86.796851	84.0019353	88.2785373	4.27660195	8.66906377	0	100	0	0	3
9415	2172	0	3.67773438	88.2878027	86.8135927	84.0538601	88.2878027	4.23394259	8.66906377	0	100	0	0	3
9420	2173	0	3.6796875	88.2630189	86.8300347	84.0711092	88.2878027	4.21669347	8.66906377	0	100	0	0	3
9425	2174	0	3.68164062	88.2902177	86.8465156	84.0985131	88.2902177	4.19170463	8.66906377	0	100	0	0	3
9430	2176	0	3.68359375	88.2974259	86.8629176	84.1013069	88.2974259	4.19611905	8.66906377	0	100	0	0	3
9435	2177	0	3.68554688	88.2805406	86.8792428	84.1688663	88.2974259	4.12855961	8.66906377	0	100	0	0	3
9440	2178	0	3.6875	88.2848815	86.8953209	84.1910315	88.2974259	4.10639442	8.66906377	0	100	0	0	3
9445	2179	0	3.68945312	88.3007553	86.9113746	84.2246396	88.3007553	4.07611571	8.66906377	0	100	0	0	3
9450	2181	0	3.69140625	88.2948901	86.927274	84.2391391	88.3007553	4.06161621	8.66906377	0	100	0	0	3
9455	2182	0	3.69335938	88.3036125	86.9431508	84.2912973	88.3036125	4.01231524	8.66906377	0	100	0	0	3
9460	2183	0	3.6953125	88.2879115	86.9587469	84.2912973	88.3036125	4.01231524	8.66906377	0	100	0	0	3
9465	2185	0	3.69726562	88.2819211	86.9743353	84.3379182	88.3036125	3.96569434	8.66906377	0	100	0	0	3
9470	2186	0	3.69921875	88.296384	86.989798	84.3477417	88.3036125	3.95587077	8.66906377	0	100	0	0	3
9475	2187	0	3.70117188	88.3285526	87.0053481	84.4042782	88.3285526	3.92427441	8.66906377	0	100	0	0	3
9480	2189	0	3.703125	88.3163136	87.0206295	84.4394834	88.3285526	3.88906924	8.66906377	0	100	0	0	3
9485	2190	0	3.70507812	88.308512	87.0357429	84.4439124	88.3285526	3.88464024	8.66906377	0	100	0	0	3
9490	2191	0	3.70703125	88.2891468	87.0507633	84.46205	88.3285526	3.86650258	8.66906377	0	100	0	0	3
9495	2193	0	3.70898438	88.3437244	87.0659261	84.5185366	88.3437244	3.82518781	8.66906377	0	100	0	0	3
9500	2194	0	3.7109375	88.3301781	87.0808153	84.5588054	88.3437244	3.78491903	8.66906377	0	100	0	0	3
9505	2197	0	3.71289062	88.3448721	87.0955014	84.5588054	88.3448721	3.78606667	8.66906377	0	100	0	0	3
9510	2198	0	3.71484375	88.3285053	87.1102268	84.6632864	88.3448721	3.68158569	8.66906377	0	100	0	0	3
9515	2199	0	3.71679688	88.3104662	87.1244736	84.6656905	88.3448721	3.67918152	8.66906377	0	100	0	0	3
9520	2201	0	3.71875	88.3465264	87.1388456	84.6656905	88.3465264	3.68083588	8.66906377	0	100	0	0	3
9525	2202	0	3.72070312	88.3509757	87.1532413	84.7025904	88.3509757	3.6483853	8.66906377	0	100	0	0	3
9530	2203	0	3.72265625	88.3537226	87.1674759	84.7025904	88.3537226	3.65113219	8.66906377	0	100	0	0	3
9535	2205	0	3.72460938	88.3458864	87.1815806	84.7025904	88.3537226	3.65113219	8.66906377	0	100	0	0	3
9540	2206	0	3.7265625	88.3156592	87.1956941	84.7934375	88.3537226	3.56028511	8.66906377	0	100	0	0	3
9545	2207	0	3.72851562	88.381358	87.2097094	84.813039	88.381358	3.56831904	8.66906377	0	100	0	0	3
9550	2208	0	3.73046875	88.3704124	87.2235724	84.813039	88.381358	3.56831904	8.66906377	0	100	0	0	3
9555	2210	0	3.73242188	88.3862785	87.2375304	84.8610011	88.3862785	3.52527734	8.66906377	0	100	0	0	3
9560	2211	0	3.734375	88.3745571	87.2512074	84.8610011	88.3862785	3.52527734	8.66906377	0	100	0	0	3
9565	2212	0	3.73632812	88.3600166	87.2648754	84.9566946	88.3862785	3.4295839	8.66906377	0	100	0	0	3
9570	2214	0	3.73828125	88.352328	87.2781396	84.9754204	88.3862785	3.41085803	8.66906377	0	100	0	0	3
9575	2215	0	3.74023438	88.3945995	87.2914958	85.0109639	88.3945995	3.38363561	8.66906377	0	100	0	0	3
9580	2217	0	3.7421875	88.3765965	87.3045905	85.0109639	88.3945995	3.38363561	8.66906377	0	100	0	0	3
9585	2218	0	3.74414062	88.379314	87.3177481	85.0174099	88.3945995	3.37718963	8.66906377	0	100	0	0	3
9590	2219	0	3.74609375	88.3882772	87.3309156	85.0885345	88.3945995	3.30606502	8.66906377	0	100	0	0	3
9595	2221	0	3.74804688	88.3975713	87.3438415	85.1094718	88.3975713	3.28809954	8.66906377	0	100	0	0	3
9600	2222	0	3.75	88.3864106	87.3566421	85.1478184	88.3975713	3.24975289	8.66906377	0	100	0	0	3
9605	2224	0	3.75195312	88.3805468	87.3692699	85.1539539	88.3975713	3.24361743	8.66906377	0	100	0	0	3
9610	2226	0	3.75390625	88.3893367	87.3818525	85.1539539	88.3975713	3.24361743	8.66906377	0	100	0	0	3
9615	2227	0	3.75585938	88.4148151	87.3945902	85.2198874	88.4148151	3.19492769	8.66906377	0	100	0	0	3
9620	2228	0	3.7578125	88.4108612	87.407055	85.2685192	88.4148151	3.14629598	8.66906377	0	100	0	0	3
9625	2230	0	3.75976562	88.4239343	87.4193511	85.2685192	88.4239343	3.15541518	8.66906377	0	100	0	0	3
9630	2231	0	3.76171875	88.3612759	87.4314322	85.3239087	88.4239343	3.10002568	8.66906377	0	100	0	0	3
9635	2232	0	3.76367188	88.4235266	87.44354	85.3493107	88.4239343	3.07462367	8.66906377	0	100	0	0	3
9640	2234	0	3.765625	88.4411865	87.4556177	85.3493326	88.4411865	3.0918539	8.66906377	0	100	0	0	3
9645	2235	0	3.76757812	88.4215982	87.4676187	85.4008218	88.4411865	3.04036475	8.66906377	0	100	0	0	3
9650	2237	0	3.76953125	88.406028	87.4793578	85.4110957	88.4411865	3.03009079	8.66906377	0	100	0	0	3
9655	2238	0	3.77148438	88.4216776	87.4910276	85.4110957	88.4411865	3.03009079	8.66906377	0	100	0	0	3
9660	2239	0	3.7734375	88.4192611	87.5027782	85.4313304	88.4411865	3.00985606	8.66906377	0	100	0	0	3
9665	2241	0	3.77539062	88.4558291	87.5145927	85.5061059	88.4558291	2.94972317	8.66906377	0	100	0	0	3
9670	2242	0	3.77734375	88.415538	87.5259577	85.5340911	88.4558291	2.92173803	8.66906377	0	100	0	0	3
9675	2243	0	3.77929688	88.4304281	87.5372715	85.5558542	88.4558291	2.89997487	8.66906377	0	100	0	0	3
9680	2245	0	3.78125	88.4162856	87.548445	85.5811982	88.4558291	2.87463086	8.66906377	0	100	0	0	3
9685	2246	0	3.78320312	88.4625457	87.5597003	85.5858205	88.4625457	2.87672515	8.66906377	0	100	0	0	3
9690	2247	0	3.78515625	88.4424097	87.5708588	85.61972	88.4625457	2.84282566	8.66906377	0	100	0	0	3
9695	2249	0	3.78710938	88.4333348	87.5818495	85.6435464	88.4625457	2.81899923	8.66906377	0	100	0	0	3
9700	2250	0	3.7890625	88.4441175	87.5927053	85.6435464	88.4625457	2.81899923	8.66906377	0	100	0	0	3
9705	2253	0	3.79101562	88.4570824	87.6036957	85.6707118	88.4625457	2.79183388	8.66906377	0	100	0	0	3
9710	2254	0	3.79296875	88.4571659	87.6145803	85.7288339	88.4625457	2.73371171	8.66906377	0	100	0	0	3
9715	2255	0	3.79492188	88.4709057	87.6252915	85.7379852	88.4709057	2.73292045	8.66906377	0	100	0	0	3
9720	2257	0	3.796875	88.4353874	87.6358238	85.7379852	88.4709057	2.73292045	8.66906377	0	100	0	0	3
9725	2258	0	3.79882812	88.4464243	87.6464036	85.7687684	88.4709057	2.70213725	8.66906377	0	100	0	0	3
9730	2260	0	3.80078125	88.4693853	87.6569529	85.7912759	88.4709057	2.67962972	8.66906377	0	100	0	0	3
9735	2261	0	3.80273438	88.490631	87.6674973	85.8760089	88.490631	2.61462206	8.66906377	0	100	0	0	3
9740	2262	0	3.8046875	88.4674115	87.6775863	85.8760089	88.490631	2.61462206	8.66906377	0	100	0	0	3
9745	2264	0	3.80664062	88.4762678	87.6877313	85.8760089	88.490631	2.61462206	8.66906377	0	100	0	0	3
9750	2265	0	3.80859375	88.4403575	87.6977482	85.9034545	88.490631	2.58717649	8.66906377	0	100	0	0	3
9755	2266	0	3.81054688	88.498422	87.7078848	85.9292151	88.498422	2.56920689	8.66906377	0	100	0	0	3
9760	2267	0	3.8125	88.4902722	87.717889	85.9706534	88.498422	2.52776857	8.66906377	0	100	0	0	3
9765	2269	0	3.81445312	88.46228	87.7275563	85.9706534	88.498422	2.52776857	8.66906377	0	100	0	0	3
9770	2270	0	3.81640625	88.4689549	87.7373153	86.0068654	88.498422	2.49155659	8.66906377	0	100	0	0	3
9775	2271	0	3.81835938	88.5018471	87.7470534	86.0068654	88.5018471	2.49498174	8.66906377	0	100	0	0	3
