Iteration	CPUTime	PhysTime	Travels	Value	AvValue	MinValue	MaxValue	Delta	Criteria	PrevAvRefValue	Progress	CriteriaType	CriteriaVarType	CriteriaPercentage
1	1	0	0.000390625	-8.18866876e-37	-8.18866876e-37	-8.18866876e-37	-8.18866876e-37	0	0	0	0	0	0	3
5	2	0	0.001953125	-1.32187289e-15	-6.60936447e-16	-1.32187289e-15	-8.18866876e-37	6.60936447e-16	0	0	0	0	0	3
10	3	0	0.00390625	-2.0295293e-15	-1.11713406e-15	-2.0295293e-15	-8.18866876e-37	1.11713406e-15	0	0	0	0	0	3
15	5	0	0.005859375	-3.84217597e-15	-1.79839454e-15	-3.84217597e-15	-8.18866876e-37	1.79839454e-15	0	0	0	0	0	3
20	6	0	0.0078125	-6.41989104e-15	-2.72269384e-15	-6.41989104e-15	-8.18866876e-37	2.72269384e-15	0	0	0	0	0	3
25	7	0	0.009765625	-8.96363793e-15	-3.76285119e-15	-8.96363793e-15	-8.18866876e-37	3.76285119e-15	0	0	0	0	0	3
30	8	0	0.01171875	-1.40288278e-14	-5.22941927e-15	-1.40288278e-14	-8.18866876e-37	5.22941927e-15	0	0	0	0	0	3
35	9	0	0.013671875	-1.74906884e-14	-6.76207791e-15	-1.74906884e-14	-8.18866876e-37	6.76207791e-15	0	0	0	0	0	3
40	11	0	0.015625	-2.50315102e-14	-8.79201484e-15	-2.50315102e-14	-8.18866876e-37	8.79201484e-15	0	0	0	0	0	3
45	12	0	0.017578125	-3.06600228e-14	-1.09788156e-14	-3.06600228e-14	-8.18866876e-37	1.09788156e-14	0	0	0	0	0	3
50	13	0	0.01953125	-3.9107081e-14	-1.35359307e-14	-3.9107081e-14	-8.18866876e-37	1.35359307e-14	0	0	0	0	0	3
55	15	0	0.021484375	-4.85797975e-14	-1.64562529e-14	-4.85797975e-14	-8.18866876e-37	1.64562529e-14	0	0	0	0	0	3
60	17	0	0.0234375	-5.96801679e-14	-1.97811694e-14	-5.96801679e-14	-8.18866876e-37	1.97811694e-14	0	0	0	0	0	3
65	20	0	0.025390625	-7.19989544e-14	-2.35110112e-14	-7.19989544e-14	-8.18866876e-37	2.35110112e-14	0	0	0	0	0	3
70	23	0	0.02734375	-8.59026071e-14	-2.76704509e-14	-8.59026071e-14	-8.18866876e-37	2.76704509e-14	0	0	0	0	0	3
75	25	0	0.029296875	-1.016485e-13	-3.2294079e-14	-1.016485e-13	-8.18866876e-37	3.2294079e-14	0	0	0	0	0	3
80	28	0	0.03125	-1.19384227e-13	-3.74170289e-14	-1.19384227e-13	-8.18866876e-37	3.74170289e-14	0	0	0	0	0	3
85	30	0	0.033203125	-1.38977945e-13	-4.3059302e-14	-1.38977945e-13	-8.18866876e-37	4.3059302e-14	0	0	0	0	0	3
90	33	0	0.03515625	-1.60314502e-13	-4.92306284e-14	-1.60314502e-13	-8.18866876e-37	4.92306284e-14	0	0	0	0	0	3
95	35	0	0.037109375	-1.83279981e-13	-5.5933096e-14	-1.83279981e-13	-8.18866876e-37	5.5933096e-14	0	0	0	0	0	3
100	37	0	0.0390625	-2.07757592e-13	-6.31628339e-14	-2.07757592e-13	-8.18866876e-37	6.31628339e-14	0	0	0	0	0	3
105	40	0	0.041015625	-2.33627069e-13	-7.09112082e-14	-2.33627069e-13	-8.18866876e-37	7.09112082e-14	0	0	0	0	0	3
110	43	0	0.04296875	-2.60766033e-13	-7.91657658e-14	-2.60766033e-13	-8.18866876e-37	7.91657658e-14	0	0	0	0	0	3
115	45	0	0.044921875	-2.89049407e-13	-8.79109175e-14	-2.89049407e-13	-8.18866876e-37	8.79109175e-14	0	0	0	0	0	3
120	48	0	0.046875	-3.18352009e-13	-9.71285611e-14	-3.18352009e-13	-8.18866876e-37	9.71285611e-14	0	0	0	0	0	3
125	50	0	0.048828125	-3.48549902e-13	-1.06798613e-13	-3.48549902e-13	-8.18866876e-37	1.06798613e-13	0	0	0	0	0	3
130	52	0	0.05078125	-3.79523245e-13	-1.16899525e-13	-3.79523245e-13	-8.18866876e-37	1.16899525e-13	0	0	0	0	0	3
135	54	0	0.052734375	-4.11156905e-13	-1.27408717e-13	-4.11156905e-13	-8.18866876e-37	1.27408717e-13	0	0	0	0	0	3
140	57	0	0.0546875	-4.43339641e-13	-1.38302887e-13	-4.43339641e-13	-8.18866876e-37	1.38302887e-13	0	0	0	0	0	3
145	59	0	0.056640625	-4.75966102e-13	-1.49558327e-13	-4.75966102e-13	-8.18866876e-37	1.49558327e-13	0	0	0	0	0	3
150	61	0	0.05859375	-5.08936798e-13	-1.61151181e-13	-5.08936798e-13	-8.18866876e-37	1.61151181e-13	0	0	0	0	0	3
155	63	0	0.060546875	-5.42158388e-13	-1.73057657e-13	-5.42158388e-13	-8.18866876e-37	1.73057657e-13	0	0	0	0	0	3
160	65	0	0.0625	-5.75543818e-13	-1.85254207e-13	-5.75543818e-13	-8.18866876e-37	1.85254207e-13	0	0	0	0	0	3
165	67	0	0.064453125	-6.09012848e-13	-1.97717696e-13	-6.09012848e-13	-8.18866876e-37	1.97717696e-13	0	0	0	0	0	3
170	70	0	0.06640625	-6.42490994e-13	-2.10425505e-13	-6.42490994e-13	-8.18866876e-37	2.10425505e-13	0	0	0	0	0	3
175	72	0	0.068359375	-6.75910161e-13	-2.23355634e-13	-6.75910161e-13	-8.18866876e-37	2.23355634e-13	0	0	0	0	0	3
180	74	0	0.0703125	-7.0920777e-13	-2.36486773e-13	-7.0920777e-13	-8.18866876e-37	2.36486773e-13	0	0	0	0	0	3
185	76	0	0.072265625	-7.42327047e-13	-2.49798359e-13	-7.42327047e-13	-8.18866876e-37	2.49798359e-13	0	0	0	0	0	3
190	78	0	0.07421875	-7.75216057e-13	-2.63270608e-13	-7.75216057e-13	-8.18866876e-37	2.63270608e-13	0	0	0	0	0	3
195	81	0	0.076171875	-8.07827738e-13	-2.76884536e-13	-8.07827738e-13	-8.18866876e-37	2.76884536e-13	0	0	0	0	0	3
200	83	0	0.078125	-8.40119637e-13	-2.90621978e-13	-8.40119637e-13	-8.18866876e-37	2.90621978e-13	0	0	0	0	0	3
205	86	0	0.080078125	-8.72053702e-13	-3.0446559e-13	-8.72053702e-13	-8.18866876e-37	3.0446559e-13	0	0	0	0	0	3
210	91	0	0.08203125	-9.03595967e-13	-3.18398855e-13	-9.03595967e-13	-8.18866876e-37	3.18398855e-13	0	0	0	0	0	3
215	93	0	0.083984375	-9.3471625e-13	-3.32406068e-13	-9.3471625e-13	-8.18866876e-37	3.32406068e-13	0	0	0	0	0	3
220	95	0	0.0859375	-9.65387877e-13	-3.46472331e-13	-9.65387877e-13	-8.18866876e-37	3.46472331e-13	0	0	0	0	0	3
225	97	0	0.087890625	-9.95587338e-13	-3.60583526e-13	-9.95587338e-13	-8.18866876e-37	3.60583526e-13	0	0	0	0	0	3
230	99	0	0.08984375	-1.0252941e-12	-3.74726305e-13	-1.0252941e-12	-8.18866876e-37	3.74726305e-13	0	0	0	0	0	3
235	101	0	0.091796875	-1.05449038e-12	-3.88888056e-13	-1.05449038e-12	-8.18866876e-37	3.88888056e-13	0	0	0	0	0	3
240	104	0	0.09375	-1.08316085e-12	-4.03056889e-13	-1.08316085e-12	-8.18866876e-37	4.03056889e-13	0	0	0	0	0	3
245	106	0	0.095703125	-1.11129248e-12	-4.172216e-13	-1.11129248e-12	-8.18866876e-37	4.172216e-13	0	0	0	0	0	3
250	108	0	0.09765625	-1.13887428e-12	-4.31371653e-13	-1.13887428e-12	-8.18866876e-37	4.31371653e-13	0	0	0	0	0	3
255	110	0	0.099609375	-1.16589718e-12	-4.45497144e-13	-1.16589718e-12	-8.18866876e-37	4.45497144e-13	0	0	0	0	0	3
260	112	0	0.1015625	-1.19235379e-12	-4.59588779e-13	-1.19235379e-12	-8.18866876e-37	4.59588779e-13	0	0	0	0	0	3
265	114	0	0.103515625	-1.21823834e-12	-4.73637845e-13	-1.21823834e-12	-8.18866876e-37	4.73637845e-13	0	0	0	0	0	3
270	116	0	0.10546875	-1.24354647e-12	-4.87636183e-13	-1.24354647e-12	-8.18866876e-37	4.87636183e-13	0	0	0	0	0	3
275	118	0	0.107421875	-1.26827514e-12	-5.01576165e-13	-1.26827514e-12	-8.18866876e-37	5.01576165e-13	0	0	0	0	0	3
280	120	0	0.109375	-1.29242245e-12	-5.15450661e-13	-1.29242245e-12	-8.18866876e-37	5.15450661e-13	0	0	0	0	0	3
285	122	0	0.111328125	-1.31598756e-12	-5.29253021e-13	-1.31598756e-12	-8.18866876e-37	5.29253021e-13	0	0	0	0	0	3
290	125	0	0.11328125	-1.33897063e-12	-5.42977049e-13	-1.33897063e-12	-8.18866876e-37	5.42977049e-13	0	0	0	0	0	3
295	127	0	0.115234375	-1.36137268e-12	-5.56616976e-13	-1.36137268e-12	-8.18866876e-37	5.56616976e-13	0	0	0	0	0	3
300	129	0	0.1171875	-1.3831955e-12	-5.70167443e-13	-1.3831955e-12	-8.18866876e-37	5.70167443e-13	0	0	0	0	0	3
305	132	0	0.119140625	-1.40444162e-12	-5.83623478e-13	-1.40444162e-12	-8.18866876e-37	5.83623478e-13	0	0	0	0	0	3
310	134	0	0.12109375	-1.42511423e-12	-5.96980474e-13	-1.42511423e-12	-8.18866876e-37	5.96980474e-13	0	0	0	0	0	3
315	136	0	0.123046875	-1.44521708e-12	-6.10234171e-13	-1.44521708e-12	-8.18866876e-37	6.10234171e-13	0	0	0	0	0	3
320	138	0	0.125	-1.4647544e-12	-6.23380636e-13	-1.4647544e-12	-8.18866876e-37	6.23380636e-13	0	0	0	0	0	3
325	140	0	0.126953125	-1.48373085e-12	-6.36416246e-13	-1.48373085e-12	-8.18866876e-37	6.36416246e-13	0	0	0	0	0	3
330	142	0	0.12890625	-1.50215152e-12	-6.49337668e-13	-1.50215152e-12	-8.18866876e-37	6.49337668e-13	0	0	0	0	0	3
335	144	0	0.130859375	-1.52002185e-12	-6.62141847e-13	-1.52002185e-12	-8.18866876e-37	6.62141847e-13	0	0	0	0	0	3
340	146	0	0.1328125	-1.53734761e-12	-6.74825988e-13	-1.53734761e-12	-8.18866876e-37	6.74825988e-13	0	0	0	0	0	3
345	148	0	0.134765625	-1.55413485e-12	-6.87387544e-13	-1.55413485e-12	-8.18866876e-37	6.87387544e-13	0	0	0	0	0	3
350	150	0	0.13671875	-1.57038991e-12	-6.99824197e-13	-1.57038991e-12	-8.18866876e-37	6.99824197e-13	0	0	0	0	0	3
355	152	0	0.138671875	-1.58611931e-12	-7.12133851e-13	-1.58611931e-12	-8.18866876e-37	7.12133851e-13	0	0	0	0	0	3
360	154	0	0.140625	-1.60132974e-12	-7.24314617e-13	-1.60132974e-12	-8.18866876e-37	7.24314617e-13	0	0	0	0	0	3
365	156	0	0.142578125	-1.61602808e-12	-7.36364798e-13	-1.61602808e-12	-8.18866876e-37	7.36364798e-13	0	0	0	0	0	3
370	158	0	0.14453125	-1.63022139e-12	-7.48282886e-13	-1.63022139e-12	-8.18866876e-37	7.48282886e-13	0	0	0	0	0	3
375	160	0	0.146484375	-1.64391683e-12	-7.60067543e-13	-1.64391683e-12	-8.18866876e-37	7.60067543e-13	0	0	0	0	0	3
380	162	0	0.1484375	-1.6571217e-12	-7.71717598e-13	-1.6571217e-12	-8.18866876e-37	7.71717598e-13	0	0	0	0	0	3
385	164	0	0.150390625	-1.66984338e-12	-7.83232031e-13	-1.66984338e-12	-8.18866876e-37	7.83232031e-13	0	0	0	0	0	3
390	166	0	0.15234375	-1.68208933e-12	-7.94609971e-13	-1.68208933e-12	-8.18866876e-37	7.94609971e-13	0	0	0	0	0	3
395	168	0	0.154296875	-1.69386705e-12	-8.05850685e-13	-1.69386705e-12	-8.18866876e-37	8.05850685e-13	0	0	0	0	0	3
400	170	0	0.15625	-1.70518408e-12	-8.16953566e-13	-1.70518408e-12	-8.18866876e-37	8.16953566e-13	0	0	0	0	0	3
405	173	0	0.158203125	-1.71604802e-12	-8.27918132e-13	-1.71604802e-12	-8.18866876e-37	8.27918132e-13	0	0	0	0	0	3
410	175	0	0.16015625	-1.72646648e-12	-8.38744016e-13	-1.72646648e-12	-8.18866876e-37	8.38744016e-13	0	0	0	0	0	3
415	177	0	0.162109375	-1.73644713e-12	-8.49430958e-13	-1.73644713e-12	-8.18866876e-37	8.49430958e-13	0	0	0	0	0	3
420	179	0	0.1640625	-1.74599759e-12	-8.59978801e-13	-1.74599759e-12	-8.18866876e-37	8.59978801e-13	0	0	0	0	0	3
425	181	0	0.166015625	-1.75512548e-12	-8.70387483e-13	-1.75512548e-12	-8.18866876e-37	8.70387483e-13	0	0	0	0	0	3
430	183	0	0.16796875	-1.76383842e-12	-8.80657034e-13	-1.76383842e-12	-8.18866876e-37	8.80657034e-13	0	0	0	0	0	3
435	185	0	0.169921875	-1.77214397e-12	-8.90787567e-13	-1.77214397e-12	-8.18866876e-37	8.90787567e-13	0	0	0	0	0	3
440	187	0	0.171875	-1.78004967e-12	-9.00779276e-13	-1.78004967e-12	-8.18866876e-37	9.00779276e-13	0	0	0	0	0	3
445	189	0	0.173828125	-1.78756307e-12	-9.1063243e-13	-1.78756307e-12	-8.18866876e-37	9.1063243e-13	0	0	0	0	0	3
450	191	0	0.17578125	-1.79469168e-12	-9.20347366e-13	-1.79469168e-12	-8.18866876e-37	9.20347366e-13	0	0	0	0	0	3
455	192	0	0.177734375	-1.80144301e-12	-9.29924493e-13	-1.80144301e-12	-8.18866876e-37	9.29924493e-13	0	0	0	0	0	3
460	195	0	0.1796875	-1.80782449e-12	-9.39364278e-13	-1.80782449e-12	-8.18866876e-37	9.39364278e-13	0	0	0	0	0	3
465	196	0	0.181640625	-1.8138435e-12	-9.48667248e-13	-1.8138435e-12	-8.18866876e-37	9.48667248e-13	0	0	0	0	0	3
470	198	0	0.18359375	-1.81950738e-12	-9.57833987e-13	-1.81950738e-12	-8.18866876e-37	9.57833987e-13	0	0	0	0	0	3
475	200	0	0.185546875	-1.82482344e-12	-9.66865127e-13	-1.82482344e-12	-8.18866876e-37	9.66865127e-13	0	0	0	0	0	3
480	202	0	0.1875	-1.82979888e-12	-9.75761351e-13	-1.82979888e-12	-8.18866876e-37	9.75761351e-13	0	0	0	0	0	3
485	204	0	0.189453125	-1.83444091e-12	-9.84523387e-13	-1.83444091e-12	-8.18866876e-37	9.84523387e-13	0	0	0	0	0	3
490	205	0	0.19140625	-1.83875667e-12	-9.93152006e-13	-1.83875667e-12	-8.18866876e-37	9.93152006e-13	0	0	0	0	0	3
495	207	0	0.193359375	-1.84275326e-12	-1.00164802e-12	-1.84275326e-12	-8.18866876e-37	1.00164802e-12	0	0	0	0	0	3
500	209	0	0.1953125	-1.84643773e-12	-1.01001227e-12	-1.84643773e-12	-8.18866876e-37	1.01001227e-12	0	0	0	0	0	3
505	212	0	0.197265625	-1.84981709e-12	-1.01824565e-12	-1.84981709e-12	-8.18866876e-37	1.01824565e-12	0	0	0	0	0	3
510	214	0	0.19921875	-1.85289843e-12	-1.02634908e-12	-1.85289843e-12	-8.18866876e-37	1.02634908e-12	0	0	0	0	0	3
515	216	0	0.201171875	-1.8556889e-12	-1.0343235e-12	-1.8556889e-12	-8.18866876e-37	1.0343235e-12	0	0	0	0	0	3
520	218	0	0.203125	-1.85819585e-12	-1.0421699e-12	-1.85819585e-12	-8.18866876e-37	1.0421699e-12	0	0	0	0	0	3
525	219	0	0.205078125	-1.86042696e-12	-1.04988931e-12	-1.86042696e-12	-8.18866876e-37	1.04988931e-12	0	0	0	0	0	3
530	221	0	0.20703125	-1.86239057e-12	-1.05748278e-12	-1.86239057e-12	-8.18866876e-37	1.05748278e-12	0	0	0	0	0	3
535	223	0	0.208984375	-1.8640962e-12	-1.06495142e-12	-1.8640962e-12	-8.18866876e-37	1.06495142e-12	0	0	0	0	0	3
540	225	0	0.2109375	-1.86555535e-12	-1.07229641e-12	-1.86555535e-12	-8.18866876e-37	1.07229641e-12	0	0	0	0	0	3
545	227	0	0.212890625	-1.86678293e-12	-1.07951902e-12	-1.86678293e-12	-8.18866876e-37	1.07951902e-12	0	0	0	0	0	3
550	228	0	0.21484375	-1.86779954e-12	-1.08662064e-12	-1.86779954e-12	-8.18866876e-37	1.08662064e-12	0	0	0	0	0	3
555	230	0	0.216796875	-1.86863446e-12	-1.09360291e-12	-1.86863446e-12	-8.18866876e-37	1.09360291e-12	0	0	0	0	0	3
560	232	0	0.21875	-1.86932923e-12	-1.10046774e-12	-1.86932923e-12	-8.18866876e-37	1.10046774e-12	0	0	0	0	0	3
565	233	0	0.220703125	-1.86994264e-12	-1.10721752e-12	-1.86994264e-12	-8.18866876e-37	1.10721752e-12	0	0	0	0	0	3
570	235	0	0.22265625	-1.87055789e-12	-1.11385527e-12	-1.87055789e-12	-8.18866876e-37	1.11385527e-12	0	0	0	0	0	3
575	236	0	0.224609375	-1.87129173e-12	-1.12038489e-12	-1.87129173e-12	-8.18866876e-37	1.12038489e-12	0	0	0	0	0	3
580	238	0	0.2265625	-1.87230685e-12	-1.12681157e-12	-1.87230685e-12	-8.18866876e-37	1.12681157e-12	0	0	0	0	0	3
585	240	0	0.228515625	-1.8738277e-12	-1.13314222e-12	-1.8738277e-12	-8.18866876e-37	1.13314222e-12	0	0	0	0	0	3
590	241	0	0.23046875	-1.87616108e-12	-1.13938608e-12	-1.87616108e-12	-8.18866876e-37	1.13938608e-12	0	0	0	0	0	3
595	243	0	0.232421875	-1.87972205e-12	-1.14555554e-12	-1.87972205e-12	-8.18866876e-37	1.14555554e-12	0	0	0	0	0	3
600	244	0	0.234375	-1.88506602e-12	-1.1516672e-12	-1.88506602e-12	-8.18866876e-37	1.1516672e-12	0	0	0	0	0	3
605	247	0	0.236328125	-1.89292953e-12	-1.15774312e-12	-1.89292953e-12	-8.18866876e-37	1.15774312e-12	0	0	0	0	0	3
610	248	0	0.23828125	-1.9042818e-12	-1.16381254e-12	-1.9042818e-12	-8.18866876e-37	1.16381254e-12	0	0	0	0	0	3
615	250	0	0.240234375	-1.920388e-12	-1.16991395e-12	-1.920388e-12	-8.18866876e-37	1.16991395e-12	0	0	0	0	0	3
620	252	0	0.2421875	-1.94289015e-12	-1.17609776e-12	-1.94289015e-12	-8.18866876e-37	1.17609776e-12	0	0	0	0	0	3
625	253	0	0.244140625	-1.97390693e-12	-1.18242958e-12	-1.97390693e-12	-8.18866876e-37	1.18242958e-12	0	0	0	0	0	3
630	254	0	0.24609375	-2.01615845e-12	-1.18899438e-12	-2.01615845e-12	-8.18866876e-37	1.18899438e-12	0	0	0	0	0	3
635	256	0	0.248046875	-2.07312512e-12	-1.19590165e-12	-2.07312512e-12	-8.18866876e-37	1.19590165e-12	0	0	0	0	0	3
640	258	0	0.25	-2.14925097e-12	-1.20329195e-12	-2.14925097e-12	-8.18866876e-37	1.20329195e-12	0	0	0	0	0	3
645	259	0	0.251953125	-2.25020495e-12	-1.21134513e-12	-2.25020495e-12	-8.18866876e-37	1.21134513e-12	0	0	0	0	0	3
650	260	0	0.25390625	-2.38324051e-12	-1.2202909e-12	-2.38324051e-12	-8.18866876e-37	1.2202909e-12	0	0	0	0	0	3
655	262	0	0.255859375	-2.55765764e-12	-1.23042246e-12	-2.55765764e-12	-8.18866876e-37	1.23042246e-12	0	0	0	0	0	3
660	263	0	0.2578125	-2.7853552e-12	-1.24211369e-12	-2.7853552e-12	-8.18866876e-37	1.24211369e-12	0	0	0	0	0	3
665	264	0	0.259765625	-4.74123158e-12	-1.26822651e-12	-4.74123158e-12	-8.18866876e-37	1.26822651e-12	0	0	0	0	0	3
670	266	0	0.26171875	-7.13209122e-12	-1.31166254e-12	-7.13209122e-12	-8.18866876e-37	1.31166254e-12	0	0	0	0	0	3
675	267	0	0.263671875	-1.09773623e-11	-1.38273386e-12	-1.09773623e-11	-8.18866876e-37	1.38273386e-12	0	0	0	0	0	3
680	269	0	0.265625	-3.29068481e-11	-1.61283689e-12	-3.29068481e-11	-8.18866876e-37	1.61283689e-12	0	0	0	0	0	3
685	270	0	0.267578125	-5.61353372e-11	-2.00792747e-12	-5.61353372e-11	-8.18866876e-37	2.00792747e-12	0	0	0	0	0	3
690	271	0	0.26953125	-8.32908018e-11	-2.59269635e-12	-8.32908018e-11	-8.18866876e-37	2.59269635e-12	0	0	0	0	0	3
695	272	0	0.271484375	-1.27102306e-10	-3.48205071e-12	-1.27102306e-10	-8.18866876e-37	3.48205071e-12	0	0	0	0	0	3
700	274	0	0.2734375	-1.99168493e-10	-4.86989781e-12	-1.99168493e-10	-8.18866876e-37	4.86989781e-12	0	0	0	0	0	3
705	276	0	0.275390625	-2.98332509e-10	-6.93653592e-12	-2.98332509e-10	-8.18866876e-37	6.93653592e-12	0	0	0	0	0	3
710	277	0	0.27734375	-4.18232007e-10	-9.81272803e-12	-4.18232007e-10	-8.18866876e-37	9.81272803e-12	0	0	0	0	0	3
715	278	0	0.279296875	-5.6484688e-10	-1.36671319e-11	-5.6484688e-10	-8.18866876e-37	1.36671319e-11	0	0	0	0	0	3
720	279	0	0.28125	-7.42661001e-10	-1.86946758e-11	-7.42661001e-10	-8.18866876e-37	1.86946758e-11	0	0	0	0	0	3
725	281	0	0.283203125	-9.66973126e-10	-2.51897337e-11	-9.66973126e-10	-8.18866876e-37	2.51897337e-11	0	0	0	0	0	3
730	282	0	0.28515625	-1.24575014e-09	-3.34928656e-11	-1.24575014e-09	-8.18866876e-37	3.34928656e-11	0	0	0	0	0	3
735	283	0	0.287109375	-1.59654469e-09	-4.40540266e-11	-1.59654469e-09	-8.18866876e-37	4.40540266e-11	0	0	0	0	0	3
740	284	0	0.2890625	-2.03593943e-09	-5.7422385e-11	-2.03593943e-09	-8.18866876e-37	5.7422385e-11	0	0	0	0	0	3
745	285	0	0.291015625	-2.59377464e-09	-7.43314001e-11	-2.59377464e-09	-8.18866876e-37	7.43314001e-11	0	0	0	0	0	3
750	286	0	0.29296875	-3.29560126e-09	-9.56643131e-11	-3.29560126e-09	-8.18866876e-37	9.56643131e-11	0	0	0	0	0	3
755	288	0	0.294921875	-4.17694695e-09	-1.22514857e-10	-4.17694695e-09	-8.18866876e-37	1.22514857e-10	0	0	0	0	0	3
760	289	0	0.296875	-5.29156506e-09	-1.56299499e-10	-5.29156506e-09	-8.18866876e-37	1.56299499e-10	0	0	0	0	0	3
765	290	0	0.298828125	-6.67853812e-09	-1.98651697e-10	-6.67853812e-09	-8.18866876e-37	1.98651697e-10	0	0	0	0	0	3
770	291	0	0.30078125	-8.42121009e-09	-2.51700461e-10	-8.42121009e-09	-8.18866876e-37	2.51700461e-10	0	0	0	0	0	3
775	292	0	0.302734375	-1.0577725e-08	-3.17892926e-10	-1.0577725e-08	-8.18866876e-37	3.17892926e-10	0	0	0	0	0	3
780	293	0	0.3046875	-1.32623212e-08	-4.00341514e-10	-1.32623212e-08	-8.18866876e-37	4.00341514e-10	0	0	0	0	0	3
785	294	0	0.306640625	-1.6573098e-08	-5.02700732e-10	-1.6573098e-08	-8.18866876e-37	5.02700732e-10	0	0	0	0	0	3
790	295	0	0.30859375	-2.06450245e-08	-6.29382014e-10	-2.06450245e-08	-8.18866876e-37	6.29382014e-10	0	0	0	0	0	3
795	296	0	0.310546875	-2.56607382e-08	-7.8582799e-10	-2.56607382e-08	-8.18866876e-37	7.8582799e-10	0	0	0	0	0	3
800	297	0	0.3125	-3.17791701e-08	-9.78333221e-10	-3.17791701e-08	-8.18866876e-37	9.78333221e-10	0	0	0	0	0	3
805	299	0	0.314453125	-3.92424812e-08	-1.21453167e-09	-3.92424812e-08	-8.18866876e-37	1.21453167e-09	0	0	0	0	0	3
810	300	0	0.31640625	-4.83249602e-08	-1.5035527e-09	-4.83249602e-08	-8.18866876e-37	1.5035527e-09	0	0	0	0	0	3
815	301	0	0.318359375	-5.9294538e-08	-1.85593676e-09	-5.9294538e-08	-8.18866876e-37	1.85593676e-09	0	0	0	0	0	3
820	302	0	0.3203125	-7.25400761e-08	-2.28432548e-09	-7.25400761e-08	-8.18866876e-37	2.28432548e-09	0	0	0	0	0	3
825	303	0	0.322265625	-8.84257763e-08	-2.80324988e-09	-8.84257763e-08	-8.18866876e-37	2.80324988e-09	0	0	0	0	0	3
830	304	0	0.32421875	-1.07432872e-07	-3.42977456e-09	-1.07432872e-07	-8.18866876e-37	3.42977456e-09	0	0	0	0	0	3
835	305	0	0.326171875	-1.30112221e-07	-4.18383674e-09	-1.30112221e-07	-8.18866876e-37	4.18383674e-09	0	0	0	0	0	3
840	306	0	0.328125	-1.57401847e-07	-5.09045219e-09	-1.57401847e-07	-8.18866876e-37	5.09045219e-09	0	0	0	0	0	3
845	307	0	0.330078125	-1.8936855e-07	-6.174441e-09	-1.8936855e-07	-8.18866876e-37	6.174441e-09	0	0	0	0	0	3
850	307	0	0.33203125	-2.26904747e-07	-7.4652615e-09	-2.26904747e-07	-8.18866876e-37	7.4652615e-09	0	0	0	0	0	3
855	308	0	0.333984375	-2.71436235e-07	-8.99997646e-09	-2.71436235e-07	-8.18866876e-37	8.99997646e-09	0	0	0	0	0	3
860	309	0	0.3359375	-3.23573757e-07	-1.0818322e-08	-3.23573757e-07	-8.18866876e-37	1.0818322e-08	0	0	0	0	0	3
865	310	0	0.337890625	-3.84594707e-07	-1.29664622e-08	-3.84594707e-07	-8.18866876e-37	1.29664622e-08	0	0	0	0	0	3
870	311	0	0.33984375	-4.55834933e-07	-1.54971391e-08	-4.55834933e-07	-8.18866876e-37	1.54971391e-08	0	0	0	0	0	3
875	312	0	0.341796875	-5.39157113e-07	-1.84724799e-08	-5.39157113e-07	-8.18866876e-37	1.84724799e-08	0	0	0	0	0	3
880	313	0	0.34375	-6.36127334e-07	-2.19620553e-08	-6.36127334e-07	-8.18866876e-37	2.19620553e-08	0	0	0	0	0	3
885	314	0	0.345703125	-7.49247109e-07	-2.60479264e-08	-7.49247109e-07	-8.18866876e-37	2.60479264e-08	0	0	0	0	0	3
890	315	0	0.34765625	-8.80646494e-07	-3.08222201e-08	-8.80646494e-07	-8.18866876e-37	3.08222201e-08	0	0	0	0	0	3
895	315	0	0.349609375	-1.03337304e-06	-3.63919469e-08	-1.03337304e-06	-8.18866876e-37	3.63919469e-08	0	0	0	0	0	3
900	316	0	0.3515625	-1.21079117e-06	-4.28803404e-08	-1.21079117e-06	-8.18866876e-37	4.28803404e-08	0	0	0	0	0	3
905	318	0	0.353515625	-1.41697033e-06	-5.04302854e-08	-1.41697033e-06	-8.18866876e-37	5.04302854e-08	0	0	0	0	0	3
910	319	0	0.35546875	-1.65660138e-06	-5.92071766e-08	-1.65660138e-06	-8.18866876e-37	5.92071766e-08	0	0	0	0	0	3
915	320	0	0.357421875	-1.93503913e-06	-6.94019155e-08	-1.93503913e-06	-8.18866876e-37	6.94019155e-08	0	0	0	0	0	3
920	321	0	0.359375	-2.25893245e-06	-8.12372157e-08	-2.25893245e-06	-8.18866876e-37	8.12372157e-08	0	0	0	0	0	3
925	321	0	0.361328125	-2.63523549e-06	-9.49683892e-08	-2.63523549e-06	-8.18866876e-37	9.49683892e-08	0	0	0	0	0	3
930	322	0	0.36328125	-3.07308606e-06	-1.10894152e-07	-3.07308606e-06	-8.18866876e-37	1.10894152e-07	0	0	0	0	0	3
935	323	0	0.365234375	-3.76336375e-06	-1.30322182e-07	-3.76336375e-06	-8.18866876e-37	1.30322182e-07	0	0	0	0	0	3
940	324	0	0.3671875	-4.57404929e-06	-1.53833966e-07	-4.57404929e-06	-8.18866876e-37	1.53833966e-07	0	0	0	0	0	3
945	325	0	0.369140625	-5.48835483e-06	-1.81910391e-07	-5.48835483e-06	-8.18866876e-37	1.81910391e-07	0	0	0	0	0	3
950	325	0	0.37109375	-7.98359036e-06	-2.22756883e-07	-7.98359036e-06	-8.18866876e-37	2.22756883e-07	0	0	0	0	0	3
955	326	0	0.373046875	-1.11112406e-05	-2.79467736e-07	-1.11112406e-05	-8.18866876e-37	2.79467736e-07	0	0	0	0	0	3
960	327	0	0.375	-1.42690098e-05	-3.5195241e-07	-1.42690098e-05	-8.18866876e-37	3.5195241e-07	0	0	0	0	0	3
965	328	0	0.376953125	-1.81476097e-05	-4.43682602e-07	-1.81476097e-05	-8.18866876e-37	4.43682602e-07	0	0	0	0	0	3
970	329	0	0.37890625	-2.32608507e-05	-5.60693721e-07	-2.32608507e-05	-8.18866876e-37	5.60693721e-07	0	0	0	0	0	3
975	329	0	0.380859375	-2.96632927e-05	-7.09176369e-07	-2.96632927e-05	-8.18866876e-37	7.09176369e-07	0	0	0	0	0	3
980	330	0	0.3828125	-3.80718657e-05	-8.9883469e-07	-3.80718657e-05	-8.18866876e-37	8.9883469e-07	0	0	0	0	0	3
985	331	0	0.384765625	-4.81612307e-05	-1.13753366e-06	-4.81612307e-05	-8.18866876e-37	1.13753366e-06	0	0	0	0	0	3
990	332	0	0.38671875	-6.00316111e-05	-1.4334838e-06	-6.00316111e-05	-8.18866876e-37	1.4334838e-06	0	0	0	0	0	3
995	333	0	0.388671875	-7.43526856e-05	-1.79807981e-06	-7.43526856e-05	-8.18866876e-37	1.79807981e-06	0	0	0	0	0	3
1000	333	0	0.390625	-9.05854532e-05	-2.23980803e-06	-9.05854532e-05	-8.18866876e-37	2.23980803e-06	0	0	0	0	0	3
1005	335	0	0.392578125	-0.00011028312	-2.77467591e-06	-0.00011028312	-8.18866876e-37	2.77467591e-06	0	0	0	0	0	3
1010	336	0	0.39453125	-0.000132921898	-3.41579523e-06	-0.000132921898	-8.18866876e-37	3.41579523e-06	0	0	0	0	0	3
1015	337	0	0.396484375	-0.000159701676	-4.18190249e-06	-0.000159701676	-8.18866876e-37	4.18190249e-06	0	0	0	0	0	3
1020	338	0	0.3984375	-0.000191348892	-5.0949122e-06	-0.000191348892	-8.18866876e-37	5.0949122e-06	0	0	0	0	0	3
1025	339	0	0.400390625	-0.000228527512	-6.17953647e-06	-0.000228527512	-8.18866876e-37	6.17953647e-06	0	0	0	0	0	3
1030	339	0	0.40234375	-0.000273104172	-7.46902746e-06	-0.000273104172	-8.18866876e-37	7.46902746e-06	0	0	0	0	0	3
1035	340	0	0.404296875	-0.000325768428	-8.99931304e-06	-0.000325768428	-8.18866876e-37	8.99931304e-06	0	0	0	0	0	3
1040	341	0	0.40625	-0.000389438234	-1.0819595e-05	-0.000389438234	-8.18866876e-37	1.0819595e-05	0	0	0	0	0	3
1045	342	0	0.408203125	-0.000465807869	-1.29862058e-05	-0.000465807869	-8.18866876e-37	1.29862058e-05	0	0	0	0	0	3
1050	343	0	0.41015625	-0.000557895378	-1.55687137e-05	-0.000557895378	-8.18866876e-37	1.55687137e-05	0	0	0	0	0	3
1055	343	0	0.412109375	-0.000669612804	-1.86538273e-05	-0.000669612804	-8.18866876e-37	1.86538273e-05	0	0	0	0	0	3
1060	344	0	0.4140625	-0.000805437208	-2.2347646e-05	-0.000805437208	-8.18866876e-37	2.2347646e-05	0	0	0	0	0	3
1065	345	0	0.416015625	-0.000972083966	-2.67856662e-05	-0.000972083966	-8.18866876e-37	2.67856662e-05	0	0	0	0	0	3
1070	346	0	0.41796875	-0.00117581303	-3.21299796e-05	-0.00117581303	-8.18866876e-37	3.21299796e-05	0	0	0	0	0	3
1075	347	0	0.419921875	-0.00142718473	-3.85885664e-05	-0.00142718473	-8.18866876e-37	3.85885664e-05	0	0	0	0	0	3
1080	347	0	0.421875	-0.00173908947	-4.64249761e-05	-0.00173908947	-8.18866876e-37	4.64249761e-05	0	0	0	0	0	3
1085	348	0	0.423828125	-0.00212636585	-5.59659893e-05	-0.00212636585	-8.18866876e-37	5.59659893e-05	0	0	0	0	0	3
1090	349	0	0.42578125	-0.00261197395	-6.76372585e-05	-0.00261197395	-8.18866876e-37	6.76372585e-05	0	0	0	0	0	3
1095	350	0	0.427734375	-0.00322255404	-8.19777893e-05	-0.00322255404	-8.18866876e-37	8.19777893e-05	0	0	0	0	0	3
1100	351	0	0.4296875	-0.00399060867	-9.96639019e-05	-0.00399060867	-8.18866876e-37	9.96639019e-05	0	0	0	0	0	3
1105	352	0	0.431640625	-0.00496872522	-0.000121596611	-0.00496872522	-8.18866876e-37	0.000121596611	0	0	0	0	0	3
1110	353	0	0.43359375	-0.00621403465	-0.00014891696	-0.00621403465	-8.18866876e-37	0.00014891696	0	0	0	0	0	3
1115	354	0	0.435546875	-0.00777351038	-0.000182955324	-0.00777351038	-8.18866876e-37	0.000182955324	0	0	0	0	0	3
1120	355	0	0.4375	-0.0097666609	-0.000225549571	-0.0097666609	-8.18866876e-37	0.000225549571	0	0	0	0	0	3
1125	356	0	0.439453125	-0.0123627345	-0.000279253929	-0.0123627345	-8.18866876e-37	0.000279253929	0	0	0	0	0	3
1130	356	0	0.44140625	-0.0155791067	-0.000346654162	-0.0155791067	-8.18866876e-37	0.000346654162	0	0	0	0	0	3
1135	357	0	0.443359375	-0.0188229507	-0.00042769055	-0.0188229507	-8.18866876e-37	0.00042769055	0	0	0	0	0	3
1140	358	0	0.4453125	-0.0219615875	-0.000521725035	-0.0219615875	-8.18866876e-37	0.000521725035	0	0	0	0	0	3
1145	359	0	0.447265625	-0.0280335205	-0.000641341537	-0.0280335205	-8.18866876e-37	0.000641341537	0	0	0	0	0	3
1150	360	0	0.44921875	-0.0335694955	-0.000783887658	-0.0335694955	-8.18866876e-37	0.000783887658	0	0	0	0	0	3
1155	361	0	0.451171875	-0.0368337388	-0.000939274947	-0.0368337388	-8.18866876e-37	0.000939274947	0	0	0	0	0	3
1160	361	0	0.453125	-0.0399291086	-0.00110661329	-0.0399291086	-8.18866876e-37	0.00110661329	0	0	0	0	0	3
1165	362	0	0.455078125	-0.043473404	-0.00128766795	-0.043473404	-8.18866876e-37	0.00128766795	0	0	0	0	0	3
1170	363	0	0.45703125	-0.0627430203	-0.00154918009	-0.0627430203	-8.18866876e-37	0.00154918009	0	0	0	0	0	3
1175	364	0	0.458984375	-0.0677722734	-0.00182978642	-0.0677722734	-8.18866876e-37	0.00182978642	0	0	0	0	0	3
1180	365	0	0.4609375	-0.07214453	-0.0021264731	-0.07214453	-8.18866876e-37	0.0021264731	0	0	0	0	0	3
1185	366	0	0.462890625	-0.0803399456	-0.00245510113	-0.0803399456	-8.18866876e-37	0.00245510113	0	0	0	0	0	3
1190	366	0	0.46484375	-0.0904981849	-0.00282348224	-0.0904981849	-8.18866876e-37	0.00282348224	0	0	0	0	0	3
1195	367	0	0.466796875	-0.102408894	-0.00323842145	-0.102408894	-8.18866876e-37	0.00323842145	0	0	0	0	0	3
1200	368	0	0.46875	-0.1124059	-0.00369139854	-0.1124059	-8.18866876e-37	0.00369139854	0	0	0	0	0	3
1205	370	0	0.470703125	-0.121776633	-0.00417935405	-0.121776633	-8.18866876e-37	0.00417935405	0	0	0	0	0	3
1210	371	0	0.47265625	-0.131704866	-0.0047041504	-0.131704866	-8.18866876e-37	0.0047041504	0	0	0	0	0	3
1215	372	0	0.474609375	-0.142969871	-0.00527081319	-0.142969871	-8.18866876e-37	0.00527081319	0	0	0	0	0	3
1220	373	0	0.4765625	-0.154399123	-0.00587950017	-0.154399123	-8.18866876e-37	0.00587950017	0	0	0	0	0	3
1225	374	0	0.478515625	-0.163935883	-0.00652200579	-0.163935883	-8.18866876e-37	0.00652200579	0	0	0	0	0	3
1230	374	0	0.48046875	-0.174132471	-0.00720059067	-0.174132471	-8.18866876e-37	0.00720059067	0	0	0	0	0	3
1235	375	0	0.482421875	-0.186153856	-0.00792217642	-0.186153856	-8.18866876e-37	0.00792217642	0	0	0	0	0	3
1240	376	0	0.484375	-0.199851253	-0.00869297592	-0.199851253	-8.18866876e-37	0.00869297592	0	0	0	0	0	3
1245	377	0	0.486328125	-0.212659291	-0.00950884118	-0.212659291	-8.18866876e-37	0.00950884118	0	0	0	0	0	3
1250	378	0	0.48828125	-0.224685576	-0.010366119	-0.224685576	-8.18866876e-37	0.010366119	0	0	0	0	0	3
1255	379	0	0.490234375	-0.236372797	-0.0112629709	-0.236372797	-8.18866876e-37	0.0112629709	0	0	0	0	0	3
1260	380	0	0.4921875	-0.246383487	-0.012192301	-0.246383487	-8.18866876e-37	0.012192301	0	0	0	0	0	3
1265	380	0	0.494140625	-0.256957992	-0.0131559455	-0.256957992	-8.18866876e-37	0.0131559455	0	0	0	0	0	3
1270	381	0	0.49609375	-0.266664988	-0.0141500986	-0.266664988	-8.18866876e-37	0.0141500986	0	0	0	0	0	3
1275	382	0	0.498046875	-0.277704262	-0.015179607	-0.277704262	-8.18866876e-37	0.015179607	0	0	0	0	0	3
1280	383	0	0.5	-0.285751161	-0.0162324146	-0.285751161	-8.18866876e-37	0.0162324146	0	0	0	0	0	3
1285	384	0	0.501953125	-0.295197929	-0.0174489394	-0.295197929	-2.0295293e-15	0.0174489394	0	0	0	0	0	3
1290	385	0	0.50390625	-0.306673382	-0.0186468823	-0.306673382	-3.84217597e-15	0.0186468823	0	0	0	0	0	3
1295	385	0	0.505859375	-0.313855618	-0.0198728808	-0.313855618	-6.41989104e-15	0.0198728808	0	0	0	0	0	3
1300	386	0	0.5078125	-0.322625101	-0.0211331351	-0.322625101	-8.96363793e-15	0.0211331351	0	0	0	0	0	3
1305	388	0	0.509765625	-0.330721496	-0.022425016	-0.330721496	-1.40288278e-14	0.022425016	0	0	0	0	0	3
1310	389	0	0.51171875	-0.340015148	-0.0237532001	-0.340015148	-1.74906884e-14	0.0237532001	0	0	0	0	0	3
1315	390	0	0.513671875	-0.348390404	-0.0251141002	-0.348390404	-2.50315102e-14	0.0251141002	0	0	0	0	0	3
1320	391	0	0.515625	-0.357028892	-0.0265087443	-0.357028892	-3.06600228e-14	0.0265087443	0	0	0	0	0	3
1325	392	0	0.517578125	-0.364175096	-0.0279313032	-0.364175096	-3.9107081e-14	0.0279313032	0	0	0	0	0	3
1330	392	0	0.51953125	-0.372420696	-0.0293860716	-0.372420696	-4.85797975e-14	0.0293860716	0	0	0	0	0	3
1335	393	0	0.521484375	-0.379789159	-0.030869623	-0.379789159	-5.96801679e-14	0.030869623	0	0	0	0	0	3
1340	394	0	0.5234375	-0.408248256	-0.0324643427	-0.408248256	-7.19989544e-14	0.0324643427	0	0	0	0	0	3
1345	395	0	0.525390625	-0.415678938	-0.0340880886	-0.415678938	-8.59026071e-14	0.0340880886	0	0	0	0	0	3
1350	396	0	0.52734375	-0.42392436	-0.0357440431	-0.42392436	-1.016485e-13	0.0357440431	0	0	0	0	0	3
1355	397	0	0.529296875	-0.432846782	-0.0374348509	-0.432846782	-1.19384227e-13	0.0374348509	0	0	0	0	0	3
1360	397	0	0.53125	-0.439194561	-0.0391504546	-0.439194561	-1.38977945e-13	0.0391504546	0	0	0	0	0	3
1365	398	0	0.533203125	-0.445156738	-0.0408893481	-0.445156738	-1.60314502e-13	0.0408893481	0	0	0	0	0	3
1370	399	0	0.53515625	-0.452810546	-0.0426581393	-0.452810546	-1.83279981e-13	0.0426581393	0	0	0	0	0	3
1375	400	0	0.537109375	-0.460610877	-0.0444574006	-0.460610877	-2.07757592e-13	0.0444574006	0	0	0	0	0	3
1380	401	0	0.5390625	-0.466341291	-0.0462790462	-0.466341291	-2.33627069e-13	0.0462790462	0	0	0	0	0	3
1385	402	0	0.541015625	-0.473149502	-0.0481272865	-0.473149502	-2.60766033e-13	0.0481272865	0	0	0	0	0	3
1390	402	0	0.54296875	-0.480776737	-0.0500053206	-0.480776737	-2.89049407e-13	0.0500053206	0	0	0	0	0	3
1395	403	0	0.544921875	-0.48755351	-0.0519098265	-0.48755351	-3.18352009e-13	0.0519098265	0	0	0	0	0	3
1400	404	0	0.546875	-0.492636976	-0.0538341897	-0.492636976	-3.48549902e-13	0.0538341897	0	0	0	0	0	3
1405	406	0	0.548828125	-0.498503202	-0.0557814678	-0.498503202	-3.79523245e-13	0.0557814678	0	0	0	0	0	3
1410	407	0	0.55078125	-0.505102651	-0.057754525	-0.505102651	-4.11156905e-13	0.057754525	0	0	0	0	0	3
1415	408	0	0.552734375	-0.51057391	-0.0597489544	-0.51057391	-4.43339641e-13	0.0597489544	0	0	0	0	0	3
1420	409	0	0.5546875	-0.516195282	-0.0617653422	-0.516195282	-4.75966102e-13	0.0617653422	0	0	0	0	0	3
1425	410	0	0.556640625	-0.522761118	-0.0638073778	-0.522761118	-5.08936798e-13	0.0638073778	0	0	0	0	0	3
1430	410	0	0.55859375	-0.527591266	-0.0658682812	-0.527591266	-5.42158388e-13	0.0658682812	0	0	0	0	0	3
1435	411	0	0.560546875	-0.533796124	-0.0679534223	-0.533796124	-5.75543818e-13	0.0679534223	0	0	0	0	0	3
1440	412	0	0.5625	-0.540504671	-0.0700647687	-0.540504671	-6.09012848e-13	0.0700647687	0	0	0	0	0	3
1445	413	0	0.564453125	-0.545922953	-0.0721972802	-0.545922953	-6.42490994e-13	0.0721972802	0	0	0	0	0	3
1450	414	0	0.56640625	-0.549342123	-0.0743431479	-0.549342123	-6.75910161e-13	0.0743431479	0	0	0	0	0	3
1455	415	0	0.568359375	-0.553070668	-0.0765035802	-0.553070668	-7.0920777e-13	0.0765035802	0	0	0	0	0	3
1460	416	0	0.5703125	-0.559180378	-0.0786878785	-0.559180378	-7.42327047e-13	0.0786878785	0	0	0	0	0	3
1465	416	0	0.572265625	-0.565454889	-0.0808966867	-0.565454889	-7.75216057e-13	0.0808966867	0	0	0	0	0	3
1470	417	0	0.57421875	-0.570039653	-0.0831234041	-0.570039653	-8.07827738e-13	0.0831234041	0	0	0	0	0	3
1475	418	0	0.576171875	-0.5745024	-0.0853675541	-0.5745024	-8.40119637e-13	0.0853675541	0	0	0	0	0	3
1480	419	0	0.578125	-0.578874331	-0.0876287819	-0.578874331	-8.72053702e-13	0.0876287819	0	0	0	0	0	3
1485	420	0	0.580078125	-0.582522771	-0.0899042615	-0.582522771	-9.03595967e-13	0.0899042615	0	0	0	0	0	3
1490	421	0	0.58203125	-0.58517817	-0.0921901137	-0.58517817	-9.3471625e-13	0.0921901137	0	0	0	0	0	3
1495	422	0	0.583984375	-0.587758584	-0.0944860457	-0.587758584	-9.65387877e-13	0.0944860457	0	0	0	0	0	3
1500	422	0	0.5859375	-0.591763179	-0.0967976206	-0.591763179	-9.95587338e-13	0.0967976206	0	0	0	0	0	3
1505	425	0	0.587890625	-0.593557759	-0.0991162056	-0.593557759	-1.0252941e-12	0.0991162056	0	0	0	0	0	3
1510	425	0	0.58984375	-0.595263445	-0.101441453	-0.595263445	-1.05449038e-12	0.101441453	0	0	0	0	0	3
1515	426	0	0.591796875	-0.599368333	-0.103782736	-0.599368333	-1.08316085e-12	0.103782736	0	0	0	0	0	3
1520	427	0	0.59375	-0.603400777	-0.10613977	-0.603400777	-1.11129248e-12	0.10613977	0	0	0	0	0	3
1525	428	0	0.595703125	-0.605907824	-0.108506598	-0.605907824	-1.13887428e-12	0.108506598	0	0	0	0	0	3
1530	429	0	0.59765625	-0.608128935	-0.110882101	-0.608128935	-1.16589718e-12	0.110882101	0	0	0	0	0	3
1535	430	0	0.599609375	-0.610483307	-0.113266802	-0.610483307	-1.19235379e-12	0.113266802	0	0	0	0	0	3
1540	431	0	0.6015625	-0.612227545	-0.115658316	-0.612227545	-1.21823834e-12	0.115658316	0	0	0	0	0	3
1545	431	0	0.603515625	-0.613382373	-0.118054341	-0.613382373	-1.24354647e-12	0.118054341	0	0	0	0	0	3
1550	432	0	0.60546875	-0.61623398	-0.120461505	-0.61623398	-1.26827514e-12	0.120461505	0	0	0	0	0	3
1555	433	0	0.607421875	-0.619323017	-0.122880735	-0.619323017	-1.29242245e-12	0.122880735	0	0	0	0	0	3
1560	434	0	0.609375	-0.620141826	-0.125303164	-0.620141826	-1.31598756e-12	0.125303164	0	0	0	0	0	3
1565	435	0	0.611328125	-0.623362064	-0.127738172	-0.623362064	-1.33897063e-12	0.127738172	0	0	0	0	0	3
1570	436	0	0.61328125	-0.625874666	-0.130182995	-0.625874666	-1.36137268e-12	0.130182995	0	0	0	0	0	3
1575	437	0	0.615234375	-0.626783394	-0.132631368	-0.626783394	-1.3831955e-12	0.132631368	0	0	0	0	0	3
1580	437	0	0.6171875	-0.629703285	-0.135091146	-0.629703285	-1.40444162e-12	0.135091146	0	0	0	0	0	3
1585	438	0	0.619140625	-0.630211417	-0.137552909	-0.630211417	-1.42511423e-12	0.137552909	0	0	0	0	0	3
1590	439	0	0.62109375	-0.628214602	-0.140006873	-0.630211417	-1.44521708e-12	0.140006873	0	0	0	0	0	3
1595	440	0	0.623046875	-0.629251651	-0.142464887	-0.630211417	-1.4647544e-12	0.142464887	0	0	0	0	0	3
1600	441	0	0.625	-0.630264316	-0.144926857	-0.630264316	-1.48373085e-12	0.144926857	0	0	0	0	0	3
1605	443	0	0.626953125	-0.632722284	-0.147398428	-0.632722284	-1.50215152e-12	0.147398428	0	0	0	0	0	3
1610	444	0	0.62890625	-0.634660683	-0.149877572	-0.634660683	-1.52002185e-12	0.149877572	0	0	0	0	0	3
1615	445	0	0.630859375	-0.635197925	-0.152358814	-0.635197925	-1.53734761e-12	0.152358814	0	0	0	0	0	3
1620	446	0	0.6328125	-0.635513035	-0.154841286	-0.635513035	-1.55413485e-12	0.154841286	0	0	0	0	0	3
1625	446	0	0.634765625	-0.636990849	-0.157329532	-0.636990849	-1.57038991e-12	0.157329532	0	0	0	0	0	3
1630	447	0	0.63671875	-0.638139583	-0.159822265	-0.638139583	-1.58611931e-12	0.159822265	0	0	0	0	0	3
1635	448	0	0.638671875	-0.638819021	-0.162317651	-0.638819021	-1.60132974e-12	0.162317651	0	0	0	0	0	3
1640	449	0	0.640625	-0.639959047	-0.164817492	-0.639959047	-1.61602808e-12	0.164817492	0	0	0	0	0	3
1645	450	0	0.642578125	-0.640863381	-0.167320864	-0.640863381	-1.63022139e-12	0.167320864	0	0	0	0	0	3
1650	451	0	0.64453125	-0.641404493	-0.16982635	-0.641404493	-1.64391683e-12	0.16982635	0	0	0	0	0	3
1655	452	0	0.646484375	-0.643678992	-0.172340721	-0.643678992	-1.6571217e-12	0.172340721	0	0	0	0	0	3
1660	453	0	0.6484375	-0.646317468	-0.174865399	-0.646317468	-1.66984338e-12	0.174865399	0	0	0	0	0	3
1665	453	0	0.650390625	-0.648363124	-0.177398068	-0.648363124	-1.68208933e-12	0.177398068	0	0	0	0	0	3
1670	454	0	0.65234375	-0.650882721	-0.179940578	-0.650882721	-1.69386705e-12	0.179940578	0	0	0	0	0	3
1675	455	0	0.654296875	-0.651642463	-0.182486057	-0.651642463	-1.70518408e-12	0.182486057	0	0	0	0	0	3
1680	456	0	0.65625	-0.653837926	-0.185040111	-0.653837926	-1.71604802e-12	0.185040111	0	0	0	0	0	3
1685	457	0	0.658203125	-0.654593007	-0.187597115	-0.654593007	-1.72646648e-12	0.187597115	0	0	0	0	0	3
1690	458	0	0.66015625	-0.655684876	-0.190158384	-0.655684876	-1.73644713e-12	0.190158384	0	0	0	0	0	3
1695	458	0	0.662109375	-0.657086096	-0.192725126	-0.657086096	-1.74599759e-12	0.192725126	0	0	0	0	0	3
1700	459	0	0.6640625	-0.658655025	-0.195297998	-0.658655025	-1.75512548e-12	0.195297998	0	0	0	0	0	3
1705	461	0	0.666015625	-0.659803977	-0.197875357	-0.659803977	-1.76383842e-12	0.197875357	0	0	0	0	0	3
1710	462	0	0.66796875	-0.659051465	-0.200449777	-0.659803977	-1.77214397e-12	0.200449777	0	0	0	0	0	3
1715	463	0	0.669921875	-0.662157754	-0.20303633	-0.662157754	-1.78004967e-12	0.20303633	0	0	0	0	0	3
1720	464	0	0.671875	-0.663698262	-0.205628902	-0.663698262	-1.78756307e-12	0.205628902	0	0	0	0	0	3
1725	465	0	0.673828125	-0.664923612	-0.20822626	-0.664923612	-1.79469168e-12	0.20822626	0	0	0	0	0	3
1730	466	0	0.67578125	-0.665326377	-0.210825191	-0.665326377	-1.80144301e-12	0.210825191	0	0	0	0	0	3
1735	466	0	0.677734375	-0.666408467	-0.213428349	-0.666408467	-1.80782449e-12	0.213428349	0	0	0	0	0	3
1740	467	0	0.6796875	-0.667939351	-0.216037487	-0.667939351	-1.8138435e-12	0.216037487	0	0	0	0	0	3
1745	468	0	0.681640625	-0.669200361	-0.218651551	-0.669200361	-1.81950738e-12	0.218651551	0	0	0	0	0	3
1750	469	0	0.68359375	-0.670779791	-0.221271784	-0.670779791	-1.82482344e-12	0.221271784	0	0	0	0	0	3
1755	470	0	0.685546875	-0.669149365	-0.223885649	-0.670779791	-1.82979888e-12	0.223885649	0	0	0	0	0	3
1760	471	0	0.6875	-0.671271472	-0.226507803	-0.671271472	-1.83444091e-12	0.226507803	0	0	0	0	0	3
1765	472	0	0.689453125	-0.67174849	-0.229131821	-0.67174849	-1.83875667e-12	0.229131821	0	0	0	0	0	3
1770	472	0	0.69140625	-0.673975963	-0.231764539	-0.673975963	-1.84275326e-12	0.231764539	0	0	0	0	0	3
1775	473	0	0.693359375	-0.673788343	-0.234396525	-0.673975963	-1.84643773e-12	0.234396525	0	0	0	0	0	3
1780	474	0	0.6953125	-0.675647857	-0.237035775	-0.675647857	-1.84981709e-12	0.237035775	0	0	0	0	0	3
1785	475	0	0.697265625	-0.675297089	-0.239673654	-0.675647857	-1.85289843e-12	0.239673654	0	0	0	0	0	3
1790	476	0	0.69921875	-0.675678851	-0.242313024	-0.675678851	-1.8556889e-12	0.242313024	0	0	0	0	0	3
1795	477	0	0.701171875	-0.677033366	-0.244957686	-0.677033366	-1.85819585e-12	0.244957686	0	0	0	0	0	3
1800	478	0	0.703125	-0.676518052	-0.247600335	-0.677033366	-1.86042696e-12	0.247600335	0	0	0	0	0	3
1805	479	0	0.705078125	-0.677273584	-0.250245935	-0.677273584	-1.86239057e-12	0.250245935	0	0	0	0	0	3
1810	480	0	0.70703125	-0.677510199	-0.252892459	-0.677510199	-1.8640962e-12	0.252892459	0	0	0	0	0	3
1815	481	0	0.708984375	-0.678283065	-0.255542002	-0.678283065	-1.86555535e-12	0.255542002	0	0	0	0	0	3
1820	482	0	0.7109375	-0.676788583	-0.258185707	-0.678283065	-1.86678293e-12	0.258185707	0	0	0	0	0	3
1825	483	0	0.712890625	-0.678715113	-0.260836938	-0.678715113	-1.86779954e-12	0.260836938	0	0	0	0	0	3
1830	484	0	0.71484375	-0.679098704	-0.263489668	-0.679098704	-1.86863446e-12	0.263489668	0	0	0	0	0	3
1835	485	0	0.716796875	-0.677269375	-0.266135251	-0.679098704	-1.86932923e-12	0.266135251	0	0	0	0	0	3
1840	485	0	0.71875	-0.67878494	-0.268786755	-0.679098704	-1.86994264e-12	0.268786755	0	0	0	0	0	3
1845	486	0	0.720703125	-0.678232639	-0.271436101	-0.679098704	-1.87055789e-12	0.271436101	0	0	0	0	0	3
1850	487	0	0.72265625	-0.677596312	-0.274082962	-0.679098704	-1.87129173e-12	0.274082962	0	0	0	0	0	3
1855	488	0	0.724609375	-0.677850141	-0.276730814	-0.679098704	-1.87230685e-12	0.276730814	0	0	0	0	0	3
1860	489	0	0.7265625	-0.678442212	-0.279380979	-0.679098704	-1.8738277e-12	0.279380979	0	0	0	0	0	3
1865	490	0	0.728515625	-0.67685443	-0.282024941	-0.679098704	-1.87616108e-12	0.282024941	0	0	0	0	0	3
1870	491	0	0.73046875	-0.677956989	-0.284673211	-0.679098704	-1.87972205e-12	0.284673211	0	0	0	0	0	3
1875	491	0	0.732421875	-0.676549134	-0.287315981	-0.679098704	-1.88506602e-12	0.287315981	0	0	0	0	0	3
1880	492	0	0.734375	-0.677594271	-0.289962833	-0.679098704	-1.89292953e-12	0.289962833	0	0	0	0	0	3
1885	493	0	0.736328125	-0.676107306	-0.292603878	-0.679098704	-1.9042818e-12	0.292603878	0	0	0	0	0	3
1890	494	0	0.73828125	-0.675803065	-0.295243733	-0.679098704	-1.920388e-12	0.295243733	0	0	0	0	0	3
1895	495	0	0.740234375	-0.674756647	-0.297879501	-0.679098704	-1.94289015e-12	0.297879501	0	0	0	0	0	3
1900	496	0	0.7421875	-0.673649833	-0.300510946	-0.679098704	-1.97390693e-12	0.300510946	0	0	0	0	0	3
1905	498	0	0.744140625	-0.675292124	-0.303148806	-0.679098704	-2.01615845e-12	0.303148806	0	0	0	0	0	3
1910	498	0	0.74609375	-0.674366233	-0.305783049	-0.679098704	-2.07312512e-12	0.305783049	0	0	0	0	0	3
1915	499	0	0.748046875	-0.672258673	-0.308409059	-0.679098704	-2.14925097e-12	0.308409059	0	0	0	0	0	3
1920	500	0	0.75	-0.674950488	-0.311045585	-0.679098704	-2.25020495e-12	0.311045585	0	0	0	0	0	3
1925	501	0	0.751953125	-0.673529041	-0.313676558	-0.679098704	-2.38324051e-12	0.313676558	0	0	0	0	0	3
1930	502	0	0.75390625	-0.672873619	-0.31630497	-0.679098704	-2.55765764e-12	0.31630497	0	0	0	0	0	3
1935	503	0	0.755859375	-0.672282216	-0.318931073	-0.679098704	-2.7853552e-12	0.318931073	0	0	0	0	0	3
1940	504	0	0.7578125	-0.671961085	-0.321555921	-0.679098704	-4.74123158e-12	0.321555921	0	0	0	0	0	3
1945	505	0	0.759765625	-0.670158717	-0.324173728	-0.679098704	-7.13209122e-12	0.324173728	0	0	0	0	0	3
1950	505	0	0.76171875	-0.669172979	-0.326787685	-0.679098704	-1.09773623e-11	0.326787685	0	0	0	0	0	3
1955	506	0	0.763671875	-0.669934241	-0.329404616	-0.679098704	-3.29068481e-11	0.329404616	0	0	0	0	0	3
1960	507	0	0.765625	-0.668511463	-0.332015989	-0.679098704	-5.61353372e-11	0.332015989	0	0	0	0	0	3
1965	508	0	0.767578125	-0.667886273	-0.334624919	-0.679098704	-8.32908018e-11	0.334624919	0	0	0	0	0	3
1970	509	0	0.76953125	-0.66649574	-0.337228418	-0.679098704	-1.27102306e-10	0.337228418	0	0	0	0	0	3
1975	510	0	0.771484375	-0.666710031	-0.339832754	-0.679098704	-1.99168493e-10	0.339832754	0	0	0	0	0	3
1980	511	0	0.7734375	-0.665140979	-0.342430961	-0.679098704	-2.98332509e-10	0.342430961	0	0	0	0	0	3
1985	512	0	0.775390625	-0.664774581	-0.345027737	-0.679098704	-4.18232007e-10	0.345027737	0	0	0	0	0	3
1990	513	0	0.77734375	-0.665623394	-0.347627828	-0.679098704	-5.6484688e-10	0.347627828	0	0	0	0	0	3
1995	513	0	0.779296875	-0.663549656	-0.350219819	-0.679098704	-7.42661001e-10	0.350219819	0	0	0	0	0	3
2000	514	0	0.78125	-0.662404247	-0.352807336	-0.679098704	-9.66973126e-10	0.352807336	0	0	0	0	0	3
2005	516	0	0.783203125	-0.66266552	-0.355395873	-0.679098704	-1.24575014e-09	0.355395873	0	0	0	0	0	3
2010	517	0	0.78515625	-0.66034119	-0.357975331	-0.679098704	-1.59654469e-09	0.357975331	0	0	0	0	0	3
2015	518	0	0.787109375	-0.659620301	-0.360551973	-0.679098704	-2.03593943e-09	0.360551973	0	0	0	0	0	3
2020	519	0	0.7890625	-0.659228675	-0.363127085	-0.679098704	-2.59377464e-09	0.363127085	0	0	0	0	0	3
2025	520	0	0.791015625	-0.656986562	-0.365693438	-0.679098704	-3.29560126e-09	0.365693438	0	0	0	0	0	3
2030	521	0	0.79296875	-0.65512277	-0.368252512	-0.679098704	-4.17694695e-09	0.368252512	0	0	0	0	0	3
2035	521	0	0.794921875	-0.655827375	-0.370814337	-0.679098704	-5.29156506e-09	0.370814337	0	0	0	0	0	3
2040	522	0	0.796875	-0.653937784	-0.373368782	-0.679098704	-6.67853812e-09	0.373368782	0	0	0	0	0	3
2045	523	0	0.798828125	-0.651353844	-0.375913133	-0.679098704	-8.42121009e-09	0.375913132	0	0	0	0	0	3
2050	524	0	0.80078125	-0.652722205	-0.378462829	-0.679098704	-1.0577725e-08	0.378462828	0	0	0	0	0	3
2055	525	0	0.802734375	-0.650432696	-0.381003581	-0.679098704	-1.32623212e-08	0.381003581	0	0	0	0	0	3
2060	526	0	0.8046875	-0.649157645	-0.383539353	-0.679098704	-1.6573098e-08	0.383539353	0	0	0	0	0	3
2065	527	0	0.806640625	-0.649090262	-0.386074862	-0.679098704	-2.06450245e-08	0.386074862	0	0	0	0	0	3
2070	528	0	0.80859375	-0.647495506	-0.388604141	-0.679098704	-2.56607382e-08	0.388604141	0	0	0	0	0	3
2075	529	0	0.810546875	-0.645991818	-0.391127547	-0.679098704	-3.17791701e-08	0.391127546	0	0	0	0	0	3
2080	529	0	0.8125	-0.646517906	-0.393653007	-0.679098704	-3.92424812e-08	0.393653006	0	0	0	0	0	3
2085	530	0	0.814453125	-0.645234153	-0.396173453	-0.679098704	-4.83249602e-08	0.396173452	0	0	0	0	0	3
2090	531	0	0.81640625	-0.644824682	-0.398692299	-0.679098704	-5.9294538e-08	0.398692297	0	0	0	0	0	3
2095	532	0	0.818359375	-0.644662781	-0.401210513	-0.679098704	-7.25400761e-08	0.401210511	0	0	0	0	0	3
2100	533	0	0.8203125	-0.643301919	-0.403723411	-0.679098704	-8.84257763e-08	0.403723408	0	0	0	0	0	3
2105	535	0	0.822265625	-0.642612246	-0.406233615	-0.679098704	-1.07432872e-07	0.406233611	0	0	0	0	0	3
2110	536	0	0.82421875	-0.641993913	-0.408741403	-0.679098704	-1.30112221e-07	0.408741399	0	0	0	0	0	3
2115	537	0	0.826171875	-0.642284608	-0.411250327	-0.679098704	-1.57401847e-07	0.411250322	0	0	0	0	0	3
2120	537	0	0.828125	-0.641330654	-0.413755524	-0.679098704	-1.8936855e-07	0.413755518	0	0	0	0	0	3
2125	538	0	0.830078125	-0.641389119	-0.416260949	-0.679098704	-2.26904747e-07	0.416260942	0	0	0	0	0	3
2130	539	0	0.83203125	-0.641925126	-0.418768469	-0.679098704	-2.71436235e-07	0.41876846	0	0	0	0	0	3
2135	540	0	0.833984375	-0.64240145	-0.421277848	-0.679098704	-3.23573757e-07	0.421277837	0	0	0	0	0	3
2140	541	0	0.8359375	-0.64185086	-0.423785077	-0.679098704	-3.84594707e-07	0.423785064	0	0	0	0	0	3
2145	542	0	0.837890625	-0.642407422	-0.426294479	-0.679098704	-4.55834933e-07	0.426294464	0	0	0	0	0	3
2150	543	0	0.83984375	-0.642589832	-0.428804594	-0.679098704	-5.39157113e-07	0.428804576	0	0	0	0	0	3
2155	544	0	0.841796875	-0.642509678	-0.431314395	-0.679098704	-6.36127334e-07	0.431314373	0	0	0	0	0	3
2160	545	0	0.84375	-0.644219763	-0.433830876	-0.679098704	-7.49247109e-07	0.43383085	0	0	0	0	0	3
2165	546	0	0.845703125	-0.64379826	-0.43634571	-0.679098704	-8.80646494e-07	0.43634568	0	0	0	0	0	3
2170	547	0	0.84765625	-0.64449024	-0.438863247	-0.679098704	-1.03337304e-06	0.438863211	0	0	0	0	0	3
2175	548	0	0.849609375	-0.645941327	-0.441386451	-0.679098704	-1.21079117e-06	0.441386408	0	0	0	0	0	3
2180	548	0	0.8515625	-0.646748379	-0.443912807	-0.679098704	-1.41697033e-06	0.443912757	0	0	0	0	0	3
2185	549	0	0.853515625	-0.646620534	-0.446438663	-0.679098704	-1.65660138e-06	0.446438604	0	0	0	0	0	3
2190	550	0	0.85546875	-0.648395612	-0.448971452	-0.679098704	-1.93503913e-06	0.448971383	0	0	0	0	0	3
2195	551	0	0.857421875	-0.649656371	-0.451509165	-0.679098704	-2.25893245e-06	0.451509084	0	0	0	0	0	3
2200	552	0	0.859375	-0.649183446	-0.454045029	-0.679098704	-2.63523549e-06	0.454044934	0	0	0	0	0	3
2205	554	0	0.861328125	-0.650734941	-0.456586952	-0.679098704	-3.07308606e-06	0.456586841	0	0	0	0	0	3
2210	555	0	0.86328125	-0.651741639	-0.459132806	-0.679098704	-3.76336375e-06	0.459132675	0	0	0	0	0	3
2215	556	0	0.865234375	-0.650630734	-0.461674317	-0.679098704	-4.57404929e-06	0.461674163	0	0	0	0	0	3
2220	556	0	0.8671875	-0.652163701	-0.464221814	-0.679098704	-5.48835483e-06	0.464221632	0	0	0	0	0	3
2225	557	0	0.869140625	-0.653405354	-0.466774157	-0.679098704	-7.98359036e-06	0.466773934	0	0	0	0	0	3
2230	558	0	0.87109375	-0.652877592	-0.469324429	-0.679098704	-1.11112406e-05	0.46932415	0	0	0	0	0	3
2235	559	0	0.873046875	-0.655425329	-0.471884641	-0.679098704	-1.42690098e-05	0.471884289	0	0	0	0	0	3
2240	560	0	0.875	-0.655323165	-0.474444441	-0.679098704	-1.81476097e-05	0.474443998	0	0	0	0	0	3
2245	561	0	0.876953125	-0.655991524	-0.477006837	-0.679098704	-2.32608507e-05	0.477006276	0	0	0	0	0	3
2250	562	0	0.87890625	-0.657446359	-0.479574896	-0.679098704	-2.96632927e-05	0.479574187	0	0	0	0	0	3
2255	563	0	0.880859375	-0.657929929	-0.482144819	-0.679098704	-3.80718657e-05	0.48214392	0	0	0	0	0	3
2260	564	0	0.8828125	-0.659232966	-0.484719799	-0.679098704	-4.81612307e-05	0.484718662	0	0	0	0	0	3
2265	564	0	0.884765625	-0.659508782	-0.487295817	-0.679098704	-6.00316111e-05	0.487294384	0	0	0	0	0	3
2270	565	0	0.88671875	-0.660847855	-0.48987702	-0.679098704	-7.43526856e-05	0.489875222	0	0	0	0	0	3
2275	566	0	0.888671875	-0.66146031	-0.492460559	-0.679098704	-9.05854532e-05	0.492458319	0	0	0	0	0	3
2280	567	0	0.890625	-0.661539426	-0.495044343	-0.679098704	-0.00011028312	0.495041568	0	0	0	0	0	3
2285	568	0	0.892578125	-0.662392952	-0.497631385	-0.679098704	-0.000132921898	0.497627969	0	0	0	0	0	3
2290	569	0	0.89453125	-0.663836033	-0.500223975	-0.679098704	-0.000159701676	0.500219793	0	0	0	0	0	3
2295	570	0	0.896484375	-0.663817668	-0.502816389	-0.679098704	-0.000191348892	0.502811294	0	0	0	0	0	3
2300	571	0	0.8984375	-0.664939692	-0.505413062	-0.679098704	-0.000228527512	0.505406883	0	0	0	0	0	3
2305	573	0	0.900390625	-0.66590707	-0.508013369	-0.679098704	-0.000273104172	0.5080059	0	0	0	0	0	3
2310	574	0	0.90234375	-0.666778936	-0.510616907	-0.679098704	-0.000325768428	0.510607908	0	0	0	0	0	3
2315	575	0	0.904296875	-0.668346923	-0.513226365	-0.679098704	-0.000389438234	0.513215545	0	0	0	0	0	3
2320	575	0	0.90625	-0.667679216	-0.515832966	-0.679098704	-0.000465807869	0.515819979	0	0	0	0	0	3
2325	576	0	0.908203125	-0.667919853	-0.518440208	-0.679098704	-0.000557895378	0.518424639	0	0	0	0	0	3
2330	577	0	0.91015625	-0.668557381	-0.521049581	-0.679098704	-0.000669612804	0.521030927	0	0	0	0	0	3
2335	578	0	0.912109375	-0.668429951	-0.52365802	-0.679098704	-0.000805437208	0.523635672	0	0	0	0	0	3
2340	579	0	0.9140625	-0.671267672	-0.526277013	-0.679098704	-0.000972083966	0.526250227	0	0	0	0	0	3
2345	580	0	0.916015625	-0.670342621	-0.528891742	-0.679098704	-0.00117581303	0.528859612	0	0	0	0	0	3
2350	581	0	0.91796875	-0.67041359	-0.531505952	-0.679098704	-0.00142718473	0.531467363	0	0	0	0	0	3
2355	582	0	0.919921875	-0.672916244	-0.534128956	-0.679098704	-0.00173908947	0.534082531	0	0	0	0	0	3
2360	582	0	0.921875	-0.672632759	-0.536749634	-0.679098704	-0.00212636585	0.536693668	0	0	0	0	0	3
2365	583	0	0.923828125	-0.672168891	-0.539366988	-0.679098704	-0.00261197395	0.539299351	0	0	0	0	0	3
2370	584	0	0.92578125	-0.674298542	-0.541990764	-0.679098704	-0.00322255404	0.541908786	0	0	0	0	0	3
2375	585	0	0.927734375	-0.67432112	-0.544612242	-0.679098704	-0.00399060867	0.544512578	0	0	0	0	0	3
2380	586	0	0.9296875	-0.675117302	-0.547233831	-0.679098704	-0.00496872522	0.547112234	0	0	0	0	0	3
2385	587	0	0.931640625	-0.676247102	-0.549856012	-0.679098704	-0.00621403465	0.549707095	0	0	0	0	0	3
2390	588	0	0.93359375	-0.676254573	-0.552473358	-0.679098704	-0.00777351038	0.552290403	0	0	0	0	0	3
2395	589	0	0.935546875	-0.676552082	-0.555085774	-0.679098704	-0.0097666609	0.554860225	0	0	0	0	0	3
2400	589	0	0.9375	-0.677985793	-0.557696005	-0.679098704	-0.0123627345	0.557416751	0	0	0	0	0	3
2405	591	0	0.939453125	-0.678609298	-0.560298531	-0.679098704	-0.0155791067	0.559951877	0	0	0	0	0	3
2410	592	0	0.94140625	-0.678154507	-0.562886716	-0.679098704	-0.0188229507	0.562459025	0	0	0	0	0	3
2415	593	0	0.943359375	-0.679685708	-0.565468211	-0.679685708	-0.0219615875	0.564946486	0	0	0	0	0	3
2420	594	0	0.9453125	-0.678859616	-0.568034219	-0.679685708	-0.0280335205	0.567392878	0	0	0	0	0	3
2425	595	0	0.947265625	-0.679523241	-0.570579101	-0.679685708	-0.0335694955	0.569795213	0	0	0	0	0	3
2430	596	0	0.94921875	-0.680936736	-0.573107879	-0.680936736	-0.0368337388	0.572168604	0	0	0	0	0	3
2435	597	0	0.951171875	-0.680256992	-0.575621251	-0.680936736	-0.0399291086	0.574514638	0	0	0	0	0	3
2440	597	0	0.953125	-0.681102431	-0.578125834	-0.681102431	-0.043473404	0.576838167	0	0	0	0	0	3
2445	598	0	0.955078125	-0.68255236	-0.580622237	-0.68255236	-0.0627430203	0.579073057	0	0	0	0	0	3
2450	599	0	0.95703125	-0.682552986	-0.583043369	-0.682552986	-0.0677722734	0.581213583	0	0	0	0	0	3
2455	600	0	0.958984375	-0.682718897	-0.585445505	-0.682718897	-0.07214453	0.583319031	0	0	0	0	0	3
2460	601	0	0.9609375	-0.684176681	-0.587836255	-0.684176681	-0.0803399456	0.585381154	0	0	0	0	0	3
2465	602	0	0.962890625	-0.683860533	-0.590193757	-0.684176681	-0.0904981849	0.587370275	0	0	0	0	0	3
2470	603	0	0.96484375	-0.683782929	-0.592511276	-0.684176681	-0.102408894	0.581767787	0	0	0	0	0	3
2475	604	0	0.966796875	-0.684672557	-0.594785743	-0.684672557	-0.1124059	0.572266658	0	0	0	0	0	3
2480	605	0	0.96875	-0.684814479	-0.597021714	-0.684814479	-0.121776633	0.563037847	0	0	0	0	0	3
2485	605	0	0.970703125	-0.685038987	-0.599221958	-0.685038987	-0.131704866	0.55333412	0	0	0	0	0	3
2490	606	0	0.97265625	-0.6862361	-0.601388096	-0.6862361	-0.142969871	0.543266229	0	0	0	0	0	3
2495	607	0	0.974609375	-0.686735038	-0.603512178	-0.686735038	-0.154399123	0.532335915	0	0	0	0	0	3
2500	608	0	0.9765625	-0.686777794	-0.605591782	-0.686777794	-0.163935883	0.52284191	0	0	0	0	0	3
2505	610	0	0.978515625	-0.688533642	-0.607640992	-0.688533642	-0.174132471	0.514401171	0	0	0	0	0	3
2510	611	0	0.98046875	-0.688515401	-0.609650301	-0.688533642	-0.186153856	0.502379786	0	0	0	0	0	3
2515	612	0	0.982421875	-0.688914733	-0.61161421	-0.688914733	-0.199851253	0.48906348	0	0	0	0	0	3
2520	613	0	0.984375	-0.689521064	-0.613526983	-0.689521064	-0.212659291	0.476861773	0	0	0	0	0	3
2525	614	0	0.986328125	-0.690833793	-0.615394852	-0.690833793	-0.224685576	0.466148216	0	0	0	0	0	3
2530	615	0	0.98828125	-0.691019792	-0.61721647	-0.691019792	-0.236372797	0.454646995	0	0	0	0	0	3
2535	615	0	0.990234375	-0.692424677	-0.618997923	-0.692424677	-0.246383487	0.44604119	0	0	0	0	0	3
2540	616	0	0.9921875	-0.693171444	-0.620743188	-0.693171444	-0.256957992	0.436213453	0	0	0	0	0	3
2545	617	0	0.994140625	-0.693786661	-0.62244955	-0.693786661	-0.266664988	0.427121672	0	0	0	0	0	3
2550	618	0	0.99609375	-0.694169828	-0.624119491	-0.694169828	-0.277704262	0.416465566	0	0	0	0	0	3
2555	619	0	0.998046875	-0.69576962	-0.625752559	-0.69576962	-0.285751161	0.410018458	0	0	0	0	0	3
2560	620	0	1	-0.696087318	-0.627355435	-0.696087318	-0.295197929	0.400889389	0.313830944	0	78.2	0	0	3
2565	621	0	1.00195312	-0.696375709	-0.628922535	-0.696375709	-0.306673382	0.389702326	0.313222253	0	80.3	0	0	3
2570	622	0	1.00390625	-0.698144902	-0.630451721	-0.698144902	-0.313855618	0.384289284	0.313319386	0	81.5	0	0	3
2575	623	0	1.00585938	-0.697641789	-0.631950886	-0.698144902	-0.322625101	0.375519801	0.312427074	0	83.1	0	0	3
2580	623	0	1.0078125	-0.698842254	-0.633420484	-0.698842254	-0.330721496	0.368120758	0.312315904	0	84.8	0	0	3
2585	624	0	1.00976562	-0.699933212	-0.634862717	-0.699933212	-0.340015148	0.359918064	0.312159012	0	86.7	0	0	3
2590	625	0	1.01171875	-0.699212333	-0.636265831	-0.699933212	-0.348390404	0.351542808	0.311195682	0	88.5	0	0	3
2595	626	0	1.01367188	-0.699360102	-0.637636807	-0.699933212	-0.357028892	0.34290432	0.310621865	0	90.5	0	0	3
2600	627	0	1.015625	-0.70087331	-0.638979949	-0.70087331	-0.364175096	0.336698214	0.310644588	0	92.2	0	0	3
2605	629	0	1.01757812	-0.700935909	-0.640295421	-0.700935909	-0.372420696	0.328515213	0.309999798	0	94.3	0	0	3
2610	630	0	1.01953125	-0.702328957	-0.641584125	-0.702328957	-0.379789159	0.322539798	0.309909806	0	96	0	0	3
2615	631	0	1.02148438	-0.703985269	-0.642850516	-0.703985269	-0.408248256	0.295737013	0.309907269	0	100	0	0	3
2620	632	0	1.0234375	-0.703733919	-0.644004757	-0.703985269	-0.415678938	0.288306331	0.309070159	0	100	0	0	3
2625	633	0	1.02539062	-0.704550838	-0.645133163	-0.704550838	-0.42392436	0.280626478	0.308751658	0	100	0	0	3
2630	634	0	1.02734375	-0.707565981	-0.646241138	-0.707565981	-0.432846782	0.274719199	0.309482373	0	100	0	0	3
2635	635	0	1.02929688	-0.707056736	-0.64731227	-0.707565981	-0.439194561	0.26837142	0.308768569	0	100	0	0	3
2640	636	0	1.03125	-0.707124211	-0.648358871	-0.707565981	-0.445156738	0.262409243	0.308382311	0	100	0	0	3
2645	637	0	1.03320312	-0.709445472	-0.649391249	-0.709445472	-0.452810546	0.256634926	0.309014185	0	100	0	0	3
2650	637	0	1.03515625	-0.710062207	-0.650396138	-0.710062207	-0.460610877	0.24945133	0.308905174	0	100	0	0	3
2655	638	0	1.03710938	-0.709357649	-0.651367805	-0.710062207	-0.466341291	0.243720916	0.308200402	0	100	0	0	3
2660	639	0	1.0390625	-0.711370025	-0.652324948	-0.711370025	-0.473149502	0.238220523	0.308639485	0	100	0	0	3
2665	640	0	1.04101562	-0.711652464	-0.653256601	-0.711652464	-0.480776737	0.230875728	0.30828663	0	100	0	0	3
2670	641	0	1.04296875	-0.712288561	-0.654160944	-0.712288561	-0.48755351	0.224735052	0.308046752	0	100	0	0	3
2675	642	0	1.04492188	-0.713466151	-0.655043415	-0.713466151	-0.492636976	0.220829175	0.307933025	0	100	0	0	3
2680	643	0	1.046875	-0.714271223	-0.655909174	-0.714271223	-0.498503202	0.21576802	0.307684464	0	100	0	0	3
2685	644	0	1.04882812	-0.715865645	-0.656758246	-0.715865645	-0.505102651	0.210762995	0.30773817	0	100	0	0	3
2690	645	0	1.05078125	-0.716461451	-0.657583866	-0.716461451	-0.51057391	0.205887541	0.307331122	0	100	0	0	3
2695	646	0	1.05273438	-0.716787626	-0.658389388	-0.716787626	-0.516195282	0.200592344	0.306784956	0	100	0	0	3
2700	646	0	1.0546875	-0.718560915	-0.659179879	-0.718560915	-0.522761118	0.195799797	0.306841914	0	100	0	0	3
2705	649	0	1.05664062	-0.719133446	-0.659946959	-0.719133446	-0.527591266	0.19154218	0.306380403	0	100	0	0	3
2710	649	0	1.05859375	-0.720406992	-0.660700145	-0.720406992	-0.533796124	0.186610869	0.306221019	0	100	0	0	3
2715	650	0	1.06054688	-0.720807345	-0.661430658	-0.720807345	-0.540504671	0.180302674	0.305700093	0	100	0	0	3
2720	651	0	1.0625	-0.722486942	-0.662141526	-0.722486942	-0.545922953	0.176563989	0.305735602	0	100	0	0	3
2725	652	0	1.06445312	-0.722798064	-0.662832444	-0.722798064	-0.549342123	0.173455941	0.30521066	0	100	0	0	3
2730	653	0	1.06640625	-0.724310053	-0.663515913	-0.724310053	-0.553070668	0.171239385	0.305217335	0	100	0	0	3
2735	654	0	1.06835938	-0.724940506	-0.664187279	-0.724940506	-0.559180378	0.165760128	0.304879724	0	100	0	0	3
2740	655	0	1.0703125	-0.725643104	-0.664837524	-0.725643104	-0.565454889	0.160188215	0.304598566	0	100	0	0	3
2745	656	0	1.07226562	-0.726350337	-0.665466022	-0.726350337	-0.570039653	0.156310684	0.304341535	0	100	0	0	3
2750	657	0	1.07421875	-0.726890675	-0.666078721	-0.726890675	-0.5745024	0.152388275	0.304033699	0	100	0	0	3
2755	658	0	1.07617188	-0.728270919	-0.66667938	-0.728270919	-0.578874331	0.149396588	0.304094057	0	100	0	0	3
2760	659	0	1.078125	-0.728839831	-0.667265182	-0.728839831	-0.582522771	0.14631706	0.303831011	0	100	0	0	3
2765	659	0	1.08007812	-0.728710442	-0.667836228	-0.728839831	-0.58517817	0.14366166	0.303290851	0	100	0	0	3
2770	660	0	1.08203125	-0.73036078	-0.668403348	-0.73036078	-0.587758584	0.142602196	0.303499479	0	100	0	0	3
2775	661	0	1.08398438	-0.731640633	-0.668965387	-0.731640633	-0.591763179	0.139877455	0.303555813	0	100	0	0	3
2780	662	0	1.0859375	-0.731564301	-0.669511485	-0.731640633	-0.593557759	0.138082875	0.303047968	0	100	0	0	3
2785	663	0	1.08789062	-0.731974991	-0.670052177	-0.731974991	-0.595263445	0.136711545	0.3027393	0	100	0	0	3
2790	664	0	1.08984375	-0.733389166	-0.670591731	-0.733389166	-0.599368333	0.134020832	0.302842209	0	100	0	0	3
2795	665	0	1.09179688	-0.733957579	-0.67111747	-0.733957579	-0.603400777	0.130556803	0.302592507	0	100	0	0	3
2800	666	0	1.09375	-0.735153939	-0.671632131	-0.735153939	-0.605907824	0.129246114	0.302598048	0	100	0	0	3
2805	668	0	1.09570312	-0.738448668	-0.672149869	-0.738448668	-0.608128935	0.130319733	0.303460516	0	100	0	0	3
2810	669	0	1.09765625	-0.739864251	-0.67266446	-0.739864251	-0.610483307	0.129380944	0.303543168	0	100	0	0	3
2815	670	0	1.09960938	-0.740044197	-0.673170557	-0.740044197	-0.612227545	0.127816652	0.303112364	0	100	0	0	3
2820	671	0	1.1015625	-0.740594484	-0.67367199	-0.740594484	-0.613382373	0.127212111	0.302825948	0	100	0	0	3
2825	672	0	1.10351562	-0.741411433	-0.674172104	-0.741411433	-0.61623398	0.125177453	0.302639485	0	100	0	0	3
2830	672	0	1.10546875	-0.743131729	-0.674667798	-0.743131729	-0.619323017	0.123808712	0.302812779	0	100	0	0	3
2835	673	0	1.10742188	-0.744242057	-0.675155763	-0.744242057	-0.620141826	0.124100232	0.302732734	0	100	0	0	3
2840	674	0	1.109375	-0.745724625	-0.675646321	-0.745724625	-0.623362064	0.12236256	0.303681184	0	100	0	0	3
2845	675	0	1.11132812	-0.746098512	-0.67612576	-0.746098512	-0.625874666	0.120223847	0.303350683	0	100	0	0	3
2850	676	0	1.11328125	-0.74625747	-0.676596005	-0.74625747	-0.626783394	0.119474076	0.302955982	0	100	0	0	3
2855	677	0	1.11523438	-0.747091324	-0.677065958	-0.747091324	-0.628214602	0.118876722	0.302858076	0	100	0	0	3
2860	678	0	1.1171875	-0.747582998	-0.677526426	-0.747582998	-0.628214602	0.119368396	0.30261883	0	100	0	0	3
2865	679	0	1.11914062	-0.746734804	-0.677981595	-0.747582998	-0.628214602	0.119368396	0.301829423	0	100	0	0	3
2870	680	0	1.12109375	-0.747241202	-0.678446543	-0.747582998	-0.629251651	0.118331347	0.301586585	0	100	0	0	3
2875	681	0	1.12304688	-0.746951353	-0.678906308	-0.747582998	-0.630264316	0.117318682	0.301021386	0	100	0	0	3
2880	681	0	1.125	-0.746818886	-0.679361599	-0.747582998	-0.632722284	0.114860714	0.300516598	0	100	0	0	3
2885	682	0	1.12695312	-0.746678873	-0.679806742	-0.747582998	-0.634660683	0.112922315	0.300006186	0	100	0	0	3
2890	683	0	1.12890625	-0.746997182	-0.680245556	-0.747582998	-0.635197925	0.112385073	0.299678746	0	100	0	0	3
2895	684	0	1.13085938	-0.746559193	-0.680680561	-0.747582998	-0.635513035	0.112069963	0.299051239	0	100	0	0	3
2900	685	0	1.1328125	-0.746488742	-0.68111406	-0.747582998	-0.636990849	0.110592149	0.298582505	0	100	0	0	3
2905	687	0	1.13476562	-0.74589367	-0.681539462	-0.747582998	-0.638139583	0.109443415	0.297920241	0	100	0	0	3
2910	688	0	1.13671875	-0.74502642	-0.681956988	-0.747582998	-0.638819021	0.108763977	0.297170622	0	100	0	0	3
2915	689	0	1.13867188	-0.744336078	-0.682369164	-0.747582998	-0.639959047	0.107623951	0.296519121	0	100	0	0	3
2920	690	0	1.140625	-0.743486184	-0.682773567	-0.747582998	-0.640863381	0.106719617	0.295843758	0	100	0	0	3
2925	691	0	1.14257812	-0.742874793	-0.683172049	-0.747582998	-0.641330654	0.106252344	0.295308133	0	100	0	0	3
2930	692	0	1.14453125	-0.741956273	-0.68356483	-0.747582998	-0.641330654	0.106252344	0.294692194	0	100	0	0	3
2935	693	0	1.14648438	-0.741690026	-0.683947685	-0.747582998	-0.641330654	0.106252344	0.294373118	0	100	0	0	3
2940	693	0	1.1484375	-0.7408845	-0.684317088	-0.747582998	-0.641330654	0.106252344	0.293879186	0	100	0	0	3
2945	694	0	1.15039062	-0.740689882	-0.684677739	-0.747582998	-0.641330654	0.106252344	0.293667796	0	100	0	0	3
2950	695	0	1.15234375	-0.739724734	-0.685024778	-0.747582998	-0.641330654	0.106252344	0.29317346	0	100	0	0	3
2955	696	0	1.15429688	-0.739144941	-0.685366585	-0.747582998	-0.641330654	0.106252344	0.292816743	0	100	0	0	3
2960	697	0	1.15625	-0.739013181	-0.685699301	-0.747582998	-0.641330654	0.106252344	0.292584548	0	100	0	0	3
2965	698	0	1.15820312	-0.738682608	-0.686027776	-0.747582998	-0.641330654	0.106252344	0.292204072	0	100	0	0	3
2970	699	0	1.16015625	-0.737940602	-0.686349087	-0.747582998	-0.641330654	0.106252344	0.291589097	0	100	0	0	3
2975	700	0	1.16210938	-0.736874028	-0.686660759	-0.747582998	-0.641330654	0.106252344	0.290785164	0	100	0	0	3
2980	701	0	1.1640625	-0.736773572	-0.686965909	-0.747582998	-0.641330654	0.106252344	0.290319218	0	100	0	0	3
2985	702	0	1.16601562	-0.736193609	-0.687264306	-0.747582998	-0.641330654	0.106252344	0.289642193	0	100	0	0	3
2990	703	0	1.16796875	-0.735814905	-0.687564163	-0.747582998	-0.641330654	0.106252344	0.289047377	0	100	0	0	3
2995	704	0	1.16992188	-0.734728336	-0.687847642	-0.747582998	-0.641330654	0.106252344	0.288195006	0	100	0	0	3
3000	704	0	1.171875	-0.73402412	-0.688122353	-0.747582998	-0.641330654	0.106252344	0.287520333	0	100	0	0	3
3005	707	0	1.17382812	-0.73379933	-0.688391398	-0.747582998	-0.641330654	0.106252344	0.287058648	0	100	0	0	3
3010	707	0	1.17578125	-0.733487584	-0.688657653	-0.747582998	-0.641330654	0.106252344	0.288061949	0	100	0	0	3
3015	708	0	1.17773438	-0.73258423	-0.688916152	-0.747582998	-0.641330654	0.106252344	0.287471708	0	100	0	0	3
3020	709	0	1.1796875	-0.732690304	-0.689169086	-0.747582998	-0.641330654	0.106252344	0.287331016	0	100	0	0	3
3025	710	0	1.18164062	-0.732169556	-0.689415059	-0.747582998	-0.641330654	0.106252344	0.286977556	0	100	0	0	3
3030	711	0	1.18359375	-0.731247223	-0.68965126	-0.747582998	-0.641330654	0.106252344	0.28648196	0	100	0	0	3
3035	712	0	1.18554688	-0.730886015	-0.689892419	-0.747582998	-0.641330654	0.106252344	0.286211205	0	100	0	0	3
3040	713	0	1.1875	-0.730456078	-0.690123609	-0.747582998	-0.641330654	0.106252344	0.285910826	0	100	0	0	3
3045	714	0	1.18945312	-0.729821902	-0.690350458	-0.747582998	-0.641330654	0.106252344	0.285522525	0	100	0	0	3
3050	715	0	1.19140625	-0.729760057	-0.690568365	-0.747582998	-0.641330654	0.106252344	0.285348069	0	100	0	0	3
3055	716	0	1.19335938	-0.72946811	-0.690785864	-0.747582998	-0.641330654	0.106252344	0.285072866	0	100	0	0	3
3060	717	0	1.1953125	-0.729264769	-0.690995305	-0.747582998	-0.641330654	0.106252344	0.284826415	0	100	0	0	3
3065	717	0	1.19726562	-0.728372028	-0.691202629	-0.747582998	-0.641330654	0.106252344	0.284309061	0	100	0	0	3
3070	718	0	1.19921875	-0.728619086	-0.691409426	-0.747582998	-0.641330654	0.106252344	0.284234012	0	100	0	0	3
3075	719	0	1.20117188	-0.728050884	-0.691608714	-0.747582998	-0.641330654	0.106252344	0.283839616	0	100	0	0	3
3080	720	0	1.203125	-0.728208784	-0.691810631	-0.747582998	-0.641330654	0.106252344	0.283740957	0	100	0	0	3
3085	721	0	1.20507812	-0.728022802	-0.69200887	-0.747582998	-0.641330654	0.106252344	0.283546069	0	100	0	0	3
3090	722	0	1.20703125	-0.727533105	-0.692204272	-0.747582998	-0.641330654	0.106252344	0.283295399	0	100	0	0	3
3095	723	0	1.20898438	-0.72740303	-0.692396147	-0.747582998	-0.641330654	0.106252344	0.283245514	0	100	0	0	3
3100	724	0	1.2109375	-0.726980448	-0.692592208	-0.747582998	-0.641330654	0.106252344	0.283133261	0	100	0	0	3
3105	726	0	1.21289062	-0.726971313	-0.692780709	-0.747582998	-0.641330654	0.106252344	0.283230517	0	100	0	0	3
3110	727	0	1.21484375	-0.726350915	-0.692965288	-0.747582998	-0.641330654	0.106252344	0.283135049	0	100	0	0	3
3115	727	0	1.21679688	-0.725590944	-0.693154044	-0.747582998	-0.641330654	0.106252344	0.283030225	0	100	0	0	3
3120	728	0	1.21875	-0.7257495	-0.6933375	-0.747582998	-0.641330654	0.106252344	0.283309205	0	100	0	0	3
3125	729	0	1.22070312	-0.725869618	-0.693523582	-0.747582998	-0.641330654	0.106252344	0.283559417	0	100	0	0	3
3130	730	0	1.22265625	-0.725184668	-0.693709474	-0.747582998	-0.641330654	0.106252344	0.283429191	0	100	0	0	3
3135	731	0	1.22460938	-0.725190168	-0.693894396	-0.747582998	-0.641330654	0.106252344	0.283463433	0	100	0	0	3
3140	732	0	1.2265625	-0.725012881	-0.694076312	-0.747582998	-0.641330654	0.106252344	0.283313543	0	100	0	0	3
3145	733	0	1.22851562	-0.724356811	-0.694261868	-0.747582998	-0.641330654	0.106252344	0.282880544	0	100	0	0	3
3150	734	0	1.23046875	-0.724608058	-0.694444099	-0.747582998	-0.641330654	0.106252344	0.282742167	0	100	0	0	3
3155	735	0	1.23242188	-0.724916072	-0.694633033	-0.747582998	-0.641330654	0.106252344	0.282605302	0	100	0	0	3
3160	736	0	1.234375	-0.724796168	-0.694817415	-0.747582998	-0.641330654	0.106252344	0.28231456	0	100	0	0	3
3165	737	0	1.23632812	-0.724686019	-0.695007176	-0.747582998	-0.641330654	0.106252344	0.28205584	0	100	0	0	3
3170	737	0	1.23828125	-0.724736762	-0.695198323	-0.747582998	-0.641330654	0.106252344	0.281894459	0	100	0	0	3
3175	738	0	1.24023438	-0.72487571	-0.6953941	-0.747582998	-0.641330654	0.106252344	0.283282046	0	100	0	0	3
3180	739	0	1.2421875	-0.724689024	-0.695593472	-0.747582998	-0.641330654	0.106252344	0.283201146	0	100	0	0	3
3185	740	0	1.24414062	-0.724524831	-0.695785788	-0.747582998	-0.641330654	0.106252344	0.283190953	0	100	0	0	3
3190	741	0	1.24609375	-0.724354996	-0.695981056	-0.747582998	-0.641330654	0.106252344	0.283211414	0	100	0	0	3
3195	742	0	1.24804688	-0.724685266	-0.696185847	-0.747582998	-0.641330654	0.106252344	0.283460373	0	100	0	0	3
3200	743	0	1.25	-0.724615348	-0.696379851	-0.747582998	-0.641330654	0.106252344	0.283589931	0	100	0	0	3
3205	745	0	1.25195312	-0.723786724	-0.69657617	-0.747582998	-0.641330654	0.106252344	0.283425116	0	100	0	0	3
3210	746	0	1.25390625	-0.724247523	-0.696776849	-0.747582998	-0.641330654	0.106252344	0.283751323	0	100	0	0	3
3215	747	0	1.25585938	-0.723786873	-0.696978039	-0.747582998	-0.641330654	0.106252344	0.283702969	0	100	0	0	3
3220	748	0	1.2578125	-0.72306482	-0.697177663	-0.747582998	-0.641330654	0.106252344	0.283542701	0	100	0	0	3
3225	749	0	1.25976562	-0.722528344	-0.697382232	-0.747582998	-0.641330654	0.106252344	0.283447705	0	100	0	0	3
3230	750	0	1.26171875	-0.723063154	-0.697592741	-0.747582998	-0.641330654	0.106252344	0.283767893	0	100	0	0	3
3235	751	0	1.26367188	-0.722268982	-0.697797173	-0.747582998	-0.641330654	0.106252344	0.283559859	0	100	0	0	3
3240	752	0	1.265625	-0.722222098	-0.69800698	-0.747582998	-0.641330654	0.106252344	0.283637336	0	100	0	0	3
3245	753	0	1.26757812	-0.722277611	-0.698219447	-0.747582998	-0.641330654	0.106252344	0.28375313	0	100	0	0	3
3250	754	0	1.26953125	-0.72286029	-0.698439621	-0.747582998	-0.641330654	0.106252344	0.284090313	0	100	0	0	3
3255	754	0	1.27148438	-0.72174517	-0.698654602	-0.747582998	-0.641330654	0.106252344	0.283798766	0	100	0	0	3
3260	755	0	1.2734375	-0.721568382	-0.698875021	-0.747582998	-0.641330654	0.106252344	0.283928648	0	100	0	0	3
3265	756	0	1.27539062	-0.721319387	-0.699095899	-0.747582998	-0.641330654	0.106252344	0.284078995	0	100	0	0	3
3270	757	0	1.27734375	-0.721456014	-0.699313995	-0.747582998	-0.641330654	0.106252344	0.284418577	0	100	0	0	3
3275	758	0	1.27929688	-0.721088783	-0.699538758	-0.747582998	-0.641330654	0.106252344	0.284581825	0	100	0	0	3
3280	759	0	1.28125	-0.72046197	-0.699765546	-0.747582998	-0.641330654	0.106252344	0.284662994	0	100	0	0	3
3285	760	0	1.28320312	-0.720767156	-0.699992505	-0.747582998	-0.641330654	0.106252344	0.285142282	0	100	0	0	3
3290	761	0	1.28515625	-0.72008076	-0.700225863	-0.747582998	-0.641330654	0.106252344	0.285254546	0	100	0	0	3
3295	762	0	1.28710938	-0.720152133	-0.700462315	-0.747582998	-0.641330654	0.106252344	0.285658185	0	100	0	0	3
3300	763	0	1.2890625	-0.720716008	-0.7007025	-0.747582998	-0.641330654	0.106252344	0.286199573	0	100	0	0	3
3305	765	0	1.29101562	-0.719740386	-0.700947632	-0.747582998	-0.641330654	0.106252344	0.286033001	0	100	0	0	3
3310	766	0	1.29296875	-0.719888036	-0.701200622	-0.747582998	-0.641330654	0.106252344	0.286210523	0	100	0	0	3
3315	767	0	1.29492188	-0.719698897	-0.70145012	-0.747582998	-0.641330654	0.106252344	0.286173256	0	100	0	0	3
3320	768	0	1.296875	-0.719497665	-0.701706213	-0.747582998	-0.641330654	0.106252344	0.286081413	0	100	0	0	3
3325	769	0	1.29882812	-0.719343414	-0.701971797	-0.747582998	-0.641330654	0.106252344	0.285992021	0	100	0	0	3
3330	770	0	1.30078125	-0.718439499	-0.702228506	-0.747582998	-0.641330654	0.106252344	0.28561992	0	100	0	0	3
3335	770	0	1.30273438	-0.718279897	-0.702493534	-0.747582998	-0.641330654	0.106252344	0.285583394	0	100	0	0	3
3340	771	0	1.3046875	-0.717576053	-0.702760793	-0.747582998	-0.641330654	0.106252344	0.285379693	0	100	0	0	3
3345	772	0	1.30664062	-0.717086757	-0.703026404	-0.747582998	-0.641330654	0.106252344	0.286293283	0	100	0	0	3
3350	773	0	1.30859375	-0.716822634	-0.703297213	-0.747582998	-0.641330654	0.106252344	0.286407943	0	100	0	0	3
3355	774	0	1.31054688	-0.717060418	-0.703574825	-0.747582998	-0.641330654	0.106252344	0.286754096	0	100	0	0	3
3360	775	0	1.3125	-0.716748461	-0.703849163	-0.747582998	-0.641330654	0.106252344	0.286915961	0	100	0	0	3
3365	776	0	1.31445312	-0.71627318	-0.704126659	-0.747582998	-0.641330654	0.106252344	0.287052634	0	100	0	0	3
3370	777	0	1.31640625	-0.715376222	-0.704402251	-0.747582998	-0.641330654	0.106252344	0.287025472	0	100	0	0	3
3375	778	0	1.31835938	-0.714841797	-0.704676388	-0.747582998	-0.641330654	0.106252344	0.287133668	0	100	0	0	3
3380	779	0	1.3203125	-0.714351271	-0.704953925	-0.747582998	-0.641330654	0.106252344	0.28725217	0	100	0	0	3
3385	780	0	1.32226562	-0.714235431	-0.705233703	-0.747582998	-0.641330654	0.106252344	0.287518427	0	100	0	0	3
3390	781	0	1.32421875	-0.713185166	-0.705511794	-0.747582998	-0.641330654	0.106252344	0.287403875	0	100	0	0	3
3395	782	0	1.32617188	-0.712114352	-0.705784566	-0.747582998	-0.641330654	0.106252344	0.287271611	0	100	0	0	3
3400	783	0	1.328125	-0.712836177	-0.706063885	-0.747582998	-0.641389119	0.106193879	0.287852751	0	100	0	0	3
3405	785	0	1.33007812	-0.712931257	-0.706343346	-0.747582998	-0.64185086	0.105732139	0.288171802	0	100	0	0	3
3410	786	0	1.33203125	-0.711526877	-0.706615228	-0.747582998	-0.64185086	0.105732139	0.287874628	0	100	0	0	3
3415	787	0	1.33398438	-0.710447814	-0.706881034	-0.747582998	-0.64185086	0.105732139	0.287709317	0	100	0	0	3
3420	788	0	1.3359375	-0.710788028	-0.70715032	-0.747582998	-0.642407422	0.105175576	0.288134698	0	100	0	0	3
3425	789	0	1.33789062	-0.710712799	-0.707417138	-0.747582998	-0.642509678	0.10507332	0.288415231	0	100	0	0	3
3430	789	0	1.33984375	-0.709470456	-0.70767839	-0.747582998	-0.642509678	0.10507332	0.288238572	0	100	0	0	3
3435	790	0	1.34179688	-0.709112496	-0.707938557	-0.747582998	-0.64379826	0.103784738	0.28842396	0	100	0	0	3
3440	791	0	1.34375	-0.709948595	-0.708195311	-0.747582998	-0.64379826	0.103784738	0.289094236	0	100	0	0	3
3445	792	0	1.34570312	-0.708425539	-0.708447761	-0.747582998	-0.64449024	0.103092758	0.288806724	0	100	0	0	3
3450	793	0	1.34765625	-0.707756497	-0.708694895	-0.747582998	-0.645941327	0.101641671	0.288877465	0	100	0	0	3
3455	794	0	1.34960938	-0.707983646	-0.708937248	-0.747582998	-0.646620534	0.100962464	0.289326609	0	100	0	0	3
3460	795	0	1.3515625	-0.707308637	-0.709173811	-0.747582998	-0.646620534	0.100962464	0.289410075	0	100	0	0	3
3465	796	0	1.35351562	-0.706653559	-0.709408315	-0.747582998	-0.648395612	0.0991873864	0.289493532	0	100	0	0	3
3470	797	0	1.35546875	-0.706161307	-0.709633962	-0.747582998	-0.649183446	0.0983995518	0.289614128	0	100	0	0	3
3475	798	0	1.35742188	-0.705963171	-0.709853911	-0.747582998	-0.649183446	0.0983995518	0.289805425	0	100	0	0	3
3480	799	0	1.359375	-0.705296299	-0.710073102	-0.747582998	-0.650630734	0.0969522644	0.28974778	0	100	0	0	3
3485	800	0	1.36132812	-0.704833826	-0.710284425	-0.747582998	-0.650630734	0.0969522644	0.289729142	0	100	0	0	3
3490	801	0	1.36328125	-0.703943651	-0.710488339	-0.747582998	-0.650630734	0.0969522644	0.289522707	0	100	0	0	3
3495	802	0	1.36523438	-0.703637733	-0.710695398	-0.747582998	-0.652163701	0.0954192968	0.289572482	0	100	0	0	3
3500	802	0	1.3671875	-0.702721841	-0.710892891	-0.747582998	-0.652877592	0.0947054064	0.28939898	0	100	0	0	3
3505	805	0	1.36914062	-0.703040379	-0.711086778	-0.747582998	-0.652877592	0.0947054064	0.289759786	0	100	0	0	3
3510	806	0	1.37109375	-0.701187435	-0.711275488	-0.747582998	-0.655323165	0.0922598329	0.289378601	0	100	0	0	3
3515	806	0	1.37304688	-0.701834535	-0.711456774	-0.747582998	-0.655323165	0.0922598329	0.2899312	0	100	0	0	3
3520	807	0	1.375	-0.700708185	-0.711634059	-0.747582998	-0.655991524	0.0915914738	0.289776361	0	100	0	0	3
3525	808	0	1.37695312	-0.699454206	-0.711803835	-0.747582998	-0.657446359	0.0901366387	0.289583601	0	100	0	0	3
3530	809	0	1.37890625	-0.699852798	-0.711969485	-0.747582998	-0.657929929	0.0896530691	0.290081836	0	100	0	0	3
3535	810	0	1.38085938	-0.700695905	-0.71213654	-0.747582998	-0.659232966	0.0883500323	0.290767794	0	100	0	0	3
3540	811	0	1.3828125	-0.698931995	-0.712291614	-0.747582998	-0.659508782	0.0880742158	0.29037358	0	100	0	0	3
3545	812	0	1.38476562	-0.697474181	-0.712439917	-0.747582998	-0.660847855	0.0867351436	0.290103921	0	100	0	0	3
3550	813	0	1.38671875	-0.698559939	-0.712587229	-0.747582998	-0.66146031	0.0861226881	0.290886349	0	100	0	0	3
3555	814	0	1.38867188	-0.69904555	-0.712734047	-0.747582998	-0.661539426	0.0860435718	0.291409685	0	100	0	0	3
3560	815	0	1.390625	-0.697337721	-0.712873884	-0.747582998	-0.662392952	0.0851900461	0.291011946	0	100	0	0	3
3565	816	0	1.39257812	-0.697181841	-0.713009778	-0.747582998	-0.663817668	0.0837653305	0.291257322	0	100	0	0	3
3570	817	0	1.39453125	-0.697826119	-0.713142552	-0.747582998	-0.663817668	0.0837653305	0.291831563	0	100	0	0	3
3575	818	0	1.39648438	-0.696934201	-0.713271913	-0.747582998	-0.664939692	0.0826433062	0.291750851	0	100	0	0	3
3580	819	0	1.3984375	-0.697130591	-0.713397659	-0.747582998	-0.66590707	0.0816759285	0.292110496	0	100	0	0	3
3585	820	0	1.40039062	-0.696749461	-0.713518137	-0.747582998	-0.666778936	0.0808040623	0.292220142	0	100	0	0	3
3590	821	0	1.40234375	-0.696178529	-0.713632979	-0.747582998	-0.667679216	0.0799037826	0.292245191	0	100	0	0	3
3595	821	0	1.40429688	-0.697201271	-0.713745691	-0.747582998	-0.667679216	0.0799037826	0.292931271	0	100	0	0	3
3600	822	0	1.40625	-0.697209043	-0.713861042	-0.747582998	-0.667919853	0.0796631456	0.293176657	0	100	0	0	3
3605	824	0	1.40820312	-0.696911399	-0.713974291	-0.747582998	-0.668429951	0.0791530473	0.293278059	0	100	0	0	3
3610	825	0	1.41015625	-0.69626388	-0.714082519	-0.747582998	-0.668429951	0.0791530473	0.293223514	0	100	0	0	3
3615	826	0	1.41210938	-0.696226334	-0.714191099	-0.747582998	-0.670342621	0.0772403768	0.293422884	0	100	0	0	3
3620	827	0	1.4140625	-0.69594964	-0.714287513	-0.747582998	-0.670342621	0.0772403768	0.293519753	0	100	0	0	3
3625	828	0	1.41601562	-0.695300499	-0.714385004	-0.747582998	-0.67041359	0.0771694084	0.293454151	0	100	0	0	3
3630	829	0	1.41796875	-0.695358791	-0.714482447	-0.747582998	-0.672168891	0.0754141072	0.293683051	0	100	0	0	3
3635	830	0	1.41992188	-0.695195059	-0.714569473	-0.747582998	-0.672168891	0.0754141072	0.293819322	0	100	0	0	3
3640	831	0	1.421875	-0.694929785	-0.714656571	-0.747582998	-0.672168891	0.0754141072	0.293916415	0	100	0	0	3
3645	832	0	1.42382812	-0.694539188	-0.714743955	-0.747582998	-0.674298542	0.0732844559	0.293962903	0	100	0	0	3
3650	833	0	1.42578125	-0.694157173	-0.714821528	-0.747582998	-0.67432112	0.0732618778	0.294014197	0	100	0	0	3
3655	834	0	1.42773438	-0.694304192	-0.714899587	-0.747582998	-0.675117302	0.072465696	0.294298688	0	100	0	0	3
3660	835	0	1.4296875	-0.693792565	-0.714972537	-0.747582998	-0.676247102	0.0713358965	0.294318636	0	100	0	0	3
3665	835	0	1.43164062	-0.69436214	-0.715043299	-0.747582998	-0.676254573	0.0713284248	0.294811205	0	100	0	0	3
3670	836	0	1.43359375	-0.694162324	-0.715113251	-0.747582998	-0.676552082	0.0710309157	0.294983726	0	100	0	0	3
3675	837	0	1.43554688	-0.694048535	-0.715181596	-0.747582998	-0.677985793	0.0695972056	0.294621901	0	100	0	0	3
3680	838	0	1.4375	-0.693976351	-0.715244059	-0.747582998	-0.678154507	0.069428491	0.294820752	0	100	0	0	3
3685	839	0	1.43945312	-0.69366505	-0.715302871	-0.747582998	-0.678154507	0.069428491	0.294904182	0	100	0	0	3
3690	840	0	1.44140625	-0.69337776	-0.715362337	-0.747582998	-0.678859616	0.0687233827	0.294984828	0	100	0	0	3
3695	841	0	1.44335938	-0.693170676	-0.715415012	-0.747582998	-0.678859616	0.0687233827	0.295094404	0	100	0	0	3
3700	842	0	1.4453125	-0.693346619	-0.715471602	-0.747582998	-0.679523241	0.068059757	0.295364146	0	100	0	0	3
3705	844	0	1.44726562	-0.693325262	-0.715525516	-0.747582998	-0.680256992	0.067326006	0.295548353	0	100	0	0	3
3710	845	0	1.44921875	-0.693378114	-0.715574116	-0.747582998	-0.680256992	0.067326006	0.295765764	0	100	0	0	3
3715	846	0	1.45117188	-0.693256763	-0.715624896	-0.747582998	-0.681102431	0.0664805674	0.295909531	0	100	0	0	3
3720	847	0	1.453125	-0.6934039	-0.715672949	-0.747582998	-0.68255236	0.0650306382	0.296163139	0	100	0	0	3
3725	848	0	1.45507812	-0.693442288	-0.715715487	-0.747582998	-0.682552986	0.0650300125	0.296364613	0	100	0	0	3
3730	849	0	1.45703125	-0.693431089	-0.71575798	-0.747582998	-0.682718897	0.0648641012	0.296541064	0	100	0	0	3
3735	849	0	1.45898438	-0.693667788	-0.715800749	-0.747582998	-0.683782929	0.0638000694	0.296819224	0	100	0	0	3
3740	850	0	1.4609375	-0.693516888	-0.715837234	-0.747582998	-0.683782929	0.0638000694	0.296921107	0	100	0	0	3
3745	851	0	1.46289062	-0.693751448	-0.715875871	-0.747582998	-0.683782929	0.0638000694	0.297172056	0	100	0	0	3
3750	852	0	1.46484375	-0.693511946	-0.715913875	-0.747582998	-0.684672557	0.0629104409	0.297202316	0	100	0	0	3
3755	853	0	1.46679688	-0.693510116	-0.715948396	-0.747582998	-0.684814479	0.0627685187	0.297312878	0	100	0	0	3
3760	854	0	1.46875	-0.693368302	-0.71598181	-0.747582998	-0.685038987	0.0625440114	0.297336413	0	100	0	0	3
3765	855	0	1.47070312	-0.693135525	-0.716013437	-0.747582998	-0.6862361	0.0613468986	0.297293892	0	100	0	0	3
3770	856	0	1.47265625	-0.693177852	-0.716040553	-0.747582998	-0.686735038	0.0608479602	0.297347523	0	100	0	0	3
3775	857	0	1.47460938	-0.693001734	-0.716065032	-0.747582998	-0.686777794	0.0608052045	0.297290139	0	100	0	0	3
3780	858	0	1.4765625	-0.692795022	-0.716088537	-0.747582998	-0.688515401	0.0590675968	0.297199075	0	100	0	0	3
3785	859	0	1.47851562	-0.69267283	-0.716104706	-0.747582998	-0.688515401	0.0590675968	0.297117802	0	100	0	0	3
3790	860	0	1.48046875	-0.692772269	-0.716121334	-0.747582998	-0.688914733	0.0586682648	0.297116176	0	100	0	0	3
3795	861	0	1.48242188	-0.692660636	-0.716135967	-0.747582998	-0.689521064	0.0580619345	0.297036869	0	100	0	0	3
3800	862	0	1.484375	-0.692446304	-0.716147393	-0.747582998	-0.690833793	0.0567492056	0.296950067	0	100	0	0	3
3805	863	0	1.48632812	-0.6922283	-0.716152841	-0.747582998	-0.691019792	0.0565632059	0.296908175	0	100	0	0	3
3810	864	0	1.48828125	-0.693141001	-0.716161127	-0.747582998	-0.6922283	0.0553546978	0.297395552	0	100	0	0	3
3815	865	0	1.49023438	-0.692920013	-0.716163061	-0.747582998	-0.6922283	0.0553546978	0.297439374	0	100	0	0	3
3820	866	0	1.4921875	-0.693206755	-0.716163199	-0.747582998	-0.6922283	0.0553546978	0.29773601	0	100	0	0	3
3825	867	0	1.49414062	-0.693858337	-0.716163479	-0.747582998	-0.6922283	0.0553546978	0.298208199	0	100	0	0	3
3830	868	0	1.49609375	-0.694538758	-0.716164921	-0.747582998	-0.6922283	0.0553546978	0.2986928	0	100	0	0	3
3835	869	0	1.49804688	-0.694573698	-0.716160249	-0.747582998	-0.6922283	0.0553546978	0.29888393	0	100	0	0	3
3840	870	0	1.5	-0.694895551	-0.716155594	-0.747582998	-0.6922283	0.0553546978	0.299178128	0	100	0	0	3
3845	871	0	1.50195312	-0.694557004	-0.716148489	-0.747582998	-0.6922283	0.0553546978	0.298229626	0	100	0	0	3
3850	872	0	1.50390625	-0.69432342	-0.716133562	-0.747582998	-0.6922283	0.0553546978	0.29817154	0	100	0	0	3
3855	873	0	1.50585938	-0.694135856	-0.716119867	-0.747582998	-0.6922283	0.0553546978	0.298096468	0	100	0	0	3
3860	874	0	1.5078125	-0.694011901	-0.716100998	-0.747582998	-0.6922283	0.0553546978	0.298024246	0	100	0	0	3
3865	875	0	1.50976562	-0.693994834	-0.716077801	-0.747582998	-0.6922283	0.0553546978	0.297991606	0	100	0	0	3
3870	876	0	1.51171875	-0.694504692	-0.716059412	-0.747582998	-0.6922283	0.0553546978	0.298187675	0	100	0	0	3
3875	877	0	1.51367188	-0.694695885	-0.716041192	-0.747582998	-0.6922283	0.0553546978	0.298248423	0	100	0	0	3
3880	878	0	1.515625	-0.694677789	-0.716016991	-0.747582998	-0.6922283	0.0553546978	0.298221496	0	100	0	0	3
3885	879	0	1.51757812	-0.694598093	-0.715992234	-0.747582998	-0.6922283	0.0553546978	0.298171048	0	100	0	0	3
3890	880	0	1.51953125	-0.694609728	-0.715962081	-0.747582998	-0.6922283	0.0553546978	0.29816521	0	100	0	0	3
3895	881	0	1.52148438	-0.694397765	-0.71592463	-0.747582998	-0.6922283	0.0553546978	0.298067393	0	100	0	0	3
3900	882	0	1.5234375	-0.694612054	-0.715888997	-0.747582998	-0.6922283	0.0553546978	0.298154286	0	100	0	0	3
3905	883	0	1.52539062	-0.694924766	-0.715851395	-0.747582998	-0.6922283	0.0553546978	0.298282496	0	100	0	0	3
3910	884	0	1.52734375	-0.696337427	-0.715807534	-0.747582998	-0.6922283	0.0553546978	0.298879797	0	100	0	0	3
3915	885	0	1.52929688	-0.696405389	-0.715765927	-0.747582998	-0.6922283	0.0553546978	0.298889402	0	100	0	0	3
3920	886	0	1.53125	-0.696266025	-0.715723512	-0.747582998	-0.6922283	0.0553546978	0.298781967	0	100	0	0	3
3925	887	0	1.53320312	-0.696126116	-0.715671484	-0.747582998	-0.6922283	0.0553546978	0.298632821	0	100	0	0	3
3930	888	0	1.53515625	-0.696059696	-0.715616786	-0.747582998	-0.6922283	0.0553546978	0.298464939	0	100	0	0	3
3935	889	0	1.53710938	-0.696029634	-0.715564724	-0.747582998	-0.6922283	0.0553546978	0.298281154	0	100	0	0	3
3940	890	0	1.5390625	-0.69595013	-0.71550449	-0.747582998	-0.6922283	0.0553546978	0.298068858	0	100	0	0	3
3945	891	0	1.54101562	-0.695827267	-0.715442673	-0.747582998	-0.6922283	0.0553546978	0.297831372	0	100	0	0	3
3950	892	0	1.54296875	-0.697319471	-0.7153842	-0.747582998	-0.6922283	0.0553546978	0.298264502	0	100	0	0	3
3955	893	0	1.54492188	-0.697589627	-0.715322182	-0.747582998	-0.6922283	0.0553546978	0.298149221	0	100	0	0	3
3960	894	0	1.546875	-0.698329265	-0.715259909	-0.747582998	-0.6922283	0.0553546978	0.29823626	0	100	0	0	3
3965	895	0	1.54882812	-0.699177318	-0.71519472	-0.747582998	-0.6922283	0.0553546978	0.298417809	0	100	0	0	3
3970	896	0	1.55078125	-0.699111364	-0.715126946	-0.747582998	-0.6922283	0.0553546978	0.298281651	0	100	0	0	3
3975	897	0	1.55273438	-0.699061288	-0.715057703	-0.747582998	-0.6922283	0.0553546978	0.298219756	0	100	0	0	3
3980	898	0	1.5546875	-0.699068189	-0.714981559	-0.747582998	-0.6922283	0.0553546978	0.298233501	0	100	0	0	3
3985	899	0	1.55664062	-0.699088849	-0.71490326	-0.747582998	-0.6922283	0.0553546978	0.298287058	0	100	0	0	3
3990	900	0	1.55859375	-0.699063544	-0.714819887	-0.747582998	-0.6922283	0.054734263	0.298337651	0	100	0	0	3
3995	901	0	1.56054688	-0.699010138	-0.714734742	-0.747582998	-0.6922283	0.0540233948	0.2983749	0	100	0	0	3
4000	902	0	1.5625	-0.698987246	-0.714642946	-0.747582998	-0.6922283	0.0533324763	0.29840439	0	100	0	0	3
4005	904	0	1.56445312	-0.699003088	-0.714549997	-0.747582998	-0.6922283	0.0526490079	0.298418338	0	100	0	0	3
4010	905	0	1.56640625	-0.699007861	-0.71445116	-0.747582998	-0.6922283	0.0519776413	0.297525137	0	100	0	0	3
4015	906	0	1.56835938	-0.698976806	-0.71434974	-0.747582998	-0.6922283	0.0513273963	0.297406492	0	100	0	0	3
4020	907	0	1.5703125	-0.698947698	-0.714245461	-0.747582998	-0.6922283	0.0506988984	0.297246164	0	100	0	0	3
4025	908	0	1.57226562	-0.698962243	-0.714138476	-0.747582998	-0.6922283	0.0500861991	0.297075067	0	100	0	0	3
4030	909	0	1.57421875	-0.69898809	-0.714029481	-0.747582998	-0.6922283	0.0494855409	0.29689071	0	100	0	0	3
4035	910	0	1.57617188	-0.698996413	-0.713915128	-0.747582998	-0.6922283	0.0488997381	0.296690639	0	100	0	0	3
4040	911	0	1.578125	-0.698996609	-0.713798553	-0.747582998	-0.6922283	0.0483286925	0.296492926	0	100	0	0	3
4045	912	0	1.58007812	-0.699022094	-0.713682583	-0.747582998	-0.6922283	0.047761573	0.296314643	0	100	0	0	3
4050	913	0	1.58203125	-0.699063934	-0.713560329	-0.747582998	-0.6922283	0.0471995337	0.29615075	0	100	0	0	3
4055	914	0	1.58398438	-0.699097299	-0.713433207	-0.747582998	-0.6922283	0.0466534356	0.295988448	0	100	0	0	3
4060	915	0	1.5859375	-0.699122543	-0.713306481	-0.747582998	-0.6922283	0.0461127433	0.295828467	0	100	0	0	3
4065	915	0	1.58789062	-0.699179396	-0.713178374	-0.747582998	-0.6922283	0.0455731897	0.29568914	0	100	0	0	3
4070	916	0	1.58984375	-0.699273446	-0.713045109	-0.747582998	-0.6922283	0.0450474504	0.295570957	0	100	0	0	3
4075	917	0	1.59179688	-0.699770813	-0.712911567	-0.747582998	-0.6922283	0.0445327896	0.295626184	0	100	0	0	3
4080	918	0	1.59375	-0.699935097	-0.712773993	-0.747582998	-0.6922283	0.044015052	0.295536555	0	100	0	0	3
4085	919	0	1.59570312	-0.699956495	-0.712623633	-0.747582998	-0.6922283	0.0435004609	0.295370031	0	100	0	0	3
4090	920	0	1.59765625	-0.700037306	-0.712468059	-0.747582998	-0.6922283	0.0429943637	0.295197964	0	100	0	0	3
4095	921	0	1.59960938	-0.700181687	-0.712312346	-0.747582998	-0.6922283	0.0424929303	0.295014546	0	100	0	0	3
4100	922	0	1.6015625	-0.70032429	-0.712155041	-0.747582998	-0.6922283	0.0419928168	0.294805799	0	100	0	0	3
4105	924	0	1.60351562	-0.700426231	-0.711994942	-0.747582998	-0.6922283	0.0414971225	0.29457072	0	100	0	0	3
4110	925	0	1.60546875	-0.700520809	-0.711828494	-0.747582998	-0.6922283	0.0410091575	0.29432015	0	100	0	0	3
4115	926	0	1.60742188	-0.700661031	-0.711658255	-0.747582998	-0.6922283	0.0405185997	0.294063239	0	100	0	0	3
4120	927	0	1.609375	-0.700842636	-0.711482935	-0.747582998	-0.6922283	0.0400391604	0.293795282	0	100	0	0	3
4125	928	0	1.61132812	-0.701011424	-0.711306813	-0.747582998	-0.6922283	0.0395689151	0.293521236	0	100	0	0	3
4130	929	0	1.61328125	-0.701145091	-0.711130593	-0.747582998	-0.6922283	0.0390989622	0.29327425	0	100	0	0	3
4135	930	0	1.61523438	-0.701281557	-0.710951649	-0.747582998	-0.6922283	0.0386384946	0.293094669	0	100	0	0	3
4140	931	0	1.6171875	-0.701460029	-0.710771481	-0.747241202	-0.6922283	0.0381833251	0.293000141	0	100	0	0	3
4145	932	0	1.61914062	-0.701655962	-0.710595392	-0.747241202	-0.6922283	0.0377183775	0.292969412	0	100	0	0	3
4150	933	0	1.62109375	-0.701821168	-0.71041797	-0.746997182	-0.6922283	0.037258613	0.292965845	0	100	0	0	3
4155	934	0	1.62304688	-0.701957697	-0.710242213	-0.746997182	-0.6922283	0.0368033217	0.292967816	0	100	0	0	3
4160	935	0	1.625	-0.702111959	-0.710067577	-0.746997182	-0.6922283	0.0363581788	0.292973663	0	100	0	0	3
4165	936	0	1.62695312	-0.702320999	-0.709894304	-0.746997182	-0.6922283	0.0359193643	0.292983672	0	100	0	0	3
4170	937	0	1.62890625	-0.702537652	-0.709720634	-0.746559193	-0.6922283	0.0354843594	0.2929696	0	100	0	0	3
4175	938	0	1.63085938	-0.702717908	-0.709549379	-0.746488742	-0.6922283	0.0350508605	0.292911107	0	100	0	0	3
4180	939	0	1.6328125	-0.702868651	-0.709378988	-0.74589367	-0.6922283	0.0346254589	0.292221019	0	100	0	0	3
4185	940	0	1.63476562	-0.703049156	-0.709211626	-0.74502642	-0.6922283	0.0342079322	0.292064841	0	100	0	0	3
4190	941	0	1.63671875	-0.703282412	-0.709048564	-0.744336078	-0.6922283	0.0337957562	0.291902565	0	100	0	0	3
4195	942	0	1.63867188	-0.703515842	-0.70888911	-0.743486184	-0.6922283	0.0333913533	0.291718499	0	100	0	0	3
4200	943	0	1.640625	-0.70371389	-0.708733749	-0.742874793	-0.6922283	0.0329928712	0.291511371	0	100	0	0	3
4205	945	0	1.64257812	-0.703890962	-0.708581469	-0.741956273	-0.6922283	0.0326000908	0.291298706	0	100	0	0	3
4210	946	0	1.64453125	-0.704086134	-0.708433539	-0.741690026	-0.6922283	0.0322172352	0.291097568	0	100	0	0	3
4215	947	0	1.64648438	-0.704296753	-0.708287471	-0.7408845	-0.6922283	0.0318478328	0.290909609	0	100	0	0	3
4220	948	0	1.6484375	-0.704494506	-0.708145323	-0.740689882	-0.6922283	0.0314871814	0.290724332	0	100	0	0	3
4225	948	0	1.65039062	-0.70453651	-0.708004099	-0.739724734	-0.6922283	0.0311401422	0.290481566	0	100	0	0	3
4230	949	0	1.65234375	-0.70404478	-0.707864724	-0.739144941	-0.6922283	0.0307983357	0.290024907	0	100	0	0	3
4235	950	0	1.65429688	-0.70396629	-0.707727307	-0.739013181	-0.6922283	0.0304656199	0.289744627	0	100	0	0	3
4240	951	0	1.65625	-0.704134502	-0.707591062	-0.738682608	-0.6922283	0.0301371448	0.289571955	0	100	0	0	3
4245	952	0	1.65820312	-0.704271559	-0.707456644	-0.737940602	-0.6922283	0.0298158334	0.28938843	0	100	0	0	3
4250	953	0	1.66015625	-0.704395068	-0.707325607	-0.736874028	-0.6922283	0.0295041618	0.289195472	0	100	0	0	3
4255	954	0	1.66210938	-0.704549045	-0.707199337	-0.736773572	-0.6922283	0.0291990112	0.289002198	0	100	0	0	3
4260	955	0	1.6640625	-0.704752375	-0.707074255	-0.736193609	-0.6922283	0.0289006142	0.288811819	0	100	0	0	3
4265	956	0	1.66601562	-0.704967359	-0.706952277	-0.735814905	-0.6922283	0.028600757	0.288616244	0	100	0	0	3
4270	957	0	1.66796875	-0.705168284	-0.706832564	-0.734728336	-0.6922283	0.0283172782	0.288409104	0	100	0	0	3
4275	958	0	1.66992188	-0.705356151	-0.706717829	-0.73402412	-0.6922283	0.0280425678	0.288187216	0	100	0	0	3
4280	959	0	1.671875	-0.705566666	-0.706606667	-0.73379933	-0.6922283	0.0277735221	0.287959149	0	100	0	0	3
4285	960	0	1.67382812	-0.705807315	-0.706497323	-0.733487584	-0.6922283	0.0275072673	0.287726784	0	100	0	0	3
4290	961	0	1.67578125	-0.706033994	-0.706390082	-0.732690304	-0.6922283	0.0272487683	0.287484573	0	100	0	0	3
4295	962	0	1.67773438	-0.706232838	-0.706287147	-0.732690304	-0.6922283	0.0269958349	0.287248736	0	100	0	0	3
4300	963	0	1.6796875	-0.706427307	-0.706184557	-0.732169556	-0.6922283	0.0267498614	0.287048618	0	100	0	0	3
4305	965	0	1.68164062	-0.706649819	-0.706084871	-0.731247223	-0.6922283	0.0265136605	0.286905278	0	100	0	0	3
4310	966	0	1.68359375	-0.706893075	-0.705989738	-0.730886015	-0.6922283	0.0262725017	0.286812173	0	100	0	0	3
4315	967	0	1.68554688	-0.707105098	-0.705896843	-0.730456078	-0.6922283	0.0260413119	0.286737652	0	100	0	0	3
4320	968	0	1.6875	-0.707282168	-0.70580632	-0.729821902	-0.6922283	0.0258144626	0.286665516	0	100	0	0	3
4325	969	0	1.68945312	-0.707459993	-0.705718969	-0.729760057	-0.6922283	0.025596556	0.286595891	0	100	0	0	3
4330	970	0	1.69140625	-0.707688249	-0.705632751	-0.72946811	-0.6922283	0.0253790569	0.286535733	0	100	0	0	3
4335	971	0	1.69335938	-0.707954857	-0.705548715	-0.729264769	-0.6922283	0.0251696158	0.28647127	0	100	0	0	3
4340	972	0	1.6953125	-0.708180282	-0.705466354	-0.728619086	-0.6922283	0.0249622919	0.286369261	0	100	0	0	3
4345	973	0	1.69726562	-0.7083579	-0.705388173	-0.728619086	-0.6922283	0.0247554941	0.286057779	0	100	0	0	3
4350	974	0	1.69921875	-0.708528713	-0.705309695	-0.728208784	-0.6922283	0.0245562069	0.285884708	0	100	0	0	3
4355	975	0	1.70117188	-0.708611856	-0.705233762	-0.728208784	-0.6922283	0.02435429	0.285662016	0	100	0	0	3
4360	976	0	1.703125	-0.708870966	-0.705158223	-0.728022802	-0.6922283	0.0241560508	0.285497132	0	100	0	0	3
4365	977	0	1.70507812	-0.708693381	-0.705082718	-0.727533105	-0.6922283	0.0239606489	0.285148713	0	100	0	0	3
4370	978	0	1.70703125	-0.708871423	-0.705009821	-0.72740303	-0.6922283	0.023768774	0.28494019	0	100	0	0	3
4375	979	0	1.70898438	-0.709027991	-0.704938043	-0.726980448	-0.6922283	0.023572712	0.284723593	0	100	0	0	3
4380	980	0	1.7109375	-0.709185941	-0.704868533	-0.726971313	-0.6922283	0.0233842112	0.284509872	0	100	0	0	3
4385	981	0	1.71289062	-0.709353796	-0.704799715	-0.726350915	-0.6922283	0.0231996323	0.284302258	0	100	0	0	3
4390	982	0	1.71484375	-0.70952516	-0.704733989	-0.725869618	-0.6922283	0.0230108762	0.284098079	0	100	0	0	3
4395	983	0	1.71679688	-0.709673711	-0.704671813	-0.725869618	-0.6922283	0.0228274209	0.283888741	0	100	0	0	3
4400	984	0	1.71875	-0.709783411	-0.704609445	-0.725869618	-0.6922283	0.0226413389	0.283670981	0	100	0	0	3
4405	986	0	1.72070312	-0.709858659	-0.704546902	-0.725190168	-0.6922283	0.0224554469	0.283448633	0	100	0	0	3
4410	987	0	1.72265625	-0.709906013	-0.70448722	-0.725190168	-0.6922283	0.0222705249	0.283224135	0	100	0	0	3
4415	988	0	1.72460938	-0.709943437	-0.704427662	-0.725012881	-0.6922283	0.0220886082	0.283003239	0	100	0	0	3
4420	989	0	1.7265625	-0.710025029	-0.704369116	-0.724916072	-0.6922283	0.0219030521	0.282803683	0	100	0	0	3
4425	990	0	1.72851562	-0.710142726	-0.704313592	-0.724916072	-0.6922283	0.0217208213	0.282623117	0	100	0	0	3
4430	991	0	1.73046875	-0.710235311	-0.704257449	-0.724916072	-0.6922283	0.021531888	0.282437712	0	100	0	0	3
4435	992	0	1.73242188	-0.710284061	-0.704200293	-0.72487571	-0.6922283	0.0213475055	0.282237498	0	100	0	0	3
4440	992	0	1.734375	-0.710329258	-0.704143781	-0.72487571	-0.6922283	0.021157745	0.282034287	0	100	0	0	3
4445	993	0	1.73632812	-0.710419938	-0.704088054	-0.72487571	-0.6922283	0.0209665977	0.281842736	0	100	0	0	3
4450	994	0	1.73828125	-0.710514554	-0.704032499	-0.72487571	-0.6922283	0.0207708201	0.281648168	0	100	0	0	3
4455	995	0	1.74023438	-0.710569407	-0.703976615	-0.724689024	-0.6922283	0.0205714483	0.281437033	0	100	0	0	3
4460	996	0	1.7421875	-0.710589141	-0.703921537	-0.724685266	-0.6922283	0.020379133	0.28121554	0	100	0	0	3
4465	997	0	1.74414062	-0.710361198	-0.70386621	-0.724685266	-0.6922283	0.0201838644	0.280904084	0	100	0	0	3
4470	998	0	1.74609375	-0.709763741	-0.703809213	-0.724685266	-0.6922283	0.019979073	0.280458114	0	100	0	0	3
4475	999	0	1.74804688	-0.709676691	-0.703750586	-0.724615348	-0.6922283	0.0197850697	0.280227358	0	100	0	0	3
4480	1000	0	1.75	-0.709680699	-0.703692248	-0.724247523	-0.6922283	0.0195887506	0.280043225	0	100	0	0	3
4485	1001	0	1.75195312	-0.70967729	-0.703637133	-0.724247523	-0.6922283	0.0193880713	0.279860137	0	100	0	0	3
4490	1002	0	1.75390625	-0.709732374	-0.703580433	-0.723786873	-0.6922283	0.0191868812	0.279696425	0	100	0	0	3
4495	1003	0	1.75585938	-0.709799465	-0.703525795	-0.72306482	-0.6922283	0.0189872572	0.279530964	0	100	0	0	3
4500	1004	0	1.7578125	-0.709811556	-0.703474024	-0.723063154	-0.6922283	0.0187826884	0.279338109	0	100	0	0	3
4505	1007	0	1.75976562	-0.709779579	-0.703424224	-0.723063154	-0.6922283	0.0185721799	0.279122463	0	100	0	0	3
4510	1008	0	1.76171875	-0.709768619	-0.703372292	-0.72286029	-0.6922283	0.0183677473	0.279119289	0	100	0	0	3
4515	1009	0	1.76367188	-0.709839623	-0.70332374	-0.72286029	-0.6922283	0.0181579401	0.278944063	0	100	0	0	3
4520	1010	0	1.765625	-0.70989626	-0.703275592	-0.72286029	-0.6922283	0.017945474	0.278768655	0	100	0	0	3
4525	1011	0	1.76757812	-0.709628149	-0.70322618	-0.72286029	-0.6922283	0.0177253	0.278472107	0	100	0	0	3
4530	1012	0	1.76953125	-0.709583981	-0.70317432	-0.72174517	-0.6922283	0.0175103189	0.278262258	0	100	0	0	3
4535	1013	0	1.77148438	-0.709083079	-0.703124859	-0.721568382	-0.6922283	0.0172898994	0.277871149	0	100	0	0	3
4540	1014	0	1.7734375	-0.709132395	-0.70307628	-0.721456014	-0.6922283	0.0170690212	0.277694991	0	100	0	0	3
4545	1015	0	1.77539062	-0.70900866	-0.703028192	-0.721456014	-0.6922283	0.0168509251	0.277450814	0	100	0	0	3
4550	1016	0	1.77734375	-0.708828048	-0.702978864	-0.721088783	-0.6922283	0.0166261629	0.277183319	0	100	0	0	3
4555	1017	0	1.77929688	-0.708763519	-0.702930718	-0.720767156	-0.6922283	0.0163993749	0.276959722	0	100	0	0	3
4560	1018	0	1.78125	-0.708759476	-0.702885005	-0.720767156	-0.6922283	0.0161724154	0.276759405	0	100	0	0	3
4565	1019	0	1.78320312	-0.708775234	-0.702838162	-0.720716008	-0.6922283	0.0159390577	0.276570797	0	100	0	0	3
4570	1020	0	1.78515625	-0.708718977	-0.70279378	-0.720716008	-0.6922283	0.0157026052	0.276361944	0	100	0	0	3
4575	1021	0	1.78710938	-0.708592191	-0.702748624	-0.720716008	-0.6922283	0.0154624203	0.276134735	0	100	0	0	3
4580	1022	0	1.7890625	-0.708475986	-0.702700811	-0.719888036	-0.6922283	0.0152172882	0.275922006	0	100	0	0	3
4585	1023	0	1.79101562	-0.708430306	-0.702656631	-0.719888036	-0.6922283	0.0149642989	0.275749035	0	100	0	0	3
4590	1024	0	1.79296875	-0.70843656	-0.702611899	-0.719698897	-0.6922283	0.0147148007	0.275609658	0	100	0	0	3
4595	1025	0	1.79492188	-0.708421471	-0.702567846	-0.719497665	-0.6922283	0.0144587074	0.275474722	0	100	0	0	3
4600	1026	0	1.796875	-0.707425991	-0.702520691	-0.719343414	-0.6922283	0.0141931232	0.274968385	0	100	0	0	3
4605	1029	0	1.79882812	-0.707221901	-0.702473342	-0.718439499	-0.6922283	0.013936415	0.2747789	0	100	0	0	3
4610	1030	0	1.80078125	-0.707178368	-0.702429353	-0.718279897	-0.6922283	0.0137355675	0.27466238	0	100	0	0	3
4615	1031	0	1.80273438	-0.707162594	-0.702385926	-0.717576053	-0.6922283	0.0137789945	0.274567906	0	100	0	0	3
4620	1032	0	1.8046875	-0.707165966	-0.702345262	-0.717086757	-0.6922283	0.0138196589	0.274488596	0	100	0	0	3
4625	1033	0	1.80664062	-0.707161369	-0.702306491	-0.717060418	-0.6922283	0.0138584299	0.274405456	0	100	0	0	3
4630	1034	0	1.80859375	-0.707112339	-0.70226856	-0.717060418	-0.6922283	0.0138963608	0.274296936	0	100	0	0	3
4635	1035	0	1.81054688	-0.707042124	-0.702229426	-0.716748461	-0.6922283	0.0139354947	0.274166112	0	100	0	0	3
4640	1036	0	1.8125	-0.706989446	-0.702191305	-0.71627318	-0.6922283	0.0139736159	0.274024411	0	100	0	0	3
4645	1037	0	1.81445312	-0.706999633	-0.70215508	-0.715376222	-0.6922283	0.0140098407	0.273888408	0	100	0	0	3
4650	1038	0	1.81640625	-0.707048754	-0.702122551	-0.714841797	-0.6922283	0.0140423699	0.273751035	0	100	0	0	3
4655	1039	0	1.81835938	-0.70704587	-0.702092098	-0.714351271	-0.6922283	0.0140728227	0.273584587	0	100	0	0	3
4660	1040	0	1.8203125	-0.706991787	-0.70206335	-0.714235431	-0.6922283	0.0141015707	0.27339668	0	100	0	0	3
4665	1041	0	1.82226562	-0.706944106	-0.702034868	-0.713185166	-0.6922283	0.0141300524	0.273213924	0	100	0	0	3
4670	1042	0	1.82421875	-0.706975477	-0.702010611	-0.712931257	-0.6922283	0.014154309	0.273065594	0	100	0	0	3
4675	1043	0	1.82617188	-0.707060621	-0.70199087	-0.712931257	-0.6922283	0.0141740502	0.27294328	0	100	0	0	3
4680	1044	0	1.828125	-0.70708758	-0.701968415	-0.712931257	-0.6922283	0.0141965056	0.273270505	0	100	0	0	3
4685	1045	0	1.83007812	-0.707048375	-0.701945435	-0.711526877	-0.6922283	0.0142194856	0.273146672	0	100	0	0	3
4690	1046	0	1.83203125	-0.707011244	-0.701927796	-0.710788028	-0.6922283	0.0142371248	0.273040931	0	100	0	0	3
4695	1047	0	1.83398438	-0.707065104	-0.701914582	-0.710788028	-0.6922283	0.0142503385	0.272976891	0	100	0	0	3
4700	1048	0	1.8359375	-0.707149765	-0.70190037	-0.710712799	-0.6922283	0.0142645505	0.272929071	0	100	0	0	3
4705	1050	0	1.83789062	-0.707173525	-0.701886545	-0.710589141	-0.6922283	0.0142783758	0.272859927	0	100	0	0	3
4710	1051	0	1.83984375	-0.707144627	-0.701877459	-0.710589141	-0.6922283	0.014287461	0.27276883	0	100	0	0	3
4715	1052	0	1.84179688	-0.707129947	-0.701869715	-0.710589141	-0.6922283	0.0142952054	0.272680149	0	100	0	0	3
4720	1053	0	1.84375	-0.707173509	-0.701858875	-0.710589141	-0.6922283	0.0143060456	0.272611075	0	100	0	0	3
4725	1054	0	1.84570312	-0.707206999	-0.701854115	-0.710589141	-0.6922283	0.0143108055	0.272538413	0	100	0	0	3
4730	1055	0	1.84765625	-0.707197041	-0.70185193	-0.710589141	-0.6922283	0.0143129909	0.272450166	0	100	0	0	3
4735	1056	0	1.84960938	-0.707182074	-0.701848799	-0.710589141	-0.6922283	0.014316122	0.272360001	0	100	0	0	3
4740	1057	0	1.8515625	-0.70717636	-0.701848282	-0.710589141	-0.6922283	0.0143166387	0.272276228	0	100	0	0	3
4745	1058	0	1.85351562	-0.707161137	-0.701850265	-0.710589141	-0.6922283	0.0143166387	0.272196085	0	100	0	0	3
4750	1059	0	1.85546875	-0.707119232	-0.701854006	-0.710589141	-0.6922283	0.0143166387	0.272118016	0	100	0	0	3
4755	1060	0	1.85742188	-0.707069824	-0.701858329	-0.710589141	-0.6922283	0.0143166387	0.2720522	0	100	0	0	3
4760	1061	0	1.859375	-0.70709091	-0.70186534	-0.710589141	-0.6922283	0.0143166387	0.272028483	0	100	0	0	3
4765	1062	0	1.86132812	-0.707109934	-0.701874231	-0.710589141	-0.6922283	0.0143166387	0.272021145	0	100	0	0	3
4770	1063	0	1.86328125	-0.707052753	-0.701886375	-0.710589141	-0.6922283	0.0143166387	0.272003329	0	100	0	0	3
4775	1064	0	1.86523438	-0.706953535	-0.701899328	-0.710589141	-0.6922283	0.0143166387	0.271984923	0	100	0	0	3
4780	1065	0	1.8671875	-0.706911429	-0.701915693	-0.710589141	-0.6922283	0.0143166387	0.272001435	0	100	0	0	3
4785	1066	0	1.86914062	-0.706970183	-0.701931044	-0.710589141	-0.6922283	0.0143166387	0.272069142	0	100	0	0	3
4790	1067	0	1.87109375	-0.706981745	-0.701953678	-0.710589141	-0.6922283	0.0143166387	0.272127236	0	100	0	0	3
4795	1068	0	1.87304688	-0.706888183	-0.701973419	-0.710589141	-0.6922283	0.0143166387	0.272138554	0	100	0	0	3
4800	1069	0	1.875	-0.706759449	-0.701997057	-0.710589141	-0.6922283	0.0143166387	0.272113017	0	100	0	0	3
4805	1071	0	1.87695312	-0.706730726	-0.702025481	-0.710589141	-0.6922283	0.0143166387	0.272088597	0	100	0	0	3
4810	1072	0	1.87890625	-0.706810272	-0.702052658	-0.710589141	-0.6922283	0.0143166387	0.272066556	0	100	0	0	3
4815	1072	0	1.88085938	-0.706814628	-0.70207656	-0.710589141	-0.6922283	0.0143166387	0.271988111	0	100	0	0	3
4820	1073	0	1.8828125	-0.706716975	-0.70210697	-0.710589141	-0.6922283	0.0143166387	0.271854562	0	100	0	0	3
4825	1074	0	1.88476562	-0.70657869	-0.702142534	-0.710589141	-0.6922283	0.0143166387	0.271700227	0	100	0	0	3
4830	1075	0	1.88671875	-0.706560919	-0.702173788	-0.710589141	-0.6922283	0.0143166387	0.271593342	0	100	0	0	3
4835	1076	0	1.88867188	-0.706658503	-0.702203526	-0.710589141	-0.6922283	0.0143166387	0.271538289	0	100	0	0	3
4840	1077	0	1.890625	-0.706651422	-0.702239908	-0.710589141	-0.6922283	0.0143166387	0.271457	0	100	0	0	3
4845	1078	0	1.89257812	-0.706533049	-0.702276436	-0.710589141	-0.6922283	0.0143166387	0.271859928	0	100	0	0	3
4850	1079	0	1.89453125	-0.706392857	-0.7023099	-0.710589141	-0.6922283	0.0143166387	0.27178282	0	100	0	0	3
4855	1080	0	1.89648438	-0.706401525	-0.702346881	-0.710589141	-0.6922283	0.0143166387	0.271781361	0	100	0	0	3
4860	1081	0	1.8984375	-0.706481658	-0.702383409	-0.710589141	-0.6922283	0.0143166387	0.27181954	0	100	0	0	3
4865	1082	0	1.90039062	-0.70645326	-0.702421315	-0.710589141	-0.6922283	0.0143166387	0.27182865	0	100	0	0	3
4870	1083	0	1.90234375	-0.706306821	-0.702460878	-0.710589141	-0.6922283	0.0143166387	0.271804075	0	100	0	0	3
4875	1084	0	1.90429688	-0.706167575	-0.702495903	-0.710589141	-0.6922283	0.0143166387	0.271779858	0	100	0	0	3
4880	1085	0	1.90625	-0.706170345	-0.702530908	-0.710589141	-0.6922283	0.0143166387	0.271802734	0	100	0	0	3
4885	1086	0	1.90820312	-0.70619474	-0.702567171	-0.710589141	-0.6922283	0.0143166387	0.271831135	0	100	0	0	3
4890	1087	0	1.91015625	-0.705845047	-0.702604597	-0.710589141	-0.6922283	0.0143166387	0.271715561	0	100	0	0	3
4895	1088	0	1.91210938	-0.70539679	-0.702640419	-0.710589141	-0.6922283	0.0143166387	0.271561799	0	100	0	0	3
4900	1089	0	1.9140625	-0.705134139	-0.702676296	-0.710589141	-0.6922283	0.0143166387	0.271476648	0	100	0	0	3
4905	1092	0	1.91601562	-0.705152087	-0.702714779	-0.710589141	-0.6922283	0.0143166387	0.271496844	0	100	0	0	3
4910	1093	0	1.91796875	-0.704877674	-0.702751962	-0.710589141	-0.6922283	0.0143166387	0.271405891	0	100	0	0	3
4915	1094	0	1.91992188	-0.704601341	-0.702788706	-0.710589141	-0.6922283	0.0143166387	0.27131897	0	100	0	0	3
4920	1095	0	1.921875	-0.704376903	-0.702825608	-0.710589141	-0.6922283	0.0143166387	0.271262212	0	100	0	0	3
4925	1096	0	1.92382812	-0.704243082	-0.702863514	-0.710589141	-0.6922283	0.0143166387	0.271255598	0	100	0	0	3
4930	1097	0	1.92578125	-0.704213774	-0.702902798	-0.710589141	-0.6922283	0.0143166387	0.271306665	0	100	0	0	3
4935	1098	0	1.92773438	-0.704119238	-0.702941138	-0.710589141	-0.6922283	0.0143166387	0.271352516	0	100	0	0	3
4940	1099	0	1.9296875	-0.703890487	-0.702980583	-0.710589141	-0.6922283	0.0143166387	0.271361092	0	100	0	0	3
4945	1100	0	1.93164062	-0.703380326	-0.70301581	-0.710589141	-0.6922283	0.0143166387	0.271268472	0	100	0	0	3
4950	1101	0	1.93359375	-0.703260498	-0.70305135	-0.710589141	-0.6922283	0.0143166387	0.271334819	0	100	0	0	3
4955	1102	0	1.93554688	-0.702391244	-0.703083939	-0.710589141	-0.6922283	0.0143166387	0.271123908	0	100	0	0	3
4960	1103	0	1.9375	-0.701707059	-0.703114137	-0.710589141	-0.6922283	0.0143166387	0.270987148	0	100	0	0	3
4965	1104	0	1.93945312	-0.700914374	-0.703142454	-0.710589141	-0.6922283	0.0143166387	0.270791289	0	100	0	0	3
4970	1105	0	1.94140625	-0.700660748	-0.703170903	-0.710589141	-0.6922283	0.0143166387	0.270767839	0	100	0	0	3
4975	1106	0	1.94335938	-0.70053939	-0.703199688	-0.710589141	-0.6922283	0.0143166387	0.270753402	0	100	0	0	3
4980	1107	0	1.9453125	-0.700411053	-0.703227283	-0.710589141	-0.6922283	0.0143166387	0.270703584	0	100	0	0	3
4985	1108	0	1.94726562	-0.700172425	-0.70325403	-0.710589141	-0.6922283	0.0143166387	0.270590379	0	100	0	0	3
4990	1109	0	1.94921875	-0.699876816	-0.703279415	-0.710589141	-0.6922283	0.0143166387	0.270444483	0	100	0	0	3
4995	1110	0	1.95117188	-0.69965443	-0.703304406	-0.710589141	-0.6922283	0.0143166387	0.27032352	0	100	0	0	3
5000	1111	0	1.953125	-0.699522605	-0.703328307	-0.710589141	-0.6922283	0.0143166387	0.270242284	0	100	0	0	3
5005	1113	0	1.95507812	-0.699332553	-0.703351316	-0.710589141	-0.6922283	0.0143166387	0.270153533	0	100	0	0	3
5010	1114	0	1.95703125	-0.699030581	-0.703373189	-0.710589141	-0.6922283	0.0143166387	0.270039995	0	100	0	0	3
5015	1115	0	1.95898438	-0.698705373	-0.703392867	-0.710589141	-0.6922283	0.0143166387	0.270324731	0	100	0	0	3
5020	1116	0	1.9609375	-0.698500692	-0.703412335	-0.710589141	-0.6922283	0.0143166387	0.270299211	0	100	0	0	3
5025	1117	0	1.96289062	-0.698358147	-0.70343033	-0.710589141	-0.6922283	0.0143166387	0.270307459	0	100	0	0	3
5030	1118	0	1.96484375	-0.698111475	-0.703448297	-0.710589141	-0.6922283	0.0143166387	0.270291135	0	100	0	0	3
5035	1119	0	1.96679688	-0.697746196	-0.703464844	-0.710589141	-0.6922283	0.0143166387	0.270243577	0	100	0	0	3
5040	1120	0	1.96875	-0.697406142	-0.703480617	-0.710589141	-0.6922283	0.0143166387	0.270206637	0	100	0	0	3
5045	1121	0	1.97070312	-0.697220141	-0.703496573	-0.710589141	-0.6922283	0.0143166387	0.270221803	0	100	0	0	3
5050	1122	0	1.97265625	-0.697054897	-0.703511717	-0.710589141	-0.6922283	0.0143166387	0.27024048	0	100	0	0	3
5055	1123	0	1.97460938	-0.696770082	-0.703526437	-0.710589141	-0.6922283	0.0143166387	0.270213065	0	100	0	0	3
5060	1124	0	1.9765625	-0.696422821	-0.703540609	-0.710589141	-0.6922283	0.0143166387	0.270160742	0	100	0	0	3
5065	1125	0	1.97851562	-0.69610928	-0.703554032	-0.710589141	-0.6922283	0.0143166387	0.270117986	0	100	0	0	3
5070	1126	0	1.98046875	-0.695929203	-0.703566364	-0.710589141	-0.6922283	0.0143166387	0.270120999	0	100	0	0	3
5075	1127	0	1.98242188	-0.695747773	-0.703578423	-0.710589141	-0.6922283	0.0143166387	0.270120213	0	100	0	0	3
5080	1128	0	1.984375	-0.695451978	-0.703590164	-0.710589141	-0.6922283	0.0143166387	0.270076089	0	100	0	0	3
5085	1129	0	1.98632812	-0.69512004	-0.70360146	-0.710589141	-0.692920013	0.0143166387	0.270021102	0	100	0	0	3
5090	1130	0	1.98828125	-0.694849869	-0.703608135	-0.710589141	-0.692920013	0.0143166387	0.269996837	0	100	0	0	3
5095	1131	0	1.99023438	-0.694792773	-0.703615451	-0.710589141	-0.693206755	0.0143166387	0.270062968	0	100	0	0	3
5100	1132	0	1.9921875	-0.694347058	-0.703619905	-0.710589141	-0.693858337	0.0143166387	0.269986449	0	100	0	0	3
5105	1134	0	1.99414062	-0.693960811	-0.703620305	-0.710589141	-0.693960811	0.0143166387	0.269940476	0	100	0	0	3
5110	1135	0	1.99609375	-0.693757046	-0.703617252	-0.710589141	-0.693757046	0.0143119671	0.269968933	0	100	0	0	3
5115	1136	0	1.99804688	-0.693636356	-0.70361359	-0.710589141	-0.693636356	0.0143073118	0.270034432	0	100	0	0	3
5120	1137	0	2	-0.693207178	-0.703606995	-0.710589141	-0.693207178	0.0143002075	0.269987823	0	100	0	0	3
5125	1138	0	2.00195312	-0.692845313	-0.703600309	-0.710589141	-0.692845313	0.0142852798	0.269972389	0	100	0	0	3
5130	1139	0	2.00390625	-0.69260168	-0.703593583	-0.710589141	-0.69260168	0.0142715848	0.269996376	0	100	0	0	3
5135	1140	0	2.00585938	-0.692431328	-0.703586925	-0.710589141	-0.692431328	0.0142527162	0.270029971	0	100	0	0	3
5140	1141	0	2.0078125	-0.692006836	-0.703579092	-0.710589141	-0.692006836	0.0142295194	0.269939587	0	100	0	0	3
5145	1142	0	2.00976562	-0.691363351	-0.703568813	-0.710589141	-0.691363351	0.0142111302	0.269741552	0	100	0	0	3
5150	1143	0	2.01171875	-0.691567301	-0.703557339	-0.710589141	-0.691363351	0.0141929106	0.269857013	0	100	0	0	3
5155	1144	0	2.01367188	-0.690894992	-0.703542492	-0.710589141	-0.690894992	0.0141687093	0.269617056	0	100	0	0	3
5160	1145	0	2.015625	-0.690594588	-0.703526542	-0.710589141	-0.690594588	0.0141439522	0.269518965	0	100	0	0	3
5165	1146	0	2.01757812	-0.690721048	-0.703511397	-0.710589141	-0.690594588	0.014113799	0.269595267	0	100	0	0	3
5170	1147	0	2.01953125	-0.690442518	-0.703495119	-0.710589141	-0.690442518	0.0140763478	0.269525672	0	100	0	0	3
5175	1148	0	2.02148438	-0.689690227	-0.70347673	-0.710589141	-0.689690227	0.0140407155	0.26928031	0	100	0	0	3
5180	1149	0	2.0234375	-0.689485344	-0.703456704	-0.710589141	-0.689485344	0.0140031137	0.269383061	0	100	0	0	3
5185	1150	0	2.02539062	-0.688863587	-0.703433027	-0.710589141	-0.688863587	0.0139592521	0.269208482	0	100	0	0	3
5190	1151	0	2.02734375	-0.688939638	-0.70340413	-0.710589141	-0.688863587	0.0139176453	0.269317097	0	100	0	0	3
5195	1152	0	2.02929688	-0.688457552	-0.703373084	-0.710589141	-0.688457552	0.0138752305	0.269216724	0	100	0	0	3
5200	1153	0	2.03125	-0.68769421	-0.7033396	-0.710589141	-0.68769421	0.0138232018	0.269009681	0	100	0	0	3
5205	1156	0	2.03320312	-0.68719127	-0.703304698	-0.710589141	-0.68719127	0.0137685045	0.268904383	0	100	0	0	3
5210	1157	0	2.03515625	-0.686734189	-0.70326827	-0.710589141	-0.686734189	0.0137164419	0.268818973	0	100	0	0	3
5215	1158	0	2.03710938	-0.686339874	-0.70323042	-0.710589141	-0.686339874	0.013656208	0.268760887	0	100	0	0	3
5220	1159	0	2.0390625	-0.685227553	-0.703188535	-0.710589141	-0.685227553	0.0135943908	0.268421086	0	100	0	0	3
5225	1160	0	2.04101562	-0.684881148	-0.703145776	-0.710589141	-0.684881148	0.0135359178	0.268375665	0	100	0	0	3
5230	1161	0	2.04296875	-0.684053337	-0.703093956	-0.710589141	-0.684053337	0.0134739001	0.268135741	0	100	0	0	3
5235	1162	0	2.04492188	-0.684173896	-0.70304155	-0.710589141	-0.684053337	0.0134116268	0.26826599	0	100	0	0	3
5240	1163	0	2.046875	-0.683087091	-0.702982011	-0.710589141	-0.683087091	0.013346438	0.267920902	0	100	0	0	3
5245	1164	0	2.04882812	-0.682704955	-0.702917665	-0.710589141	-0.682704955	0.0132786643	0.267847468	0	100	0	0	3
5250	1165	0	2.05078125	-0.681894925	-0.702850414	-0.710589141	-0.681894925	0.0132094208	0.267599621	0	100	0	0	3
5255	1166	0	2.05273438	-0.681597411	-0.702782196	-0.710589141	-0.681597411	0.0131332773	0.267551683	0	100	0	0	3
5260	1167	0	2.0546875	-0.681626991	-0.702714066	-0.710589141	-0.681597411	0.0130549781	0.267632064	0	100	0	0	3
5265	1168	0	2.05664062	-0.68099254	-0.702643377	-0.710589141	-0.68099254	0.0129716053	0.267449618	0	100	0	0	3
5270	1169	0	2.05859375	-0.679991252	-0.702568876	-0.710589141	-0.679991252	0.0128864599	0.267119749	0	100	0	0	3
5275	1170	0	2.06054688	-0.680052869	-0.702494824	-0.710589141	-0.679991252	0.0127946642	0.267209469	0	100	0	0	3
5280	1171	0	2.0625	-0.678953753	-0.702416568	-0.710589141	-0.678953753	0.0127017151	0.266847856	0	100	0	0	3
5285	1172	0	2.06445312	-0.67775124	-0.702333553	-0.710589141	-0.67775124	0.0126028784	0.266450806	0	100	0	0	3
5290	1173	0	2.06640625	-0.677433146	-0.702249277	-0.710589141	-0.677433146	0.0125014577	0.266400795	0	100	0	0	3
5295	1174	0	2.06835938	-0.677230768	-0.702164332	-0.710589141	-0.677230768	0.0123971788	0.266390029	0	100	0	0	3
5300	1175	0	2.0703125	-0.676721083	-0.702077509	-0.710589141	-0.676721083	0.012290194	0.266252405	0	100	0	0	3
5305	1177	0	2.07226562	-0.675955203	-0.701987638	-0.710589141	-0.675955203	0.0121811996	0.266008856	0	100	0	0	3
5310	1178	0	2.07421875	-0.675911575	-0.701897495	-0.710589141	-0.675911575	0.012066846	0.2660438	0	100	0	0	3
5315	1179	0	2.07617188	-0.675191516	-0.701804507	-0.710589141	-0.675191516	0.0119940456	0.265803649	0	100	0	0	3
5320	1180	0	2.078125	-0.674865418	-0.701710245	-0.710589141	-0.674865418	0.011972338	0.26571489	0	100	0	0	3
5325	1181	0	2.08007812	-0.674616322	-0.70161491	-0.710589141	-0.674616322	0.0119454197	0.265660962	0	100	0	0	3
5330	1182	0	2.08203125	-0.673943496	-0.701516783	-0.710589141	-0.673943496	0.011916424	0.265447183	0	100	0	0	3
5335	1184	0	2.08398438	-0.673574824	-0.701417086	-0.710589141	-0.673574824	0.0118893956	0.265357492	0	100	0	0	3
5340	1185	0	2.0859375	-0.6739503	-0.701318757	-0.710589141	-0.673574824	0.0118596169	0.265560282	0	100	0	0	3
5345	1186	0	2.08789062	-0.673154671	-0.701217098	-0.710589141	-0.673154671	0.0118280114	0.265189532	0	100	0	0	3
5350	1187	0	2.08984375	-0.672389676	-0.701112083	-0.710589141	-0.672389676	0.0117994841	0.264943034	0	100	0	0	3
5355	1188	0	2.09179688	-0.671981303	-0.70100353	-0.710589141	-0.671981303	0.0117704633	0.264836293	0	100	0	0	3
5360	1189	0	2.09375	-0.671470273	-0.700892339	-0.710589141	-0.671470273	0.0117312939	0.264686108	0	100	0	0	3
5365	1190	0	2.09570312	-0.671566442	-0.700781441	-0.710589141	-0.671470273	0.0116866186	0.264772977	0	100	0	0	3
5370	1191	0	2.09765625	-0.670916853	-0.700667689	-0.710589141	-0.670916853	0.0116446574	0.264566747	0	100	0	0	3
5375	1192	0	2.09960938	-0.670597251	-0.700552125	-0.710589141	-0.670597251	0.0116029162	0.264494632	0	100	0	0	3
5380	1193	0	2.1015625	-0.670206913	-0.700434479	-0.710589141	-0.670206913	0.0115604637	0.264396913	0	100	0	0	3
5385	1194	0	2.10351562	-0.669593874	-0.70031404	-0.710589141	-0.669593874	0.0115144537	0.264208921	0	100	0	0	3
5390	1195	0	2.10546875	-0.669277872	-0.700191997	-0.710589141	-0.669277872	0.0114662581	0.264133832	0	100	0	0	3
5395	1196	0	2.10742188	-0.668627459	-0.700066866	-0.710589141	-0.668627459	0.0114160689	0.263926483	0	100	0	0	3
5400	1197	0	2.109375	-0.668621143	-0.699941001	-0.710589141	-0.668621143	0.0113658127	0.263974793	0	100	0	0	3
5405	1199	0	2.11132812	-0.667813217	-0.69981132	-0.710589141	-0.667813217	0.011319273	0.263703604	0	100	0	0	3
5410	1200	0	2.11328125	-0.667287677	-0.699679065	-0.710589141	-0.667287677	0.0112725841	0.26353572	0	100	0	0	3
5415	1201	0	2.11523438	-0.667020169	-0.699545231	-0.710589141	-0.667020169	0.0112262498	0.263462037	0	100	0	0	3
5420	1202	0	2.1171875	-0.666852084	-0.699410044	-0.710589141	-0.666852084	0.0111853478	0.26342518	0	100	0	0	3
5425	1203	0	2.11914062	-0.666280299	-0.699271858	-0.710589141	-0.666280299	0.011146112	0.263226661	0	100	0	0	3
5430	1204	0	2.12109375	-0.665207794	-0.699128837	-0.710589141	-0.665207794	0.0111133765	0.26282494	0	100	0	0	3
5435	1205	0	2.12304688	-0.664923767	-0.698984173	-0.710589141	-0.664923767	0.0110834039	0.262726952	0	100	0	0	3
5440	1206	0	2.125	-0.664370172	-0.698836744	-0.710589141	-0.664370172	0.0110575598	0.262515474	0	100	0	0	3
5445	1207	0	2.12695312	-0.664006304	-0.698687077	-0.710589141	-0.664006304	0.0110335566	0.262374294	0	100	0	0	3
5450	1208	0	2.12890625	-0.663194813	-0.698533394	-0.710589141	-0.663194813	0.0110159845	0.262049429	0	100	0	0	3
5455	1209	0	2.13085938	-0.663341524	-0.69837958	-0.710589141	-0.663194813	0.0109994075	0.262095895	0	100	0	0	3
5460	1210	0	2.1328125	-0.662584125	-0.698222219	-0.710589141	-0.662584125	0.0109894076	0.261779056	0	100	0	0	3
5465	1211	0	2.13476562	-0.662450489	-0.69806363	-0.710589141	-0.662450489	0.0109849336	0.261713873	0	100	0	0	3
5470	1212	0	2.13671875	-0.662184543	-0.697903092	-0.710589141	-0.662184543	0.0109860181	0.261608604	0	100	0	0	3
5475	1213	0	2.13867188	-0.661386377	-0.697738524	-0.710589141	-0.661386377	0.0109952258	0.261305637	0	100	0	0	3
5480	1214	0	2.140625	-0.660831077	-0.697571013	-0.710589141	-0.660831077	0.0110104562	0.261107738	0	100	0	0	3
5485	1215	0	2.14257812	-0.660708942	-0.697402333	-0.710589141	-0.660708942	0.0110312057	0.261089138	0	100	0	0	3
5490	1216	0	2.14453125	-0.660525923	-0.697232176	-0.710589141	-0.660525923	0.0110552953	0.26105562	0	100	0	0	3
5495	1217	0	2.14648438	-0.65978956	-0.69705832	-0.710589141	-0.65978956	0.0110870031	0.260809013	0	100	0	0	3
5500	1218	0	2.1484375	-0.658545186	-0.69687883	-0.710589141	-0.658545186	0.0111252685	0.260360128	0	100	0	0	3
5505	1220	0	2.15039062	-0.658954246	-0.696700774	-0.710589141	-0.658545186	0.0111639494	0.260558788	0	100	0	0	3
5510	1222	0	2.15234375	-0.658665611	-0.696523512	-0.710589141	-0.658545186	0.0112037952	0.260474896	0	100	0	0	3
5515	1223	0	2.15429688	-0.657816394	-0.696343239	-0.710589141	-0.657816394	0.0112478234	0.259908057	0	100	0	0	3
5520	1224	0	2.15625	-0.657780361	-0.696162168	-0.710589141	-0.657780361	0.0112944761	0.259900602	0	100	0	0	3
5525	1225	0	2.15820312	-0.656911572	-0.695977168	-0.710589141	-0.656911572	0.0113484388	0.259552548	0	100	0	0	3
5530	1226	0	2.16015625	-0.656302553	-0.695789307	-0.710589141	-0.656302553	0.0114100307	0.259300076	0	100	0	0	3
5535	1227	0	2.16210938	-0.65644711	-0.695601409	-0.710589141	-0.656302553	0.0114728461	0.25934552	0	100	0	0	3
5540	1228	0	2.1640625	-0.655578515	-0.695409323	-0.710589141	-0.655578515	0.011542954	0.25899454	0	100	0	0	3
5545	1229	0	2.16601562	-0.655253673	-0.695215129	-0.710589141	-0.655253673	0.0116174347	0.258860605	0	100	0	0	3
5550	1230	0	2.16796875	-0.65499437	-0.695019137	-0.710589141	-0.65499437	0.0116986915	0.258749572	0	100	0	0	3
5555	1231	0	2.16992188	-0.654602211	-0.69482088	-0.710589141	-0.654602211	0.0117857871	0.258584191	0	100	0	0	3
5560	1232	0	2.171875	-0.654110202	-0.694619878	-0.710589141	-0.654110202	0.0118774451	0.25838253	0	100	0	0	3
5565	1233	0	2.17382812	-0.653650535	-0.69441614	-0.710589141	-0.653650535	0.011973942	0.258198337	0	100	0	0	3
5570	1234	0	2.17578125	-0.653334046	-0.694210281	-0.710589141	-0.653334046	0.012076866	0.258071284	0	100	0	0	3
5575	1235	0	2.17773438	-0.652850892	-0.694001758	-0.710589141	-0.652850892	0.0121827994	0.257872906	0	100	0	0	3
5580	1236	0	2.1796875	-0.652595113	-0.693791476	-0.710589141	-0.652595113	0.0122933949	0.257760037	0	100	0	0	3
5585	1237	0	2.18164062	-0.652253778	-0.693578991	-0.710589141	-0.652253778	0.0124107461	0.257610814	0	100	0	0	3
5590	1238	0	2.18359375	-0.651963961	-0.693364425	-0.710589141	-0.651963961	0.0125324187	0.257476519	0	100	0	0	3
5595	1239	0	2.18554688	-0.651550919	-0.693147416	-0.710589141	-0.651550919	0.0126589041	0.257281364	0	100	0	0	3
5600	1240	0	2.1875	-0.651121457	-0.692928038	-0.710589141	-0.651121457	0.0127909307	0.257064256	0	100	0	0	3
5605	1242	0	2.18945312	-0.65117393	-0.692708171	-0.710589141	-0.651121457	0.0129245802	0.257029423	0	100	0	0	3
5610	1244	0	2.19140625	-0.650663675	-0.692485419	-0.710589141	-0.650663675	0.0130632963	0.256769129	0	100	0	0	3
5615	1245	0	2.19335938	-0.650384904	-0.692260536	-0.710589141	-0.650384904	0.0132058176	0.256594263	0	100	0	0	3
5620	1246	0	2.1953125	-0.649729745	-0.692032214	-0.710589141	-0.649729745	0.0133559598	0.256259837	0	100	0	0	3
5625	1247	0	2.19726562	-0.649658803	-0.69180292	-0.710589141	-0.649658803	0.0135067752	0.256148836	0	100	0	0	3
5630	1248	0	2.19921875	-0.649241914	-0.691571331	-0.710589141	-0.649241914	0.0136624305	0.255906687	0	100	0	0	3
5635	1249	0	2.20117188	-0.649320052	-0.691339723	-0.710589141	-0.649241914	0.0138185008	0.255877244	0	100	0	0	3
5640	1250	0	2.203125	-0.648757257	-0.691104903	-0.710589141	-0.648757257	0.0139778144	0.25561489	0	100	0	0	3
5645	1251	0	2.20507812	-0.648022734	-0.690867909	-0.710589141	-0.648022734	0.0141419119	0.255300765	0	100	0	0	3
5650	1252	0	2.20703125	-0.648286043	-0.690631247	-0.710589141	-0.648022734	0.0143067961	0.255394871	0	100	0	0	3
5655	1253	0	2.20898438	-0.6478456	-0.690392253	-0.710589141	-0.6478456	0.01447628	0.255223545	0	100	0	0	3
5660	1254	0	2.2109375	-0.647297734	-0.690150502	-0.710589141	-0.647297734	0.0146492124	0.255016236	0	100	0	0	3
5665	1255	0	2.21289062	-0.646945229	-0.689906719	-0.710589141	-0.646945229	0.0148272702	0.254883676	0	100	0	0	3
5670	1256	0	2.21484375	-0.646425666	-0.689660237	-0.710589141	-0.646425666	0.0150115759	0.254677355	0	100	0	0	3
5675	1257	0	2.21679688	-0.646213749	-0.689412346	-0.710589141	-0.646213749	0.0151970989	0.254586384	0	100	0	0	3
5680	1258	0	2.21875	-0.646202306	-0.689163982	-0.710589141	-0.646202306	0.0153829198	0.254298047	0	100	0	0	3
5685	1259	0	2.22070312	-0.645665377	-0.688913227	-0.710589141	-0.645665377	0.0155739925	0.254052674	0	100	0	0	3
5690	1260	0	2.22265625	-0.645221644	-0.688660554	-0.710589141	-0.645221644	0.0157671083	0.253826893	0	100	0	0	3
5695	1261	0	2.22460938	-0.644890183	-0.68840644	-0.710589141	-0.644890183	0.0159626763	0.253637147	0	100	0	0	3
5700	1262	0	2.2265625	-0.644667174	-0.688151136	-0.710589141	-0.644667174	0.0161624566	0.253488384	0	100	0	0	3
5705	1264	0	2.22851562	-0.644343644	-0.687894108	-0.710589141	-0.644343644	0.0163633407	0.253300322	0	100	0	0	3
5710	1265	0	2.23046875	-0.644002572	-0.687635386	-0.710589141	-0.644002572	0.0165649061	0.253106077	0	100	0	0	3
5715	1266	0	2.23242188	-0.644087741	-0.687376807	-0.710589141	-0.644002572	0.0167669741	0.253077439	0	100	0	0	3
5720	1267	0	2.234375	-0.643935783	-0.687117458	-0.710589141	-0.643935783	0.0169705967	0.252955609	0	100	0	0	3
5725	1268	0	2.23632812	-0.643251999	-0.686855083	-0.710589141	-0.643251999	0.017177416	0.252628185	0	100	0	0	3
5730	1269	0	2.23828125	-0.642943711	-0.686591134	-0.710589141	-0.642943711	0.0173854806	0.252452364	0	100	0	0	3
5735	1270	0	2.24023438	-0.642831517	-0.686326533	-0.710589141	-0.642831517	0.0175950041	0.252353889	0	100	0	0	3
5740	1271	0	2.2421875	-0.642677623	-0.686061254	-0.710361198	-0.642677623	0.0178049567	0.252237385	0	100	0	0	3
5745	1272	0	2.24414062	-0.642367277	-0.685795652	-0.70989626	-0.642367277	0.0180135609	0.252060341	0	100	0	0	3
5750	1274	0	2.24609375	-0.642260691	-0.685531969	-0.70989626	-0.642260691	0.0182186174	0.251964306	0	100	0	0	3
5755	1275	0	2.24804688	-0.641965365	-0.685267471	-0.70989626	-0.641965365	0.0184247763	0.251789059	0	100	0	0	3
5760	1276	0	2.25	-0.6417847	-0.685002253	-0.70989626	-0.6417847	0.0186348801	0.251646229	0	100	0	0	3
5765	1277	0	2.25195312	-0.641845936	-0.684737286	-0.70989626	-0.6417847	0.0188830188	0.251586182	0	100	0	0	3
5770	1278	0	2.25390625	-0.641384262	-0.684470302	-0.70989626	-0.641384262	0.0191500037	0.251314043	0	100	0	0	3
5775	1279	0	2.25585938	-0.640974432	-0.684201454	-0.70989626	-0.640974432	0.0194188514	0.251059058	0	100	0	0	3
5780	1280	0	2.2578125	-0.640733154	-0.683931616	-0.70989626	-0.640733154	0.0196886889	0.250863793	0	100	0	0	3
5785	1281	0	2.25976562	-0.640770779	-0.683662051	-0.70989626	-0.640733154	0.0199582546	0.25076664	0	100	0	0	3
5790	1282	0	2.26171875	-0.640380534	-0.683391003	-0.70989626	-0.640380534	0.0202293018	0.250494354	0	100	0	0	3
5795	1283	0	2.26367188	-0.640365098	-0.683119619	-0.70989626	-0.640365098	0.0205006866	0.25037178	0	100	0	0	3
5800	1284	0	2.265625	-0.640742156	-0.682849485	-0.709628149	-0.640365098	0.0207708199	0.250416556	0	100	0	0	3
5805	1286	0	2.26757812	-0.640263202	-0.682578528	-0.709583981	-0.640263202	0.0210417767	0.25014381	0	100	0	0	3
5810	1287	0	2.26953125	-0.639732075	-0.682305669	-0.709132395	-0.639732075	0.0213146357	0.249869466	0	100	0	0	3
5815	1288	0	2.27148438	-0.639636822	-0.682034395	-0.709132395	-0.639636822	0.0215859101	0.249784326	0	100	0	0	3
5820	1289	0	2.2734375	-0.63990703	-0.681763983	-0.70900866	-0.639636822	0.0218563217	0.249856713	0	100	0	0	3
5825	1290	0	2.27539062	-0.639834418	-0.681493772	-0.708828048	-0.639636822	0.0221265336	0.24980198	0	100	0	0	3
5830	1291	0	2.27734375	-0.639565967	-0.681223217	-0.708775234	-0.639565967	0.0223970886	0.249668702	0	100	0	0	3
5835	1292	0	2.27929688	-0.639217063	-0.680951551	-0.708775234	-0.639217063	0.0226687544	0.249498534	0	100	0	0	3
5840	1293	0	2.28125	-0.639266126	-0.680680092	-0.708775234	-0.639217063	0.0229402128	0.249478345	0	100	0	0	3
5845	1294	0	2.28320312	-0.639076087	-0.68040783	-0.708718977	-0.639076087	0.0232124751	0.249358165	0	100	0	0	3
5850	1295	0	2.28515625	-0.638430051	-0.680133264	-0.708592191	-0.638430051	0.0234870412	0.248850299	0	100	0	0	3
5855	1296	0	2.28710938	-0.638668652	-0.679860125	-0.708475986	-0.638430051	0.0237601801	0.248865677	0	100	0	0	3
5860	1297	0	2.2890625	-0.638938229	-0.679588493	-0.70843656	-0.638430051	0.0240318119	0.24888601	0	100	0	0	3
5865	1299	0	2.29101562	-0.63854103	-0.679315488	-0.70843656	-0.638430051	0.0243048169	0.248643701	0	100	0	0	3
5870	1300	0	2.29296875	-0.638188722	-0.679041083	-0.708421471	-0.638188722	0.0245792225	0.248416614	0	100	0	0	3
5875	1301	0	2.29492188	-0.638047766	-0.678766185	-0.707425991	-0.638047766	0.0248541198	0.24827019	0	100	0	0	3
5880	1302	0	2.296875	-0.638159712	-0.678495614	-0.707221901	-0.638047766	0.0251246912	0.24822122	0	100	0	0	3
5885	1303	0	2.29882812	-0.637825066	-0.678224533	-0.707206999	-0.637825066	0.0253957726	0.248001087	0	100	0	0	3
5890	1304	0	2.30078125	-0.637830442	-0.677953642	-0.707206999	-0.637825066	0.0256666629	0.247916838	0	100	0	0	3
5895	1305	0	2.30273438	-0.637523503	-0.677681615	-0.707206999	-0.637523503	0.0259386906	0.247712849	0	100	0	0	3
5900	1306	0	2.3046875	-0.637302309	-0.67740871	-0.707206999	-0.637302309	0.0262115955	0.247541916	0	100	0	0	3
5905	1309	0	2.30664062	-0.637406523	-0.67713623	-0.707206999	-0.637302309	0.0264840754	0.24749872	0	100	0	0	3
5910	1310	0	2.30859375	-0.63734096	-0.676863685	-0.707206999	-0.637302309	0.0267566199	0.247392357	0	100	0	0	3
5915	1311	0	2.31054688	-0.637018183	-0.676590154	-0.707206999	-0.637018183	0.0270301509	0.247187229	0	100	0	0	3
5920	1312	0	2.3125	-0.636031955	-0.676312977	-0.707206999	-0.636031955	0.0273073286	0.246721915	0	100	0	0	3
5925	1313	0	2.31445312	-0.636129599	-0.676036141	-0.707206999	-0.636031955	0.0275841646	0.246670858	0	100	0	0	3
5930	1314	0	2.31640625	-0.63656827	-0.675760826	-0.707206999	-0.636031955	0.027859479	0.246746423	0	100	0	0	3
5935	1315	0	2.31835938	-0.636326311	-0.675484578	-0.707206999	-0.636031955	0.0281357273	0.246554921	0	100	0	0	3
5940	1316	0	2.3203125	-0.636016117	-0.675207329	-0.707206999	-0.636016117	0.028412976	0.246334538	0	100	0	0	3
5945	1317	0	2.32226562	-0.636370392	-0.674931651	-0.707206999	-0.636016117	0.0286886546	0.246366063	0	100	0	0	3
5950	1318	0	2.32421875	-0.635906662	-0.674654038	-0.707206999	-0.635906662	0.0289662672	0.246071738	0	100	0	0	3
5955	1319	0	2.32617188	-0.636346309	-0.67437781	-0.707206999	-0.635906662	0.0292424949	0.246123489	0	100	0	0	3
5960	1320	0	2.328125	-0.63608299	-0.674100449	-0.707206999	-0.635906662	0.0295198566	0.245904387	0	100	0	0	3
5965	1321	0	2.33007812	-0.635624543	-0.673821449	-0.707206999	-0.635624543	0.029798856	0.245616475	0	100	0	0	3
5970	1322	0	2.33203125	-0.636021963	-0.673544147	-0.707206999	-0.635624543	0.0300761578	0.245669134	0	100	0	0	3
5975	1323	0	2.33398438	-0.635721407	-0.673265461	-0.707206999	-0.635624543	0.0303548442	0.24546492	0	100	0	0	3
5980	1324	0	2.3359375	-0.636141723	-0.672988086	-0.707206999	-0.635624543	0.0306322193	0.24555563	0	100	0	0	3
5985	1325	0	2.33789062	-0.635554494	-0.672708324	-0.707206999	-0.635554494	0.0309119812	0.245269593	0	100	0	0	3
5990	1326	0	2.33984375	-0.635885926	-0.67242997	-0.707206999	-0.635554494	0.0311903355	0.245345413	0	100	0	0	3
5995	1327	0	2.34179688	-0.635709077	-0.672150982	-0.707206999	-0.635554494	0.0314693232	0.245223843	0	100	0	0	3
6000	1329	0	2.34375	-0.635558865	-0.671871237	-0.707206999	-0.635554494	0.0317490679	0.245110022	0	100	0	0	3
6005	1331	0	2.34570312	-0.635958032	-0.671592921	-0.707197041	-0.635554494	0.0320273842	0.245205258	0	100	0	0	3
6010	1332	0	2.34765625	-0.635527587	-0.671312962	-0.707182074	-0.635527587	0.032307343	0.244975366	0	100	0	0	3
6015	1333	0	2.34960938	-0.635284003	-0.67103211	-0.70717636	-0.635284003	0.0325881949	0.244736051	0	100	0	0	3
6020	1334	0	2.3515625	-0.635902311	-0.670753696	-0.707161137	-0.635284003	0.0328666091	0.244892718	0	100	0	0	3
6025	1335	0	2.35351562	-0.635284598	-0.670472928	-0.707119232	-0.635284003	0.0331473768	0.244566889	0	100	0	0	3
6030	1336	0	2.35546875	-0.634903943	-0.670190837	-0.707109934	-0.634903943	0.0334294678	0.244330376	0	100	0	0	3
6035	1337	0	2.35742188	-0.635241317	-0.669910257	-0.707109934	-0.634903943	0.0337100479	0.244369576	0	100	0	0	3
6040	1338	0	2.359375	-0.635797702	-0.669631768	-0.707109934	-0.634903943	0.033988537	0.244490352	0	100	0	0	3
6045	1339	0	2.36132812	-0.635182845	-0.669350803	-0.707052753	-0.634903943	0.0342695022	0.244158141	0	100	0	0	3
6050	1340	0	2.36328125	-0.635286359	-0.669070465	-0.706981745	-0.634903943	0.0345498397	0.244104609	0	100	0	0	3
6055	1341	0	2.36523438	-0.635172305	-0.66879007	-0.706981745	-0.634903943	0.0348302351	0.243969458	0	100	0	0	3
6060	1342	0	2.3671875	-0.635194856	-0.668509927	-0.706981745	-0.634903943	0.035110378	0.24388775	0	100	0	0	3
6065	1344	0	2.36914062	-0.635009778	-0.668228832	-0.706981745	-0.634903943	0.0353914733	0.243725056	0	100	0	0	3
6070	1345	0	2.37109375	-0.63528663	-0.667948773	-0.706888183	-0.634903943	0.0356715324	0.243742312	0	100	0	0	3
6075	1346	0	2.37304688	-0.635324506	-0.667669227	-0.706814628	-0.634903943	0.035951078	0.243671704	0	100	0	0	3
6080	1347	0	2.375	-0.634686317	-0.667387692	-0.706814628	-0.634686317	0.0362326136	0.243344736	0	100	0	0	3
6085	1348	0	2.37695312	-0.634852503	-0.667106917	-0.706814628	-0.634686317	0.0365133879	0.243327614	0	100	0	0	3
6090	1349	0	2.37890625	-0.634674467	-0.666825137	-0.706814628	-0.634674467	0.0367951684	0.243176953	0	100	0	0	3
6095	1350	0	2.38085938	-0.634648722	-0.666543239	-0.706716975	-0.634648722	0.0370770665	0.243085954	0	100	0	0	3
6100	1351	0	2.3828125	-0.634859335	-0.666262545	-0.706658503	-0.634648722	0.0373577604	0.243087466	0	100	0	0	3
6105	1354	0	2.38476562	-0.634099753	-0.665979424	-0.706658503	-0.634099753	0.0376408813	0.242716713	0	100	0	0	3
6110	1355	0	2.38671875	-0.634923971	-0.665699592	-0.706658503	-0.634099753	0.0379207131	0.242950872	0	100	0	0	3
6115	1356	0	2.38867188	-0.634594713	-0.665418093	-0.706651422	-0.634099753	0.0382022123	0.242739046	0	100	0	0	3
6120	1357	0	2.390625	-0.634861697	-0.665137664	-0.706533049	-0.634099753	0.0384826409	0.242755371	0	100	0	0	3
6125	1358	0	2.39257812	-0.634007787	-0.664854362	-0.706481658	-0.634007787	0.0387659427	0.242343241	0	100	0	0	3
6130	1359	0	2.39453125	-0.633583222	-0.66456995	-0.706481658	-0.633583222	0.0390503553	0.242097605	0	100	0	0	3
6135	1360	0	2.39648438	-0.634131152	-0.664287644	-0.706481658	-0.633583222	0.0393326615	0.242226152	0	100	0	0	3
6140	1361	0	2.3984375	-0.634090563	-0.664004866	-0.70645326	-0.633583222	0.0396154392	0.242133914	0	100	0	0	3
6145	1362	0	2.40039062	-0.634624868	-0.663724286	-0.706306821	-0.633583222	0.0398960188	0.242268619	0	100	0	0	3
6150	1363	0	2.40234375	-0.634047605	-0.663442024	-0.70619474	-0.633583222	0.0401782814	0.241983537	0	100	0	0	3
6155	1364	0	2.40429688	-0.634113378	-0.663160562	-0.70619474	-0.633583222	0.0404597431	0.241945445	0	100	0	0	3
6160	1366	0	2.40625	-0.633937358	-0.662878402	-0.70619474	-0.633583222	0.0407419032	0.241813358	0	100	0	0	3
6165	1367	0	2.40820312	-0.634049853	-0.662596586	-0.705845047	-0.633583222	0.0410237192	0.241791335	0	100	0	0	3
6170	1368	0	2.41015625	-0.633488408	-0.662313943	-0.70539679	-0.633488408	0.0413063623	0.2415117	0	100	0	0	3
6175	1369	0	2.41210938	-0.633368355	-0.662032582	-0.705152087	-0.633368355	0.0415877234	0.241399166	0	100	0	0	3
6180	1370	0	2.4140625	-0.633938735	-0.661754475	-0.705152087	-0.633368355	0.0418658304	0.241591528	0	100	0	0	3
6185	1371	0	2.41601562	-0.634376626	-0.661478008	-0.704877674	-0.633368355	0.042142297	0.241688596	0	100	0	0	3
6190	1372	0	2.41796875	-0.633385641	-0.661198742	-0.704601341	-0.633368355	0.0424215628	0.241242199	0	100	0	0	3
6195	1373	0	2.41992188	-0.633723309	-0.660921875	-0.704376903	-0.633368355	0.0426984301	0.241304798	0	100	0	0	3
6200	1374	0	2.421875	-0.633968894	-0.660646844	-0.704243082	-0.633368355	0.0429734614	0.241329779	0	100	0	0	3
6205	1376	0	2.42382812	-0.633349956	-0.660369917	-0.704213774	-0.633349956	0.0432503877	0.241022288	0	100	0	0	3
6210	1377	0	2.42578125	-0.633601992	-0.66009409	-0.704119238	-0.633349956	0.0435262149	0.241048086	0	100	0	0	3
6215	1378	0	2.42773438	-0.633641181	-0.659818785	-0.703890487	-0.633349956	0.0438015199	0.240994061	0	100	0	0	3
6220	1379	0	2.4296875	-0.633211142	-0.659542694	-0.703380326	-0.633211142	0.044077611	0.240760514	0	100	0	0	3
6225	1380	0	2.43164062	-0.633027583	-0.659267879	-0.703260498	-0.633027583	0.0443524265	0.240618561	0	100	0	0	3
6230	1381	0	2.43359375	-0.63330662	-0.658994621	-0.702391244	-0.633027583	0.0446256838	0.24065365	0	100	0	0	3
6235	1382	0	2.43554688	-0.633053034	-0.658723769	-0.701707059	-0.633027583	0.0448965362	0.240488729	0	100	0	0	3
6240	1384	0	2.4375	-0.632903639	-0.658455006	-0.700914374	-0.632903639	0.0451652995	0.240366852	0	100	0	0	3
6245	1385	0	2.43945312	-0.633099638	-0.658190104	-0.700660748	-0.632903639	0.0454302008	0.240378423	0	100	0	0	3
6250	1386	0	2.44140625	-0.632906723	-0.65792544	-0.70053939	-0.632903639	0.045694865	0.240243404	0	100	0	0	3
6255	1387	0	2.44335938	-0.632836414	-0.657660975	-0.700411053	-0.632836414	0.0459593297	0.240159253	0	100	0	0	3
6260	1388	0	2.4453125	-0.632704406	-0.657396496	-0.700172425	-0.632704406	0.0462238088	0.240056144	0	100	0	0	3
6265	1389	0	2.44726562	-0.632565709	-0.657132408	-0.699876816	-0.632565709	0.0464878976	0.239953355	0	100	0	0	3
6270	1390	0	2.44921875	-0.632200809	-0.656868048	-0.69965443	-0.632200809	0.046752257	0.239765022	0	100	0	0	3
6275	1391	0	2.45117188	-0.632475905	-0.656605632	-0.699522605	-0.632200809	0.0470146731	0.239822636	0	100	0	0	3
6280	1392	0	2.453125	-0.632065224	-0.656342127	-0.699332553	-0.632065224	0.0472781785	0.239624513	0	100	0	0	3
6285	1393	0	2.45507812	-0.632064127	-0.656079359	-0.699030581	-0.632064127	0.0475409458	0.239586244	0	100	0	0	3
6290	1394	0	2.45703125	-0.631949502	-0.655817324	-0.698705373	-0.631949502	0.0478029812	0.239504569	0	100	0	0	3
6295	1395	0	2.45898438	-0.632533636	-0.655558841	-0.698500692	-0.631949502	0.0480614646	0.23968697	0	100	0	0	3
6300	1397	0	2.4609375	-0.631705301	-0.655297921	-0.698358147	-0.631705301	0.0483223841	0.23933272	0	100	0	0	3
6305	1399	0	2.46289062	-0.631414175	-0.655036421	-0.698111475	-0.631414175	0.048583884	0.239182238	0	100	0	0	3
6310	1400	0	2.46484375	-0.6315569	-0.654776442	-0.697746196	-0.631414175	0.0488438628	0.239192442	0	100	0	0	3
6315	1401	0	2.46679688	-0.631489272	-0.654517626	-0.697406142	-0.631414175	0.0491026789	0.239115267	0	100	0	0	3
6320	1402	0	2.46875	-0.631305318	-0.65425942	-0.697220141	-0.631305318	0.0493608852	0.238989816	0	100	0	0	3
6325	1403	0	2.47070312	-0.631359798	-0.654002153	-0.697054897	-0.631305318	0.0496181522	0.238954886	0	100	0	0	3
6330	1404	0	2.47265625	-0.631504415	-0.653746096	-0.696770082	-0.631305318	0.0498742088	0.238955212	0	100	0	0	3
6335	1405	0	2.47460938	-0.631689581	-0.653491876	-0.696422821	-0.631305318	0.0501284295	0.238969155	0	100	0	0	3
6340	1406	0	2.4765625	-0.630290975	-0.653233548	-0.69610928	-0.630290975	0.050386757	0.238380508	0	100	0	0	3
6345	1407	0	2.47851562	-0.631169618	-0.652979878	-0.695929203	-0.630290975	0.0506404275	0.238657967	0	100	0	0	3
6350	1408	0	2.48046875	-0.630888716	-0.652725813	-0.695747773	-0.630290975	0.0508944919	0.23862888	0	100	0	0	3
6355	1409	0	2.48242188	-0.63087233	-0.652472394	-0.695451978	-0.630290975	0.0511479116	0.23858229	0	100	0	0	3
6360	1411	0	2.484375	-0.63016793	-0.652217378	-0.69512004	-0.63016793	0.0514029275	0.238276538	0	100	0	0	3
6365	1412	0	2.48632812	-0.630774827	-0.651966029	-0.694849869	-0.63016793	0.0516542759	0.238467985	0	100	0	0	3
6370	1413	0	2.48828125	-0.630704391	-0.651715461	-0.694792773	-0.63016793	0.0519048442	0.238405906	0	100	0	0	3
6375	1414	0	2.49023438	-0.63007484	-0.651462657	-0.694347058	-0.63007484	0.0521576486	0.238134614	0	100	0	0	3
6380	1415	0	2.4921875	-0.630077887	-0.651211605	-0.693960811	-0.63007484	0.0524087001	0.238102131	0	100	0	0	3
6385	1416	0	2.49414062	-0.630211044	-0.650962583	-0.693757046	-0.63007484	0.0526546691	0.238114527	0	100	0	0	3
6390	1417	0	2.49609375	-0.630040272	-0.650713689	-0.693636356	-0.630040272	0.0528999012	0.238010845	0	100	0	0	3
6395	1418	0	2.49804688	-0.62992144	-0.650464803	-0.693207178	-0.62992144	0.0531421924	0.237928952	0	100	0	0	3
6400	1419	0	2.5	-0.629722494	-0.650216815	-0.692845313	-0.629722494	0.0533834931	0.237818658	0	100	0	0	3
6405	1421	0	2.50195312	-0.629420203	-0.649969061	-0.69260168	-0.629420203	0.0536245219	0.237668498	0	100	0	0	3
6410	1422	0	2.50390625	-0.629862577	-0.649723986	-0.692431328	-0.629420203	0.0538629382	0.237799987	0	100	0	0	3
6415	1423	0	2.50585938	-0.630103525	-0.649480519	-0.692006836	-0.629420203	0.0540985739	0.237859385	0	100	0	0	3
6420	1425	0	2.5078125	-0.628869428	-0.649233888	-0.691567301	-0.628869428	0.0543349252	0.2373665	0	100	0	0	3
6425	1426	0	2.50976562	-0.628671971	-0.648989	-0.691567301	-0.628671971	0.0545683392	0.237270968	0	100	0	0	3
6430	1427	0	2.51171875	-0.628708942	-0.648743459	-0.690894992	-0.628671971	0.0547990325	0.237266409	0	100	0	0	3
6435	1428	0	2.51367188	-0.630050597	-0.648505786	-0.690721048	-0.628671971	0.0550207559	0.237759078	0	100	0	0	3
6440	1429	0	2.515625	-0.629206179	-0.648265987	-0.690721048	-0.628671971	0.0552454096	0.237430685	0	100	0	0	3
6445	1430	0	2.51757812	-0.628406551	-0.648022571	-0.690442518	-0.628406551	0.0554725475	0.237124776	0	100	0	0	3
6450	1431	0	2.51953125	-0.628104024	-0.647779062	-0.689690227	-0.628104024	0.0556976684	0.237011548	0	100	0	0	3
6455	1432	0	2.52148438	-0.628789687	-0.647541169	-0.689485344	-0.628104024	0.0559155349	0.237274171	0	100	0	0	3
6460	1433	0	2.5234375	-0.627663124	-0.647299676	-0.688939638	-0.627663124	0.0561333515	0.236853357	0	100	0	0	3
6465	1434	0	2.52539062	-0.627553445	-0.647060183	-0.688939638	-0.627553445	0.0563439466	0.236817149	0	100	0	0	3
6470	1435	0	2.52734375	-0.628254125	-0.64682313	-0.688457552	-0.627553445	0.0565499532	0.237082065	0	100	0	0	3
6475	1437	0	2.52929688	-0.627176605	-0.646583752	-0.68769421	-0.627176605	0.0567558482	0.236663003	0	100	0	0	3
6480	1438	0	2.53125	-0.627576708	-0.646348918	-0.68719127	-0.627176605	0.0569557805	0.236789435	0	100	0	0	3
6485	1439	0	2.53320312	-0.626732608	-0.646112751	-0.686734189	-0.626732608	0.0571555193	0.236437501	0	100	0	0	3
6490	1440	0	2.53515625	-0.627015092	-0.645879473	-0.686339874	-0.626732608	0.0573509464	0.236508528	0	100	0	0	3
6495	1441	0	2.53710938	-0.626955404	-0.645647503	-0.685227553	-0.626732608	0.057541032	0.236448937	0	100	0	0	3
6500	1442	0	2.5390625	-0.626370978	-0.645417594	-0.684881148	-0.626370978	0.0577281822	0.236189084	0	100	0	0	3
6505	1444	0	2.54101562	-0.627084441	-0.645191826	-0.684173896	-0.626370978	0.0578029171	0.23642068	0	100	0	0	3
6510	1445	0	2.54296875	-0.626821735	-0.644968265	-0.684173896	-0.626370978	0.0578029171	0.236288244	0	100	0	0	3
6515	1446	0	2.54492188	-0.626627158	-0.644743473	-0.683087091	-0.626370978	0.0567161121	0.236336237	0	100	0	0	3
6520	1448	0	2.546875	-0.625666186	-0.644519173	-0.682704955	-0.625666186	0.0570387696	0.23595622	0	100	0	0	3
6525	1449	0	2.54882812	-0.626032587	-0.644297796	-0.681894925	-0.625666186	0.0562287397	0.236081744	0	100	0	0	3
6530	1450	0	2.55078125	-0.625350103	-0.644076918	-0.681626991	-0.625350103	0.0562768885	0.23581442	0	100	0	0	3
6535	1451	0	2.55273438	-0.624585006	-0.643854213	-0.681626991	-0.624585006	0.0570419856	0.235521533	0	100	0	0	3
6540	1452	0	2.5546875	-0.62590129	-0.643636535	-0.68099254	-0.624585006	0.0564075342	0.236020025	0	100	0	0	3
6545	1453	0	2.55664062	-0.624821429	-0.643417116	-0.680052869	-0.624585006	0.0554678634	0.235610847	0	100	0	0	3
6550	1454	0	2.55859375	-0.62460234	-0.643200753	-0.680052869	-0.624585006	0.0554678634	0.235523412	0	100	0	0	3
6555	1455	0	2.56054688	-0.624960812	-0.64298555	-0.678953753	-0.624585006	0.0543687473	0.235654562	0	100	0	0	3
6560	1456	0	2.5625	-0.623679971	-0.642769637	-0.67775124	-0.623679971	0.054071269	0.235167206	0	100	0	0	3
6565	1457	0	2.56445312	-0.624061827	-0.642559913	-0.677433146	-0.623679971	0.0537531752	0.235309142	0	100	0	0	3
6570	1458	0	2.56640625	-0.623932605	-0.642350926	-0.677230768	-0.623679971	0.0535507969	0.235255182	0	100	0	0	3
6575	1459	0	2.56835938	-0.623248243	-0.642140057	-0.676721083	-0.623248243	0.0534728398	0.234989805	0	100	0	0	3
6580	1461	0	2.5703125	-0.623561379	-0.641932402	-0.675955203	-0.623248243	0.0527069601	0.235104534	0	100	0	0	3
6585	1462	0	2.57226562	-0.623771522	-0.641728559	-0.675911575	-0.623248243	0.0526633313	0.235183956	0	100	0	0	3
6590	1463	0	2.57421875	-0.623863826	-0.641525248	-0.675191516	-0.623248243	0.051943273	0.235221475	0	100	0	0	3
6595	1464	0	2.57617188	-0.623145403	-0.641321943	-0.674865418	-0.623145403	0.0517200146	0.234953067	0	100	0	0	3
6600	1465	0	2.578125	-0.622579141	-0.641117699	-0.674616322	-0.622579141	0.0520371814	0.234746775	0	100	0	0	3
6605	1468	0	2.58007812	-0.622066076	-0.640912425	-0.6739503	-0.622066076	0.0518842247	0.234568111	0	100	0	0	3
6610	1469	0	2.58203125	-0.622261583	-0.640710542	-0.6739503	-0.622066076	0.0518842247	0.234663129	0	100	0	0	3
6615	1470	0	2.58398438	-0.622231319	-0.640509982	-0.6739503	-0.622066076	0.0518842247	0.234675961	0	100	0	0	3
6620	1471	0	2.5859375	-0.622140938	-0.640307602	-0.673154671	-0.622066076	0.0510885951	0.234668727	0	100	0	0	3
6625	1472	0	2.58789062	-0.622452578	-0.640109546	-0.672389676	-0.622066076	0.0503236005	0.23481767	0	100	0	0	3
6630	1473	0	2.58984375	-0.621746423	-0.639911721	-0.671981303	-0.621746423	0.0502348797	0.234581827	0	100	0	0	3
6635	1474	0	2.59179688	-0.621482908	-0.639714462	-0.671566442	-0.621482908	0.0500835336	0.234507904	0	100	0	0	3
6640	1476	0	2.59375	-0.621011758	-0.639517358	-0.671566442	-0.621011758	0.0505546839	0.234343276	0	100	0	0	3
6645	1477	0	2.59570312	-0.622136391	-0.639324272	-0.670916853	-0.621011758	0.0499050949	0.23476957	0	100	0	0	3
6650	1478	0	2.59765625	-0.620891875	-0.639128862	-0.670597251	-0.620891875	0.049705376	0.234290478	0	100	0	0	3
6655	1479	0	2.59960938	-0.621264714	-0.638936157	-0.670206913	-0.620891875	0.0493150387	0.234417961	0	100	0	0	3
6660	1480	0	2.6015625	-0.620410858	-0.638741641	-0.669593874	-0.620410858	0.0491830153	0.234077894	0	100	0	0	3
6665	1481	0	2.60351562	-0.620731493	-0.638550772	-0.669277872	-0.620410858	0.0488670141	0.234180087	0	100	0	0	3
6670	1482	0	2.60546875	-0.620269359	-0.638359333	-0.668627459	-0.620269359	0.0483580992	0.233988312	0	100	0	0	3
6675	1483	0	2.60742188	-0.62019159	-0.63817013	-0.668621143	-0.62019159	0.0484295528	0.233947407	0	100	0	0	3
6680	1484	0	2.609375	-0.621138195	-0.63798465	-0.667813217	-0.62019159	0.0476216275	0.234298722	0	100	0	0	3
6685	1485	0	2.61132812	-0.619990048	-0.637797841	-0.667287677	-0.619990048	0.0472976284	0.233979507	0	100	0	0	3
6690	1486	0	2.61328125	-0.620315039	-0.637614354	-0.667020169	-0.619990048	0.0470301207	0.234107363	0	100	0	0	3
6695	1488	0	2.61523438	-0.620132432	-0.637431199	-0.666852084	-0.619990048	0.0468620356	0.234047546	0	100	0	0	3
6700	1489	0	2.6171875	-0.619859316	-0.637247633	-0.666280299	-0.619859316	0.0464209837	0.233959687	0	100	0	0	3
6705	1491	0	2.61914062	-0.618780159	-0.637062086	-0.665207794	-0.618780159	0.0464276355	0.233570274	0	100	0	0	3
6710	1492	0	2.62109375	-0.619779628	-0.636884632	-0.664923767	-0.618780159	0.0461436079	0.233965976	0	100	0	0	3
6715	1493	0	2.62304688	-0.618839151	-0.636704614	-0.664370172	-0.618780159	0.0455900129	0.233625167	0	100	0	0	3
6720	1494	0	2.625	-0.619225628	-0.636528268	-0.664006304	-0.618780159	0.0452261447	0.233788218	0	100	0	0	3
6725	1495	0	2.62695312	-0.619088374	-0.636352807	-0.663341524	-0.618780159	0.0445613655	0.233754006	0	100	0	0	3
6730	1496	0	2.62890625	-0.619281323	-0.63618127	-0.663341524	-0.618780159	0.0445613655	0.233843279	0	100	0	0	3
6735	1497	0	2.63085938	-0.618167352	-0.636004809	-0.662584125	-0.618167352	0.044416773	0.233433936	0	100	0	0	3
6740	1498	0	2.6328125	-0.618283596	-0.63583176	-0.662450489	-0.618167352	0.044283137	0.233490147	0	100	0	0	3
6745	1500	0	2.63476562	-0.618646212	-0.635660649	-0.662184543	-0.618167352	0.0440171915	0.233641666	0	100	0	0	3
6750	1501	0	2.63671875	-0.618219699	-0.635488912	-0.661386377	-0.618167352	0.0432190255	0.233494961	0	100	0	0	3
6755	1502	0	2.63867188	-0.618310478	-0.635320646	-0.660831077	-0.618167352	0.0426637252	0.233543393	0	100	0	0	3
6760	1503	0	2.640625	-0.618275577	-0.635154414	-0.660708942	-0.618167352	0.0425415901	0.233544723	0	100	0	0	3
6765	1504	0	2.64257812	-0.617433463	-0.634985369	-0.660525923	-0.617433463	0.0430924596	0.233243603	0	100	0	0	3
6770	1505	0	2.64453125	-0.6168504	-0.634814762	-0.65978956	-0.6168504	0.0429391604	0.233045779	0	100	0	0	3
6775	1506	0	2.64648438	-0.617201379	-0.634648402	-0.658954246	-0.6168504	0.0421038464	0.233204681	0	100	0	0	3
6780	1507	0	2.6484375	-0.615929426	-0.634481934	-0.658954246	-0.615929426	0.0430248199	0.232749239	0	100	0	0	3
6785	1509	0	2.65039062	-0.616179156	-0.634314844	-0.658665611	-0.615929426	0.0427361848	0.232873362	0	100	0	0	3
6790	1510	0	2.65234375	-0.615757163	-0.634147232	-0.657816394	-0.615757163	0.0420592311	0.23274714	0	100	0	0	3
6795	1511	0	2.65429688	-0.616529538	-0.633985956	-0.657780361	-0.615757163	0.042023198	0.23307504	0	100	0	0	3
6800	1512	0	2.65625	-0.615839566	-0.633822124	-0.656911572	-0.615757163	0.0411544087	0.232843843	0	100	0	0	3
6805	1514	0	2.65820312	-0.615667023	-0.633661013	-0.65644711	-0.615667023	0.0407800865	0.232799934	0	100	0	0	3
6810	1515	0	2.66015625	-0.615745867	-0.633502588	-0.65644711	-0.615667023	0.0407800865	0.232843889	0	100	0	0	3
6815	1516	0	2.66210938	-0.616212413	-0.633345422	-0.655578515	-0.615667023	0.0399114921	0.233028216	0	100	0	0	3
6820	1517	0	2.6640625	-0.615305988	-0.633188107	-0.655253673	-0.615305988	0.0399476846	0.232686205	0	100	0	0	3
6825	1518	0	2.66601562	-0.615102982	-0.633031268	-0.65499437	-0.615102982	0.0398913882	0.232605741	0	100	0	0	3
6830	1520	0	2.66796875	-0.614742623	-0.632874035	-0.654602211	-0.614742623	0.0398595881	0.232464669	0	100	0	0	3
6835	1521	0	2.66992188	-0.615399432	-0.632720899	-0.654110202	-0.614742623	0.0393675787	0.232712362	0	100	0	0	3
6840	1522	0	2.671875	-0.614187869	-0.632564953	-0.653650535	-0.614187869	0.0394626655	0.232255273	0	100	0	0	3
6845	1523	0	2.67382812	-0.613633993	-0.632408638	-0.653334046	-0.613633993	0.0397000527	0.232049417	0	100	0	0	3
6850	1524	0	2.67578125	-0.613279704	-0.632252176	-0.652850892	-0.613279704	0.0395711882	0.231969093	0	100	0	0	3
6855	1525	0	2.67773438	-0.613492459	-0.632098432	-0.652595113	-0.613279704	0.0393154093	0.232061161	0	100	0	0	3
6860	1526	0	2.6796875	-0.613666706	-0.631946368	-0.652253778	-0.613279704	0.0389740742	0.232142043	0	100	0	0	3
6865	1527	0	2.68164062	-0.612612572	-0.631791519	-0.651963961	-0.612612572	0.0393513892	0.231759342	0	100	0	0	3
6870	1528	0	2.68359375	-0.612543743	-0.631637534	-0.651550919	-0.612543743	0.0390071757	0.231750344	0	100	0	0	3
6875	1529	0	2.68554688	-0.612180777	-0.631483744	-0.65117393	-0.612180777	0.0389931531	0.231630713	0	100	0	0	3
6880	1530	0	2.6875	-0.612377892	-0.631332402	-0.65117393	-0.612180777	0.0389931531	0.231726156	0	100	0	0	3
6885	1531	0	2.68945312	-0.611781842	-0.631178527	-0.650663675	-0.611781842	0.0388818333	0.231521952	0	100	0	0	3
6890	1532	0	2.69140625	-0.611220676	-0.631024453	-0.650384904	-0.611220676	0.0391642283	0.23132901	0	100	0	0	3
6895	1534	0	2.69335938	-0.610879085	-0.630870133	-0.649729745	-0.610879085	0.0388506605	0.231216904	0	100	0	0	3
6900	1535	0	2.6953125	-0.611117107	-0.630719303	-0.649658803	-0.610879085	0.0387797181	0.231324998	0	100	0	0	3
6905	1537	0	2.69726562	-0.611139305	-0.630568836	-0.649320052	-0.610879085	0.0384409673	0.231352107	0	100	0	0	3
6910	1538	0	2.69921875	-0.610394465	-0.630417088	-0.649320052	-0.610394465	0.0389255868	0.231087219	0	100	0	0	3
6915	1539	0	2.70117188	-0.610042294	-0.630263659	-0.648757257	-0.610042294	0.0387149631	0.230967848	0	100	0	0	3
6920	1541	0	2.703125	-0.609710419	-0.630111132	-0.648286043	-0.609710419	0.0385756241	0.230854373	0	100	0	0	3
6925	1542	0	2.70507812	-0.609614327	-0.6299611	-0.648286043	-0.609614327	0.0386717163	0.230831518	0	100	0	0	3
6930	1543	0	2.70703125	-0.610385367	-0.62981305	-0.6478456	-0.609614327	0.0382312737	0.231139009	0	100	0	0	3
6935	1544	0	2.70898438	-0.609965998	-0.629665083	-0.647297734	-0.609614327	0.0376834078	0.230993399	0	100	0	0	3
6940	1545	0	2.7109375	-0.608392969	-0.629513111	-0.646945229	-0.608392969	0.0385522602	0.230408025	0	100	0	0	3
6945	1546	0	2.71289062	-0.609551087	-0.62936704	-0.646425666	-0.608392969	0.0380326975	0.230861329	0	100	0	0	3
6950	1547	0	2.71484375	-0.60911529	-0.629221297	-0.646213749	-0.608392969	0.0378207802	0.230712311	0	100	0	0	3
6955	1548	0	2.71679688	-0.608817775	-0.629075219	-0.646202306	-0.608392969	0.0378093379	0.230617806	0	100	0	0	3
6960	1550	0	2.71875	-0.607668001	-0.628924694	-0.645665377	-0.607668001	0.0379973761	0.230197641	0	100	0	0	3
6965	1551	0	2.72070312	-0.607936585	-0.628777316	-0.645221644	-0.607668001	0.0375536432	0.230313945	0	100	0	0	3
6970	1552	0	2.72265625	-0.608154637	-0.628632523	-0.644890183	-0.607668001	0.0372221821	0.230409487	0	100	0	0	3
6975	1553	0	2.72460938	-0.607695619	-0.628487232	-0.644667174	-0.607668001	0.0369991731	0.230246287	0	100	0	0	3
6980	1554	0	2.7265625	-0.607403944	-0.628341672	-0.644343644	-0.607403944	0.0369396997	0.23014374	0	100	0	0	3
6985	1555	0	2.72851562	-0.60735168	-0.628197172	-0.644087741	-0.60735168	0.0367360606	0.230127052	0	100	0	0	3
6990	1556	0	2.73046875	-0.606685345	-0.628051402	-0.644087741	-0.606685345	0.0374023953	0.229875481	0	100	0	0	3
6995	1557	0	2.73242188	-0.6076341	-0.627909005	-0.643935783	-0.606685345	0.0372504372	0.230239371	0	100	0	0	3
7000	1558	0	2.734375	-0.606089106	-0.627761166	-0.643251999	-0.606089106	0.0371628927	0.229658586	0	100	0	0	3
7005	1560	0	2.73632812	-0.60734113	-0.627620889	-0.642943711	-0.606089106	0.036854605	0.23014123	0	100	0	0	3
7010	1561	0	2.73828125	-0.605912706	-0.627476237	-0.642831517	-0.605912706	0.0369188111	0.229604157	0	100	0	0	3
7015	1563	0	2.74023438	-0.605208193	-0.627329271	-0.642677623	-0.605208193	0.0374694306	0.229322071	0	100	0	0	3
7020	1564	0	2.7421875	-0.605058318	-0.62718232	-0.642367277	-0.605058318	0.037308959	0.229273484	0	100	0	0	3
7025	1565	0	2.74414062	-0.604739403	-0.627035337	-0.642260691	-0.604739403	0.0375212889	0.229160765	0	100	0	0	3
7030	1566	0	2.74609375	-0.604811199	-0.62688905	-0.641965365	-0.604739403	0.0372259621	0.229194805	0	100	0	0	3
7035	1567	0	2.74804688	-0.604603293	-0.626743104	-0.641845936	-0.604603293	0.037242643	0.229122124	0	100	0	0	3
7040	1568	0	2.75	-0.604490718	-0.626597424	-0.641845936	-0.604490718	0.0373552176	0.229087032	0	100	0	0	3
7045	1569	0	2.75195312	-0.604177573	-0.626450282	-0.641384262	-0.604177573	0.0372066892	0.22897715	0	100	0	0	3
7050	1570	0	2.75390625	-0.604024521	-0.626304346	-0.640974432	-0.604024521	0.0369499103	0.228928406	0	100	0	0	3
7055	1571	0	2.75585938	-0.603044551	-0.626156182	-0.640770779	-0.603044551	0.0377262281	0.22856337	0	100	0	0	3
7060	1572	0	2.7578125	-0.60282997	-0.626008123	-0.640770779	-0.60282997	0.037940809	0.228489302	0	100	0	0	3
7065	1573	0	2.75976562	-0.603635027	-0.625863061	-0.640742156	-0.60282997	0.0379121859	0.228804336	0	100	0	0	3
7070	1574	0	2.76171875	-0.601962262	-0.62571299	-0.640742156	-0.601962262	0.0387798936	0.228177846	0	100	0	0	3
7075	1576	0	2.76367188	-0.602615695	-0.625565531	-0.640742156	-0.601962262	0.0387798936	0.228433372	0	100	0	0	3
7080	1577	0	2.765625	-0.601513519	-0.625412295	-0.640263202	-0.601513519	0.038749683	0.228017385	0	100	0	0	3
7085	1578	0	2.76757812	-0.601756227	-0.625261877	-0.63990703	-0.601513519	0.0383935105	0.228111103	0	100	0	0	3
7090	1579	0	2.76953125	-0.602845856	-0.62511779	-0.63990703	-0.601513519	0.0383935105	0.228526806	0	100	0	0	3
7095	1580	0	2.77148438	-0.600868958	-0.624966353	-0.63990703	-0.600868958	0.0390380717	0.227776265	0	100	0	0	3
7100	1581	0	2.7734375	-0.601390992	-0.6248159	-0.639834418	-0.600868958	0.0389654605	0.227972815	0	100	0	0	3
7105	1584	0	2.77539062	-0.60134472	-0.624665549	-0.639565967	-0.600868958	0.0386970094	0.227951029	0	100	0	0	3
7110	1585	0	2.77734375	-0.601710511	-0.624517676	-0.639266126	-0.600868958	0.0383971685	0.228085872	0	100	0	0	3
7115	1586	0	2.77929688	-0.600480906	-0.624366363	-0.639266126	-0.600480906	0.0387852207	0.22761402	0	100	0	0	3
7120	1587	0	2.78125	-0.600168804	-0.624213639	-0.639076087	-0.600168804	0.0389072837	0.227489522	0	100	0	0	3
7125	1588	0	2.78320312	-0.600235027	-0.624061916	-0.638938229	-0.600168804	0.0387694248	0.227504831	0	100	0	0	3
7130	1589	0	2.78515625	-0.599855075	-0.623911233	-0.638938229	-0.599855075	0.039083154	0.227349715	0	100	0	0	3
7135	1590	0	2.78710938	-0.600630508	-0.623762646	-0.638938229	-0.599855075	0.039083154	0.227636477	0	100	0	0	3
7140	1591	0	2.7890625	-0.598627779	-0.623605184	-0.63854103	-0.598627779	0.0399132514	0.226870411	0	100	0	0	3
7145	1593	0	2.79101562	-0.599713201	-0.623453513	-0.638188722	-0.598627779	0.0395609435	0.227279542	0	100	0	0	3
7150	1594	0	2.79296875	-0.598427768	-0.623298196	-0.638159712	-0.598427768	0.0397319444	0.226787294	0	100	0	0	3
7155	1595	0	2.79492188	-0.598788468	-0.62314484	-0.638159712	-0.598427768	0.0397319444	0.22692375	0	100	0	0	3
7160	1596	0	2.796875	-0.59846772	-0.622989793	-0.637830442	-0.598427768	0.0394026744	0.226804491	0	100	0	0	3
7165	1597	0	2.79882812	-0.598587319	-0.62283652	-0.637830442	-0.598427768	0.0394026744	0.226854247	0	100	0	0	3
7170	1598	0	2.80078125	-0.598329134	-0.622682218	-0.637523503	-0.598329134	0.0391943691	0.226758238	0	100	0	0	3
7175	1599	0	2.80273438	-0.597494103	-0.622525854	-0.637406523	-0.597494103	0.03991242	0.226440943	0	100	0	0	3
7180	1600	0	2.8046875	-0.596622047	-0.622366946	-0.637406523	-0.596622047	0.0407844754	0.226110068	0	100	0	0	3
7185	1601	0	2.80664062	-0.597059228	-0.62220934	-0.63734096	-0.596622047	0.0407189127	0.226208388	0	100	0	0	3
7190	1603	0	2.80859375	-0.59675679	-0.622050808	-0.637018183	-0.596622047	0.0403961352	0.226088102	0	100	0	0	3
7195	1604	0	2.81054688	-0.597284882	-0.6218956	-0.63656827	-0.596622047	0.0399462223	0.226278541	0	100	0	0	3
7200	1605	0	2.8125	-0.596594765	-0.621741548	-0.63656827	-0.596594765	0.0399735044	0.226005212	0	100	0	0	3
7205	1607	0	2.81445312	-0.595091539	-0.621581243	-0.63656827	-0.595091539	0.0414767311	0.225424719	0	100	0	0	3
7210	1608	0	2.81640625	-0.595524059	-0.621420914	-0.636370392	-0.595091539	0.0412788533	0.225580984	0	100	0	0	3
7215	1609	0	2.81835938	-0.595103838	-0.621259889	-0.636370392	-0.595091539	0.0412788533	0.225412465	0	100	0	0	3
7220	1610	0	2.8203125	-0.594608592	-0.621098141	-0.636370392	-0.594608592	0.0417617997	0.225213654	0	100	0	0	3
7225	1611	0	2.82226562	-0.594529782	-0.620934701	-0.636346309	-0.594529782	0.0418165262	0.225173798	0	100	0	0	3
7230	1613	0	2.82421875	-0.593928547	-0.620770724	-0.636346309	-0.593928547	0.0424177615	0.224937723	0	100	0	0	3
7235	1614	0	2.82617188	-0.594361054	-0.620606719	-0.636141723	-0.593928547	0.0422131763	0.225095316	0	100	0	0	3
7240	1615	0	2.828125	-0.594411418	-0.620443939	-0.636141723	-0.593928547	0.0422131763	0.225105531	0	100	0	0	3
7245	1616	0	2.83007812	-0.593761358	-0.620280411	-0.636141723	-0.593761358	0.0423803653	0.224847112	0	100	0	0	3
7250	1617	0	2.83203125	-0.593832489	-0.620115609	-0.636141723	-0.593761358	0.0423803653	0.224862024	0	100	0	0	3
7255	1618	0	2.83398438	-0.592785125	-0.619947889	-0.636141723	-0.592785125	0.0433565986	0.224451512	0	100	0	0	3
7260	1619	0	2.8359375	-0.593393103	-0.619780902	-0.635958032	-0.592785125	0.0431729074	0.224667908	0	100	0	0	3
7265	1620	0	2.83789062	-0.593025039	-0.619614771	-0.635958032	-0.592785125	0.0431729074	0.224509587	0	100	0	0	3
7270	1622	0	2.83984375	-0.59236443	-0.619444765	-0.635958032	-0.59236443	0.0435936022	0.224237236	0	100	0	0	3
7275	1623	0	2.84179688	-0.592717108	-0.619276828	-0.635958032	-0.59236443	0.0435936022	0.224348431	0	100	0	0	3
7280	1624	0	2.84375	-0.59211555	-0.619107128	-0.635958032	-0.59211555	0.0438424823	0.224095815	0	100	0	0	3
7285	1625	0	2.84570312	-0.592135751	-0.618935947	-0.635902311	-0.59211555	0.0437867608	0.224075173	0	100	0	0	3
7290	1626	0	2.84765625	-0.591937251	-0.618765672	-0.635902311	-0.591937251	0.0439650598	0.223966482	0	100	0	0	3
7295	1627	0	2.84960938	-0.59280038	-0.61859972	-0.635902311	-0.591937251	0.0439650598	0.224259466	0	100	0	0	3
7300	1629	0	2.8515625	-0.591788363	-0.6184274	-0.635797702	-0.591788363	0.0440093389	0.223844169	0	100	0	0	3
7305	1631	0	2.85351562	-0.591493372	-0.618256341	-0.635797702	-0.591493372	0.0443043301	0.22370665	0	100	0	0	3
7310	1632	0	2.85546875	-0.591555533	-0.618087011	-0.635797702	-0.591493372	0.0443043301	0.223708944	0	100	0	0	3
7315	1633	0	2.85742188	-0.59046127	-0.617912089	-0.635797702	-0.59046127	0.045336432	0.223277089	0	100	0	0	3
7320	1634	0	2.859375	-0.590391166	-0.61773472	-0.635324506	-0.590391166	0.0449333394	0.223239742	0	100	0	0	3
7325	1636	0	2.86132812	-0.588598905	-0.617552751	-0.635324506	-0.588598905	0.0467256006	0.22255439	0	100	0	0	3
7330	1637	0	2.86328125	-0.589232162	-0.617372852	-0.635324506	-0.588598905	0.0467256006	0.222789856	0	100	0	0	3
7335	1638	0	2.86523438	-0.589335763	-0.617193803	-0.635324506	-0.588598905	0.0467256006	0.222821577	0	100	0	0	3
7340	1639	0	2.8671875	-0.59095762	-0.617021001	-0.635324506	-0.588598905	0.0467256006	0.223427594	0	100	0	0	3
7345	1640	0	2.86914062	-0.588744129	-0.616840276	-0.635324506	-0.588598905	0.0467256006	0.222578546	0	100	0	0	3
7350	1641	0	2.87109375	-0.588607048	-0.616657934	-0.635324506	-0.588598905	0.0467256006	0.222436677	0	100	0	0	3
7355	1643	0	2.87304688	-0.588665225	-0.616475671	-0.634923971	-0.588598905	0.0463250665	0.222440766	0	100	0	0	3
7360	1644	0	2.875	-0.588326119	-0.616294577	-0.634923971	-0.588326119	0.046597852	0.222287995	0	100	0	0	3
7365	1645	0	2.87695312	-0.588722229	-0.61611438	-0.634923971	-0.588326119	0.046597852	0.222413235	0	100	0	0	3
7370	1646	0	2.87890625	-0.588763877	-0.615935042	-0.634923971	-0.588326119	0.046597852	0.222405326	0	100	0	0	3
7375	1647	0	2.88085938	-0.587444326	-0.61575065	-0.634923971	-0.587444326	0.0474796451	0.221881295	0	100	0	0	3
7380	1648	0	2.8828125	-0.587994464	-0.615567584	-0.634923971	-0.587444326	0.0474796451	0.222063058	0	100	0	0	3
7385	1650	0	2.88476562	-0.587663951	-0.615386194	-0.634923971	-0.587444326	0.0474796451	0.221909891	0	100	0	0	3
7390	1651	0	2.88671875	-0.587598522	-0.615201329	-0.634861697	-0.587444326	0.0474173704	0.221858752	0	100	0	0	3
7395	1652	0	2.88867188	-0.586731716	-0.615014364	-0.634861697	-0.586731716	0.0481299803	0.221506308	0	100	0	0	3
7400	1653	0	2.890625	-0.58723843	-0.614828336	-0.634624868	-0.586731716	0.047893152	0.221674665	0	100	0	0	3
7405	1655	0	2.89257812	-0.587368313	-0.61464615	-0.634624868	-0.586731716	0.047893152	0.221698646	0	100	0	0	3
7410	1656	0	2.89453125	-0.586895815	-0.614463778	-0.634624868	-0.586731716	0.047893152	0.221494438	0	100	0	0	3
7415	1658	0	2.89648438	-0.586217317	-0.614276614	-0.634624868	-0.586217317	0.0484075514	0.221213223	0	100	0	0	3
7420	1659	0	2.8984375	-0.585949832	-0.614088565	-0.634624868	-0.585949832	0.0486750369	0.221087608	0	100	0	0	3
7425	1660	0	2.90039062	-0.586934466	-0.613902274	-0.634376626	-0.585949832	0.0484267949	0.221432905	0	100	0	0	3
7430	1661	0	2.90234375	-0.586474519	-0.613716442	-0.634376626	-0.585949832	0.0484267949	0.221227884	0	100	0	0	3
7435	1662	0	2.90429688	-0.584785438	-0.613523754	-0.634376626	-0.584785438	0.0493546476	0.220555792	0	100	0	0	3
7440	1663	0	2.90625	-0.585140187	-0.61333314	-0.634376626	-0.584785438	0.0492634456	0.220656052	0	100	0	0	3
7445	1665	0	2.90820312	-0.585039577	-0.613141694	-0.634376626	-0.584785438	0.0491722488	0.220582201	0	100	0	0	3
7450	1666	0	2.91015625	-0.58471297	-0.612951165	-0.634376626	-0.58471297	0.0490814168	0.22041806	0	100	0	0	3
7455	1667	0	2.91210938	-0.584410278	-0.612759922	-0.634376626	-0.584410278	0.0489945523	0.220259289	0	100	0	0	3
7460	1668	0	2.9140625	-0.585115108	-0.612569205	-0.634376626	-0.584410278	0.0489088029	0.220480411	0	100	0	0	3
7465	1669	0	2.91601562	-0.584274782	-0.612373495	-0.633968894	-0.584274782	0.0488252475	0.220118944	0	100	0	0	3
7470	1670	0	2.91796875	-0.582850727	-0.612176093	-0.633968894	-0.582850727	0.0487457822	0.219540465	0	100	0	0	3
7475	1671	0	2.91992188	-0.582544134	-0.611976174	-0.633968894	-0.582544134	0.0486706696	0.219389129	0	100	0	0	3
7480	1673	0	2.921875	-0.583744544	-0.611779985	-0.633641181	-0.582544134	0.0485899322	0.219814228	0	100	0	0	3
7485	1674	0	2.92382812	-0.582952272	-0.611583119	-0.633641181	-0.582544134	0.0485109708	0.219493781	0	100	0	0	3
7490	1675	0	2.92578125	-0.584069784	-0.611389634	-0.633641181	-0.582544134	0.0484291511	0.219898967	0	100	0	0	3
7495	1676	0	2.92773438	-0.581931076	-0.611187642	-0.63330662	-0.581931076	0.0483550525	0.219074079	0	100	0	0	3
7500	1677	0	2.9296875	-0.582552575	-0.610989757	-0.63330662	-0.581931076	0.0482781221	0.219290304	0	100	0	0	3
7505	1679	0	2.93164062	-0.581797201	-0.610789638	-0.63330662	-0.581797201	0.0482049835	0.218986495	0	100	0	0	3
7510	1681	0	2.93359375	-0.582631204	-0.610591687	-0.633099638	-0.581797201	0.048132082	0.219282576	0	100	0	0	3
7515	1682	0	2.93554688	-0.582569838	-0.610394487	-0.633099638	-0.581797201	0.0480605186	0.21923873	0	100	0	0	3
7520	1683	0	2.9375	-0.582410965	-0.61019725	-0.633099638	-0.581797201	0.0479928543	0.219090233	0	100	0	0	3
7525	1684	0	2.93945312	-0.581227508	-0.609994625	-0.632906723	-0.581227508	0.0479308156	0.218611438	0	100	0	0	3
7530	1685	0	2.94140625	-0.581938378	-0.609795529	-0.632836414	-0.581227508	0.047865446	0.21884654	0	100	0	0	3
7535	1686	0	2.94335938	-0.580532648	-0.609591218	-0.632704406	-0.580532648	0.0478052785	0.218283348	0	100	0	0	3
7540	1687	0	2.9453125	-0.58172536	-0.609392081	-0.632565709	-0.580532648	0.0477403266	0.218698042	0	100	0	0	3
7545	1688	0	2.94726562	-0.581144177	-0.609191216	-0.632533636	-0.580532648	0.0476768326	0.218441915	0	100	0	0	3
7550	1690	0	2.94921875	-0.581123282	-0.608991694	-0.632533636	-0.580532648	0.0476139381	0.218398101	0	100	0	0	3
7555	1691	0	2.95117188	-0.580455218	-0.608788488	-0.632533636	-0.580455218	0.0475536385	0.218112181	0	100	0	0	3
7560	1692	0	2.953125	-0.581624907	-0.608591456	-0.632533636	-0.580455218	0.0474879037	0.218518936	0	100	0	0	3
7565	1693	0	2.95507812	-0.581513064	-0.608393991	-0.632533636	-0.580455218	0.0474233333	0.218441529	0	100	0	0	3
7570	1694	0	2.95703125	-0.580622376	-0.608193494	-0.632533636	-0.580455218	0.0473653465	0.218070998	0	100	0	0	3
7575	1695	0	2.95898438	-0.579522086	-0.607986418	-0.631705301	-0.579522086	0.0473115034	0.21762427	0	100	0	0	3
7580	1697	0	2.9609375	-0.580945041	-0.607788135	-0.631689581	-0.579522086	0.0472482858	0.218129333	0	100	0	0	3
7585	1698	0	2.96289062	-0.580944931	-0.60759099	-0.631689581	-0.579522086	0.0471854525	0.218096576	0	100	0	0	3
7590	1699	0	2.96484375	-0.578879745	-0.60738522	-0.631689581	-0.578879745	0.0471324065	0.217283359	0	100	0	0	3
7595	1700	0	2.96679688	-0.580376497	-0.607185561	-0.631689581	-0.578879745	0.0470738594	0.217810739	0	100	0	0	3
7600	1701	0	2.96875	-0.579441685	-0.606982968	-0.631689581	-0.578879745	0.0470191848	0.217423682	0	100	0	0	3
7605	1703	0	2.97070312	-0.579705268	-0.606781193	-0.631689581	-0.578879745	0.0469649037	0.217486472	0	100	0	0	3
7610	1705	0	2.97265625	-0.579878849	-0.60657953	-0.631689581	-0.578879745	0.0469123454	0.217511484	0	100	0	0	3
7615	1706	0	2.97460938	-0.577674232	-0.606368533	-0.631169618	-0.577674232	0.0468650153	0.216638855	0	100	0	0	3
7620	1707	0	2.9765625	-0.579155487	-0.606168785	-0.631169618	-0.577674232	0.0468110927	0.217151784	0	100	0	0	3
7625	1708	0	2.97851562	-0.578207446	-0.605961901	-0.630888716	-0.577674232	0.0467639118	0.216750574	0	100	0	0	3
7630	1709	0	2.98046875	-0.577753409	-0.605754342	-0.63087233	-0.577674232	0.0467180519	0.216534387	0	100	0	0	3
7635	1710	0	2.98242188	-0.578114196	-0.605548255	-0.630774827	-0.577674232	0.0466691226	0.216625666	0	100	0	0	3
7640	1711	0	2.984375	-0.57830698	-0.605345673	-0.630774827	-0.577674232	0.0466203559	0.216658666	0	100	0	0	3
7645	1712	0	2.98632812	-0.578273776	-0.605140591	-0.630704391	-0.577674232	0.0465748699	0.216613235	0	100	0	0	3
7650	1714	0	2.98828125	-0.577772807	-0.604933827	-0.630211044	-0.577674232	0.0465288295	0.216396652	0	100	0	0	3
7655	1715	0	2.99023438	-0.577356296	-0.604727895	-0.630211044	-0.577356296	0.0464837098	0.216213072	0	100	0	0	3
7660	1716	0	2.9921875	-0.577870168	-0.604523959	-0.630211044	-0.577356296	0.0464386237	0.216380286	0	100	0	0	3
7665	1717	0	2.99414062	-0.576982087	-0.604316033	-0.630103525	-0.576982087	0.0463976557	0.216022253	0	100	0	0	3
7670	1718	0	2.99609375	-0.57738498	-0.604110348	-0.630103525	-0.576982087	0.046354454	0.216150707	0	100	0	0	3
7675	1719	0	2.99804688	-0.578125873	-0.603908022	-0.630103525	-0.576982087	0.0463087934	0.216403982	0	100	0	0	3
7680	1721	0	3	-0.577003588	-0.603702089	-0.630103525	-0.576982087	0.0462669723	0.21595372	0	100	0	0	3
7685	1722	0	3.00195312	-0.576756178	-0.60349637	-0.630103525	-0.576756178	0.0462276165	0.215804273	0	100	0	0	3
7690	1723	0	3.00390625	-0.577486955	-0.603291778	-0.630103525	-0.576756178	0.0461887408	0.21604757	0	100	0	0	3
7695	1724	0	3.00585938	-0.577302615	-0.603085524	-0.630050597	-0.576756178	0.0461483639	0.215946513	0	100	0	0	3
7700	1725	0	3.0078125	-0.575988078	-0.602878956	-0.630050597	-0.575988078	0.0461100434	0.215418079	0	100	0	0	3
7705	1728	0	3.00976562	-0.576205971	-0.602674011	-0.630050597	-0.575988078	0.0460694483	0.215462677	0	100	0	0	3
7710	1729	0	3.01171875	-0.576836604	-0.602471385	-0.630050597	-0.575988078	0.0460344012	0.215662514	0	100	0	0	3
7715	1730	0	3.01367188	-0.576812495	-0.602263423	-0.629206179	-0.575988078	0.046002564	0.215618102	0	100	0	0	3
7720	1732	0	3.015625	-0.576342699	-0.602056925	-0.628789687	-0.575988078	0.045965646	0.215406319	0	100	0	0	3
7725	1733	0	3.01757812	-0.576099201	-0.6018526	-0.628789687	-0.575988078	0.0459264619	0.215276787	0	100	0	0	3
7730	1734	0	3.01953125	-0.576615357	-0.601651472	-0.628789687	-0.575988078	0.0458896967	0.215432437	0	100	0	0	3
7735	1735	0	3.02148438	-0.575872709	-0.601444765	-0.628254125	-0.575872709	0.0458549106	0.215118811	0	100	0	0	3
7740	1736	0	3.0234375	-0.57624696	-0.601243921	-0.628254125	-0.575872709	0.0458162623	0.215225204	0	100	0	0	3
7745	1738	0	3.02539062	-0.575803568	-0.601041773	-0.628254125	-0.575803568	0.0457813574	0.215025995	0	100	0	0	3
7750	1739	0	3.02734375	-0.576186219	-0.600838383	-0.627576708	-0.575803568	0.045745369	0.215134095	0	100	0	0	3
7755	1740	0	3.02929688	-0.575780011	-0.600637615	-0.627576708	-0.575780011	0.0457113029	0.214947062	0	100	0	0	3
7760	1741	0	3.03125	-0.575137728	-0.600432775	-0.627084441	-0.575137728	0.0456799761	0.214673681	0	100	0	0	3
7765	1742	0	3.03320312	-0.57522261	-0.600231564	-0.627084441	-0.575137728	0.0456479093	0.214673668	0	100	0	0	3
7770	1743	0	3.03515625	-0.576716864	-0.600035087	-0.627084441	-0.575137728	0.0456124161	0.215198883	0	100	0	0	3
7775	1744	0	3.03710938	-0.574846222	-0.599831535	-0.627084441	-0.574846222	0.0455860591	0.214463106	0	100	0	0	3
7780	1746	0	3.0390625	-0.574564797	-0.599629167	-0.627084441	-0.574564797	0.0455626586	0.214322689	0	100	0	0	3
7785	1747	0	3.04101562	-0.577789591	-0.599436609	-0.626821735	-0.574564797	0.0455316557	0.215495839	0	100	0	0	3
7790	1748	0	3.04296875	-0.574612772	-0.599232668	-0.626627158	-0.574564797	0.045510805	0.214271742	0	100	0	0	3
7795	1749	0	3.04492188	-0.574790712	-0.599030182	-0.626032587	-0.574564797	0.0454889907	0.214301436	0	100	0	0	3
7800	1750	0	3.046875	-0.575437551	-0.598833976	-0.626032587	-0.574564797	0.0454638199	0.214506945	0	100	0	0	3
7805	1753	0	3.04882812	-0.575417163	-0.59863626	-0.62590129	-0.574564797	0.0454406582	0.214465551	0	100	0	0	3
7810	1754	0	3.05078125	-0.575349054	-0.598440943	-0.62590129	-0.574564797	0.0454132701	0.214410464	0	100	0	0	3
7815	1755	0	3.05273438	-0.576067458	-0.598251421	-0.62590129	-0.574564797	0.0453851132	0.214650681	0	100	0	0	3
7820	1756	0	3.0546875	-0.573187964	-0.59804551	-0.624960812	-0.573187964	0.0453716062	0.21354576	0	100	0	0	3
7825	1757	0	3.05664062	-0.574724018	-0.597849817	-0.624960812	-0.573187964	0.0453509363	0.214092162	0	100	0	0	3
7830	1759	0	3.05859375	-0.575459534	-0.597657853	-0.624960812	-0.573187964	0.0453276971	0.214340994	0	100	0	0	3
7835	1760	0	3.06054688	-0.574952629	-0.597462508	-0.624061827	-0.573187964	0.0453071283	0.214125712	0	100	0	0	3
7840	1761	0	3.0625	-0.57436792	-0.597269883	-0.624061827	-0.573187964	0.0452900292	0.213879359	0	100	0	0	3
7845	1762	0	3.06445312	-0.573716445	-0.597073222	-0.623932605	-0.573187964	0.0452777044	0.213605971	0	100	0	0	3
7850	1763	0	3.06640625	-0.574490783	-0.59688009	-0.623863826	-0.573187964	0.0452599673	0.213876189	0	100	0	0	3
7855	1765	0	3.06835938	-0.573128543	-0.596684309	-0.623863826	-0.573128543	0.0452480923	0.213340586	0	100	0	0	3
7860	1766	0	3.0703125	-0.574723694	-0.596493537	-0.623863826	-0.573128543	0.045235022	0.213908931	0	100	0	0	3
7865	1767	0	3.07226562	-0.572574917	-0.59629355	-0.623863826	-0.572574917	0.0452316972	0.213076833	0	100	0	0	3
7870	1768	0	3.07421875	-0.57456658	-0.596100983	-0.623145403	-0.572574917	0.0452209594	0.213790205	0	100	0	0	3
7875	1769	0	3.07617188	-0.575020537	-0.595912995	-0.622579141	-0.572574917	0.0452047039	0.213930253	0	100	0	0	3
7880	1770	0	3.078125	-0.572740324	-0.595718312	-0.622452578	-0.572574917	0.0451941124	0.213050983	0	100	0	0	3
7885	1772	0	3.08007812	-0.574520305	-0.595532587	-0.622452578	-0.572574917	0.0451779556	0.213686755	0	100	0	0	3
7890	1773	0	3.08203125	-0.575045808	-0.59534815	-0.622452578	-0.572574917	0.0451618316	0.213851892	0	100	0	0	3
7895	1774	0	3.08398438	-0.574203493	-0.595160542	-0.622452578	-0.572574917	0.04514706	0.213506248	0	100	0	0	3
7900	1775	0	3.0859375	-0.575090163	-0.594976749	-0.622452578	-0.572574917	0.045132797	0.213808209	0	100	0	0	3
7905	1778	0	3.08789062	-0.574315833	-0.594788715	-0.622136391	-0.572574917	0.045123006	0.21349164	0	100	0	0	3
7910	1779	0	3.08984375	-0.573873573	-0.594601712	-0.622136391	-0.572574917	0.04511275	0.21329691	0	100	0	0	3
7915	1780	0	3.09179688	-0.57588767	-0.594423606	-0.622136391	-0.572574917	0.0450937528	0.21401953	0	100	0	0	3
7920	1781	0	3.09375	-0.573227327	-0.594236948	-0.622136391	-0.572574917	0.0450873246	0.212999883	0	100	0	0	3
7925	1782	0	3.09570312	-0.57393822	-0.594048674	-0.621264714	-0.572574917	0.0450801886	0.213240867	0	100	0	0	3
7930	1783	0	3.09765625	-0.573902236	-0.59386512	-0.621264714	-0.572574917	0.0450710367	0.213204083	0	100	0	0	3
7935	1784	0	3.09960938	-0.573677105	-0.593679231	-0.621138195	-0.572574917	0.0450624099	0.213095274	0	100	0	0	3
7940	1786	0	3.1015625	-0.573613969	-0.593496431	-0.621138195	-0.572574917	0.0450543416	0.213047102	0	100	0	0	3
7945	1787	0	3.10351562	-0.574626757	-0.593316334	-0.621138195	-0.572574917	0.0450429987	0.213402485	0	100	0	0	3
7950	1788	0	3.10546875	-0.572940691	-0.593131457	-0.621138195	-0.572574917	0.0450386737	0.212754341	0	100	0	0	3
7955	1789	0	3.10742188	-0.574570283	-0.592953248	-0.621138195	-0.572574917	0.0450314017	0.213340551	0	100	0	0	3
7960	1790	0	3.109375	-0.5737593	-0.592768175	-0.620315039	-0.572574917	0.0450296662	0.213017122	0	100	0	0	3
7965	1792	0	3.11132812	-0.572914899	-0.592584287	-0.620315039	-0.572574917	0.0450300667	0.212681594	0	100	0	0	3
7970	1793	0	3.11328125	-0.57390635	-0.592403003	-0.620132432	-0.572574917	0.0450281954	0.21303206	0	100	0	0	3
7975	1794	0	3.11523438	-0.573287322	-0.592220015	-0.619859316	-0.572574917	0.0450276186	0.212782648	0	100	0	0	3
7980	1795	0	3.1171875	-0.574230885	-0.592041778	-0.619779628	-0.572574917	0.0450203072	0.213111546	0	100	0	0	3
7985	1796	0	3.11914062	-0.570752189	-0.591854169	-0.619779628	-0.570752189	0.0450304627	0.211791954	0	100	0	0	3
7990	1798	0	3.12109375	-0.573113816	-0.591671881	-0.619281323	-0.570752189	0.045032733	0.212646703	0	100	0	0	3
7995	1799	0	3.12304688	-0.573815961	-0.591496009	-0.619281323	-0.570752189	0.045032259	0.212885064	0	100	0	0	3
8000	1800	0	3.125	-0.571897918	-0.591311135	-0.619281323	-0.570752189	0.0450416722	0.212146885	0	100	0	0	3
8005	1802	0	3.12695312	-0.573299621	-0.591132273	-0.619281323	-0.570752189	0.0450489974	0.212643517	0	100	0	0	3
8010	1803	0	3.12890625	-0.571769687	-0.590946681	-0.618646212	-0.570752189	0.0450581282	0.212048034	0	100	0	0	3
8015	1805	0	3.13085938	-0.569696059	-0.59075734	-0.618646212	-0.569696059	0.0450744202	0.211252373	0	100	0	0	3
8020	1806	0	3.1328125	-0.571884259	-0.590576092	-0.618646212	-0.569696059	0.0450845572	0.212080185	0	100	0	0	3
8025	1807	0	3.13476562	-0.569667759	-0.59038477	-0.618310478	-0.569667759	0.0451041416	0.211234034	0	100	0	0	3
8030	1809	0	3.13671875	-0.57226176	-0.590205247	-0.618310478	-0.569667759	0.0451153995	0.212177626	0	100	0	0	3
8035	1810	0	3.13867188	-0.57024773	-0.590017502	-0.618275577	-0.569667759	0.0451369122	0.211408338	0	100	0	0	3
8040	1811	0	3.140625	-0.569776197	-0.589828051	-0.617433463	-0.569667759	0.0451573181	0.211214656	0	100	0	0	3
8045	1812	0	3.14257812	-0.570210576	-0.589643587	-0.617201379	-0.569667759	0.045171175	0.211358952	0	100	0	0	3
8050	1814	0	3.14453125	-0.570118103	-0.589461039	-0.617201379	-0.569667759	0.0451873629	0.211304555	0	100	0	0	3
8055	1815	0	3.14648438	-0.569296222	-0.589273909	-0.616529538	-0.569296222	0.0452080246	0.210978258	0	100	0	0	3
8060	1816	0	3.1484375	-0.569462327	-0.589092397	-0.616529538	-0.569296222	0.0452224466	0.211020434	0	100	0	0	3
8065	1817	0	3.15039062	-0.568847159	-0.588907506	-0.616529538	-0.568847159	0.045239726	0.210772992	0	100	0	0	3
8070	1818	0	3.15234375	-0.568420488	-0.588722597	-0.616529538	-0.568420488	0.0452633581	0.210595522	0	100	0	0	3
8075	1820	0	3.15429688	-0.569513254	-0.58853894	-0.616212413	-0.568420488	0.0452831843	0.210981323	0	100	0	0	3
8080	1821	0	3.15625	-0.569552802	-0.588358132	-0.616212413	-0.568420488	0.0453028804	0.210977246	0	100	0	0	3
8085	1822	0	3.15820312	-0.568674433	-0.588174568	-0.616212413	-0.568420488	0.0453280207	0.210634534	0	100	0	0	3
8090	1823	0	3.16015625	-0.568375094	-0.587989526	-0.616212413	-0.568375094	0.045355896	0.210508998	0	100	0	0	3
8095	1825	0	3.16210938	-0.568863108	-0.587804567	-0.615399432	-0.568375094	0.0453835396	0.210675995	0	100	0	0	3
8100	1826	0	3.1640625	-0.567883724	-0.587619324	-0.615399432	-0.567883724	0.0454119442	0.210297566	0	100	0	0	3
8105	1828	0	3.16601562	-0.566578546	-0.587429776	-0.615399432	-0.566578546	0.0454442594	0.209800521	0	100	0	0	3
8110	1829	0	3.16796875	-0.567293364	-0.587244427	-0.615399432	-0.566578546	0.0454764722	0.210056888	0	100	0	0	3
8115	1830	0	3.16992188	-0.568042074	-0.587059437	-0.614187869	-0.566578546	0.0455055153	0.210326677	0	100	0	0	3
8120	1832	0	3.171875	-0.56751921	-0.586877138	-0.613666706	-0.566578546	0.0455315001	0.210123721	0	100	0	0	3
8125	1833	0	3.17382812	-0.568297871	-0.586700044	-0.613666706	-0.566578546	0.0455521321	0.210405949	0	100	0	0	3
8130	1834	0	3.17578125	-0.566527349	-0.586517417	-0.613666706	-0.566527349	0.0455810146	0.209743139	0	100	0	0	3
8135	1836	0	3.17773438	-0.566666071	-0.586334502	-0.613666706	-0.566527349	0.0456118661	0.209789372	0	100	0	0	3
8140	1837	0	3.1796875	-0.567449334	-0.586153965	-0.612612572	-0.566527349	0.0456375542	0.21007064	0	100	0	0	3
8145	1838	0	3.18164062	-0.567226787	-0.585976677	-0.612543743	-0.566527349	0.0456608572	0.209974489	0	100	0	0	3
8150	1839	0	3.18359375	-0.567104255	-0.585799179	-0.612377892	-0.566527349	0.0456845656	0.209914272	0	100	0	0	3
8155	1840	0	3.18554688	-0.565735634	-0.585617752	-0.612377892	-0.565735634	0.0457146499	0.209389842	0	100	0	0	3
8160	1842	0	3.1875	-0.566493323	-0.585438516	-0.611781842	-0.565735634	0.0457400112	0.209652733	0	100	0	0	3
8165	1843	0	3.18945312	-0.565565282	-0.585257982	-0.611220676	-0.565565282	0.045655394	0.209287432	0	100	0	0	3
8170	1844	0	3.19140625	-0.566202152	-0.585082129	-0.611139305	-0.565565282	0.0455740236	0.209503106	0	100	0	0	3
8175	1845	0	3.19335938	-0.565741893	-0.584905812	-0.611139305	-0.565565282	0.0455740236	0.209314003	0	100	0	0	3
8180	1847	0	3.1953125	-0.566888799	-0.584733045	-0.611139305	-0.565565282	0.0455740236	0.209722741	0	100	0	0	3
8185	1848	0	3.19726562	-0.564597535	-0.584551241	-0.610394465	-0.564597535	0.0457969303	0.208898539	0	100	0	0	3
8190	1849	0	3.19921875	-0.56500389	-0.584373934	-0.610385367	-0.564597535	0.0457878321	0.209034625	0	100	0	0	3
8195	1850	0	3.20117188	-0.56416595	-0.58419473	-0.610385367	-0.56416595	0.0459164028	0.208711958	0	100	0	0	3
8200	1852	0	3.203125	-0.565610154	-0.584022463	-0.610385367	-0.56416595	0.0459386367	0.209238881	0	100	0	0	3
8205	1854	0	3.20507812	-0.56561544	-0.583850592	-0.610385367	-0.56416595	0.0459624578	0.209232552	0	100	0	0	3
8210	1855	0	3.20703125	-0.564236924	-0.583670325	-0.609965998	-0.56416595	0.0458000489	0.208711375	0	100	0	0	3
8215	1856	0	3.20898438	-0.5638767	-0.583490289	-0.609551087	-0.5638767	0.0456743875	0.208567757	0	100	0	0	3
8220	1858	0	3.2109375	-0.564629684	-0.583319338	-0.609551087	-0.5638767	0.0456743875	0.208838946	0	100	0	0	3
8225	1859	0	3.21289062	-0.565922893	-0.583148916	-0.60911529	-0.5638767	0.0452385903	0.209311275	0	100	0	0	3
8230	1860	0	3.21484375	-0.563608884	-0.582971156	-0.608817775	-0.563608884	0.0452088905	0.208443063	0	100	0	0	3
8235	1861	0	3.21679688	-0.567184621	-0.582808527	-0.608154637	-0.563608884	0.0445457529	0.2097593	0	100	0	0	3
8240	1862	0	3.21875	-0.566071437	-0.58264604	-0.608154637	-0.563608884	0.0445457529	0.209336349	0	100	0	0	3
8245	1864	0	3.22070312	-0.564310957	-0.582475628	-0.608154637	-0.563608884	0.0445457529	0.208674522	0	100	0	0	3
8250	1865	0	3.22265625	-0.564159073	-0.58230377	-0.607695619	-0.563608884	0.0440867345	0.208610853	0	100	0	0	3
8255	1866	0	3.22460938	-0.564504168	-0.582135053	-0.6076341	-0.563608884	0.0440252155	0.208729748	0	100	0	0	3
8260	1867	0	3.2265625	-0.562524765	-0.581959744	-0.6076341	-0.562524765	0.0451093347	0.207987045	0	100	0	0	3
8265	1869	0	3.22851562	-0.564574469	-0.581792645	-0.6076341	-0.562524765	0.0451093347	0.208742466	0	100	0	0	3
8270	1870	0	3.23046875	-0.563390406	-0.581623525	-0.6076341	-0.562524765	0.0451093347	0.208299927	0	100	0	0	3
8275	1871	0	3.23242188	-0.561371786	-0.581442812	-0.60734113	-0.561371786	0.0459693444	0.207547621	0	100	0	0	3
8280	1872	0	3.234375	-0.563339849	-0.581275823	-0.60734113	-0.561371786	0.0459693444	0.208274292	0	100	0	0	3
8285	1874	0	3.23632812	-0.562351299	-0.581100082	-0.605912706	-0.561371786	0.0445409204	0.207906241	0	100	0	0	3
8290	1875	0	3.23828125	-0.564792418	-0.580939456	-0.605208193	-0.561371786	0.0438364072	0.208813792	0	100	0	0	3
8295	1876	0	3.24023438	-0.562733099	-0.580773537	-0.605058318	-0.561371786	0.0436865323	0.208053415	0	100	0	0	3
8300	1877	0	3.2421875	-0.563210363	-0.580610069	-0.604811199	-0.561371786	0.0434394135	0.208231432	0	100	0	0	3
8305	1880	0	3.24414062	-0.562546634	-0.580445253	-0.604811199	-0.561371786	0.0434394135	0.207982944	0	100	0	0	3
8310	1881	0	3.24609375	-0.562416278	-0.580279648	-0.604603293	-0.561371786	0.043231507	0.207930715	0	100	0	0	3
8315	1882	0	3.24804688	-0.563550086	-0.580119284	-0.604490718	-0.561371786	0.0431189324	0.208345709	0	100	0	0	3
8320	1883	0	3.25	-0.562227255	-0.579954192	-0.604177573	-0.561371786	0.0428057876	0.207845412	0	100	0	0	3
8325	1885	0	3.25195312	-0.562307288	-0.579790636	-0.604024521	-0.561371786	0.0426527358	0.207861428	0	100	0	0	3
8330	1886	0	3.25390625	-0.562661921	-0.579629064	-0.603635027	-0.561371786	0.0422632411	0.207978308	0	100	0	0	3
8335	1887	0	3.25585938	-0.561475282	-0.579466684	-0.603635027	-0.561371786	0.0422632411	0.207524958	0	100	0	0	3
8340	1888	0	3.2578125	-0.562448986	-0.579308946	-0.603635027	-0.561371786	0.0422632411	0.207875149	0	100	0	0	3
8345	1889	0	3.25976562	-0.562623951	-0.579148746	-0.602845856	-0.561371786	0.0414740709	0.207929211	0	100	0	0	3
8350	1891	0	3.26171875	-0.561550682	-0.578990888	-0.602845856	-0.561371786	0.0414740709	0.207519049	0	100	0	0	3
8355	1892	0	3.26367188	-0.563460175	-0.578837937	-0.602845856	-0.561371786	0.0414740709	0.208253086	0	100	0	0	3
8360	1893	0	3.265625	-0.563420539	-0.578689136	-0.602845856	-0.561371786	0.0414740709	0.208233671	0	100	0	0	3
8365	1894	0	3.26757812	-0.560788681	-0.578529107	-0.602845856	-0.560788681	0.0420571752	0.207255262	0	100	0	0	3
8370	1895	0	3.26953125	-0.560843278	-0.578365034	-0.601710511	-0.560788681	0.0409218297	0.207272015	0	100	0	0	3
8375	1897	0	3.27148438	-0.561784171	-0.578212359	-0.601710511	-0.560788681	0.0409218297	0.207616889	0	100	0	0	3
8380	1898	0	3.2734375	-0.560784483	-0.57805374	-0.601710511	-0.560784483	0.0409260284	0.207243172	0	100	0	0	3
8385	1899	0	3.27539062	-0.560605558	-0.577894603	-0.601710511	-0.560605558	0.0411049533	0.207175618	0	100	0	0	3
8390	1900	0	3.27734375	-0.561898036	-0.577739085	-0.600630508	-0.560605558	0.0400249501	0.207653515	0	100	0	0	3
8395	1902	0	3.27929688	-0.561100323	-0.577585255	-0.600630508	-0.560605558	0.0400249501	0.207354266	0	100	0	0	3
8400	1903	0	3.28125	-0.560893853	-0.577431837	-0.600630508	-0.560605558	0.0400249501	0.207274104	0	100	0	0	3
8405	1905	0	3.28320312	-0.561625618	-0.577281019	-0.600630508	-0.560605558	0.0400249501	0.207542277	0	100	0	0	3
8410	1906	0	3.28515625	-0.560880078	-0.577128773	-0.600630508	-0.560605558	0.0400249501	0.207263099	0	100	0	0	3
8415	1907	0	3.28710938	-0.560173384	-0.576970737	-0.599713201	-0.560173384	0.0395398168	0.206998127	0	100	0	0	3
8420	1908	0	3.2890625	-0.560824612	-0.576823069	-0.599713201	-0.560173384	0.0395398168	0.207235064	0	100	0	0	3
8425	1910	0	3.29101562	-0.559163625	-0.576664672	-0.598788468	-0.559163625	0.0396248428	0.206615637	0	100	0	0	3
8430	1911	0	3.29296875	-0.559586781	-0.576512949	-0.598788468	-0.559163625	0.0396248428	0.206771002	0	100	0	0	3
8435	1912	0	3.29492188	-0.560286666	-0.576362552	-0.598587319	-0.559163625	0.0394236938	0.207030584	0	100	0	0	3
8440	1913	0	3.296875	-0.559459467	-0.576210176	-0.598587319	-0.559163625	0.0394236938	0.206722274	0	100	0	0	3
8445	1914	0	3.29882812	-0.55852643	-0.576053688	-0.598329134	-0.55852643	0.0398027034	0.206375215	0	100	0	0	3
8450	1916	0	3.30078125	-0.558990834	-0.575900023	-0.597494103	-0.55852643	0.0389676727	0.206548554	0	100	0	0	3
8455	1917	0	3.30273438	-0.558387556	-0.575747263	-0.597284882	-0.558387556	0.0388973266	0.206328093	0	100	0	0	3
8460	1918	0	3.3046875	-0.560259182	-0.57560522	-0.597284882	-0.558387556	0.0388973266	0.207026495	0	100	0	0	3
8465	1919	0	3.30664062	-0.558873498	-0.575456057	-0.597284882	-0.558387556	0.0388973266	0.206515249	0	100	0	0	3
8470	1921	0	3.30859375	-0.558494034	-0.575306593	-0.597284882	-0.558387556	0.0388973266	0.206375753	0	100	0	0	3
8475	1922	0	3.31054688	-0.558800141	-0.575156262	-0.596594765	-0.558387556	0.0382072099	0.206489538	0	100	0	0	3
8480	1923	0	3.3125	-0.557771614	-0.575004609	-0.595524059	-0.557771614	0.0377524451	0.206106274	0	100	0	0	3
8485	1924	0	3.31445312	-0.558373331	-0.574861179	-0.595524059	-0.557771614	0.0377524451	0.206323784	0	100	0	0	3
8490	1926	0	3.31640625	-0.556851468	-0.574710114	-0.595103838	-0.556851468	0.0382523708	0.205750871	0	100	0	0	3
8495	1927	0	3.31835938	-0.558751077	-0.574568111	-0.594608592	-0.556851468	0.0377571247	0.206445774	0	100	0	0	3
8500	1928	0	3.3203125	-0.557447075	-0.574422949	-0.594529782	-0.556851468	0.0376783147	0.205954505	0	100	0	0	3
8505	1931	0	3.32226562	-0.557865397	-0.574279729	-0.594411418	-0.556851468	0.0375599508	0.206102864	0	100	0	0	3
8510	1932	0	3.32421875	-0.557065889	-0.574135734	-0.594411418	-0.556851468	0.0375599508	0.20579919	0	100	0	0	3
8515	1933	0	3.32617188	-0.556987177	-0.573989742	-0.594411418	-0.556851468	0.0375599508	0.205762563	0	100	0	0	3
8520	1934	0	3.328125	-0.558150758	-0.573848099	-0.593832489	-0.556851468	0.036981021	0.206204219	0	100	0	0	3
8525	1935	0	3.33007812	-0.557545458	-0.573706631	-0.593832489	-0.556851468	0.036981021	0.205977498	0	100	0	0	3
8530	1937	0	3.33203125	-0.557985185	-0.573566602	-0.593393103	-0.556851468	0.0365416353	0.206138398	0	100	0	0	3
8535	1938	0	3.33398438	-0.556624162	-0.573425348	-0.593393103	-0.556624162	0.0367689407	0.205630535	0	100	0	0	3
8540	1939	0	3.3359375	-0.558097316	-0.573287474	-0.593025039	-0.556624162	0.036400877	0.206173937	0	100	0	0	3
8545	1940	0	3.33789062	-0.556375278	-0.573144311	-0.59280038	-0.556375278	0.0364251015	0.205534819	0	100	0	0	3
8550	1942	0	3.33984375	-0.554914653	-0.572998023	-0.59280038	-0.554914653	0.0378857264	0.20499343	0	100	0	0	3
8555	1943	0	3.34179688	-0.556247475	-0.572855563	-0.59280038	-0.554914653	0.0378857264	0.205486518	0	100	0	0	3
8560	1944	0	3.34375	-0.556038015	-0.572714636	-0.59280038	-0.554914653	0.0378857264	0.20540645	0	100	0	0	3
8565	1945	0	3.34570312	-0.556782512	-0.572576537	-0.59280038	-0.554914653	0.0378857264	0.20568044	0	100	0	0	3
8570	1946	0	3.34765625	-0.556186334	-0.572436885	-0.59280038	-0.554914653	0.0378857264	0.205458489	0	100	0	0	3
8575	1948	0	3.34960938	-0.556883995	-0.572296587	-0.591788363	-0.554914653	0.0368737097	0.205715857	0	100	0	0	3
8580	1949	0	3.3515625	-0.556377582	-0.572158263	-0.591555533	-0.554914653	0.0366408797	0.205525353	0	100	0	0	3
8585	1950	0	3.35351562	-0.555886126	-0.572019172	-0.591555533	-0.554914653	0.0366408797	0.205339342	0	100	0	0	3
8590	1952	0	3.35546875	-0.556626652	-0.571882731	-0.59095762	-0.554914653	0.0360429663	0.205610659	0	100	0	0	3
8595	1953	0	3.35742188	-0.556890862	-0.571751597	-0.59095762	-0.554914653	0.0360429663	0.205706639	0	100	0	0	3
8600	1954	0	3.359375	-0.555596199	-0.571615679	-0.59095762	-0.554914653	0.0360429663	0.205224519	0	100	0	0	3
8605	1956	0	3.36132812	-0.556813164	-0.571491516	-0.59095762	-0.554914653	0.0360429663	0.205671957	0	100	0	0	3
8610	1958	0	3.36328125	-0.556315718	-0.571362936	-0.59095762	-0.554914653	0.0360429663	0.20548399	0	100	0	0	3
8615	1959	0	3.36523438	-0.555463329	-0.571230622	-0.59095762	-0.554914653	0.0360429663	0.205166272	0	100	0	0	3
8620	1960	0	3.3671875	-0.556150886	-0.571094658	-0.588763877	-0.554914653	0.033849224	0.205420436	0	100	0	0	3
8625	1961	0	3.36914062	-0.553889485	-0.570958507	-0.588763877	-0.553889485	0.034874392	0.204581234	0	100	0	0	3
8630	1963	0	3.37109375	-0.555105849	-0.570827643	-0.588763877	-0.553889485	0.034874392	0.205030224	0	100	0	0	3
8635	1964	0	3.37304688	-0.555158035	-0.570696756	-0.588763877	-0.553889485	0.034874392	0.205047584	0	100	0	0	3
8640	1965	0	3.375	-0.554146923	-0.570563243	-0.588763877	-0.553889485	0.034874392	0.204671491	0	100	0	0	3
8645	1966	0	3.37695312	-0.554127855	-0.570428109	-0.588763877	-0.553889485	0.034874392	0.204661451	0	100	0	0	3
8650	1968	0	3.37890625	-0.555580502	-0.570298487	-0.587994464	-0.553889485	0.0341049784	0.205194236	0	100	0	0	3
8655	1969	0	3.38085938	-0.554651632	-0.57017039	-0.587994464	-0.553889485	0.0341049784	0.204843088	0	100	0	0	3
8660	1970	0	3.3828125	-0.554106048	-0.570038013	-0.587663951	-0.553889485	0.0337744662	0.204634405	0	100	0	0	3
8665	1971	0	3.38476562	-0.553663908	-0.569905201	-0.587598522	-0.553663908	0.0339346145	0.204465435	0	100	0	0	3
8670	1973	0	3.38671875	-0.553383862	-0.56977155	-0.587368313	-0.553383862	0.0339844507	0.204355987	0	100	0	0	3
8675	1974	0	3.38867188	-0.554420619	-0.569645335	-0.587368313	-0.553383862	0.0339844507	0.204733486	0	100	0	0	3
8680	1975	0	3.390625	-0.552765231	-0.569510674	-0.587368313	-0.552765231	0.0346030819	0.204114267	0	100	0	0	3
8685	1977	0	3.39257812	-0.553760678	-0.569379394	-0.586934466	-0.552765231	0.0341692353	0.204474077	0	100	0	0	3
8690	1978	0	3.39453125	-0.553614105	-0.569249387	-0.586934466	-0.552765231	0.0341692353	0.204415961	0	100	0	0	3
8695	1979	0	3.39648438	-0.552651611	-0.569118271	-0.586934466	-0.552651611	0.0342828556	0.204053975	0	100	0	0	3
8700	1980	0	3.3984375	-0.552850737	-0.568988978	-0.586934466	-0.552651611	0.0342828556	0.204121625	0	100	0	0	3
8705	1982	0	3.40039062	-0.552589349	-0.568854817	-0.586474519	-0.552589349	0.0338851704	0.204019996	0	100	0	0	3
8710	1983	0	3.40234375	-0.553286942	-0.568725178	-0.585140187	-0.552589349	0.0325508381	0.204274847	0	100	0	0	3
8715	1985	0	3.40429688	-0.553875024	-0.568604434	-0.585140187	-0.552589349	0.0325508381	0.204488956	0	100	0	0	3
8720	1986	0	3.40625	-0.552236325	-0.568475904	-0.585115108	-0.552236325	0.0328787833	0.203876657	0	100	0	0	3
8725	1987	0	3.40820312	-0.552290266	-0.568347977	-0.585115108	-0.552236325	0.0328787833	0.203891517	0	100	0	0	3
8730	1988	0	3.41015625	-0.553408332	-0.568225693	-0.585115108	-0.552236325	0.0328787833	0.204302138	0	100	0	0	3
8735	1989	0	3.41210938	-0.552678341	-0.56810174	-0.585115108	-0.552236325	0.0328787833	0.204028907	0	100	0	0	3
8740	1991	0	3.4140625	-0.553169068	-0.567976951	-0.584274782	-0.552236325	0.0320384571	0.204205916	0	100	0	0	3
8745	1992	0	3.41601562	-0.551267445	-0.567848016	-0.584069784	-0.551267445	0.0328023388	0.20349514	0	100	0	0	3
8750	1993	0	3.41796875	-0.553408523	-0.567733007	-0.584069784	-0.551267445	0.0328023388	0.204282953	0	100	0	0	3
8755	1995	0	3.41992188	-0.553239327	-0.567618535	-0.584069784	-0.551267445	0.0328023388	0.204215537	0	100	0	0	3
8760	1996	0	3.421875	-0.552268851	-0.567495583	-0.584069784	-0.551267445	0.0328023388	0.203850127	0	100	0	0	3
8765	1997	0	3.42382812	-0.551509829	-0.567372761	-0.584069784	-0.551267445	0.0328023388	0.203561146	0	100	0	0	3
8770	1999	0	3.42578125	-0.551990167	-0.56724745	-0.582631204	-0.551267445	0.0313637587	0.203730927	0	100	0	0	3
8775	2000	0	3.42773438	-0.553550574	-0.567136589	-0.582631204	-0.551267445	0.0313637587	0.204301817	0	100	0	0	3
8780	2001	0	3.4296875	-0.549431718	-0.567007211	-0.582631204	-0.549431718	0.0331994859	0.202769579	0	100	0	0	3
8785	2002	0	3.43164062	-0.551746938	-0.566889827	-0.582631204	-0.549431718	0.0331994859	0.203618978	0	100	0	0	3
8790	2004	0	3.43359375	-0.551975325	-0.566770077	-0.582569838	-0.549431718	0.0331381204	0.203693836	0	100	0	0	3
8795	2005	0	3.43554688	-0.551583362	-0.566649036	-0.582410965	-0.549431718	0.0329792468	0.203539525	0	100	0	0	3
8800	2006	0	3.4375	-0.550301873	-0.56652361	-0.581938378	-0.549431718	0.0325066601	0.203056603	0	100	0	0	3
8805	2009	0	3.43945312	-0.550999488	-0.566405532	-0.581938378	-0.549431718	0.0325066601	0.203306407	0	100	0	0	3
8810	2010	0	3.44140625	-0.551646954	-0.566287206	-0.58172536	-0.549431718	0.0322936419	0.203536719	0	100	0	0	3
8815	2011	0	3.44335938	-0.550742465	-0.566170838	-0.58172536	-0.549431718	0.0322936419	0.203192874	0	100	0	0	3
8820	2012	0	3.4453125	-0.551042206	-0.566050982	-0.581624907	-0.549431718	0.0321931892	0.203296329	0	100	0	0	3
8825	2014	0	3.44726562	-0.551872022	-0.565936638	-0.581624907	-0.549431718	0.0321931892	0.203597931	0	100	0	0	3
8830	2015	0	3.44921875	-0.550630373	-0.565817525	-0.581624907	-0.549431718	0.0321931892	0.203131684	0	100	0	0	3
8835	2016	0	3.45117188	-0.550998357	-0.565702459	-0.581624907	-0.549431718	0.0321931892	0.203259829	0	100	0	0	3
8840	2017	0	3.453125	-0.551472083	-0.565584675	-0.581513064	-0.549431718	0.0320813461	0.203428165	0	100	0	0	3
8845	2019	0	3.45507812	-0.5492158	-0.565458513	-0.580945041	-0.5492158	0.0317292417	0.202587413	0	100	0	0	3
8850	2020	0	3.45703125	-0.550338799	-0.565340218	-0.580945041	-0.5492158	0.0317292417	0.202997439	0	100	0	0	3
8855	2021	0	3.45898438	-0.54998758	-0.565224849	-0.580945041	-0.5492158	0.0317292417	0.202840695	0	100	0	0	3
8860	2023	0	3.4609375	-0.548944972	-0.565099849	-0.580944931	-0.548944972	0.0319999587	0.202445583	0	100	0	0	3
8865	2024	0	3.46289062	-0.550522342	-0.564981011	-0.580376497	-0.548944972	0.0314315251	0.203019907	0	100	0	0	3
8870	2025	0	3.46484375	-0.549671957	-0.564866918	-0.580376497	-0.548944972	0.0314315251	0.202696862	0	100	0	0	3
8875	2026	0	3.46679688	-0.550693486	-0.564750968	-0.579878849	-0.548944972	0.0309338772	0.203065826	0	100	0	0	3
8880	2028	0	3.46875	-0.549790533	-0.564635144	-0.579878849	-0.548944972	0.0309338772	0.202721702	0	100	0	0	3
8885	2029	0	3.47070312	-0.550280313	-0.564520202	-0.579878849	-0.548944972	0.0309338772	0.202892702	0	100	0	0	3
8890	2030	0	3.47265625	-0.550870497	-0.564406888	-0.579155487	-0.548944972	0.0302105151	0.203102337	0	100	0	0	3
8895	2031	0	3.47460938	-0.550457983	-0.564300575	-0.579155487	-0.548944972	0.0302105151	0.20294161	0	100	0	0	3
8900	2033	0	3.4765625	-0.549981259	-0.564186613	-0.57830698	-0.548944972	0.0293620074	0.202756107	0	100	0	0	3
8905	2035	0	3.47851562	-0.550361576	-0.56407784	-0.57830698	-0.548944972	0.0293620074	0.20288667	0	100	0	0	3
8910	2036	0	3.48046875	-0.549570781	-0.563967752	-0.57830698	-0.548944972	0.0293620074	0.202584593	0	100	0	0	3
8915	2037	0	3.48242188	-0.551106747	-0.563862254	-0.57830698	-0.548944972	0.0293620074	0.203144002	0	100	0	0	3
8920	2039	0	3.484375	-0.549871064	-0.563751176	-0.578273776	-0.548944972	0.0293288037	0.202677779	0	100	0	0	3
8925	2040	0	3.48632812	-0.549845712	-0.563640129	-0.578125873	-0.548944972	0.0291809009	0.202656521	0	100	0	0	3
8930	2041	0	3.48828125	-0.550226113	-0.563532525	-0.578125873	-0.548944972	0.0291809009	0.202784788	0	100	0	0	3
8935	2043	0	3.49023438	-0.549834482	-0.563425018	-0.578125873	-0.548944972	0.0291809009	0.202627758	0	100	0	0	3
8940	2044	0	3.4921875	-0.550661947	-0.563318736	-0.578125873	-0.548944972	0.0291809009	0.202922409	0	100	0	0	3
8945	2045	0	3.49414062	-0.549738756	-0.563212316	-0.578125873	-0.548944972	0.0291809009	0.202567827	0	100	0	0	3
8950	2046	0	3.49609375	-0.550553404	-0.563107505	-0.578125873	-0.548944972	0.0291809009	0.202853442	0	100	0	0	3
8955	2048	0	3.49804688	-0.550766883	-0.563000634	-0.577789591	-0.548944972	0.0288446191	0.202916365	0	100	0	0	3
8960	2049	0	3.5	-0.549800945	-0.562894374	-0.577789591	-0.548944972	0.0288446191	0.202543459	0	100	0	0	3
8965	2050	0	3.50195312	-0.549527633	-0.562788013	-0.577789591	-0.548944972	0.0288446191	0.202426615	0	100	0	0	3
8970	2052	0	3.50390625	-0.550467913	-0.562682469	-0.577789591	-0.548944972	0.0288446191	0.202757871	0	100	0	0	3
8975	2053	0	3.50585938	-0.549738281	-0.562574796	-0.577789591	-0.548944972	0.0288446191	0.202472603	0	100	0	0	3
8980	2054	0	3.5078125	-0.54993979	-0.562473045	-0.577789591	-0.548944972	0.0288446191	0.20253381	0	100	0	0	3
8985	2056	0	3.50976562	-0.548399052	-0.562364424	-0.577789591	-0.548399052	0.0293905389	0.201954553	0	100	0	0	3
8990	2057	0	3.51171875	-0.548843549	-0.562255076	-0.577789591	-0.548399052	0.0293905389	0.202109397	0	100	0	0	3
8995	2058	0	3.51367188	-0.549363134	-0.562147852	-0.577789591	-0.548399052	0.0293905389	0.202292162	0	100	0	0	3
9000	2059	0	3.515625	-0.550328526	-0.562046235	-0.577789591	-0.548399052	0.0293905389	0.202639068	0	100	0	0	3
9005	2062	0	3.51757812	-0.548147258	-0.561937047	-0.577789591	-0.548147258	0.0296423338	0.20182486	0	100	0	0	3
9010	2063	0	3.51953125	-0.548991213	-0.56182914	-0.577789591	-0.548147258	0.0296423338	0.202128821	0	100	0	0	3
9015	2064	0	3.52148438	-0.54946413	-0.561725982	-0.577789591	-0.548147258	0.0296423338	0.202293938	0	100	0	0	3
9020	2066	0	3.5234375	-0.549574114	-0.561621791	-0.577789591	-0.548147258	0.0296423338	0.202299401	0	100	0	0	3
9025	2067	0	3.52539062	-0.549943254	-0.561520774	-0.577789591	-0.548147258	0.0296423338	0.20242285	0	100	0	0	3
9030	2068	0	3.52734375	-0.548014828	-0.56141073	-0.577789591	-0.548014828	0.0297747635	0.201697572	0	100	0	0	3
9035	2069	0	3.52929688	-0.548867327	-0.561305602	-0.577789591	-0.548014828	0.0297747635	0.201999913	0	100	0	0	3
9040	2071	0	3.53125	-0.54992835	-0.561207128	-0.577789591	-0.548014828	0.0297747635	0.202378199	0	100	0	0	3
9045	2072	0	3.53320312	-0.55018763	-0.561109335	-0.577789591	-0.548014828	0.0297747635	0.202458393	0	100	0	0	3
9050	2073	0	3.53515625	-0.549832638	-0.561004319	-0.577789591	-0.548014828	0.0297747635	0.202312629	0	100	0	0	3
9055	2075	0	3.53710938	-0.548591816	-0.560901762	-0.577789591	-0.548014828	0.0297747635	0.201840719	0	100	0	0	3
9060	2076	0	3.5390625	-0.548348839	-0.560799356	-0.577789591	-0.548014828	0.0297747635	0.201736867	0	100	0	0	3
9065	2077	0	3.54101562	-0.548165724	-0.560683638	-0.576067458	-0.548014828	0.0280526303	0.20165431	0	100	0	0	3
9070	2079	0	3.54296875	-0.548131024	-0.560580194	-0.576067458	-0.548014828	0.0280526303	0.201626241	0	100	0	0	3
9075	2080	0	3.54492188	-0.54818297	-0.560476257	-0.576067458	-0.548014828	0.0280526303	0.201631772	0	100	0	0	3
9080	2081	0	3.546875	-0.548072256	-0.560369361	-0.576067458	-0.548014828	0.0280526303	0.201577415	0	100	0	0	3
9085	2082	0	3.54882812	-0.548840076	-0.560265545	-0.576067458	-0.548014828	0.0280526303	0.201846799	0	100	0	0	3
9090	2084	0	3.55078125	-0.547300921	-0.560155982	-0.576067458	-0.547300921	0.0287665374	0.201262341	0	100	0	0	3
9095	2085	0	3.55273438	-0.547675779	-0.560045077	-0.57588767	-0.547300921	0.0285867492	0.2013838	0	100	0	0	3
9100	2086	0	3.5546875	-0.547150207	-0.559943367	-0.57588767	-0.547150207	0.0287374631	0.201174363	0	100	0	0	3
9105	2089	0	3.55664062	-0.548847137	-0.559842285	-0.57588767	-0.547150207	0.0287374631	0.201784499	0	100	0	0	3
9110	2090	0	3.55859375	-0.548257995	-0.559736029	-0.57588767	-0.547150207	0.0287374631	0.20155011	0	100	0	0	3
9115	2092	0	3.56054688	-0.54784047	-0.559630122	-0.57588767	-0.547150207	0.0287374631	0.201376984	0	100	0	0	3
9120	2093	0	3.5625	-0.546672515	-0.559521937	-0.57588767	-0.546672515	0.0292151547	0.200926917	0	100	0	0	3
9125	2094	0	3.56445312	-0.547527651	-0.559419637	-0.57588767	-0.546672515	0.0292151547	0.201222843	0	100	0	0	3
9130	2096	0	3.56640625	-0.548555365	-0.559318327	-0.57588767	-0.546672515	0.0292151547	0.201581011	0	100	0	0	3
9135	2097	0	3.56835938	-0.547985328	-0.559220111	-0.57588767	-0.546672515	0.0292151547	0.201349622	0	100	0	0	3
9140	2098	0	3.5703125	-0.547126063	-0.559112308	-0.57588767	-0.546672515	0.0292151547	0.201013152	0	100	0	0	3
9145	2099	0	3.57226562	-0.548012637	-0.559016362	-0.57588767	-0.546672515	0.0292151547	0.201323288	0	100	0	0	3
9150	2101	0	3.57421875	-0.548319183	-0.558913833	-0.57588767	-0.546672515	0.0292151547	0.201422424	0	100	0	0	3
9155	2102	0	3.57617188	-0.547720333	-0.558807191	-0.57588767	-0.546672515	0.0292151547	0.201189116	0	100	0	0	3
9160	2103	0	3.578125	-0.547867062	-0.55871003	-0.57588767	-0.546672515	0.0292151547	0.201230413	0	100	0	0	3
9165	2104	0	3.58007812	-0.545891774	-0.5585982	-0.57588767	-0.545891774	0.0299958956	0.200490409	0	100	0	0	3
9170	2106	0	3.58203125	-0.548693118	-0.55849526	-0.57588767	-0.545891774	0.0299958956	0.201511244	0	100	0	0	3
9175	2107	0	3.58398438	-0.547062974	-0.558389242	-0.57588767	-0.545891774	0.0299958956	0.200899802	0	100	0	0	3
9180	2108	0	3.5859375	-0.547857271	-0.558282864	-0.57588767	-0.545891774	0.0299958956	0.201179231	0	100	0	0	3
9185	2109	0	3.58789062	-0.547047306	-0.558176346	-0.57588767	-0.545891774	0.0299958956	0.200866567	0	100	0	0	3
9190	2111	0	3.58984375	-0.546045237	-0.558067641	-0.57588767	-0.545891774	0.0299958956	0.20046412	0	100	0	0	3
9195	2112	0	3.59179688	-0.547466343	-0.557956621	-0.574626757	-0.545891774	0.0287349822	0.200972694	0	100	0	0	3
9200	2113	0	3.59375	-0.546964814	-0.557854033	-0.574626757	-0.545891774	0.0287349822	0.200772238	0	100	0	0	3
9205	2116	0	3.59570312	-0.548332269	-0.557754009	-0.574626757	-0.545891774	0.0287349822	0.201257858	0	100	0	0	3
9210	2117	0	3.59765625	-0.548194078	-0.557653587	-0.574626757	-0.545891774	0.0287349822	0.20118845	0	100	0	0	3
9215	2118	0	3.59960938	-0.546743918	-0.557548379	-0.574626757	-0.545891774	0.0287349822	0.200636929	0	100	0	0	3
9220	2119	0	3.6015625	-0.54705559	-0.557444636	-0.574626757	-0.545891774	0.0287349822	0.200735428	0	100	0	0	3
9225	2121	0	3.60351562	-0.546170718	-0.557333479	-0.574570283	-0.545891774	0.0286785088	0.200392819	0	100	0	0	3
9230	2122	0	3.60546875	-0.547285755	-0.557233265	-0.574570283	-0.545891774	0.0286785088	0.200784724	0	100	0	0	3
9235	2123	0	3.60742188	-0.547967902	-0.557129349	-0.574230885	-0.545891774	0.0283391102	0.201017785	0	100	0	0	3
9240	2124	0	3.609375	-0.544988471	-0.557016963	-0.574230885	-0.544988471	0.0292424136	0.199904294	0	100	0	0	3
9245	2126	0	3.61132812	-0.545723224	-0.556910745	-0.574230885	-0.544988471	0.0292424136	0.200158248	0	100	0	0	3
9250	2127	0	3.61328125	-0.546227807	-0.556802626	-0.574230885	-0.544988471	0.0292424136	0.200327136	0	100	0	0	3
9255	2128	0	3.61523438	-0.546097582	-0.556696416	-0.574230885	-0.544988471	0.0292424136	0.200260754	0	100	0	0	3
9260	2130	0	3.6171875	-0.54538395	-0.556583733	-0.573815961	-0.544988471	0.0288274896	0.199980665	0	100	0	0	3
9265	2131	0	3.61914062	-0.546685819	-0.556489724	-0.573815961	-0.544988471	0.0288274896	0.200442978	0	100	0	0	3
9270	2132	0	3.62109375	-0.546214468	-0.556384648	-0.573815961	-0.544988471	0.0288274896	0.200252471	0	100	0	0	3
9275	2133	0	3.62304688	-0.545251282	-0.556273067	-0.573299621	-0.544988471	0.0283111498	0.199879221	0	100	0	0	3
9280	2135	0	3.625	-0.547313032	-0.556177033	-0.573299621	-0.544988471	0.0283111498	0.200617744	0	100	0	0	3
9285	2136	0	3.62695312	-0.546845103	-0.556073695	-0.57226176	-0.544988471	0.0272732889	0.200426196	0	100	0	0	3
9290	2137	0	3.62890625	-0.545937331	-0.555972787	-0.57226176	-0.544988471	0.0272732889	0.200072942	0	100	0	0	3
9295	2138	0	3.63085938	-0.544953344	-0.555876136	-0.57226176	-0.544953344	0.0273084163	0.19969034	0	100	0	0	3
9300	2140	0	3.6328125	-0.544418575	-0.555768848	-0.57226176	-0.544418575	0.0278431844	0.19947218	0	100	0	0	3
9305	2142	0	3.63476562	-0.546190072	-0.555677138	-0.57226176	-0.544418575	0.0278431844	0.200103569	0	100	0	0	3
9310	2143	0	3.63671875	-0.545014482	-0.555570703	-0.57024773	-0.544418575	0.0258291548	0.19965425	0	100	0	0	3
9315	2145	0	3.63867188	-0.546338326	-0.555477307	-0.570210576	-0.544418575	0.025792001	0.200124822	0	100	0	0	3
9320	2146	0	3.640625	-0.545788077	-0.555383604	-0.570210576	-0.544418575	0.025792001	0.199906384	0	100	0	0	3
9325	2147	0	3.64257812	-0.547156069	-0.555293547	-0.570118103	-0.544418575	0.0256995274	0.200394228	0	100	0	0	3
9330	2149	0	3.64453125	-0.544619978	-0.555193945	-0.569552802	-0.544418575	0.025134227	0.199449063	0	100	0	0	3
9335	2150	0	3.64648438	-0.5457711	-0.55510205	-0.569552802	-0.544418575	0.025134227	0.199859335	0	100	0	0	3
9340	2151	0	3.6484375	-0.545221015	-0.555007357	-0.569552802	-0.544418575	0.025134227	0.199643693	0	100	0	0	3
9345	2153	0	3.65039062	-0.544702065	-0.554913041	-0.569552802	-0.544418575	0.025134227	0.19943751	0	100	0	0	3
9350	2154	0	3.65234375	-0.545500724	-0.55482351	-0.569552802	-0.544418575	0.025134227	0.19971594	0	100	0	0	3
9355	2155	0	3.65429688	-0.544597573	-0.554726183	-0.569552802	-0.544418575	0.025134227	0.199361178	0	100	0	0	3
9360	2156	0	3.65625	-0.544109272	-0.554626795	-0.568863108	-0.544109272	0.0247538358	0.199166049	0	100	0	0	3
9365	2158	0	3.65820312	-0.54603867	-0.554538374	-0.568863108	-0.544109272	0.0247538358	0.199856927	0	100	0	0	3
9370	2159	0	3.66015625	-0.54428147	-0.554444258	-0.568863108	-0.544109272	0.0247538358	0.199193061	0	100	0	0	3
9375	2160	0	3.66210938	-0.545483501	-0.554352931	-0.568297871	-0.544109272	0.0241885992	0.199617329	0	100	0	0	3
9380	2162	0	3.6640625	-0.544990296	-0.554263504	-0.568297871	-0.544109272	0.0241885992	0.199420123	0	100	0	0	3
9385	2163	0	3.66601562	-0.545778336	-0.554182253	-0.568297871	-0.544109272	0.0241885992	0.199691753	0	100	0	0	3
9390	2164	0	3.66796875	-0.544157122	-0.554091877	-0.568297871	-0.544109272	0.0241885992	0.19907797	0	100	0	0	3
9395	2165	0	3.66992188	-0.543746466	-0.553996972	-0.568297871	-0.543746466	0.0245514049	0.198908299	0	100	0	0	3
9400	2167	0	3.671875	-0.544231116	-0.553906003	-0.568297871	-0.543746466	0.0245514049	0.199069295	0	100	0	0	3
9405	2169	0	3.67382812	-0.545255313	-0.553815993	-0.567449334	-0.543746466	0.0237028682	0.199428802	0	100	0	0	3
9410	2170	0	3.67578125	-0.543468825	-0.553725921	-0.567449334	-0.543468825	0.023980509	0.198755727	0	100	0	0	3
9415	2172	0	3.67773438	-0.545138143	-0.553641828	-0.567449334	-0.543468825	0.023980509	0.199350317	0	100	0	0	3
9420	2173	0	3.6796875	-0.544154041	-0.55355083	-0.567226787	-0.543468825	0.0237579618	0.198972432	0	100	0	0	3
9425	2174	0	3.68164062	-0.545317739	-0.553465248	-0.567184621	-0.543468825	0.0237157959	0.199383664	0	100	0	0	3
9430	2176	0	3.68359375	-0.545002305	-0.553378912	-0.567184621	-0.543468825	0.0237157959	0.199251332	0	100	0	0	3
9435	2177	0	3.68554688	-0.543639803	-0.553292601	-0.567184621	-0.543468825	0.0237157959	0.198733943	0	100	0	0	3
9440	2178	0	3.6875	-0.544592726	-0.553207051	-0.567184621	-0.543468825	0.0237157959	0.199065755	0	100	0	0	3
9445	2179	0	3.68945312	-0.545221894	-0.553127585	-0.567184621	-0.543468825	0.0237157959	0.199280524	0	100	0	0	3
9450	2181	0	3.69140625	-0.543805255	-0.553040097	-0.567184621	-0.543468825	0.0237157959	0.198744881	0	100	0	0	3
9455	2182	0	3.69335938	-0.54408578	-0.552955503	-0.567184621	-0.543468825	0.0237157959	0.198829862	0	100	0	0	3
9460	2183	0	3.6953125	-0.543556324	-0.55286436	-0.567184621	-0.543468825	0.0237157959	0.198617155	0	100	0	0	3
9465	2185	0	3.69726562	-0.543806554	-0.552783146	-0.567184621	-0.543468825	0.0237157959	0.198690864	0	100	0	0	3
9470	2186	0	3.69921875	-0.543600267	-0.552699538	-0.567184621	-0.543468825	0.0237157959	0.198599	0	100	0	0	3
9475	2187	0	3.70117188	-0.544116822	-0.552621221	-0.567184621	-0.543468825	0.0237157959	0.198771943	0	100	0	0	3
9480	2189	0	3.703125	-0.543184268	-0.55253362	-0.567184621	-0.543184268	0.0240003531	0.198413075	0	100	0	0	3
9485	2190	0	3.70507812	-0.543876758	-0.552448703	-0.567184621	-0.543184268	0.0240003531	0.198650594	0	100	0	0	3
9490	2191	0	3.70703125	-0.543417406	-0.552367377	-0.567184621	-0.543184268	0.0240003531	0.198467956	0	100	0	0	3
9495	2193	0	3.70898438	-0.545812327	-0.552296813	-0.567184621	-0.543184268	0.0240003531	0.199332331	0	100	0	0	3
9500	2194	0	3.7109375	-0.543632857	-0.552214794	-0.567184621	-0.543184268	0.0240003531	0.198518706	0	100	0	0	3
9505	2197	0	3.71289062	-0.544081037	-0.552129474	-0.567184621	-0.543184268	0.0240003531	0.198667371	0	100	0	0	3
9510	2198	0	3.71484375	-0.543660765	-0.552051552	-0.567184621	-0.543184268	0.0240003531	0.19849848	0	100	0	0	3
9515	2199	0	3.71679688	-0.543448791	-0.551958834	-0.566071437	-0.543184268	0.0228871693	0.198406048	0	100	0	0	3
9520	2201	0	3.71875	-0.544626386	-0.551875064	-0.564792418	-0.543184268	0.0216081496	0.198826124	0	100	0	0	3
9525	2202	0	3.72070312	-0.543703215	-0.551794565	-0.564792418	-0.543184268	0.0216081496	0.198472171	0	100	0	0	3
9530	2203	0	3.72265625	-0.54386705	-0.551715299	-0.564792418	-0.543184268	0.0216081496	0.198516282	0	100	0	0	3
9535	2205	0	3.72460938	-0.54410987	-0.551635634	-0.564792418	-0.543184268	0.0216081496	0.198590289	0	100	0	0	3
9540	2206	0	3.7265625	-0.542532033	-0.551557537	-0.564792418	-0.542532033	0.0222603852	0.197997807	0	100	0	0	3
9545	2207	0	3.72851562	-0.544825711	-0.551480394	-0.564792418	-0.542532033	0.0222603852	0.198823027	0	100	0	0	3
9550	2208	0	3.73046875	-0.542959307	-0.551400585	-0.564792418	-0.542532033	0.0222603852	0.198123438	0	100	0	0	3
9555	2210	0	3.73242188	-0.544338769	-0.55133405	-0.564792418	-0.542532033	0.0222603852	0.198612527	0	100	0	0	3
9560	2211	0	3.734375	-0.544558582	-0.551260685	-0.564792418	-0.542532033	0.0222603852	0.198677978	0	100	0	0	3
9565	2212	0	3.73632812	-0.543946657	-0.551188792	-0.564792418	-0.542532033	0.0222603852	0.1984388	0	100	0	0	3
9570	2214	0	3.73828125	-0.542042498	-0.551099925	-0.563550086	-0.542042498	0.0215075882	0.197726275	0	100	0	0	3
9575	2215	0	3.74023438	-0.544130637	-0.551027259	-0.563550086	-0.542042498	0.0215075882	0.198474424	0	100	0	0	3
9580	2217	0	3.7421875	-0.543454358	-0.550950088	-0.563550086	-0.542042498	0.0215075882	0.198211432	0	100	0	0	3
9585	2218	0	3.74414062	-0.543526981	-0.550875792	-0.563550086	-0.542042498	0.0215075882	0.198224175	0	100	0	0	3
9590	2219	0	3.74609375	-0.54318668	-0.550800676	-0.563550086	-0.542042498	0.0215075882	0.198086282	0	100	0	0	3
9595	2221	0	3.74804688	-0.543482602	-0.550722288	-0.563460175	-0.542042498	0.0214176776	0.198179638	0	100	0	0	3
9600	2222	0	3.75	-0.543384191	-0.550648682	-0.563460175	-0.542042498	0.0214176776	0.198128752	0	100	0	0	3
9605	2224	0	3.75195312	-0.543222202	-0.550574131	-0.563460175	-0.542042498	0.0214176776	0.198055937	0	100	0	0	3
9610	2226	0	3.75390625	-0.542477129	-0.550495284	-0.563460175	-0.542042498	0.0214176776	0.19777136	0	100	0	0	3
9615	2227	0	3.75585938	-0.542712058	-0.55042199	-0.563460175	-0.542042498	0.0214176776	0.197844973	0	100	0	0	3
9620	2228	0	3.7578125	-0.542745324	-0.550345023	-0.563460175	-0.542042498	0.0214176776	0.197843258	0	100	0	0	3
9625	2230	0	3.75976562	-0.544930636	-0.550275908	-0.563460175	-0.542042498	0.0214176776	0.198629075	0	100	0	0	3
9630	2231	0	3.76171875	-0.540942054	-0.550195406	-0.563460175	-0.540942054	0.0225181211	0.197158258	0	100	0	0	3
9635	2232	0	3.76367188	-0.543459803	-0.550117279	-0.563420539	-0.540942054	0.0224784849	0.19806756	0	100	0	0	3
9640	2234	0	3.765625	-0.543192109	-0.550038262	-0.561898036	-0.540942054	0.0209559815	0.197957336	0	100	0	0	3
9645	2235	0	3.76757812	-0.542814067	-0.549968049	-0.561898036	-0.540942054	0.0209559815	0.197805196	0	100	0	0	3
9650	2237	0	3.76953125	-0.54294331	-0.549898127	-0.561898036	-0.540942054	0.0209559815	0.197839218	0	100	0	0	3
9655	2238	0	3.77148438	-0.543566493	-0.549826964	-0.561898036	-0.540942054	0.0209559815	0.198054395	0	100	0	0	3
9660	2239	0	3.7734375	-0.54190317	-0.549753209	-0.561898036	-0.540942054	0.0209559815	0.197433078	0	100	0	0	3
9665	2241	0	3.77539062	-0.543431695	-0.549686124	-0.561898036	-0.540942054	0.0209559815	0.197977445	0	100	0	0	3
9670	2242	0	3.77734375	-0.541960289	-0.549608242	-0.561625618	-0.540942054	0.0206835634	0.197424475	0	100	0	0	3
9675	2243	0	3.77929688	-0.543551652	-0.549539692	-0.561625618	-0.540942054	0.0206835634	0.197992371	0	100	0	0	3
9680	2245	0	3.78125	-0.541726654	-0.549464821	-0.561625618	-0.540942054	0.0206835634	0.197312266	0	100	0	0	3
9685	2246	0	3.78320312	-0.543342697	-0.549393403	-0.560880078	-0.540942054	0.0199380235	0.197889263	0	100	0	0	3
9690	2247	0	3.78515625	-0.541767677	-0.549318745	-0.560824612	-0.540942054	0.0198825579	0.1973102	0	100	0	0	3
9695	2249	0	3.78710938	-0.542446967	-0.549249501	-0.560824612	-0.540942054	0.0198825579	0.197544947	0	100	0	0	3
9700	2250	0	3.7890625	-0.543062927	-0.54918012	-0.560286666	-0.540942054	0.0193446121	0.197758839	0	100	0	0	3
9705	2253	0	3.79101562	-0.542600519	-0.54911542	-0.560286666	-0.540942054	0.0193446121	0.197578803	0	100	0	0	3
9710	2254	0	3.79296875	-0.54180241	-0.54904595	-0.560286666	-0.540942054	0.0193446121	0.197274428	0	100	0	0	3
9715	2255	0	3.79492188	-0.543187926	-0.548979158	-0.560259182	-0.540942054	0.0193171274	0.197767652	0	100	0	0	3
9720	2257	0	3.796875	-0.541808905	-0.54891021	-0.560259182	-0.540942054	0.0193171274	0.197252108	0	100	0	0	3
9725	2258	0	3.79882812	-0.542278552	-0.548846742	-0.560259182	-0.540942054	0.0193171274	0.197412765	0	100	0	0	3
9730	2260	0	3.80078125	-0.542109694	-0.5487808	-0.560259182	-0.540942054	0.0193171274	0.197339787	0	100	0	0	3
9735	2261	0	3.80273438	-0.542690245	-0.548719483	-0.560259182	-0.540942054	0.0193171274	0.19753893	0	100	0	0	3
9740	2262	0	3.8046875	-0.542037118	-0.548648303	-0.558873498	-0.540942054	0.0179314442	0.197287357	0	100	0	0	3
9745	2264	0	3.80664062	-0.543479498	-0.54858817	-0.558800141	-0.540942054	0.0178580869	0.197802218	0	100	0	0	3
9750	2265	0	3.80859375	-0.540424296	-0.548517585	-0.558800141	-0.540424296	0.018375845	0.196675549	0	100	0	0	3
9755	2266	0	3.81054688	-0.542550875	-0.548454111	-0.558751077	-0.540424296	0.0183267812	0.197441277	0	100	0	0	3
9760	2267	0	3.8125	-0.54179456	-0.548391701	-0.558751077	-0.540424296	0.0183267812	0.197153256	0	100	0	0	3
9765	2269	0	3.81445312	-0.541277686	-0.548324921	-0.558751077	-0.540424296	0.0183267812	0.196953258	0	100	0	0	3
9770	2270	0	3.81640625	-0.54190655	-0.548266542	-0.558751077	-0.540424296	0.0183267812	0.197173593	0	100	0	0	3
9775	2271	0	3.81835938	-0.542645721	-0.548203631	-0.558150758	-0.540424296	0.0177264616	0.197434879	0	100	0	0	3
