Iteration	CPUTime	PhysTime	Travels	Value	AvValue	MinValue	MaxValue	Delta	Criteria	PrevAvRefValue	Progress	CriteriaType	CriteriaVarType	CriteriaPercentage
1	1	0	0.000390625	4.68457791e-34	4.68457791e-34	4.68457791e-34	4.68457791e-34	0	0	0	0	0	0	3
5	2	0	0.001953125	1.324823e-12	6.62411498e-13	4.68457791e-34	1.324823e-12	6.62411498e-13	0	0	0	0	0	3
10	3	0	0.00390625	8.03460892e-12	3.11981064e-12	4.68457791e-34	8.03460892e-12	3.11981064e-12	0	0	0	0	0	3
15	5	0	0.005859375	1.98665556e-11	7.30649687e-12	4.68457791e-34	1.98665556e-11	7.30649687e-12	0	0	0	0	0	3
20	6	0	0.0078125	3.59924873e-11	1.3043695e-11	4.68457791e-34	3.59924873e-11	1.3043695e-11	0	0	0	0	0	3
25	7	0	0.009765625	5.3320444e-11	1.97564865e-11	4.68457791e-34	5.3320444e-11	1.97564865e-11	0	0	0	0	0	3
30	8	0	0.01171875	7.66331226e-11	2.78817202e-11	4.68457791e-34	7.66331226e-11	2.78817202e-11	0	0	0	0	0	3
35	9	0	0.013671875	9.74944092e-11	3.65833063e-11	4.68457791e-34	9.74944092e-11	3.65833063e-11	0	0	0	0	0	3
40	11	0	0.015625	1.24344451e-10	4.63345447e-11	4.68457791e-34	1.24344451e-10	4.63345447e-11	0	0	0	0	0	3
45	12	0	0.017578125	1.48501928e-10	5.65512831e-11	4.68457791e-34	1.48501928e-10	5.65512831e-11	0	0	0	0	0	3
50	13	0	0.01953125	1.77062804e-10	6.75068759e-11	4.68457791e-34	1.77062804e-10	6.75068759e-11	0	0	0	0	0	3
55	15	0	0.021484375	2.0455124e-10	7.89272396e-11	4.68457791e-34	2.0455124e-10	7.89272396e-11	0	0	0	0	0	3
60	17	0	0.0234375	2.34603043e-10	9.09023014e-11	4.68457791e-34	2.34603043e-10	9.09023014e-11	0	0	0	0	0	3
65	20	0	0.025390625	2.63228845e-10	1.0321134e-10	4.68457791e-34	2.63228845e-10	1.0321134e-10	0	0	0	0	0	3
70	23	0	0.02734375	2.92965174e-10	1.15861596e-10	4.68457791e-34	2.92965174e-10	1.15861596e-10	0	0	0	0	0	3
75	25	0	0.029296875	3.22450764e-10	1.28773419e-10	4.68457791e-34	3.22450764e-10	1.28773419e-10	0	0	0	0	0	3
80	28	0	0.03125	3.52170674e-10	1.41914434e-10	4.68457791e-34	3.52170674e-10	1.41914434e-10	0	0	0	0	0	3
85	30	0	0.033203125	3.82077035e-10	1.55256801e-10	4.68457791e-34	3.82077035e-10	1.55256801e-10	0	0	0	0	0	3
90	33	0	0.03515625	4.12129784e-10	1.68776431e-10	4.68457791e-34	4.12129784e-10	1.68776431e-10	0	0	0	0	0	3
95	35	0	0.037109375	4.42293309e-10	1.82452275e-10	4.68457791e-34	4.42293309e-10	1.82452275e-10	0	0	0	0	0	3
100	37	0	0.0390625	4.72534268e-10	1.96265703e-10	4.68457791e-34	4.72534268e-10	1.96265703e-10	0	0	0	0	0	3
105	40	0	0.041015625	5.02820076e-10	2.10199993e-10	4.68457791e-34	5.02820076e-10	2.10199993e-10	0	0	0	0	0	3
110	43	0	0.04296875	5.33118321e-10	2.2423992e-10	4.68457791e-34	5.33118321e-10	2.2423992e-10	0	0	0	0	0	3
115	45	0	0.044921875	5.63395918e-10	2.3837142e-10	4.68457791e-34	5.63395918e-10	2.3837142e-10	0	0	0	0	0	3
120	48	0	0.046875	5.9361893e-10	2.52581321e-10	4.68457791e-34	5.9361893e-10	2.52581321e-10	0	0	0	0	0	3
125	50	0	0.048828125	6.23752279e-10	2.66857127e-10	4.68457791e-34	6.23752279e-10	2.66857127e-10	0	0	0	0	0	3
130	52	0	0.05078125	6.53760696e-10	2.81186889e-10	4.68457791e-34	6.53760696e-10	2.81186889e-10	0	0	0	0	0	3
135	54	0	0.052734375	6.83608553e-10	2.95559091e-10	4.68457791e-34	6.83608553e-10	2.95559091e-10	0	0	0	0	0	3
140	57	0	0.0546875	7.13259816e-10	3.09962564e-10	4.68457791e-34	7.13259816e-10	3.09962564e-10	0	0	0	0	0	3
145	59	0	0.056640625	7.4267922e-10	3.24386453e-10	4.68457791e-34	7.4267922e-10	3.24386453e-10	0	0	0	0	0	3
150	61	0	0.05859375	7.71832046e-10	3.38820181e-10	4.68457791e-34	7.71832046e-10	3.38820181e-10	0	0	0	0	0	3
155	63	0	0.060546875	8.00684544e-10	3.53253443e-10	4.68457791e-34	8.00684544e-10	3.53253443e-10	0	0	0	0	0	3
160	65	0	0.0625	8.29204156e-10	3.67676192e-10	4.68457791e-34	8.29204156e-10	3.67676192e-10	0	0	0	0	0	3
165	67	0	0.064453125	8.57359838e-10	3.82078652e-10	4.68457791e-34	8.57359838e-10	3.82078652e-10	0	0	0	0	0	3
170	70	0	0.06640625	8.85121931e-10	3.96451317e-10	4.68457791e-34	8.85121931e-10	3.96451317e-10	0	0	0	0	0	3
175	72	0	0.068359375	9.124625e-10	4.10784961e-10	4.68457791e-34	9.124625e-10	4.10784961e-10	0	0	0	0	0	3
180	74	0	0.0703125	9.39355371e-10	4.25070648e-10	4.68457791e-34	9.39355371e-10	4.25070648e-10	0	0	0	0	0	3
185	76	0	0.072265625	9.65776365e-10	4.39299746e-10	4.68457791e-34	9.65776365e-10	4.39299746e-10	0	0	0	0	0	3
190	78	0	0.07421875	9.91703066e-10	4.53463933e-10	4.68457791e-34	9.91703066e-10	4.53463933e-10	0	0	0	0	0	3
195	81	0	0.076171875	1.01711495e-09	4.67555209e-10	4.68457791e-34	1.01711495e-09	4.67555209e-10	0	0	0	0	0	3
200	83	0	0.078125	1.04199342e-09	4.81565897e-10	4.68457791e-34	1.04199342e-09	4.81565897e-10	0	0	0	0	0	3
205	86	0	0.080078125	1.0663218e-09	4.95488656e-10	4.68457791e-34	1.0663218e-09	4.95488656e-10	0	0	0	0	0	3
210	91	0	0.08203125	1.0900853e-09	5.09316485e-10	4.68457791e-34	1.0900853e-09	5.09316485e-10	0	0	0	0	0	3
215	93	0	0.083984375	1.11327099e-09	5.23042724e-10	4.68457791e-34	1.11327099e-09	5.23042724e-10	0	0	0	0	0	3
220	95	0	0.0859375	1.1358677e-09	5.36661057e-10	4.68457791e-34	1.1358677e-09	5.36661057e-10	0	0	0	0	0	3
225	97	0	0.087890625	1.15786596e-09	5.50165511e-10	4.68457791e-34	1.15786596e-09	5.50165511e-10	0	0	0	0	0	3
230	99	0	0.08984375	1.17925799e-09	5.63550458e-10	4.68457791e-34	1.17925799e-09	5.63550458e-10	0	0	0	0	0	3
235	101	0	0.091796875	1.20003757e-09	5.76810606e-10	4.68457791e-34	1.20003757e-09	5.76810606e-10	0	0	0	0	0	3
240	104	0	0.09375	1.22019997e-09	5.89941001e-10	4.68457791e-34	1.22019997e-09	5.89941001e-10	0	0	0	0	0	3
245	106	0	0.095703125	1.23974182e-09	6.02937017e-10	4.68457791e-34	1.23974182e-09	6.02937017e-10	0	0	0	0	0	3
250	108	0	0.09765625	1.25866113e-09	6.15794353e-10	4.68457791e-34	1.25866113e-09	6.15794353e-10	0	0	0	0	0	3
255	110	0	0.099609375	1.27695714e-09	6.28509022e-10	4.68457791e-34	1.27695714e-09	6.28509022e-10	0	0	0	0	0	3
260	112	0	0.1015625	1.29463023e-09	6.41077347e-10	4.68457791e-34	1.29463023e-09	6.41077347e-10	0	0	0	0	0	3
265	114	0	0.103515625	1.31168184e-09	6.53495948e-10	4.68457791e-34	1.31168184e-09	6.53495948e-10	0	0	0	0	0	3
270	116	0	0.10546875	1.32811447e-09	6.6576174e-10	4.68457791e-34	1.32811447e-09	6.6576174e-10	0	0	0	0	0	3
275	118	0	0.107421875	1.34393156e-09	6.77871915e-10	4.68457791e-34	1.34393156e-09	6.77871915e-10	0	0	0	0	0	3
280	120	0	0.109375	1.35913737e-09	6.89823941e-10	4.68457791e-34	1.35913737e-09	6.89823941e-10	0	0	0	0	0	3
285	122	0	0.111328125	1.37373694e-09	7.01615544e-10	4.68457791e-34	1.37373694e-09	7.01615544e-10	0	0	0	0	0	3
290	125	0	0.11328125	1.38773605e-09	7.13244705e-10	4.68457791e-34	1.38773605e-09	7.13244705e-10	0	0	0	0	0	3
295	127	0	0.115234375	1.40114106e-09	7.24709645e-10	4.68457791e-34	1.40114106e-09	7.24709645e-10	0	0	0	0	0	3
300	129	0	0.1171875	1.41395901e-09	7.36008815e-10	4.68457791e-34	1.41395901e-09	7.36008815e-10	0	0	0	0	0	3
305	132	0	0.119140625	1.42619755e-09	7.47140891e-10	4.68457791e-34	1.42619755e-09	7.47140891e-10	0	0	0	0	0	3
310	134	0	0.12109375	1.4378648e-09	7.58104763e-10	4.68457791e-34	1.4378648e-09	7.58104763e-10	0	0	0	0	0	3
315	136	0	0.123046875	1.44896923e-09	7.6889952e-10	4.68457791e-34	1.44896923e-09	7.6889952e-10	0	0	0	0	0	3
320	138	0	0.125	1.45951977e-09	7.79524447e-10	4.68457791e-34	1.45951977e-09	7.79524447e-10	0	0	0	0	0	3
325	140	0	0.126953125	1.46952575e-09	7.89979012e-10	4.68457791e-34	1.46952575e-09	7.89979012e-10	0	0	0	0	0	3
330	142	0	0.12890625	1.47899674e-09	8.00262859e-10	4.68457791e-34	1.47899674e-09	8.00262859e-10	0	0	0	0	0	3
335	144	0	0.130859375	1.48794257e-09	8.10375796e-10	4.68457791e-34	1.48794257e-09	8.10375796e-10	0	0	0	0	0	3
340	146	0	0.1328125	1.49637329e-09	8.20317788e-10	4.68457791e-34	1.49637329e-09	8.20317788e-10	0	0	0	0	0	3
345	148	0	0.134765625	1.50429909e-09	8.3008895e-10	4.68457791e-34	1.50429909e-09	8.3008895e-10	0	0	0	0	0	3
350	150	0	0.13671875	1.51173026e-09	8.39689532e-10	4.68457791e-34	1.51173026e-09	8.39689532e-10	0	0	0	0	0	3
355	152	0	0.138671875	1.5186773e-09	8.49119917e-10	4.68457791e-34	1.5186773e-09	8.49119917e-10	0	0	0	0	0	3
360	154	0	0.140625	1.52515076e-09	8.58380614e-10	4.68457791e-34	1.52515076e-09	8.58380614e-10	0	0	0	0	0	3
365	156	0	0.142578125	1.53116132e-09	8.67472245e-10	4.68457791e-34	1.53116132e-09	8.67472245e-10	0	0	0	0	0	3
370	158	0	0.14453125	1.53671967e-09	8.76395544e-10	4.68457791e-34	1.53671967e-09	8.76395544e-10	0	0	0	0	0	3
375	160	0	0.146484375	1.54183653e-09	8.85151346e-10	4.68457791e-34	1.54183653e-09	8.85151346e-10	0	0	0	0	0	3
380	162	0	0.1484375	1.54652261e-09	8.93740584e-10	4.68457791e-34	1.54652261e-09	8.93740584e-10	0	0	0	0	0	3
385	164	0	0.150390625	1.55078858e-09	9.02164276e-10	4.68457791e-34	1.55078858e-09	9.02164276e-10	0	0	0	0	0	3
390	166	0	0.15234375	1.55464508e-09	9.10423527e-10	4.68457791e-34	1.55464508e-09	9.10423527e-10	0	0	0	0	0	3
395	168	0	0.154296875	1.55810268e-09	9.18519516e-10	4.68457791e-34	1.55810268e-09	9.18519516e-10	0	0	0	0	0	3
400	170	0	0.15625	1.56117195e-09	9.26453497e-10	4.68457791e-34	1.56117195e-09	9.26453497e-10	0	0	0	0	0	3
405	173	0	0.158203125	1.56386338e-09	9.34226788e-10	4.68457791e-34	1.56386338e-09	9.34226788e-10	0	0	0	0	0	3
410	175	0	0.16015625	1.56618743e-09	9.41840772e-10	4.68457791e-34	1.56618743e-09	9.41840772e-10	0	0	0	0	0	3
415	177	0	0.162109375	1.56815439e-09	9.49296886e-10	4.68457791e-34	1.56815439e-09	9.49296886e-10	0	0	0	0	0	3
420	179	0	0.1640625	1.56977446e-09	9.56596622e-10	4.68457791e-34	1.56977446e-09	9.56596622e-10	0	0	0	0	0	3
425	181	0	0.166015625	1.57105773e-09	9.63741519e-10	4.68457791e-34	1.57105773e-09	9.63741519e-10	0	0	0	0	0	3
430	183	0	0.16796875	1.57201414e-09	9.70733158e-10	4.68457791e-34	1.57201414e-09	9.70733158e-10	0	0	0	0	0	3
435	185	0	0.169921875	1.57265352e-09	9.77573162e-10	4.68457791e-34	1.57265352e-09	9.77573162e-10	0	0	0	0	0	3
440	187	0	0.171875	1.57298554e-09	9.84263189e-10	4.68457791e-34	1.57298554e-09	9.84263189e-10	0	0	0	0	0	3
445	189	0	0.173828125	1.57301966e-09	9.90804928e-10	4.68457791e-34	1.57301966e-09	9.90804928e-10	0	0	0	0	0	3
450	191	0	0.17578125	1.57276526e-09	9.97200096e-10	4.68457791e-34	1.57301966e-09	9.97200096e-10	0	0	0	0	0	3
455	192	0	0.177734375	1.57223158e-09	1.00345044e-09	4.68457791e-34	1.57301966e-09	1.00345044e-09	0	0	0	0	0	3
460	195	0	0.1796875	1.57142773e-09	1.00955772e-09	4.68457791e-34	1.57301966e-09	1.00955772e-09	0	0	0	0	0	3
465	196	0	0.181640625	1.57036264e-09	1.01552373e-09	4.68457791e-34	1.57301966e-09	1.01552373e-09	0	0	0	0	0	3
470	198	0	0.18359375	1.56904508e-09	1.02135027e-09	4.68457791e-34	1.57301966e-09	1.02135027e-09	0	0	0	0	0	3
475	200	0	0.185546875	1.56748364e-09	1.02703916e-09	4.68457791e-34	1.57301966e-09	1.02703916e-09	0	0	0	0	0	3
480	202	0	0.1875	1.56568673e-09	1.03259223e-09	4.68457791e-34	1.57301966e-09	1.03259223e-09	0	0	0	0	0	3
485	204	0	0.189453125	1.5636626e-09	1.03801131e-09	4.68457791e-34	1.57301966e-09	1.03801131e-09	0	0	0	0	0	3
490	205	0	0.19140625	1.56141931e-09	1.04329826e-09	4.68457791e-34	1.57301966e-09	1.04329826e-09	0	0	0	0	0	3
495	207	0	0.193359375	1.55896478e-09	1.04845493e-09	4.68457791e-34	1.57301966e-09	1.04845493e-09	0	0	0	0	0	3
500	209	0	0.1953125	1.55630677e-09	1.05348316e-09	4.68457791e-34	1.57301966e-09	1.05348316e-09	0	0	0	0	0	3
505	212	0	0.197265625	1.55345286e-09	1.05838483e-09	4.68457791e-34	1.57301966e-09	1.05838483e-09	0	0	0	0	0	3
510	214	0	0.19921875	1.55041056e-09	1.06316178e-09	4.68457791e-34	1.57301966e-09	1.06316178e-09	0	0	0	0	0	3
515	216	0	0.201171875	1.54718728e-09	1.06781587e-09	4.68457791e-34	1.57301966e-09	1.06781587e-09	0	0	0	0	0	3
520	218	0	0.203125	1.54379032e-09	1.07234896e-09	4.68457791e-34	1.57301966e-09	1.07234896e-09	0	0	0	0	0	3
525	219	0	0.205078125	1.54022701e-09	1.0767629e-09	4.68457791e-34	1.57301966e-09	1.0767629e-09	0	0	0	0	0	3
530	221	0	0.20703125	1.53650483e-09	1.08105956e-09	4.68457791e-34	1.57301966e-09	1.08105956e-09	0	0	0	0	0	3
535	223	0	0.208984375	1.53263159e-09	1.08524078e-09	4.68457791e-34	1.57301966e-09	1.08524078e-09	0	0	0	0	0	3
540	225	0	0.2109375	1.5286158e-09	1.08930844e-09	4.68457791e-34	1.57301966e-09	1.08930844e-09	0	0	0	0	0	3
545	227	0	0.212890625	1.52446729e-09	1.09326443e-09	4.68457791e-34	1.57301966e-09	1.09326443e-09	0	0	0	0	0	3
550	228	0	0.21484375	1.52019816e-09	1.09711068e-09	4.68457791e-34	1.57301966e-09	1.09711068e-09	0	0	0	0	0	3
555	230	0	0.216796875	1.51582407e-09	1.10084919e-09	4.68457791e-34	1.57301966e-09	1.10084919e-09	0	0	0	0	0	3
560	232	0	0.21875	1.51136565e-09	1.10448208e-09	4.68457791e-34	1.57301966e-09	1.10448208e-09	0	0	0	0	0	3
565	233	0	0.220703125	1.50685043e-09	1.10801163e-09	4.68457791e-34	1.57301966e-09	1.10801163e-09	0	0	0	0	0	3
570	235	0	0.22265625	1.50231578e-09	1.11144036e-09	4.68457791e-34	1.57301966e-09	1.11144036e-09	0	0	0	0	0	3
575	236	0	0.224609375	1.49781263e-09	1.11477115e-09	4.68457791e-34	1.57301966e-09	1.11477115e-09	0	0	0	0	0	3
580	238	0	0.2265625	1.4934105e-09	1.11800739e-09	4.68457791e-34	1.57301966e-09	1.11800739e-09	0	0	0	0	0	3
585	240	0	0.228515625	1.48920403e-09	1.12115312e-09	4.68457791e-34	1.57301966e-09	1.12115312e-09	0	0	0	0	0	3
590	241	0	0.23046875	1.48532162e-09	1.12421336e-09	4.68457791e-34	1.57301966e-09	1.12421336e-09	0	0	0	0	0	3
595	243	0	0.232421875	1.48193662e-09	1.12719439e-09	4.68457791e-34	1.57301966e-09	1.12719439e-09	0	0	0	0	0	3
600	244	0	0.234375	1.4792813e-09	1.1301042e-09	4.68457791e-34	1.57301966e-09	1.1301042e-09	0	0	0	0	0	3
605	247	0	0.236328125	1.47766545e-09	1.13295306e-09	4.68457791e-34	1.57301966e-09	1.13295306e-09	0	0	0	0	0	3
610	248	0	0.23828125	1.47750126e-09	1.13575427e-09	4.68457791e-34	1.57301966e-09	1.13575427e-09	0	0	0	0	0	3
615	250	0	0.240234375	1.47933521e-09	1.13852508e-09	4.68457791e-34	1.57301966e-09	1.13852508e-09	0	0	0	0	0	3
620	252	0	0.2421875	1.48389215e-09	1.14128802e-09	4.68457791e-34	1.57301966e-09	1.14128802e-09	0	0	0	0	0	3
625	253	0	0.244140625	1.49213331e-09	1.1440725e-09	4.68457791e-34	1.57301966e-09	1.1440725e-09	0	0	0	0	0	3
630	254	0	0.24609375	1.50533396e-09	1.14691708e-09	4.68457791e-34	1.57301966e-09	1.14691708e-09	0	0	0	0	0	3
635	256	0	0.248046875	1.5251884e-09	1.14987233e-09	4.68457791e-34	1.57301966e-09	1.14987233e-09	0	0	0	0	0	3
640	258	0	0.25	1.55394958e-09	1.15300471e-09	4.68457791e-34	1.57301966e-09	1.15300471e-09	0	0	0	0	0	3
645	259	0	0.251953125	1.5946196e-09	1.15640174e-09	4.68457791e-34	1.5946196e-09	1.15640174e-09	0	0	0	0	0	3
650	260	0	0.25390625	1.65120679e-09	1.16017888e-09	4.68457791e-34	1.65120679e-09	1.16017888e-09	0	0	0	0	0	3
655	262	0	0.255859375	1.7290439e-09	1.16448847e-09	4.68457791e-34	1.7290439e-09	1.16448847e-09	0	0	0	0	0	3
660	263	0	0.2578125	1.8352128e-09	1.16953151e-09	4.68457791e-34	1.8352128e-09	1.16953151e-09	0	0	0	0	0	3
665	264	0	0.259765625	2.92845444e-09	1.1826578e-09	4.68457791e-34	2.92845444e-09	1.1826578e-09	0	0	0	0	0	3
670	266	0	0.26171875	4.26968494e-09	1.20552466e-09	4.68457791e-34	4.26968494e-09	1.20552466e-09	0	0	0	0	0	3
675	267	0	0.263671875	6.44377168e-09	1.24404119e-09	4.68457791e-34	6.44377168e-09	1.24404119e-09	0	0	0	0	0	3
680	269	0	0.265625	1.89651624e-08	1.37339244e-09	4.68457791e-34	1.89651624e-08	1.37339244e-09	0	0	0	0	0	3
685	270	0	0.267578125	3.22322772e-08	1.59700754e-09	4.68457791e-34	3.22322772e-08	1.59700754e-09	0	0	0	0	0	3
690	271	0	0.26953125	4.77512097e-08	1.92905216e-09	4.68457791e-34	4.77512097e-08	1.92905216e-09	0	0	0	0	0	3
695	272	0	0.271484375	7.28050213e-08	2.43530909e-09	4.68457791e-34	7.28050213e-08	2.43530909e-09	0	0	0	0	0	3
700	274	0	0.2734375	1.1403115e-07	3.22676895e-09	4.68457791e-34	1.1403115e-07	3.22676895e-09	0	0	0	0	0	3
705	276	0	0.275390625	1.70768413e-07	4.40663968e-09	4.68457791e-34	1.70768413e-07	4.40663968e-09	0	0	0	0	0	3
710	277	0	0.27734375	2.39376008e-07	6.04978212e-09	4.68457791e-34	2.39376008e-07	6.04978212e-09	0	0	0	0	0	3
715	278	0	0.279296875	3.23273178e-07	8.25272236e-09	4.68457791e-34	3.23273178e-07	8.25272236e-09	0	0	0	0	0	3
720	279	0	0.28125	4.25025715e-07	1.11270189e-08	4.68457791e-34	4.25025715e-07	1.11270189e-08	0	0	0	0	0	3
725	281	0	0.283203125	5.5338171e-07	1.48410921e-08	4.68457791e-34	5.5338171e-07	1.48410921e-08	0	0	0	0	0	3
730	282	0	0.28515625	7.12902444e-07	1.95898088e-08	4.68457791e-34	7.12902444e-07	1.95898088e-08	0	0	0	0	0	3
735	283	0	0.287109375	9.13629289e-07	2.56306161e-08	4.68457791e-34	9.13629289e-07	2.56306161e-08	0	0	0	0	0	3
740	284	0	0.2890625	1.16505676e-06	3.32777714e-08	4.68457791e-34	1.16505676e-06	3.32777714e-08	0	0	0	0	0	3
745	285	0	0.291015625	1.48424665e-06	4.29508972e-08	4.68457791e-34	1.48424665e-06	4.29508972e-08	0	0	0	0	0	3
750	286	0	0.29296875	1.88582867e-06	5.51553858e-08	4.68457791e-34	1.88582867e-06	5.51553858e-08	0	0	0	0	0	3
755	288	0	0.294921875	2.39013333e-06	7.05170828e-08	4.68457791e-34	2.39013333e-06	7.05170828e-08	0	0	0	0	0	3
760	289	0	0.296875	3.02788251e-06	8.98462686e-08	4.68457791e-34	3.02788251e-06	8.98462686e-08	0	0	0	0	0	3
765	290	0	0.298828125	3.82149312e-06	1.14077742e-07	4.68457791e-34	3.82149312e-06	1.14077742e-07	0	0	0	0	0	3
770	291	0	0.30078125	4.81857385e-06	1.44429329e-07	4.68457791e-34	4.81857385e-06	1.44429329e-07	0	0	0	0	0	3
775	292	0	0.302734375	6.05249377e-06	1.82301537e-07	4.68457791e-34	6.05249377e-06	1.82301537e-07	0	0	0	0	0	3
780	293	0	0.3046875	7.58851735e-06	2.29474887e-07	4.68457791e-34	7.58851735e-06	2.29474887e-07	0	0	0	0	0	3
785	294	0	0.306640625	9.48287004e-06	2.88040679e-07	4.68457791e-34	9.48287004e-06	2.88040679e-07	0	0	0	0	0	3
790	295	0	0.30859375	1.18128012e-05	3.60523449e-07	4.68457791e-34	1.18128012e-05	3.60523449e-07	0	0	0	0	0	3
795	296	0	0.310546875	1.46826783e-05	4.50036917e-07	4.68457791e-34	1.46826783e-05	4.50036917e-07	0	0	0	0	0	3
800	297	0	0.3125	1.8183702e-05	5.60183905e-07	4.68457791e-34	1.8183702e-05	5.60183905e-07	0	0	0	0	0	3
805	299	0	0.314453125	2.24543452e-05	6.95333049e-07	4.68457791e-34	2.24543452e-05	6.95333049e-07	0	0	0	0	0	3
810	300	0	0.31640625	2.76514875e-05	8.6070823e-07	4.68457791e-34	2.76514875e-05	8.6070823e-07	0	0	0	0	0	3
815	301	0	0.318359375	3.39288861e-05	1.06234346e-06	4.68457791e-34	3.39288861e-05	1.06234346e-06	0	0	0	0	0	3
820	302	0	0.3203125	4.150883e-05	1.30747368e-06	4.68457791e-34	4.150883e-05	1.30747368e-06	0	0	0	0	0	3
825	303	0	0.322265625	5.06003458e-05	1.60441869e-06	4.68457791e-34	5.06003458e-05	1.60441869e-06	0	0	0	0	0	3
830	304	0	0.32421875	6.14789427e-05	1.96294878e-06	4.68457791e-34	6.14789427e-05	1.96294878e-06	0	0	0	0	0	3
835	305	0	0.326171875	7.4460104e-05	2.39447946e-06	4.68457791e-34	7.4460104e-05	2.39447946e-06	0	0	0	0	0	3
840	306	0	0.328125	9.00812962e-05	2.91333637e-06	4.68457791e-34	9.00812962e-05	2.91333637e-06	0	0	0	0	0	3
845	307	0	0.330078125	0.000108380959	3.53373415e-06	4.68457791e-34	0.000108380959	3.53373415e-06	0	0	0	0	0	3
850	307	0	0.33203125	0.000129873853	4.27256525e-06	4.68457791e-34	0.000129873853	4.27256525e-06	0	0	0	0	0	3
855	308	0	0.333984375	0.000155370952	5.15104425e-06	4.68457791e-34	0.000155370952	5.15104425e-06	0	0	0	0	0	3
860	309	0	0.3359375	0.000185229412	6.19195967e-06	4.68457791e-34	0.000185229412	6.19195967e-06	0	0	0	0	0	3
865	310	0	0.337890625	0.000220182436	7.42178999e-06	4.68457791e-34	0.000220182436	7.42178999e-06	0	0	0	0	0	3
870	311	0	0.33984375	0.000260999643	8.87080629e-06	4.68457791e-34	0.000260999643	8.87080629e-06	0	0	0	0	0	3
875	312	0	0.341796875	0.000308748395	1.05746562e-05	4.68457791e-34	0.000308748395	1.05746562e-05	0	0	0	0	0	3
880	313	0	0.34375	0.000364337611	1.2573317e-05	4.68457791e-34	0.000364337611	1.2573317e-05	0	0	0	0	0	3
885	314	0	0.345703125	0.000429203727	1.49139373e-05	4.68457791e-34	0.000429203727	1.49139373e-05	0	0	0	0	0	3
890	315	0	0.34765625	0.000504587076	1.76495414e-05	4.68457791e-34	0.000504587076	1.76495414e-05	0	0	0	0	0	3
895	315	0	0.349609375	0.000592249609	2.0841764e-05	4.68457791e-34	0.000592249609	2.0841764e-05	0	0	0	0	0	3
900	316	0	0.3515625	0.000694144704	2.45616697e-05	4.68457791e-34	0.000694144704	2.45616697e-05	0	0	0	0	0	3
905	318	0	0.353515625	0.000812638465	2.8891762e-05	4.68457791e-34	0.000812638465	2.8891762e-05	0	0	0	0	0	3
910	319	0	0.35546875	0.000950465894	3.39276862e-05	4.68457791e-34	0.000950465894	3.39276862e-05	0	0	0	0	0	3
915	320	0	0.357421875	0.00111076329	3.97800537e-05	4.68457791e-34	0.00111076329	3.97800537e-05	0	0	0	0	0	3
920	321	0	0.359375	0.00129742937	4.65781581e-05	4.68457791e-34	0.00129742937	4.65781581e-05	0	0	0	0	0	3
925	321	0	0.361328125	0.00151458342	5.44706595e-05	4.68457791e-34	0.00151458342	5.44706595e-05	0	0	0	0	0	3
930	322	0	0.36328125	0.00176763107	6.36319451e-05	4.68457791e-34	0.00176763107	6.36319451e-05	0	0	0	0	0	3
935	323	0	0.365234375	0.00216584481	7.48139284e-05	4.68457791e-34	0.00216584481	7.48139284e-05	0	0	0	0	0	3
940	324	0	0.3671875	0.00263392172	8.83541813e-05	4.68457791e-34	0.00263392172	8.83541813e-05	0	0	0	0	0	3
945	325	0	0.369140625	0.0031631853	0.000104537503	4.68457791e-34	0.0031631853	0.000104537503	0	0	0	0	0	3
950	325	0	0.37109375	0.00459814478	0.000128064243	4.68457791e-34	0.00459814478	0.000128064243	0	0	0	0	0	3
955	326	0	0.373046875	0.0063960939	0.00016071023	4.68457791e-34	0.0063960939	0.00016071023	0	0	0	0	0	3
960	327	0	0.375	0.00821425368	0.000202438435	4.68457791e-34	0.00821425368	0.000202438435	0	0	0	0	0	3
965	328	0	0.376953125	0.0104476365	0.000255248734	4.68457791e-34	0.0104476365	0.000255248734	0	0	0	0	0	3
970	329	0	0.37890625	0.0133900446	0.000322606662	4.68457791e-34	0.0133900446	0.000322606662	0	0	0	0	0	3
975	329	0	0.380859375	0.0170745371	0.000408075694	4.68457791e-34	0.0170745371	0.000408075694	0	0	0	0	0	3
980	330	0	0.3828125	0.0219101146	0.0005172231	4.68457791e-34	0.0219101146	0.0005172231	0	0	0	0	0	3
985	331	0	0.384765625	0.0277133929	0.000654577493	4.68457791e-34	0.0277133929	0.000654577493	0	0	0	0	0	3
990	332	0	0.38671875	0.0345436389	0.000824874284	4.68457791e-34	0.0345436389	0.000824874284	0	0	0	0	0	3
995	333	0	0.388671875	0.042783866	0.00103466924	4.68457791e-34	0.042783866	0.00103466924	0	0	0	0	0	3
1000	333	0	0.390625	0.0521349775	0.00128889963	4.68457791e-34	0.0521349775	0.00128889963	0	0	0	0	0	3
1005	335	0	0.392578125	0.0634763501	0.0015967583	4.68457791e-34	0.0634763501	0.0015967583	0	0	0	0	0	3
1010	336	0	0.39453125	0.0765349836	0.00196591212	4.68457791e-34	0.0765349836	0.00196591212	0	0	0	0	0	3
1015	337	0	0.396484375	0.0919960526	0.00240723634	4.68457791e-34	0.0919960526	0.00240723634	0	0	0	0	0	3
1020	338	0	0.3984375	0.110287929	0.00293348361	4.68457791e-34	0.110287929	0.00293348361	0	0	0	0	0	3
1025	339	0	0.400390625	0.131812753	0.00355911114	4.68457791e-34	0.131812753	0.00355911114	0	0	0	0	0	3
1030	339	0	0.40234375	0.15765037	0.00430351335	4.68457791e-34	0.15765037	0.00430351335	0	0	0	0	0	3
1035	340	0	0.404296875	0.188239996	0.00518782337	4.68457791e-34	0.188239996	0.00518782337	0	0	0	0	0	3
1040	341	0	0.40625	0.225269469	0.00624084559	4.68457791e-34	0.225269469	0.00624084559	0	0	0	0	0	3
1045	342	0	0.408203125	0.269772876	0.00749576002	4.68457791e-34	0.269772876	0.00749576002	0	0	0	0	0	3
1050	343	0	0.41015625	0.323541467	0.00899360698	4.68457791e-34	0.323541467	0.00899360698	0	0	0	0	0	3
1055	343	0	0.412109375	0.388894853	0.010785594	4.68457791e-34	0.388894853	0.010785594	0	0	0	0	0	3
1060	344	0	0.4140625	0.468515882	0.0129345625	4.68457791e-34	0.468515882	0.0129345625	0	0	0	0	0	3
1065	345	0	0.416015625	0.566358286	0.0155206546	4.68457791e-34	0.566358286	0.0155206546	0	0	0	0	0	3
1070	346	0	0.41796875	0.686236213	0.0186402619	4.68457791e-34	0.686236213	0.0186402619	0	0	0	0	0	3
1075	347	0	0.419921875	0.834413709	0.0224169908	4.68457791e-34	0.834413709	0.0224169908	0	0	0	0	0	3
1080	347	0	0.421875	1.01852556	0.0270073529	4.68457791e-34	1.01852556	0.0270073529	0	0	0	0	0	3
1085	348	0	0.423828125	1.24750791	0.0326059793	4.68457791e-34	1.24750791	0.0326059793	0	0	0	0	0	3
1090	349	0	0.42578125	1.53496741	0.0394660771	4.68457791e-34	1.53496741	0.0394660771	0	0	0	0	0	3
1095	350	0	0.427734375	1.89670148	0.0479080562	4.68457791e-34	1.89670148	0.0479080562	0	0	0	0	0	3
1100	351	0	0.4296875	2.35211205	0.0583343187	4.68457791e-34	2.35211205	0.0583343187	0	0	0	0	0	3
1105	352	0	0.431640625	2.93223516	0.071279818	4.68457791e-34	2.93223516	0.071279818	0	0	0	0	0	3
1110	353	0	0.43359375	3.67073353	0.087420866	4.68457791e-34	3.67073353	0.087420866	0	0	0	0	0	3
1115	354	0	0.435546875	4.59569887	0.107547107	4.68457791e-34	4.59569887	0.107547107	0	0	0	0	0	3
1120	355	0	0.4375	5.77717055	0.132745434	4.68457791e-34	5.77717055	0.132745434	0	0	0	0	0	3
1125	356	0	0.439453125	7.31332032	0.164517889	4.68457791e-34	7.31332032	0.164517889	0	0	0	0	0	3
1130	356	0	0.44140625	9.21641657	0.204394094	4.68457791e-34	9.21641657	0.204394094	0	0	0	0	0	3
1135	357	0	0.443359375	11.1418621	0.252365445	4.68457791e-34	11.1418621	0.252365445	0	0	0	0	0	3
1140	358	0	0.4453125	13.0125454	0.308086755	4.68457791e-34	13.0125454	0.308086755	0	0	0	0	0	3
1145	359	0	0.447265625	16.5855939	0.378858525	4.68457791e-34	16.5855939	0.378858525	0	0	0	0	0	3
1150	360	0	0.44921875	19.8646282	0.463212506	4.68457791e-34	19.8646282	0.463212506	0	0	0	0	0	3
1155	361	0	0.451171875	21.8702328	0.555484146	4.68457791e-34	21.8702328	0.555484146	0	0	0	0	0	3
1160	361	0	0.453125	23.7672645	0.655105521	4.68457791e-34	23.7672645	0.655105521	0	0	0	0	0	3
1165	362	0	0.455078125	25.9346455	0.763137743	4.68457791e-34	25.9346455	0.763137743	0	0	0	0	0	3
1170	363	0	0.45703125	37.1149359	0.917826246	4.68457791e-34	37.1149359	0.917826246	0	0	0	0	0	3
1175	364	0	0.458984375	40.1300465	1.08397972	4.68457791e-34	40.1300465	1.08397972	0	0	0	0	0	3
1180	365	0	0.4609375	42.7883506	1.25994753	4.68457791e-34	42.7883506	1.25994753	0	0	0	0	0	3
1185	366	0	0.462890625	47.663484	1.45492037	4.68457791e-34	47.663484	1.45492037	0	0	0	0	0	3
1190	366	0	0.46484375	53.661079	1.67335618	4.68457791e-34	53.661079	1.67335618	0	0	0	0	0	3
1195	367	0	0.466796875	60.6860308	1.91924233	4.68457791e-34	60.6860308	1.91924233	0	0	0	0	0	3
1200	368	0	0.46875	66.6228661	2.18772209	4.68457791e-34	66.6228661	2.18772209	0	0	0	0	0	3
1205	370	0	0.470703125	72.2239108	2.47712783	4.68457791e-34	72.2239108	2.47712783	0	0	0	0	0	3
1210	371	0	0.47265625	78.1542481	2.78855631	4.68457791e-34	78.1542481	2.78855631	0	0	0	0	0	3
1215	372	0	0.474609375	84.8894719	3.12503547	4.68457791e-34	84.8894719	3.12503547	0	0	0	0	0	3
1220	373	0	0.4765625	91.7282399	3.48668121	4.68457791e-34	91.7282399	3.48668121	0	0	0	0	0	3
1225	374	0	0.478515625	97.4646737	3.86870557	4.68457791e-34	97.4646737	3.86870557	0	0	0	0	0	3
1230	374	0	0.48046875	103.579615	4.27239346	4.68457791e-34	103.579615	4.27239346	0	0	0	0	0	3
1235	375	0	0.482421875	110.761278	4.70178412	4.68457791e-34	110.761278	4.70178412	0	0	0	0	0	3
1240	376	0	0.484375	118.834635	5.16014898	4.68457791e-34	118.834635	5.16014898	0	0	0	0	0	3
1245	377	0	0.486328125	126.421226	5.64519329	4.68457791e-34	126.421226	5.64519329	0	0	0	0	0	3
1250	378	0	0.48828125	133.57061	6.15485631	4.68457791e-34	133.57061	6.15485631	0	0	0	0	0	3
1255	379	0	0.490234375	140.519653	6.68804994	4.68457791e-34	140.519653	6.68804994	0	0	0	0	0	3
1260	380	0	0.4921875	146.508911	7.24070156	4.68457791e-34	146.508911	7.24070156	0	0	0	0	0	3
1265	380	0	0.494140625	152.814605	7.81382717	4.68457791e-34	152.814605	7.81382717	0	0	0	0	0	3
1270	381	0	0.49609375	158.650913	8.40534515	4.68457791e-34	158.650913	8.40534515	0	0	0	0	0	3
1275	382	0	0.498046875	165.196156	9.01780926	4.68457791e-34	165.196156	9.01780926	0	0	0	0	0	3
1280	383	0	0.5	170.051656	9.6444001	4.68457791e-34	170.051656	9.6444001	0	0	0	0	0	3
1285	384	0	0.501953125	175.799917	10.368792	8.03460892e-12	175.799917	10.368792	0	0	0	0	0	3
1290	385	0	0.50390625	182.690391	11.0824263	1.98665556e-11	182.690391	11.0824263	0	0	0	0	0	3
1295	385	0	0.505859375	187.050658	11.8130929	3.59924873e-11	187.050658	11.8130929	0	0	0	0	0	3
1300	386	0	0.5078125	192.341953	12.5644287	5.3320444e-11	192.341953	12.5644287	0	0	0	0	0	3
1305	388	0	0.509765625	197.35895	13.3353621	7.66331226e-11	197.35895	13.3353621	0	0	0	0	0	3
1310	389	0	0.51171875	202.966505	14.1282	9.74944092e-11	202.966505	14.1282	0	0	0	0	0	3
1315	390	0	0.513671875	208.048709	14.9408903	1.24344451e-10	208.048709	14.9408903	0	0	0	0	0	3
1320	391	0	0.515625	213.345048	15.7742694	1.48501928e-10	213.345048	15.7742694	0	0	0	0	0	3
1325	392	0	0.517578125	217.789122	16.6250081	1.77062804e-10	217.789122	16.6250081	0	0	0	0	0	3
1330	392	0	0.51953125	222.904458	17.4957287	2.0455124e-10	222.904458	17.4957287	0	0	0	0	0	3
1335	393	0	0.521484375	227.444899	18.3841853	2.34603043e-10	227.444899	18.3841853	0	0	0	0	0	3
1340	394	0	0.5234375	243.924467	19.3370152	2.63228845e-10	243.924467	19.3370152	0	0	0	0	0	3
1345	395	0	0.525390625	248.488608	20.3076739	2.92965174e-10	248.488608	20.3076739	0	0	0	0	0	3
1350	396	0	0.52734375	253.576293	21.2982063	3.22450764e-10	253.576293	21.2982063	0	0	0	0	0	3
1355	397	0	0.529296875	259.022733	22.3100138	3.52170674e-10	259.022733	22.3100138	0	0	0	0	0	3
1360	397	0	0.53125	262.806571	23.336602	3.82077035e-10	262.806571	23.336602	0	0	0	0	0	3
1365	398	0	0.533203125	266.48833	24.377572	4.12129784e-10	266.48833	24.377572	0	0	0	0	0	3
1370	399	0	0.53515625	271.201137	25.4369515	4.42293309e-10	271.201137	25.4369515	0	0	0	0	0	3
1375	400	0	0.537109375	276.04524	26.5152532	4.72534268e-10	276.04524	26.5152532	0	0	0	0	0	3
1380	401	0	0.5390625	279.655659	27.6076581	5.02820076e-10	279.655659	27.6076581	0	0	0	0	0	3
1385	402	0	0.541015625	283.87084	28.7165286	5.33118321e-10	283.87084	28.7165286	0	0	0	0	0	3
1390	402	0	0.54296875	288.502903	29.843493	5.63395918e-10	288.502903	29.843493	0	0	0	0	0	3
1395	403	0	0.544921875	292.680834	30.9867775	5.9361893e-10	292.680834	30.9867775	0	0	0	0	0	3
1400	404	0	0.546875	295.78689	32.1421951	6.23752279e-10	295.78689	32.1421951	0	0	0	0	0	3
1405	406	0	0.548828125	299.247383	33.3111302	6.53760696e-10	299.247383	33.3111302	0	0	0	0	0	3
1410	407	0	0.55078125	303.239121	34.495658	6.83608553e-10	303.239121	34.495658	0	0	0	0	0	3
1415	408	0	0.552734375	306.736527	35.6938475	7.13259816e-10	306.736527	35.6938475	0	0	0	0	0	3
1420	409	0	0.5546875	310.282223	36.9058875	7.4267922e-10	310.282223	36.9058875	0	0	0	0	0	3
1425	410	0	0.556640625	314.107364	38.1328694	7.71832046e-10	314.107364	38.1328694	0	0	0	0	0	3
1430	410	0	0.55859375	317.060496	39.3713869	8.00684544e-10	317.060496	39.3713869	0	0	0	0	0	3
1435	411	0	0.560546875	320.682551	40.6240532	8.29204156e-10	320.682551	40.6240532	0	0	0	0	0	3
1440	412	0	0.5625	324.697523	41.8924029	8.57359838e-10	324.697523	41.8924029	0	0	0	0	0	3
1445	413	0	0.564453125	328.041407	43.1738146	8.85121931e-10	328.041407	43.1738146	0	0	0	0	0	3
1450	414	0	0.56640625	330.203535	44.4636722	9.124625e-10	330.203535	44.4636722	0	0	0	0	0	3
1455	415	0	0.568359375	332.427242	45.7622161	9.39355371e-10	332.427242	45.7622161	0	0	0	0	0	3
1460	416	0	0.5703125	336.076249	47.0750139	9.65776365e-10	336.076249	47.0750139	0	0	0	0	0	3
1465	416	0	0.572265625	339.895765	48.4027318	9.91703066e-10	339.895765	48.4027318	0	0	0	0	0	3
1470	417	0	0.57421875	342.796067	49.7417789	1.01711495e-09	342.796067	49.7417789	0	0	0	0	0	3
1475	418	0	0.576171875	345.527843	51.091497	1.04199342e-09	345.527843	51.091497	0	0	0	0	0	3
1480	419	0	0.578125	348.086496	52.4512099	1.0663218e-09	348.086496	52.4512099	0	0	0	0	0	3
1485	420	0	0.580078125	350.078371	53.8187035	1.0900853e-09	350.078371	53.8187035	0	0	0	0	0	3
1490	421	0	0.58203125	351.569508	55.1920219	1.11327099e-09	351.569508	55.1920219	0	0	0	0	0	3
1495	422	0	0.583984375	353.056628	56.5711494	1.1358677e-09	353.056628	56.5711494	0	0	0	0	0	3
1500	422	0	0.5859375	355.427279	57.9595372	1.15786596e-09	355.427279	57.9595372	0	0	0	0	0	3
1505	425	0	0.587890625	356.62453	59.3526018	1.17925799e-09	356.62453	59.3526018	0	0	0	0	0	3
1510	425	0	0.58984375	357.702556	60.7498774	1.20003757e-09	357.702556	60.7498774	0	0	0	0	0	3
1515	426	0	0.591796875	360.27634	62.1572068	1.22019997e-09	360.27634	62.1572068	0	0	0	0	0	3
1520	427	0	0.59375	362.813401	63.5744467	1.23974182e-09	362.813401	63.5744467	0	0	0	0	0	3
1525	428	0	0.595703125	364.189619	64.9970624	1.25866113e-09	364.189619	64.9970624	0	0	0	0	0	3
1530	429	0	0.59765625	365.363668	66.4242642	1.27695714e-09	365.363668	66.4242642	0	0	0	0	0	3
1535	430	0	0.599609375	366.768924	67.8569553	1.29463023e-09	366.768924	67.8569553	0	0	0	0	0	3
1540	431	0	0.6015625	367.641312	69.2930542	1.31168184e-09	367.641312	69.2930542	0	0	0	0	0	3
1545	431	0	0.603515625	368.362217	70.7319691	1.32811447e-09	368.362217	70.7319691	0	0	0	0	0	3
1550	432	0	0.60546875	369.877009	72.1768012	1.34393156e-09	369.877009	72.1768012	0	0	0	0	0	3
1555	433	0	0.607421875	371.62508	73.6284616	1.35913737e-09	371.62508	73.6284616	0	0	0	0	0	3
1560	434	0	0.609375	372.13754	75.0821239	1.37373694e-09	372.13754	75.0821239	0	0	0	0	0	3
1565	435	0	0.611328125	373.917699	76.5427399	1.38773605e-09	373.917699	76.5427399	0	0	0	0	0	3
1570	436	0	0.61328125	375.398401	78.0091399	1.40114106e-09	375.398401	78.0091399	0	0	0	0	0	3
1575	437	0	0.615234375	375.936359	79.4776413	1.41395901e-09	375.936359	79.4776413	0	0	0	0	0	3
1580	437	0	0.6171875	377.679318	80.9529512	1.42619755e-09	377.679318	80.9529512	0	0	0	0	0	3
1585	438	0	0.619140625	377.998415	82.4295075	1.4378648e-09	377.998415	82.4295075	0	0	0	0	0	3
1590	439	0	0.62109375	376.963049	83.9020194	1.44896923e-09	377.998415	83.9020194	0	0	0	0	0	3
1595	440	0	0.623046875	377.552219	85.3768327	1.45951977e-09	377.998415	85.3768327	0	0	0	0	0	3
1600	441	0	0.625	378.260712	86.8544136	1.46952575e-09	378.260712	86.8544136	0	0	0	0	0	3
1605	443	0	0.626953125	379.795471	88.3379897	1.47750126e-09	379.795471	88.3379897	0	0	0	0	0	3
1610	444	0	0.62890625	380.990142	89.8262324	1.47750126e-09	380.990142	89.8262324	0	0	0	0	0	3
1615	445	0	0.630859375	381.353804	91.3158957	1.47750126e-09	381.353804	91.3158957	0	0	0	0	0	3
1620	446	0	0.6328125	381.631901	92.8066453	1.47750126e-09	381.631901	92.8066453	0	0	0	0	0	3
1625	446	0	0.634765625	382.253113	94.2998216	1.47750126e-09	382.253113	94.2998216	0	0	0	0	0	3
1630	447	0	0.63671875	382.86906	95.7954038	1.47750126e-09	382.86906	95.7954038	0	0	0	0	0	3
1635	448	0	0.638671875	383.096702	97.2918753	1.47750126e-09	383.096702	97.2918753	0	0	0	0	0	3
1640	449	0	0.640625	383.757093	98.7909265	1.47750126e-09	383.757093	98.7909265	0	0	0	0	0	3
1645	450	0	0.642578125	384.155532	100.291534	1.47750126e-09	384.155532	100.291534	0	0	0	0	0	3
1650	451	0	0.64453125	384.59043	101.79384	1.47750126e-09	384.59043	101.79384	0	0	0	0	0	3
1655	452	0	0.646484375	386.050299	103.301849	1.47750126e-09	386.050299	103.301849	0	0	0	0	0	3
1660	453	0	0.6484375	387.632484	104.816039	1.47750126e-09	387.632484	104.816039	0	0	0	0	0	3
1665	453	0	0.650390625	388.959585	106.335412	1.47750126e-09	388.959585	106.335412	0	0	0	0	0	3
1670	454	0	0.65234375	390.434506	107.860547	1.47750126e-09	390.434506	107.860547	0	0	0	0	0	3
1675	455	0	0.654296875	390.974354	109.38779	1.47750126e-09	390.974354	109.38779	0	0	0	0	0	3
1680	456	0	0.65625	392.233766	110.919954	1.47750126e-09	392.233766	110.919954	0	0	0	0	0	3
1685	457	0	0.658203125	392.763167	112.454185	1.47750126e-09	392.763167	112.454185	0	0	0	0	0	3
1690	458	0	0.66015625	393.61611	113.991748	1.47750126e-09	393.61611	113.991748	0	0	0	0	0	3
1695	458	0	0.662109375	394.583586	115.53309	1.47750126e-09	394.583586	115.53309	0	0	0	0	0	3
1700	459	0	0.6640625	395.663275	117.078649	1.47750126e-09	395.663275	117.078649	0	0	0	0	0	3
1705	461	0	0.666015625	396.520017	118.627556	1.47750126e-09	396.520017	118.627556	0	0	0	0	0	3
1710	462	0	0.66796875	396.11038	120.174862	1.47750126e-09	396.520017	120.174862	0	0	0	0	0	3
1715	463	0	0.669921875	397.953911	121.729369	1.47750126e-09	397.953911	121.729369	0	0	0	0	0	3
1720	464	0	0.671875	398.745841	123.28697	1.47750126e-09	398.745841	123.28697	0	0	0	0	0	3
1725	465	0	0.673828125	399.589348	124.847866	1.47750126e-09	399.589348	124.847866	0	0	0	0	0	3
1730	466	0	0.67578125	399.952128	126.410179	1.47750126e-09	399.952128	126.410179	0	0	0	0	0	3
1735	466	0	0.677734375	400.449924	127.974437	1.47750126e-09	400.449924	127.974437	0	0	0	0	0	3
1740	467	0	0.6796875	401.444924	129.542581	1.47750126e-09	401.444924	129.542581	0	0	0	0	0	3
1745	468	0	0.681640625	402.156953	131.113507	1.47750126e-09	402.156953	131.113507	0	0	0	0	0	3
1750	469	0	0.68359375	403.170921	132.688393	1.47750126e-09	403.170921	132.688393	0	0	0	0	0	3
1755	470	0	0.685546875	402.284848	134.259818	1.47750126e-09	403.170921	134.259818	0	0	0	0	0	3
1760	471	0	0.6875	403.534776	135.836126	1.47750126e-09	403.534776	135.836126	0	0	0	0	0	3
1765	472	0	0.689453125	403.94966	137.414054	1.47750126e-09	403.94966	137.414054	0	0	0	0	0	3
1770	472	0	0.69140625	405.287302	138.997208	1.47750126e-09	405.287302	138.997208	0	0	0	0	0	3
1775	473	0	0.693359375	405.286459	140.580358	1.47750126e-09	405.287302	140.580358	0	0	0	0	0	3
1780	474	0	0.6953125	406.318876	142.167541	1.47750126e-09	406.318876	142.167541	0	0	0	0	0	3
1785	475	0	0.697265625	406.266618	143.75452	1.47750126e-09	406.318876	143.75452	0	0	0	0	0	3
1790	476	0	0.69921875	406.372866	145.341914	1.47750126e-09	406.372866	145.341914	0	0	0	0	0	3
1795	477	0	0.701171875	407.301813	146.932937	1.47750126e-09	407.301813	146.932937	0	0	0	0	0	3
1800	478	0	0.703125	406.981221	148.522707	1.47750126e-09	407.301813	148.522707	0	0	0	0	0	3
1805	479	0	0.705078125	407.523986	150.114598	1.47750126e-09	407.523986	150.114598	0	0	0	0	0	3
1810	480	0	0.70703125	407.709539	151.707213	1.47750126e-09	407.709539	151.707213	0	0	0	0	0	3
1815	481	0	0.708984375	408.214173	153.3018	1.47750126e-09	408.214173	153.3018	0	0	0	0	0	3
1820	482	0	0.7109375	407.533968	154.893729	1.47750126e-09	408.214173	154.893729	0	0	0	0	0	3
1825	483	0	0.712890625	408.729175	156.490328	1.47750126e-09	408.729175	156.490328	0	0	0	0	0	3
1830	484	0	0.71484375	409.058461	158.088212	1.47750126e-09	409.058461	158.088212	0	0	0	0	0	3
1835	485	0	0.716796875	408.144346	159.682526	1.47750126e-09	409.058461	159.682526	0	0	0	0	0	3
1840	485	0	0.71875	409.167378	161.280836	1.47750126e-09	409.167378	161.280836	0	0	0	0	0	3
1845	486	0	0.720703125	408.880583	162.878026	1.47750126e-09	409.167378	162.878026	0	0	0	0	0	3
1850	487	0	0.72265625	408.746619	164.474693	1.47750126e-09	409.167378	164.474693	0	0	0	0	0	3
1855	488	0	0.724609375	408.812528	166.071616	1.47750126e-09	409.167378	166.071616	0	0	0	0	0	3
1860	489	0	0.7265625	409.365868	167.670702	1.47750126e-09	409.365868	167.670702	0	0	0	0	0	3
1865	490	0	0.728515625	408.561588	169.266646	1.47750126e-09	409.365868	169.266646	0	0	0	0	0	3
1870	491	0	0.73046875	409.091401	170.864659	1.47750126e-09	409.365868	170.864659	0	0	0	0	0	3
1875	491	0	0.732421875	408.303243	172.459593	1.47750126e-09	409.365868	172.459593	0	0	0	0	0	3
1880	492	0	0.734375	408.976491	174.057158	1.47750126e-09	409.365868	174.057158	0	0	0	0	0	3
1885	493	0	0.736328125	408.353683	175.652289	1.47750126e-09	409.365868	175.652289	0	0	0	0	0	3
1890	494	0	0.73828125	407.818534	177.245331	1.47933521e-09	409.365868	177.245331	0	0	0	0	0	3
1895	495	0	0.740234375	407.376319	178.836644	1.48389215e-09	409.365868	178.836644	0	0	0	0	0	3
1900	496	0	0.7421875	406.970057	180.426371	1.49213331e-09	409.365868	180.426371	0	0	0	0	0	3
1905	498	0	0.744140625	407.944702	182.019905	1.50533396e-09	409.365868	182.019905	0	0	0	0	0	3
1910	498	0	0.74609375	407.406729	183.611338	1.5251884e-09	409.365868	183.611338	0	0	0	0	0	3
1915	499	0	0.748046875	406.438868	185.198989	1.55394958e-09	409.365868	185.198989	0	0	0	0	0	3
1920	500	0	0.75	408.25204	186.793724	1.5946196e-09	409.365868	186.793724	0	0	0	0	0	3
1925	501	0	0.751953125	407.464673	188.385383	1.65120679e-09	409.365868	188.385383	0	0	0	0	0	3
1930	502	0	0.75390625	407.112349	189.975665	1.7290439e-09	409.365868	189.975665	0	0	0	0	0	3
1935	503	0	0.755859375	406.733464	191.564468	1.8352128e-09	409.365868	191.564468	0	0	0	0	0	3
1940	504	0	0.7578125	406.585635	193.152693	2.92845444e-09	409.365868	193.152693	0	0	0	0	0	3
1945	505	0	0.759765625	405.504686	194.736696	4.26968494e-09	409.365868	194.736696	0	0	0	0	0	3
1950	505	0	0.76171875	404.961455	196.318577	6.44377168e-09	409.365868	196.318577	0	0	0	0	0	3
1955	506	0	0.763671875	405.64025	197.903109	1.89651624e-08	409.365868	197.903109	0	0	0	0	0	3
1960	507	0	0.765625	404.800002	199.484359	3.22322772e-08	409.365868	199.484359	0	0	0	0	0	3
1965	508	0	0.767578125	404.554625	201.06465	4.77512097e-08	409.365868	201.06465	0	0	0	0	0	3
1970	509	0	0.76953125	403.932492	202.642512	7.28050213e-08	409.365868	202.642512	0	0	0	0	0	3
1975	510	0	0.771484375	404.254342	204.22163	1.1403115e-07	409.365868	204.22163	0	0	0	0	0	3
1980	511	0	0.7734375	403.333236	205.797151	1.70768413e-07	409.365868	205.797151	0	0	0	0	0	3
1985	512	0	0.775390625	403.139542	207.371914	2.39376008e-07	409.365868	207.371914	0	0	0	0	0	3
1990	513	0	0.77734375	403.650028	208.948672	3.23273178e-07	409.365868	208.948672	0	0	0	0	0	3
1995	513	0	0.779296875	402.639544	210.521483	4.25025715e-07	409.365868	210.521483	0	0	0	0	0	3
2000	514	0	0.78125	402.05682	212.092017	5.5338171e-07	409.365868	212.092017	0	0	0	0	0	3
2005	516	0	0.783203125	402.337865	213.66365	7.12902444e-07	409.365868	213.66365	0	0	0	0	0	3
2010	517	0	0.78515625	401.171804	215.230727	9.13629289e-07	409.365868	215.230727	0	0	0	0	0	3
2015	518	0	0.787109375	400.835901	216.796492	1.16505676e-06	409.365868	216.796492	0	0	0	0	0	3
2020	519	0	0.7890625	400.616471	218.3614	1.48424665e-06	409.365868	218.3614	0	0	0	0	0	3
2025	520	0	0.791015625	399.410622	219.921598	1.88582867e-06	409.365868	219.921598	0	0	0	0	0	3
2030	521	0	0.79296875	398.553125	221.478446	2.39013333e-06	409.365868	221.478446	0	0	0	0	0	3
2035	521	0	0.794921875	398.918549	223.036722	3.02788251e-06	409.365868	223.036722	0	0	0	0	0	3
2040	522	0	0.796875	397.879438	224.590938	3.82149312e-06	409.365868	224.590938	0	0	0	0	0	3
2045	523	0	0.798828125	396.660782	226.140395	4.81857385e-06	409.365868	226.140394	0	0	0	0	0	3
2050	524	0	0.80078125	397.442865	227.692906	6.05249377e-06	409.365868	227.692906	0	0	0	0	0	3
2055	525	0	0.802734375	396.384022	229.241281	7.58851735e-06	409.365868	229.241281	0	0	0	0	0	3
2060	526	0	0.8046875	395.814926	230.787433	9.48287004e-06	409.365868	230.787433	0	0	0	0	0	3
2065	527	0	0.806640625	395.855239	232.333742	1.18128012e-05	409.365868	232.333742	0	0	0	0	0	3
2070	528	0	0.80859375	395.141431	233.877264	1.46826783e-05	409.365868	233.877263	0	0	0	0	0	3
2075	529	0	0.810546875	394.38366	235.417825	1.8183702e-05	409.365868	235.417824	0	0	0	0	0	3
2080	529	0	0.8125	394.880017	236.960325	2.24543452e-05	409.365868	236.960324	0	0	0	0	0	3
2085	530	0	0.814453125	394.349718	238.500753	2.76514875e-05	409.365868	238.500752	0	0	0	0	0	3
2090	531	0	0.81640625	394.369345	240.041258	3.39288861e-05	409.365868	240.041257	0	0	0	0	0	3
2095	532	0	0.818359375	394.274105	241.581391	4.150883e-05	409.365868	241.58139	0	0	0	0	0	3
2100	533	0	0.8203125	393.651343	243.119092	5.06003458e-05	409.365868	243.11909	0	0	0	0	0	3
2105	535	0	0.822265625	393.178014	244.654943	6.14789427e-05	409.365868	244.654941	0	0	0	0	0	3
2110	536	0	0.82421875	392.948411	246.189898	7.4460104e-05	409.365868	246.189895	0	0	0	0	0	3
2115	537	0	0.826171875	393.337275	247.726371	9.00812962e-05	409.365868	247.726368	0	0	0	0	0	3
2120	537	0	0.828125	392.960352	249.261372	0.000108380959	409.365868	249.261369	0	0	0	0	0	3
2125	538	0	0.830078125	393.011957	250.796575	0.000129873853	409.365868	250.79657	0	0	0	0	0	3
2130	539	0	0.83203125	393.550645	252.333881	0.000155370952	409.365868	252.333876	0	0	0	0	0	3
2135	540	0	0.833984375	393.915189	253.872612	0.000185229412	409.365868	253.872606	0	0	0	0	0	3
2140	541	0	0.8359375	393.649195	255.410303	0.000220182436	409.365868	255.410296	0	0	0	0	0	3
2145	542	0	0.837890625	393.955608	256.949192	0.000260999643	409.365868	256.949183	0	0	0	0	0	3
2150	543	0	0.83984375	394.135922	258.488784	0.000308748395	409.365868	258.488773	0	0	0	0	0	3
2155	544	0	0.841796875	394.116076	260.028299	0.000364337611	409.365868	260.028286	0	0	0	0	0	3
2160	545	0	0.84375	395.18051	261.571971	0.000429203727	409.365868	261.571956	0	0	0	0	0	3
2165	546	0	0.845703125	395.18525	263.115662	0.000504587076	409.365868	263.115644	0	0	0	0	0	3
2170	547	0	0.84765625	395.641505	264.661135	0.000592249609	409.365868	264.661114	0	0	0	0	0	3
2175	548	0	0.849609375	396.528864	266.210073	0.000694144704	409.365868	266.210049	0	0	0	0	0	3
2180	548	0	0.8515625	397.01148	267.760897	0.000812638465	409.365868	267.760868	0	0	0	0	0	3
2185	549	0	0.853515625	397.106954	269.312092	0.000950465894	409.365868	269.312058	0	0	0	0	0	3
2190	550	0	0.85546875	398.133303	270.867297	0.00111076329	409.365868	270.867257	0	0	0	0	0	3
2195	551	0	0.857421875	399.082853	272.42621	0.00129742937	409.365868	272.426163	0	0	0	0	0	3
2200	552	0	0.859375	398.967737	273.984673	0.00151458342	409.365868	273.984618	0	0	0	0	0	3
2205	554	0	0.861328125	399.670173	275.545878	0.00176763107	409.365868	275.545815	0	0	0	0	0	3
2210	555	0	0.86328125	400.322369	277.109631	0.00216584481	409.365868	277.109556	0	0	0	0	0	3
2215	556	0	0.865234375	399.829065	278.671454	0.00263392172	409.365868	278.671366	0	0	0	0	0	3
2220	556	0	0.8671875	400.67299	280.236573	0.0031631853	409.365868	280.236469	0	0	0	0	0	3
2225	557	0	0.869140625	401.509817	281.804958	0.00459814478	409.365868	281.80483	0	0	0	0	0	3
2230	558	0	0.87109375	401.242569	283.372294	0.0063960939	409.365868	283.372134	0	0	0	0	0	3
2235	559	0	0.873046875	402.776629	284.945615	0.00821425368	409.365868	284.945413	0	0	0	0	0	3
2240	560	0	0.875	402.828702	286.519133	0.0104476365	409.365868	286.518878	0	0	0	0	0	3
2245	561	0	0.876953125	403.231462	288.094215	0.0133900446	409.365868	288.093892	0	0	0	0	0	3
2250	562	0	0.87890625	404.118493	289.672751	0.0170745371	409.365868	289.672343	0	0	0	0	0	3
2255	563	0	0.880859375	404.659456	291.253385	0.0219101146	409.365868	291.252868	0	0	0	0	0	3
2260	564	0	0.8828125	405.510743	292.837326	0.0277133929	409.365868	292.836671	0	0	0	0	0	3
2265	564	0	0.884765625	405.840021	294.42253	0.0345436389	409.365868	294.421705	0	0	0	0	0	3
2270	565	0	0.88671875	406.646494	296.010858	0.042783866	409.365868	296.009823	0	0	0	0	0	3
2275	566	0	0.888671875	407.179129	297.601234	0.0521349775	409.365868	297.599945	0	0	0	0	0	3
2280	567	0	0.890625	407.304477	299.192064	0.0634763501	409.365868	299.190467	0	0	0	0	0	3
2285	568	0	0.892578125	407.967668	300.78544	0.0765349836	409.365868	300.783474	0	0	0	0	0	3
2290	569	0	0.89453125	409.047727	302.382983	0.0919960526	409.365868	302.380576	0	0	0	0	0	3
2295	570	0	0.896484375	409.134487	303.980805	0.110287929	409.365868	303.977872	0	0	0	0	0	3
2300	571	0	0.8984375	410.140936	305.582488	0.131812753	410.140936	305.578929	0	0	0	0	0	3
2305	573	0	0.900390625	410.92001	307.187129	0.15765037	410.92001	307.182826	0	0	0	0	0	3
2310	574	0	0.90234375	411.43782	308.793692	0.188239996	411.43782	308.788504	0	0	0	0	0	3
2315	575	0	0.904296875	412.391726	310.403862	0.225269469	412.391726	310.397621	0	0	0	0	0	3
2320	575	0	0.90625	412.097943	312.01274	0.269772876	412.391726	312.005244	0	0	0	0	0	3
2325	576	0	0.908203125	412.32061	313.622313	0.323541467	412.391726	313.61332	0	0	0	0	0	3
2330	577	0	0.91015625	412.715734	315.23322	0.388894853	412.715734	315.222435	0	0	0	0	0	3
2335	578	0	0.912109375	412.6348	316.843556	0.468515882	412.715734	316.830621	0	0	0	0	0	3
2340	579	0	0.9140625	414.256278	318.459914	0.566358286	414.256278	318.444394	0	0	0	0	0	3
2345	580	0	0.916015625	413.833732	320.07424	0.686236213	414.256278	320.0556	0	0	0	0	0	3
2350	581	0	0.91796875	413.970349	321.688631	0.834413709	414.256278	321.666214	0	0	0	0	0	3
2355	582	0	0.919921875	415.539178	323.308572	1.01852556	415.539178	323.281564	0	0	0	0	0	3
2360	582	0	0.921875	415.425508	324.927349	1.24750791	415.539178	324.894743	0	0	0	0	0	3
2365	583	0	0.923828125	415.261613	326.544591	1.53496741	415.539178	326.505125	0	0	0	0	0	3
2370	584	0	0.92578125	416.709031	328.166365	1.89670148	416.709031	328.118457	0	0	0	0	0	3
2375	585	0	0.927734375	416.903818	329.787487	2.35211205	416.903818	329.729152	0	0	0	0	0	3
2380	586	0	0.9296875	417.408886	331.408802	2.93223516	417.408886	331.337522	0	0	0	0	0	3
2385	587	0	0.931640625	418.247969	333.031129	3.67073353	418.247969	332.943708	0	0	0	0	0	3
2390	588	0	0.93359375	418.476551	334.651465	4.59569887	418.476551	334.543917	0	0	0	0	0	3
2395	589	0	0.935546875	418.728815	336.269172	5.77717055	418.728815	336.136427	0	0	0	0	0	3
2400	589	0	0.9375	419.710826	337.8861	7.31332032	419.710826	337.721582	0	0	0	0	0	3
2405	591	0	0.939453125	420.105956	339.498572	9.21641657	420.105956	339.294177	0	0	0	0	0	3
2410	592	0	0.94140625	419.735195	341.102161	11.1418621	420.105956	340.849795	0	0	0	0	0	3
2415	593	0	0.943359375	420.675714	342.701902	13.0125454	420.675714	342.393815	0	0	0	0	0	3
2420	594	0	0.9453125	420.320553	344.292949	16.5855939	420.675714	343.914091	0	0	0	0	0	3
2425	595	0	0.947265625	420.67153	345.87141	19.8646282	420.675714	345.408197	0	0	0	0	0	3
2430	596	0	0.94921875	421.357047	347.43974	21.8702328	421.357047	346.884255	0	0	0	0	0	3
2435	597	0	0.951171875	421.177385	348.999533	23.7672645	421.357047	348.344428	0	0	0	0	0	3
2440	597	0	0.953125	421.732275	350.554084	25.9346455	421.732275	349.790946	0	0	0	0	0	3
2445	598	0	0.955078125	422.506354	352.103192	37.1149359	422.506354	351.185366	0	0	0	0	0	3
2450	599	0	0.95703125	422.627828	353.609102	40.1300465	422.627828	352.525122	0	0	0	0	0	3
2455	600	0	0.958984375	422.612503	355.103174	42.7883506	422.627828	353.843226	0	0	0	0	0	3
2460	601	0	0.9609375	423.392186	356.589908	47.663484	423.392186	355.134987	0	0	0	0	0	3
2465	602	0	0.962890625	423.487387	358.05797	53.661079	423.487387	356.384614	0	0	0	0	0	3
2470	603	0	0.96484375	423.221407	359.501565	60.6860308	423.487387	357.582323	0	0	0	0	0	3
2475	604	0	0.966796875	423.671935	360.919479	66.6228661	423.671935	357.049068	0	0	0	0	0	3
2480	605	0	0.96875	423.899482	362.31509	72.2239108	423.899482	351.675572	0	0	0	0	0	3
2485	605	0	0.970703125	424.207609	363.690027	78.1542481	424.207609	346.053361	0	0	0	0	0	3
2490	606	0	0.97265625	424.957521	365.044727	84.8894719	424.957521	340.068049	0	0	0	0	0	3
2495	607	0	0.974609375	425.239532	366.374219	91.7282399	425.239532	333.511293	0	0	0	0	0	3
2500	608	0	0.9765625	425.23755	367.67699	97.4646737	425.239532	327.774859	0	0	0	0	0	3
2505	610	0	0.978515625	426.162144	368.960965	103.579615	426.162144	322.582529	0	0	0	0	0	3
2510	611	0	0.98046875	426.345536	370.221769	110.761278	426.345536	315.584258	0	0	0	0	0	3
2515	612	0	0.982421875	426.736382	371.456047	118.834635	426.736382	307.901747	0	0	0	0	0	3
2520	613	0	0.984375	427.160784	372.660446	126.421226	427.160784	300.739558	0	0	0	0	0	3
2525	614	0	0.986328125	427.98657	373.838435	133.57061	427.98657	294.415959	0	0	0	0	0	3
2530	615	0	0.98828125	428.274907	374.989624	140.519653	428.274907	287.755254	0	0	0	0	0	3
2535	615	0	0.990234375	429.295973	376.117657	146.508911	429.295973	282.787063	0	0	0	0	0	3
2540	616	0	0.9921875	429.966332	377.224912	152.814605	429.966332	277.151727	0	0	0	0	0	3
2545	617	0	0.994140625	430.4816	378.309549	158.650913	430.4816	271.830687	0	0	0	0	0	3
2550	618	0	0.99609375	431.012694	379.373462	165.196156	431.012694	265.816538	0	0	0	0	0	3
2555	619	0	0.998046875	432.038706	380.415816	170.051656	432.038706	261.987051	0	0	0	0	0	3
2560	620	0	1	432.066588	381.439312	175.799917	432.066588	256.26667	12.9619976	0	5	0	0	3
2565	621	0	1.00195312	432.226938	382.44098	182.690391	432.226938	249.536547	12.9668081	0	5.1	0	0	3
2570	622	0	1.00390625	433.223299	383.419624	187.050658	433.223299	246.172641	12.9817536	0	5.2	0	0	3
2575	623	0	1.00585938	433.056206	384.380583	192.341953	433.223299	240.881347	12.9867354	0	5.3	0	0	3
2580	623	0	1.0078125	433.750182	385.323584	197.35895	433.750182	236.391232	12.9931779	0	5.4	0	0	3
2585	624	0	1.00976562	434.520557	386.249996	202.966505	434.520557	231.554052	13.0016657	0	5.6	0	0	3
2590	625	0	1.01171875	434.144289	387.153035	208.048709	434.520557	226.471847	13.0073242	0	5.7	0	0	3
2595	626	0	1.01367188	434.35163	388.03703	213.345048	434.520557	221.175509	13.011366	0	5.8	0	0	3
2600	627	0	1.015625	435.168453	388.903528	217.789122	435.168453	217.379331	13.0168269	0	5.9	0	0	3
2605	629	0	1.01757812	435.486999	389.75391	222.904458	435.486999	212.582541	13.0221361	0	6.1	0	0	3
2610	630	0	1.01953125	436.342037	390.587651	227.444899	436.342037	208.897137	13.0289486	0	6.2	0	0	3
2615	631	0	1.02148438	437.461554	391.408028	243.924467	437.461554	193.537087	13.0375757	0	6.7	0	0	3
2620	632	0	1.0234375	437.497146	392.164172	248.488608	437.497146	189.008538	13.0448539	0	6.9	0	0	3
2625	633	0	1.02539062	437.991153	392.904416	253.576293	437.991153	184.41486	13.0521525	0	7	0	0	3
2630	634	0	1.02734375	439.757839	393.631688	259.022733	439.757839	180.735106	13.0621941	0	7.2	0	0	3
2635	635	0	1.02929688	439.530801	394.336797	262.806571	439.757839	176.951269	13.0708968	0	7.3	0	0	3
2640	636	0	1.03125	439.396685	395.026602	266.48833	439.757839	173.269509	13.0785117	0	7.5	0	0	3
2645	637	0	1.03320312	440.722706	395.707205	271.201137	440.722706	169.521569	13.0869334	0	7.7	0	0	3
2650	637	0	1.03515625	441.162193	396.371116	276.04524	441.162193	165.116953	13.0951519	0	7.9	0	0	3
2655	638	0	1.03710938	440.89114	397.015045	279.655659	441.162193	161.506535	13.1025053	0	8.1	0	0	3
2660	639	0	1.0390625	442.163871	397.649843	283.87084	442.163871	158.29303	13.1106258	0	8.2	0	0	3
2665	640	0	1.04101562	442.396446	398.269084	288.502903	442.396446	153.893543	13.1183052	0	8.5	0	0	3
2670	641	0	1.04296875	442.866304	398.872066	292.680834	442.866304	150.18547	13.1259272	0	8.7	0	0	3
2675	642	0	1.04492188	443.496703	399.46119	295.78689	443.496703	147.709813	13.1337087	0	8.8	0	0	3
2680	643	0	1.046875	444.131897	400.040663	299.247383	444.131897	144.884513	13.1416357	0	9	0	0	3
2685	644	0	1.04882812	445.129304	400.610514	303.239121	445.129304	141.890184	13.1501254	0	9.2	0	0	3
2690	645	0	1.05078125	445.50609	401.166244	306.736527	445.50609	138.769563	13.1583969	0	9.4	0	0	3
2695	646	0	1.05273438	445.822417	401.709549	310.282223	445.822417	135.540194	13.1664071	0	9.7	0	0	3
2700	646	0	1.0546875	446.874334	402.243112	314.107364	446.874334	132.76697	13.1749722	0	9.9	0	0	3
2705	649	0	1.05664062	447.28792	402.763348	317.060496	447.28792	130.227424	13.1833744	0	10.1	0	0	3
2710	649	0	1.05859375	448.192896	403.275584	320.682551	448.192896	127.510344	13.1921215	0	10.3	0	0	3
2715	650	0	1.06054688	448.389803	403.77444	324.697523	448.389803	123.69228	13.2004948	0	10.6	0	0	3
2720	651	0	1.0625	449.424792	404.261656	328.041407	449.424792	121.383384	13.2093151	0	10.8	0	0	3
2725	652	0	1.06445312	449.792358	404.737246	330.203535	449.792358	119.588823	13.217935	0	11	0	0	3
2730	653	0	1.06640625	450.689342	405.207894	332.427242	450.689342	118.2621	13.2268393	0	11.1	0	0	3
2735	654	0	1.06835938	451.05386	405.671279	336.076249	451.05386	114.97761	13.2355472	0	11.5	0	0	3
2740	655	0	1.0703125	451.649217	406.122736	339.895765	451.649217	111.753452	13.2442674	0	11.8	0	0	3
2745	656	0	1.07226562	452.071922	406.560924	342.796067	452.071922	109.275856	13.252859	0	12.1	0	0	3
2750	657	0	1.07421875	452.621689	406.98993	345.527843	452.621689	107.093846	13.2614325	0	12.3	0	0	3
2755	658	0	1.07617188	453.515211	407.411756	348.086496	453.515211	105.428715	13.2702536	0	12.5	0	0	3
2760	659	0	1.078125	454.009714	407.825518	350.078371	454.009714	103.931344	13.2790046	0	12.7	0	0	3
2765	659	0	1.08007812	454.153395	408.232062	351.569508	454.153395	102.583887	13.2874338	0	12.9	0	0	3
2770	660	0	1.08203125	455.126451	408.636581	353.056628	455.126451	102.069823	13.2961566	0	13	0	0	3
2775	661	0	1.08398438	456.073902	409.038992	355.427279	456.073902	100.646624	13.3051348	0	13.2	0	0	3
2780	662	0	1.0859375	456.38607	409.433362	356.62453	456.38607	99.7615396	13.3139177	0	13.3	0	0	3
2785	663	0	1.08789062	456.767564	409.824546	357.702556	456.767564	99.0650088	13.3225645	0	13.4	0	0	3
2790	664	0	1.08984375	457.801865	410.215559	360.27634	457.801865	97.5255249	13.33151	0	13.6	0	0	3
2795	665	0	1.09179688	458.224686	410.59817	362.813401	458.224686	95.4112855	13.3403447	0	13.9	0	0	3
2800	666	0	1.09375	459.061841	410.97414	364.189619	459.061841	94.872222	13.3493345	0	14	0	0	3
2805	668	0	1.09570312	460.928014	411.352025	365.363668	460.928014	95.5643455	13.3590999	0	13.9	0	0	3
2810	669	0	1.09765625	461.901538	411.729126	366.768924	461.901538	95.1326145	13.3690589	0	14	0	0	3
2815	670	0	1.09960938	462.042061	412.101286	367.641312	462.042061	94.4007482	13.3787099	0	14.1	0	0	3
2820	671	0	1.1015625	462.685288	412.472552	368.362217	462.685288	94.3230709	13.3883608	0	14.1	0	0	3
2825	672	0	1.10351562	463.381226	412.84372	369.877009	463.381226	93.5042175	13.3980415	0	14.3	0	0	3
2830	672	0	1.10546875	464.467966	413.213216	371.62508	464.467966	92.8428867	13.4079674	0	14.4	0	0	3
2835	673	0	1.10742188	465.117682	413.578421	372.13754	465.117682	92.980142	13.4178867	0	14.4	0	0	3
2840	674	0	1.109375	465.912178	413.944728	373.917699	465.912178	91.9944784	13.4278774	0	14.5	0	0	3
2845	675	0	1.11132812	466.025374	414.304524	375.398401	466.025374	90.6269733	13.4375771	0	14.8	0	0	3
2850	676	0	1.11328125	466.063635	414.658685	375.936359	466.063635	90.1272765	13.4469622	0	14.9	0	0	3
2855	677	0	1.11523438	466.48483	415.01239	376.963049	466.48483	89.5217815	13.4562432	0	15	0	0	3
2860	678	0	1.1171875	466.846108	415.360698	376.963049	466.846108	89.8830589	13.4653956	0	14.9	0	0	3
2865	679	0	1.11914062	466.369236	415.705896	376.963049	466.846108	89.8830589	13.4742478	0	14.9	0	0	3
2870	680	0	1.12109375	466.681622	416.05636	377.552219	466.846108	89.2938891	13.4828145	0	15	0	0	3
2875	681	0	1.12304688	466.58595	416.404148	378.260712	466.846108	88.5853959	13.4911093	0	15.2	0	0	3
2880	681	0	1.125	466.47301	416.748727	379.795471	466.846108	87.0506365	13.4991448	0	15.5	0	0	3
2885	682	0	1.12695312	466.369215	417.086906	380.990142	466.846108	85.8559656	13.5069331	0	15.7	0	0	3
2890	683	0	1.12890625	466.61097	417.421362	381.353804	466.846108	85.4923033	13.5144853	0	15.8	0	0	3
2895	684	0	1.13085938	466.251081	417.752992	381.631901	466.846108	85.214207	13.5218122	0	15.8	0	0	3
2900	685	0	1.1328125	466.251997	418.083539	382.253113	466.846108	84.5929947	13.5289235	0	15.9	0	0	3
2905	687	0	1.13476562	465.899282	418.410282	382.86906	466.846108	83.9770476	13.5358287	0	16.1	0	0	3
2910	688	0	1.13671875	465.410699	418.73271	383.096702	466.846108	83.7494052	13.5425367	0	16.1	0	0	3
2915	689	0	1.13867188	464.964865	419.052508	383.757093	466.846108	83.0890151	13.5490556	0	16.3	0	0	3
2920	690	0	1.140625	464.644218	419.368473	384.155532	466.846108	82.6905756	13.5553935	0	16.3	0	0	3
2925	691	0	1.14257812	464.206856	419.681174	384.59043	466.846108	82.2556773	13.5615577	0	16.4	0	0	3
2930	692	0	1.14453125	463.815498	419.990647	386.050299	466.846108	80.795809	13.5675554	0	16.7	0	0	3
2935	693	0	1.14648438	463.619183	420.29365	387.632484	466.846108	79.2136234	13.5733931	0	17.1	0	0	3
2940	693	0	1.1484375	463.210815	420.588878	388.959585	466.846108	77.8865232	13.5790772	0	17.4	0	0	3
2945	694	0	1.15039062	463.192295	420.878849	390.434506	466.846108	76.4116017	13.5846136	0	17.7	0	0	3
2950	695	0	1.15234375	462.574488	421.160646	390.974354	466.846108	75.8717541	13.5900081	0	17.9	0	0	3
2955	696	0	1.15429688	462.329047	421.439375	392.233766	466.846108	74.6123422	13.595266	0	18.2	0	0	3
2960	697	0	1.15625	462.276521	421.71298	392.763167	466.846108	74.0829404	13.6003925	0	18.3	0	0	3
2965	698	0	1.15820312	462.016457	421.983501	392.948411	466.846108	73.8976966	13.6053924	0	18.4	0	0	3
2970	699	0	1.16015625	461.557807	422.248898	392.948411	466.846108	73.8976966	13.6102703	0	18.4	0	0	3
2975	700	0	1.16210938	460.964758	422.508199	392.948411	466.846108	73.8976966	13.6150307	0	18.4	0	0	3
2980	701	0	1.1640625	460.984354	422.76336	392.948411	466.846108	73.8976966	13.6196777	0	18.4	0	0	3
2985	702	0	1.16601562	460.68324	423.013997	392.948411	466.846108	73.8976966	13.6242155	0	18.4	0	0	3
2990	703	0	1.16796875	460.441907	423.265292	392.948411	466.846108	73.8976966	13.6286476	0	18.4	0	0	3
2995	704	0	1.16992188	459.773209	423.506774	392.948411	466.846108	73.8976966	13.6329779	0	18.4	0	0	3
3000	704	0	1.171875	459.443668	423.743875	392.948411	466.846108	73.8976966	13.6372098	0	18.4	0	0	3
3005	707	0	1.17382812	459.310381	423.97716	392.948411	466.846108	73.8976966	13.6413466	0	18.4	0	0	3
3010	707	0	1.17578125	459.119554	424.208283	392.948411	466.846108	73.8976966	13.6453914	0	18.4	0	0	3
3015	708	0	1.17773438	458.63364	424.435563	392.948411	466.846108	73.8976966	13.6493474	0	18.4	0	0	3
3020	709	0	1.1796875	458.701709	424.659222	392.948411	466.846108	73.8976966	13.6532174	0	18.4	0	0	3
3025	710	0	1.18164062	458.38871	424.878878	392.948411	466.846108	73.8976966	13.6570041	0	18.4	0	0	3
3030	711	0	1.18359375	457.887137	425.092613	392.948411	466.846108	73.8976966	13.6607102	0	18.4	0	0	3
3035	712	0	1.18554688	457.658687	425.308917	392.948411	466.846108	73.8976966	13.6643384	0	18.4	0	0	3
3040	713	0	1.1875	457.416392	425.519392	392.948411	466.846108	73.8976966	13.6678909	0	18.4	0	0	3
3045	714	0	1.18945312	457.059284	425.726852	392.948411	466.846108	73.8976966	13.6713702	0	18.5	0	0	3
3050	715	0	1.19140625	457.026206	425.928957	392.948411	466.846108	73.8976966	13.6747785	0	18.5	0	0	3
3055	716	0	1.19335938	456.883499	426.130508	392.948411	466.846108	73.8976966	13.678118	0	18.5	0	0	3
3060	717	0	1.1953125	456.782892	426.327633	392.948411	466.846108	73.8976966	13.6813906	0	18.5	0	0	3
3065	717	0	1.19726562	456.284754	426.523016	392.948411	466.846108	73.8976966	13.6845985	0	18.5	0	0	3
3070	718	0	1.19921875	456.423968	426.718528	392.948411	466.846108	73.8976966	13.6877434	0	18.5	0	0	3
3075	719	0	1.20117188	456.104821	426.909165	392.948411	466.846108	73.8976966	13.6908273	0	18.5	0	0	3
3080	720	0	1.203125	456.187898	427.101378	392.948411	466.846108	73.8976966	13.6938519	0	18.5	0	0	3
3085	721	0	1.20507812	456.079794	427.29105	392.948411	466.846108	73.8976966	13.6968188	0	18.5	0	0	3
3090	722	0	1.20703125	455.791735	427.478871	392.948411	466.846108	73.8976966	13.6997298	0	18.5	0	0	3
3095	723	0	1.20898438	455.724033	427.664456	392.948411	466.846108	73.8976966	13.7025864	0	18.5	0	0	3
3100	724	0	1.2109375	455.531412	427.851946	392.948411	466.846108	73.8976966	13.7053901	0	18.5	0	0	3
3105	726	0	1.21289062	455.492017	428.034613	392.948411	466.846108	73.8976966	13.7081423	0	18.5	0	0	3
3110	727	0	1.21484375	455.187313	428.214804	392.948411	466.846108	73.8976966	13.7108445	0	18.5	0	0	3
3115	727	0	1.21679688	454.788713	428.397009	392.948411	466.846108	73.8976966	13.713498	0	18.5	0	0	3
3120	728	0	1.21875	454.924446	428.575747	392.948411	466.846108	73.8976966	13.7161041	0	18.5	0	0	3
3125	729	0	1.22070312	454.974637	428.755802	392.948411	466.846108	73.8976966	13.7186641	0	18.5	0	0	3
3130	730	0	1.22265625	454.687558	428.935259	392.948411	466.846108	73.8976966	13.7211792	0	18.5	0	0	3
3135	731	0	1.22460938	454.74577	429.114686	392.948411	466.846108	73.8976966	13.7236505	0	18.5	0	0	3
3140	732	0	1.2265625	454.663113	429.291628	392.948411	466.846108	73.8976966	13.7260793	0	18.5	0	0	3
3145	733	0	1.22851562	454.365434	429.470549	392.948411	466.846108	73.8976966	13.7284665	0	18.5	0	0	3
3150	734	0	1.23046875	454.549957	429.648122	392.948411	466.846108	73.8976966	13.7308132	0	18.5	0	0	3
3155	735	0	1.23242188	454.728979	429.829472	392.948411	466.846108	73.8976966	13.7331205	0	18.5	0	0	3
3160	736	0	1.234375	454.634957	430.007826	392.948411	466.846108	73.8976966	13.7353894	0	18.5	0	0	3
3165	737	0	1.23632812	454.582568	430.188407	392.948411	466.846108	73.8976966	13.7376207	0	18.5	0	0	3
3170	737	0	1.23828125	454.631559	430.371271	392.948411	466.846108	73.8976966	13.7398155	0	18.5	0	0	3
3175	738	0	1.24023438	454.723618	430.556221	392.948411	466.846108	73.8976966	13.7419746	0	18.5	0	0	3
3180	739	0	1.2421875	454.629492	430.742391	392.948411	466.846108	73.8976966	13.7440989	0	18.5	0	0	3
3185	740	0	1.24414062	454.507079	430.924275	392.948411	466.846108	73.8976966	13.7461891	0	18.6	0	0	3
3190	741	0	1.24609375	454.350425	431.107649	392.948411	466.846108	73.8976966	13.7482462	0	18.6	0	0	3
3195	742	0	1.24804688	454.564084	431.295638	392.948411	466.846108	73.8976966	13.7502709	0	18.6	0	0	3
3200	743	0	1.25	454.526525	431.476398	392.948411	466.846108	73.8976966	13.752264	0	18.6	0	0	3
3205	745	0	1.25195312	454.079276	431.658486	392.948411	466.846108	73.8976966	13.7542262	0	18.6	0	0	3
3210	746	0	1.25390625	454.332428	431.842939	392.948411	466.846108	73.8976966	13.7561581	0	18.6	0	0	3
3215	747	0	1.25585938	454.05695	432.027797	392.948411	466.846108	73.8976966	13.7580606	0	18.6	0	0	3
3220	748	0	1.2578125	453.647288	432.211631	392.948411	466.846108	73.8976966	13.7599343	0	18.6	0	0	3
3225	749	0	1.25976562	453.361308	432.398571	392.948411	466.846108	73.8976966	13.7617798	0	18.6	0	0	3
3230	750	0	1.26171875	453.648084	432.588753	392.948411	466.846108	73.8976966	13.7635977	0	18.6	0	0	3
3235	751	0	1.26367188	453.17366	432.774431	392.948411	466.846108	73.8976966	13.7653887	0	18.6	0	0	3
3240	752	0	1.265625	453.149105	432.963295	392.948411	466.846108	73.8976966	13.7671534	0	18.6	0	0	3
3245	753	0	1.26757812	453.193539	433.15329	392.948411	466.846108	73.8976966	13.7688923	0	18.6	0	0	3
3250	754	0	1.26953125	453.54279	433.34708	392.948411	466.846108	73.8976966	13.770606	0	18.6	0	0	3
3255	754	0	1.27148438	452.926301	433.537205	392.948411	466.846108	73.8976966	13.772295	0	18.6	0	0	3
3260	755	0	1.2734375	452.83031	433.730553	392.948411	466.846108	73.8976966	13.7739599	0	18.6	0	0	3
3265	756	0	1.27539062	452.699211	433.924146	392.948411	466.846108	73.8976966	13.7756012	0	18.6	0	0	3
3270	757	0	1.27734375	452.800437	434.11614	392.948411	466.846108	73.8976966	13.7772194	0	18.6	0	0	3
3275	758	0	1.27929688	452.564964	434.311161	392.948411	466.846108	73.8976966	13.778815	0	18.6	0	0	3
3280	759	0	1.28125	452.206569	434.507058	392.948411	466.846108	73.8976966	13.7803884	0	18.6	0	0	3
3285	760	0	1.28320312	452.396158	434.702598	392.948411	466.846108	73.8976966	13.7819401	0	18.6	0	0	3
3290	761	0	1.28515625	452.009239	434.901182	392.948411	466.846108	73.8976966	13.7834705	0	18.6	0	0	3
3295	762	0	1.28710938	452.027976	435.101151	392.948411	466.846108	73.8976966	13.7849801	0	18.6	0	0	3
3300	763	0	1.2890625	452.337991	435.303188	392.948411	466.846108	73.8976966	13.7864693	0	18.6	0	0	3
3305	765	0	1.29101562	451.795815	435.507818	392.948411	466.846108	73.8976966	13.7879385	0	18.6	0	0	3
3310	766	0	1.29296875	451.893193	435.716178	392.948411	466.846108	73.8976966	13.7893882	0	18.6	0	0	3
3315	767	0	1.29492188	451.814918	435.922804	392.948411	466.846108	73.8976966	13.7908186	0	18.6	0	0	3
3320	768	0	1.296875	451.681239	436.132967	392.948411	466.846108	73.8976966	13.7922302	0	18.6	0	0	3
3325	769	0	1.29882812	451.504012	436.347199	392.948411	466.846108	73.8976966	13.7936234	0	18.6	0	0	3
3330	770	0	1.30078125	450.980093	436.556329	392.948411	466.846108	73.8976966	13.7949984	0	18.6	0	0	3
3335	770	0	1.30273438	450.913743	436.769335	392.948411	466.846108	73.8976966	13.7963557	0	18.6	0	0	3
3340	771	0	1.3046875	450.536467	436.983091	392.948411	466.846108	73.8976966	13.7976957	0	18.6	0	0	3
3345	772	0	1.30664062	450.284212	437.195704	392.948411	466.846108	73.8976966	13.7990185	0	18.6	0	0	3
3350	773	0	1.30859375	450.184721	437.410717	392.948411	466.846108	73.8976966	13.8003246	0	18.6	0	0	3
3355	774	0	1.31054688	450.379406	437.629451	392.948411	466.846108	73.8976966	13.8016143	0	18.6	0	0	3
3360	775	0	1.3125	450.159737	437.845387	392.948411	466.846108	73.8976966	13.8028878	0	18.6	0	0	3
3365	776	0	1.31445312	449.774383	438.06189	392.948411	466.846108	73.8976966	13.8041456	0	18.6	0	0	3
3370	777	0	1.31640625	449.246583	438.276254	392.948411	466.846108	73.8976966	13.8053878	0	18.6	0	0	3
3375	778	0	1.31835938	448.927755	438.489745	392.948411	466.846108	73.8976966	13.8066147	0	18.6	0	0	3
3380	779	0	1.3203125	448.697589	438.704769	392.948411	466.846108	73.8976966	13.8078267	0	18.6	0	0	3
3385	780	0	1.32226562	448.688727	438.921608	392.948411	466.846108	73.8976966	13.809024	0	18.6	0	0	3
3390	781	0	1.32421875	448.168235	439.13731	392.960352	466.846108	73.8857559	13.8102069	0	18.6	0	0	3
3395	782	0	1.32617188	447.595804	439.349258	392.960352	466.846108	73.8857559	13.8113756	0	18.6	0	0	3
3400	783	0	1.328125	448.091717	439.564615	393.011957	466.846108	73.8341509	13.8125304	0	18.7	0	0	3
3405	785	0	1.33007812	448.224399	439.780288	393.550645	466.846108	73.2954624	13.8136715	0	18.8	0	0	3
3410	786	0	1.33203125	447.490645	439.990991	393.649195	466.846108	73.1969123	13.8147992	0	18.8	0	0	3
3415	787	0	1.33398438	446.941853	440.198127	393.649195	466.846108	73.1969123	13.8159137	0	18.8	0	0	3
3420	788	0	1.3359375	447.190509	440.407272	393.955608	466.846108	72.8904997	13.8170152	0	18.9	0	0	3
3425	789	0	1.33789062	447.20776	440.615289	394.116076	466.846108	72.7300314	13.818104	0	18.9	0	0	3
3430	789	0	1.33984375	446.540617	440.819994	394.116076	466.846108	72.7300314	13.8191803	0	19	0	0	3
3435	790	0	1.34179688	446.39962	441.024227	395.18051	466.846108	71.665598	13.8202442	0	19.2	0	0	3
3440	791	0	1.34375	446.8766	441.226165	395.18525	466.846108	71.6608579	13.8212961	0	19.2	0	0	3
3445	792	0	1.34570312	446.033884	441.424792	395.641505	466.846108	71.2046025	13.822336	0	19.4	0	0	3
3450	793	0	1.34765625	445.700232	441.620334	396.528864	466.846108	70.3172437	13.8233643	0	19.6	0	0	3
3455	794	0	1.34960938	445.855276	441.813016	397.01148	466.846108	69.8346275	13.824381	0	19.7	0	0	3
3460	795	0	1.3515625	445.510866	442.002466	397.106954	466.846108	69.7391535	13.8253865	0	19.8	0	0	3
3465	796	0	1.35351562	445.183883	442.190267	398.133303	466.846108	68.7128045	13.8263808	0	20.1	0	0	3
3470	797	0	1.35546875	444.95465	442.373163	398.967737	466.846108	67.8783706	13.8273641	0	20.3	0	0	3
3475	798	0	1.35742188	444.892204	442.552106	398.967737	466.846108	67.8783706	13.8283367	0	20.3	0	0	3
3480	799	0	1.359375	444.480528	442.72989	399.670173	466.846108	67.1759343	13.8292986	0	20.5	0	0	3
3485	800	0	1.36132812	444.269675	442.904107	399.829065	466.846108	67.0170424	13.8302502	0	20.6	0	0	3
3490	801	0	1.36328125	443.819265	443.074016	399.829065	466.846108	67.0170424	13.8311914	0	20.6	0	0	3
3495	802	0	1.36523438	443.73492	443.245524	400.67299	466.846108	66.1731175	13.8321225	0	20.9	0	0	3
3500	802	0	1.3671875	443.273381	443.411931	401.242569	466.846108	65.6035391	13.8330436	0	21	0	0	3
3505	805	0	1.36914062	443.541368	443.576117	401.242569	466.846108	65.6035391	13.8339547	0	21	0	0	3
3510	806	0	1.37109375	442.606732	443.737696	402.776629	466.846108	64.0694785	13.8348559	0	21.5	0	0	3
3515	806	0	1.37304688	443.097029	443.895197	402.828702	466.846108	64.0174061	13.8357475	0	21.6	0	0	3
3520	807	0	1.375	442.544989	444.050339	403.231462	466.846108	63.6146462	13.8366293	0	21.7	0	0	3
3525	808	0	1.37695312	441.953257	444.201596	404.118493	466.846108	62.7276143	13.8375016	0	22	0	0	3
3530	809	0	1.37890625	442.319872	444.35082	404.659456	466.846108	62.1866514	13.8383644	0	22.2	0	0	3
3535	810	0	1.38085938	442.954706	444.500411	405.510743	466.846108	61.3353652	13.8392175	0	22.5	0	0	3
3540	811	0	1.3828125	442.076511	444.643246	405.840021	466.846108	61.0060867	13.840061	0	22.6	0	0	3
3545	812	0	1.38476562	441.37133	444.78204	406.646494	466.846108	60.1996137	13.840895	0	22.9	0	0	3
3550	813	0	1.38671875	442.121184	444.920613	407.179129	466.846108	59.6669784	13.8417192	0	23.1	0	0	3
3555	814	0	1.38867188	442.535721	445.058725	407.304477	466.846108	59.5416305	13.8425338	0	23.2	0	0	3
3560	815	0	1.390625	441.648121	445.19288	407.967668	466.846108	58.8784397	13.8433385	0	23.5	0	0	3
3565	816	0	1.39257812	441.727851	445.324756	409.047727	466.846108	57.7983809	13.8441333	0	23.9	0	0	3
3570	817	0	1.39453125	442.257292	445.454481	409.134487	466.846108	57.7116204	13.8449179	0	23.9	0	0	3
3575	818	0	1.39648438	441.857896	445.582306	410.140936	466.846108	56.7051719	13.8456921	0	24.4	0	0	3
3580	819	0	1.3984375	442.151728	445.707349	410.92001	466.846108	55.9260981	13.8464555	0	24.7	0	0	3
3585	820	0	1.40039062	442.036668	445.828898	411.43782	466.846108	55.4082879	13.8472077	0	24.9	0	0	3
3590	821	0	1.40234375	441.892271	445.947861	412.097943	466.846108	54.748165	13.8479481	0	25.2	0	0	3
3595	821	0	1.40429688	442.58003	446.065784	412.097943	466.846108	54.748165	13.848676	0	25.2	0	0	3
3600	822	0	1.40625	442.66321	446.185179	412.32061	466.846108	54.5254975	13.8493905	0	25.3	0	0	3
3605	824	0	1.40820312	442.641735	446.303621	412.6348	466.846108	54.2113077	13.8500905	0	25.5	0	0	3
3610	825	0	1.41015625	442.396752	446.419563	412.6348	466.846108	54.2113077	13.8507744	0	25.5	0	0	3
3615	826	0	1.41210938	442.50893	446.536258	413.833732	466.846108	53.012376	13.8514405	0	26.1	0	0	3
3620	827	0	1.4140625	442.494933	446.646566	413.833732	466.846108	53.012376	13.8520865	0	26.1	0	0	3
3625	828	0	1.41601562	442.227044	446.757477	413.970349	466.846108	52.8757589	13.8527096	0	26.1	0	0	3
3630	829	0	1.41796875	442.358326	446.868368	415.261613	466.846108	51.5844943	13.853306	0	26.8	0	0	3
3635	830	0	1.41992188	442.408983	446.973328	415.261613	466.846108	51.5844943	13.8538712	0	26.8	0	0	3
3640	831	0	1.421875	442.382122	447.078627	415.261613	466.846108	51.5844943	13.8543994	0	26.8	0	0	3
3645	832	0	1.42382812	442.259868	447.184089	416.709031	466.846108	50.1370768	13.854883	0	27.6	0	0	3
3650	833	0	1.42578125	442.155117	447.283488	416.903818	466.846108	49.9422899	13.8553123	0	27.7	0	0	3
3655	834	0	1.42773438	442.362631	447.382936	417.408886	466.846108	49.4372214	13.8556754	0	28	0	0	3
3660	835	0	1.4296875	442.207033	447.479804	418.247969	466.846108	48.5981382	13.855956	0	28.5	0	0	3
3665	835	0	1.43164062	442.676786	447.575229	418.476551	466.846108	48.3695565	13.8561339	0	28.6	0	0	3
3670	836	0	1.43359375	442.736693	447.669995	418.728815	466.846108	48.1172924	13.8561851	0	28.7	0	0	3
3675	837	0	1.43554688	442.832411	447.76415	419.710826	466.846108	47.1352814	13.856077	0	29.3	0	0	3
3680	838	0	1.4375	442.950201	447.854929	419.735195	466.846108	47.1109131	13.8557641	0	29.4	0	0	3
3685	839	0	1.43945312	442.924837	447.944065	419.735195	466.846108	47.1109131	13.8552002	0	29.4	0	0	3
3690	840	0	1.44140625	442.939037	448.034705	420.320553	466.846108	46.5255551	13.8543857	0	29.7	0	0	3
3695	841	0	1.44335938	442.984992	448.121851	420.320553	466.846108	46.5255551	13.8533312	0	29.7	0	0	3
3700	842	0	1.4453125	443.263123	448.21147	420.67153	466.846108	46.1745776	13.8518158	0	29.9	0	0	3
3705	844	0	1.44726562	443.429842	448.30037	421.177385	466.846108	45.668723	13.849884	0	30.3	0	0	3
3710	845	0	1.44921875	443.622628	448.387345	421.177385	466.846108	45.668723	13.8477074	0	30.3	0	0	3
3715	846	0	1.45117188	443.679858	448.475245	421.732275	466.846108	45.1138331	13.8453034	0	30.6	0	0	3
3720	847	0	1.453125	443.918321	448.561909	422.506354	466.846108	44.3397536	13.8426398	0	31.2	0	0	3
3725	848	0	1.45507812	444.048907	448.64606	422.612503	466.846108	44.2336047	13.8385595	0	31.2	0	0	3
3730	849	0	1.45703125	444.15825	448.730163	422.612503	466.846108	44.2336047	13.8341275	0	31.2	0	0	3
3735	849	0	1.45898438	444.380217	448.815193	423.221407	466.846108	43.6247009	13.8293939	0	31.7	0	0	3
3740	850	0	1.4609375	444.402944	448.897266	423.221407	466.846108	43.6247009	13.8240807	0	31.6	0	0	3
3745	851	0	1.46289062	444.625615	448.979838	423.221407	466.846108	43.6247009	13.8180532	0	31.6	0	0	3
3750	852	0	1.46484375	444.606452	449.063373	423.671935	466.846108	43.1741732	13.8111908	0	31.9	0	0	3
3755	853	0	1.46679688	444.692762	449.145486	423.899482	466.846108	42.9466254	13.8036406	0	32.1	0	0	3
3760	854	0	1.46875	444.702062	449.226746	424.207609	466.846108	42.6384991	13.7954532	0	32.3	0	0	3
3765	855	0	1.47070312	444.669727	449.306676	424.957521	466.846108	41.8885863	13.7865955	0	32.9	0	0	3
3770	856	0	1.47265625	444.793601	449.38416	425.23755	466.846108	41.6085577	13.7769761	0	33.1	0	0	3
3775	857	0	1.47460938	444.787516	449.46052	425.23755	466.846108	41.6085577	13.7665916	0	33	0	0	3
3780	858	0	1.4765625	444.713694	449.536598	426.162144	466.846108	40.6839636	13.7555869	0	33.8	0	0	3
3785	859	0	1.47851562	444.7188	449.609085	426.345536	466.846108	40.5005719	13.7439232	0	33.9	0	0	3
3790	860	0	1.48046875	444.819885	449.681251	426.736382	466.846108	40.1097259	13.7314786	0	34.2	0	0	3
3795	861	0	1.48242188	444.774977	449.751714	427.160784	466.846108	39.6853238	13.7181542	0	34.5	0	0	3
3800	862	0	1.484375	444.684574	449.820166	427.98657	466.846108	38.8595379	13.7040195	0	35.2	0	0	3
3805	863	0	1.48632812	444.576007	449.884969	428.274907	466.846108	38.571201	13.6891369	0	35.4	0	0	3
3810	864	0	1.48828125	444.837368	449.949666	429.295973	466.846108	37.5501343	13.6735396	0	36.4	0	0	3
3815	865	0	1.49023438	444.679413	450.009758	429.966332	466.846108	36.8797758	13.6573506	0	37	0	0	3
3820	866	0	1.4921875	444.770378	450.067586	430.4816	466.846108	36.364508	13.6405395	0	37.5	0	0	3
3825	867	0	1.49414062	444.908086	450.123939	431.012694	466.846108	35.8334141	13.6231692	0	38	0	0	3
3830	868	0	1.49609375	445.140889	450.179128	432.038706	466.846108	34.8074013	13.6051626	0	39	0	0	3
3835	869	0	1.49804688	445.130029	450.230266	432.066588	466.846108	34.7795202	13.586726	0	39	0	0	3
3840	870	0	1.5	445.195521	450.28155	432.226938	466.846108	34.6191701	13.5677599	0	39.1	0	0	3
3845	871	0	1.50195312	444.996498	450.331432	433.056206	466.846108	33.7899016	13.5481369	0	40	0	0	3
3850	872	0	1.50390625	444.854114	450.376864	433.056206	466.846108	33.7899016	13.5281591	0	40	0	0	3
3855	873	0	1.50585938	444.704368	450.422365	433.750182	466.846108	33.0959253	13.5077227	0	40.8	0	0	3
3860	874	0	1.5078125	444.596605	450.464734	434.144289	466.846108	32.7018191	13.4868646	0	41.2	0	0	3
3865	875	0	1.50976562	444.523842	450.503809	434.144289	466.846108	32.7018191	13.4655218	0	41.1	0	0	3
3870	876	0	1.51171875	444.618207	450.544723	434.35163	466.846108	32.4944778	13.44376	0	41.3	0	0	3
3875	877	0	1.51367188	444.571542	450.584644	435.168453	466.846108	31.6776546	13.4215595	0	42.3	0	0	3
3880	878	0	1.515625	444.528218	450.621206	435.486999	466.846108	31.3591084	13.3990222	0	42.7	0	0	3
3885	879	0	1.51757812	444.447767	450.656209	436.342037	466.846108	30.504071	13.3760758	0	43.8	0	0	3
3890	880	0	1.51953125	444.380183	450.687608	437.461554	466.846108	29.384554	13.35279	0	45.4	0	0	3
3895	881	0	1.52148438	444.211146	450.713974	437.497146	466.846108	29.3489621	13.3278269	0	45.4	0	0	3
3900	882	0	1.5234375	444.164111	450.740017	437.991153	466.846108	28.8549548	13.3025392	0	46.1	0	0	3
3905	883	0	1.52539062	444.178956	450.764188	439.396685	466.846108	27.449423	13.2768721	0	48.3	0	0	3
3910	884	0	1.52734375	444.554511	450.782925	439.396685	466.846108	27.449423	13.25079	0	48.2	0	0	3
3915	885	0	1.52929688	444.538092	450.802484	439.396685	466.846108	27.449423	13.2244815	0	48.1	0	0	3
3920	886	0	1.53125	444.40099	450.822032	440.722706	466.846108	26.1234016	13.1979604	0	50.5	0	0	3
3925	887	0	1.53320312	444.216762	450.835681	440.89114	466.846108	25.9549678	13.1711157	0	50.7	0	0	3
3930	888	0	1.53515625	444.057713	450.846992	440.89114	466.846108	25.9549678	13.1439365	0	50.6	0	0	3
3935	889	0	1.53710938	443.973446	450.859032	441.37133	466.846108	25.4747777	13.1165611	0	51.4	0	0	3
3940	890	0	1.5390625	443.86431	450.865674	441.37133	466.846108	25.4747777	13.088926	0	51.3	0	0	3
3945	891	0	1.54101562	443.729629	450.870882	441.37133	466.846108	25.4747777	13.0609887	0	51.2	0	0	3
3950	892	0	1.54296875	444.104999	450.875721	441.37133	466.846108	25.4747777	13.0328015	0	51.1	0	0	3
3955	893	0	1.54492188	444.112262	450.878125	441.37133	466.846108	25.4747777	13.0044824	0	51	0	0	3
3960	894	0	1.546875	444.278124	450.878696	441.37133	466.846108	25.4747777	12.9759949	0	50.9	0	0	3
3965	895	0	1.54882812	444.483412	450.876173	441.37133	466.846108	25.4747777	12.9619976	0	50.8	0	0	3
3970	896	0	1.55078125	444.374711	450.871754	441.37133	466.846108	25.4747777	12.9619976	0	50.8	0	0	3
3975	897	0	1.55273438	444.272821	450.865701	441.37133	466.846108	25.4747777	12.9619976	0	50.8	0	0	3
3980	898	0	1.5546875	444.203693	450.855269	441.37133	466.846108	25.4747777	12.9619976	0	50.8	0	0	3
3985	899	0	1.55664062	444.143568	450.842986	441.37133	466.846108	25.4747777	12.9619976	0	50.8	0	0	3
3990	900	0	1.55859375	444.058983	450.826838	441.37133	466.846108	25.4747777	12.9619976	0	50.8	0	0	3
3995	901	0	1.56054688	443.959565	450.809532	441.37133	466.846108	25.4747777	12.9619976	0	50.8	0	0	3
4000	902	0	1.5625	443.87808	450.787865	441.37133	466.846108	25.4747777	12.9619976	0	50.8	0	0	3
4005	904	0	1.56445312	443.81917	450.764533	441.37133	466.846108	25.4747777	12.9619976	0	50.8	0	0	3
4010	905	0	1.56640625	443.756253	450.73745	441.37133	466.846108	25.4747777	12.9619976	0	50.8	0	0	3
4015	906	0	1.56835938	443.675255	450.708628	441.37133	466.846108	25.4747777	12.9619976	0	50.8	0	0	3
4020	907	0	1.5703125	443.597095	450.677174	441.37133	466.846108	25.4747777	12.9619976	0	50.8	0	0	3
4025	908	0	1.57226562	443.544757	450.643865	441.37133	466.846108	25.4747777	12.9619976	0	50.8	0	0	3
4030	909	0	1.57421875	443.499333	450.608231	441.37133	466.846108	25.4747777	12.9619976	0	50.8	0	0	3
4035	910	0	1.57617188	443.44416	450.568891	441.37133	466.846108	25.4747777	12.9619976	0	50.8	0	0	3
4040	911	0	1.578125	443.384788	450.527387	441.37133	466.846108	25.4747777	12.9619976	0	50.8	0	0	3
4045	912	0	1.58007812	443.340089	450.485147	441.37133	466.846108	25.4747777	12.9619976	0	50.8	0	0	3
4050	913	0	1.58203125	443.302432	450.43896	441.37133	466.846108	25.4747777	12.9619976	0	50.8	0	0	3
4055	914	0	1.58398438	443.257883	450.388897	441.37133	466.846108	25.4747777	12.9619976	0	50.8	0	0	3
4060	915	0	1.5859375	443.20853	450.337423	441.37133	466.846108	25.4747777	12.9619976	0	50.8	0	0	3
4065	915	0	1.58789062	443.177269	450.284335	441.37133	466.846108	25.4747777	12.9619976	0	50.8	0	0	3
4070	916	0	1.58984375	443.167718	450.227171	441.37133	466.846108	25.4747777	12.9619976	0	50.8	0	0	3
4075	917	0	1.59179688	443.278912	450.168789	441.37133	466.846108	25.4747777	12.9619976	0	50.8	0	0	3
4080	918	0	1.59375	443.273485	450.107116	441.37133	466.846108	25.4747777	12.9619976	0	50.8	0	0	3
4085	919	0	1.59570312	443.222941	450.037955	441.37133	466.846108	25.4747777	12.9619976	0	50.8	0	0	3
4090	920	0	1.59765625	443.20648	449.964928	441.37133	466.846108	25.4747777	12.9619976	0	50.8	0	0	3
4095	921	0	1.59960938	443.22707	449.891432	441.37133	466.846108	25.4747777	12.9619976	0	50.8	0	0	3
4100	922	0	1.6015625	443.246497	449.815499	441.37133	466.846108	25.4747777	12.9619976	0	50.8	0	0	3
4105	924	0	1.60351562	443.241616	449.736828	441.37133	466.846108	25.4747777	12.9619976	0	50.8	0	0	3
4110	925	0	1.60546875	443.232344	449.653877	441.37133	466.846108	25.4747777	12.9619976	0	50.8	0	0	3
4115	926	0	1.60742188	443.248786	449.568451	441.37133	466.846108	25.4747777	12.9619976	0	50.8	0	0	3
4120	927	0	1.609375	443.289327	449.480081	441.37133	466.846108	25.4747777	12.9619976	0	50.8	0	0	3
4125	928	0	1.61132812	443.323276	449.391401	441.37133	466.846108	25.4747777	12.9619976	0	50.8	0	0	3
4130	929	0	1.61328125	443.337185	449.302626	441.37133	466.846108	25.4747777	12.9619976	0	50.8	0	0	3
4135	930	0	1.61523438	443.351848	449.212262	441.37133	466.846108	25.4747777	12.9619976	0	50.8	0	0	3
4140	931	0	1.6171875	443.389256	449.120634	441.37133	466.681622	25.3102916	12.9619976	0	51.2	0	0	3
4145	932	0	1.61914062	443.434831	449.031047	441.37133	466.681622	25.3102916	12.9619976	0	51.2	0	0	3
4150	933	0	1.62109375	443.463366	448.94035	441.37133	466.61097	25.2396399	12.9619976	0	51.3	0	0	3
4155	934	0	1.62304688	443.475407	448.850075	441.37133	466.61097	25.2396399	12.9619976	0	51.3	0	0	3
4160	935	0	1.625	443.493972	448.760313	441.37133	466.61097	25.2396399	12.9619976	0	51.3	0	0	3
4165	936	0	1.62695312	443.543737	448.671151	441.37133	466.61097	25.2396399	12.9619976	0	51.3	0	0	3
4170	937	0	1.62890625	443.598169	448.581257	441.37133	466.251997	24.8806668	12.9619976	0	52	0	0	3
4175	938	0	1.63085938	443.630206	448.492894	441.37133	466.251997	24.8806668	12.9619976	0	52	0	0	3
4180	939	0	1.6328125	443.643329	448.404579	441.37133	465.899282	24.5279525	12.9619976	0	52.8	0	0	3
4185	940	0	1.63476562	443.675096	448.317766	441.37133	465.410699	24.0393689	12.9619976	0	53.9	0	0	3
4190	941	0	1.63671875	443.739388	448.233112	441.37133	464.964865	23.5935346	12.9619976	0	54.9	0	0	3
4195	942	0	1.63867188	443.804615	448.150455	441.37133	464.644218	23.2728885	12.9619976	0	55.6	0	0	3
4200	943	0	1.640625	443.850345	448.069229	441.37133	464.206856	22.835526	12.9619976	0	56.7	0	0	3
4205	945	0	1.64257812	443.88486	447.989846	441.37133	463.815498	22.4441681	12.9619976	0	57.7	0	0	3
4210	946	0	1.64453125	443.930533	447.912171	441.37133	463.619183	22.2478528	12.9619976	0	58.2	0	0	3
4215	947	0	1.64648438	443.985307	447.835476	441.37133	463.210815	21.8394846	12.9619976	0	59.3	0	0	3
4220	948	0	1.6484375	444.032925	447.760562	441.37133	463.192295	21.8209651	12.9619976	0	59.4	0	0	3
4225	948	0	1.65039062	444.023107	447.685683	441.37133	462.574488	21.2031576	12.9619976	0	61.1	0	0	3
4230	949	0	1.65234375	443.834257	447.612478	441.37133	462.329047	20.9577173	12.9619976	0	61.8	0	0	3
4235	950	0	1.65429688	443.785158	447.540041	441.37133	462.276521	20.9051907	12.9619976	0	62	0	0	3
4240	951	0	1.65625	443.813396	447.46792	441.37133	462.016457	20.6451269	12.9619976	0	62.7	0	0	3
4245	952	0	1.65820312	443.82328	447.396853	441.37133	461.557807	20.186477	12.9619976	0	64.2	0	0	3
4250	953	0	1.66015625	443.825376	447.327585	441.37133	460.984354	19.613024	12.9619976	0	66	0	0	3
4255	954	0	1.66210938	443.844721	447.26071	441.37133	460.984354	19.613024	12.9619976	0	66	0	0	3
4260	955	0	1.6640625	443.893626	447.19395	441.37133	460.68324	19.3119104	12.9619976	0	67.1	0	0	3
4265	956	0	1.66601562	443.951526	447.128591	441.37133	460.441907	19.0705775	12.9619976	0	67.9	0	0	3
4270	957	0	1.66796875	444.003361	447.064378	441.37133	459.773209	18.4018792	12.9619976	0	70.4	0	0	3
4275	958	0	1.66992188	444.049377	447.002957	441.37133	459.443668	18.0723377	12.9619976	0	71.7	0	0	3
4280	959	0	1.671875	444.108797	446.943055	441.37133	459.310381	17.9390511	12.9619976	0	72.2	0	0	3
4285	960	0	1.67382812	444.185805	446.883975	441.37133	459.119554	17.7482242	12.9619976	0	73	0	0	3
4290	961	0	1.67578125	444.255605	446.825913	441.37133	458.701709	17.3303791	12.9619976	0	74.7	0	0	3
4295	962	0	1.67773438	444.310366	446.769962	441.37133	458.701709	17.3303791	12.9619976	0	74.7	0	0	3
4300	963	0	1.6796875	444.363052	446.713952	441.37133	458.38871	17.0173797	12.9619976	0	76.1	0	0	3
4305	965	0	1.68164062	444.430781	446.659429	441.37133	457.887137	16.5158073	12.9619976	0	78.4	0	0	3
4310	966	0	1.68359375	444.509422	446.607172	441.37133	457.658687	16.2873573	12.9619976	0	79.5	0	0	3
4315	967	0	1.68554688	444.569916	446.556044	441.37133	457.416392	16.0450622	12.9619976	0	80.7	0	0	3
4320	968	0	1.6875	444.610237	446.50602	441.37133	457.059284	15.6879545	12.9619976	0	82.6	0	0	3
4325	969	0	1.68945312	444.651826	446.457553	441.37133	457.026206	15.6548762	12.9619976	0	82.7	0	0	3
4330	970	0	1.69140625	444.721858	446.40949	441.37133	456.883499	15.5121687	12.9619976	0	83.5	0	0	3
4335	971	0	1.69335938	444.814506	446.362345	441.37133	456.782892	15.4115623	12.9619976	0	84.1	0	0	3
4340	972	0	1.6953125	444.883164	446.315862	441.37133	456.423968	15.0526377	12.9619976	0	86.1	0	0	3
4345	973	0	1.69726562	444.921203	446.271473	441.37133	456.423968	15.0526377	12.9619976	0	86.1	0	0	3
4350	974	0	1.69921875	444.956627	446.226679	441.37133	456.187898	14.8165684	12.9619976	0	87.4	0	0	3
4355	975	0	1.70117188	444.973856	446.183198	441.37133	456.187898	14.8165684	12.9619976	0	87.4	0	0	3
4360	976	0	1.703125	445.056362	446.139716	441.37133	456.079794	14.7084643	12.9619976	0	88.1	0	0	3
4365	977	0	1.70507812	444.991217	446.096401	441.37133	455.791735	14.4204055	12.9619976	0	89.8	0	0	3
4370	978	0	1.70703125	445.029667	446.054362	441.37133	455.724033	14.3527027	12.9619976	0	90.3	0	0	3
4375	979	0	1.70898438	445.052415	446.012676	441.37133	455.531412	14.1600825	12.9619976	0	91.5	0	0	3
4380	980	0	1.7109375	445.079416	445.971847	441.37133	455.492017	14.1206868	12.9619976	0	91.7	0	0	3
4385	981	0	1.71289062	445.113425	445.931306	441.37133	455.187313	13.8159832	12.9619976	0	93.8	0	0	3
4390	982	0	1.71484375	445.149707	445.892097	441.37133	454.974637	13.6033066	12.9619976	0	95.2	0	0	3
4395	983	0	1.71679688	445.171428	445.854529	441.37133	454.974637	13.6033066	12.9619976	0	95.2	0	0	3
4400	984	0	1.71875	445.168166	445.816419	441.37133	454.974637	13.6033066	12.9619976	0	95.2	0	0	3
4405	986	0	1.72070312	445.145717	445.778024	441.37133	454.74577	13.3744405	12.9619976	0	96.9	0	0	3
4410	987	0	1.72265625	445.107142	445.740601	441.37133	454.74577	13.3744405	12.9619976	0	96.9	0	0	3
4415	988	0	1.72460938	445.053961	445.702742	441.37133	454.728979	13.3576493	12.9619976	0	97	0	0	3
4420	989	0	1.7265625	445.025579	445.665096	441.37133	454.728979	13.3576493	12.9619976	0	97	0	0	3
4425	990	0	1.72851562	445.014266	445.628568	441.37133	454.728979	13.3576493	12.9619976	0	97	0	0	3
4430	991	0	1.73046875	444.993971	445.59124	441.37133	454.728979	13.3576493	12.9619976	0	97	0	0	3
4435	992	0	1.73242188	444.95349	445.553054	441.37133	454.723618	13.3522882	12.9619976	0	97	0	0	3
4440	992	0	1.734375	444.912138	445.515074	441.37133	454.723618	13.3522882	12.9619976	0	97	0	0	3
4445	993	0	1.73632812	444.897858	445.477243	441.37133	454.723618	13.3522882	12.9619976	0	97	0	0	3
4450	994	0	1.73828125	444.888102	445.439183	441.37133	454.723618	13.3522882	12.9619976	0	97	0	0	3
4455	995	0	1.74023438	444.853935	445.40063	441.37133	454.629492	13.2581623	12.9619976	0	97.7	0	0	3
4460	996	0	1.7421875	444.801789	445.36224	441.37133	454.564084	13.1927537	12.9619976	0	98.2	0	0	3
4465	997	0	1.74414062	444.665259	445.323796	441.37133	454.564084	13.1927537	12.9619976	0	98.2	0	0	3
4470	998	0	1.74609375	444.414022	445.284981	441.37133	454.564084	13.1927537	12.9619976	0	98.2	0	0	3
4475	999	0	1.74804688	444.330386	445.245006	441.37133	454.526525	13.1551946	12.9619976	0	98.5	0	0	3
4480	1000	0	1.75	444.262577	445.204913	441.37133	454.332428	12.9610977	12.9619976	0	100	0	0	3
4485	1001	0	1.75195312	444.188779	445.166278	441.37133	454.332428	12.9610977	12.9619976	0	100	0	0	3
4490	1002	0	1.75390625	444.151645	445.126509	441.37133	454.05695	12.6856204	12.9619976	0	100	0	0	3
4495	1003	0	1.75585938	444.124444	445.08771	441.37133	453.648084	12.2767537	12.9619976	0	100	0	0	3
4500	1004	0	1.7578125	444.064565	445.050278	441.37133	453.648084	12.2767537	12.9619976	0	100	0	0	3
4505	1007	0	1.75976562	443.978681	445.013627	441.37133	453.648084	12.2767537	12.9619976	0	100	0	0	3
4510	1008	0	1.76171875	443.906468	444.975574	441.37133	453.54279	12.1714597	12.9619976	0	100	0	0	3
4515	1009	0	1.76367188	443.884533	444.939288	441.37133	453.54279	12.1714597	12.9619976	0	100	0	0	3
4520	1010	0	1.765625	443.856614	444.902989	441.37133	453.54279	12.1714597	12.9619976	0	100	0	0	3
4525	1011	0	1.76757812	443.698053	444.865898	441.37133	453.54279	12.1714597	12.9619976	0	100	0	0	3
4530	1012	0	1.76953125	443.615209	444.827118	441.37133	452.926301	11.5549709	12.9619976	0	100	0	0	3
4535	1013	0	1.77148438	443.385114	444.789848	441.37133	452.83031	11.4589798	12.9619976	0	100	0	0	3
4540	1014	0	1.7734375	443.362191	444.752863	441.37133	452.800437	11.4291072	12.9619976	0	100	0	0	3
4545	1015	0	1.77539062	443.268073	444.716022	441.37133	452.800437	11.4291072	12.9619976	0	100	0	0	3
4550	1016	0	1.77734375	443.142022	444.678294	441.37133	452.564964	11.1936345	12.9619976	0	100	0	0	3
4555	1017	0	1.77929688	443.055966	444.64115	441.37133	452.396158	11.0248282	12.9619976	0	100	0	0	3
4560	1018	0	1.78125	443.00408	444.605202	441.37133	452.396158	11.0248282	12.9619976	0	100	0	0	3
4565	1019	0	1.78320312	442.960847	444.568346	441.37133	452.337991	10.9666607	12.9619976	0	100	0	0	3
4570	1020	0	1.78515625	442.877809	444.532676	441.37133	452.337991	10.9666607	12.9619976	0	100	0	0	3
4575	1021	0	1.78710938	442.753959	444.49645	441.37133	452.337991	10.9666607	12.9619976	0	100	0	0	3
4580	1022	0	1.7890625	442.636404	444.458553	441.37133	451.893193	10.5218632	12.9619976	0	100	0	0	3
4585	1023	0	1.79101562	442.561316	444.42248	441.37133	451.893193	10.5218632	12.9619976	0	100	0	0	3
4590	1024	0	1.79296875	442.514635	444.385845	441.37133	451.814918	10.4435883	12.9619976	0	100	0	0	3
4595	1025	0	1.79492188	442.457002	444.349291	441.37133	451.681239	10.3099094	12.9619976	0	100	0	0	3
4600	1026	0	1.796875	442.046511	444.311655	441.37133	451.504012	10.132682	12.9619976	0	100	0	0	3
4605	1029	0	1.79882812	441.912018	444.274187	441.37133	450.980093	9.60876344	12.9619976	0	100	0	0	3
4610	1030	0	1.80078125	441.841569	444.238489	441.37133	450.913743	9.54241264	12.9619976	0	100	0	0	3
4615	1031	0	1.80273438	441.790097	444.20285	441.37133	450.536467	9.16513676	12.9619976	0	100	0	0	3
4620	1032	0	1.8046875	441.750656	444.168531	441.37133	450.379406	9.00807619	12.9619976	0	100	0	0	3
4625	1033	0	1.80664062	441.704659	444.135017	441.37133	450.379406	9.00807619	12.9619976	0	100	0	0	3
4630	1034	0	1.80859375	441.634838	444.101619	441.37133	450.379406	9.00807619	12.9619976	0	100	0	0	3
4635	1035	0	1.81054688	441.549243	444.067126	441.37133	450.159737	8.78840744	12.9619976	0	100	0	0	3
4640	1036	0	1.8125	441.475809	444.033204	441.37133	449.774383	8.40305302	12.9619976	0	100	0	0	3
4645	1037	0	1.81445312	441.43968	444.000647	441.37133	449.246583	7.87525312	12.9619976	0	100	0	0	3
4650	1038	0	1.81640625	441.425461	443.970096	441.37133	448.927755	7.55642463	12.9619976	0	100	0	0	3
4655	1039	0	1.81835938	441.380016	443.940612	441.37133	448.697589	7.32625904	12.9619976	0	100	0	0	3
4660	1040	0	1.8203125	441.306394	443.91174	441.306394	448.688727	7.38233293	12.9619976	0	100	0	0	3
4665	1041	0	1.82226562	441.236719	443.882631	441.236719	448.224399	6.9876798	12.9619976	0	100	0	0	3
4670	1042	0	1.82421875	441.209435	443.855448	441.209435	448.224399	7.01496369	12.9619976	0	100	0	0	3
4675	1043	0	1.82617188	441.214126	443.83052	441.209435	448.224399	7.01496369	12.9619976	0	100	0	0	3
4680	1044	0	1.828125	441.18732	443.803549	441.18732	448.224399	7.03707871	12.9619976	0	100	0	0	3
4685	1045	0	1.83007812	441.122835	443.775809	441.122835	447.490645	6.36781068	12.9619976	0	100	0	0	3
4690	1046	0	1.83203125	441.060186	443.75069	441.060186	447.20776	6.14757426	12.9619976	0	100	0	0	3
4695	1047	0	1.83398438	441.050994	443.727679	441.050994	447.20776	6.15676602	12.9619976	0	100	0	0	3
4700	1048	0	1.8359375	441.061008	443.703735	441.050994	447.20776	6.15676602	12.9619976	0	100	0	0	3
4705	1050	0	1.83789062	441.033391	443.679617	441.033391	446.8766	5.84320992	12.9619976	0	100	0	0	3
4710	1051	0	1.83984375	440.976527	443.657882	440.976527	446.8766	5.90007356	12.9619976	0	100	0	0	3
4715	1052	0	1.84179688	440.927367	443.636506	440.927367	446.8766	5.94923364	12.9619976	0	100	0	0	3
4720	1053	0	1.84375	440.911851	443.613206	440.911851	446.033884	5.12203346	12.9619976	0	100	0	0	3
4725	1054	0	1.84570312	440.890285	443.593114	440.890285	445.855276	4.96499123	12.9619976	0	100	0	0	3
4730	1055	0	1.84765625	440.844422	443.574146	440.844422	445.855276	5.01085359	12.9619976	0	100	0	0	3
4735	1056	0	1.84960938	440.793429	443.554373	440.793429	445.510866	4.71743621	12.9619976	0	100	0	0	3
4740	1057	0	1.8515625	440.747053	443.535765	440.747053	445.195521	4.44846828	12.9619976	0	100	0	0	3
4745	1058	0	1.85351562	440.695785	443.518233	440.695785	445.195521	4.49973642	12.9619976	0	100	0	0	3
4750	1059	0	1.85546875	440.629633	443.501338	440.629633	445.195521	4.56588811	12.9619976	0	100	0	0	3
4755	1060	0	1.85742188	440.559258	443.484413	440.559258	445.195521	4.63626317	12.9619976	0	100	0	0	3
4760	1061	0	1.859375	440.527894	443.468973	440.527894	445.195521	4.667627	12.9619976	0	100	0	0	3
4765	1062	0	1.86132812	440.495207	443.454229	440.495207	445.195521	4.70031398	12.9619976	0	100	0	0	3
4770	1063	0	1.86328125	440.420658	443.440953	440.420658	445.195521	4.7748633	12.9619976	0	100	0	0	3
4775	1064	0	1.86523438	440.323364	443.427627	440.323364	445.195521	4.87215735	12.9619976	0	100	0	0	3
4780	1065	0	1.8671875	440.258078	443.415848	440.258078	445.195521	4.93744344	12.9619976	0	100	0	0	3
4785	1066	0	1.86914062	440.248872	443.402987	440.248872	445.195521	4.94664871	12.9619976	0	100	0	0	3
4790	1067	0	1.87109375	440.213542	443.393638	440.213542	445.195521	4.98197927	12.9619976	0	100	0	0	3
4795	1068	0	1.87304688	440.120036	443.382009	440.120036	445.195521	5.07548517	12.9619976	0	100	0	0	3
4800	1069	0	1.875	440.006878	443.372095	440.006878	445.195521	5.18864337	12.9619976	0	100	0	0	3
4805	1071	0	1.87695312	439.948978	443.364266	439.948978	445.195521	5.24654313	12.9619976	0	100	0	0	3
4810	1072	0	1.87890625	439.950968	443.355012	439.948978	445.195521	5.24654313	12.9619976	0	100	0	0	3
4815	1072	0	1.88085938	439.910471	443.343121	439.910471	445.195521	5.28504992	12.9619976	0	100	0	0	3
4820	1073	0	1.8828125	439.812846	443.334278	439.812846	445.195521	5.38267524	12.9619976	0	100	0	0	3
4825	1074	0	1.88476562	439.692086	443.327719	439.692086	445.195521	5.50343539	12.9619976	0	100	0	0	3
4830	1075	0	1.88671875	439.638901	443.318022	439.638901	445.195521	5.55662044	12.9619976	0	100	0	0	3
4835	1076	0	1.88867188	439.650236	443.306751	439.638901	445.195521	5.55662044	12.9619976	0	100	0	0	3
4840	1077	0	1.890625	439.601726	443.298757	439.601726	445.195521	5.59379492	12.9619976	0	100	0	0	3
4845	1078	0	1.89257812	439.490157	443.290016	439.490157	445.195521	5.70536388	12.9619976	0	100	0	0	3
4850	1079	0	1.89453125	439.366055	443.278722	439.366055	445.195521	5.82946577	12.9619976	0	100	0	0	3
4855	1080	0	1.89648438	439.326428	443.268834	439.326428	445.195521	5.86909281	12.9619976	0	100	0	0	3
4860	1081	0	1.8984375	439.327356	443.257801	439.326428	445.195521	5.86909281	12.9619976	0	100	0	0	3
4865	1082	0	1.90039062	439.220065	443.246799	439.220065	445.195521	5.97545604	12.9619976	0	100	0	0	3
4870	1083	0	1.90234375	439.076188	443.235798	439.076188	445.195521	6.11933267	12.9619976	0	100	0	0	3
4875	1084	0	1.90429688	438.887129	443.221373	438.887129	445.195521	6.30839157	12.9619976	0	100	0	0	3
4880	1085	0	1.90625	438.829895	443.206399	438.829895	445.195521	6.36562555	12.9619976	0	100	0	0	3
4885	1086	0	1.90820312	438.788419	443.191347	438.788419	445.195521	6.40710224	12.9619976	0	100	0	0	3
4890	1087	0	1.91015625	438.57474	443.176417	438.57474	445.195521	6.62078123	12.9619976	0	100	0	0	3
4895	1088	0	1.91210938	438.304902	443.159995	438.304902	445.195521	6.89061896	12.9619976	0	100	0	0	3
4900	1089	0	1.9140625	438.121276	443.142911	438.121276	445.195521	7.07424461	12.9619976	0	100	0	0	3
4905	1092	0	1.91601562	438.022071	443.126485	438.022071	445.195521	7.17345013	12.9619976	0	100	0	0	3
4910	1093	0	1.91796875	437.794121	443.108656	437.794121	445.195521	7.40139948	12.9619976	0	100	0	0	3
4915	1094	0	1.91992188	437.59829	443.089864	437.59829	445.195521	7.59723079	12.9619976	0	100	0	0	3
4920	1095	0	1.921875	437.414305	443.070459	437.414305	445.195521	7.781216	12.9619976	0	100	0	0	3
4925	1096	0	1.92382812	437.229638	443.050809	437.229638	445.195521	7.82788698	12.9619976	0	100	0	0	3
4930	1097	0	1.92578125	437.152577	443.031268	437.152577	445.195521	7.84742815	12.9619976	0	100	0	0	3
4935	1098	0	1.92773438	436.991685	443.010288	436.991685	445.195521	7.86840841	12.9619976	0	100	0	0	3
4940	1099	0	1.9296875	436.802401	442.989176	436.802401	445.195521	7.88952025	12.9619976	0	100	0	0	3
4945	1100	0	1.93164062	436.493677	442.965023	436.493677	445.195521	7.91367302	12.9619976	0	100	0	0	3
4950	1101	0	1.93359375	436.368364	442.940147	436.368364	445.195521	7.93854931	12.9619976	0	100	0	0	3
4955	1102	0	1.93554688	435.933292	442.913197	435.933292	445.195521	7.96549899	12.9619976	0	100	0	0	3
4960	1103	0	1.9375	435.475464	442.883999	435.475464	445.195521	7.99469719	12.9619976	0	100	0	0	3
4965	1104	0	1.93945312	434.966614	442.852912	434.966614	445.195521	8.02578399	12.9619976	0	100	0	0	3
4970	1105	0	1.94140625	434.746483	442.82091	434.746483	445.195521	8.05778616	12.9619976	0	100	0	0	3
4975	1106	0	1.94335938	434.609732	442.788194	434.609732	445.195521	8.09050202	12.9619976	0	100	0	0	3
4980	1107	0	1.9453125	434.430043	442.75369	434.430043	445.195521	8.12500624	12.9619976	0	100	0	0	3
4985	1108	0	1.94726562	434.234358	442.71777	434.234358	445.195521	8.16092611	12.9619976	0	100	0	0	3
4990	1109	0	1.94921875	434.01116	442.680226	434.01116	445.195521	8.1984709	12.9619976	0	100	0	0	3
4995	1110	0	1.95117188	433.767346	442.641505	433.767346	445.195521	8.23719165	12.9619976	0	100	0	0	3
5000	1111	0	1.953125	433.589886	442.601159	433.589886	445.195521	8.2775371	12.9619976	0	100	0	0	3
5005	1113	0	1.95507812	433.419663	442.559639	433.419663	445.195521	8.31905759	12.9619976	0	100	0	0	3
5010	1114	0	1.95703125	433.190186	442.516795	433.190186	445.195521	8.36190159	12.9619976	0	100	0	0	3
5015	1115	0	1.95898438	432.866508	442.471819	432.866508	445.195521	8.40687701	12.9619976	0	100	0	0	3
5020	1116	0	1.9609375	432.681159	442.426031	432.681159	445.195521	8.45266523	12.9619976	0	100	0	0	3
5025	1117	0	1.96289062	432.539785	442.378821	432.539785	445.195521	8.49987551	12.9619976	0	100	0	0	3
5030	1118	0	1.96484375	432.25505	442.330573	432.25505	445.195521	8.54812317	12.9619976	0	100	0	0	3
5035	1119	0	1.96679688	431.980098	442.280914	431.980098	445.195521	8.59778201	12.9619976	0	100	0	0	3
5040	1120	0	1.96875	431.726943	442.23023	431.726943	445.195521	8.64846608	12.9619976	0	100	0	0	3
5045	1121	0	1.97070312	431.563325	442.179033	431.563325	445.195521	8.69966296	12.9619976	0	100	0	0	3
5050	1122	0	1.97265625	431.413199	442.126766	431.413199	445.195521	8.75193015	12.9619976	0	100	0	0	3
5055	1123	0	1.97460938	431.197715	442.073681	431.197715	445.195521	8.80501531	12.9619976	0	100	0	0	3
5060	1124	0	1.9765625	430.905193	442.019742	430.905193	445.195521	8.85895477	12.9619976	0	100	0	0	3
5065	1125	0	1.97851562	430.657795	441.964816	430.657795	445.195521	8.91388056	12.9619976	0	100	0	0	3
5070	1126	0	1.98046875	430.498524	441.908873	430.498524	445.195521	8.96982338	12.9619976	0	100	0	0	3
5075	1127	0	1.98242188	430.340657	441.852489	430.340657	445.195521	9.02620745	12.9619976	0	100	0	0	3
5080	1128	0	1.984375	430.120163	441.795597	430.120163	445.195521	9.08309967	12.9619976	0	100	0	0	3
5085	1129	0	1.98632812	429.880744	441.738193	429.880744	445.195521	9.14050305	12.9619976	0	100	0	0	3
5090	1130	0	1.98828125	429.676582	441.678972	429.676582	445.195521	9.19972487	12.9619976	0	100	0	0	3
5095	1131	0	1.99023438	429.568893	441.619946	429.568893	445.195521	9.25875034	12.9619976	0	100	0	0	3
5100	1132	0	1.9921875	429.209529	441.559162	429.209529	445.195521	9.3195349	12.9619976	0	100	0	0	3
5105	1134	0	1.99414062	428.925147	441.496728	428.925147	445.195521	9.38196826	12.9619976	0	100	0	0	3
5110	1135	0	1.99609375	428.748934	441.432697	428.748934	445.195521	9.44599933	12.9619976	0	100	0	0	3
5115	1136	0	1.99804688	428.622995	441.368216	428.622995	445.195521	9.51047993	12.9619976	0	100	0	0	3
5120	1137	0	2	428.323485	441.30231	428.323485	445.171428	9.57638632	12.9619976	0	100	0	0	3
5125	1138	0	2.00195312	428.014875	441.235976	428.014875	445.171428	9.64272079	12.9619976	0	100	0	0	3
5130	1139	0	2.00390625	427.810274	441.169398	427.810274	445.171428	9.70929829	12.9619976	0	100	0	0	3
5135	1140	0	2.00585938	427.654219	441.102796	427.654219	445.171428	9.77590044	12.9619976	0	100	0	0	3
5140	1141	0	2.0078125	427.356772	441.035453	427.356772	445.171428	9.84324353	12.9619976	0	100	0	0	3
5145	1142	0	2.00976562	426.911857	440.966656	426.911857	445.171428	9.91204035	12.9619976	0	100	0	0	3
5150	1143	0	2.01171875	426.973206	440.89773	426.911857	445.171428	9.98096613	12.9619976	0	100	0	0	3
5155	1144	0	2.01367188	426.533801	440.82727	426.533801	445.171428	10.0514261	12.9619976	0	100	0	0	3
5160	1145	0	2.015625	426.283379	440.756001	426.283379	445.171428	10.122695	12.9619976	0	100	0	0	3
5165	1146	0	2.01757812	426.273787	440.685009	426.273787	445.171428	10.1936871	12.9619976	0	100	0	0	3
5170	1147	0	2.01953125	426.057037	440.613435	426.057037	445.171428	10.2652619	12.9619976	0	100	0	0	3
5175	1148	0	2.02148438	425.571566	440.540624	425.571566	445.171428	10.3380727	12.9619976	0	100	0	0	3
5180	1149	0	2.0234375	425.388124	440.46728	425.388124	445.171428	10.4114164	12.9619976	0	100	0	0	3
5185	1150	0	2.02539062	424.956922	440.392194	424.956922	445.171428	10.4865025	12.9619976	0	100	0	0	3
5190	1151	0	2.02734375	424.942961	440.315586	424.942961	445.171428	10.5631101	12.9619976	0	100	0	0	3
5195	1152	0	2.02929688	424.61254	440.237752	424.61254	445.171428	10.6409443	12.9619976	0	100	0	0	3
5200	1153	0	2.03125	424.081635	440.15838	424.081635	445.171428	10.7203168	12.9619976	0	100	0	0	3
5205	1156	0	2.03320312	423.73152	440.078359	423.73152	445.171428	10.8003372	12.9619976	0	100	0	0	3
5210	1157	0	2.03515625	423.410354	439.997705	423.410354	445.171428	10.880991	12.9619976	0	100	0	0	3
5215	1158	0	2.03710938	423.1476	439.916354	423.1476	445.171428	10.9623419	12.9619976	0	100	0	0	3
5220	1159	0	2.0390625	422.507347	439.832929	422.507347	445.171428	11.0457676	12.9619976	0	100	0	0	3
5225	1160	0	2.04101562	422.261886	439.74907	422.261886	445.171428	11.1296259	12.9619976	0	100	0	0	3
5230	1161	0	2.04296875	421.756075	439.66177	421.756075	445.171428	11.2169264	12.9619976	0	100	0	0	3
5235	1162	0	2.04492188	421.733054	439.574351	421.733054	445.171428	11.3043452	12.9619976	0	100	0	0	3
5240	1163	0	2.046875	421.081832	439.483741	421.081832	445.171428	11.3924327	12.9619976	0	100	0	0	3
5245	1164	0	2.04882812	420.752256	439.391041	420.752256	445.171428	11.4807131	12.9619976	0	100	0	0	3
5250	1165	0	2.05078125	420.231565	439.296732	420.231565	445.171428	11.5689691	12.9619976	0	100	0	0	3
5255	1166	0	2.05273438	420.01146	439.201961	420.01146	445.171428	11.6533079	12.9619976	0	100	0	0	3
5260	1167	0	2.0546875	419.950551	439.107222	419.950551	445.171428	11.7357641	12.9619976	0	100	0	0	3
5265	1168	0	2.05664062	419.539356	439.011112	419.539356	445.171428	11.8157262	12.9619976	0	100	0	0	3
5270	1169	0	2.05859375	418.885088	438.912776	418.885088	445.171428	11.8967561	12.9619976	0	100	0	0	3
5275	1170	0	2.06054688	418.925771	438.814988	418.885088	445.171428	11.9728775	12.9619976	0	100	0	0	3
5280	1171	0	2.0625	418.305203	438.715094	418.305203	445.171428	12.0494388	12.9619976	0	100	0	0	3
5285	1172	0	2.06445312	417.609283	438.612712	417.609283	445.171428	12.1247388	12.9619976	0	100	0	0	3
5290	1173	0	2.06640625	417.384261	438.509696	417.384261	445.171428	12.1989317	12.9619976	0	100	0	0	3
5295	1174	0	2.06835938	417.213038	438.406328	417.213038	445.171428	12.2708462	12.9619976	0	100	0	0	3
5300	1175	0	2.0703125	416.869711	438.301924	416.869711	445.171428	12.3419408	12.9619976	0	100	0	0	3
5305	1177	0	2.07226562	416.392178	438.195859	416.392178	445.171428	12.4123713	12.9619976	0	100	0	0	3
5310	1178	0	2.07421875	416.322373	438.089699	416.322373	445.171428	12.4791913	12.9619976	0	100	0	0	3
5315	1179	0	2.07617188	415.870684	437.98199	415.870684	445.171428	12.5453965	12.9619976	0	100	0	0	3
5320	1180	0	2.078125	415.634459	437.873591	415.634459	445.171428	12.6115568	12.9619976	0	100	0	0	3
5325	1181	0	2.08007812	415.456513	437.76467	415.456513	445.171428	12.6742894	12.9619976	0	100	0	0	3
5330	1182	0	2.08203125	415.030898	437.654235	415.030898	445.171428	12.7346625	12.9619976	0	100	0	0	3
5335	1184	0	2.08398438	414.776633	437.54298	414.776633	445.171428	12.7944427	12.9619976	0	100	0	0	3
5340	1185	0	2.0859375	414.957615	437.432625	414.776633	445.171428	12.8517107	12.9619976	0	100	0	0	3
5345	1186	0	2.08789062	414.464667	437.320466	414.464667	445.171428	12.9067047	12.9619976	0	100	0	0	3
5350	1187	0	2.08984375	413.998867	437.206525	413.998867	445.171428	12.9622636	12.9619976	0	99.9	0	0	3
5355	1188	0	2.09179688	413.740694	437.091142	413.740694	445.171428	13.015974	12.9619976	0	99.5	0	0	3
5360	1189	0	2.09375	413.42432	436.974543	413.42432	445.171428	13.0634118	12.9619976	0	99.2	0	0	3
5365	1190	0	2.09570312	413.455249	436.858263	413.42432	445.171428	13.1066643	12.9619976	0	98.8	0	0	3
5370	1191	0	2.09765625	413.060385	436.740505	413.060385	445.171428	13.1509264	12.9619976	0	98.5	0	0	3
5375	1192	0	2.09960938	412.857582	436.621874	412.857582	445.171428	13.1936245	12.9619976	0	98.2	0	0	3
5380	1193	0	2.1015625	412.616649	436.502226	412.616649	445.171428	13.2346019	12.9619976	0	97.9	0	0	3
5385	1194	0	2.10351562	412.248345	436.381159	412.248345	445.171428	13.2727178	12.9619976	0	97.6	0	0	3
5390	1195	0	2.10546875	412.0503	436.259354	412.0503	445.171428	13.3090972	12.9619976	0	97.3	0	0	3
5395	1196	0	2.10742188	411.663312	436.135973	411.663312	445.171428	13.3441075	12.9619976	0	97.1	0	0	3
5400	1197	0	2.109375	411.647948	436.012374	411.647948	445.171428	13.3790265	12.9619976	0	96.8	0	0	3
5405	1199	0	2.11132812	411.175551	435.886797	411.175551	445.171428	13.4158284	12.9619976	0	96.6	0	0	3
5410	1200	0	2.11328125	410.863872	435.759948	410.863872	445.171428	13.4523141	12.9619976	0	96.3	0	0	3
5415	1201	0	2.11523438	410.698296	435.632395	410.698296	445.171428	13.4882387	12.9619976	0	96	0	0	3
5420	1202	0	2.1171875	410.590237	435.504274	410.590237	445.171428	13.5267723	12.9619976	0	95.8	0	0	3
5425	1203	0	2.11914062	410.253019	435.374658	410.253019	445.171428	13.5656925	12.9619976	0	95.5	0	0	3
5430	1204	0	2.12109375	409.62923	435.242493	409.62923	445.171428	13.6075815	12.9619976	0	95.2	0	0	3
5435	1205	0	2.12304688	409.454108	435.109597	409.454108	445.171428	13.6507153	12.9619976	0	94.9	0	0	3
5440	1206	0	2.125	409.12352	434.975338	409.12352	445.171428	13.6958129	12.9619976	0	94.6	0	0	3
5445	1207	0	2.12695312	408.901347	434.840016	408.901347	445.171428	13.741241	12.9619976	0	94.3	0	0	3
5450	1208	0	2.12890625	408.421779	434.702608	408.421779	445.171428	13.790286	12.9619976	0	93.9	0	0	3
5455	1209	0	2.13085938	408.489135	434.565338	408.421779	445.171428	13.8392407	12.9619976	0	93.6	0	0	3
5460	1210	0	2.1328125	408.038288	434.426256	408.038288	445.171428	13.8915096	12.9619976	0	93.3	0	0	3
5465	1211	0	2.13476562	407.944888	434.286685	407.944888	445.171428	13.9464272	12.9619976	0	92.9	0	0	3
5470	1212	0	2.13671875	407.778114	434.146211	407.778114	445.171428	14.0042437	12.9619976	0	92.5	0	0	3
5475	1213	0	2.13867188	407.306768	434.003642	407.306768	445.171428	14.0655873	12.9619976	0	92.1	0	0	3
5480	1214	0	2.140625	406.972256	433.859587	406.972256	445.171428	14.1302596	12.9619976	0	91.7	0	0	3
5485	1215	0	2.14257812	406.886427	433.715062	406.886427	445.171428	14.1971091	12.9619976	0	91.3	0	0	3
5490	1216	0	2.14453125	406.765322	433.569885	406.765322	445.171428	14.2655908	12.9619976	0	90.8	0	0	3
5495	1217	0	2.14648438	406.324762	433.422773	406.324762	445.171428	14.3377887	12.9619976	0	90.4	0	0	3
5500	1218	0	2.1484375	405.592921	433.272617	405.592921	445.171428	14.4130653	12.9619976	0	89.9	0	0	3
5505	1220	0	2.15039062	405.805932	433.123331	405.592921	445.171428	14.4891472	12.9619976	0	89.4	0	0	3
5510	1222	0	2.15234375	405.601403	432.973984	405.592921	445.171428	14.5660572	12.9619976	0	88.9	0	0	3
5515	1223	0	2.15429688	405.074872	432.822772	405.074872	445.171428	14.6451477	12.9619976	0	88.5	0	0	3
5520	1224	0	2.15625	405.024477	432.671253	405.024477	445.171428	14.7255998	12.9619976	0	88	0	0	3
5525	1225	0	2.15820312	404.498681	432.517641	404.498681	445.171428	14.8099442	12.9619976	0	87.5	0	0	3
5530	1226	0	2.16015625	404.102484	432.362474	404.102484	445.171428	14.8982366	12.9619976	0	87	0	0	3
5535	1227	0	2.16210938	404.134766	432.207357	404.102484	445.171428	14.9865929	12.9619976	0	86.4	0	0	3
5540	1228	0	2.1640625	403.586074	432.049905	403.586074	445.171428	15.0786861	12.9619976	0	85.9	0	0	3
5545	1229	0	2.16601562	403.364375	431.891362	403.364375	445.171428	15.1730165	12.9619976	0	85.4	0	0	3
5550	1230	0	2.16796875	403.168411	431.73185	403.168411	445.171428	15.2711068	12.9619976	0	84.8	0	0	3
5555	1231	0	2.16992188	402.894217	431.571088	402.894217	445.171428	15.3719673	12.9619976	0	84.3	0	0	3
5560	1232	0	2.171875	402.582459	431.408876	402.582459	445.171428	15.4750992	12.9619976	0	83.7	0	0	3
5565	1233	0	2.17382812	402.27694	431.245169	402.27694	445.171428	15.5807434	12.9619976	0	83.1	0	0	3
5570	1234	0	2.17578125	402.078053	431.080413	402.078053	445.171428	15.6895492	12.9619976	0	82.6	0	0	3
5575	1235	0	2.17773438	401.785924	430.914302	401.785924	445.171428	15.7996499	12.9619976	0	82	0	0	3
5580	1236	0	2.1796875	401.626874	430.747364	401.626874	445.171428	15.912065	12.9619976	0	81.4	0	0	3
5585	1237	0	2.18164062	401.422422	430.579362	401.422422	445.171428	16.0278097	12.9619976	0	80.8	0	0	3
5590	1238	0	2.18359375	401.249916	430.41038	401.249916	445.171428	16.1456641	12.9619976	0	80.2	0	0	3
5595	1239	0	2.18554688	401.006629	430.240211	401.006629	445.171428	16.2658092	12.9619976	0	79.6	0	0	3
5600	1240	0	2.1875	400.75225	430.068891	400.75225	445.171428	16.3886628	12.9619976	0	79	0	0	3
5605	1242	0	2.18945312	400.774495	429.897495	400.75225	445.171428	16.5119948	12.9619976	0	78.5	0	0	3
5610	1244	0	2.19140625	400.476122	429.72466	400.476122	445.171428	16.6376852	12.9619976	0	77.9	0	0	3
5615	1245	0	2.19335938	400.310888	429.550818	400.310888	445.171428	16.7650441	12.9619976	0	77.3	0	0	3
5620	1246	0	2.1953125	399.928881	429.375215	399.928881	445.171428	16.8962579	12.9619976	0	76.7	0	0	3
5625	1247	0	2.19726562	399.880593	429.199275	399.880593	445.171428	17.0274035	12.9619976	0	76.1	0	0	3
5630	1248	0	2.19921875	399.635377	429.022239	399.635377	445.171428	17.1609593	12.9619976	0	75.5	0	0	3
5635	1249	0	2.20117188	399.674674	428.845289	399.635377	445.171428	17.2944267	12.9619976	0	74.9	0	0	3
5640	1250	0	2.203125	399.347684	428.666739	399.347684	445.171428	17.4296614	12.9619976	0	74.3	0	0	3
5645	1251	0	2.20507812	398.922542	428.486784	398.922542	445.171428	17.5675779	12.9619976	0	73.7	0	0	3
5650	1252	0	2.20703125	399.071395	428.307259	398.922542	445.171428	17.7054163	12.9619976	0	73.2	0	0	3
5655	1253	0	2.20898438	398.820339	428.126665	398.820339	445.171428	17.8451823	12.9619976	0	72.6	0	0	3
5660	1254	0	2.2109375	398.508956	427.944749	398.508956	445.171428	17.9865568	12.9619976	0	72	0	0	3
5665	1255	0	2.21289062	398.309172	427.76192	398.309172	445.171428	18.1301765	12.9619976	0	71.4	0	0	3
5670	1256	0	2.21484375	398.014054	427.577797	398.014054	445.171428	18.2767326	12.9619976	0	70.9	0	0	3
5675	1257	0	2.21679688	397.896353	427.393128	397.896353	445.168166	18.4232904	12.9619976	0	70.3	0	0	3
5680	1258	0	2.21875	397.894195	427.208464	397.894195	445.145717	18.5695601	12.9619976	0	69.8	0	0	3
5685	1259	0	2.22070312	397.590797	427.022703	397.590797	445.107142	18.717898	12.9619976	0	69.2	0	0	3
5690	1260	0	2.22265625	397.338993	426.836109	397.338993	445.053961	18.8666337	12.9619976	0	68.7	0	0	3
5695	1261	0	2.22460938	397.150657	426.648986	397.150657	445.025579	19.0161094	12.9619976	0	68.1	0	0	3
5700	1262	0	2.2265625	397.025119	426.461485	397.025119	445.014266	19.1670832	12.9619976	0	67.6	0	0	3
5705	1264	0	2.22851562	396.842827	426.273315	396.842827	444.993971	19.3179248	12.9619976	0	67	0	0	3
5710	1265	0	2.23046875	396.648654	426.084466	396.648654	444.95349	19.4685882	12.9619976	0	66.5	0	0	3
5715	1266	0	2.23242188	396.697481	425.895966	396.648654	444.912138	19.6191085	12.9619976	0	66	0	0	3
5720	1267	0	2.234375	396.610685	425.707288	396.610685	444.897858	19.7699551	12.9619976	0	65.5	0	0	3
5725	1268	0	2.23632812	396.221662	425.517147	396.221662	444.888102	19.9220361	12.9619976	0	65	0	0	3
5730	1269	0	2.23828125	396.046937	425.326361	396.046937	444.853935	20.0742685	12.9619976	0	64.5	0	0	3
5735	1270	0	2.24023438	395.983571	425.135461	395.983571	444.801789	20.2267789	12.9619976	0	64	0	0	3
5740	1271	0	2.2421875	395.894392	424.944417	395.894392	444.665259	20.3793788	12.9619976	0	63.6	0	0	3
5745	1272	0	2.24414062	395.715572	424.753207	395.715572	444.414022	20.5317744	12.9619976	0	63.1	0	0	3
5750	1274	0	2.24609375	395.654476	424.56274	395.654476	444.330386	20.682266	12.9619976	0	62.6	0	0	3
5755	1275	0	2.24804688	395.484986	424.371938	395.484986	444.262577	20.8329748	12.9619976	0	62.2	0	0	3
5760	1276	0	2.25	395.379419	424.180988	395.379419	444.188779	20.9852899	12.9619976	0	61.7	0	0	3
5765	1277	0	2.25195312	395.4107	423.990449	395.379419	444.151645	21.1360606	12.9619976	0	61.3	0	0	3
5770	1278	0	2.25390625	395.143632	423.799011	395.143632	444.124444	21.2886993	12.9619976	0	60.8	0	0	3
5775	1279	0	2.25585938	394.907285	423.606756	394.907285	444.064565	21.4435213	12.9619976	0	60.4	0	0	3
5780	1280	0	2.2578125	394.766802	423.414187	394.766802	443.978681	21.5994398	12.9619976	0	60	0	0	3
5785	1281	0	2.25976562	394.784962	423.222024	394.766802	443.906468	21.7535496	12.9619976	0	59.5	0	0	3
5790	1282	0	2.26171875	394.558205	423.029257	394.558205	443.884533	21.9100306	12.9619976	0	59.1	0	0	3
5795	1283	0	2.26367188	394.546806	422.836532	394.546806	443.856614	22.0664573	12.9619976	0	58.7	0	0	3
5800	1284	0	2.265625	394.760578	422.644751	394.546806	443.698053	22.2211469	12.9619976	0	58.3	0	0	3
5805	1286	0	2.26757812	394.483365	422.452506	394.483365	443.615209	22.3746122	12.9619976	0	57.9	0	0	3
5810	1287	0	2.26953125	394.175751	422.259383	394.175751	443.385114	22.5304648	12.9619976	0	57.5	0	0	3
5815	1288	0	2.27148438	394.117796	422.066932	394.117796	443.362191	22.6859305	12.9619976	0	57.1	0	0	3
5820	1289	0	2.2734375	394.269224	421.875163	394.117796	443.268073	22.8408595	12.9619976	0	56.7	0	0	3
5825	1290	0	2.27539062	394.223842	421.683584	394.117796	443.142022	22.9947103	12.9619976	0	56.3	0	0	3
5830	1291	0	2.27734375	394.06475	421.491876	394.06475	443.055966	23.1492739	12.9619976	0	55.9	0	0	3
5835	1292	0	2.27929688	393.85752	421.299694	393.85752	443.00408	23.3055081	12.9619976	0	55.6	0	0	3
5840	1293	0	2.28125	393.878626	421.107798	393.85752	442.960847	23.4605477	12.9619976	0	55.2	0	0	3
5845	1294	0	2.28320312	393.763067	420.915619	393.763067	442.877809	23.6170569	12.9619976	0	54.8	0	0	3
5850	1295	0	2.28515625	393.373971	420.722245	393.373971	442.753959	23.7742046	12.9619976	0	54.5	0	0	3
5855	1296	0	2.28710938	393.498862	420.529842	393.373971	442.636404	23.9287105	12.9619976	0	54.1	0	0	3
5860	1297	0	2.2890625	393.642662	420.33846	393.373971	442.561316	24.0840201	12.9619976	0	53.8	0	0	3
5865	1299	0	2.29101562	393.400622	420.146426	393.373971	442.514635	24.239419	12.9619976	0	53.4	0	0	3
5870	1300	0	2.29296875	393.182899	419.953724	393.182899	442.457002	24.3955668	12.9619976	0	53.1	0	0	3
5875	1301	0	2.29492188	393.085417	419.760867	393.085417	442.046511	24.5507889	12.9619976	0	52.7	0	0	3
5880	1302	0	2.296875	393.133132	419.569799	393.085417	441.912018	24.704388	12.9619976	0	52.4	0	0	3
5885	1303	0	2.29882812	392.920078	419.378424	392.920078	441.841569	24.8600654	12.9619976	0	52.1	0	0	3
5890	1304	0	2.30078125	392.90632	419.187271	392.90632	441.790097	25.0155795	12.9619976	0	51.8	0	0	3
5895	1305	0	2.30273438	392.717809	418.995582	392.717809	441.750656	25.1729486	12.9619976	0	51.4	0	0	3
5900	1306	0	2.3046875	392.57939	418.803507	392.57939	441.704659	25.33151	12.9619976	0	51.1	0	0	3
5905	1309	0	2.30664062	392.6279	418.611801	392.57939	441.634838	25.4898181	12.9619976	0	50.8	0	0	3
5910	1310	0	2.30859375	392.580127	418.420181	392.57939	441.549243	25.6469452	12.9619976	0	50.5	0	0	3
5915	1311	0	2.31054688	392.382843	418.228124	392.382843	441.475809	25.8050799	12.9619976	0	50.2	0	0	3
5920	1312	0	2.3125	391.807013	418.034106	391.807013	441.43968	25.9665412	12.9619976	0	49.9	0	0	3
5925	1313	0	2.31445312	391.850075	417.840396	391.807013	441.425461	26.1296993	12.9619976	0	49.6	0	0	3
5930	1314	0	2.31640625	392.089386	417.647677	391.807013	441.380016	26.292935	12.9619976	0	49.2	0	0	3
5935	1315	0	2.31835938	391.941375	417.454558	391.807013	441.306394	26.4571828	12.9619976	0	48.9	0	0	3
5940	1316	0	2.3203125	391.755289	417.260999	391.755289	441.236719	26.6216324	12.9619976	0	48.6	0	0	3
5945	1317	0	2.32226562	391.948906	417.068468	391.755289	441.214126	26.7869801	12.9619976	0	48.3	0	0	3
5950	1318	0	2.32421875	391.674629	416.874973	391.674629	441.214126	26.955547	12.9619976	0	48	0	0	3
5955	1319	0	2.32617188	391.917521	416.682408	391.674629	441.18732	27.1211416	12.9619976	0	47.7	0	0	3
5960	1320	0	2.328125	391.758767	416.489328	391.674629	441.122835	27.2864814	12.9619976	0	47.5	0	0	3
5965	1321	0	2.33007812	391.487772	416.295441	391.487772	441.061008	27.4552494	12.9619976	0	47.2	0	0	3
5970	1322	0	2.33203125	391.705116	416.102647	391.487772	441.061008	27.6250315	12.9619976	0	46.9	0	0	3
5975	1323	0	2.33398438	391.522922	415.909178	391.487772	441.061008	27.7945571	12.9619976	0	46.6	0	0	3
5980	1324	0	2.3359375	391.753471	415.716571	391.487772	441.033391	27.9630461	12.9619976	0	46.3	0	0	3
5985	1325	0	2.33789062	391.407447	415.522719	391.407447	440.976527	28.1351627	12.9619976	0	46	0	0	3
5990	1326	0	2.33984375	391.585906	415.329787	391.407447	440.927367	28.3067188	12.9619976	0	45.7	0	0	3
5995	1327	0	2.34179688	391.472129	415.136603	391.407447	440.911851	28.4766035	12.9619976	0	45.5	0	0	3
6000	1329	0	2.34375	391.372537	414.94309	391.372537	440.890285	28.6500243	12.9619976	0	45.2	0	0	3
6005	1331	0	2.34570312	391.587619	414.750501	391.372537	440.844422	28.8236448	12.9619976	0	44.9	0	0	3
6010	1332	0	2.34765625	391.328892	414.557081	391.328892	440.793429	28.997292	12.9619976	0	44.7	0	0	3
6015	1333	0	2.34960938	391.176722	414.363266	391.176722	440.747053	29.1724986	12.9619976	0	44.4	0	0	3
6020	1334	0	2.3515625	391.517571	414.170963	391.176722	440.695785	29.3472696	12.9619976	0	44.1	0	0	3
6025	1335	0	2.35351562	391.151085	413.977429	391.151085	440.629633	29.523909	12.9619976	0	43.9	0	0	3
6030	1336	0	2.35546875	390.895622	413.783156	390.895622	440.559258	29.7012569	12.9619976	0	43.6	0	0	3
6035	1337	0	2.35742188	391.071921	413.589846	390.895622	440.527894	29.8791269	12.9619976	0	43.3	0	0	3
6040	1338	0	2.359375	391.324918	413.397647	390.895622	440.495207	30.056582	12.9619976	0	43.1	0	0	3
6045	1339	0	2.36132812	390.921919	413.204001	390.895622	440.420658	30.2369518	12.9619976	0	42.8	0	0	3
6050	1340	0	2.36328125	390.957074	413.010784	390.895622	440.323364	30.4168426	12.9619976	0	42.6	0	0	3
6055	1341	0	2.36523438	390.870676	412.817609	390.870676	440.258078	30.5982386	12.9619976	0	42.3	0	0	3
6060	1342	0	2.3671875	390.83709	412.624559	390.83709	440.248872	30.778428	12.9619976	0	42.1	0	0	3
6065	1344	0	2.36914062	390.680909	412.430934	390.680909	440.213542	30.9627045	12.9619976	0	41.8	0	0	3
6070	1345	0	2.37109375	390.787843	412.237865	390.680909	440.120036	31.1441447	12.9619976	0	41.6	0	0	3
6075	1346	0	2.37304688	390.755196	412.045033	390.680909	440.006878	31.3270616	12.9619976	0	41.3	0	0	3
6080	1347	0	2.375	390.359981	411.8511	390.359981	439.950968	31.5131656	12.9619976	0	41.1	0	0	3
6085	1348	0	2.37695312	390.427342	411.657656	390.359981	439.950968	31.697356	12.9619976	0	40.8	0	0	3
6090	1349	0	2.37890625	390.298416	411.463701	390.298416	439.910471	31.8794197	12.9619976	0	40.6	0	0	3
6095	1350	0	2.38085938	390.260888	411.269757	390.260888	439.812846	32.0645209	12.9619976	0	40.4	0	0	3
6100	1351	0	2.3828125	390.358974	411.076578	390.260888	439.692086	32.2511406	12.9619976	0	40.1	0	0	3
6105	1354	0	2.38476562	389.897976	410.88207	389.897976	439.650236	32.4359524	12.9619976	0	39.9	0	0	3
6110	1355	0	2.38671875	390.345983	410.689519	389.897976	439.650236	32.6172314	12.9619976	0	39.7	0	0	3
6115	1356	0	2.38867188	390.133282	410.496094	389.897976	439.601726	32.8026633	12.9619976	0	39.5	0	0	3
6120	1357	0	2.390625	390.257647	410.303343	389.897976	439.490157	32.9866726	12.9619976	0	39.2	0	0	3
6125	1358	0	2.39257812	389.74302	410.109019	389.74302	439.366055	33.1697035	12.9619976	0	39	0	0	3
6130	1359	0	2.39453125	389.473307	409.914125	389.473307	439.327356	33.3547085	12.9619976	0	38.8	0	0	3
6135	1360	0	2.39648438	389.76088	409.72051	389.473307	439.327356	33.5372912	12.9619976	0	38.6	0	0	3
6140	1361	0	2.3984375	389.712361	409.526701	389.473307	439.220065	33.7200974	12.9619976	0	38.4	0	0	3
6145	1362	0	2.40039062	389.994011	409.334412	389.473307	439.076188	33.9013864	12.9619976	0	38.2	0	0	3
6150	1363	0	2.40234375	389.64032	409.141303	389.473307	438.887129	34.0800698	12.9619976	0	38	0	0	3
6155	1364	0	2.40429688	389.654092	408.948986	389.473307	438.829895	34.2574125	12.9619976	0	37.8	0	0	3
6160	1366	0	2.40625	389.529697	408.756408	389.473307	438.788419	34.4349394	12.9619976	0	37.6	0	0	3
6165	1367	0	2.40820312	389.571332	408.564153	389.473307	438.57474	34.6122639	12.9619976	0	37.4	0	0	3
6170	1368	0	2.41015625	389.229695	408.371399	389.229695	438.304902	34.788596	12.9619976	0	37.2	0	0	3
6175	1369	0	2.41210938	389.142097	408.179357	389.142097	438.121276	34.9635536	12.9619976	0	37	0	0	3
6180	1370	0	2.4140625	389.449809	407.989234	389.142097	438.022071	35.1372509	12.9619976	0	36.8	0	0	3
6185	1371	0	2.41601562	389.681396	407.800403	389.142097	437.794121	35.3082527	12.9619976	0	36.7	0	0	3
6190	1372	0	2.41796875	389.097038	407.61018	389.097038	437.59829	35.4796839	12.9619976	0	36.5	0	0	3
6195	1373	0	2.41992188	389.273545	407.421412	389.097038	437.414305	35.6490469	12.9619976	0	36.3	0	0	3
6200	1374	0	2.421875	389.396996	407.233844	389.097038	437.229638	35.8169652	12.9619976	0	36.1	0	0	3
6205	1376	0	2.42382812	389.025655	407.045547	389.025655	437.152577	35.9857208	12.9619976	0	36	0	0	3
6210	1377	0	2.42578125	389.154136	406.858054	389.025655	436.991685	36.1522345	12.9619976	0	35.8	0	0	3
6215	1378	0	2.42773438	389.16259	406.671221	389.025655	436.802401	36.317955	12.9619976	0	35.6	0	0	3
6220	1379	0	2.4296875	388.902539	406.484112	388.902539	436.493677	36.4809111	12.9619976	0	35.5	0	0	3
6225	1380	0	2.43164062	388.782873	406.297742	388.782873	436.368364	36.6424051	12.9619976	0	35.3	0	0	3
6230	1381	0	2.43359375	388.927583	406.112426	388.782873	435.933292	36.800771	12.9619976	0	35.2	0	0	3
6235	1382	0	2.43554688	388.767102	405.928183	388.767102	435.475464	36.9558157	12.9619976	0	35	0	0	3
6240	1384	0	2.4375	388.665998	405.745334	388.665998	434.966614	37.1075784	12.9619976	0	34.9	0	0	3
6245	1385	0	2.43945312	388.762122	405.564848	388.665998	434.746483	37.2560625	12.9619976	0	34.7	0	0	3
6250	1386	0	2.44140625	388.635109	405.384725	388.635109	434.609732	37.4034692	12.9619976	0	34.6	0	0	3
6255	1387	0	2.44335938	388.578765	405.204917	388.578765	434.430043	37.5487735	12.9619976	0	34.5	0	0	3
6260	1388	0	2.4453125	388.487413	405.025453	388.487413	434.234358	37.692317	12.9619976	0	34.3	0	0	3
6265	1389	0	2.44726562	388.392771	404.846385	388.392771	434.01116	37.8338409	12.9619976	0	34.2	0	0	3
6270	1390	0	2.44921875	388.169593	404.667316	388.169593	433.767346	37.9741888	12.9619976	0	34.1	0	0	3
6275	1391	0	2.45117188	388.316413	404.489773	388.169593	433.589886	38.111386	12.9619976	0	34	0	0	3
6280	1392	0	2.453125	388.073345	404.311974	388.073345	433.419663	38.2476645	12.9619976	0	33.8	0	0	3
6285	1393	0	2.45507812	388.064064	404.134804	388.064064	433.190186	38.3819909	12.9619976	0	33.7	0	0	3
6290	1394	0	2.45703125	387.988875	403.958236	387.988875	432.866508	38.5135831	12.9619976	0	33.6	0	0	3
6295	1395	0	2.45898438	388.312781	403.784198	387.988875	432.681159	38.6418328	12.9619976	0	33.5	0	0	3
6300	1397	0	2.4609375	387.828651	403.608993	387.828651	432.539785	38.7698277	12.9619976	0	33.4	0	0	3
6305	1399	0	2.46289062	387.652909	403.433654	387.652909	432.25505	38.8969194	12.9619976	0	33.3	0	0	3
6310	1400	0	2.46484375	387.723374	403.259702	387.652909	431.980098	39.0212124	12.9619976	0	33.2	0	0	3
6315	1401	0	2.46679688	387.672248	403.086624	387.652909	431.726943	39.1436058	12.9619976	0	33.1	0	0	3
6320	1402	0	2.46875	387.555253	402.914079	387.555253	431.563325	39.2649546	12.9619976	0	33	0	0	3
6325	1403	0	2.47070312	387.576204	402.742254	387.555253	431.413199	39.3845121	12.9619976	0	32.9	0	0	3
6330	1404	0	2.47265625	387.648455	402.571298	387.555253	431.197715	39.502383	12.9619976	0	32.8	0	0	3
6335	1405	0	2.47460938	387.741946	402.401549	387.555253	430.905193	39.6181926	12.9619976	0	32.7	0	0	3
6340	1406	0	2.4765625	386.92794	402.229763	386.92794	430.657795	39.735053	12.9619976	0	32.6	0	0	3
6345	1407	0	2.47851562	387.417545	402.060856	386.92794	430.498524	39.8480174	12.9619976	0	32.5	0	0	3
6350	1408	0	2.48046875	387.244685	401.891895	386.92794	430.340657	39.9605936	12.9619976	0	32.4	0	0	3
6355	1409	0	2.48242188	387.223508	401.723469	386.92794	430.120163	40.0721278	12.9619976	0	32.3	0	0	3
6360	1411	0	2.484375	386.80876	401.554284	386.80876	429.880744	40.1839096	12.9619976	0	32.2	0	0	3
6365	1412	0	2.48632812	387.14435	401.387345	386.80876	429.676582	40.2916268	12.9619976	0	32.1	0	0	3
6370	1413	0	2.48828125	387.095382	401.221012	386.80876	429.568893	40.3989341	12.9619976	0	32	0	0	3
6375	1414	0	2.49023438	386.728136	401.053665	386.728136	429.209529	40.5054963	12.9619976	0	32	0	0	3
6380	1415	0	2.4921875	386.72238	400.8877	386.72238	428.925147	40.6090284	12.9619976	0	31.9	0	0	3
6385	1416	0	2.49414062	386.789966	400.723109	386.72238	428.748934	40.7095878	12.9619976	0	31.8	0	0	3
6390	1417	0	2.49609375	386.684055	400.558793	386.684055	428.622995	40.8094232	12.9619976	0	31.7	0	0	3
6395	1418	0	2.49804688	386.608229	400.394673	386.608229	428.323485	40.9076369	12.9619976	0	31.6	0	0	3
6400	1419	0	2.5	386.486085	400.231246	386.486085	428.014875	41.0047298	12.9619976	0	31.6	0	0	3
6405	1421	0	2.50195312	386.303896	400.068312	386.303896	427.810274	41.1010858	12.9619976	0	31.5	0	0	3
6410	1422	0	2.50390625	386.54722	399.907128	386.303896	427.654219	41.1956675	12.9619976	0	31.4	0	0	3
6415	1423	0	2.50585938	386.67495	399.747053	386.303896	427.356772	41.0528764	12.9619976	0	31.5	0	0	3
6420	1425	0	2.5078125	385.958764	399.585342	385.958764	426.973206	41.0144423	12.9619976	0	31.6	0	0	3
6425	1426	0	2.50976562	385.835037	399.424886	385.835037	426.973206	41.1381688	12.9619976	0	31.5	0	0	3
6430	1427	0	2.51171875	385.844834	399.264228	385.835037	426.533801	40.6987639	12.9619976	0	31.8	0	0	3
6435	1428	0	2.51367188	386.544348	399.108019	385.835037	426.283379	40.4483415	12.9619976	0	32	0	0	3
6440	1429	0	2.515625	386.039486	398.950817	385.835037	426.273787	40.43875	12.9619976	0	32	0	0	3
6445	1430	0	2.51757812	385.535536	398.791683	385.535536	426.057037	40.5215014	12.9619976	0	31.9	0	0	3
6450	1431	0	2.51953125	385.31317	398.632527	385.31317	425.571566	40.2583955	12.9619976	0	32.1	0	0	3
6455	1432	0	2.52148438	385.678282	398.476694	385.31317	425.388124	40.0749534	12.9619976	0	32.3	0	0	3
6460	1433	0	2.5234375	384.983564	398.318864	384.983564	424.956922	39.9733584	12.9619976	0	32.4	0	0	3
6465	1434	0	2.52539062	384.897057	398.16238	384.897057	424.942961	40.0459037	12.9619976	0	32.3	0	0	3
6470	1435	0	2.52734375	385.244521	398.007308	384.897057	424.61254	39.7154834	12.9619976	0	32.6	0	0	3
6475	1437	0	2.52929688	384.599013	397.851005	384.599013	424.081635	39.4826218	12.9619976	0	32.8	0	0	3
6480	1438	0	2.53125	384.773706	397.697458	384.599013	423.73152	39.1325069	12.9619976	0	33.1	0	0	3
6485	1439	0	2.53320312	384.235509	397.543177	384.235509	423.410354	39.1748455	12.9619976	0	33	0	0	3
6490	1440	0	2.53515625	384.367117	397.390664	384.235509	423.1476	38.9120915	12.9619976	0	33.3	0	0	3
6495	1441	0	2.53710938	384.306413	397.238941	384.235509	422.507347	38.2718386	12.9619976	0	33.8	0	0	3
6500	1442	0	2.5390625	383.947471	397.088317	383.947471	422.261886	38.3144153	12.9619976	0	33.8	0	0	3
6505	1444	0	2.54101562	384.332344	396.940154	383.947471	421.756075	37.8086045	12.9619976	0	34.2	0	0	3
6510	1445	0	2.54296875	384.158682	396.793289	383.947471	421.733054	37.7855837	12.9619976	0	34.3	0	0	3
6515	1446	0	2.54492188	384.024374	396.64599	383.947471	421.081832	37.1343615	12.9619976	0	34.9	0	0	3
6520	1448	0	2.546875	383.45212	396.498999	383.45212	420.752256	37.3001362	12.9619976	0	34.7	0	0	3
6525	1449	0	2.54882812	383.614314	396.353929	383.45212	420.231565	36.7794451	12.9619976	0	35.2	0	0	3
6530	1450	0	2.55078125	383.199354	396.209272	383.199354	420.01146	36.8121061	12.9619976	0	35.2	0	0	3
6535	1451	0	2.55273438	382.739861	396.06368	382.739861	419.950551	37.2106897	12.9619976	0	34.8	0	0	3
6540	1452	0	2.5546875	383.446745	395.921087	382.739861	419.539356	36.7994946	12.9619976	0	35.2	0	0	3
6545	1453	0	2.55664062	382.804348	395.77759	382.739861	418.925771	36.1859101	12.9619976	0	35.8	0	0	3
6550	1454	0	2.55859375	382.643924	395.636023	382.643924	418.925771	36.2818469	12.9619976	0	35.7	0	0	3
6555	1455	0	2.56054688	382.824794	395.495004	382.643924	418.305203	35.6612787	12.9619976	0	36.3	0	0	3
6560	1456	0	2.5625	382.069578	395.353459	382.069578	417.609283	35.5397058	12.9619976	0	36.4	0	0	3
6565	1457	0	2.56445312	382.252214	395.215345	382.069578	417.384261	35.3146836	12.9619976	0	36.7	0	0	3
6570	1458	0	2.56640625	382.153088	395.077723	382.069578	417.213038	35.14346	12.9619976	0	36.8	0	0	3
6575	1459	0	2.56835938	381.725316	394.939099	381.725316	416.869711	35.1443957	12.9619976	0	36.8	0	0	3
6580	1461	0	2.5703125	381.869193	394.802379	381.725316	416.392178	34.6668624	12.9619976	0	37.3	0	0	3
6585	1462	0	2.57226562	381.966691	394.667904	381.725316	416.322373	34.5970574	12.9619976	0	37.4	0	0	3
6590	1463	0	2.57421875	381.997148	394.533821	381.725316	415.870684	34.1453682	12.9619976	0	37.9	0	0	3
6595	1464	0	2.57617188	381.564624	394.399813	381.564624	415.634459	34.069835	12.9619976	0	38	0	0	3
6600	1465	0	2.578125	381.221479	394.265387	381.221479	415.456513	34.2350341	12.9619976	0	37.8	0	0	3
6605	1468	0	2.58007812	380.911256	394.130445	380.911256	415.030898	34.1196422	12.9619976	0	37.9	0	0	3
6610	1469	0	2.58203125	381.009143	393.997547	380.911256	414.957615	34.0463592	12.9619976	0	38	0	0	3
6615	1470	0	2.58398438	380.979497	393.865527	380.911256	414.957615	34.0463592	12.9619976	0	38	0	0	3
6620	1471	0	2.5859375	380.917306	393.732557	380.911256	414.464667	33.5534104	12.9619976	0	38.6	0	0	3
6625	1472	0	2.58789062	381.085039	393.602168	380.911256	413.998867	33.0876111	12.9619976	0	39.1	0	0	3
6630	1473	0	2.58984375	380.670448	393.471979	380.670448	413.740694	33.0702459	12.9619976	0	39.1	0	0	3
6635	1474	0	2.59179688	380.508948	393.342168	380.508948	413.455249	32.9463009	12.9619976	0	39.3	0	0	3
6640	1476	0	2.59375	380.227646	393.212493	380.227646	413.455249	33.2276032	12.9619976	0	39	0	0	3
6645	1477	0	2.59570312	380.859843	393.085167	380.227646	413.060385	32.8327389	12.9619976	0	39.4	0	0	3
6650	1478	0	2.59765625	380.136819	392.95656	380.136819	412.857582	32.7207637	12.9619976	0	39.6	0	0	3
6655	1479	0	2.59960938	380.321298	392.829465	380.136819	412.616649	32.4798303	12.9619976	0	39.9	0	0	3
6660	1480	0	2.6015625	379.817916	392.701345	379.817916	412.248345	32.4304292	12.9619976	0	39.9	0	0	3
6665	1481	0	2.60351562	379.928649	392.575096	379.817916	412.0503	32.2323844	12.9619976	0	40.2	0	0	3
6670	1482	0	2.60546875	379.525895	392.448047	379.525895	411.663312	32.1374169	12.9619976	0	40.3	0	0	3
6675	1483	0	2.60742188	379.385235	392.321961	379.385235	411.647948	32.2627134	12.9619976	0	40.1	0	0	3
6680	1484	0	2.609375	379.832889	392.197684	379.385235	411.175551	31.7903164	12.9619976	0	40.7	0	0	3
6685	1485	0	2.61132812	379.112192	392.072436	379.112192	410.863872	31.7516805	12.9619976	0	40.8	0	0	3
6690	1486	0	2.61328125	379.258714	391.948978	379.112192	410.698296	31.5861045	12.9619976	0	41	0	0	3
6695	1488	0	2.61523438	379.080021	391.82547	379.080021	410.590237	31.5102157	12.9619976	0	41.1	0	0	3
6700	1489	0	2.6171875	378.863175	391.701536	378.863175	410.253019	31.389844	12.9619976	0	41.2	0	0	3
6705	1491	0	2.61914062	378.13275	391.576066	378.13275	409.62923	31.4964798	12.9619976	0	41.1	0	0	3
6710	1492	0	2.62109375	378.627661	391.454966	378.13275	409.454108	31.3213577	12.9619976	0	41.3	0	0	3
6715	1493	0	2.62304688	378.011085	391.332142	378.011085	409.12352	31.1124352	12.9619976	0	41.6	0	0	3
6720	1494	0	2.625	378.176599	391.211255	378.011085	408.901347	30.8902621	12.9619976	0	41.9	0	0	3
6725	1495	0	2.62695312	378.020938	391.090629	378.011085	408.489135	30.4780501	12.9619976	0	42.5	0	0	3
6730	1496	0	2.62890625	378.068594	390.972062	378.011085	408.489135	30.4780501	12.9619976	0	42.5	0	0	3
6735	1497	0	2.63085938	377.378845	390.850537	377.378845	408.038288	30.6594432	12.9619976	0	42.2	0	0	3
6740	1498	0	2.6328125	377.335472	390.730604	377.335472	407.944888	30.6094155	12.9619976	0	42.3	0	0	3
6745	1500	0	2.63476562	377.482	390.611608	377.335472	407.778114	30.4426416	12.9619976	0	42.5	0	0	3
6750	1501	0	2.63671875	377.156754	390.491994	377.156754	407.306768	30.150014	12.9619976	0	42.9	0	0	3
6755	1502	0	2.63867188	377.157732	390.374224	377.156754	406.972256	29.8155021	12.9619976	0	43.4	0	0	3
6760	1503	0	2.640625	377.090228	390.257497	377.090228	406.886427	29.7961995	12.9619976	0	43.5	0	0	3
6765	1504	0	2.64257812	376.563553	390.139049	376.563553	406.765322	30.2017686	12.9619976	0	42.9	0	0	3
6770	1505	0	2.64453125	376.187157	390.019603	376.187157	406.324762	30.1376047	12.9619976	0	43	0	0	3
6775	1506	0	2.64648438	376.335203	389.902456	376.187157	405.805932	29.6187753	12.9619976	0	43.7	0	0	3
6780	1507	0	2.6484375	375.565843	389.785163	375.565843	405.805932	30.2400894	12.9619976	0	42.8	0	0	3
6785	1509	0	2.65039062	375.668072	389.667437	375.565843	405.601403	30.0355599	12.9619976	0	43.1	0	0	3
6790	1510	0	2.65234375	375.340832	389.549231	375.340832	405.074872	29.7340401	12.9619976	0	43.5	0	0	3
6795	1511	0	2.65429688	375.719234	389.434561	375.340832	405.024477	29.6836451	12.9619976	0	43.6	0	0	3
6800	1512	0	2.65625	375.276442	389.318358	375.276442	404.498681	29.222239	12.9619976	0	44.3	0	0	3
6805	1514	0	2.65820312	375.122693	389.203608	375.122693	404.134766	29.0120731	12.9619976	0	44.6	0	0	3
6810	1515	0	2.66015625	375.13108	389.090438	375.122693	404.134766	29.0120731	12.9619976	0	44.6	0	0	3
6815	1516	0	2.66210938	375.36398	388.978052	375.122693	403.586074	28.4633806	12.9619976	0	45.5	0	0	3
6820	1517	0	2.6640625	374.814078	388.865662	374.814078	403.364375	28.5502971	12.9619976	0	45.4	0	0	3
6825	1518	0	2.66601562	374.668905	388.75357	374.668905	403.168411	28.4995062	12.9619976	0	45.4	0	0	3
6830	1520	0	2.66796875	374.432604	388.641321	374.432604	402.894217	28.4616129	12.9619976	0	45.5	0	0	3
6835	1521	0	2.66992188	374.77362	388.531475	374.432604	402.582459	28.1498551	12.9619976	0	46	0	0	3
6840	1522	0	2.671875	374.04835	388.420013	374.04835	402.27694	28.2285906	12.9619976	0	45.9	0	0	3
6845	1523	0	2.67382812	373.706585	388.30841	373.706585	402.078053	28.3714676	12.9619976	0	45.6	0	0	3
6850	1524	0	2.67578125	373.469385	388.196658	373.469385	401.785924	28.3165384	12.9619976	0	45.7	0	0	3
6855	1525	0	2.67773438	373.566717	388.086426	373.469385	401.626874	28.1574889	12.9619976	0	46	0	0	3
6860	1526	0	2.6796875	373.642971	387.977114	373.469385	401.422422	27.9530368	12.9619976	0	46.3	0	0	3
6865	1527	0	2.68164062	373.012251	387.866137	373.012251	401.249916	28.2376652	12.9619976	0	45.9	0	0	3
6870	1528	0	2.68359375	372.950282	387.755592	372.950282	401.006629	28.056347	12.9619976	0	46.1	0	0	3
6875	1529	0	2.68554688	372.720281	387.645098	372.720281	400.774495	28.0542143	12.9619976	0	46.2	0	0	3
6880	1530	0	2.6875	372.806752	387.535936	372.720281	400.774495	28.0542143	12.9619976	0	46.2	0	0	3
6885	1531	0	2.68945312	372.439484	387.425252	372.439484	400.476122	28.0366381	12.9619976	0	46.2	0	0	3
6890	1532	0	2.69140625	372.094136	387.314385	372.094136	400.310888	28.2167522	12.9619976	0	45.9	0	0	3
6895	1534	0	2.69335938	371.874839	387.203307	371.874839	399.928881	28.0540416	12.9619976	0	46.2	0	0	3
6900	1535	0	2.6953125	371.983721	387.094146	371.874839	399.880593	28.005754	12.9619976	0	46.2	0	0	3
6905	1537	0	2.69726562	371.972868	386.985132	371.874839	399.674674	27.7998349	12.9619976	0	46.6	0	0	3
6910	1538	0	2.69921875	371.52402	386.875322	371.52402	399.674674	28.1506539	12.9619976	0	46	0	0	3
6915	1539	0	2.70117188	371.300582	386.764485	371.300582	399.347684	28.0471028	12.9619976	0	46.2	0	0	3
6920	1541	0	2.703125	371.086206	386.654089	371.086206	399.071395	27.9851887	12.9619976	0	46.3	0	0	3
6925	1542	0	2.70507812	371.011381	386.545061	371.011381	399.071395	28.0600143	12.9619976	0	46.1	0	0	3
6930	1543	0	2.70703125	371.433251	386.437099	371.011381	398.820339	27.8089584	12.9619976	0	46.6	0	0	3
6935	1544	0	2.70898438	371.159357	386.329049	371.011381	398.508956	27.4975753	12.9619976	0	47.1	0	0	3
6940	1545	0	2.7109375	370.223941	386.21856	370.223941	398.309172	28.0852311	12.9619976	0	46.1	0	0	3
6945	1546	0	2.71289062	370.848076	386.111291	370.223941	398.014054	27.7901131	12.9619976	0	46.6	0	0	3
6950	1547	0	2.71484375	370.568178	386.00408	370.223941	397.896353	27.6724118	12.9619976	0	46.8	0	0	3
6955	1548	0	2.71679688	370.375293	385.896576	370.223941	397.894195	27.6702539	12.9619976	0	46.8	0	0	3
6960	1550	0	2.71875	369.696466	385.786429	369.696466	397.590797	27.8943315	12.9619976	0	46.4	0	0	3
6965	1551	0	2.72070312	369.829283	385.677985	369.696466	397.338993	27.6425275	12.9619976	0	46.8	0	0	3
6970	1552	0	2.72265625	369.910864	385.570844	369.696466	397.150657	27.4541913	12.9619976	0	47.2	0	0	3
6975	1553	0	2.72460938	369.6244	385.46332	369.6244	397.025119	27.4007192	12.9619976	0	47.3	0	0	3
6980	1554	0	2.7265625	369.407638	385.355439	369.407638	396.842827	27.4351889	12.9619976	0	47.2	0	0	3
6985	1555	0	2.72851562	369.35448	385.248062	369.35448	396.697481	27.3430003	12.9619976	0	47.4	0	0	3
6990	1556	0	2.73046875	368.920609	385.13975	368.920609	396.697481	27.7768717	12.9619976	0	46.6	0	0	3
6995	1557	0	2.73242188	369.411766	385.033165	368.920609	396.610685	27.6900758	12.9619976	0	46.8	0	0	3
7000	1558	0	2.734375	368.499746	384.923357	368.499746	396.221662	27.7219168	12.9619976	0	46.7	0	0	3
7005	1560	0	2.73632812	369.189603	384.817763	368.499746	396.046937	27.5471918	12.9619976	0	47	0	0	3
7010	1561	0	2.73828125	368.347025	384.70956	368.347025	395.983571	27.6365465	12.9619976	0	46.9	0	0	3
7015	1563	0	2.74023438	367.919061	384.599933	367.919061	395.894392	27.9753315	12.9619976	0	46.3	0	0	3
7020	1564	0	2.7421875	367.795525	384.490172	367.795525	395.715572	27.9200473	12.9619976	0	46.4	0	0	3
7025	1565	0	2.74414062	367.582848	384.380278	367.582848	395.654476	28.0716282	12.9619976	0	46.1	0	0	3
7030	1566	0	2.74609375	367.595657	384.270673	367.582848	395.484986	27.9021382	12.9619976	0	46.4	0	0	3
7035	1567	0	2.74804688	367.445921	384.161146	367.445921	395.4107	27.964779	12.9619976	0	46.3	0	0	3
7040	1568	0	2.75	367.352708	384.051666	367.352708	395.4107	28.0579915	12.9619976	0	46.1	0	0	3
7045	1569	0	2.75195312	367.147159	383.941262	367.147159	395.143632	27.9964725	12.9619976	0	46.2	0	0	3
7050	1570	0	2.75390625	367.031433	383.831449	367.031433	394.907285	27.8758519	12.9619976	0	46.4	0	0	3
7055	1571	0	2.75585938	366.444013	383.720264	366.444013	394.784962	28.3409494	12.9619976	0	45.7	0	0	3
7060	1572	0	2.7578125	366.294918	383.609046	366.294918	394.784962	28.4900443	12.9619976	0	45.4	0	0	3
7065	1573	0	2.75976562	366.714624	383.499396	366.294918	394.760578	28.4656605	12.9619976	0	45.5	0	0	3
7070	1574	0	2.76171875	365.714324	383.386725	365.714324	394.760578	29.0462543	12.9619976	0	44.6	0	0	3
7075	1576	0	2.76367188	366.061389	383.275453	365.714324	394.760578	29.0462543	12.9619976	0	44.6	0	0	3
7080	1577	0	2.765625	365.403829	383.160779	365.403829	394.483365	29.079536	12.9619976	0	44.5	0	0	3
7085	1578	0	2.76757812	365.485885	383.047507	365.403829	394.269224	28.8653951	12.9619976	0	44.9	0	0	3
7090	1579	0	2.76953125	366.076959	382.937746	365.403829	394.269224	28.8653951	12.9619976	0	44.9	0	0	3
7095	1580	0	2.77148438	364.879925	382.823536	364.879925	394.269224	29.3892986	12.9619976	0	44.1	0	0	3
7100	1581	0	2.7734375	365.140602	382.709752	364.879925	394.223842	29.3439166	12.9619976	0	44.1	0	0	3
7105	1584	0	2.77539062	365.07842	382.595903	364.879925	394.06475	29.1848246	12.9619976	0	44.4	0	0	3
7110	1585	0	2.77734375	365.186052	382.483095	364.879925	393.878626	28.9987003	12.9619976	0	44.6	0	0	3
7115	1586	0	2.77929688	364.435964	382.368168	364.435964	393.878626	29.4426615	12.9619976	0	44	0	0	3
7120	1587	0	2.78125	364.215282	382.252295	364.215282	393.763067	29.5477857	12.9619976	0	43.8	0	0	3
7125	1588	0	2.78320312	364.1846	382.136754	364.1846	393.642662	29.4580613	12.9619976	0	44	0	0	3
7130	1589	0	2.78515625	363.908629	382.021655	363.908629	393.642662	29.7340331	12.9619976	0	43.5	0	0	3
7135	1590	0	2.78710938	364.282842	381.90753	363.908629	393.642662	29.7340331	12.9619976	0	43.5	0	0	3
7140	1591	0	2.7890625	363.065975	381.78809	363.065975	393.400622	30.3346463	12.9619976	0	42.7	0	0	3
7145	1593	0	2.79101562	363.607785	381.671712	363.065975	393.182899	30.1169237	12.9619976	0	43	0	0	3
7150	1594	0	2.79296875	362.825133	381.553127	362.825133	393.133132	30.3079993	12.9619976	0	42.7	0	0	3
7155	1595	0	2.79492188	362.964645	381.435467	362.825133	393.133132	30.3079993	12.9619976	0	42.7	0	0	3
7160	1596	0	2.796875	362.731947	381.316713	362.731947	392.920078	30.1881307	12.9619976	0	42.9	0	0	3
7165	1597	0	2.79882812	362.748553	381.198855	362.731947	392.90632	30.1743731	12.9619976	0	42.9	0	0	3
7170	1598	0	2.80078125	362.554424	381.080293	362.554424	392.717809	30.1633846	12.9619976	0	42.9	0	0	3
7175	1599	0	2.80273438	362.032074	380.960427	362.032074	392.6279	30.5958255	12.9619976	0	42.3	0	0	3
7180	1600	0	2.8046875	361.493793	380.838999	361.493793	392.6279	31.1341069	12.9619976	0	41.6	0	0	3
7185	1601	0	2.80664062	361.705385	380.718208	361.493793	392.580127	31.0863348	12.9619976	0	41.6	0	0	3
7190	1603	0	2.80859375	361.4945	380.59678	361.493793	392.382843	30.8890507	12.9619976	0	41.9	0	0	3
7195	1604	0	2.81054688	361.755293	380.477141	361.493793	392.089386	30.5955938	12.9619976	0	42.3	0	0	3
7200	1605	0	2.8125	361.322804	380.358062	361.322804	392.089386	30.7665824	12.9619976	0	42.1	0	0	3
7205	1607	0	2.81445312	360.426053	380.235312	360.426053	392.089386	31.6633331	12.9619976	0	40.9	0	0	3
7210	1608	0	2.81640625	360.636518	380.112449	360.426053	391.948906	31.5228526	12.9619976	0	41.1	0	0	3
7215	1609	0	2.81835938	360.358368	379.989078	360.358368	391.948906	31.5905376	12.9619976	0	41	0	0	3
7220	1610	0	2.8203125	360.036772	379.865177	360.036772	391.948906	31.9121335	12.9619976	0	40.6	0	0	3
7225	1611	0	2.82226562	359.953166	379.740194	359.953166	391.917521	31.9643543	12.9619976	0	40.5	0	0	3
7230	1613	0	2.82421875	359.556513	379.614733	359.556513	391.917521	32.3610079	12.9619976	0	40	0	0	3
7235	1614	0	2.82617188	359.752947	379.48909	359.556513	391.758767	32.2022546	12.9619976	0	40.2	0	0	3
7240	1615	0	2.828125	359.735657	379.363999	359.556513	391.753471	32.1969581	12.9619976	0	40.2	0	0	3
7245	1616	0	2.83007812	359.318579	379.238339	359.318579	391.753471	32.4348916	12.9619976	0	39.9	0	0	3
7250	1617	0	2.83203125	359.301833	379.111763	359.301833	391.753471	32.4516375	12.9619976	0	39.9	0	0	3
7255	1618	0	2.83398438	358.629577	378.983274	358.629577	391.753471	33.1238935	12.9619976	0	39.1	0	0	3
7260	1619	0	2.8359375	358.903382	378.854953	358.629577	391.587619	32.9580417	12.9619976	0	39.3	0	0	3
7265	1620	0	2.83789062	358.631873	378.726923	358.629577	391.587619	32.9580417	12.9619976	0	39.3	0	0	3
7270	1622	0	2.83984375	358.199219	378.596507	358.199219	391.587619	33.3883998	12.9619976	0	38.8	0	0	3
7275	1623	0	2.84179688	358.349307	378.467121	358.199219	391.587619	33.3883998	12.9619976	0	38.8	0	0	3
7280	1624	0	2.84375	357.948678	378.336559	357.948678	391.587619	33.6389408	12.9619976	0	38.5	0	0	3
7285	1625	0	2.84570312	357.907973	378.204998	357.907973	391.517571	33.6095983	12.9619976	0	38.5	0	0	3
7290	1626	0	2.84765625	357.742134	378.073799	357.742134	391.517571	33.775437	12.9619976	0	38.3	0	0	3
7295	1627	0	2.84960938	358.184489	377.944923	357.742134	391.517571	33.775437	12.9619976	0	38.3	0	0	3
7300	1629	0	2.8515625	357.556314	377.812262	357.556314	391.324918	33.768604	12.9619976	0	38.3	0	0	3
7305	1631	0	2.85351562	357.338412	377.680181	357.338412	391.324918	33.9865062	12.9619976	0	38.1	0	0	3
7310	1632	0	2.85546875	357.325827	377.549049	357.325827	391.324918	33.9990911	12.9619976	0	38.1	0	0	3
7315	1633	0	2.85742188	356.653969	377.414604	356.653969	391.324918	34.6709487	12.9619976	0	37.3	0	0	3
7320	1634	0	2.859375	356.568821	377.278838	356.568821	390.957074	34.3882532	12.9619976	0	37.6	0	0	3
7325	1636	0	2.86132812	355.498123	377.140464	355.498123	390.957074	35.4589509	12.9619976	0	36.5	0	0	3
7330	1637	0	2.86328125	355.813318	377.003184	355.498123	390.870676	35.3725533	12.9619976	0	36.6	0	0	3
7335	1638	0	2.86523438	355.824355	376.866284	355.498123	390.83709	35.3389668	12.9619976	0	36.6	0	0	3
7340	1639	0	2.8671875	356.683097	376.73287	355.498123	390.787843	35.2897195	12.9619976	0	36.7	0	0	3
7345	1640	0	2.86914062	355.365748	376.59492	355.365748	390.787843	35.4220943	12.9619976	0	36.5	0	0	3
7350	1641	0	2.87109375	355.214207	376.455961	355.214207	390.755196	35.5409896	12.9619976	0	36.4	0	0	3
7355	1643	0	2.87304688	355.17525	376.316977	355.17525	390.427342	35.252092	12.9619976	0	36.7	0	0	3
7360	1644	0	2.875	354.924917	376.178558	354.924917	390.427342	35.479098	12.9619976	0	36.5	0	0	3
7365	1645	0	2.87695312	355.096723	376.040548	354.924917	390.358974	35.4231529	12.9619976	0	36.5	0	0	3
7370	1646	0	2.87890625	355.044569	375.902838	354.924917	390.358974	35.3669196	12.9619976	0	36.6	0	0	3
7375	1647	0	2.88085938	354.213293	375.762027	354.213293	390.358974	35.3145513	12.9619976	0	36.7	0	0	3
7380	1648	0	2.8828125	354.472614	375.621846	354.213293	390.345983	35.2602241	12.9619976	0	36.7	0	0	3
7385	1650	0	2.88476562	354.206003	375.482424	354.206003	390.345983	35.2070955	12.9619976	0	36.8	0	0	3
7390	1651	0	2.88671875	354.111617	375.340883	354.111617	390.257647	35.1552103	12.9619976	0	36.8	0	0	3
7395	1652	0	2.88867188	353.560197	375.19802	353.560197	390.257647	35.1053236	12.9619976	0	36.9	0	0	3
7400	1653	0	2.890625	353.780501	375.055531	353.560197	389.994011	35.0534877	12.9619976	0	36.9	0	0	3
7405	1655	0	2.89257812	353.798814	374.915124	353.560197	389.994011	34.9990012	12.9619976	0	37	0	0	3
7410	1656	0	2.89453125	353.472619	374.774496	353.472619	389.994011	34.9460135	12.9619976	0	37	0	0	3
7415	1658	0	2.89648438	353.029967	374.631016	353.029967	389.994011	34.8956851	12.9619976	0	37.1	0	0	3
7420	1659	0	2.8984375	352.822846	374.486916	352.822846	389.994011	34.8474955	12.9619976	0	37.1	0	0	3
7425	1660	0	2.90039062	353.332093	374.343706	352.822846	389.681396	34.7975972	12.9619976	0	37.2	0	0	3
7430	1661	0	2.90234375	353.013516	374.200632	352.822846	389.681396	34.7483541	12.9619976	0	37.3	0	0	3
7435	1662	0	2.90429688	351.995354	374.053528	351.995354	389.681396	34.7028797	12.9619976	0	37.3	0	0	3
7440	1663	0	2.90625	352.15003	373.907514	351.995354	389.681396	34.6566397	12.9619976	0	37.4	0	0	3
7445	1665	0	2.90820312	352.045159	373.760927	351.995354	389.681396	34.6104723	12.9619976	0	37.4	0	0	3
7450	1666	0	2.91015625	351.787236	373.614667	351.787236	389.681396	34.5646897	12.9619976	0	37.5	0	0	3
7455	1667	0	2.91210938	351.550714	373.467826	351.550714	389.681396	34.5214081	12.9619976	0	37.5	0	0	3
7460	1668	0	2.9140625	351.904313	373.321164	351.550714	389.681396	34.4792394	12.9619976	0	37.5	0	0	3
7465	1669	0	2.91601562	351.351499	373.171438	351.351499	389.396996	34.4387426	12.9619976	0	37.6	0	0	3
7470	1670	0	2.91796875	350.487016	373.020617	350.487016	389.396996	34.4007945	12.9619976	0	37.6	0	0	3
7475	1671	0	2.91992188	350.262889	372.868232	350.262889	389.396996	34.3656122	12.9619976	0	37.7	0	0	3
7480	1673	0	2.921875	350.901252	372.717858	350.262889	389.16259	34.3276894	12.9619976	0	37.7	0	0	3
7485	1674	0	2.92382812	350.3991	372.566973	350.262889	389.16259	34.2910805	12.9619976	0	37.7	0	0	3
7490	1675	0	2.92578125	350.989186	372.417891	350.262889	389.16259	34.2533299	12.9619976	0	37.8	0	0	3
7495	1676	0	2.92773438	349.717744	372.26381	349.717744	388.927583	34.2203025	12.9619976	0	37.8	0	0	3
7500	1677	0	2.9296875	350.025728	372.111947	349.717744	388.927583	34.1857947	12.9619976	0	37.9	0	0	3
7505	1679	0	2.93164062	349.546115	371.958679	349.546115	388.927583	34.1537478	12.9619976	0	37.9	0	0	3
7510	1681	0	2.93359375	349.973058	371.806513	349.546115	388.767102	34.1216709	12.9619976	0	37.9	0	0	3
7515	1682	0	2.93554688	349.884372	371.654627	349.546115	388.762122	34.0907071	12.9619976	0	38	0	0	3
7520	1683	0	2.9375	349.734738	371.502552	349.546115	388.762122	34.0622961	12.9619976	0	38	0	0	3
7525	1684	0	2.93945312	349.0056	371.347253	349.0056	388.635109	34.0374724	12.9619976	0	38	0	0	3
7530	1685	0	2.94140625	349.359287	371.193832	349.0056	388.578765	34.0110851	12.9619976	0	38.1	0	0	3
7535	1686	0	2.94335938	348.497426	371.037264	348.497426	388.487413	33.9881895	12.9619976	0	38.1	0	0	3
7540	1687	0	2.9453125	349.12412	370.883501	348.497426	388.392771	33.9628836	12.9619976	0	38.1	0	0	3
7545	1688	0	2.94726562	348.736451	370.728593	348.497426	388.316413	33.9387225	12.9619976	0	38.1	0	0	3
7550	1690	0	2.94921875	348.661696	370.574266	348.497426	388.316413	33.9155075	12.9619976	0	38.2	0	0	3
7555	1691	0	2.95117188	348.222939	370.417651	348.222939	388.312781	33.8943237	12.9619976	0	38.2	0	0	3
7560	1692	0	2.953125	348.834114	370.264372	348.222939	388.312781	33.8704316	12.9619976	0	38.2	0	0	3
7565	1693	0	2.95507812	348.712634	370.110656	348.222939	388.312781	33.8475805	12.9619976	0	38.2	0	0	3
7570	1694	0	2.95703125	348.150329	369.955037	348.150329	388.312781	33.8291618	12.9619976	0	38.3	0	0	3
7575	1695	0	2.95898438	347.468895	369.79549	347.468895	387.828651	33.8135032	12.9619976	0	38.3	0	0	3
7580	1697	0	2.9609375	348.229663	369.640807	347.468895	387.741946	33.7928474	12.9619976	0	38.3	0	0	3
7585	1698	0	2.96289062	348.176352	369.486601	347.468895	387.741946	33.7731008	12.9619976	0	38.3	0	0	3
7590	1699	0	2.96484375	346.943109	369.327303	346.943109	387.741946	33.7593212	12.9619976	0	38.3	0	0	3
7595	1700	0	2.96679688	347.746221	369.171342	346.943109	387.741946	33.7427366	12.9619976	0	38.4	0	0	3
7600	1701	0	2.96875	347.159433	369.013546	346.943109	387.741946	33.728708	12.9619976	0	38.4	0	0	3
7605	1703	0	2.97070312	347.255469	368.856043	346.943109	387.741946	33.7152549	12.9619976	0	38.4	0	0	3
7610	1705	0	2.97265625	347.301259	368.698437	346.943109	387.741946	33.703112	12.9619976	0	38.4	0	0	3
7615	1706	0	2.97460938	345.988639	368.535338	345.988639	387.417545	33.6944247	12.9619976	0	38.4	0	0	3
7620	1707	0	2.9765625	346.784569	368.378528	345.988639	387.417545	33.6823275	12.9619976	0	38.4	0	0	3
7625	1708	0	2.97851562	346.190713	368.217486	345.988639	387.244685	33.6744095	12.9619976	0	38.4	0	0	3
7630	1709	0	2.98046875	345.880083	368.055905	345.880083	387.223508	33.6675637	12.9619976	0	38.4	0	0	3
7635	1710	0	2.98242188	346.036496	367.895019	345.880083	387.14435	33.6592653	12.9619976	0	38.5	0	0	3
7640	1711	0	2.984375	346.096996	367.735988	345.880083	387.14435	33.6513565	12.9619976	0	38.5	0	0	3
7645	1712	0	2.98632812	346.027999	367.575377	345.880083	387.095382	33.6456345	12.9619976	0	38.5	0	0	3
7650	1714	0	2.98828125	345.692108	367.413646	345.692108	386.789966	33.6400193	12.9619976	0	38.5	0	0	3
7655	1715	0	2.99023438	345.404128	367.252224	345.404128	386.789966	33.6354758	12.9619976	0	38.5	0	0	3
7660	1716	0	2.9921875	345.648141	367.091778	345.404128	386.789966	33.6313315	12.9619976	0	38.5	0	0	3
7665	1717	0	2.99414062	345.091019	366.928891	345.091019	386.684055	33.6299021	12.9619976	0	38.5	0	0	3
7670	1718	0	2.99609375	345.272178	366.767126	345.091019	386.67495	33.627547	12.9619976	0	38.5	0	0	3
7675	1719	0	2.99804688	345.645667	366.607116	345.091019	386.67495	33.6241297	12.9619976	0	38.5	0	0	3
7680	1721	0	3	344.953902	366.444881	344.953902	386.67495	33.6234313	12.9619976	0	38.5	0	0	3
7685	1722	0	3.00195312	344.763374	366.282613	344.763374	386.67495	33.6245151	12.9619976	0	38.5	0	0	3
7690	1723	0	3.00390625	345.131886	366.120835	344.763374	386.67495	33.6262185	12.9619976	0	38.5	0	0	3
7695	1724	0	3.00585938	344.976261	365.957949	344.763374	386.544348	33.627393	12.9619976	0	38.5	0	0	3
7700	1725	0	3.0078125	344.174196	365.794728	344.174196	386.544348	33.6301577	12.9619976	0	38.5	0	0	3
7705	1728	0	3.00976562	344.247986	365.632279	344.174196	386.544348	33.6319494	12.9619976	0	38.5	0	0	3
7710	1729	0	3.01171875	344.557442	365.471	344.174196	386.544348	33.6370195	12.9619976	0	38.5	0	0	3
7715	1730	0	3.01367188	344.492457	365.306735	344.174196	386.039486	33.644082	12.9619976	0	38.5	0	0	3
7720	1732	0	3.015625	344.161188	365.143148	344.161188	385.678282	33.6485353	12.9619976	0	38.5	0	0	3
7725	1733	0	3.01757812	343.967131	364.980771	343.967131	385.678282	33.6517561	12.9619976	0	38.5	0	0	3
7730	1734	0	3.01953125	344.200306	364.820174	343.967131	385.678282	33.6565201	12.9619976	0	38.5	0	0	3
7735	1735	0	3.02148438	343.719246	364.656271	343.719246	385.244521	33.6625923	12.9619976	0	38.5	0	0	3
7740	1736	0	3.0234375	343.879096	364.495707	343.719246	385.244521	33.6666728	12.9619976	0	38.5	0	0	3
7745	1738	0	3.02539062	343.558094	364.334227	343.558094	385.244521	33.6730811	12.9619976	0	38.4	0	0	3
7750	1739	0	3.02734375	343.718161	364.172014	343.558094	384.773706	33.6789906	12.9619976	0	38.4	0	0	3
7755	1740	0	3.02929688	343.409556	364.011118	343.409556	384.773706	33.6863403	12.9619976	0	38.4	0	0	3
7760	1741	0	3.03125	342.981366	363.847867	342.981366	384.367117	33.6953103	12.9619976	0	38.4	0	0	3
7765	1742	0	3.03320312	342.96216	363.686643	342.96216	384.367117	33.7040217	12.9619976	0	38.4	0	0	3
7770	1743	0	3.03515625	343.743401	363.527956	342.96216	384.332344	33.7109847	12.9619976	0	38.4	0	0	3
7775	1744	0	3.03710938	342.608967	363.365076	342.608967	384.332344	33.7232408	12.9619976	0	38.4	0	0	3
7780	1746	0	3.0390625	342.36198	363.202632	342.36198	384.332344	33.7375219	12.9619976	0	38.4	0	0	3
7785	1747	0	3.04101562	344.114249	363.04553	342.36198	384.158682	33.747759	12.9619976	0	38.4	0	0	3
7790	1748	0	3.04296875	342.212537	362.881678	342.212537	384.024374	33.7643116	12.9619976	0	38.3	0	0	3
7795	1749	0	3.04492188	342.222591	362.71839	342.212537	383.614314	33.7806087	12.9619976	0	38.3	0	0	3
7800	1750	0	3.046875	342.5121	362.558468	342.212537	383.614314	33.7954606	12.9619976	0	38.3	0	0	3
7805	1753	0	3.04882812	342.429608	362.39759	342.212537	383.446745	33.8116813	12.9619976	0	38.3	0	0	3
7810	1754	0	3.05078125	342.321208	362.23791	342.212537	383.446745	33.8257694	12.9619976	0	38.3	0	0	3
7815	1755	0	3.05273438	342.662467	362.081358	342.212537	383.446745	33.8397287	12.9619976	0	38.3	0	0	3
7820	1756	0	3.0546875	340.946288	361.91534	340.946288	382.824794	33.86225	12.9619976	0	38.2	0	0	3
7825	1757	0	3.05664062	341.756891	361.754999	340.946288	382.824794	33.8810246	12.9619976	0	38.2	0	0	3
7830	1759	0	3.05859375	342.109855	361.596663	340.946288	382.824794	33.8983413	12.9619976	0	38.2	0	0	3
7835	1760	0	3.06054688	341.752951	361.436226	340.946288	382.252214	33.9172328	12.9619976	0	38.2	0	0	3
7840	1761	0	3.0625	341.35164	361.277171	340.946288	382.252214	33.9381737	12.9619976	0	38.1	0	0	3
7845	1762	0	3.06445312	340.9116	361.115685	340.9116	382.153088	33.9620387	12.9619976	0	38.1	0	0	3
7850	1763	0	3.06640625	341.287852	360.956055	340.9116	381.997148	33.9830446	12.9619976	0	38.1	0	0	3
7855	1765	0	3.06835938	340.431395	360.79475	340.431395	381.997148	34.0076282	12.9619976	0	38.1	0	0	3
7860	1766	0	3.0703125	341.276891	360.636187	340.431395	381.997148	34.0317173	12.9619976	0	38	0	0	3
7865	1767	0	3.07226562	339.958267	360.472091	339.958267	381.997148	34.0617298	12.9619976	0	38	0	0	3
7870	1768	0	3.07421875	341.04293	360.312114	339.958267	381.564624	34.0876992	12.9619976	0	38	0	0	3
7875	1769	0	3.07617188	341.182217	360.15437	339.958267	381.221479	34.1110173	12.9619976	0	37.9	0	0	3
7880	1770	0	3.078125	339.82994	359.992684	339.82994	381.085039	34.1377606	12.9619976	0	37.9	0	0	3
7885	1772	0	3.08007812	340.782037	359.83593	339.82994	381.085039	34.1616178	12.9619976	0	37.9	0	0	3
7890	1773	0	3.08203125	340.993725	359.679619	339.82994	381.085039	34.185908	12.9619976	0	37.9	0	0	3
7895	1774	0	3.08398438	340.434824	359.521242	339.82994	381.085039	34.2113157	12.9619976	0	37.8	0	0	3
7900	1775	0	3.0859375	340.855986	359.364752	339.82994	381.085039	34.237416	12.9619976	0	37.8	0	0	3
7905	1778	0	3.08789062	340.348899	359.205627	339.82994	380.859843	34.2663524	12.9619976	0	37.8	0	0	3
7910	1779	0	3.08984375	340.039002	359.04691	339.82994	380.859843	34.2952575	12.9619976	0	37.7	0	0	3
7915	1780	0	3.09179688	341.100936	358.892972	339.82994	380.859843	34.3195206	12.9619976	0	37.7	0	0	3
7920	1781	0	3.09375	339.54377	358.734051	339.54377	380.859843	34.3511161	12.9619976	0	37.7	0	0	3
7925	1782	0	3.09570312	339.844267	358.573834	339.54377	380.321298	34.3827256	12.9619976	0	37.6	0	0	3
7930	1783	0	3.09765625	339.784743	358.416209	339.54377	380.321298	34.413256	12.9619976	0	37.6	0	0	3
7935	1784	0	3.09960938	339.605756	358.257164	339.54377	379.928649	34.444181	12.9619976	0	37.6	0	0	3
7940	1786	0	3.1015625	339.472544	358.099565	339.472544	379.928649	34.4755313	12.9619976	0	37.5	0	0	3
7945	1787	0	3.10351562	340.006631	357.943619	339.472544	379.832889	34.5044282	12.9619976	0	37.5	0	0	3
7950	1788	0	3.10546875	338.9898	357.785275	338.9898	379.832889	34.5366861	12.9619976	0	37.5	0	0	3
7955	1789	0	3.10742188	339.83856	357.630796	338.9898	379.832889	34.5668878	12.9619976	0	37.4	0	0	3
7960	1790	0	3.109375	339.324336	357.472559	338.9898	379.258714	34.5998768	12.9619976	0	37.4	0	0	3
7965	1792	0	3.11132812	338.786784	357.315038	338.786784	379.258714	34.6339403	12.9619976	0	37.4	0	0	3
7970	1793	0	3.11328125	339.310404	357.15899	338.786784	379.080021	34.6664795	12.9619976	0	37.3	0	0	3
7975	1794	0	3.11523438	338.893968	357.002013	338.786784	378.863175	34.6995224	12.9619976	0	37.3	0	0	3
7980	1795	0	3.1171875	339.339746	356.847625	338.786784	378.627661	34.728441	12.9619976	0	37.3	0	0	3
7985	1796	0	3.11914062	337.340903	356.688282	337.340903	378.627661	34.7666843	12.9619976	0	37.2	0	0	3
7990	1798	0	3.12109375	338.622379	356.532011	337.340903	378.176599	34.8001306	12.9619976	0	37.2	0	0	3
7995	1799	0	3.12304688	338.972212	356.379516	337.340903	378.176599	34.8317398	12.9619976	0	37.2	0	0	3
8000	1800	0	3.125	337.769837	356.221677	337.340903	378.068594	34.8689521	12.9619976	0	37.1	0	0	3
8005	1802	0	3.12695312	338.564652	356.06755	337.340903	378.068594	34.9045111	12.9619976	0	37.1	0	0	3
8010	1803	0	3.12890625	337.628702	355.909582	337.340903	377.482	34.9409549	12.9619976	0	37	0	0	3
8015	1805	0	3.13085938	336.452729	355.749715	336.452729	377.482	34.9808896	12.9619976	0	37	0	0	3
8020	1806	0	3.1328125	337.632384	355.594624	336.452729	377.482	35.0169842	12.9619976	0	37	0	0	3
8025	1807	0	3.13476562	336.359309	355.433989	336.359309	377.157732	35.058005	12.9619976	0	36.9	0	0	3
8030	1809	0	3.13671875	337.771517	355.28014	336.359309	377.157732	35.0940839	12.9619976	0	36.9	0	0	3
8035	1810	0	3.13867188	336.588316	355.121666	336.359309	377.090228	35.1358315	12.9619976	0	36.8	0	0	3
8040	1811	0	3.140625	336.29286	354.962301	336.29286	376.563553	35.1767475	12.9619976	0	36.8	0	0	3
8045	1812	0	3.14257812	336.527315	354.80591	336.29286	376.335203	35.2136931	12.9619976	0	36.8	0	0	3
8050	1814	0	3.14453125	336.409225	354.650527	336.29286	376.335203	35.2519289	12.9619976	0	36.7	0	0	3
8055	1815	0	3.14648438	335.928289	354.492688	335.928289	375.719234	35.2924752	12.9619976	0	36.7	0	0	3
8060	1816	0	3.1484375	335.986171	354.33808	335.928289	375.719234	35.3293572	12.9619976	0	36.6	0	0	3
8065	1817	0	3.15039062	335.58632	354.18151	335.58632	375.719234	35.3677212	12.9619976	0	36.6	0	0	3
8070	1818	0	3.15234375	335.333411	354.025231	335.333411	375.719234	35.4093298	12.9619976	0	36.6	0	0	3
8075	1820	0	3.15429688	335.872786	353.869581	335.333411	375.36398	35.4487767	12.9619976	0	36.5	0	0	3
8080	1821	0	3.15625	335.891648	353.715734	335.333411	375.36398	35.4878736	12.9619976	0	36.5	0	0	3
8085	1822	0	3.15820312	335.35958	353.56041	335.333411	375.36398	35.5300287	12.9619976	0	36.4	0	0	3
8090	1823	0	3.16015625	335.135876	353.404178	335.135876	375.36398	35.5738741	12.9619976	0	36.4	0	0	3
8095	1825	0	3.16210938	335.388058	353.248022	335.135876	374.814078	35.6176394	12.9619976	0	36.3	0	0	3
8100	1826	0	3.1640625	334.822176	353.091804	334.822176	374.77362	35.6617661	12.9619976	0	36.3	0	0	3
8105	1828	0	3.16601562	334.057401	352.933165	334.057401	374.77362	35.7081555	12.9619976	0	36.2	0	0	3
8110	1829	0	3.16796875	334.425794	352.776889	334.057401	374.77362	35.7545861	12.9619976	0	36.2	0	0	3
8115	1830	0	3.16992188	334.79872	352.620737	334.057401	374.04835	35.7992766	12.9619976	0	36.2	0	0	3
8120	1832	0	3.171875	334.496285	352.466236	334.057401	373.706585	35.8421739	12.9619976	0	36.1	0	0	3
8125	1833	0	3.17382812	334.916874	352.314714	334.057401	373.642971	35.8819437	12.9619976	0	36.1	0	0	3
8130	1834	0	3.17578125	333.859511	352.159988	333.859511	373.642971	35.9264384	12.9619976	0	36	0	0	3
8135	1836	0	3.17773438	333.918532	352.005112	333.859511	373.642971	35.972002	12.9619976	0	36	0	0	3
8140	1837	0	3.1796875	334.302982	351.85144	333.859511	373.012251	36.0146966	12.9619976	0	35.9	0	0	3
8145	1838	0	3.18164062	334.144833	351.699615	333.859511	372.950282	36.055977	12.9619976	0	35.9	0	0	3
8150	1839	0	3.18359375	334.022157	351.547552	333.859511	372.806752	36.0975465	12.9619976	0	35.9	0	0	3
8155	1840	0	3.18554688	333.219903	351.393253	333.219903	372.806752	36.1426827	12.9619976	0	35.8	0	0	3
8160	1842	0	3.1875	333.611023	351.240145	333.219903	372.439484	36.1851074	12.9619976	0	35.8	0	0	3
8165	1843	0	3.18945312	333.012614	351.086134	333.012614	372.094136	36.2282515	12.9619976	0	35.7	0	0	3
8170	1844	0	3.19140625	333.307614	350.934624	333.012614	371.983721	36.268683	12.9619976	0	35.7	0	0	3
8175	1845	0	3.19335938	333.047053	350.782953	333.012614	371.983721	36.3111933	12.9619976	0	35.6	0	0	3
8180	1847	0	3.1953125	333.617194	350.633084	333.012614	371.972868	36.352048	12.9619976	0	35.6	0	0	3
8185	1848	0	3.19726562	332.254614	350.477934	332.254614	371.52402	36.3973874	12.9619976	0	35.6	0	0	3
8190	1849	0	3.19921875	332.356339	350.324935	332.254614	371.433251	36.4395499	12.9619976	0	35.5	0	0	3
8195	1850	0	3.20117188	331.863546	350.170885	331.863546	371.433251	36.4832044	12.9619976	0	35.5	0	0	3
8200	1852	0	3.203125	332.644661	350.020722	331.863546	371.433251	36.5243387	12.9619976	0	35.4	0	0	3
8205	1854	0	3.20507812	332.610612	349.870719	331.863546	371.433251	36.5663802	12.9619976	0	35.4	0	0	3
8210	1855	0	3.20703125	331.797855	349.715893	331.797855	371.159357	36.6131553	12.9619976	0	35.4	0	0	3
8215	1856	0	3.20898438	331.538002	349.561123	331.538002	370.848076	36.6574379	12.9619976	0	35.3	0	0	3
8220	1858	0	3.2109375	331.916054	349.411482	331.538002	370.848076	36.6998081	12.9619976	0	35.3	0	0	3
8225	1859	0	3.21289062	332.610237	349.262116	331.538002	370.568178	36.7419642	12.9619976	0	35.2	0	0	3
8230	1860	0	3.21484375	331.242342	349.108499	331.242342	370.375293	36.7880767	12.9619976	0	35.2	0	0	3
8235	1861	0	3.21679688	333.233117	348.963413	331.242342	369.910864	36.8230159	12.9619976	0	35.2	0	0	3
8240	1862	0	3.21875	332.564452	348.818366	331.242342	369.910864	36.8596194	12.9619976	0	35.1	0	0	3
8245	1864	0	3.22070312	331.501663	348.668648	331.242342	369.910864	36.9021956	12.9619976	0	35.1	0	0	3
8250	1865	0	3.22265625	331.402115	348.518224	331.242342	369.6244	36.9450959	12.9619976	0	35	0	0	3
8255	1866	0	3.22460938	331.540135	348.369457	331.242342	369.411766	36.9859818	12.9619976	0	35	0	0	3
8260	1867	0	3.2265625	330.356048	348.216912	330.356048	369.411766	37.0311507	12.9619976	0	35	0	0	3
8265	1869	0	3.22851562	331.478532	348.068959	330.356048	369.411766	37.0707909	12.9619976	0	34.9	0	0	3
8270	1870	0	3.23046875	330.7694	347.919931	330.356048	369.411766	37.1132343	12.9619976	0	34.9	0	0	3
8275	1871	0	3.23242188	329.580783	347.764341	329.580783	369.189603	37.1590157	12.9619976	0	34.8	0	0	3
8280	1872	0	3.234375	330.666218	347.616554	329.580783	369.189603	37.2012089	12.9619976	0	34.8	0	0	3
8285	1874	0	3.23632812	330.06854	347.463737	329.580783	368.347025	37.2458228	12.9619976	0	34.8	0	0	3
8290	1875	0	3.23828125	331.427981	347.319522	329.580783	367.919061	37.2804108	12.9619976	0	34.7	0	0	3
8295	1876	0	3.24023438	330.228461	347.172293	329.580783	367.795525	37.3178785	12.9619976	0	34.7	0	0	3
8300	1877	0	3.2421875	330.471277	347.026495	329.580783	367.595657	37.3537829	12.9619976	0	34.7	0	0	3
8305	1880	0	3.24414062	330.06207	346.87993	329.580783	367.595657	37.3907437	12.9619976	0	34.6	0	0	3
8310	1881	0	3.24609375	329.953312	346.732889	329.580783	367.445921	37.4282565	12.9619976	0	34.6	0	0	3
8315	1882	0	3.24804688	330.56083	346.588807	329.580783	367.352708	37.4628596	12.9619976	0	34.5	0	0	3
8320	1883	0	3.25	329.77103	346.442003	329.580783	367.147159	37.4992585	12.9619976	0	34.5	0	0	3
8325	1885	0	3.25195312	329.768367	346.295993	329.580783	367.031433	37.45065	12.9619976	0	34.6	0	0	3
8330	1886	0	3.25390625	329.928614	346.15106	329.580783	366.714624	37.1338414	12.9619976	0	34.9	0	0	3
8335	1887	0	3.25585938	329.214314	346.005631	329.214314	366.714624	37.5003099	12.9619976	0	34.5	0	0	3
8340	1888	0	3.2578125	329.74427	345.862855	329.214314	366.714624	37.5003099	12.9619976	0	34.5	0	0	3
8345	1889	0	3.25976562	329.816701	345.718723	329.214314	366.076959	36.8626448	12.9619976	0	35.1	0	0	3
8350	1891	0	3.26171875	329.166564	345.575958	329.166564	366.076959	36.9103954	12.9619976	0	35.1	0	0	3
8355	1892	0	3.26367188	330.22698	345.43598	329.166564	366.076959	36.9103954	12.9619976	0	35.1	0	0	3
8360	1893	0	3.265625	330.18021	345.298388	329.166564	366.076959	36.9103954	12.9619976	0	35.1	0	0	3
8365	1894	0	3.26757812	328.657358	345.154526	328.657358	366.076959	37.4196012	12.9619976	0	34.6	0	0	3
8370	1895	0	3.26953125	328.663416	345.008379	328.657358	365.186052	36.5286943	12.9619976	0	35.4	0	0	3
8375	1897	0	3.27148438	329.162035	344.868856	328.657358	365.186052	36.5286943	12.9619976	0	35.4	0	0	3
8380	1898	0	3.2734375	328.563853	344.725979	328.563853	365.186052	36.6221992	12.9619976	0	35.3	0	0	3
8385	1899	0	3.27539062	328.428773	344.582816	328.428773	365.186052	36.7572786	12.9619976	0	35.2	0	0	3
8390	1900	0	3.27734375	329.126684	344.441959	328.428773	364.435964	36.0071909	12.9619976	0	35.9	0	0	3
8395	1902	0	3.27929688	328.635633	344.302114	328.428773	364.282842	35.8540683	12.9619976	0	36.1	0	0	3
8400	1903	0	3.28125	328.488507	344.162556	328.428773	364.282842	35.8540683	12.9619976	0	36.1	0	0	3
8405	1905	0	3.28320312	328.883565	344.024662	328.428773	364.282842	35.8540683	12.9619976	0	36.1	0	0	3
8410	1906	0	3.28515625	328.427569	343.886064	328.427569	364.282842	35.8552725	12.9619976	0	36.1	0	0	3
8415	1907	0	3.28710938	328.010503	343.744375	328.010503	363.607785	35.5972814	12.9619976	0	36.4	0	0	3
8420	1908	0	3.2890625	328.361274	343.60881	328.010503	363.607785	35.5972814	12.9619976	0	36.4	0	0	3
8425	1910	0	3.29101562	327.389261	343.467331	327.389261	362.964645	35.5753843	12.9619976	0	36.4	0	0	3
8430	1911	0	3.29296875	327.604875	343.329752	327.389261	362.964645	35.5753843	12.9619976	0	36.4	0	0	3
8435	1912	0	3.29492188	327.986158	343.193117	327.389261	362.748553	35.3592926	12.9619976	0	36.6	0	0	3
8440	1913	0	3.296875	327.486345	343.055439	327.389261	362.748553	35.3592926	12.9619976	0	36.6	0	0	3
8445	1914	0	3.29882812	326.925681	342.915506	326.925681	362.554424	35.628743	12.9619976	0	36.3	0	0	3
8450	1916	0	3.30078125	327.15963	342.777245	326.925681	362.032074	35.1063926	12.9619976	0	36.9	0	0	3
8455	1917	0	3.30273438	326.774535	342.63952	326.774535	361.755293	34.9807574	12.9619976	0	37	0	0	3
8460	1918	0	3.3046875	327.822637	342.507992	326.774535	361.755293	34.9807574	12.9619976	0	37	0	0	3
8465	1919	0	3.30664062	326.999276	342.372422	326.774535	361.755293	34.9807574	12.9619976	0	37	0	0	3
8470	1921	0	3.30859375	326.775773	342.236801	326.774535	361.755293	34.9807574	12.9619976	0	37	0	0	3
8475	1922	0	3.31054688	326.925979	342.100749	326.774535	361.322804	34.5482687	12.9619976	0	37.5	0	0	3
8480	1923	0	3.3125	326.312878	341.963992	326.312878	360.636518	34.3236403	12.9619976	0	37.7	0	0	3
8485	1924	0	3.31445312	326.641298	341.83202	326.312878	360.636518	34.3236403	12.9619976	0	37.7	0	0	3
8490	1926	0	3.31640625	325.753037	341.695757	325.753037	360.358368	34.6053312	12.9619976	0	37.4	0	0	3
8495	1927	0	3.31835938	326.8011	341.564674	325.753037	360.036772	34.2837353	12.9619976	0	37.8	0	0	3
8500	1928	0	3.3203125	326.016591	341.431782	325.753037	359.953166	34.2001293	12.9619976	0	37.9	0	0	3
8505	1931	0	3.32226562	326.225791	341.300035	325.753037	359.752947	33.9999095	12.9619976	0	38.1	0	0	3
8510	1932	0	3.32421875	325.714487	341.167839	325.714487	359.752947	34.03846	12.9619976	0	38	0	0	3
8515	1933	0	3.32617188	325.632298	341.034555	325.632298	359.735657	34.1033592	12.9619976	0	38	0	0	3
8520	1934	0	3.328125	326.272224	340.903839	325.632298	359.318579	33.6862814	12.9619976	0	38.4	0	0	3
8525	1935	0	3.33007812	325.895499	340.77328	325.632298	359.301833	33.6695355	12.9619976	0	38.4	0	0	3
8530	1937	0	3.33203125	326.116953	340.643652	325.632298	358.903382	33.271084	12.9619976	0	38.9	0	0	3
8535	1938	0	3.33398438	325.309665	340.513496	325.309665	358.903382	33.5937171	12.9619976	0	38.5	0	0	3
8540	1939	0	3.3359375	326.128123	340.385467	325.309665	358.631873	33.3222086	12.9619976	0	38.8	0	0	3
8545	1940	0	3.33789062	325.118278	340.254555	325.118278	358.349307	33.2310287	12.9619976	0	39	0	0	3
8550	1942	0	3.33984375	324.255189	340.121961	324.255189	358.349307	34.0941176	12.9619976	0	38	0	0	3
8555	1943	0	3.34179688	324.985408	339.991633	324.255189	358.184489	33.9292992	12.9619976	0	38.2	0	0	3
8560	1944	0	3.34375	324.829964	339.862263	324.255189	358.184489	33.9292992	12.9619976	0	38.2	0	0	3
8565	1945	0	3.34570312	325.228549	339.734609	324.255189	358.184489	33.9292992	12.9619976	0	38.2	0	0	3
8570	1946	0	3.34765625	324.865031	339.606183	324.255189	358.184489	33.9292992	12.9619976	0	38.2	0	0	3
8575	1948	0	3.34960938	325.242913	339.477505	324.255189	357.556314	33.3011244	12.9619976	0	38.9	0	0	3
8580	1949	0	3.3515625	324.919549	339.350018	324.255189	357.338412	33.0832223	12.9619976	0	39.1	0	0	3
8585	1950	0	3.35351562	324.617975	339.222204	324.255189	357.325827	33.0706374	12.9619976	0	39.1	0	0	3
8590	1952	0	3.35546875	325.021658	339.096015	324.255189	356.683097	32.4279079	12.9619976	0	39.9	0	0	3
8595	1953	0	3.35742188	325.14164	338.97292	324.255189	356.683097	32.4279079	12.9619976	0	39.9	0	0	3
8600	1954	0	3.359375	324.368567	338.847138	324.255189	356.683097	32.4279079	12.9619976	0	39.9	0	0	3
8605	1956	0	3.36132812	325.045303	338.728182	324.255189	356.683097	32.4279079	12.9619976	0	39.9	0	0	3
8610	1958	0	3.36328125	324.742904	338.606813	324.255189	356.683097	32.4279079	12.9619976	0	39.9	0	0	3
8615	1959	0	3.36523438	324.237025	338.483425	324.237025	356.683097	32.4460722	12.9619976	0	39.9	0	0	3
8620	1960	0	3.3671875	324.598822	338.358096	324.237025	355.365748	31.1287233	12.9619976	0	41.6	0	0	3
8625	1961	0	3.36914062	323.286664	338.232787	323.286664	355.214207	31.9275423	12.9619976	0	40.5	0	0	3
8630	1963	0	3.37109375	323.960921	338.110704	323.286664	355.17525	31.8885859	12.9619976	0	40.6	0	0	3
8635	1964	0	3.37304688	323.968035	337.9888	323.286664	355.096723	31.8100585	12.9619976	0	40.7	0	0	3
8640	1965	0	3.375	323.372361	337.865548	323.286664	355.096723	31.8100585	12.9619976	0	40.7	0	0	3
8645	1966	0	3.37695312	323.320914	337.741424	323.286664	355.044569	31.7579044	12.9619976	0	40.8	0	0	3
8650	1968	0	3.37890625	324.124194	337.620641	323.286664	354.472614	31.1859494	12.9619976	0	41.5	0	0	3
8655	1969	0	3.38085938	323.577015	337.500968	323.286664	354.472614	31.1859494	12.9619976	0	41.5	0	0	3
8660	1970	0	3.3828125	323.250357	337.379006	323.250357	354.206003	30.9556457	12.9619976	0	41.8	0	0	3
8665	1971	0	3.38476562	322.970974	337.256995	322.970974	354.111617	31.1406429	12.9619976	0	41.6	0	0	3
8670	1973	0	3.38671875	322.79544	337.134666	322.79544	353.798814	31.0033745	12.9619976	0	41.8	0	0	3
8675	1974	0	3.38867188	323.373988	337.016751	322.79544	353.798814	31.0033745	12.9619976	0	41.8	0	0	3
8680	1975	0	3.390625	322.401813	336.894178	322.401813	353.798814	31.3970014	12.9619976	0	41.2	0	0	3
8685	1977	0	3.39257812	322.957002	336.773702	322.401813	353.472619	31.0708057	12.9619976	0	41.7	0	0	3
8690	1978	0	3.39453125	322.858873	336.654117	322.401813	353.332093	30.9302799	12.9619976	0	41.9	0	0	3
8695	1979	0	3.39648438	322.292646	336.534049	322.292646	353.332093	31.0394468	12.9619976	0	41.7	0	0	3
8700	1980	0	3.3984375	322.391208	336.415176	322.292646	353.332093	31.0394468	12.9619976	0	41.7	0	0	3
8705	1982	0	3.40039062	322.222953	336.293656	322.222953	353.013516	30.7905631	12.9619976	0	42	0	0	3
8710	1983	0	3.40234375	322.605115	336.174873	322.222953	352.15003	29.927077	12.9619976	0	43.3	0	0	3
8715	1985	0	3.40429688	322.910078	336.061259	322.222953	352.15003	29.927077	12.9619976	0	43.3	0	0	3
8720	1986	0	3.40625	321.951592	335.943296	321.951592	352.045159	30.0935668	12.9619976	0	43	0	0	3
8725	1987	0	3.40820312	321.939204	335.825695	321.939204	351.904313	29.9651089	12.9619976	0	43.2	0	0	3
8730	1988	0	3.41015625	322.541842	335.711455	321.939204	351.904313	29.9651089	12.9619976	0	43.2	0	0	3
8735	1989	0	3.41210938	322.106727	335.596439	321.939204	351.904313	29.9651089	12.9619976	0	43.2	0	0	3
8740	1991	0	3.4140625	322.366691	335.481058	321.939204	351.351499	29.4122949	12.9619976	0	44	0	0	3
8745	1992	0	3.41601562	321.255961	335.363497	321.255961	350.989186	29.7332256	12.9619976	0	43.5	0	0	3
8750	1993	0	3.41796875	322.457519	335.254007	321.255961	350.989186	29.7332256	12.9619976	0	43.5	0	0	3
8755	1995	0	3.41992188	322.33829	335.144926	321.255961	350.989186	29.7332256	12.9619976	0	43.5	0	0	3
8760	1996	0	3.421875	321.769239	335.03113	321.255961	350.989186	29.7332256	12.9619976	0	43.5	0	0	3
8765	1997	0	3.42382812	321.321865	334.917547	321.255961	350.989186	29.7332256	12.9619976	0	43.5	0	0	3
8770	1999	0	3.42578125	321.580377	334.802668	321.255961	350.025728	28.7697674	12.9619976	0	45	0	0	3
8775	2000	0	3.42773438	322.461347	334.696198	321.255961	350.025728	28.7697674	12.9619976	0	45	0	0	3
8780	2001	0	3.4296875	320.08501	334.579242	320.08501	349.973058	29.8880484	12.9619976	0	43.3	0	0	3
8785	2002	0	3.43164062	321.398276	334.46929	320.08501	349.973058	29.8880484	12.9619976	0	43.3	0	0	3
8790	2004	0	3.43359375	321.511891	334.358113	320.08501	349.884372	29.799362	12.9619976	0	43.4	0	0	3
8795	2005	0	3.43554688	321.264078	334.246315	320.08501	349.734738	29.6497286	12.9619976	0	43.7	0	0	3
8800	2006	0	3.4375	320.519929	334.132195	320.08501	349.359287	29.2742776	12.9619976	0	44.2	0	0	3
8805	2009	0	3.43945312	320.908148	334.022439	320.08501	349.359287	29.2742776	12.9619976	0	44.2	0	0	3
8810	2010	0	3.44140625	321.26828	333.912709	320.08501	349.12412	29.0391101	12.9619976	0	44.6	0	0	3
8815	2011	0	3.44335938	320.734207	333.804259	320.08501	349.12412	29.0391101	12.9619976	0	44.6	0	0	3
8820	2012	0	3.4453125	320.892538	333.693979	320.08501	348.834114	28.7491044	12.9619976	0	45	0	0	3
8825	2014	0	3.44726562	321.348695	333.586996	320.08501	348.834114	28.7491044	12.9619976	0	45	0	0	3
8830	2015	0	3.44921875	320.62446	333.477475	320.08501	348.834114	28.7491044	12.9619976	0	45	0	0	3
8835	2016	0	3.45117188	320.821599	333.370439	320.08501	348.834114	28.7491044	12.9619976	0	45	0	0	3
8840	2017	0	3.453125	321.080082	333.262025	320.08501	348.712634	28.6276244	12.9619976	0	45.2	0	0	3
8845	2019	0	3.45507812	319.778583	333.149001	319.778583	348.229663	28.4510803	12.9619976	0	45.5	0	0	3
8850	2020	0	3.45703125	320.405434	333.040622	319.778583	348.229663	28.4510803	12.9619976	0	45.5	0	0	3
8855	2021	0	3.45898438	320.178463	332.934019	319.778583	348.229663	28.4510803	12.9619976	0	45.5	0	0	3
8860	2023	0	3.4609375	319.555937	332.822012	319.555937	348.176352	28.6204147	12.9619976	0	45.2	0	0	3
8865	2024	0	3.46289062	320.438231	332.71366	319.555937	347.746221	28.190284	12.9619976	0	45.9	0	0	3
8870	2025	0	3.46484375	319.937118	332.608168	319.555937	347.746221	28.190284	12.9619976	0	45.9	0	0	3
8875	2026	0	3.46679688	320.491116	332.501703	319.555937	347.301259	27.7453225	12.9619976	0	46.7	0	0	3
8880	2028	0	3.46875	319.961496	332.395461	319.555937	347.301259	27.7453225	12.9619976	0	46.7	0	0	3
8885	2029	0	3.47070312	320.214169	332.289831	319.555937	347.301259	27.7453225	12.9619976	0	46.7	0	0	3
8890	2030	0	3.47265625	320.536403	332.185281	319.555937	346.784569	27.2286323	12.9619976	0	47.6	0	0	3
8895	2031	0	3.47460938	320.282682	332.084867	319.555937	346.784569	27.2286323	12.9619976	0	47.6	0	0	3
8900	2033	0	3.4765625	319.981473	331.980167	319.555937	346.190713	26.6347757	12.9619976	0	48.6	0	0	3
8905	2035	0	3.47851562	320.177099	331.878552	319.555937	346.096996	26.5410588	12.9619976	0	48.8	0	0	3
8910	2036	0	3.48046875	319.710128	331.776325	319.555937	346.096996	26.5410588	12.9619976	0	48.8	0	0	3
8915	2037	0	3.48242188	320.569325	331.676844	319.555937	346.096996	26.5410588	12.9619976	0	48.8	0	0	3
8920	2039	0	3.484375	319.848454	331.574311	319.555937	346.027999	26.4720618	12.9619976	0	48.9	0	0	3
8925	2040	0	3.48632812	319.815364	331.471918	319.555937	345.692108	26.1361707	12.9619976	0	49.5	0	0	3
8930	2041	0	3.48828125	320.020894	331.371639	319.555937	345.648141	26.0922042	12.9619976	0	49.6	0	0	3
8935	2043	0	3.49023438	319.780967	331.271549	319.555937	345.648141	26.0922042	12.9619976	0	49.6	0	0	3
8940	2044	0	3.4921875	320.233718	331.172274	319.555937	345.645667	26.0897296	12.9619976	0	49.6	0	0	3
8945	2045	0	3.49414062	319.690975	331.073055	319.555937	345.645667	26.0897296	12.9619976	0	49.6	0	0	3
8950	2046	0	3.49609375	320.142697	330.974893	319.555937	345.645667	26.0897296	12.9619976	0	49.6	0	0	3
8955	2048	0	3.49804688	320.25189	330.875698	319.555937	345.131886	25.5759488	12.9619976	0	50.6	0	0	3
8960	2049	0	3.5	319.686991	330.777	319.555937	345.131886	25.5759488	12.9619976	0	50.6	0	0	3
8965	2050	0	3.50195312	319.518579	330.678387	319.518579	345.131886	25.6133072	12.9619976	0	50.6	0	0	3
8970	2052	0	3.50390625	320.044908	330.580391	319.518579	344.976261	25.4576823	12.9619976	0	50.9	0	0	3
8975	2053	0	3.50585938	319.615948	330.481327	319.518579	344.557442	25.038863	12.9619976	0	51.7	0	0	3
8980	2054	0	3.5078125	319.719412	330.385801	319.518579	344.557442	25.038863	12.9619976	0	51.7	0	0	3
8985	2056	0	3.50976562	318.82652	330.286498	318.82652	344.557442	25.7309212	12.9619976	0	50.3	0	0	3
8990	2057	0	3.51171875	319.069594	330.186936	318.82652	344.492457	25.6659363	12.9619976	0	50.5	0	0	3
8995	2058	0	3.51367188	319.352187	330.088732	318.82652	344.200306	25.3737858	12.9619976	0	51	0	0	3
9000	2059	0	3.515625	319.889997	329.993923	318.82652	344.200306	25.3737858	12.9619976	0	51	0	0	3
9005	2062	0	3.51757812	318.63269	329.89496	318.63269	344.200306	25.5676161	12.9619976	0	50.6	0	0	3
9010	2063	0	3.51953125	319.105377	329.796933	318.63269	344.114249	25.4815588	12.9619976	0	50.8	0	0	3
9015	2064	0	3.52148438	319.362386	329.701789	318.63269	344.114249	25.4815588	12.9619976	0	50.8	0	0	3
9020	2066	0	3.5234375	319.412206	329.606215	318.63269	344.114249	25.4815588	12.9619976	0	50.8	0	0	3
9025	2067	0	3.52539062	319.610743	329.512671	318.63269	344.114249	25.4815588	12.9619976	0	50.8	0	0	3
9030	2068	0	3.52734375	318.49836	329.414156	318.49836	344.114249	25.6158891	12.9619976	0	50.6	0	0	3
9035	2069	0	3.52929688	318.976412	329.318714	318.49836	344.114249	25.6158891	12.9619976	0	50.6	0	0	3
9040	2071	0	3.53125	319.570659	329.227266	318.49836	344.114249	25.6158891	12.9619976	0	50.6	0	0	3
9045	2072	0	3.53320312	319.709821	329.136437	318.49836	344.114249	25.6158891	12.9619976	0	50.6	0	0	3
9050	2073	0	3.53515625	319.498232	329.041729	318.49836	344.114249	25.6158891	12.9619976	0	50.6	0	0	3
9055	2075	0	3.53710938	318.779844	328.948646	318.49836	344.114249	25.6158891	12.9619976	0	50.6	0	0	3
9060	2076	0	3.5390625	318.631822	328.85595	318.49836	344.114249	25.6158891	12.9619976	0	50.6	0	0	3
9065	2077	0	3.54101562	318.518237	328.755966	318.49836	342.662467	24.1641072	12.9619976	0	53.6	0	0	3
9070	2079	0	3.54296875	318.489748	328.663299	318.489748	342.662467	24.1727195	12.9619976	0	53.6	0	0	3
9075	2080	0	3.54492188	318.51134	328.570677	318.489748	342.662467	24.1727195	12.9619976	0	53.6	0	0	3
9080	2081	0	3.546875	318.437631	328.476636	318.437631	342.662467	24.2248362	12.9619976	0	53.5	0	0	3
9085	2082	0	3.54882812	318.866679	328.384593	318.437631	342.662467	24.2248362	12.9619976	0	53.5	0	0	3
9090	2084	0	3.55078125	317.977096	328.289499	317.977096	342.662467	24.6853713	12.9619976	0	52.5	0	0	3
9095	2085	0	3.55273438	318.184047	328.19388	317.977096	342.109855	24.132759	12.9619976	0	53.7	0	0	3
9100	2086	0	3.5546875	317.872217	328.103747	317.872217	342.109855	24.237638	12.9619976	0	53.4	0	0	3
9105	2089	0	3.55664062	318.830735	328.014192	317.872217	342.109855	24.237638	12.9619976	0	53.4	0	0	3
9110	2090	0	3.55859375	318.483607	327.921902	317.872217	341.752951	23.8807338	12.9619976	0	54.2	0	0	3
9115	2092	0	3.56054688	318.237375	327.830044	317.872217	341.35164	23.4794234	12.9619976	0	55.2	0	0	3
9120	2093	0	3.5625	317.55919	327.737105	317.55919	341.287852	23.7286619	12.9619976	0	54.6	0	0	3
9125	2094	0	3.56445312	318.0409	327.647766	317.55919	341.287852	23.7286619	12.9619976	0	54.6	0	0	3
9130	2096	0	3.56640625	318.621267	327.559225	317.55919	341.276891	23.7177009	12.9619976	0	54.6	0	0	3
9135	2097	0	3.56835938	318.285664	327.472718	317.55919	341.276891	23.7177009	12.9619976	0	54.6	0	0	3
9140	2098	0	3.5703125	317.784556	327.380951	317.55919	341.182217	23.623027	12.9619976	0	54.8	0	0	3
9145	2099	0	3.57226562	318.282422	327.29628	317.55919	341.182217	23.623027	12.9619976	0	54.8	0	0	3
9150	2101	0	3.57421875	318.450317	327.208027	317.55919	341.182217	23.623027	12.9619976	0	54.8	0	0	3
9155	2102	0	3.57617188	318.100323	327.117864	317.55919	341.100936	23.5417461	12.9619976	0	55	0	0	3
9160	2103	0	3.578125	318.17742	327.033284	317.55919	341.100936	23.5417461	12.9619976	0	55	0	0	3
9165	2104	0	3.58007812	317.03863	326.940536	317.03863	341.100936	24.0623059	12.9619976	0	53.8	0	0	3
9170	2106	0	3.58203125	318.634067	326.853194	317.03863	341.100936	24.0623059	12.9619976	0	53.8	0	0	3
9175	2107	0	3.58398438	317.694088	326.764363	317.03863	341.100936	24.0623059	12.9619976	0	53.8	0	0	3
9180	2108	0	3.5859375	318.141335	326.675633	317.03863	341.100936	24.0623059	12.9619976	0	53.8	0	0	3
9185	2109	0	3.58789062	317.671257	326.587049	317.03863	341.100936	24.0623059	12.9619976	0	53.8	0	0	3
9190	2111	0	3.58984375	317.091653	326.497411	317.03863	341.100936	24.0623059	12.9619976	0	53.8	0	0	3
9195	2112	0	3.59179688	317.898116	326.406775	317.03863	340.006631	22.9680008	12.9619976	0	56.4	0	0	3
9200	2113	0	3.59375	317.60478	326.321076	317.03863	340.006631	22.9680008	12.9619976	0	56.4	0	0	3
9205	2116	0	3.59570312	318.380754	326.237234	317.03863	340.006631	22.9680008	12.9619976	0	56.4	0	0	3
9210	2117	0	3.59765625	318.295515	326.153292	317.03863	340.006631	22.9680008	12.9619976	0	56.4	0	0	3
9215	2118	0	3.59960938	317.459517	326.066783	317.03863	340.006631	22.9680008	12.9619976	0	56.4	0	0	3
9220	2119	0	3.6015625	317.630881	325.981464	317.03863	340.006631	22.9680008	12.9619976	0	56.4	0	0	3
9225	2121	0	3.60351562	317.118024	325.892055	317.03863	339.83856	22.7999295	12.9619976	0	56.8	0	0	3
9230	2122	0	3.60546875	317.750189	325.809088	317.03863	339.83856	22.7999295	12.9619976	0	56.8	0	0	3
9235	2123	0	3.60742188	318.132092	325.724297	317.03863	339.339746	22.3011157	12.9619976	0	58.1	0	0	3
9240	2124	0	3.609375	316.420924	325.634831	316.420924	339.339746	22.9188214	12.9619976	0	56.5	0	0	3
9245	2126	0	3.61132812	316.835529	325.549083	316.420924	339.339746	22.9188214	12.9619976	0	56.5	0	0	3
9250	2127	0	3.61328125	317.118212	325.462395	316.420924	339.339746	22.9188214	12.9619976	0	56.5	0	0	3
9255	2128	0	3.61523438	317.036136	325.377013	316.420924	339.339746	22.9188214	12.9619976	0	56.5	0	0	3
9260	2130	0	3.6171875	316.621086	325.288268	316.420924	338.972212	22.5512879	12.9619976	0	57.4	0	0	3
9265	2131	0	3.61914062	317.359155	325.210215	316.420924	338.972212	22.5512879	12.9619976	0	57.4	0	0	3
9270	2132	0	3.62109375	317.084333	325.126082	316.420924	338.972212	22.5512879	12.9619976	0	57.4	0	0	3
9275	2133	0	3.62304688	316.527451	325.038407	316.420924	338.564652	22.1437275	12.9619976	0	58.5	0	0	3
9280	2135	0	3.625	317.702491	324.960019	316.420924	338.564652	22.1437275	12.9619976	0	58.5	0	0	3
9285	2136	0	3.62695312	317.430536	324.877464	316.420924	337.771517	21.3505924	12.9619976	0	60.7	0	0	3
9290	2137	0	3.62890625	316.906496	324.796517	316.420924	337.771517	21.3505924	12.9619976	0	60.7	0	0	3
9295	2138	0	3.63085938	316.33864	324.717947	316.33864	337.771517	21.4328764	12.9619976	0	60.4	0	0	3
9300	2140	0	3.6328125	316.028023	324.633555	316.028023	337.771517	21.7434938	12.9619976	0	59.6	0	0	3
9305	2142	0	3.63476562	317.037318	324.558078	316.028023	337.771517	21.7434938	12.9619976	0	59.6	0	0	3
9310	2143	0	3.63671875	316.360785	324.474443	316.028023	336.588316	20.5602928	12.9619976	0	63	0	0	3
9315	2145	0	3.63867188	317.113863	324.39837	316.028023	336.527315	20.4992915	12.9619976	0	63.2	0	0	3
9320	2146	0	3.640625	316.793576	324.322201	316.028023	336.527315	20.4992915	12.9619976	0	63.2	0	0	3
9325	2147	0	3.64257812	317.572133	324.248158	316.028023	336.409225	20.3812019	12.9619976	0	63.5	0	0	3
9330	2149	0	3.64453125	316.117332	324.168893	316.028023	335.986171	19.9581479	12.9619976	0	64.9	0	0	3
9335	2150	0	3.64648438	316.771417	324.094061	316.028023	335.986171	19.9581479	12.9619976	0	64.9	0	0	3
9340	2151	0	3.6484375	316.451852	324.017755	316.028023	335.891648	19.8636252	12.9619976	0	65.2	0	0	3
9345	2153	0	3.65039062	316.150175	323.941833	316.028023	335.891648	19.8636252	12.9619976	0	65.2	0	0	3
9350	2154	0	3.65234375	316.602293	323.868664	316.028023	335.891648	19.8636252	12.9619976	0	65.2	0	0	3
9355	2155	0	3.65429688	316.080863	323.791352	316.028023	335.891648	19.8636252	12.9619976	0	65.2	0	0	3
9360	2156	0	3.65625	315.796597	323.712856	315.796597	335.388058	19.5914612	12.9619976	0	66.1	0	0	3
9365	2158	0	3.65820312	316.895308	323.64073	315.796597	335.388058	19.5914612	12.9619976	0	66.1	0	0	3
9370	2159	0	3.66015625	315.885548	323.565533	315.796597	335.388058	19.5914612	12.9619976	0	66.1	0	0	3
9375	2160	0	3.66210938	316.568449	323.492019	315.796597	334.916874	19.1202772	12.9619976	0	67.7	0	0	3
9380	2162	0	3.6640625	316.281032	323.419593	315.796597	334.916874	19.1202772	12.9619976	0	67.7	0	0	3
9385	2163	0	3.66601562	316.726759	323.351895	315.796597	334.916874	19.1202772	12.9619976	0	67.7	0	0	3
9390	2164	0	3.66796875	315.794979	323.279118	315.794979	334.916874	19.1218952	12.9619976	0	67.7	0	0	3
9395	2165	0	3.66992188	315.555991	323.203951	315.555991	334.916874	19.360883	12.9619976	0	66.9	0	0	3
9400	2167	0	3.671875	315.828342	323.13103	315.555991	334.916874	19.360883	12.9619976	0	66.9	0	0	3
9405	2169	0	3.67382812	316.408732	323.058732	315.555991	334.302982	18.746991	12.9619976	0	69.1	0	0	3
9410	2170	0	3.67578125	315.381709	322.986553	315.381709	334.302982	18.9212727	12.9619976	0	68.5	0	0	3
9415	2172	0	3.67773438	316.332389	322.917857	315.381709	334.302982	18.9212727	12.9619976	0	68.5	0	0	3
9420	2173	0	3.6796875	315.765498	322.845445	315.381709	334.144833	18.7631238	12.9619976	0	69	0	0	3
9425	2174	0	3.68164062	316.426671	322.776234	315.381709	334.022157	18.6404482	12.9619976	0	69.5	0	0	3
9430	2176	0	3.68359375	316.241256	322.706777	315.381709	333.617194	18.2354846	12.9619976	0	71	0	0	3
9435	2177	0	3.68554688	315.456453	322.637389	315.381709	333.617194	18.2354846	12.9619976	0	71	0	0	3
9440	2178	0	3.6875	315.99703	322.568584	315.381709	333.617194	18.2354846	12.9619976	0	71	0	0	3
9445	2179	0	3.68945312	316.352727	322.503506	315.381709	333.617194	18.2354846	12.9619976	0	71	0	0	3
9450	2181	0	3.69140625	315.537686	322.434092	315.381709	333.617194	18.2354846	12.9619976	0	71	0	0	3
9455	2182	0	3.69335938	315.69228	322.3663	315.381709	333.617194	18.2354846	12.9619976	0	71	0	0	3
9460	2183	0	3.6953125	315.385005	322.295081	315.381709	333.233117	17.8514074	12.9619976	0	72.6	0	0	3
9465	2185	0	3.69726562	315.524001	322.229727	315.381709	333.233117	17.8514074	12.9619976	0	72.6	0	0	3
9470	2186	0	3.69921875	315.401363	322.163497	315.381709	333.233117	17.8514074	12.9619976	0	72.6	0	0	3
9475	2187	0	3.70117188	315.69214	322.100327	315.381709	333.233117	17.8514074	12.9619976	0	72.6	0	0	3
9480	2189	0	3.703125	315.154248	322.032005	315.154248	333.233117	18.0788688	12.9619976	0	71.6	0	0	3
9485	2190	0	3.70507812	315.546507	321.965348	315.154248	333.233117	18.0788688	12.9619976	0	71.6	0	0	3
9490	2191	0	3.70703125	315.277873	321.900817	315.154248	333.233117	18.0788688	12.9619976	0	71.6	0	0	3
9495	2193	0	3.70898438	316.643884	321.842637	315.154248	333.233117	18.0788688	12.9619976	0	71.6	0	0	3
9500	2194	0	3.7109375	315.392392	321.778092	315.154248	333.233117	18.0788688	12.9619976	0	71.6	0	0	3
9505	2197	0	3.71289062	315.642494	321.711811	315.154248	333.233117	18.0788688	12.9619976	0	71.6	0	0	3
9510	2198	0	3.71484375	315.397494	321.649917	315.154248	333.233117	18.0788688	12.9619976	0	71.6	0	0	3
9515	2199	0	3.71679688	315.269109	321.579745	315.154248	332.564452	17.4102046	12.9619976	0	74.4	0	0	3
9520	2201	0	3.71875	315.937356	321.514796	315.154248	331.540135	16.3858871	12.9619976	0	79.1	0	0	3
9525	2202	0	3.72070312	315.404135	321.451915	315.154248	331.540135	16.3858871	12.9619976	0	79.1	0	0	3
9530	2203	0	3.72265625	315.493696	321.389773	315.154248	331.540135	16.3858871	12.9619976	0	79.1	0	0	3
9535	2205	0	3.72460938	315.628719	321.327619	315.154248	331.478532	16.3242848	12.9619976	0	79.4	0	0	3
9540	2206	0	3.7265625	314.722038	321.266548	314.722038	331.478532	16.756494	12.9619976	0	77.3	0	0	3
9545	2207	0	3.72851562	316.029011	321.206199	314.722038	331.427981	16.7059428	12.9619976	0	77.5	0	0	3
9550	2208	0	3.73046875	314.957012	321.144431	314.722038	331.427981	16.7059428	12.9619976	0	77.5	0	0	3
9555	2210	0	3.73242188	315.742375	321.090375	314.722038	331.427981	16.7059428	12.9619976	0	77.5	0	0	3
9560	2211	0	3.734375	315.864077	321.032554	314.722038	331.427981	16.7059428	12.9619976	0	77.5	0	0	3
9565	2212	0	3.73632812	315.510037	320.975685	314.722038	331.427981	16.7059428	12.9619976	0	77.5	0	0	3
9570	2214	0	3.73828125	314.41366	320.909223	314.41366	330.56083	16.1471693	12.9619976	0	80.2	0	0	3
9575	2215	0	3.74023438	315.605414	320.852102	314.41366	330.56083	16.1471693	12.9619976	0	80.2	0	0	3
9580	2217	0	3.7421875	315.215157	320.792508	314.41366	330.56083	16.1471693	12.9619976	0	80.2	0	0	3
9585	2218	0	3.74414062	315.252433	320.734657	314.41366	330.56083	16.1471693	12.9619976	0	80.2	0	0	3
9590	2219	0	3.74609375	315.052861	320.676452	314.41366	330.56083	16.1471693	12.9619976	0	80.2	0	0	3
9595	2221	0	3.74804688	315.216952	320.616515	314.41366	330.22698	15.8133197	12.9619976	0	81.9	0	0	3
9600	2222	0	3.75	315.157409	320.559431	314.41366	330.22698	15.8133197	12.9619976	0	81.9	0	0	3
9605	2224	0	3.75195312	315.061673	320.501983	314.41366	330.22698	15.8133197	12.9619976	0	81.9	0	0	3
9610	2226	0	3.75390625	314.631721	320.442229	314.41366	330.22698	15.8133197	12.9619976	0	81.9	0	0	3
9615	2227	0	3.75585938	314.761844	320.385775	314.41366	330.22698	15.8133197	12.9619976	0	81.9	0	0	3
9620	2228	0	3.7578125	314.777633	320.327311	314.41366	330.22698	15.8133197	12.9619976	0	81.9	0	0	3
9625	2230	0	3.75976562	316.025392	320.273439	314.41366	330.22698	15.8133197	12.9619976	0	81.9	0	0	3
9630	2231	0	3.76171875	313.739473	320.213177	313.739473	330.22698	16.4875069	12.9619976	0	78.6	0	0	3
9635	2232	0	3.76367188	315.176783	320.154387	313.739473	330.18021	16.4407368	12.9619976	0	78.8	0	0	3
9640	2234	0	3.765625	315.020256	320.095168	313.739473	329.162035	15.422562	12.9619976	0	84	0	0	3
9645	2235	0	3.76757812	314.801429	320.041044	313.739473	329.162035	15.422562	12.9619976	0	84	0	0	3
9650	2237	0	3.76953125	314.873638	319.987177	313.739473	329.162035	15.422562	12.9619976	0	84	0	0	3
9655	2238	0	3.77148438	315.22282	319.932727	313.739473	329.126684	15.3872105	12.9619976	0	84.2	0	0	3
9660	2239	0	3.7734375	314.265389	319.876874	313.739473	329.126684	15.3872105	12.9619976	0	84.2	0	0	3
9665	2241	0	3.77539062	315.133519	319.824939	313.739473	329.126684	15.3872105	12.9619976	0	84.2	0	0	3
9670	2242	0	3.77734375	314.287265	319.766973	313.739473	328.883565	15.1440915	12.9619976	0	85.5	0	0	3
9675	2243	0	3.77929688	315.194868	319.71447	313.739473	328.883565	15.1440915	12.9619976	0	85.5	0	0	3
9680	2245	0	3.78125	314.144197	319.658437	313.739473	328.883565	15.1440915	12.9619976	0	85.5	0	0	3
9685	2246	0	3.78320312	315.065556	319.604461	313.739473	328.427569	14.6880961	12.9619976	0	88.2	0	0	3
9690	2247	0	3.78515625	314.161756	319.548735	313.739473	328.361274	14.6218005	12.9619976	0	88.6	0	0	3
9695	2249	0	3.78710938	314.548063	319.496147	313.739473	328.361274	14.6218005	12.9619976	0	88.6	0	0	3
9700	2250	0	3.7890625	314.898147	319.443557	313.739473	327.986158	14.2466854	12.9619976	0	90.9	0	0	3
9705	2253	0	3.79101562	314.631309	319.393721	313.739473	327.986158	14.2466854	12.9619976	0	90.9	0	0	3
9710	2254	0	3.79296875	314.171989	319.341249	313.739473	327.986158	14.2466854	12.9619976	0	90.9	0	0	3
9715	2255	0	3.79492188	314.959871	319.290365	313.739473	327.822637	14.0831636	12.9619976	0	92	0	0	3
9720	2257	0	3.796875	314.168471	319.238342	313.739473	327.822637	14.0831636	12.9619976	0	92	0	0	3
9725	2258	0	3.79882812	314.435043	319.189551	313.739473	327.822637	14.0831636	12.9619976	0	92	0	0	3
9730	2260	0	3.80078125	314.335924	319.139458	313.739473	327.822637	14.0831636	12.9619976	0	92	0	0	3
9735	2261	0	3.80273438	314.665681	319.092158	313.739473	327.822637	14.0831636	12.9619976	0	92	0	0	3
9740	2262	0	3.8046875	314.289607	319.039294	313.739473	326.999276	13.2598033	12.9619976	0	97.7	0	0	3
9745	2264	0	3.80664062	315.11159	318.992858	313.739473	326.925979	13.1865062	12.9619976	0	98.2	0	0	3
9750	2265	0	3.80859375	313.361033	318.940457	313.361033	326.925979	13.5649467	12.9619976	0	95.5	0	0	3
9755	2266	0	3.81054688	314.570569	318.892193	313.361033	326.8011	13.4400679	12.9619976	0	96.4	0	0	3
9760	2267	0	3.8125	314.132375	318.844613	313.361033	326.8011	13.4400679	12.9619976	0	96.4	0	0	3
9765	2269	0	3.81445312	313.83373	318.794584	313.361033	326.8011	13.4400679	12.9619976	0	96.4	0	0	3
9770	2270	0	3.81640625	314.190675	318.749418	313.361033	326.8011	13.4400679	12.9619976	0	96.4	0	0	3
9775	2271	0	3.81835938	314.611103	318.701801	313.361033	326.272224	12.9111911	12.9619976	0	100	0	0	3
