Iteration	CPUTime	PhysTime	Travels	Value	AvValue	MinValue	MaxValue	Delta	Criteria	PrevAvRefValue	Progress	CriteriaType	CriteriaVarType	CriteriaPercentage
1	1	0	0.000390625	1	1	1	1	0	0	0	0	0	0	3
5	2	0	0.001953125	0.385753015	0.692876508	0.385753015	1	0.307123492	0	0	0	0	0	3
10	3	0	0.00390625	0.490554243	0.625435753	0.385753015	1	0.374564247	0	0	0	0	0	3
15	5	0	0.005859375	0.497209971	0.593379307	0.385753015	1	0.406620693	0	0	0	0	0	3
20	6	0	0.0078125	0.501530115	0.575009469	0.385753015	1	0.424990531	0	0	0	0	0	3
25	7	0	0.009765625	0.505714786	0.563460355	0.385753015	1	0.436539645	0	0	0	0	0	3
30	8	0	0.01171875	0.508421883	0.555597716	0.385753015	1	0.444402284	0	0	0	0	0	3
35	9	0	0.013671875	0.510714981	0.549987374	0.385753015	1	0.450012626	0	0	0	0	0	3
40	11	0	0.015625	0.513021812	0.54588009	0.385753015	1	0.45411991	0	0	0	0	0	3
45	12	0	0.017578125	0.514725386	0.542764619	0.385753015	1	0.457235381	0	0	0	0	0	3
50	13	0	0.01953125	0.516611827	0.540387093	0.385753015	1	0.459612907	0	0	0	0	0	3
55	15	0	0.021484375	0.518320227	0.538548187	0.385753015	1	0.461451813	0	0	0	0	0	3
60	17	0	0.0234375	0.520134372	0.53713174	0.385753015	1	0.46286826	0	0	0	0	0	3
65	20	0	0.025390625	0.521751853	0.536033177	0.385753015	1	0.463966823	0	0	0	0	0	3
70	23	0	0.02734375	0.523445141	0.535193974	0.385753015	1	0.464806026	0	0	0	0	0	3
75	25	0	0.029296875	0.525136433	0.534565378	0.385753015	1	0.465434622	0	0	0	0	0	3
80	28	0	0.03125	0.526886444	0.534113676	0.385753015	1	0.465886324	0	0	0	0	0	3
85	30	0	0.033203125	0.528667291	0.533811099	0.385753015	1	0.466188901	0	0	0	0	0	3
90	33	0	0.03515625	0.530460469	0.53363475	0.385753015	1	0.46636525	0	0	0	0	0	3
95	35	0	0.037109375	0.532251093	0.533565567	0.385753015	1	0.466434433	0	0	0	0	0	3
100	37	0	0.0390625	0.5340272	0.53358755	0.385753015	1	0.466434433	0	0	0	0	0	3
105	40	0	0.041015625	0.53577883	0.533687153	0.385753015	1	0.466434433	0	0	0	0	0	3
110	43	0	0.04296875	0.537497725	0.53385283	0.385753015	1	0.466434433	0	0	0	0	0	3
115	45	0	0.044921875	0.539176607	0.534074654	0.385753015	1	0.466434433	0	0	0	0	0	3
120	48	0	0.046875	0.540809371	0.534344043	0.385753015	1	0.466434433	0	0	0	0	0	3
125	50	0	0.048828125	0.542390989	0.534653541	0.385753015	1	0.466434433	0	0	0	0	0	3
130	52	0	0.05078125	0.543917399	0.534996647	0.385753015	1	0.466434433	0	0	0	0	0	3
135	54	0	0.052734375	0.545385876	0.535367691	0.385753015	1	0.466434433	0	0	0	0	0	3
140	57	0	0.0546875	0.546794401	0.535761715	0.385753015	1	0.466434433	0	0	0	0	0	3
145	59	0	0.056640625	0.548141886	0.536174388	0.385753015	1	0.466434433	0	0	0	0	0	3
150	61	0	0.05859375	0.549428021	0.536601924	0.385753015	1	0.466434433	0	0	0	0	0	3
155	63	0	0.060546875	0.550653171	0.537041026	0.385753015	1	0.466434433	0	0	0	0	0	3
160	65	0	0.0625	0.551818256	0.53748882	0.385753015	1	0.466434433	0	0	0	0	0	3
165	67	0	0.064453125	0.552924708	0.537942817	0.385753015	1	0.466434433	0	0	0	0	0	3
170	70	0	0.06640625	0.553974757	0.538400873	0.385753015	1	0.466434433	0	0	0	0	0	3
175	72	0	0.068359375	0.554971962	0.538861181	0.385753015	1	0.466434433	0	0	0	0	0	3
180	74	0	0.0703125	0.555920015	0.53932223	0.385753015	1	0.466434433	0	0	0	0	0	3
185	76	0	0.072265625	0.556822574	0.539782766	0.385753015	1	0.466434433	0	0	0	0	0	3
190	78	0	0.07421875	0.557683178	0.54024175	0.385753015	1	0.466434433	0	0	0	0	0	3
195	81	0	0.076171875	0.558505292	0.540698339	0.385753015	1	0.466434433	0	0	0	0	0	3
200	83	0	0.078125	0.55929227	0.541151849	0.385753015	1	0.466434433	0	0	0	0	0	3
205	86	0	0.080078125	0.560047355	0.541601742	0.385753015	1	0.466434433	0	0	0	0	0	3
210	91	0	0.08203125	0.560773658	0.542047601	0.385753015	1	0.466434433	0	0	0	0	0	3
215	93	0	0.083984375	0.561474144	0.542489113	0.385753015	1	0.466434433	0	0	0	0	0	3
220	95	0	0.0859375	0.562151635	0.542926058	0.385753015	1	0.466434433	0	0	0	0	0	3
225	97	0	0.087890625	0.562808786	0.543358291	0.385753015	1	0.466434433	0	0	0	0	0	3
230	99	0	0.08984375	0.563448101	0.543785734	0.385753015	1	0.466434433	0	0	0	0	0	3
235	101	0	0.091796875	0.564071936	0.544208363	0.385753015	1	0.466434433	0	0	0	0	0	3
240	104	0	0.09375	0.564682499	0.544626203	0.385753015	1	0.466434433	0	0	0	0	0	3
245	106	0	0.095703125	0.565281847	0.545039316	0.385753015	1	0.466434433	0	0	0	0	0	3
250	108	0	0.09765625	0.565871892	0.545447798	0.385753015	1	0.466434433	0	0	0	0	0	3
255	110	0	0.099609375	0.566454408	0.545851771	0.385753015	1	0.466434433	0	0	0	0	0	3
260	112	0	0.1015625	0.56703104	0.54625138	0.385753015	1	0.466434433	0	0	0	0	0	3
265	114	0	0.103515625	0.567603305	0.546646786	0.385753015	1	0.466434433	0	0	0	0	0	3
270	116	0	0.10546875	0.568172604	0.547038164	0.385753015	1	0.466434433	0	0	0	0	0	3
275	118	0	0.107421875	0.56874023	0.547425701	0.385753015	1	0.466434433	0	0	0	0	0	3
280	120	0	0.109375	0.569307373	0.54780959	0.385753015	1	0.466434433	0	0	0	0	0	3
285	122	0	0.111328125	0.569875121	0.54819003	0.385753015	1	0.466434433	0	0	0	0	0	3
290	125	0	0.11328125	0.570444471	0.548567224	0.385753015	1	0.466434433	0	0	0	0	0	3
295	127	0	0.115234375	0.571016347	0.548941376	0.385753015	1	0.466434433	0	0	0	0	0	3
300	129	0	0.1171875	0.571591582	0.549312691	0.385753015	1	0.466434433	0	0	0	0	0	3
305	132	0	0.119140625	0.572170936	0.549681373	0.385753015	1	0.466434433	0	0	0	0	0	3
310	134	0	0.12109375	0.572755105	0.550047622	0.385753015	1	0.466434433	0	0	0	0	0	3
315	136	0	0.123046875	0.57334472	0.550411639	0.385753015	1	0.466434433	0	0	0	0	0	3
320	138	0	0.125	0.573940347	0.55077362	0.385753015	1	0.466434433	0	0	0	0	0	3
325	140	0	0.126953125	0.574542489	0.551133754	0.385753015	1	0.466434433	0	0	0	0	0	3
330	142	0	0.12890625	0.575151601	0.551492229	0.385753015	1	0.466434433	0	0	0	0	0	3
335	144	0	0.130859375	0.575768091	0.551849227	0.385753015	1	0.466434433	0	0	0	0	0	3
340	146	0	0.1328125	0.576392327	0.552204924	0.385753015	1	0.466434433	0	0	0	0	0	3
345	148	0	0.134765625	0.577024628	0.552559492	0.385753015	1	0.466434433	0	0	0	0	0	3
350	150	0	0.13671875	0.577665289	0.552913094	0.385753015	1	0.466434433	0	0	0	0	0	3
355	152	0	0.138671875	0.578314558	0.553265892	0.385753015	1	0.466434433	0	0	0	0	0	3
360	154	0	0.140625	0.578972646	0.55361804	0.385753015	1	0.466434433	0	0	0	0	0	3
365	156	0	0.142578125	0.579639736	0.553969684	0.385753015	1	0.466434433	0	0	0	0	0	3
370	158	0	0.14453125	0.580315986	0.554320968	0.385753015	1	0.466434433	0	0	0	0	0	3
375	160	0	0.146484375	0.581001533	0.554672028	0.385753015	1	0.466434433	0	0	0	0	0	3
380	162	0	0.1484375	0.581696486	0.555022995	0.385753015	1	0.466434433	0	0	0	0	0	3
385	164	0	0.150390625	0.582400932	0.555373995	0.385753015	1	0.466434433	0	0	0	0	0	3
390	166	0	0.15234375	0.583114946	0.555725146	0.385753015	1	0.466434433	0	0	0	0	0	3
395	168	0	0.154296875	0.583838576	0.556076564	0.385753015	1	0.466434433	0	0	0	0	0	3
400	170	0	0.15625	0.584571848	0.556428357	0.385753015	1	0.466434433	0	0	0	0	0	3
405	173	0	0.158203125	0.585314773	0.556780631	0.385753015	1	0.466434433	0	0	0	0	0	3
410	175	0	0.16015625	0.586067351	0.557133483	0.385753015	1	0.466434433	0	0	0	0	0	3
415	177	0	0.162109375	0.586829569	0.557487008	0.385753015	1	0.466434433	0	0	0	0	0	3
420	179	0	0.1640625	0.587601398	0.557841295	0.385753015	1	0.466434433	0	0	0	0	0	3
425	181	0	0.166015625	0.588382794	0.558196428	0.385753015	1	0.466434433	0	0	0	0	0	3
430	183	0	0.16796875	0.589173707	0.558552489	0.385753015	1	0.466434433	0	0	0	0	0	3
435	185	0	0.169921875	0.589974067	0.558909552	0.385753015	1	0.466434433	0	0	0	0	0	3
440	187	0	0.171875	0.590783798	0.55926769	0.385753015	1	0.466434433	0	0	0	0	0	3
445	189	0	0.173828125	0.591602821	0.559626969	0.385753015	1	0.466434433	0	0	0	0	0	3
450	191	0	0.17578125	0.59243105	0.559987454	0.385753015	1	0.466434433	0	0	0	0	0	3
455	192	0	0.177734375	0.59326839	0.560349203	0.385753015	1	0.466434433	0	0	0	0	0	3
460	195	0	0.1796875	0.594114738	0.560712273	0.385753015	1	0.466434433	0	0	0	0	0	3
465	196	0	0.181640625	0.594969981	0.561076717	0.385753015	1	0.466434433	0	0	0	0	0	3
470	198	0	0.18359375	0.595834006	0.561442583	0.385753015	1	0.466434433	0	0	0	0	0	3
475	200	0	0.185546875	0.596706692	0.561809917	0.385753015	1	0.466434433	0	0	0	0	0	3
480	202	0	0.1875	0.59758791	0.562178763	0.385753015	1	0.466434433	0	0	0	0	0	3
485	204	0	0.189453125	0.598477536	0.562549158	0.385753015	1	0.466434433	0	0	0	0	0	3
490	205	0	0.19140625	0.599375434	0.562921141	0.385753015	1	0.466434433	0	0	0	0	0	3
495	207	0	0.193359375	0.600281471	0.563294744	0.385753015	1	0.466434433	0	0	0	0	0	3
500	209	0	0.1953125	0.601195511	0.563669999	0.385753015	1	0.466434433	0	0	0	0	0	3
505	212	0	0.197265625	0.60211741	0.564046935	0.385753015	1	0.466434433	0	0	0	0	0	3
510	214	0	0.19921875	0.603047029	0.564425576	0.385753015	1	0.466434433	0	0	0	0	0	3
515	216	0	0.201171875	0.603984232	0.564805948	0.385753015	1	0.466434433	0	0	0	0	0	3
520	218	0	0.203125	0.604928891	0.565188071	0.385753015	1	0.466434433	0	0	0	0	0	3
525	219	0	0.205078125	0.605880881	0.565571966	0.385753015	1	0.466434433	0	0	0	0	0	3
530	221	0	0.20703125	0.606840091	0.565957649	0.385753015	1	0.466434433	0	0	0	0	0	3
535	223	0	0.208984375	0.607806434	0.566345138	0.385753015	1	0.466434433	0	0	0	0	0	3
540	225	0	0.2109375	0.608779864	0.566734447	0.385753015	1	0.466434433	0	0	0	0	0	3
545	227	0	0.212890625	0.609760406	0.567125593	0.385753015	1	0.466434433	0	0	0	0	0	3
550	228	0	0.21484375	0.610748171	0.567518589	0.385753015	1	0.466434433	0	0	0	0	0	3
555	230	0	0.216796875	0.611743421	0.567913453	0.385753015	1	0.466434433	0	0	0	0	0	3
560	232	0	0.21875	0.612746691	0.568310208	0.385753015	1	0.466434433	0	0	0	0	0	3
565	233	0	0.220703125	0.613758943	0.568708881	0.385753015	1	0.466434433	0	0	0	0	0	3
570	235	0	0.22265625	0.614781765	0.569109514	0.385753015	1	0.466434433	0	0	0	0	0	3
575	236	0	0.224609375	0.615817629	0.569512171	0.385753015	1	0.466434433	0	0	0	0	0	3
580	238	0	0.2265625	0.616870198	0.56991694	0.385753015	1	0.466434433	0	0	0	0	0	3
585	240	0	0.228515625	0.617944727	0.570323955	0.385753015	1	0.466434433	0	0	0	0	0	3
590	241	0	0.23046875	0.619048464	0.570733405	0.385753015	1	0.466434433	0	0	0	0	0	3
595	243	0	0.232421875	0.620191037	0.571145552	0.385753015	1	0.466434433	0	0	0	0	0	3
600	244	0	0.234375	0.621384754	0.571560752	0.385753015	1	0.466434433	0	0	0	0	0	3
605	247	0	0.236328125	0.622644535	0.571979471	0.385753015	1	0.466434433	0	0	0	0	0	3
610	248	0	0.23828125	0.623987259	0.572402299	0.385753015	1	0.466434433	0	0	0	0	0	3
615	250	0	0.240234375	0.625430143	0.572829943	0.385753015	1	0.466434433	0	0	0	0	0	3
620	252	0	0.2421875	0.62698743	0.573263203	0.385753015	1	0.466434433	0	0	0	0	0	3
625	253	0	0.244140625	0.628664815	0.573702898	0.385753015	1	0.466434433	0	0	0	0	0	3
630	254	0	0.24609375	0.630450361	0.574149728	0.385753015	1	0.466434433	0	0	0	0	0	3
635	256	0	0.248046875	0.632301342	0.574604038	0.385753015	1	0.466434433	0	0	0	0	0	3
640	258	0	0.25	0.634126344	0.575065451	0.385753015	1	0.466434433	0	0	0	0	0	3
645	259	0	0.251953125	0.635762425	0.575532351	0.385753015	1	0.466434433	0	0	0	0	0	3
650	260	0	0.25390625	0.63695146	0.576001199	0.385753015	1	0.466434433	0	0	0	0	0	3
655	262	0	0.255859375	0.637325534	0.576465777	0.385753015	1	0.466434433	0	0	0	0	0	3
660	263	0	0.2578125	0.636406665	0.576916461	0.385753015	1	0.466434433	0	0	0	0	0	3
665	264	0	0.259765625	0.53235718	0.576583929	0.385753015	1	0.466434433	0	0	0	0	0	3
670	266	0	0.26171875	0.440571092	0.575576426	0.385753015	1	0.466434433	0	0	0	0	0	3
675	267	0	0.263671875	0.344780522	0.573879398	0.344780522	1	0.466434433	0	0	0	0	0	3
680	269	0	0.265625	0.157623491	0.570841033	0.157623491	1	0.466434433	0	0	0	0	0	3
685	270	0	0.267578125	0.133082029	0.567668867	0.133082029	1	0.466434433	0	0	0	0	0	3
690	271	0	0.26953125	0.132787037	0.56454022	0.132787037	1	0.466434433	0	0	0	0	0	3
695	272	0	0.271484375	0.147880307	0.561564078	0.132787037	1	0.466434433	0	0	0	0	0	3
700	274	0	0.2734375	0.186810703	0.558906253	0.132787037	1	0.466434433	0	0	0	0	0	3
705	276	0	0.275390625	0.242833803	0.556680391	0.132787037	1	0.466434433	0	0	0	0	0	3
710	277	0	0.27734375	0.299407151	0.554881277	0.132787037	1	0.466434433	0	0	0	0	0	3
715	278	0	0.279296875	0.353832288	0.553485103	0.132787037	1	0.466434433	0	0	0	0	0	3
720	279	0	0.28125	0.401395639	0.552436211	0.132787037	1	0.466434433	0	0	0	0	0	3
725	281	0	0.283203125	0.445436778	0.551703338	0.132787037	1	0.466434433	0	0	0	0	0	3
730	282	0	0.28515625	0.471835677	0.55116002	0.132787037	1	0.466434433	0	0	0	0	0	3
735	283	0	0.287109375	0.487962819	0.550733012	0.132787037	1	0.466434433	0	0	0	0	0	3
740	284	0	0.2890625	0.496641354	0.550369981	0.132787037	1	0.466434433	0	0	0	0	0	3
745	285	0	0.291015625	0.502942029	0.550053795	0.132787037	1	0.466434433	0	0	0	0	0	3
750	286	0	0.29296875	0.506598952	0.549766014	0.132787037	1	0.466434433	0	0	0	0	0	3
755	288	0	0.294921875	0.508644075	0.549495475	0.132787037	1	0.466434433	0	0	0	0	0	3
760	289	0	0.296875	0.511356826	0.549246203	0.132787037	1	0.466434433	0	0	0	0	0	3
765	290	0	0.298828125	0.512415926	0.549007045	0.132787037	1	0.466434433	0	0	0	0	0	3
770	291	0	0.30078125	0.514467584	0.54878421	0.132787037	1	0.466434433	0	0	0	0	0	3
775	292	0	0.302734375	0.515306429	0.548569609	0.132787037	1	0.466434433	0	0	0	0	0	3
780	293	0	0.3046875	0.516767427	0.548367047	0.132787037	1	0.466434433	0	0	0	0	0	3
785	294	0	0.306640625	0.517723284	0.548173099	0.132787037	1	0.466434433	0	0	0	0	0	3
790	295	0	0.30859375	0.518393417	0.547985806	0.132787037	1	0.466434433	0	0	0	0	0	3
795	296	0	0.310546875	0.519629783	0.547808581	0.132787037	1	0.466434433	0	0	0	0	0	3
800	297	0	0.3125	0.520323602	0.547637866	0.132787037	1	0.466434433	0	0	0	0	0	3
805	299	0	0.314453125	0.521141682	0.54747431	0.132787037	1	0.466434433	0	0	0	0	0	3
810	300	0	0.31640625	0.522257663	0.547319606	0.132787037	1	0.466434433	0	0	0	0	0	3
815	301	0	0.318359375	0.523029246	0.547171494	0.132787037	1	0.466434433	0	0	0	0	0	3
820	302	0	0.3203125	0.524054016	0.547031388	0.132787037	1	0.466434433	0	0	0	0	0	3
825	303	0	0.322265625	0.524842264	0.546897719	0.132787037	1	0.466434433	0	0	0	0	0	3
830	304	0	0.32421875	0.525642083	0.54677044	0.132787037	1	0.466434433	0	0	0	0	0	3
835	305	0	0.326171875	0.526579458	0.546650255	0.132787037	1	0.466434433	0	0	0	0	0	3
840	306	0	0.328125	0.528674209	0.546543888	0.132787037	1	0.466434433	0	0	0	0	0	3
845	307	0	0.330078125	0.529666527	0.54644461	0.132787037	1	0.466434433	0	0	0	0	0	3
850	307	0	0.33203125	0.529927849	0.54634802	0.132787037	1	0.466434433	0	0	0	0	0	3
855	308	0	0.333984375	0.531319872	0.546260647	0.132787037	1	0.466434433	0	0	0	0	0	3
860	309	0	0.3359375	0.532226054	0.546179523	0.132787037	1	0.466434433	0	0	0	0	0	3
865	310	0	0.337890625	0.532962569	0.546103563	0.132787037	1	0.466434433	0	0	0	0	0	3
870	311	0	0.33984375	0.533468995	0.546031366	0.132787037	1	0.466434433	0	0	0	0	0	3
875	312	0	0.341796875	0.534187566	0.545964071	0.132787037	1	0.466434433	0	0	0	0	0	3
880	313	0	0.34375	0.534607921	0.545899912	0.132787037	1	0.466434433	0	0	0	0	0	3
885	314	0	0.345703125	0.535163396	0.545839595	0.132787037	1	0.466434433	0	0	0	0	0	3
890	315	0	0.34765625	0.535387852	0.545781205	0.132787037	1	0.466434433	0	0	0	0	0	3
895	315	0	0.349609375	0.535444369	0.545723778	0.132787037	1	0.466434433	0	0	0	0	0	3
900	316	0	0.3515625	0.535305762	0.54566622	0.132787037	1	0.466434433	0	0	0	0	0	3
905	318	0	0.353515625	0.535035148	0.545607808	0.132787037	1	0.466434433	0	0	0	0	0	3
910	319	0	0.35546875	0.534634247	0.545547843	0.132787037	1	0.466434433	0	0	0	0	0	3
915	320	0	0.357421875	0.534042621	0.545485314	0.132787037	1	0.466434433	0	0	0	0	0	3
920	321	0	0.359375	0.533351941	0.545419729	0.132787037	1	0.466434433	0	0	0	0	0	3
925	321	0	0.361328125	0.532355481	0.545349491	0.132787037	1	0.466434433	0	0	0	0	0	3
930	322	0	0.36328125	0.531177863	0.545273707	0.132787037	1	0.466434433	0	0	0	0	0	3
935	323	0	0.365234375	0.520517366	0.545142024	0.132787037	1	0.466434433	0	0	0	0	0	3
940	324	0	0.3671875	0.510952971	0.54496113	0.132787037	1	0.466434433	0	0	0	0	0	3
945	325	0	0.369140625	0.503553076	0.544743192	0.132787037	1	0.466434433	0	0	0	0	0	3
950	325	0	0.37109375	0.45769985	0.544287468	0.132787037	1	0.466434433	0	0	0	0	0	3
955	326	0	0.373046875	0.41914751	0.543635697	0.132787037	1	0.466434433	0	0	0	0	0	3
960	327	0	0.375	0.396927737	0.542875553	0.132787037	1	0.466434433	0	0	0	0	0	3
965	328	0	0.376953125	0.376891188	0.542019963	0.132787037	1	0.466434433	0	0	0	0	0	3
970	329	0	0.37890625	0.355945455	0.541065735	0.132787037	1	0.466434433	0	0	0	0	0	3
975	329	0	0.380859375	0.338175838	0.540030582	0.132787037	1	0.466434433	0	0	0	0	0	3
980	330	0	0.3828125	0.326984485	0.53894913	0.132787037	1	0.466434433	0	0	0	0	0	3
985	331	0	0.384765625	0.328233834	0.537884911	0.132787037	1	0.466434433	0	0	0	0	0	3
990	332	0	0.38671875	0.338862802	0.5368848	0.132787037	1	0.466434433	0	0	0	0	0	3
995	333	0	0.388671875	0.35855889	0.535993171	0.132787037	1	0.466434433	0	0	0	0	0	3
1000	333	0	0.390625	0.378307215	0.535208664	0.132787037	1	0.466434433	0	0	0	0	0	3
1005	335	0	0.392578125	0.403004437	0.534554187	0.132787037	1	0.466434433	0	0	0	0	0	3
1010	336	0	0.39453125	0.418425544	0.533982125	0.132787037	1	0.466434433	0	0	0	0	0	3
1015	337	0	0.396484375	0.429639285	0.53347064	0.132787037	1	0.46652936	0	0	0	0	0	3
1020	338	0	0.3984375	0.436985658	0.532999982	0.132787037	1	0.467000018	0	0	0	0	0	3
1025	339	0	0.400390625	0.440015694	0.532548602	0.132787037	1	0.467451398	0	0	0	0	0	3
1030	339	0	0.40234375	0.441873731	0.532110559	0.132787037	1	0.467889441	0	0	0	0	0	3
1035	340	0	0.404296875	0.440409427	0.531669688	0.132787037	1	0.468330312	0	0	0	0	0	3
1040	341	0	0.40625	0.438740135	0.531225049	0.132787037	1	0.468774951	0	0	0	0	0	3
1045	342	0	0.408203125	0.435344885	0.530768477	0.132787037	1	0.469231523	0	0	0	0	0	3
1050	343	0	0.41015625	0.430800352	0.530294694	0.132787037	1	0.469705306	0	0	0	0	0	3
1055	343	0	0.412109375	0.425471374	0.529800245	0.132787037	1	0.470199755	0	0	0	0	0	3
1060	344	0	0.4140625	0.419119739	0.529280618	0.132787037	1	0.470719382	0	0	0	0	0	3
1065	345	0	0.416015625	0.412750632	0.528736085	0.132787037	1	0.471263915	0	0	0	0	0	3
1070	346	0	0.41796875	0.405207612	0.528161534	0.132787037	1	0.471838466	0	0	0	0	0	3
1075	347	0	0.419921875	0.397081075	0.52755468	0.132787037	1	0.47244532	0	0	0	0	0	3
1080	347	0	0.421875	0.388864777	0.526915556	0.132787037	1	0.473084444	0	0	0	0	0	3
1085	348	0	0.423828125	0.379934671	0.526241332	0.132787037	1	0.473758668	0	0	0	0	0	3
1090	349	0	0.42578125	0.370548201	0.525530405	0.132787037	1	0.474469595	0	0	0	0	0	3
1095	350	0	0.427734375	0.360972229	0.524782413	0.132787037	1	0.475217587	0	0	0	0	0	3
1100	351	0	0.4296875	0.351171232	0.523996842	0.132787037	1	0.476003158	0	0	0	0	0	3
1105	352	0	0.431640625	0.341101176	0.523172988	0.132787037	1	0.476827012	0	0	0	0	0	3
1110	353	0	0.43359375	0.33093705	0.522310943	0.132787037	1	0.477689057	0	0	0	0	0	3
1115	354	0	0.435546875	0.321431779	0.521414161	0.132787037	1	0.478585839	0	0	0	0	0	3
1120	355	0	0.4375	0.311814182	0.520482606	0.132787037	1	0.479517394	0	0	0	0	0	3
1125	356	0	0.439453125	0.30181314	0.519515042	0.132787037	1	0.480484958	0	0	0	0	0	3
1130	356	0	0.44140625	0.293028846	0.518517305	0.132787037	1	0.481482695	0	0	0	0	0	3
1135	357	0	0.443359375	0.289788421	0.517514108	0.132787037	1	0.482485892	0	0	0	0	0	3
1140	358	0	0.4453125	0.290825266	0.5165242	0.132787037	1	0.4834758	0	0	0	0	0	3
1145	359	0	0.447265625	0.2814291	0.515502048	0.132787037	1	0.484497952	0	0	0	0	0	3
1150	360	0	0.44921875	0.279578591	0.514480734	0.132787037	1	0.485519266	0	0	0	0	0	3
1155	361	0	0.451171875	0.285947715	0.513495678	0.132787037	1	0.486504322	0	0	0	0	0	3
1160	361	0	0.453125	0.294415725	0.512555421	0.132787037	1	0.487444579	0	0	0	0	0	3
1165	362	0	0.455078125	0.304248109	0.511665219	0.132787037	1	0.488334781	0	0	0	0	0	3
1170	363	0	0.45703125	0.392057993	0.511156252	0.132787037	1	0.488843748	0	0	0	0	0	3
1175	364	0	0.458984375	0.386574868	0.510628364	0.132787037	1	0.489371636	0	0	0	0	0	3
1180	365	0	0.4609375	0.357426201	0.509981942	0.132787037	1	0.490018058	0	0	0	0	0	3
1185	366	0	0.462890625	0.353266605	0.509323474	0.132787037	1	0.490676526	0	0	0	0	0	3
1190	366	0	0.46484375	0.355762906	0.508680961	0.132787037	1	0.491319039	0	0	0	0	0	3
1195	367	0	0.466796875	0.36207017	0.508070083	0.132787037	1	0.491929917	0	0	0	0	0	3
1200	368	0	0.46875	0.367648214	0.50748742	0.132787037	1	0.49251258	0	0	0	0	0	3
1205	370	0	0.470703125	0.372273745	0.506928685	0.132787037	1	0.493071315	0	0	0	0	0	3
1210	371	0	0.47265625	0.375436285	0.506387564	0.132787037	1	0.493612436	0	0	0	0	0	3
1215	372	0	0.474609375	0.38032199	0.505870902	0.132787037	1	0.494129098	0	0	0	0	0	3
1220	373	0	0.4765625	0.382905201	0.505369001	0.132787037	1	0.494630999	0	0	0	0	0	3
1225	374	0	0.478515625	0.388725727	0.504894842	0.132787037	1	0.495105158	0	0	0	0	0	3
1230	374	0	0.48046875	0.395043366	0.504450099	0.132787037	1	0.495549901	0	0	0	0	0	3
1235	375	0	0.482421875	0.39767822	0.504019567	0.132787037	1	0.495980433	0	0	0	0	0	3
1240	376	0	0.484375	0.403485475	0.503615816	0.132787037	1	0.496384184	0	0	0	0	0	3
1245	377	0	0.486328125	0.408688472	0.503236106	0.132787037	1	0.496763894	0	0	0	0	0	3
1250	378	0	0.48828125	0.412911029	0.502876245	0.132787037	1	0.497123755	0	0	0	0	0	3
1255	379	0	0.490234375	0.417528203	0.502537563	0.132787037	1	0.497462437	0	0	0	0	0	3
1260	380	0	0.4921875	0.422941796	0.502222955	0.132787037	1	0.497777045	0	0	0	0	0	3
1265	380	0	0.494140625	0.42861017	0.501933141	0.132787037	1	0.498066859	0	0	0	0	0	3
1270	381	0	0.49609375	0.432879542	0.501662342	0.132787037	1	0.498337658	0	0	0	0	0	3
1275	382	0	0.498046875	0.439839167	0.501420846	0.132787037	1	0.498579154	0	0	0	0	0	3
1280	383	0	0.5	0.444125912	0.501197908	0.132787037	1	0.498802092	0	0	0	0	0	3
1285	384	0	0.501953125	0.450125636	0.499500918	0.132787037	0.637325534	0.125934835	0	0	0	0	0	3
1290	385	0	0.50390625	0.457595174	0.499372172	0.132787037	0.637325534	0.0940071355	0	0	0	0	0	3
1295	385	0	0.505859375	0.459805139	0.499226059	0.132787037	0.637325534	0.0776904017	0	0	0	0	0	3
1300	386	0	0.5078125	0.46655684	0.499089445	0.132787037	0.637325534	0.0778270161	0	0	0	0	0	3
1305	388	0	0.509765625	0.470389955	0.498951457	0.132787037	0.637325534	0.0779650037	0	0	0	0	0	3
1310	389	0	0.51171875	0.475984989	0.498824751	0.132787037	0.637325534	0.0780917103	0	0	0	0	0	3
1315	390	0	0.513671875	0.479879645	0.4987043	0.132787037	0.637325534	0.0782121608	0	0	0	0	0	3
1320	391	0	0.515625	0.485909326	0.498598392	0.132787037	0.637325534	0.078318069	0	0	0	0	0	3
1325	392	0	0.517578125	0.490205422	0.498502611	0.132787037	0.637325534	0.0784138501	0	0	0	0	0	3
1330	392	0	0.51953125	0.494943449	0.498417969	0.132787037	0.637325534	0.0784984922	0	0	0	0	0	3
1335	393	0	0.521484375	0.497606877	0.498337057	0.132787037	0.637325534	0.0785794037	0	0	0	0	0	3
1340	394	0	0.5234375	0.540147877	0.498415235	0.132787037	0.637325534	0.0785794037	0	0	0	0	0	3
1345	395	0	0.525390625	0.54529863	0.498507214	0.132787037	0.637325534	0.0785794037	0	0	0	0	0	3
1350	396	0	0.52734375	0.551307387	0.498616051	0.132787037	0.637325534	0.0785794037	0	0	0	0	0	3
1355	397	0	0.529296875	0.556290138	0.498737746	0.132787037	0.637325534	0.0785794037	0	0	0	0	0	3
1360	397	0	0.53125	0.558370461	0.49886073	0.132787037	0.637325534	0.0785794037	0	0	0	0	0	3
1365	398	0	0.533203125	0.559617636	0.49898163	0.132787037	0.637325534	0.0785794037	0	0	0	0	0	3
1370	399	0	0.53515625	0.563978904	0.499112561	0.132787037	0.637325534	0.0785794037	0	0	0	0	0	3
1375	400	0	0.537109375	0.568338624	0.499253528	0.132787037	0.637325534	0.0785794037	0	0	0	0	0	3
1380	401	0	0.5390625	0.569721887	0.49939296	0.132787037	0.637325534	0.0785794037	0	0	0	0	0	3
1385	402	0	0.541015625	0.572984503	0.499538295	0.132787037	0.637325534	0.0785794037	0	0	0	0	0	3
1390	402	0	0.54296875	0.577402832	0.499694174	0.132787037	0.637325534	0.0785794037	0	0	0	0	0	3
1395	403	0	0.544921875	0.581312554	0.499858768	0.132787037	0.637325534	0.0785794037	0	0	0	0	0	3
1400	404	0	0.546875	0.582600338	0.500022014	0.132787037	0.637325534	0.0785794037	0	0	0	0	0	3
1405	406	0	0.548828125	0.585732912	0.500191318	0.132787037	0.637325534	0.0785794037	0	0	0	0	0	3
1410	407	0	0.55078125	0.589924854	0.500371035	0.132787037	0.637325534	0.0785794037	0	0	0	0	0	3
1415	408	0	0.552734375	0.592157999	0.500553739	0.132787037	0.637325534	0.0785794037	0	0	0	0	0	3
1420	409	0	0.5546875	0.594321495	0.500739391	0.132787037	0.637325534	0.0785794037	0	0	0	0	0	3
1425	410	0	0.556640625	0.598675586	0.500936788	0.132787037	0.637325534	0.0785794037	0	0	0	0	0	3
1430	410	0	0.55859375	0.601040237	0.501138399	0.132787037	0.637325534	0.0785794037	0	0	0	0	0	3
1435	411	0	0.560546875	0.605000967	0.501350695	0.132787037	0.637325534	0.0785794037	0	0	0	0	0	3
1440	412	0	0.5625	0.609739046	0.501576948	0.132787037	0.637325534	0.0785794037	0	0	0	0	0	3
1445	413	0	0.564453125	0.613129237	0.501812122	0.132787037	0.637325534	0.0785794037	0	0	0	0	0	3
1450	414	0	0.56640625	0.613372774	0.502044145	0.132787037	0.637325534	0.0785794037	0	0	0	0	0	3
1455	415	0	0.568359375	0.614906143	0.502278263	0.132787037	0.637325534	0.0785794037	0	0	0	0	0	3
1460	416	0	0.5703125	0.619091644	0.502525027	0.132787037	0.637325534	0.0785794037	0	0	0	0	0	3
1465	416	0	0.572265625	0.623434697	0.502785231	0.132787037	0.637325534	0.0785794037	0	0	0	0	0	3
1470	417	0	0.57421875	0.625599217	0.503050528	0.132787037	0.637325534	0.0785794037	0	0	0	0	0	3
1475	418	0	0.576171875	0.627897778	0.503321592	0.132787037	0.637325534	0.0785794037	0	0	0	0	0	3
1480	419	0	0.578125	0.63053684	0.503599892	0.132787037	0.637325534	0.0785794037	0	0	0	0	0	3
1485	420	0	0.580078125	0.633014602	0.50388492	0.132787037	0.637325534	0.0785794037	0	0	0	0	0	3
1490	421	0	0.58203125	0.634747251	0.504173879	0.132787037	0.637325534	0.0785794037	0	0	0	0	0	3
1495	422	0	0.583984375	0.636316455	0.504466232	0.132787037	0.637325534	0.0785794037	0	0	0	0	0	3
1500	422	0	0.5859375	0.639097374	0.504766801	0.132787037	0.639097374	0.0785794037	0	0	0	0	0	3
1505	425	0	0.587890625	0.638614377	0.505062917	0.132787037	0.639097374	0.0785794037	0	0	0	0	0	3
1510	425	0	0.58984375	0.638685079	0.505356811	0.132787037	0.639097374	0.0785794037	0	0	0	0	0	3
1515	426	0	0.591796875	0.642090982	0.505661573	0.132787037	0.642090982	0.0785794037	0	0	0	0	0	3
1520	427	0	0.59375	0.645634577	0.505977792	0.132787037	0.645634577	0.0785794037	0	0	0	0	0	3
1525	428	0	0.595703125	0.6476818	0.506299667	0.132787037	0.6476818	0.0785794037	0	0	0	0	0	3
1530	429	0	0.59765625	0.649782683	0.506627444	0.132787037	0.649782683	0.0785794037	0	0	0	0	0	3
1535	430	0	0.599609375	0.651941948	0.506961379	0.132787037	0.651941948	0.0785794037	0	0	0	0	0	3
1540	431	0	0.6015625	0.65349532	0.50729913	0.132787037	0.65349532	0.0785794037	0	0	0	0	0	3
1545	431	0	0.603515625	0.654002415	0.507636627	0.132787037	0.654002415	0.0785794037	0	0	0	0	0	3
1550	432	0	0.60546875	0.656641113	0.507982207	0.132787037	0.656641113	0.0785794037	0	0	0	0	0	3
1555	433	0	0.607421875	0.659645103	0.508337304	0.132787037	0.659645103	0.0785794037	0	0	0	0	0	3
1560	434	0	0.609375	0.660093837	0.508691939	0.132787037	0.660093837	0.0785794037	0	0	0	0	0	3
1565	435	0	0.611328125	0.663483867	0.509057598	0.132787037	0.663483867	0.0785794037	0	0	0	0	0	3
1570	436	0	0.61328125	0.665875086	0.509430374	0.132787037	0.665875086	0.0785794037	0	0	0	0	0	3
1575	437	0	0.615234375	0.666269551	0.509802457	0.132787037	0.666269551	0.0785794037	0	0	0	0	0	3
1580	437	0	0.6171875	0.669166557	0.510183609	0.132787037	0.669166557	0.0785794037	0	0	0	0	0	3
1585	438	0	0.619140625	0.669304694	0.510563038	0.132787037	0.669304694	0.0785794037	0	0	0	0	0	3
1590	439	0	0.62109375	0.666524859	0.510929326	0.132787037	0.669304694	0.0785794037	0	0	0	0	0	3
1595	440	0	0.623046875	0.667698371	0.511297895	0.132787037	0.669304694	0.0785794037	0	0	0	0	0	3
1600	441	0	0.625	0.66843339	0.511667008	0.132787037	0.669304694	0.0785794037	0	0	0	0	0	3
1605	443	0	0.626953125	0.670663326	0.51204248	0.132787037	0.670663326	0.0785794037	0	0	0	0	0	3
1610	444	0	0.62890625	0.672336923	0.51242211	0.132787037	0.672336923	0.0785794037	0	0	0	0	0	3
1615	445	0	0.630859375	0.672459124	0.51279981	0.132787037	0.672459124	0.0785794037	0	0	0	0	0	3
1620	446	0	0.6328125	0.672214463	0.513174115	0.132787037	0.672459124	0.0785794037	0	0	0	0	0	3
1625	446	0	0.634765625	0.673557274	0.513551196	0.132787037	0.673557274	0.0785794037	0	0	0	0	0	3
1630	447	0	0.63671875	0.674594568	0.513929826	0.132787037	0.674594568	0.0785794037	0	0	0	0	0	3
1635	448	0	0.638671875	0.675260122	0.514308519	0.132787037	0.675260122	0.0785794037	0	0	0	0	0	3
1640	449	0	0.640625	0.67638802	0.514689048	0.132787037	0.67638802	0.0785794037	0	0	0	0	0	3
1645	450	0	0.642578125	0.677327488	0.515070641	0.132787037	0.677327488	0.0785794037	0	0	0	0	0	3
1650	451	0	0.64453125	0.677228992	0.515449207	0.132787037	0.677327488	0.0785794037	0	0	0	0	0	3
1655	452	0	0.646484375	0.679319527	0.515833262	0.132787037	0.679319527	0.0785794037	0	0	0	0	0	3
1660	453	0	0.6484375	0.681848156	0.516224479	0.132787037	0.681848156	0.0785794037	0	0	0	0	0	3
1665	453	0	0.650390625	0.683516806	0.516619463	0.132787037	0.683516806	0.0785794037	0	0	0	0	0	3
1670	454	0	0.65234375	0.685650292	0.517019992	0.132787037	0.685650292	0.0785794037	0	0	0	0	0	3
1675	455	0	0.654296875	0.685472631	0.517417	0.132787037	0.685650292	0.0785794037	0	0	0	0	0	3
1680	456	0	0.65625	0.687599742	0.517819453	0.132787037	0.687599742	0.0785794037	0	0	0	0	0	3
1685	457	0	0.658203125	0.688093595	0.518220932	0.132787037	0.688093595	0.0785794037	0	0	0	0	0	3
1690	458	0	0.66015625	0.689030288	0.518623131	0.132787037	0.689030288	0.0785794037	0	0	0	0	0	3
1695	458	0	0.662109375	0.690295738	0.519027296	0.132787037	0.690295738	0.0785794037	0	0	0	0	0	3
1700	459	0	0.6640625	0.6917387	0.519434082	0.132787037	0.6917387	0.0785794037	0	0	0	0	0	3
1705	461	0	0.666015625	0.692860115	0.519842197	0.132787037	0.692860115	0.0785794037	0	0	0	0	0	3
1710	462	0	0.66796875	0.691712204	0.520242738	0.132787037	0.692860115	0.0785794037	0	0	0	0	0	3
1715	463	0	0.669921875	0.694758091	0.520652051	0.132787037	0.694758091	0.0785794037	0	0	0	0	0	3
1720	464	0	0.671875	0.69593295	0.521062789	0.132787037	0.69593295	0.0785794037	0	0	0	0	0	3
1725	465	0	0.673828125	0.696804731	0.521473734	0.132787037	0.696804731	0.0785794037	0	0	0	0	0	3
1730	466	0	0.67578125	0.696802767	0.521881436	0.132787037	0.696804731	0.0785794037	0	0	0	0	0	3
1735	466	0	0.677734375	0.697696947	0.52228936	0.132787037	0.697696947	0.0785794037	0	0	0	0	0	3
1740	467	0	0.6796875	0.698732027	0.522698022	0.132787037	0.698732027	0.0785794037	0	0	0	0	0	3
1745	468	0	0.681640625	0.699687761	0.523107076	0.132787037	0.699687761	0.0785794037	0	0	0	0	0	3
1750	469	0	0.68359375	0.701102889	0.523518282	0.132787037	0.701102889	0.0785794037	0	0	0	0	0	3
1755	470	0	0.685546875	0.698917384	0.523917543	0.132787037	0.701102889	0.0785794037	0	0	0	0	0	3
1760	471	0	0.6875	0.701245667	0.524322456	0.132787037	0.701245667	0.0785794037	0	0	0	0	0	3
1765	472	0	0.689453125	0.701670701	0.524725554	0.132787037	0.701670701	0.0785794037	0	0	0	0	0	3
1770	472	0	0.69140625	0.704215341	0.525135085	0.132787037	0.704215341	0.0785794037	0	0	0	0	0	3
1775	473	0	0.693359375	0.703909828	0.525539883	0.132787037	0.704215341	0.0785794037	0	0	0	0	0	3
1780	474	0	0.6953125	0.706134702	0.525949802	0.132787037	0.706134702	0.0785794037	0	0	0	0	0	3
1785	475	0	0.697265625	0.705571465	0.526353919	0.132787037	0.706134702	0.0785794037	0	0	0	0	0	3
1790	476	0	0.69921875	0.706078981	0.526756388	0.132787037	0.706134702	0.0785794037	0	0	0	0	0	3
1795	477	0	0.701171875	0.707817669	0.527161987	0.132787037	0.707817669	0.0785794037	0	0	0	0	0	3
1800	478	0	0.703125	0.707660505	0.527563283	0.132787037	0.707817669	0.0785794037	0	0	0	0	0	3
1805	479	0	0.705078125	0.708876254	0.527965608	0.132787037	0.708876254	0.0785794037	0	0	0	0	0	3
1810	480	0	0.70703125	0.709554127	0.528366835	0.132787037	0.709554127	0.0785794037	0	0	0	0	0	3
1815	481	0	0.708984375	0.711024954	0.528770032	0.132787037	0.711024954	0.0785794037	0	0	0	0	0	3
1820	482	0	0.7109375	0.709704332	0.529164269	0.132787037	0.711024954	0.0785794037	0	0	0	0	0	3
1825	483	0	0.712890625	0.712433223	0.529565334	0.132787037	0.712433223	0.0785794037	0	0	0	0	0	3
1830	484	0	0.71484375	0.71319851	0.529965531	0.132787037	0.71319851	0.0785794037	0	0	0	0	0	3
1835	485	0	0.716796875	0.71165439	0.530355808	0.132787037	0.71319851	0.0785794037	0	0	0	0	0	3
1840	485	0	0.71875	0.714063152	0.530751576	0.132787037	0.714063152	0.0785794037	0	0	0	0	0	3
1845	486	0	0.720703125	0.714107496	0.531143562	0.132787037	0.714107496	0.0785794037	0	0	0	0	0	3
1850	487	0	0.72265625	0.713845636	0.53153053	0.132787037	0.714107496	0.0785794037	0	0	0	0	0	3
1855	488	0	0.724609375	0.71496052	0.531917807	0.132787037	0.71496052	0.0785794037	0	0	0	0	0	3
1860	489	0	0.7265625	0.716573956	0.532307275	0.132787037	0.716573956	0.0785794037	0	0	0	0	0	3
1865	490	0	0.728515625	0.715735768	0.532689271	0.132787037	0.716573956	0.0785794037	0	0	0	0	0	3
1870	491	0	0.73046875	0.7182147	0.533076639	0.132787037	0.7182147	0.0785794037	0	0	0	0	0	3
1875	491	0	0.732421875	0.71792286	0.533458404	0.132787037	0.7182147	0.0785794037	0	0	0	0	0	3
1880	492	0	0.734375	0.720356388	0.533845012	0.132787037	0.720356388	0.0785794037	0	0	0	0	0	3
1885	493	0	0.736328125	0.719706281	0.53422416	0.132787037	0.720356388	0.0785794037	0	0	0	0	0	3
1890	494	0	0.73828125	0.720784851	0.534602275	0.132787037	0.720784851	0.0785794037	0	0	0	0	0	3
1895	495	0	0.740234375	0.720618594	0.534974105	0.132787037	0.720784851	0.0785794037	0	0	0	0	0	3
1900	496	0	0.7421875	0.720119655	0.535337903	0.132787037	0.720784851	0.0785794037	0	0	0	0	0	3
1905	498	0	0.744140625	0.72288194	0.535705939	0.132787037	0.72288194	0.0785794037	0	0	0	0	0	3
1910	498	0	0.74609375	0.722765958	0.536066546	0.132787037	0.72288194	0.0785794037	0	0	0	0	0	3
1915	499	0	0.748046875	0.721139814	0.536413572	0.132787037	0.72288194	0.0785794037	0	0	0	0	0	3
1920	500	0	0.75	0.725289497	0.536769678	0.132787037	0.725289497	0.0785794037	0	0	0	0	0	3
1925	501	0	0.751953125	0.724701278	0.537117095	0.132787037	0.725289497	0.0785794037	0	0	0	0	0	3
1930	502	0	0.75390625	0.724998014	0.537461027	0.132787037	0.725289497	0.0785794037	0	0	0	0	0	3
1935	503	0	0.755859375	0.725523687	0.537805551	0.132787037	0.725523687	0.0785794037	0	0	0	0	0	3
1940	504	0	0.7578125	0.726452938	0.538157294	0.132787037	0.726452938	0.0782468718	0	0	0	0	0	3
1945	505	0	0.759765625	0.725652787	0.538912355	0.132787037	0.726452938	0.0772393693	0	0	0	0	0	3
1950	505	0	0.76171875	0.725789374	0.540026489	0.132787037	0.726452938	0.0755423406	0	0	0	0	0	3
1955	506	0	0.763671875	0.72779047	0.541522622	0.132787037	0.72779047	0.0725039763	0	0	0	0	0	3
1960	507	0	0.765625	0.727509584	0.543748739	0.132787037	0.72779047	0.0693318096	0	0	0	0	0	3
1965	508	0	0.767578125	0.728097745	0.546073019	0.132787037	0.728097745	0.0662031633	0	0	0	0	0	3
1970	509	0	0.76953125	0.72781197	0.548397336	0.147880307	0.728097745	0.0632270211	0	0	0	0	0	3
1975	510	0	0.771484375	0.729320093	0.550668585	0.186810703	0.729320093	0.0605691957	0	0	0	0	0	3
1980	511	0	0.7734375	0.728804321	0.552785747	0.242833803	0.729320093	0.0583433334	0	0	0	0	0	3
1985	512	0	0.775390625	0.729820117	0.554688038	0.279578591	0.729820117	0.0565442199	0	0	0	0	0	3
1990	513	0	0.77734375	0.732278071	0.55637894	0.279578591	0.732278071	0.0580418826	0	0	0	0	0	3
1995	513	0	0.779296875	0.731323618	0.557853515	0.279578591	0.732278071	0.0595164581	0	0	0	0	0	3
2000	514	0	0.78125	0.731500363	0.559142987	0.279578591	0.732278071	0.0608059296	0	0	0	0	0	3
2005	516	0	0.783203125	0.733571252	0.560268512	0.279578591	0.733571252	0.0619314549	0	0	0	0	0	3
2010	517	0	0.78515625	0.732620774	0.561287204	0.279578591	0.733571252	0.0629501467	0	0	0	0	0	3
2015	518	0	0.787109375	0.733548125	0.562246521	0.279578591	0.733571252	0.0639094643	0	0	0	0	0	3
2020	519	0	0.7890625	0.734977046	0.56317752	0.279578591	0.734977046	0.0648404631	0	0	0	0	0	3
2025	520	0	0.791015625	0.734084607	0.564080421	0.279578591	0.734977046	0.0657433638	0	0	0	0	0	3
2030	521	0	0.79296875	0.733591408	0.56496711	0.279578591	0.734977046	0.0666300531	0	0	0	0	0	3
2035	521	0	0.794921875	0.736324228	0.565856486	0.279578591	0.736324228	0.0675194287	0	0	0	0	0	3
2040	522	0	0.796875	0.736018924	0.566734072	0.279578591	0.736324228	0.068397015	0	0	0	0	0	3
2045	523	0	0.798828125	0.734644487	0.567602152	0.279578591	0.736324228	0.0692650953	0	0	0	0	0	3
2050	524	0	0.80078125	0.738038344	0.568475476	0.279578591	0.738038344	0.0701384186	0	0	0	0	0	3
2055	525	0	0.802734375	0.736889302	0.569341034	0.279578591	0.738038344	0.0710039767	0	0	0	0	0	3
2060	526	0	0.8046875	0.736950333	0.570201123	0.279578591	0.738038344	0.0718640662	0	0	0	0	0	3
2065	527	0	0.806640625	0.738452664	0.571063347	0.279578591	0.738452664	0.0727262903	0	0	0	0	0	3
2070	528	0	0.80859375	0.737948768	0.571920986	0.279578591	0.738452664	0.0735839284	0	0	0	0	0	3
2075	529	0	0.810546875	0.737430282	0.572771769	0.279578591	0.738452664	0.0744347116	0	0	0	0	0	3
2080	529	0	0.8125	0.739091298	0.57362633	0.279578591	0.739091298	0.0752892729	0	0	0	0	0	3
2085	530	0	0.814453125	0.738404759	0.574475014	0.279578591	0.739091298	0.0761379568	0	0	0	0	0	3
2090	531	0	0.81640625	0.738728507	0.575320603	0.279578591	0.739091298	0.0769835461	0	0	0	0	0	3
2095	532	0	0.818359375	0.739290511	0.576165374	0.279578591	0.739290511	0.0778283166	0	0	0	0	0	3
2100	533	0	0.8203125	0.738249081	0.577002073	0.279578591	0.739290511	0.0786650161	0	0	0	0	0	3
2105	535	0	0.822265625	0.737872118	0.577834221	0.279578591	0.739290511	0.079497164	0	0	0	0	0	3
2110	536	0	0.82421875	0.737372223	0.578661292	0.279578591	0.739290511	0.0803242348	0	0	0	0	0	3
2115	537	0	0.826171875	0.737852478	0.579486577	0.279578591	0.739290511	0.0811495201	0	0	0	0	0	3
2120	537	0	0.828125	0.736756481	0.580299399	0.279578591	0.739290511	0.0819623414	0	0	0	0	0	3
2125	538	0	0.830078125	0.736939744	0.58110906	0.279578591	0.739290511	0.0827720024	0	0	0	0	0	3
2130	539	0	0.83203125	0.737469997	0.581919771	0.279578591	0.739290511	0.083582714	0	0	0	0	0	3
2135	540	0	0.833984375	0.737819061	0.582726409	0.279578591	0.739290511	0.0843893514	0	0	0	0	0	3
2140	541	0	0.8359375	0.736785482	0.583525469	0.279578591	0.739290511	0.0851884117	0	0	0	0	0	3
2145	542	0	0.837890625	0.737072682	0.584322774	0.279578591	0.739290511	0.0859857168	0	0	0	0	0	3
2150	543	0	0.83984375	0.736868614	0.585117304	0.279578591	0.739290511	0.0867802466	0	0	0	0	0	3
2155	544	0	0.841796875	0.736301766	0.585906812	0.279578591	0.739290511	0.0875697552	0	0	0	0	0	3
2160	545	0	0.84375	0.737758591	0.58670037	0.279578591	0.739290511	0.0883633125	0	0	0	0	0	3
2165	546	0	0.845703125	0.736401944	0.587486458	0.279578591	0.739290511	0.0891494005	0	0	0	0	0	3
2170	547	0	0.84765625	0.736278821	0.588271188	0.279578591	0.739290511	0.0899341309	0	0	0	0	0	3
2175	548	0	0.849609375	0.737063529	0.589058763	0.279578591	0.739290511	0.0907217057	0	0	0	0	0	3
2180	548	0	0.8515625	0.737180093	0.589847334	0.279578591	0.739290511	0.0915102773	0	0	0	0	0	3
2185	549	0	0.853515625	0.736082086	0.590632674	0.279578591	0.739290511	0.0922956169	0	0	0	0	0	3
2190	550	0	0.85546875	0.737292015	0.591424306	0.279578591	0.739290511	0.0930872488	0	0	0	0	0	3
2195	551	0	0.857421875	0.737691068	0.592219808	0.279578591	0.739290511	0.0938827506	0	0	0	0	0	3
2200	552	0	0.859375	0.736025395	0.593011501	0.279578591	0.739290511	0.0946744438	0	0	0	0	0	3
2205	554	0	0.861328125	0.736923228	0.593810594	0.279578591	0.739290511	0.0954735365	0	0	0	0	0	3
2210	555	0	0.86328125	0.737155746	0.594615195	0.279578591	0.739290511	0.0962781376	0	0	0	0	0	3
2215	556	0	0.865234375	0.73484663	0.595452418	0.279578591	0.739290511	0.0971153613	0	0	0	0	0	3
2220	556	0	0.8671875	0.735682392	0.596330268	0.279578591	0.739290511	0.0979932106	0	0	0	0	0	3
2225	557	0	0.869140625	0.7361089	0.597238689	0.279578591	0.739290511	0.0989016318	0	0	0	0	0	3
2230	558	0	0.87109375	0.734458899	0.598319779	0.279578591	0.739290511	0.0999827218	0	0	0	0	0	3
2235	559	0	0.873046875	0.736457883	0.599559273	0.279578591	0.739290511	0.101222215	0	0	0	0	0	3
2240	560	0	0.875	0.735325046	0.600881137	0.279578591	0.739290511	0.10254408	0	0	0	0	0	3
2245	561	0	0.876953125	0.735123833	0.602280483	0.279578591	0.739290511	0.103943426	0	0	0	0	0	3
2250	562	0	0.87890625	0.735892553	0.603764652	0.279578591	0.739290511	0.105427595	0	0	0	0	0	3
2255	563	0	0.880859375	0.735528314	0.60531681	0.279578591	0.739290511	0.106979753	0	0	0	0	0	3
2260	564	0	0.8828125	0.736078155	0.606914832	0.279578591	0.739290511	0.108577775	0	0	0	0	0	3
2265	564	0	0.884765625	0.735383155	0.608505259	0.279578591	0.739290511	0.110168202	0	0	0	0	0	3
2270	565	0	0.88671875	0.736135284	0.610057105	0.279578591	0.739290511	0.111720048	0	0	0	0	0	3
2275	566	0	0.888671875	0.736053427	0.611531693	0.279578591	0.739290511	0.113194636	0	0	0	0	0	3
2280	567	0	0.890625	0.735345828	0.612926375	0.279578591	0.739290511	0.114589318	0	0	0	0	0	3
2285	568	0	0.892578125	0.735383992	0.614224732	0.279578591	0.739290511	0.115887675	0	0	0	0	0	3
2290	569	0	0.89453125	0.736191412	0.615466005	0.279578591	0.739290511	0.117128948	0	0	0	0	0	3
2295	570	0	0.896484375	0.735399732	0.616660382	0.279578591	0.739290511	0.118323325	0	0	0	0	0	3
2300	571	0	0.8984375	0.73589199	0.617827985	0.279578591	0.739290511	0.119490928	0	0	0	0	0	3
2305	573	0	0.900390625	0.736184836	0.618984896	0.279578591	0.739290511	0.120647839	0	0	0	0	0	3
2310	574	0	0.90234375	0.736421772	0.620135474	0.279578591	0.739290511	0.121798417	0	0	0	0	0	3
2315	575	0	0.904296875	0.737469612	0.621295865	0.279578591	0.739290511	0.122958808	0	0	0	0	0	3
2320	575	0	0.90625	0.736139024	0.62245758	0.279578591	0.739290511	0.124120523	0	0	0	0	0	3
2325	576	0	0.908203125	0.735799019	0.623631229	0.279578591	0.739290511	0.125294172	0	0	0	0	0	3
2330	577	0	0.91015625	0.735945778	0.624823203	0.279578591	0.739290511	0.126486146	0	0	0	0	0	3
2335	578	0	0.912109375	0.735126363	0.626032793	0.279578591	0.739290511	0.127695736	0	0	0	0	0	3
2340	579	0	0.9140625	0.737741092	0.627277407	0.279578591	0.739290511	0.12894035	0	0	0	0	0	3
2345	580	0	0.916015625	0.736044542	0.628540274	0.279578591	0.739290511	0.130203217	0	0	0	0	0	3
2350	581	0	0.91796875	0.735527801	0.629830587	0.279578591	0.739290511	0.13149353	0	0	0	0	0	3
2355	582	0	0.919921875	0.737767365	0.631161393	0.279578591	0.739290511	0.132824336	0	0	0	0	0	3
2360	582	0	0.921875	0.736848347	0.632520704	0.279578591	0.739290511	0.134183647	0	0	0	0	0	3
2365	583	0	0.923828125	0.735683288	0.633910347	0.279578591	0.739290511	0.13557329	0	0	0	0	0	3
2370	584	0	0.92578125	0.737513581	0.635343806	0.279578591	0.739290511	0.137006749	0	0	0	0	0	3
2375	585	0	0.927734375	0.736882328	0.636812204	0.279578591	0.739290511	0.138475147	0	0	0	0	0	3
2380	586	0	0.9296875	0.737112882	0.638319789	0.279578591	0.739290511	0.139982732	0	0	0	0	0	3
2385	587	0	0.931640625	0.737763308	0.63986925	0.279578591	0.739290511	0.141532193	0	0	0	0	0	3
2390	588	0	0.93359375	0.737169777	0.641456097	0.279578591	0.739290511	0.14311904	0	0	0	0	0	3
2395	589	0	0.935546875	0.737013975	0.643079465	0.279578591	0.739290511	0.144742408	0	0	0	0	0	3
2400	589	0	0.9375	0.738141912	0.644744808	0.279578591	0.739290511	0.146407751	0	0	0	0	0	3
2405	591	0	0.939453125	0.738280275	0.646449757	0.279578591	0.739290511	0.1481127	0	0	0	0	0	3
2410	592	0	0.94140625	0.737297548	0.648185182	0.279578591	0.739290511	0.149848125	0	0	0	0	0	3
2415	593	0	0.943359375	0.738683455	0.649938678	0.279578591	0.739290511	0.151601621	0	0	0	0	0	3
2420	594	0	0.9453125	0.737416249	0.651683174	0.279578591	0.739290511	0.153346117	0	0	0	0	0	3
2425	595	0	0.947265625	0.737781301	0.6534658	0.279578591	0.739290511	0.155128743	0	0	0	0	0	3
2430	596	0	0.94921875	0.738950167	0.65526022	0.285947715	0.739290511	0.156923163	0	0	0	0	0	3
2435	597	0	0.951171875	0.737664091	0.657024737	0.294415725	0.739290511	0.15868768	0	0	0	0	0	3
2440	597	0	0.953125	0.738052193	0.658757692	0.304248109	0.739290511	0.160420635	0	0	0	0	0	3
2445	598	0	0.955078125	0.739067176	0.660456204	0.353266605	0.739290511	0.162119147	0	0	0	0	0	3
2450	599	0	0.95703125	0.738395879	0.661809087	0.353266605	0.739290511	0.16347203	0	0	0	0	0	3
2455	600	0	0.958984375	0.737938409	0.663181601	0.353266605	0.739290511	0.164844543	0	0	0	0	0	3
2460	601	0	0.9609375	0.739002224	0.664672132	0.353266605	0.739290511	0.166335075	0	0	0	0	0	3
2465	602	0	0.962890625	0.738066128	0.666175255	0.355762906	0.739290511	0.167838198	0	0	0	0	0	3
2470	603	0	0.96484375	0.737389014	0.667665982	0.36207017	0.739290511	0.169328925	0	0	0	0	0	3
2475	604	0	0.966796875	0.737800991	0.669133681	0.367648214	0.739290511	0.170796623	0	0	0	0	0	3
2480	605	0	0.96875	0.737357306	0.670577857	0.372273745	0.739290511	0.1722408	0	0	0	0	0	3
2485	605	0	0.970703125	0.73701136	0.672002613	0.375436285	0.739290511	0.173665556	0	0	0	0	0	3
2490	606	0	0.97265625	0.737850817	0.673418295	0.38032199	0.739290511	0.175081238	0	0	0	0	0	3
2495	607	0	0.974609375	0.737822892	0.674814783	0.382905201	0.739290511	0.176477726	0	0	0	0	0	3
2500	608	0	0.9765625	0.737121297	0.676198439	0.388725727	0.739290511	0.177861382	0	0	0	0	0	3
2505	610	0	0.978515625	0.738315148	0.677564023	0.395043366	0.739290511	0.179226966	0	0	0	0	0	3
2510	611	0	0.98046875	0.737620059	0.678902213	0.39767822	0.739290511	0.180565156	0	0	0	0	0	3
2515	612	0	0.982421875	0.737386737	0.6802292	0.403485475	0.739290511	0.181892142	0	0	0	0	0	3
2520	613	0	0.984375	0.737354617	0.681533376	0.408688472	0.739290511	0.183196319	0	0	0	0	0	3
2525	614	0	0.986328125	0.737973256	0.682819645	0.412911029	0.739290511	0.184482588	0	0	0	0	0	3
2530	615	0	0.98828125	0.737174342	0.684086298	0.417528203	0.739290511	0.185749241	0	0	0	0	0	3
2535	615	0	0.990234375	0.737747679	0.685337156	0.422941796	0.739290511	0.187000098	0	0	0	0	0	3
2540	616	0	0.9921875	0.737523156	0.686565989	0.42861017	0.739290511	0.188228932	0	0	0	0	0	3
2545	617	0	0.994140625	0.737193843	0.687771394	0.432879542	0.739290511	0.189434337	0	0	0	0	0	3
2550	618	0	0.99609375	0.736613184	0.688957853	0.439839167	0.739290511	0.190620796	0	0	0	0	0	3
2555	619	0	0.998046875	0.737403209	0.690120213	0.444125912	0.739290511	0.191783156	0	0	0	0	0	3
2560	620	0	1	0.737042283	0.691264418	0.450125636	0.739290511	0.19292736	0.0181951042	0	9.4	0	0	3
2565	621	0	1.00195312	0.736545183	0.692383244	0.457595174	0.739290511	0.194046187	0.0181951042	0	9.3	0	0	3
2570	622	0	1.00390625	0.737779129	0.693477713	0.459805139	0.739290511	0.195140655	0.0181951042	0	9.3	0	0	3
2575	623	0	1.00585938	0.736582431	0.694558874	0.46655684	0.739290511	0.196221817	0.0181951042	0	9.2	0	0	3
2580	623	0	1.0078125	0.737326332	0.695616567	0.470389955	0.739290511	0.19727951	0.0181951042	0	9.2	0	0	3
2585	624	0	1.00976562	0.737886498	0.696661476	0.475984989	0.739290511	0.198324418	0.0181951042	0	9.1	0	0	3
2590	625	0	1.01171875	0.736321609	0.697678415	0.479879645	0.739290511	0.199341358	0.0181951042	0	9.1	0	0	3
2595	626	0	1.01367188	0.735666166	0.698677582	0.485909326	0.739290511	0.200340524	0.0181951042	0	9	0	0	3
2600	627	0	1.015625	0.736591832	0.69965681	0.490205422	0.739290511	0.201319753	0.0181951042	0	9	0	0	3
2605	629	0	1.01757812	0.735812702	0.700616213	0.494943449	0.739290511	0.202279156	0.0181951042	0	8.9	0	0	3
2610	630	0	1.01953125	0.736332127	0.701559138	0.497606877	0.739290511	0.203222081	0.0181951042	0	8.9	0	0	3
2615	631	0	1.02148438	0.737148742	0.702494848	0.540147877	0.739290511	0.199142635	0.0181951042	0	9.1	0	0	3
2620	632	0	1.0234375	0.735917383	0.703259573	0.54529863	0.739290511	0.193991881	0.0181951042	0	9.3	0	0	3
2625	633	0	1.02539062	0.735901151	0.704004114	0.551307387	0.739290511	0.187983124	0.0181951042	0	9.6	0	0	3
2630	634	0	1.02734375	0.738285415	0.704734497	0.556290138	0.739290511	0.183000373	0.0181951042	0	9.9	0	0	3
2635	635	0	1.02929688	0.736782894	0.705439547	0.558370461	0.739290511	0.18092005	0.0181951042	0	10	0	0	3
2640	636	0	1.03125	0.735923366	0.706133113	0.559617636	0.739290511	0.179672875	0.0181951042	0	10.1	0	0	3
2645	637	0	1.03320312	0.737676182	0.706828654	0.563978904	0.739290511	0.175311607	0.0181951042	0	10.3	0	0	3
2650	637	0	1.03515625	0.737639164	0.707507015	0.568338624	0.739290511	0.170951887	0.0181951042	0	10.6	0	0	3
2655	638	0	1.03710938	0.736066343	0.708162201	0.569721887	0.739290511	0.169568624	0.0181951042	0	10.7	0	0	3
2660	639	0	1.0390625	0.737366954	0.708817064	0.572984503	0.739290511	0.166306008	0.0181951042	0	10.9	0	0	3
2665	640	0	1.04101562	0.736819599	0.709457045	0.577402832	0.739290511	0.16188768	0.0181951042	0	11.2	0	0	3
2670	641	0	1.04296875	0.736705404	0.710079321	0.581312554	0.739290511	0.157977957	0.0181951042	0	11.5	0	0	3
2675	642	0	1.04492188	0.737181672	0.710688185	0.582600338	0.739290511	0.156690174	0.0181951042	0	11.6	0	0	3
2680	643	0	1.046875	0.737221228	0.711292173	0.585732912	0.739290511	0.153557599	0.0181951042	0	11.8	0	0	3
2685	644	0	1.04882812	0.738026036	0.711887068	0.589924854	0.739290511	0.149365658	0.0181951042	0	12.1	0	0	3
2690	645	0	1.05078125	0.737819024	0.712464779	0.592157999	0.739290511	0.147132512	0.0181951042	0	12.3	0	0	3
2695	646	0	1.05273438	0.737283732	0.713031677	0.594321495	0.739290511	0.144969016	0.0181951042	0	12.5	0	0	3
2700	646	0	1.0546875	0.738233409	0.713593833	0.598675586	0.739290511	0.140614925	0.0181951042	0	12.9	0	0	3
2705	649	0	1.05664062	0.737931783	0.714137802	0.601040237	0.739290511	0.138250274	0.0181951042	0	13.1	0	0	3
2710	649	0	1.05859375	0.738411722	0.714674409	0.605000967	0.739290511	0.134289544	0.0181951042	0	13.5	0	0	3
2715	650	0	1.06054688	0.738018542	0.715194009	0.609739046	0.739290511	0.129551466	0.0181951042	0	14	0	0	3
2720	651	0	1.0625	0.739008863	0.71569897	0.613129237	0.739290511	0.126161275	0.0181951042	0	14.4	0	0	3
2725	652	0	1.06445312	0.738503928	0.716188714	0.613372774	0.739290511	0.125917738	0.0181951042	0	14.4	0	0	3
2730	653	0	1.06640625	0.739285207	0.71668056	0.614906143	0.739290511	0.124384368	0.0181951042	0	14.6	0	0	3
2735	654	0	1.06835938	0.739273969	0.717166372	0.619091644	0.739290511	0.120198867	0.0181951042	0	15.1	0	0	3
2740	655	0	1.0703125	0.739474806	0.717636618	0.623434697	0.739474806	0.11604011	0.0181952578	0	15.6	0	0	3
2745	656	0	1.07226562	0.739613493	0.718090442	0.625599217	0.739613493	0.114014276	0.0181955155	0	15.9	0	0	3
2750	657	0	1.07421875	0.739554	0.718535578	0.627897778	0.739613493	0.111715715	0.0181957597	0	16.2	0	0	3
2755	658	0	1.07617188	0.740228062	0.718974368	0.63053684	0.740228062	0.109691222	0.0181964641	0	16.5	0	0	3
2760	659	0	1.078125	0.740027303	0.719402065	0.633014602	0.740228062	0.10721346	0.0181971332	0	16.9	0	0	3
2765	659	0	1.08007812	0.73911217	0.719816509	0.634747251	0.740228062	0.105480811	0.0181977698	0	17.2	0	0	3
2770	660	0	1.08203125	0.740115757	0.720228104	0.636316455	0.740228062	0.103911607	0.018198376	0	17.5	0	0	3
2775	661	0	1.08398438	0.740696799	0.72063584	0.638614377	0.740696799	0.102082422	0.018199281	0	17.8	0	0	3
2780	662	0	1.0859375	0.739794446	0.721029188	0.638614377	0.740696799	0.102082422	0.0182001449	0	17.8	0	0	3
2785	663	0	1.08789062	0.739370513	0.721422767	0.638685079	0.740696799	0.102011721	0.0182009704	0	17.8	0	0	3
2790	664	0	1.08984375	0.740031127	0.72181865	0.642090982	0.740696799	0.0986058174	0.0182017601	0	18.4	0	0	3
2795	665	0	1.09179688	0.739943367	0.722200886	0.645634577	0.740696799	0.0950622228	0.0182025161	0	19.1	0	0	3
2800	666	0	1.09375	0.740500843	0.722571457	0.6476818	0.740696799	0.0930149994	0.0182032406	0	19.5	0	0	3
2805	668	0	1.09570312	0.743164953	0.722944438	0.649782683	0.743164953	0.09338227	0.0182054466	0	19.4	0	0	3
2810	669	0	1.09765625	0.743933862	0.723312216	0.651941948	0.743933862	0.0919919139	0.0182080258	0	19.7	0	0	3
2815	670	0	1.09960938	0.743595531	0.723670238	0.65349532	0.743933862	0.0904385413	0.0182105038	0	20.1	0	0	3
2820	671	0	1.1015625	0.743696675	0.724022587	0.654002415	0.743933862	0.0899314463	0.0182128865	0	20.2	0	0	3
2825	672	0	1.10351562	0.744068176	0.724374406	0.656641113	0.744068176	0.0874270632	0.0182152554	0	20.8	0	0	3
2830	672	0	1.10546875	0.745356106	0.724720949	0.659645103	0.745356106	0.0857110025	0.018218252	0	21.2	0	0	3
2835	673	0	1.10742188	0.746128941	0.725058777	0.660093837	0.746128941	0.0860351042	0.0182215612	0	21.1	0	0	3
2840	674	0	1.109375	0.747484027	0.725400145	0.663483867	0.747484027	0.0840001598	0.0182254781	0	21.6	0	0	3
2845	675	0	1.11132812	0.74786821	0.725729771	0.665875086	0.74786821	0.0819931239	0.0182294598	0	22.2	0	0	3
2850	676	0	1.11328125	0.748051279	0.726050772	0.666269551	0.748051279	0.081781728	0.0182333989	0	22.2	0	0	3
2855	677	0	1.11523438	0.748920882	0.726373628	0.666524859	0.748920882	0.0823960227	0.0182376466	0	22.1	0	0	3
2860	678	0	1.1171875	0.749607557	0.726687851	0.666524859	0.749607557	0.083082698	0.0182420961	0	21.9	0	0	3
2865	679	0	1.11914062	0.749087819	0.726999504	0.666524859	0.749607557	0.083082698	0.0182463997	0	21.9	0	0	3
2870	680	0	1.12109375	0.750004334	0.727325596	0.667698371	0.750004334	0.0823059626	0.0182507565	0	22.1	0	0	3
2875	681	0	1.12304688	0.750120845	0.727647558	0.66843339	0.750120845	0.081687455	0.0182550304	0	22.3	0	0	3
2880	681	0	1.125	0.750486694	0.727968079	0.670663326	0.750486694	0.0798233681	0.0182593423	0	22.8	0	0	3
2885	682	0	1.12695312	0.751006058	0.728281918	0.672214463	0.751006058	0.078791595	0.0182637612	0	23.1	0	0	3
2890	683	0	1.12890625	0.752076661	0.728593401	0.672214463	0.752076661	0.0798621985	0.0182685328	0	22.8	0	0	3
2895	684	0	1.13085938	0.7523602	0.728905515	0.672214463	0.7523602	0.0801457368	0.0182732889	0	22.8	0	0	3
2900	685	0	1.1328125	0.753174526	0.729221765	0.673557274	0.753174526	0.0796172514	0.0182782645	0	22.9	0	0	3
2905	687	0	1.13476562	0.753606898	0.729534459	0.674594568	0.753606898	0.0790123299	0.0182832838	0	23.1	0	0	3
2910	688	0	1.13671875	0.753801265	0.72984386	0.675260122	0.753801265	0.0785411423	0.0182882429	0	23.2	0	0	3
2915	689	0	1.13867188	0.754041263	0.730151599	0.67638802	0.754041263	0.0776532426	0.0182931638	0	23.5	0	0	3
2920	690	0	1.140625	0.754064667	0.730455023	0.677228992	0.754064667	0.0768356751	0.0182979578	0	23.8	0	0	3
2925	691	0	1.14257812	0.754426662	0.730756192	0.677228992	0.754426662	0.0771976695	0.0183027692	0	23.7	0	0	3
2930	692	0	1.14453125	0.754556175	0.731058251	0.679319527	0.754556175	0.0752366476	0.018307503	0	24.3	0	0	3
2935	693	0	1.14648438	0.755204433	0.731354677	0.681848156	0.755204433	0.0733562772	0.01831237	0	24.9	0	0	3
2940	693	0	1.1484375	0.755233	0.731641336	0.683516806	0.755233	0.0717161938	0.0183171201	0	25.5	0	0	3
2945	694	0	1.15039062	0.755908824	0.731924118	0.685472631	0.755908824	0.0704361922	0.0183220101	0	26	0	0	3
2950	695	0	1.15234375	0.755878909	0.732198448	0.685472631	0.755908824	0.0704361922	0.0183267748	0	26	0	0	3
2955	696	0	1.15429688	0.756278296	0.732475033	0.687599742	0.756278296	0.0686785545	0.0183315591	0	26.6	0	0	3
2960	697	0	1.15625	0.756974927	0.73274603	0.688093595	0.756974927	0.0688813319	0.0183364851	0	26.6	0	0	3
2965	698	0	1.15820312	0.757442177	0.733016922	0.689030288	0.757442177	0.0684118896	0.0183414625	0	26.8	0	0	3
2970	699	0	1.16015625	0.757561329	0.733284622	0.690295738	0.757561329	0.0672655911	0.0183463621	0	27.2	0	0	3
2975	700	0	1.16210938	0.757358953	0.733546588	0.691712204	0.757561329	0.0658491247	0.0183511436	0	27.8	0	0	3
2980	701	0	1.1640625	0.758060714	0.733805658	0.691712204	0.758060714	0.0663485095	0.0183559896	0	27.6	0	0	3
2985	702	0	1.16601562	0.758103414	0.734060515	0.691712204	0.758103414	0.0663912098	0.0183607367	0	27.6	0	0	3
2990	703	0	1.16796875	0.758361611	0.734320864	0.694758091	0.758361611	0.0636035196	0.0183654635	0	28.8	0	0	3
2995	704	0	1.16992188	0.757962478	0.734567756	0.69593295	0.758361611	0.0624286606	0.0183700816	0	29.4	0	0	3
3000	704	0	1.171875	0.758014922	0.734810264	0.696802767	0.758361611	0.061558844	0.0183745947	0	29.8	0	0	3
3005	707	0	1.17382812	0.758426934	0.735050975	0.696802767	0.758426934	0.0616241671	0.0183790284	0	29.8	0	0	3
3010	707	0	1.17578125	0.758534066	0.735292113	0.697696947	0.758534066	0.0608371193	0.0183833993	0	30.2	0	0	3
3015	708	0	1.17773438	0.758068765	0.735527941	0.698732027	0.758534066	0.0598020395	0.0183876742	0	30.7	0	0	3
3020	709	0	1.1796875	0.758720222	0.73576227	0.698917384	0.758720222	0.0598028382	0.0183919168	0	30.7	0	0	3
3025	710	0	1.18164062	0.758728788	0.735992899	0.698917384	0.758728788	0.0598114035	0.018396071	0	30.7	0	0	3
3030	711	0	1.18359375	0.758212072	0.736215981	0.698917384	0.758728788	0.0598114035	0.0184001367	0	30.7	0	0	3
3035	712	0	1.18554688	0.75820157	0.73644756	0.701245667	0.758728788	0.0574831208	0.0184041169	0	32	0	0	3
3040	713	0	1.1875	0.758179429	0.736669958	0.701670701	0.758728788	0.0570580863	0.0184080141	0	32.2	0	0	3
3045	714	0	1.18945312	0.75795506	0.736889818	0.703909828	0.758728788	0.0548189592	0.018411831	0	33.5	0	0	3
3050	715	0	1.19140625	0.758244098	0.737100868	0.703909828	0.758728788	0.0548189592	0.01841557	0	33.5	0	0	3
3055	716	0	1.19335938	0.758234473	0.737313074	0.705571465	0.758728788	0.0531573222	0.0184192335	0	34.6	0	0	3
3060	717	0	1.1953125	0.758405214	0.737517256	0.705571465	0.758728788	0.0531573222	0.0184228237	0	34.6	0	0	3
3065	717	0	1.19726562	0.757948817	0.737721855	0.706078981	0.758728788	0.0526498072	0.0184263428	0	34.9	0	0	3
3070	718	0	1.19921875	0.758638002	0.737927163	0.707660505	0.758728788	0.0510682832	0.0184297929	0	36	0	0	3
3075	719	0	1.20117188	0.758301588	0.738124366	0.707660505	0.758728788	0.0510682832	0.018433176	0	36	0	0	3
3080	720	0	1.203125	0.758719984	0.738323817	0.708876254	0.758728788	0.049852534	0.018436494	0	36.9	0	0	3
3085	721	0	1.20507812	0.758904183	0.738519239	0.709554127	0.758904183	0.0493500557	0.018439799	0	37.3	0	0	3
3090	722	0	1.20703125	0.758840996	0.738711766	0.709704332	0.758904183	0.0491998505	0.0184430416	0	37.4	0	0	3
3095	723	0	1.20898438	0.759039887	0.738899324	0.709704332	0.759039887	0.0493355543	0.0184462616	0	37.3	0	0	3
3100	724	0	1.2109375	0.758762245	0.739090956	0.71165439	0.759039887	0.0473854964	0.018449422	0	38.9	0	0	3
3105	726	0	1.21289062	0.758984232	0.739272796	0.71165439	0.759039887	0.0473854964	0.0184525244	0	38.9	0	0	3
3110	727	0	1.21484375	0.758684869	0.739450477	0.71165439	0.759039887	0.0473854964	0.0184555704	0	38.9	0	0	3
3115	727	0	1.21679688	0.758245371	0.739632473	0.713845636	0.759039887	0.0451942505	0.0184585616	0	40.8	0	0	3
3120	728	0	1.21875	0.758609187	0.739806481	0.713845636	0.759039887	0.0451942505	0.0184614993	0	40.8	0	0	3
3125	729	0	1.22070312	0.758845475	0.739981239	0.713845636	0.759039887	0.0451942505	0.018464385	0	40.8	0	0	3
3130	730	0	1.22265625	0.758350576	0.740155087	0.71496052	0.759039887	0.0440793668	0.0184672201	0	41.8	0	0	3
3135	731	0	1.22460938	0.758625333	0.740325652	0.715735768	0.759039887	0.0433041188	0.0184700059	0	42.6	0	0	3
3140	732	0	1.2265625	0.758650833	0.740490015	0.715735768	0.759039887	0.0433041188	0.0184727436	0	42.6	0	0	3
3145	733	0	1.22851562	0.758014667	0.740655167	0.71792286	0.759039887	0.0411170266	0.0184754346	0	44.9	0	0	3
3150	734	0	1.23046875	0.758347791	0.740811937	0.71792286	0.759039887	0.0411170266	0.0184780799	0	44.9	0	0	3
3155	735	0	1.23242188	0.758904042	0.74097202	0.719706281	0.759039887	0.0393336054	0.0184806808	0	46.9	0	0	3
3160	736	0	1.234375	0.759118087	0.741123432	0.719706281	0.759118087	0.0394118056	0.0184832579	0	46.8	0	0	3
3165	737	0	1.23632812	0.75924339	0.741277874	0.720119655	0.75924339	0.0391237345	0.0184858235	0	47.2	0	0	3
3170	737	0	1.23828125	0.759350126	0.74142852	0.720119655	0.759350126	0.0392304709	0.0184883732	0	47.1	0	0	3
3175	738	0	1.24023438	0.759637285	0.741580937	0.720119655	0.759637285	0.0395176296	0.0184909515	0	46.7	0	0	3
3180	739	0	1.2421875	0.759696489	0.741735534	0.721139814	0.759696489	0.0385566745	0.0184935026	0	47.9	0	0	3
3185	740	0	1.24414062	0.759817662	0.741879814	0.721139814	0.759817662	0.0386778476	0.0184960419	0	47.8	0	0	3
3190	741	0	1.24609375	0.759806166	0.742024502	0.721139814	0.759817662	0.0386778476	0.0184985409	0	47.8	0	0	3
3195	742	0	1.24804688	0.760253234	0.742177289	0.724701278	0.760253234	0.035551956	0.0185011035	0	52	0	0	3
3200	743	0	1.25	0.760385532	0.742314383	0.724701278	0.760385532	0.0356842545	0.018503657	0	51.8	0	0	3
3205	745	0	1.25195312	0.759794064	0.742451464	0.724998014	0.760385532	0.0353875186	0.018506171	0	52.2	0	0	3
3210	746	0	1.25390625	0.760531878	0.742590268	0.725523687	0.760531878	0.0350081907	0.01850868	0	52.8	0	0	3
3215	747	0	1.25585938	0.760160737	0.742725569	0.725652787	0.760531878	0.0348790913	0.0185111507	0	53	0	0	3
3220	748	0	1.2578125	0.759540547	0.742854818	0.725652787	0.760531878	0.0348790913	0.018513584	0	53	0	0	3
3225	749	0	1.25976562	0.759228037	0.742985971	0.725789374	0.760531878	0.0347425041	0.0185159807	0	53.2	0	0	3
3230	750	0	1.26171875	0.760106129	0.743120021	0.727509584	0.760531878	0.0330222943	0.0185183417	0	56	0	0	3
3235	751	0	1.26367188	0.759477308	0.743243797	0.727509584	0.760531878	0.0330222943	0.0185206676	0	56	0	0	3
3240	752	0	1.265625	0.759546828	0.743368943	0.72781197	0.760531878	0.0327199082	0.0185229594	0	56.6	0	0	3
3245	753	0	1.26757812	0.759770285	0.743492664	0.72781197	0.760531878	0.0327199082	0.0185252176	0	56.6	0	0	3
3250	754	0	1.26953125	0.760678136	0.743621047	0.728804321	0.760678136	0.0318738153	0.0185241939	0	58.1	0	0	3
3255	754	0	1.27148438	0.759849348	0.743740302	0.728804321	0.760678136	0.0318738153	0.0185147826	0	58	0	0	3
3260	755	0	1.2734375	0.759962671	0.743862014	0.729820117	0.760678136	0.0308580195	0.0184935007	0	59.9	0	0	3
3265	756	0	1.27539062	0.759951002	0.743979713	0.731323618	0.760678136	0.0293545182	0.0184647028	0	62.9	0	0	3
3270	757	0	1.27734375	0.760383711	0.744089501	0.731323618	0.760678136	0.0293545182	0.0184363104	0	62.8	0	0	3
3275	758	0	1.27929688	0.760341179	0.744202851	0.731500363	0.760678136	0.0291777735	0.0184083151	0	63	0	0	3
3280	759	0	1.28125	0.760066485	0.744314437	0.732620774	0.760678136	0.0280573619	0.0183807087	0	65.5	0	0	3
3285	760	0	1.28320312	0.760765107	0.744420663	0.732620774	0.760765107	0.0281443331	0.018353501	0	65.2	0	0	3
3290	761	0	1.28515625	0.760350559	0.744528983	0.733548125	0.760765107	0.0272169823	0.018326666	0	67.3	0	0	3
3295	762	0	1.28710938	0.760730645	0.744635164	0.733591408	0.760765107	0.0271736993	0.0183001962	0	67.3	0	0	3
3300	763	0	1.2890625	0.76166428	0.744739411	0.733591408	0.76166428	0.0280728716	0.0182742663	0	65	0	0	3
3305	765	0	1.29101562	0.760983342	0.744844485	0.733591408	0.76166428	0.0280728716	0.0182486844	0	65	0	0	3
3310	766	0	1.29296875	0.761534043	0.744953635	0.734458899	0.76166428	0.0272053811	0.0182234437	0	66.9	0	0	3
3315	767	0	1.29492188	0.761708422	0.745052792	0.734458899	0.761708422	0.0272495232	0.018198546	0	66.7	0	0	3
3320	768	0	1.296875	0.761814805	0.745153558	0.734458899	0.761814805	0.0273559063	0.0181951042	0	66.5	0	0	3
3325	769	0	1.29882812	0.761966175	0.745260283	0.734458899	0.761966175	0.0275072765	0.0181951042	0	66.1	0	0	3
3330	770	0	1.30078125	0.761372108	0.745351431	0.734458899	0.761966175	0.0275072765	0.0181951042	0	66.1	0	0	3
3335	770	0	1.30273438	0.761665682	0.745448213	0.734458899	0.761966175	0.0275072765	0.0181951042	0	66.1	0	0	3
3340	771	0	1.3046875	0.761395797	0.745543703	0.734458899	0.761966175	0.0275072765	0.0181951042	0	66.1	0	0	3
3345	772	0	1.30664062	0.761276753	0.74563286	0.734458899	0.761966175	0.0275072765	0.0181951042	0	66.1	0	0	3
3350	773	0	1.30859375	0.761321235	0.745724159	0.734458899	0.761966175	0.0275072765	0.0181951042	0	66.1	0	0	3
3355	774	0	1.31054688	0.761943882	0.745819915	0.734458899	0.761966175	0.0275072765	0.0181951042	0	66.1	0	0	3
3360	775	0	1.3125	0.762043521	0.745909572	0.734458899	0.762043521	0.0275846225	0.0181951042	0	65.9	0	0	3
3365	776	0	1.31445312	0.762045683	0.746001919	0.734458899	0.762045683	0.0275867846	0.0181951042	0	65.9	0	0	3
3370	777	0	1.31640625	0.76157789	0.746091175	0.734458899	0.762045683	0.0275867846	0.0181951042	0	65.9	0	0	3
3375	778	0	1.31835938	0.761399832	0.746177539	0.734458899	0.762045683	0.0275867846	0.0181951042	0	65.9	0	0	3
3380	779	0	1.3203125	0.761270112	0.746267465	0.734458899	0.762045683	0.0275867846	0.0181951042	0	65.9	0	0	3
3385	780	0	1.32226562	0.761588387	0.746360107	0.734458899	0.762045683	0.0275867846	0.0181951042	0	65.9	0	0	3
3390	781	0	1.32421875	0.760919032	0.746452087	0.734458899	0.762045683	0.0275867846	0.0181951042	0	65.9	0	0	3
3395	782	0	1.32617188	0.760169073	0.746539261	0.734458899	0.762045683	0.0275867846	0.0181951042	0	65.9	0	0	3
3400	783	0	1.328125	0.76131355	0.746635187	0.734458899	0.762045683	0.0275867846	0.0181951042	0	65.9	0	0	3
3405	785	0	1.33007812	0.761723485	0.746731998	0.734458899	0.762045683	0.0275867846	0.0181951042	0	65.9	0	0	3
3410	786	0	1.33203125	0.760457475	0.746821793	0.734458899	0.762045683	0.0275867846	0.0181951042	0	65.9	0	0	3
3415	787	0	1.33398438	0.759599561	0.746906873	0.734458899	0.762045683	0.0275867846	0.0181951042	0	65.9	0	0	3
3420	788	0	1.3359375	0.760395776	0.746999101	0.734458899	0.762045683	0.0275867846	0.0181951042	0	65.9	0	0	3
3425	789	0	1.33789062	0.760813228	0.747091837	0.734458899	0.762045683	0.0275867846	0.0181951042	0	65.9	0	0	3
3430	789	0	1.33984375	0.759952305	0.747182008	0.734458899	0.762045683	0.0275867846	0.0181951042	0	65.9	0	0	3
3435	790	0	1.34179688	0.759988453	0.747274534	0.734458899	0.762045683	0.0275867846	0.0181951042	0	65.9	0	0	3
3440	791	0	1.34375	0.76132612	0.747366595	0.734458899	0.762045683	0.0275867846	0.0181951042	0	65.9	0	0	3
3445	792	0	1.34570312	0.760181274	0.747459483	0.734458899	0.762045683	0.0275867846	0.0181951042	0	65.9	0	0	3
3450	793	0	1.34765625	0.760062451	0.747552388	0.734458899	0.762045683	0.0275867846	0.0181951042	0	65.9	0	0	3
3455	794	0	1.34960938	0.760897653	0.74764549	0.734458899	0.762045683	0.0275867846	0.0181951042	0	65.9	0	0	3
3460	795	0	1.3515625	0.76057975	0.747736895	0.734458899	0.762045683	0.0275867846	0.0181951042	0	65.9	0	0	3
3465	796	0	1.35351562	0.760274924	0.747831398	0.734458899	0.762045683	0.0275867846	0.0181951042	0	65.9	0	0	3
3470	797	0	1.35546875	0.760260436	0.747921118	0.734458899	0.762045683	0.0275867846	0.0181951042	0	65.9	0	0	3
3475	798	0	1.35742188	0.760674008	0.748010895	0.734458899	0.762045683	0.0275867846	0.0181951042	0	65.9	0	0	3
3480	799	0	1.359375	0.760526442	0.748106603	0.734458899	0.762045683	0.0275867846	0.0181951042	0	65.9	0	0	3
3485	800	0	1.36132812	0.760464131	0.748198559	0.734458899	0.762045683	0.0275867846	0.0181951042	0	65.9	0	0	3
3490	801	0	1.36328125	0.759973106	0.74828769	0.734458899	0.762045683	0.0275867846	0.0181951042	0	65.9	0	0	3
3495	802	0	1.36523438	0.760255164	0.748386942	0.734458899	0.762045683	0.0275867846	0.0181951042	0	65.9	0	0	3
3500	802	0	1.3671875	0.759929156	0.748481656	0.734458899	0.762045683	0.0275867846	0.0181951042	0	65.9	0	0	3
3505	805	0	1.36914062	0.760907419	0.748578525	0.734458899	0.762045683	0.0275867846	0.0181951042	0	65.9	0	0	3
3510	806	0	1.37109375	0.759338617	0.748675711	0.735123833	0.762045683	0.0269218502	0.0181951042	0	67.5	0	0	3
3515	806	0	1.37304688	0.760620807	0.748770098	0.735123833	0.762045683	0.0269218502	0.0181951042	0	67.5	0	0	3
3520	807	0	1.375	0.760027163	0.74886659	0.735123833	0.762045683	0.0269218502	0.0181951042	0	67.5	0	0	3
3525	808	0	1.37695312	0.759318877	0.748961102	0.735126363	0.762045683	0.0269193204	0.0181951042	0	67.5	0	0	3
3530	809	0	1.37890625	0.76035536	0.74905666	0.735126363	0.762045683	0.0269193204	0.0181951042	0	67.5	0	0	3
3535	810	0	1.38085938	0.761762986	0.749159139	0.735126363	0.762045683	0.0269193204	0.0181951042	0	67.5	0	0	3
3540	811	0	1.3828125	0.760327216	0.749253862	0.735126363	0.762045683	0.0269193204	0.0181951042	0	67.5	0	0	3
3545	812	0	1.38476562	0.759330131	0.749347405	0.735126363	0.762045683	0.0269193204	0.0181951042	0	67.5	0	0	3
3550	813	0	1.38671875	0.761179504	0.749445234	0.735126363	0.762045683	0.0269193204	0.0181951042	0	67.5	0	0	3
3555	814	0	1.38867188	0.76218364	0.749547305	0.735126363	0.76218364	0.0270572772	0.0181951042	0	67.2	0	0	3
3560	815	0	1.390625	0.760673111	0.74964624	0.735126363	0.76218364	0.0270572772	0.0181951042	0	67.2	0	0	3
3565	816	0	1.39257812	0.760952852	0.749746118	0.735126363	0.76218364	0.0270572772	0.0181951042	0	67.2	0	0	3
3570	817	0	1.39453125	0.762184499	0.749847654	0.735126363	0.762184499	0.0270581363	0.0181951042	0	67.2	0	0	3
3575	818	0	1.39648438	0.761642427	0.749950164	0.735126363	0.762184499	0.0270581363	0.0181951042	0	67.2	0	0	3
3580	819	0	1.3984375	0.762141271	0.7500527	0.735126363	0.762184499	0.0270581363	0.0181951042	0	67.2	0	0	3
3585	820	0	1.40039062	0.762001745	0.750153548	0.735126363	0.762184499	0.0270581363	0.0181951042	0	67.2	0	0	3
3590	821	0	1.40234375	0.761783944	0.750252619	0.735126363	0.762184499	0.0270581363	0.0181951042	0	67.2	0	0	3
3595	821	0	1.40429688	0.763439034	0.750354062	0.735126363	0.763439034	0.0283126716	0.0181951042	0	64.2	0	0	3
3600	822	0	1.40625	0.763956441	0.750462724	0.735126363	0.763956441	0.0288300784	0.0181951042	0	63.1	0	0	3
3605	824	0	1.40820312	0.764034172	0.750573017	0.735126363	0.764034172	0.0289078092	0.0181951042	0	62.9	0	0	3
3610	825	0	1.41015625	0.76372258	0.75068152	0.735126363	0.764034172	0.0289078092	0.0181951042	0	62.9	0	0	3
3615	826	0	1.41210938	0.76416216	0.750794941	0.735527801	0.76416216	0.0286343592	0.0181951042	0	63.5	0	0	3
3620	827	0	1.4140625	0.764396206	0.750899063	0.735527801	0.764396206	0.0288684056	0.0181951042	0	63	0	0	3
3625	828	0	1.41601562	0.764168416	0.751008922	0.735527801	0.764396206	0.0288684056	0.0181951042	0	63	0	0	3
3630	829	0	1.41796875	0.764650456	0.751122682	0.735666166	0.764650456	0.0289842904	0.0181951042	0	62.7	0	0	3
3635	830	0	1.41992188	0.764889045	0.751228626	0.735666166	0.764889045	0.0292228794	0.0181951042	0	62.2	0	0	3
3640	831	0	1.421875	0.76506773	0.751338858	0.735666166	0.76506773	0.0294015639	0.0181951042	0	61.8	0	0	3
3645	832	0	1.42382812	0.765111379	0.751453812	0.735666166	0.765111379	0.0294452136	0.0181951042	0	61.7	0	0	3
3650	833	0	1.42578125	0.765105087	0.751561591	0.735666166	0.765111379	0.0294452136	0.0181951042	0	61.7	0	0	3
3655	834	0	1.42773438	0.765708565	0.751674194	0.735666166	0.765708565	0.030042399	0.0181951042	0	60.5	0	0	3
3660	835	0	1.4296875	0.765642313	0.751785637	0.735666166	0.765708565	0.030042399	0.0181951042	0	60.5	0	0	3
3665	835	0	1.43164062	0.766819041	0.751899136	0.735666166	0.766819041	0.0311528758	0.0181951042	0	58.4	0	0	3
3670	836	0	1.43359375	0.767088135	0.752016004	0.735666166	0.767088135	0.0314219695	0.0181951042	0	57.9	0	0	3
3675	837	0	1.43554688	0.767366007	0.752134567	0.735666166	0.767366007	0.0316998415	0.0181951042	0	57.3	0	0	3
3680	838	0	1.4375	0.767760014	0.752250262	0.735666166	0.767760014	0.0320938481	0.0181951042	0	56.6	0	0	3
3685	839	0	1.43945312	0.767985373	0.752366298	0.735666166	0.767985373	0.0323192071	0.0181951042	0	56.2	0	0	3
3690	840	0	1.44140625	0.768255599	0.752487228	0.735666166	0.768255599	0.0325894331	0.0181951042	0	55.8	0	0	3
3695	841	0	1.44335938	0.768491427	0.752603665	0.735666166	0.768491427	0.0328252609	0.0181951042	0	55.4	0	0	3
3700	842	0	1.4453125	0.769063988	0.752727289	0.735666166	0.769063988	0.0333978226	0.0181951042	0	54.4	0	0	3
3705	844	0	1.44726562	0.769478178	0.752851105	0.735666166	0.769478178	0.0338120126	0.0181951042	0	53.8	0	0	3
3710	845	0	1.44921875	0.770054144	0.752972605	0.735666166	0.770054144	0.034387978	0.0181951042	0	52.9	0	0	3
3715	846	0	1.45117188	0.770404827	0.753100499	0.735666166	0.770404827	0.0347386613	0.0181951042	0	52.3	0	0	3
3720	847	0	1.453125	0.770920687	0.753228891	0.735666166	0.770920687	0.0352545216	0.0181951042	0	51.6	0	0	3
3725	848	0	1.45507812	0.771229262	0.753354524	0.735666166	0.771229262	0.0355630962	0.0181951042	0	51.1	0	0	3
3730	849	0	1.45703125	0.771547353	0.753484022	0.735666166	0.771547353	0.0358811877	0.0181951042	0	50.7	0	0	3
3735	849	0	1.45898438	0.772147184	0.75361765	0.735666166	0.772147184	0.0364810179	0.0181951042	0	49.8	0	0	3
3740	850	0	1.4609375	0.772266913	0.75374759	0.735666166	0.772266913	0.036600747	0.0181951042	0	49.7	0	0	3
3745	851	0	1.46289062	0.772676315	0.753882787	0.735666166	0.772676315	0.0370101492	0.0181951042	0	49.1	0	0	3
3750	852	0	1.46484375	0.772626204	0.754020432	0.735666166	0.772676315	0.0370101492	0.0181951042	0	49.1	0	0	3
3755	853	0	1.46679688	0.772876875	0.754157447	0.735666166	0.772876875	0.037210709	0.0181951042	0	48.8	0	0	3
3760	854	0	1.46875	0.772991522	0.754296643	0.735666166	0.772991522	0.0373253568	0.0181951042	0	48.7	0	0	3
3765	855	0	1.47070312	0.772935655	0.754436972	0.735666166	0.772991522	0.0373253568	0.0181951042	0	48.7	0	0	3
3770	856	0	1.47265625	0.773208482	0.754575088	0.735666166	0.773208482	0.0375423159	0.0181951042	0	48.4	0	0	3
3775	857	0	1.47460938	0.773328275	0.754713781	0.735666166	0.773328275	0.0376621093	0.0181951042	0	48.3	0	0	3
3780	858	0	1.4765625	0.773448443	0.754855684	0.735666166	0.773448443	0.0377822774	0.0181951042	0	48.1	0	0	3
3785	859	0	1.47851562	0.773562675	0.75499337	0.735666166	0.773562675	0.0378965091	0.0181951042	0	48	0	0	3
3790	860	0	1.48046875	0.773823282	0.755134789	0.735666166	0.773823282	0.0381571163	0.0181951042	0	47.6	0	0	3
3795	861	0	1.48242188	0.7739222	0.755277505	0.735666166	0.7739222	0.0382560346	0.0181951042	0	47.5	0	0	3
3800	862	0	1.484375	0.774023533	0.755420743	0.735666166	0.774023533	0.0383573671	0.0181951042	0	47.4	0	0	3
3805	863	0	1.48632812	0.774118201	0.755561934	0.735666166	0.774118201	0.0384520356	0.0181951042	0	47.3	0	0	3
3810	864	0	1.48828125	0.775003854	0.755709706	0.735666166	0.775003854	0.0393376884	0.0181951042	0	46.2	0	0	3
3815	865	0	1.49023438	0.774869587	0.755854713	0.735666166	0.775003854	0.0393376884	0.0181951042	0	46.2	0	0	3
3820	866	0	1.4921875	0.775335993	0.75600242	0.735666166	0.775335993	0.0396698276	0.0181951042	0	45.8	0	0	3
3825	867	0	1.49414062	0.776089865	0.756154357	0.735666166	0.776089865	0.0404236998	0.0181951042	0	45	0	0	3
3830	868	0	1.49609375	0.77694168	0.756311891	0.735666166	0.77694168	0.0412755141	0.0181951042	0	44	0	0	3
3835	869	0	1.49804688	0.777134725	0.756467092	0.735666166	0.777134725	0.0414685598	0.0181951042	0	43.8	0	0	3
3840	870	0	1.5	0.777549358	0.756625323	0.735666166	0.777549358	0.0418831925	0.0181951042	0	43.4	0	0	3
3845	871	0	1.50195312	0.777472912	0.756785196	0.735666166	0.777549358	0.0418831925	0.0181951042	0	43.4	0	0	3
3850	872	0	1.50390625	0.777563223	0.756940603	0.735666166	0.777563223	0.0418970577	0.0181951042	0	43.4	0	0	3
3855	873	0	1.50585938	0.777635811	0.757100968	0.735666166	0.777635811	0.0419696451	0.0181951042	0	43.3	0	0	3
3860	874	0	1.5078125	0.777693739	0.757258653	0.735666166	0.777693739	0.042027573	0.0181951042	0	43.2	0	0	3
3865	875	0	1.50976562	0.777872887	0.75741485	0.735666166	0.777872887	0.0422067212	0.0181951042	0	43.1	0	0	3
3870	876	0	1.51171875	0.778558846	0.757579839	0.735666166	0.778558846	0.0428926805	0.0181951042	0	42.4	0	0	3
3875	877	0	1.51367188	0.778974585	0.757749013	0.735812702	0.778974585	0.0431618835	0.0181951042	0	42.1	0	0	3
3880	878	0	1.515625	0.779200767	0.757915454	0.735812702	0.779200767	0.0433880654	0.0181951042	0	41.9	0	0	3
3885	879	0	1.51757812	0.779244769	0.75808511	0.735901151	0.779244769	0.0433436173	0.0181951042	0	41.9	0	0	3
3890	880	0	1.51953125	0.779436428	0.758253486	0.735901151	0.779436428	0.0435352769	0.0181951042	0	41.7	0	0	3
3895	881	0	1.52148438	0.779475767	0.758418826	0.735901151	0.779475767	0.0435746158	0.0181951042	0	41.7	0	0	3
3900	882	0	1.5234375	0.779841367	0.758590404	0.735901151	0.779841367	0.0439402156	0.0181951042	0	41.4	0	0	3
3905	883	0	1.52539062	0.78020303	0.758763459	0.735923366	0.78020303	0.0442796641	0.0181951042	0	41	0	0	3
3910	884	0	1.52734375	0.781342758	0.758931651	0.735923366	0.781342758	0.0454193914	0.0181951042	0	40	0	0	3
3915	885	0	1.52929688	0.781516721	0.759106393	0.735923366	0.781516721	0.0455933546	0.0181951042	0	39.9	0	0	3
3920	886	0	1.53125	0.78153946	0.759284581	0.736066343	0.78153946	0.0454731168	0.0181951042	0	40	0	0	3
3925	887	0	1.53320312	0.781548007	0.759455955	0.736066343	0.781548007	0.0454816636	0.0181951042	0	40	0	0	3
3930	888	0	1.53515625	0.781530721	0.759627406	0.736066343	0.781548007	0.0454816636	0.0181951042	0	40	0	0	3
3935	889	0	1.53710938	0.781508562	0.759804915	0.736705404	0.781548007	0.0448426034	0.0181951042	0	40.5	0	0	3
3940	890	0	1.5390625	0.78149698	0.759977298	0.736705404	0.781548007	0.0448426034	0.0181951042	0	40.5	0	0	3
3945	891	0	1.54101562	0.781497039	0.760151819	0.736705404	0.781548007	0.0448426034	0.0181951042	0	40.5	0	0	3
3950	892	0	1.54296875	0.782754744	0.7603317	0.737181672	0.782754744	0.0455730727	0.0181951042	0	39.9	0	0	3
3955	893	0	1.54492188	0.782968426	0.760510554	0.737221228	0.782968426	0.0457471977	0.0181951042	0	39.7	0	0	3
3960	894	0	1.546875	0.783516421	0.760691395	0.737283732	0.783516421	0.046232689	0.0181951042	0	39.3	0	0	3
3965	895	0	1.54882812	0.784217171	0.760871829	0.737283732	0.784217171	0.0469334389	0.0181951042	0	38.7	0	0	3
3970	896	0	1.55078125	0.784228883	0.761053117	0.737283732	0.784228883	0.0469451518	0.0181951042	0	38.7	0	0	3
3975	897	0	1.55273438	0.784242279	0.761236549	0.737931783	0.784242279	0.0463104963	0.0181951042	0	39.2	0	0	3
3980	898	0	1.5546875	0.784242891	0.761416274	0.737931783	0.784242891	0.0463111083	0.0181951042	0	39.2	0	0	3
3985	899	0	1.55664062	0.784235466	0.761597147	0.738018542	0.784242891	0.0462243486	0.0181951042	0	39.3	0	0	3
3990	900	0	1.55859375	0.784229442	0.761776123	0.738018542	0.784242891	0.0462243486	0.0181951042	0	39.3	0	0	3
3995	901	0	1.56054688	0.784224897	0.761956616	0.738503928	0.784242891	0.0457389626	0.0181951042	0	39.7	0	0	3
4000	902	0	1.5625	0.784214424	0.762133201	0.738503928	0.784242891	0.0457389626	0.0181951042	0	39.7	0	0	3
4005	904	0	1.56445312	0.784195292	0.762311683	0.73911217	0.784242891	0.0451307212	0.0181951042	0	40.3	0	0	3
4010	905	0	1.56640625	0.784173387	0.762487027	0.73911217	0.784242891	0.0451307212	0.0181951042	0	40.3	0	0	3
4015	906	0	1.56835938	0.784153036	0.762662336	0.73911217	0.784242891	0.0450257175	0.0181951042	0	40.4	0	0	3
4020	907	0	1.5703125	0.784129671	0.762836769	0.73911217	0.784242891	0.0447463271	0.0181951042	0	40.6	0	0	3
4025	908	0	1.57226562	0.784098694	0.763010539	0.73911217	0.784242891	0.0444749615	0.0181951042	0	40.9	0	0	3
4030	909	0	1.57421875	0.784067087	0.763184418	0.73911217	0.784242891	0.0442100506	0.0181951042	0	41.1	0	0	3
4035	910	0	1.57617188	0.784039553	0.763355557	0.73911217	0.784242891	0.0439534921	0.0181951042	0	41.3	0	0	3
4040	911	0	1.578125	0.784011879	0.763527372	0.73911217	0.784242891	0.0437108633	0.0181951042	0	41.6	0	0	3
4045	912	0	1.58007812	0.783978065	0.763702629	0.739370513	0.784242891	0.0434745249	0.0181951042	0	41.8	0	0	3
4050	913	0	1.58203125	0.783943505	0.763873831	0.739370513	0.784242891	0.0432379914	0.0181951042	0	42	0	0	3
4055	914	0	1.58398438	0.783914329	0.76404265	0.739370513	0.784242891	0.0430134619	0.0181951042	0	42.3	0	0	3
4060	915	0	1.5859375	0.783888974	0.764214894	0.739370513	0.784242891	0.0427921275	0.0181951042	0	42.5	0	0	3
4065	915	0	1.58789062	0.783858617	0.764388676	0.739943367	0.784242891	0.0425700261	0.0181951042	0	42.7	0	0	3
4070	916	0	1.58984375	0.783819726	0.764559725	0.739943367	0.784242891	0.0423588395	0.0181951042	0	42.9	0	0	3
4075	917	0	1.59179688	0.784127039	0.764732317	0.740500843	0.784242891	0.0421608606	0.0181951042	0	43.1	0	0	3
4080	918	0	1.59375	0.784216588	0.764903082	0.743164953	0.784242891	0.0410779376	0.0181951042	0	44.2	0	0	3
4085	919	0	1.59570312	0.78419563	0.765063358	0.743595531	0.784242891	0.04064736	0.0181951042	0	44.7	0	0	3
4090	920	0	1.59765625	0.784163916	0.765220507	0.743595531	0.784242891	0.04064736	0.0181951042	0	44.7	0	0	3
4095	921	0	1.59960938	0.784116045	0.76537879	0.743696675	0.784242891	0.0405462164	0.0181951042	0	44.8	0	0	3
4100	922	0	1.6015625	0.784064688	0.765536478	0.744068176	0.784242891	0.0401747145	0.0181951042	0	45.2	0	0	3
4105	924	0	1.60351562	0.784022731	0.76569255	0.745356106	0.784242891	0.0388867854	0.0181951042	0	46.7	0	0	3
4110	925	0	1.60546875	0.783983582	0.765843439	0.746128941	0.784242891	0.0381139501	0.0181951042	0	47.7	0	0	3
4115	926	0	1.60742188	0.783937141	0.765991127	0.747484027	0.784242891	0.0367588638	0.0181951042	0	49.4	0	0	3
4120	927	0	1.609375	0.78388201	0.766133307	0.74786821	0.784242891	0.0363746813	0.0181951042	0	50	0	0	3
4125	928	0	1.61132812	0.783828742	0.766273777	0.748051279	0.784242891	0.0361916121	0.0181951042	0	50.2	0	0	3
4130	929	0	1.61328125	0.783783734	0.766413357	0.748920882	0.784242891	0.0353220092	0.0181951042	0	51.5	0	0	3
4135	930	0	1.61523438	0.783742782	0.76654938	0.749087819	0.784242891	0.0351550717	0.0181951042	0	51.7	0	0	3
4140	931	0	1.6171875	0.783698704	0.766682549	0.749087819	0.784242891	0.0351550717	0.0181951042	0	51.7	0	0	3
4145	932	0	1.61914062	0.783656394	0.766817582	0.750004334	0.784242891	0.0342385572	0.0181951042	0	53.1	0	0	3
4150	933	0	1.62109375	0.78362087	0.766948897	0.750120845	0.784242891	0.0341220463	0.0181951042	0	53.3	0	0	3
4155	934	0	1.62304688	0.783593218	0.767079648	0.750486694	0.784242891	0.0337561971	0.0181951042	0	53.9	0	0	3
4160	935	0	1.625	0.783571461	0.767208886	0.751006058	0.784242891	0.033236833	0.0181951042	0	54.7	0	0	3
4165	936	0	1.62695312	0.783541392	0.767335977	0.752076661	0.784242891	0.0321662295	0.0181951042	0	56.5	0	0	3
4170	937	0	1.62890625	0.783510068	0.767458764	0.7523602	0.784242891	0.0318826912	0.0181951042	0	57	0	0	3
4175	938	0	1.63085938	0.783489807	0.767580364	0.753174526	0.784242891	0.0310683654	0.0181951042	0	58.5	0	0	3
4180	939	0	1.6328125	0.783479849	0.767698744	0.753606898	0.784242891	0.0306359929	0.0181951042	0	59.3	0	0	3
4185	940	0	1.63476562	0.783459657	0.767815356	0.753801265	0.784242891	0.0304416261	0.0181951042	0	59.7	0	0	3
4190	941	0	1.63671875	0.783422685	0.767931065	0.754041263	0.784242891	0.0302016284	0.0181951042	0	60.2	0	0	3
4195	942	0	1.63867188	0.783383932	0.768045685	0.754064667	0.784242891	0.0301782236	0.0181951042	0	60.2	0	0	3
4200	943	0	1.640625	0.783351673	0.768160087	0.754426662	0.784242891	0.0298162292	0.0181951042	0	61	0	0	3
4205	945	0	1.64257812	0.783322557	0.768272962	0.754556175	0.784242891	0.0296867163	0.0181951042	0	61.2	0	0	3
4210	946	0	1.64453125	0.783287815	0.768385195	0.755204433	0.784242891	0.0290384577	0.0181951042	0	62.6	0	0	3
4215	947	0	1.64648438	0.78324928	0.768494745	0.755233	0.784242891	0.0290098912	0.0181951042	0	62.7	0	0	3
4220	948	0	1.6484375	0.783214566	0.768604048	0.755878909	0.784242891	0.0283639824	0.0181951042	0	64.1	0	0	3
4225	948	0	1.65039062	0.783077861	0.768710177	0.755878909	0.784242891	0.0283639824	0.0181951042	0	64.1	0	0	3
4230	949	0	1.65234375	0.782507132	0.768814193	0.756278296	0.784242891	0.0279645948	0.0181951042	0	65	0	0	3
4235	950	0	1.65429688	0.782264793	0.768915703	0.756974927	0.784242891	0.027267964	0.0181951042	0	66.7	0	0	3
4240	951	0	1.65625	0.782248936	0.76901443	0.757358953	0.784242891	0.0268839375	0.0181951042	0	67.6	0	0	3
4245	952	0	1.65820312	0.782242582	0.769111306	0.757358953	0.784242891	0.0268839375	0.0181951042	0	67.6	0	0	3
4250	953	0	1.66015625	0.782242742	0.769207718	0.757358953	0.784242891	0.0268839375	0.0181951042	0	67.6	0	0	3
4255	954	0	1.66210938	0.78223869	0.769304905	0.757948817	0.784242891	0.0262940737	0.0181951042	0	69.1	0	0	3
4260	955	0	1.6640625	0.78222165	0.769399283	0.757948817	0.784242891	0.0262940737	0.0181951042	0	69.1	0	0	3
4265	956	0	1.66601562	0.782195566	0.769493393	0.757948817	0.784242891	0.0262940737	0.0181951042	0	69.1	0	0	3
4270	957	0	1.66796875	0.782166335	0.76958638	0.757948817	0.784242891	0.0262940737	0.0181951042	0	69.1	0	0	3
4275	958	0	1.66992188	0.782136177	0.769680809	0.757948817	0.784242891	0.0262940737	0.0181951042	0	69.1	0	0	3
4280	959	0	1.671875	0.782101854	0.769774899	0.757948817	0.784242891	0.0262940737	0.0181951042	0	69.1	0	0	3
4285	960	0	1.67382812	0.782062024	0.769867223	0.757948817	0.784242891	0.0262940737	0.0181951042	0	69.1	0	0	3
4290	961	0	1.67578125	0.782024032	0.769958981	0.757948817	0.784242891	0.0262940737	0.0181951042	0	69.1	0	0	3
4295	962	0	1.67773438	0.781990906	0.770052427	0.757948817	0.784242891	0.0262940737	0.0181951042	0	69.1	0	0	3
4300	963	0	1.6796875	0.781960029	0.770143207	0.757948817	0.784242891	0.0262940737	0.0181951042	0	69.1	0	0	3
4305	965	0	1.68164062	0.781927376	0.770233827	0.757948817	0.784242891	0.0262940737	0.0181951042	0	69.1	0	0	3
4310	966	0	1.68359375	0.781896187	0.770326343	0.757948817	0.784242891	0.0262940737	0.0181951042	0	69.1	0	0	3
4315	967	0	1.68554688	0.781876844	0.770418824	0.757948817	0.784242891	0.0262940737	0.0181951042	0	69.1	0	0	3
4320	968	0	1.6875	0.781868228	0.770511359	0.757948817	0.784242891	0.0262940737	0.0181951042	0	69.1	0	0	3
4325	969	0	1.68945312	0.781860803	0.77060474	0.757948817	0.784242891	0.0262940737	0.0181951042	0	69.1	0	0	3
4330	970	0	1.69140625	0.781844478	0.770696929	0.757948817	0.784242891	0.0262940737	0.0181951042	0	69.1	0	0	3
4335	971	0	1.69335938	0.781821913	0.770789068	0.757948817	0.784242891	0.0262940737	0.0181951042	0	69.1	0	0	3
4340	972	0	1.6953125	0.78181126	0.770880498	0.757948817	0.784242891	0.0262940737	0.0181951042	0	69.1	0	0	3
4345	973	0	1.69726562	0.781819389	0.770973742	0.758014667	0.784242891	0.0262282242	0.0181951042	0	69.3	0	0	3
4350	974	0	1.69921875	0.781828653	0.771064331	0.758014667	0.784242891	0.0262282242	0.0181951042	0	69.3	0	0	3
4355	975	0	1.70117188	0.781720387	0.77115581	0.758014667	0.784242891	0.0262282242	0.0181951042	0	69.3	0	0	3
4360	976	0	1.703125	0.781717464	0.771245644	0.758014667	0.784242891	0.0262282242	0.0181951042	0	69.3	0	0	3
4365	977	0	1.70507812	0.78139071	0.771333482	0.758014667	0.784242891	0.0262282242	0.0181951042	0	69.3	0	0	3
4370	978	0	1.70703125	0.781404136	0.771421619	0.758014667	0.784242891	0.0262282242	0.0181951042	0	69.3	0	0	3
4375	979	0	1.70898438	0.781428565	0.771509075	0.758014667	0.784242891	0.0262282242	0.0181951042	0	69.3	0	0	3
4380	980	0	1.7109375	0.781447929	0.771597691	0.758014667	0.784242891	0.0262282242	0.0181951042	0	69.3	0	0	3
4385	981	0	1.71289062	0.781462515	0.771685497	0.758014667	0.784242891	0.0262282242	0.0181951042	0	69.3	0	0	3
4390	982	0	1.71484375	0.781476866	0.771774528	0.758014667	0.784242891	0.0262282242	0.0181951042	0	69.3	0	0	3
4395	983	0	1.71679688	0.781501861	0.771865374	0.758014667	0.784242891	0.0262282242	0.0181951042	0	69.3	0	0	3
4400	984	0	1.71875	0.781544402	0.771954965	0.758014667	0.784242891	0.0262282242	0.0181951042	0	69.3	0	0	3
4405	986	0	1.72070312	0.781594762	0.772043829	0.758014667	0.784242891	0.0262282242	0.0181951042	0	69.3	0	0	3
4410	987	0	1.72265625	0.78165283	0.772134853	0.758014667	0.784242891	0.0262282242	0.0181951042	0	69.3	0	0	3
4415	988	0	1.72460938	0.781729133	0.772225103	0.758014667	0.784242891	0.0262282242	0.0181951042	0	69.3	0	0	3
4420	989	0	1.7265625	0.78179897	0.772315525	0.758014667	0.784242891	0.0262282242	0.0181951042	0	69.3	0	0	3
4425	990	0	1.72851562	0.781864848	0.77240869	0.758347791	0.784242891	0.0258950996	0.0181951042	0	70.2	0	0	3
4430	991	0	1.73046875	0.781924549	0.772500786	0.758904042	0.784242891	0.0253388489	0.0181951042	0	71.8	0	0	3
4435	992	0	1.73242188	0.781979294	0.772590924	0.759118087	0.784242891	0.0251248043	0.0181951042	0	72.4	0	0	3
4440	992	0	1.734375	0.78202681	0.772680411	0.759228037	0.784242891	0.0250148541	0.0181951042	0	72.7	0	0	3
4445	993	0	1.73632812	0.782060499	0.772769541	0.759228037	0.784242891	0.0250148541	0.0181951042	0	72.7	0	0	3
4450	994	0	1.73828125	0.782084991	0.772858349	0.759228037	0.784242891	0.0250148541	0.0181951042	0	72.7	0	0	3
4455	995	0	1.74023438	0.782119841	0.772946171	0.759228037	0.784242891	0.0250148541	0.0181951042	0	72.7	0	0	3
4460	996	0	1.7421875	0.782159722	0.773033918	0.759228037	0.784242891	0.0250148541	0.0181951042	0	72.7	0	0	3
4465	997	0	1.74414062	0.781988034	0.773120521	0.759228037	0.784242891	0.0250148541	0.0181951042	0	72.7	0	0	3
4470	998	0	1.74609375	0.781480116	0.773205185	0.759228037	0.784242891	0.0250148541	0.0181951042	0	72.7	0	0	3
4475	999	0	1.74804688	0.781409388	0.773287826	0.759228037	0.784242891	0.0250148541	0.0181951042	0	72.7	0	0	3
4480	1000	0	1.75	0.781466749	0.773370175	0.759228037	0.784242891	0.0250148541	0.0181951042	0	72.7	0	0	3
4485	1001	0	1.75195312	0.781528633	0.773455076	0.759228037	0.784242891	0.0250148541	0.0181951042	0	72.7	0	0	3
4490	1002	0	1.75390625	0.78157129	0.773537261	0.759228037	0.784242891	0.0250148541	0.0181951042	0	72.7	0	0	3
4495	1003	0	1.75585938	0.781605267	0.773621028	0.759228037	0.784242891	0.0250148541	0.0181951042	0	72.7	0	0	3
4500	1004	0	1.7578125	0.78165346	0.773707407	0.759228037	0.784242891	0.0250148541	0.0181951042	0	72.7	0	0	3
4505	1007	0	1.75976562	0.78171159	0.773795233	0.759318877	0.784242891	0.0249240137	0.0181951042	0	73	0	0	3
4510	1008	0	1.76171875	0.781760601	0.773879821	0.759318877	0.784242891	0.0249240137	0.0181951042	0	73	0	0	3
4515	1009	0	1.76367188	0.781785006	0.773966961	0.759318877	0.784242891	0.0249240137	0.0181951042	0	73	0	0	3
4520	1010	0	1.765625	0.781807439	0.774053916	0.759318877	0.784242891	0.0249240137	0.0181951042	0	73	0	0	3
4525	1011	0	1.76757812	0.781634762	0.774139324	0.759318877	0.784242891	0.0249240137	0.0181951042	0	73	0	0	3
4530	1012	0	1.76953125	0.781671989	0.774221332	0.759318877	0.784242891	0.0249240137	0.0181951042	0	73	0	0	3
4535	1013	0	1.77148438	0.78127557	0.774305028	0.759318877	0.784242891	0.0249240137	0.0181951042	0	73	0	0	3
4540	1014	0	1.7734375	0.781281734	0.774388305	0.759318877	0.784242891	0.0249240137	0.0181951042	0	73	0	0	3
4545	1015	0	1.77539062	0.781196276	0.774471295	0.759318877	0.784242891	0.0249240137	0.0181951042	0	73	0	0	3
4550	1016	0	1.77734375	0.781124582	0.774552314	0.759318877	0.784242891	0.0249240137	0.0181951042	0	73	0	0	3
4555	1017	0	1.77929688	0.781156099	0.774633622	0.759318877	0.784242891	0.0249240137	0.0181951042	0	73	0	0	3
4560	1018	0	1.78125	0.781178972	0.774716093	0.759318877	0.784242891	0.0249240137	0.0181951042	0	73	0	0	3
4565	1019	0	1.78320312	0.781206216	0.774795941	0.759318877	0.784242891	0.0249240137	0.0181951042	0	73	0	0	3
4570	1020	0	1.78515625	0.7812483	0.774877572	0.759318877	0.784242891	0.0249240137	0.0181951042	0	73	0	0	3
4575	1021	0	1.78710938	0.781310854	0.774957964	0.759318877	0.784242891	0.0249240137	0.0181951042	0	73	0	0	3
4580	1022	0	1.7890625	0.781372768	0.77503495	0.759318877	0.784242891	0.0249240137	0.0181951042	0	73	0	0	3
4585	1023	0	1.79101562	0.781415804	0.775114764	0.759318877	0.784242891	0.0249240137	0.0181951042	0	73	0	0	3
4590	1024	0	1.79296875	0.781448719	0.775192556	0.759318877	0.784242891	0.0249240137	0.0181951042	0	73	0	0	3
4595	1025	0	1.79492188	0.781482464	0.775269799	0.759318877	0.784242891	0.0249240137	0.0181951042	0	73	0	0	3
4600	1026	0	1.796875	0.780747578	0.775343755	0.759318877	0.784242891	0.0249240137	0.0181951042	0	73	0	0	3
4605	1029	0	1.79882812	0.780679217	0.775416853	0.759318877	0.784242891	0.0249240137	0.0181951042	0	73	0	0	3
4610	1030	0	1.80078125	0.780711798	0.775492398	0.759318877	0.784242891	0.0249240137	0.0181951042	0	73	0	0	3
4615	1031	0	1.80273438	0.780729096	0.775566865	0.759318877	0.784242891	0.0249240137	0.0181951042	0	73	0	0	3
4620	1032	0	1.8046875	0.780739745	0.775642427	0.759318877	0.784242891	0.0249240137	0.0181951042	0	73	0	0	3
4625	1033	0	1.80664062	0.780757801	0.775718525	0.759318877	0.784242891	0.0249240137	0.0181951042	0	73	0	0	3
4630	1034	0	1.80859375	0.78078484	0.775794554	0.759318877	0.784242891	0.0249240137	0.0181951042	0	73	0	0	3
4635	1035	0	1.81054688	0.780823185	0.775868302	0.759318877	0.784242891	0.0249240137	0.0181951042	0	73	0	0	3
4640	1036	0	1.8125	0.780855352	0.775941785	0.759318877	0.784242891	0.0249240137	0.0181951042	0	73	0	0	3
4645	1037	0	1.81445312	0.780873891	0.776015333	0.759318877	0.784242891	0.0249240137	0.0181951042	0	73	0	0	3
4650	1038	0	1.81640625	0.780888147	0.776090764	0.759318877	0.784242891	0.0249240137	0.0181951042	0	73	0	0	3
4655	1039	0	1.81835938	0.7809199	0.776167014	0.759318877	0.784242891	0.0249240137	0.0181951042	0	73	0	0	3
4660	1040	0	1.8203125	0.780961654	0.776243934	0.759318877	0.784242891	0.0249240137	0.0181951042	0	73	0	0	3
4665	1041	0	1.82226562	0.781001646	0.776319767	0.759318877	0.784242891	0.0249240137	0.0181951042	0	73	0	0	3
4670	1042	0	1.82421875	0.78103077	0.776398329	0.759318877	0.784242891	0.0249240137	0.0181951042	0	73	0	0	3
4675	1043	0	1.82617188	0.781047452	0.776479885	0.759318877	0.784242891	0.0249240137	0.0181951042	0	73	0	0	3
4680	1044	0	1.828125	0.781074133	0.776557075	0.759318877	0.784242891	0.0249240137	0.0181951042	0	73	0	0	3
4685	1045	0	1.83007812	0.781114307	0.77663282	0.759318877	0.784242891	0.0249240137	0.0181951042	0	73	0	0	3
4690	1046	0	1.83203125	0.781153059	0.776713662	0.759318877	0.784242891	0.0249240137	0.0181951042	0	73	0	0	3
4695	1047	0	1.83398438	0.781171167	0.776797926	0.759318877	0.784242891	0.0249240137	0.0181951042	0	73	0	0	3
4700	1048	0	1.8359375	0.781180465	0.776879116	0.759318877	0.784242891	0.0249240137	0.0181951042	0	73	0	0	3
4705	1050	0	1.83789062	0.781209601	0.77695879	0.759318877	0.784242891	0.0249240137	0.0181951042	0	73	0	0	3
4710	1051	0	1.83984375	0.781248348	0.777041977	0.759318877	0.784242891	0.0249240137	0.0181951042	0	73	0	0	3
4715	1052	0	1.84179688	0.781285047	0.777125167	0.759318877	0.784242891	0.0249240137	0.0181951042	0	73	0	0	3
4720	1053	0	1.84375	0.781311504	0.777203235	0.759318877	0.784242891	0.0249240137	0.0181951042	0	73	0	0	3
4725	1054	0	1.84570312	0.78134171	0.777285893	0.759318877	0.784242891	0.0249240137	0.0181951042	0	73	0	0	3
4730	1055	0	1.84765625	0.781381924	0.777369172	0.759318877	0.784242891	0.0249240137	0.0181951042	0	73	0	0	3
4735	1056	0	1.84960938	0.781429808	0.777449376	0.759318877	0.784242891	0.0249240137	0.0181951042	0	73	0	0	3
4740	1057	0	1.8515625	0.781478993	0.777531014	0.759318877	0.784242891	0.0249240137	0.0181951042	0	73	0	0	3
4745	1058	0	1.85351562	0.781530211	0.777614042	0.759318877	0.784242891	0.0249240137	0.0181951042	0	73	0	0	3
4750	1059	0	1.85546875	0.781586134	0.777697346	0.759318877	0.784242891	0.0249240137	0.0181951042	0	73	0	0	3
4755	1060	0	1.85742188	0.781643082	0.777779256	0.759318877	0.784242891	0.0249240137	0.0181951042	0	73	0	0	3
4760	1061	0	1.859375	0.781687411	0.777861916	0.759318877	0.784242891	0.0249240137	0.0181951042	0	73	0	0	3
4765	1062	0	1.86132812	0.781731314	0.777944991	0.759318877	0.784242891	0.0249240137	0.0181951042	0	73	0	0	3
4770	1063	0	1.86328125	0.781784336	0.778030191	0.759318877	0.784242891	0.0249240137	0.0181951042	0	73	0	0	3
4775	1064	0	1.86523438	0.781841793	0.778114514	0.759318877	0.784242891	0.0249240137	0.0181951042	0	73	0	0	3
4780	1065	0	1.8671875	0.781889545	0.778200297	0.759318877	0.784242891	0.0249240137	0.0181951042	0	73	0	0	3
4785	1066	0	1.86914062	0.78192078	0.77828238	0.759318877	0.784242891	0.0249240137	0.0181951042	0	73	0	0	3
4790	1067	0	1.87109375	0.781958974	0.778370741	0.759318877	0.784242891	0.0249240137	0.0181951042	0	73	0	0	3
4795	1068	0	1.87304688	0.782010342	0.778454294	0.759318877	0.784242891	0.0249240137	0.0181951042	0	73	0	0	3
4800	1069	0	1.875	0.782066643	0.778540386	0.759318877	0.784242891	0.0249240137	0.0181951042	0	73	0	0	3
4805	1071	0	1.87695312	0.782108188	0.778629406	0.759330131	0.784242891	0.0249127601	0.0181951042	0	73	0	0	3
4810	1072	0	1.87890625	0.782134275	0.77871448	0.759330131	0.784242891	0.0249127601	0.0181951042	0	73	0	0	3
4815	1072	0	1.88085938	0.78217417	0.778794211	0.759330131	0.784242891	0.0249127601	0.0181951042	0	73	0	0	3
4820	1073	0	1.8828125	0.782228789	0.778879764	0.759330131	0.784242891	0.0249127601	0.0181951042	0	73	0	0	3
4825	1074	0	1.88476562	0.782288783	0.778969447	0.760673111	0.784242891	0.0235697804	0.0181951042	0	77.1	0	0	3
4830	1075	0	1.88671875	0.78232752	0.779052056	0.760673111	0.784242891	0.0235697804	0.0181951042	0	77.1	0	0	3
4835	1076	0	1.88867188	0.782348934	0.779130827	0.760673111	0.784242891	0.0235697804	0.0181951042	0	77.1	0	0	3
4840	1077	0	1.890625	0.782390386	0.77921566	0.760952852	0.784242891	0.0232900391	0.0181951042	0	78.1	0	0	3
4845	1078	0	1.89257812	0.782449862	0.779299633	0.761642427	0.784242891	0.022600464	0.0181951042	0	80.5	0	0	3
4850	1079	0	1.89453125	0.782510561	0.779379031	0.761642427	0.784242891	0.022600464	0.0181951042	0	80.5	0	0	3
4855	1080	0	1.89648438	0.782542144	0.779460671	0.761783944	0.784242891	0.0224589465	0.0181951042	0	81	0	0	3
4860	1081	0	1.8984375	0.782560339	0.779540433	0.761783944	0.784242891	0.0224589465	0.0181951042	0	81	0	0	3
4865	1082	0	1.90039062	0.782589605	0.779620854	0.761783944	0.784242891	0.0224589465	0.0181951042	0	81	0	0	3
4870	1083	0	1.90234375	0.782638489	0.779702317	0.763439034	0.784242891	0.0208038567	0.0181951042	0	87.4	0	0	3
4875	1084	0	1.90429688	0.782673045	0.77977745	0.76372258	0.784242891	0.0205203111	0.0181951042	0	88.6	0	0	3
4880	1085	0	1.90625	0.782691991	0.779850636	0.76372258	0.784242891	0.0205203111	0.0181951042	0	88.6	0	0	3
4885	1086	0	1.90820312	0.782710031	0.779923588	0.76372258	0.784242891	0.0205203111	0.0181951042	0	88.6	0	0	3
4890	1087	0	1.91015625	0.782504758	0.779996956	0.76416216	0.784242891	0.0200807308	0.0181951042	0	90.6	0	0	3
4895	1088	0	1.91210938	0.782321516	0.780067891	0.764168416	0.784242891	0.0200744752	0.0181951042	0	90.6	0	0	3
4900	1089	0	1.9140625	0.782254299	0.780137649	0.764168416	0.784242891	0.0200744752	0.0181951042	0	90.6	0	0	3
4905	1092	0	1.91601562	0.782263346	0.780208333	0.764650456	0.784242891	0.019592435	0.0181951042	0	92.8	0	0	3
4910	1093	0	1.91796875	0.782020066	0.780276183	0.764889045	0.784242891	0.0193538459	0.0181951042	0	94	0	0	3
4915	1094	0	1.91992188	0.781930335	0.78034275	0.76506773	0.784242891	0.0191751614	0.0181951042	0	94.8	0	0	3
4920	1095	0	1.921875	0.781986842	0.780408841	0.765105087	0.784242891	0.0191378041	0.0181951042	0	95	0	0	3
4925	1096	0	1.92382812	0.782020932	0.780474894	0.765105087	0.784242891	0.0191378041	0.0181951042	0	95	0	0	3
4930	1097	0	1.92578125	0.782042739	0.780541056	0.765642313	0.784242891	0.0186005783	0.0181951042	0	97.8	0	0	3
4935	1098	0	1.92773438	0.782056424	0.780604915	0.765642313	0.784242891	0.0186005783	0.0181951042	0	97.8	0	0	3
4940	1099	0	1.9296875	0.782097293	0.780669192	0.766819041	0.784242891	0.0174238495	0.0181951042	0	100	0	0	3
4945	1100	0	1.93164062	0.781901436	0.780728108	0.767088135	0.784242891	0.0171547558	0.0181951042	0	100	0	0	3
4950	1101	0	1.93359375	0.781942405	0.780786132	0.767366007	0.784242891	0.0168768838	0.0181951042	0	100	0	0	3
4955	1102	0	1.93554688	0.781228715	0.780840284	0.767760014	0.784242891	0.0164828773	0.0181951042	0	100	0	0	3
4960	1103	0	1.9375	0.780801356	0.780891226	0.767985373	0.784242891	0.0162575183	0.0181951042	0	100	0	0	3
4965	1104	0	1.93945312	0.780375327	0.780939625	0.768255599	0.784242891	0.0159872922	0.0181951042	0	100	0	0	3
4970	1105	0	1.94140625	0.780396488	0.78098705	0.768491427	0.784242891	0.0157514644	0.0181951042	0	100	0	0	3
4975	1106	0	1.94335938	0.780407819	0.781033598	0.769063988	0.784242891	0.0151789028	0.0181951042	0	100	0	0	3
4980	1107	0	1.9453125	0.78040695	0.781077907	0.769478178	0.784242891	0.0147647127	0.0181951042	0	100	0	0	3
4985	1108	0	1.94726562	0.780427135	0.781120676	0.770054144	0.784242891	0.0141887473	0.0181951042	0	100	0	0	3
4990	1109	0	1.94921875	0.780458135	0.781161317	0.770404827	0.784242891	0.0138380641	0.0181951042	0	100	0	0	3
4995	1110	0	1.95117188	0.780462991	0.781200606	0.770920687	0.784242891	0.0133222037	0.0181951042	0	100	0	0	3
5000	1111	0	1.953125	0.780453256	0.781237843	0.771229262	0.784242891	0.0130136291	0.0181951042	0	100	0	0	3
5005	1113	0	1.95507812	0.780460037	0.781273901	0.771547353	0.784242891	0.0126955376	0.0181951042	0	100	0	0	3
5010	1114	0	1.95703125	0.780483476	0.781308807	0.772147184	0.784242891	0.0120957074	0.0181951042	0	100	0	0	3
5015	1115	0	1.95898438	0.780487192	0.781341386	0.772266913	0.784242891	0.0119759784	0.0181951042	0	100	0	0	3
5020	1116	0	1.9609375	0.780487556	0.781373498	0.772626204	0.784242891	0.0116166869	0.0181951042	0	100	0	0	3
5025	1117	0	1.96289062	0.780484566	0.781403999	0.772626204	0.784242891	0.0116166869	0.0181951042	0	100	0	0	3
5030	1118	0	1.96484375	0.780465723	0.781434622	0.772876875	0.784242891	0.0113660163	0.0181951042	0	100	0	0	3
5035	1119	0	1.96679688	0.780474617	0.7814643	0.772935655	0.784242891	0.0113072362	0.0181951042	0	100	0	0	3
5040	1120	0	1.96875	0.780486391	0.781493577	0.772935655	0.784242891	0.0113072362	0.0181951042	0	100	0	0	3
5045	1121	0	1.97070312	0.780481091	0.781523052	0.773208482	0.784242891	0.0110344094	0.0181951042	0	100	0	0	3
5050	1122	0	1.97265625	0.780477851	0.781551447	0.773328275	0.784242891	0.010914616	0.0181951042	0	100	0	0	3
5055	1123	0	1.97460938	0.780491654	0.781579429	0.773448443	0.784242891	0.010794448	0.0181951042	0	100	0	0	3
5060	1124	0	1.9765625	0.780492842	0.781606947	0.773562675	0.784242891	0.0106802163	0.0181951042	0	100	0	0	3
5065	1125	0	1.97851562	0.780486519	0.781633993	0.773823282	0.784242891	0.0104196091	0.0181951042	0	100	0	0	3
5070	1126	0	1.98046875	0.78046321	0.78165993	0.7739222	0.784242891	0.0103206907	0.0181951042	0	100	0	0	3
5075	1127	0	1.98242188	0.78044168	0.781685397	0.774023533	0.784242891	0.0102193582	0.0181951042	0	100	0	0	3
5080	1128	0	1.984375	0.78043664	0.781710448	0.774118201	0.784242891	0.0101246898	0.0181951042	0	100	0	0	3
5085	1129	0	1.98632812	0.780435235	0.781735124	0.774869587	0.784242891	0.00937330388	0.0181951042	0	100	0	0	3
5090	1130	0	1.98828125	0.780425918	0.781756304	0.774869587	0.784242891	0.00937330388	0.0181951042	0	100	0	0	3
5095	1131	0	1.99023438	0.780568609	0.781778566	0.775335993	0.784242891	0.00890689773	0.0181951042	0	100	0	0	3
5100	1132	0	1.9921875	0.780374642	0.781798248	0.776089865	0.784242891	0.00815302552	0.0181951042	0	100	0	0	3
5105	1134	0	1.99414062	0.780376235	0.781814992	0.77694168	0.784242891	0.0073012112	0.0181951042	0	100	0	0	3
5110	1135	0	1.99609375	0.780545731	0.78182907	0.777134725	0.784242891	0.00710816554	0.0181951042	0	100	0	0	3
5115	1136	0	1.99804688	0.780701625	0.781843003	0.777472912	0.784242891	0.00676997909	0.0181951042	0	100	0	0	3
5120	1137	0	2	0.780517776	0.781854598	0.777472912	0.784242891	0.00676997909	0.0181951042	0	100	0	0	3
5125	1138	0	2.00195312	0.78050013	0.781866424	0.777563223	0.784242891	0.00667966762	0.0181951042	0	100	0	0	3
5130	1139	0	2.00390625	0.780663017	0.781878532	0.777635811	0.784242891	0.0066070802	0.0181951042	0	100	0	0	3
5135	1140	0	2.00585938	0.780817016	0.781890959	0.777693739	0.784242891	0.00654915231	0.0181951042	0	100	0	0	3
5140	1141	0	2.0078125	0.780620537	0.781902391	0.777872887	0.784242891	0.00637000414	0.0181951042	0	100	0	0	3
5145	1142	0	2.00976562	0.780246552	0.781911664	0.778558846	0.784242891	0.00568404478	0.0181951042	0	100	0	0	3
5150	1143	0	2.01171875	0.780898933	0.781920805	0.778974585	0.784242891	0.00526830573	0.0181951042	0	100	0	0	3
5155	1144	0	2.01367188	0.780538487	0.781926914	0.779200767	0.784242891	0.00504212387	0.0181951042	0	100	0	0	3
5160	1145	0	2.015625	0.780496859	0.781931976	0.779244769	0.784242891	0.00499812239	0.0181951042	0	100	0	0	3
5165	1146	0	2.01757812	0.78095161	0.781938644	0.779436428	0.784242891	0.00480646284	0.0181951042	0	100	0	0	3
5170	1147	0	2.01953125	0.781088951	0.781945099	0.779475767	0.784242891	0.00476712395	0.0181951042	0	100	0	0	3
5175	1148	0	2.02148438	0.780724178	0.781949976	0.779841367	0.784242891	0.00440152415	0.0181951042	0	100	0	0	3
5180	1149	0	2.0234375	0.780853453	0.781953929	0.78020303	0.784242891	0.00403986058	0.0181951042	0	100	0	0	3
5185	1150	0	2.02539062	0.780463191	0.781954945	0.780246552	0.784242891	0.00399633931	0.0181951042	0	100	0	0	3
5190	1151	0	2.02734375	0.780931461	0.781953339	0.780246552	0.784242891	0.00399633931	0.0181951042	0	100	0	0	3
5195	1152	0	2.02929688	0.780905949	0.781950953	0.780246552	0.784242891	0.00399633931	0.0181951042	0	100	0	0	3
5200	1153	0	2.03125	0.780521256	0.781946975	0.780246552	0.784242891	0.00399633931	0.0181951042	0	100	0	0	3
5205	1156	0	2.03320312	0.780297412	0.78194209	0.780246552	0.784242891	0.00399633931	0.0181951042	0	100	0	0	3
5210	1157	0	2.03515625	0.780109194	0.781936537	0.780109194	0.784242891	0.00413369711	0.0181951042	0	100	0	0	3
5215	1158	0	2.03710938	0.780124677	0.781931132	0.780109194	0.784242891	0.00413369711	0.0181951042	0	100	0	0	3
5220	1159	0	2.0390625	0.779492308	0.781923301	0.779492308	0.784242891	0.00475058318	0.0181951042	0	100	0	0	3
5225	1160	0	2.04101562	0.779543534	0.78191567	0.779492308	0.784242891	0.00475058318	0.0181951042	0	100	0	0	3
5230	1161	0	2.04296875	0.778954702	0.781900826	0.778954702	0.784242891	0.00528818922	0.0181951042	0	100	0	0	3
5235	1162	0	2.04492188	0.779418619	0.78188696	0.778954702	0.784242891	0.00528818922	0.0181951042	0	100	0	0	3
5240	1163	0	2.046875	0.778662669	0.781868	0.778662669	0.784242891	0.00558022154	0.0181951042	0	100	0	0	3
5245	1164	0	2.04882812	0.778643421	0.781846227	0.778643421	0.784242891	0.00559947003	0.0181951042	0	100	0	0	3
5250	1165	0	2.05078125	0.778029662	0.781822012	0.778029662	0.784242891	0.00621322884	0.0181951042	0	100	0	0	3
5255	1166	0	2.05273438	0.778007972	0.781797659	0.778007972	0.784242891	0.00623491933	0.0181951042	0	100	0	0	3
5260	1167	0	2.0546875	0.778445719	0.781775014	0.778007972	0.784235466	0.00622749392	0.0181951042	0	100	0	0	3
5265	1168	0	2.05664062	0.778215127	0.781751497	0.778007972	0.784229442	0.00622147044	0.0181951042	0	100	0	0	3
5270	1169	0	2.05859375	0.777474322	0.781725109	0.777474322	0.784224897	0.00675057525	0.0181951042	0	100	0	0	3
5275	1170	0	2.06054688	0.777938476	0.781700553	0.777474322	0.784216588	0.00674226605	0.0181951042	0	100	0	0	3
5280	1171	0	2.0625	0.777175408	0.781673057	0.777175408	0.784216588	0.00704118034	0.0181951042	0	100	0	0	3
5285	1172	0	2.06445312	0.776375575	0.781642511	0.776375575	0.784216588	0.00784101249	0.0181951042	0	100	0	0	3
5290	1173	0	2.06640625	0.776506595	0.781612563	0.776375575	0.784216588	0.00784101249	0.0181951042	0	100	0	0	3
5295	1174	0	2.06835938	0.776609154	0.781583094	0.776375575	0.784216588	0.00784101249	0.0181951042	0	100	0	0	3
5300	1175	0	2.0703125	0.776355544	0.781552727	0.776355544	0.784216588	0.00786104386	0.0181951042	0	100	0	0	3
5305	1177	0	2.07226562	0.775943777	0.781520872	0.775943777	0.784216588	0.00827281068	0.0181951042	0	100	0	0	3
5310	1178	0	2.07421875	0.776408641	0.781490956	0.775943777	0.784216588	0.00827281068	0.0181951042	0	100	0	0	3
5315	1179	0	2.07617188	0.775991744	0.781459519	0.775943777	0.784216588	0.00827281068	0.0181951042	0	100	0	0	3
5320	1180	0	2.078125	0.775900615	0.781427834	0.775900615	0.784216588	0.00831597285	0.0181951042	0	100	0	0	3
5325	1181	0	2.08007812	0.77599068	0.781396634	0.775900615	0.784216588	0.00831597285	0.0181951042	0	100	0	0	3
5330	1182	0	2.08203125	0.775744015	0.781364605	0.775744015	0.784216588	0.008472573	0.0181951042	0	100	0	0	3
5335	1184	0	2.08398438	0.775846582	0.78133309	0.775744015	0.784216588	0.008472573	0.0181951042	0	100	0	0	3
5340	1185	0	2.0859375	0.776631903	0.781304742	0.775744015	0.784216588	0.008472573	0.0181951042	0	100	0	0	3
5345	1186	0	2.08789062	0.776011673	0.78127409	0.775744015	0.784216588	0.008472573	0.0181951042	0	100	0	0	3
5350	1187	0	2.08984375	0.775585102	0.781241923	0.775585102	0.784216588	0.00863148591	0.0181951042	0	100	0	0	3
5355	1188	0	2.09179688	0.775698	0.781208997	0.775585102	0.784216588	0.00863148591	0.0181951042	0	100	0	0	3
5360	1189	0	2.09375	0.775632151	0.781175464	0.775585102	0.78419563	0.00861052767	0.0181951042	0	100	0	0	3
5365	1190	0	2.09570312	0.776070624	0.781143726	0.775585102	0.784163916	0.00857881444	0.0181951042	0	100	0	0	3
5370	1191	0	2.09765625	0.775633703	0.781110405	0.775585102	0.784116045	0.00853094247	0.0181951042	0	100	0	0	3
5375	1192	0	2.09960938	0.775740146	0.781077687	0.775585102	0.784064688	0.00847958584	0.0181951042	0	100	0	0	3
5380	1193	0	2.1015625	0.77585715	0.781045626	0.775585102	0.784022731	0.00843762941	0.0181951042	0	100	0	0	3
5385	1194	0	2.10351562	0.775610922	0.781012767	0.775585102	0.783983582	0.00839847963	0.0181951042	0	100	0	0	3
5390	1195	0	2.10546875	0.775515742	0.78097969	0.775515742	0.783937141	0.00842139898	0.0181951042	0	100	0	0	3
5395	1196	0	2.10742188	0.775074058	0.780945068	0.775074058	0.78388201	0.00880795197	0.0181951042	0	100	0	0	3
5400	1197	0	2.109375	0.775523893	0.780912419	0.775074058	0.783828742	0.00875468486	0.0181951042	0	100	0	0	3
5405	1199	0	2.11132812	0.775096462	0.780878309	0.775074058	0.783783734	0.00870967678	0.0181951042	0	100	0	0	3
5410	1200	0	2.11328125	0.774820686	0.780843297	0.774820686	0.783742782	0.00892209522	0.0181951042	0	100	0	0	3
5415	1201	0	2.11523438	0.774702571	0.780807984	0.774702571	0.783698704	0.00899613224	0.0181951042	0	100	0	0	3
5420	1202	0	2.1171875	0.77481187	0.78077327	0.774702571	0.783656394	0.00895382227	0.0181951042	0	100	0	0	3
5425	1203	0	2.11914062	0.774622414	0.780737981	0.774622414	0.78362087	0.00899845628	0.0181951042	0	100	0	0	3
5430	1204	0	2.12109375	0.773868594	0.780699886	0.773868594	0.783593218	0.00972462444	0.0181951042	0	100	0	0	3
5435	1205	0	2.12304688	0.773834548	0.780661766	0.773834548	0.783571461	0.00973691325	0.0181951042	0	100	0	0	3
5440	1206	0	2.125	0.773403525	0.780622047	0.773403525	0.783541392	0.0101378677	0.0181951042	0	100	0	0	3
5445	1207	0	2.12695312	0.773349201	0.780582234	0.773349201	0.783510068	0.0101608666	0.0181951042	0	100	0	0	3
5450	1208	0	2.12890625	0.772924914	0.780540886	0.772924914	0.783489807	0.0105648926	0.0181951042	0	100	0	0	3
5455	1209	0	2.13085938	0.773559745	0.780502097	0.772924914	0.783479849	0.0105549351	0.0181951042	0	100	0	0	3
5460	1210	0	2.1328125	0.772919711	0.780460846	0.772919711	0.783459657	0.0105399467	0.0181951042	0	100	0	0	3
5465	1211	0	2.13476562	0.772986605	0.780419936	0.772919711	0.783422685	0.0105029746	0.0181951042	0	100	0	0	3
5470	1212	0	2.13671875	0.77307552	0.780379517	0.772919711	0.783383932	0.0104642217	0.0181951042	0	100	0	0	3
5475	1213	0	2.13867188	0.772643838	0.780337564	0.772643838	0.783351673	0.0107078352	0.0181951042	0	100	0	0	3
5480	1214	0	2.140625	0.772372153	0.780294675	0.772372153	0.783322557	0.0109504041	0.0181951042	0	100	0	0	3
5485	1215	0	2.14257812	0.772431326	0.780252131	0.772372153	0.783287815	0.0109156621	0.0181951042	0	100	0	0	3
5490	1216	0	2.14453125	0.772496667	0.780209978	0.772372153	0.78324928	0.0108771268	0.0181951042	0	100	0	0	3
5495	1217	0	2.14648438	0.772076158	0.780166333	0.772076158	0.783214566	0.0111384079	0.0181951042	0	100	0	0	3
5500	1218	0	2.1484375	0.771093851	0.780118987	0.771093851	0.783077861	0.0119840105	0.0181951042	0	100	0	0	3
5505	1220	0	2.15039062	0.771877998	0.780075237	0.771093851	0.782710031	0.0116161808	0.0181951042	0	100	0	0	3
5510	1222	0	2.15234375	0.771743624	0.780033192	0.771093851	0.782710031	0.0116161808	0.0181951042	0	100	0	0	3
5515	1223	0	2.15429688	0.771079312	0.779989499	0.771079312	0.782710031	0.0116307192	0.0181951042	0	100	0	0	3
5520	1224	0	2.15625	0.771510799	0.779947553	0.771079312	0.782710031	0.0116307192	0.0181951042	0	100	0	0	3
5525	1225	0	2.15820312	0.770929704	0.779903362	0.770929704	0.782710031	0.0117803276	0.0181951042	0	100	0	0	3
5530	1226	0	2.16015625	0.770467135	0.779857364	0.770467135	0.782710031	0.0122428965	0.0181951042	0	100	0	0	3
5535	1227	0	2.16210938	0.770860984	0.779812919	0.770467135	0.782710031	0.0122428965	0.0181951042	0	100	0	0	3
5540	1228	0	2.1640625	0.770221517	0.779766044	0.770221517	0.782710031	0.012461552	0.0181951042	0	100	0	0	3
5545	1229	0	2.16601562	0.770320054	0.779719655	0.770221517	0.782710031	0.0123685648	0.0181951042	0	100	0	0	3
5550	1230	0	2.16796875	0.770365024	0.779673556	0.770221517	0.782710031	0.0122741363	0.0181951042	0	100	0	0	3
5555	1231	0	2.16992188	0.770088834	0.779626496	0.770088834	0.782710031	0.0121800467	0.0181951042	0	100	0	0	3
5560	1232	0	2.171875	0.769760853	0.779578289	0.769760853	0.782710031	0.0120877222	0.0181951042	0	100	0	0	3
5565	1233	0	2.17382812	0.769621005	0.779529692	0.769621005	0.782710031	0.0119959645	0.0181951042	0	100	0	0	3
5570	1234	0	2.17578125	0.769668997	0.77948143	0.769621005	0.782710031	0.0119025186	0.0181951042	0	100	0	0	3
5575	1235	0	2.17773438	0.769332087	0.779431981	0.769332087	0.782710031	0.0118117381	0.0181951042	0	100	0	0	3
5580	1236	0	2.1796875	0.769167146	0.779382009	0.769167146	0.782710031	0.0117211187	0.0181951042	0	100	0	0	3
5585	1237	0	2.18164062	0.769014431	0.779331568	0.769014431	0.782710031	0.0116286026	0.0181951042	0	100	0	0	3
5590	1238	0	2.18359375	0.769059196	0.779281423	0.769014431	0.782710031	0.011536121	0.0181951042	0	100	0	0	3
5595	1239	0	2.18554688	0.768918259	0.779230804	0.768918259	0.782710031	0.0114435867	0.0181951042	0	100	0	0	3
5600	1240	0	2.1875	0.768577684	0.779178888	0.768577684	0.782710031	0.0113502049	0.0181951042	0	100	0	0	3
5605	1242	0	2.18945312	0.768782581	0.779127801	0.768577684	0.782710031	0.0112580159	0.0181951042	0	100	0	0	3
5610	1244	0	2.19140625	0.768460596	0.77907552	0.768460596	0.782710031	0.0111658774	0.0181951042	0	100	0	0	3
5615	1245	0	2.19335938	0.768516114	0.779023544	0.768460596	0.782710031	0.0110744476	0.0181951042	0	100	0	0	3
5620	1246	0	2.1953125	0.768010937	0.778969637	0.768010937	0.782710031	0.0109812031	0.0181951042	0	100	0	0	3
5625	1247	0	2.19726562	0.768031444	0.778915778	0.768010937	0.782710031	0.0108906147	0.0181951042	0	100	0	0	3
5630	1248	0	2.19921875	0.767694703	0.778860567	0.767694703	0.782710031	0.010799135	0.0181951042	0	100	0	0	3
5635	1249	0	2.20117188	0.768112447	0.778807411	0.767694703	0.782710031	0.0107093011	0.0181951042	0	100	0	0	3
5640	1250	0	2.203125	0.767802419	0.778753055	0.767694703	0.782710031	0.0106214631	0.0181951042	0	100	0	0	3
5645	1251	0	2.20507812	0.767103074	0.778697244	0.767103074	0.782710031	0.0105333258	0.0181951042	0	100	0	0	3
5650	1252	0	2.20703125	0.767491713	0.778642899	0.767103074	0.782710031	0.01044587	0.0181951042	0	100	0	0	3
5655	1253	0	2.20898438	0.767165882	0.778587185	0.767103074	0.782710031	0.0103572541	0.0181951042	0	100	0	0	3
5660	1254	0	2.2109375	0.766861012	0.778530205	0.766861012	0.782710031	0.0102694483	0.0181951042	0	100	0	0	3
5665	1255	0	2.21289062	0.766733484	0.77847267	0.766733484	0.782710031	0.0101804171	0.0181951042	0	100	0	0	3
5670	1256	0	2.21484375	0.766208443	0.778413027	0.766208443	0.782710031	0.0100895714	0.0181951042	0	100	0	0	3
5675	1257	0	2.21679688	0.766052657	0.778352679	0.766052657	0.782710031	0.0099999807	0.0181951042	0	100	0	0	3
5680	1258	0	2.21875	0.766286401	0.778293077	0.766052657	0.782710031	0.0099111163	0.0181951042	0	100	0	0	3
5685	1259	0	2.22070312	0.76598005	0.778232082	0.76598005	0.782710031	0.00982009187	0.0181951042	0	100	0	0	3
5690	1260	0	2.22265625	0.76566182	0.778169618	0.76566182	0.782710031	0.00972984265	0.0181951042	0	100	0	0	3
5695	1261	0	2.22460938	0.765324597	0.778105537	0.765324597	0.782710031	0.00963942024	0.0181951042	0	100	0	0	3
5700	1262	0	2.2265625	0.765179763	0.778040619	0.765179763	0.782710031	0.00954625547	0.0181951042	0	100	0	0	3
5705	1264	0	2.22851562	0.765053442	0.777974949	0.765053442	0.782710031	0.00945415876	0.0181951042	0	100	0	0	3
5710	1265	0	2.23046875	0.764933875	0.777908579	0.764933875	0.782710031	0.00936402105	0.0181951042	0	100	0	0	3
5715	1266	0	2.23242188	0.765163584	0.777842893	0.764933875	0.782710031	0.00927453385	0.0181951042	0	100	0	0	3
5720	1267	0	2.234375	0.765013451	0.777776434	0.764933875	0.782710031	0.00918540452	0.0181951042	0	100	0	0	3
5725	1268	0	2.23632812	0.764321789	0.777707143	0.764321789	0.782710031	0.00909659646	0.0181951042	0	100	0	0	3
5730	1269	0	2.23828125	0.764198219	0.777637272	0.764198219	0.782710031	0.00900877397	0.0181951042	0	100	0	0	3
5735	1270	0	2.24023438	0.7642537	0.777567483	0.764198219	0.782710031	0.00892102696	0.0181951042	0	100	0	0	3
5740	1271	0	2.2421875	0.764108375	0.77749697	0.764108375	0.782710031	0.00883442395	0.0181951042	0	100	0	0	3
5745	1272	0	2.24414062	0.76378059	0.777425847	0.76378059	0.782710031	0.00874976008	0.0181951042	0	100	0	0	3
5750	1274	0	2.24609375	0.763839899	0.77735694	0.76378059	0.782710031	0.00866711885	0.0181951042	0	100	0	0	3
5755	1275	0	2.24804688	0.763721894	0.777287848	0.763721894	0.782710031	0.00858477035	0.0181951042	0	100	0	0	3
5760	1276	0	2.25	0.763584196	0.777217994	0.763584196	0.782710031	0.00849986969	0.0181951042	0	100	0	0	3
5765	1277	0	2.25195312	0.76361848	0.777148033	0.763584196	0.782710031	0.00841768449	0.0181951042	0	100	0	0	3
5770	1278	0	2.25390625	0.763111555	0.777075924	0.763111555	0.782710031	0.00833391679	0.0181951042	0	100	0	0	3
5775	1279	0	2.25585938	0.762806872	0.777002493	0.762806872	0.782710031	0.00824753823	0.0181951042	0	100	0	0	3
5780	1280	0	2.2578125	0.762684863	0.776928397	0.762684863	0.782710031	0.00815971185	0.0181951042	0	100	0	0	3
5785	1281	0	2.25976562	0.762727258	0.77685424	0.762684863	0.782710031	0.00807512406	0.0181951042	0	100	0	0	3
5790	1282	0	2.26171875	0.762212997	0.776777882	0.762212997	0.782710031	0.00798798462	0.0181951042	0	100	0	0	3
5795	1283	0	2.26367188	0.76227274	0.776701662	0.762212997	0.782710031	0.0079010291	0.0181951042	0	100	0	0	3
5800	1284	0	2.265625	0.762901655	0.776627811	0.762212997	0.782710031	0.00781562099	0.0181951042	0	100	0	0	3
5805	1286	0	2.26757812	0.762408169	0.776552707	0.762212997	0.782710031	0.00773361375	0.0181951042	0	100	0	0	3
5810	1287	0	2.26953125	0.761713343	0.776474744	0.761713343	0.782710031	0.00764991757	0.0181951042	0	100	0	0	3
5815	1288	0	2.27148438	0.761584125	0.776397824	0.761584125	0.782710031	0.00756663998	0.0181951042	0	100	0	0	3
5820	1289	0	2.2734375	0.762029946	0.776322622	0.761584125	0.782710031	0.00748365063	0.0181951042	0	100	0	0	3
5825	1290	0	2.27539062	0.762112796	0.776248077	0.761584125	0.782710031	0.0074026316	0.0181951042	0	100	0	0	3
5830	1291	0	2.27734375	0.76180357	0.776172604	0.761584125	0.782710031	0.00732132332	0.0181951042	0	100	0	0	3
5835	1292	0	2.27929688	0.761298186	0.776095034	0.761298186	0.782710031	0.00723885267	0.0181951042	0	100	0	0	3
5840	1293	0	2.28125	0.761364887	0.776017636	0.761298186	0.782710031	0.00715900459	0.0181951042	0	100	0	0	3
5845	1294	0	2.28320312	0.761263638	0.775939735	0.761263638	0.782710031	0.00707737279	0.0181951042	0	100	0	0	3
5850	1295	0	2.28515625	0.760598601	0.775859072	0.760598601	0.782710031	0.00699698135	0.0181951042	0	100	0	0	3
5855	1296	0	2.28710938	0.76084234	0.775779117	0.760598601	0.782710031	0.00691999506	0.0181951042	0	100	0	0	3
5860	1297	0	2.2890625	0.761082342	0.775699857	0.760598601	0.782710031	0.00684018076	0.0181951042	0	100	0	0	3
5865	1299	0	2.29101562	0.760632719	0.775618673	0.760598601	0.782710031	0.00676238906	0.0181951042	0	100	0	0	3
5870	1300	0	2.29296875	0.760342742	0.775536228	0.760342742	0.782710031	0.0066851467	0.0181951042	0	100	0	0	3
5875	1301	0	2.29492188	0.760230309	0.775453212	0.760230309	0.782710031	0.00661119056	0.0181951042	0	100	0	0	3
5880	1302	0	2.296875	0.760282986	0.775373272	0.760230309	0.782710031	0.00658167306	0.0181951042	0	100	0	0	3
5885	1303	0	2.29882812	0.759817388	0.775291781	0.759817388	0.782710031	0.00666316458	0.0181951042	0	100	0	0	3
5890	1304	0	2.30078125	0.759890708	0.775210448	0.759817388	0.782710031	0.00674449696	0.0181951042	0	100	0	0	3
5895	1305	0	2.30273438	0.759644347	0.775128086	0.759644347	0.782710031	0.00682685926	0.0181951042	0	100	0	0	3
5900	1306	0	2.3046875	0.759383865	0.775044665	0.759383865	0.782710031	0.00691028067	0.0181951042	0	100	0	0	3
5905	1309	0	2.30664062	0.759447866	0.774961423	0.759383865	0.782710031	0.0069935226	0.0181951042	0	100	0	0	3
5910	1310	0	2.30859375	0.759375832	0.774877794	0.759375832	0.782710031	0.00707715154	0.0181951042	0	100	0	0	3
5915	1311	0	2.31054688	0.759090874	0.774792902	0.759090874	0.782710031	0.00716204338	0.0181951042	0	100	0	0	3
5920	1312	0	2.3125	0.757993883	0.774703599	0.757993883	0.782710031	0.007251346	0.0181951042	0	100	0	0	3
5925	1313	0	2.31445312	0.758067218	0.774614511	0.757993883	0.782710031	0.00734043456	0.0181951042	0	100	0	0	3
5930	1314	0	2.31640625	0.758506645	0.774527083	0.757993883	0.782710031	0.0074278623	0.0181951042	0	100	0	0	3
5935	1315	0	2.31835938	0.758207662	0.774438363	0.757993883	0.782710031	0.00751658198	0.0181951042	0	100	0	0	3
5940	1316	0	2.3203125	0.757920817	0.77434836	0.757920817	0.782710031	0.00760658525	0.0181951042	0	100	0	0	3
5945	1317	0	2.32226562	0.758374869	0.774259974	0.757920817	0.782710031	0.0076949711	0.0181951042	0	100	0	0	3
5950	1318	0	2.32421875	0.757682819	0.774168771	0.757682819	0.782710031	0.00778617403	0.0181951042	0	100	0	0	3
5955	1319	0	2.32617188	0.758119708	0.77407921	0.757682819	0.782710031	0.00787573553	0.0181951042	0	100	0	0	3
5960	1320	0	2.328125	0.7578267	0.773988399	0.757682819	0.782710031	0.00796654582	0.0181951042	0	100	0	0	3
5965	1321	0	2.33007812	0.757354994	0.77389559	0.757354994	0.782710031	0.00805935563	0.0181951042	0	100	0	0	3
5970	1322	0	2.33203125	0.757809074	0.773804402	0.757354994	0.782710031	0.00815054308	0.0181951042	0	100	0	0	3
5975	1323	0	2.33398438	0.757314085	0.77371121	0.757314085	0.782710031	0.0082437348	0.0181951042	0	100	0	0	3
5980	1324	0	2.3359375	0.757767046	0.773619752	0.757314085	0.782710031	0.00833519347	0.0181951042	0	100	0	0	3
5985	1325	0	2.33789062	0.757108906	0.773525608	0.757108906	0.782710031	0.00842933681	0.0181951042	0	100	0	0	3
5990	1326	0	2.33984375	0.757583126	0.773433166	0.757108906	0.782710031	0.00852177908	0.0181951042	0	100	0	0	3
5995	1327	0	2.34179688	0.75728604	0.77333942	0.757108906	0.782710031	0.0086155252	0.0181951042	0	100	0	0	3
6000	1329	0	2.34375	0.756988018	0.773244406	0.756988018	0.782710031	0.00871053882	0.0181951042	0	100	0	0	3
6005	1331	0	2.34570312	0.757452158	0.773151088	0.756988018	0.782710031	0.00880385739	0.0181951042	0	100	0	0	3
6010	1332	0	2.34765625	0.756988583	0.773055801	0.756988018	0.782710031	0.00889914388	0.0181951042	0	100	0	0	3
6015	1333	0	2.34960938	0.756705874	0.772959224	0.756705874	0.782710031	0.00899572175	0.0181951042	0	100	0	0	3
6020	1334	0	2.3515625	0.757339769	0.77286493	0.756705874	0.782710031	0.00909001559	0.0181951042	0	100	0	0	3
6025	1335	0	2.35351562	0.756478516	0.772767071	0.756478516	0.782710031	0.00918787378	0.0181951042	0	100	0	0	3
6030	1336	0	2.35546875	0.755996192	0.772667111	0.755996192	0.782710031	0.00928783449	0.0181951042	0	100	0	0	3
6035	1337	0	2.35742188	0.756468622	0.772568773	0.755996192	0.782710031	0.00938617222	0.0181951042	0	100	0	0	3
6040	1338	0	2.359375	0.757091395	0.772472695	0.755996192	0.782710031	0.00948225041	0.0181951042	0	100	0	0	3
6045	1339	0	2.36132812	0.756199631	0.772372962	0.755996192	0.782710031	0.00958198355	0.0181951042	0	100	0	0	3
6050	1340	0	2.36328125	0.756273914	0.772273312	0.755996192	0.782710031	0.00968163363	0.0181951042	0	100	0	0	3
6055	1341	0	2.36523438	0.756174864	0.77217305	0.755996192	0.782710031	0.00978189507	0.0181951042	0	100	0	0	3
6060	1342	0	2.3671875	0.756255978	0.772072919	0.755996192	0.782710031	0.00988202619	0.0181951042	0	100	0	0	3
6065	1344	0	2.36914062	0.755938411	0.771971425	0.755938411	0.782710031	0.00998351982	0.0181951042	0	100	0	0	3
6070	1345	0	2.37109375	0.756191301	0.77187077	0.755938411	0.782710031	0.0100841748	0.0181951042	0	100	0	0	3
6075	1346	0	2.37304688	0.75626839	0.771770216	0.755938411	0.782710031	0.0101847293	0.0181951042	0	100	0	0	3
6080	1347	0	2.375	0.755619854	0.771666908	0.755619854	0.782710031	0.0102880371	0.0181951042	0	100	0	0	3
6085	1348	0	2.37695312	0.755913373	0.771564585	0.755619854	0.782710031	0.0103903606	0.0181951042	0	100	0	0	3
6090	1349	0	2.37890625	0.755613515	0.771460988	0.755613515	0.782710031	0.0104939573	0.0181951042	0	100	0	0	3
6095	1350	0	2.38085938	0.755505156	0.771356812	0.755505156	0.782710031	0.0105981331	0.0181951042	0	100	0	0	3
6100	1351	0	2.3828125	0.755785622	0.771253519	0.755505156	0.782710031	0.0107014267	0.0181951042	0	100	0	0	3
6105	1354	0	2.38476562	0.754940014	0.771146687	0.754940014	0.782710031	0.0108082579	0.0181951042	0	100	0	0	3
6110	1355	0	2.38671875	0.755981094	0.771043772	0.754940014	0.782710031	0.0109111736	0.0181951042	0	100	0	0	3
6115	1356	0	2.38867188	0.75549227	0.770938863	0.754940014	0.782710031	0.0110160824	0.0181951042	0	100	0	0	3
6120	1357	0	2.390625	0.755756664	0.770834825	0.754940014	0.782710031	0.0111201204	0.0181951042	0	100	0	0	3
6125	1358	0	2.39257812	0.754709137	0.770726463	0.754709137	0.782710031	0.0112284826	0.0181951042	0	100	0	0	3
6130	1359	0	2.39453125	0.754236794	0.770616018	0.754236794	0.782710031	0.011338927	0.0181951042	0	100	0	0	3
6135	1360	0	2.39648438	0.754891669	0.770508009	0.754236794	0.782710031	0.0114469367	0.0181951042	0	100	0	0	3
6140	1361	0	2.3984375	0.75478529	0.770399512	0.754236794	0.782710031	0.011555433	0.0181951042	0	100	0	0	3
6145	1362	0	2.40039062	0.755440196	0.77029346	0.754236794	0.782710031	0.0116614854	0.0181951042	0	100	0	0	3
6150	1363	0	2.40234375	0.754787283	0.770184666	0.754236794	0.782710031	0.0117702791	0.0181951042	0	100	0	0	3
6155	1364	0	2.40429688	0.754886384	0.770076124	0.754236794	0.782710031	0.0118788208	0.0181951042	0	100	0	0	3
6160	1366	0	2.40625	0.754597503	0.76996638	0.754236794	0.782710031	0.0119885649	0.0181951042	0	100	0	0	3
6165	1367	0	2.40820312	0.754694043	0.769856943	0.754236794	0.782504758	0.0120980023	0.0181951042	0	100	0	0	3
6170	1368	0	2.41015625	0.75403885	0.769745748	0.75403885	0.782321516	0.0122091973	0.0181951042	0	100	0	0	3
6175	1369	0	2.41210938	0.753954054	0.769634938	0.753954054	0.782263346	0.0123200077	0.0181951042	0	100	0	0	3
6180	1370	0	2.4140625	0.754617595	0.769526982	0.753954054	0.782263346	0.0124279636	0.0181951042	0	100	0	0	3
6185	1371	0	2.41601562	0.755093223	0.769420848	0.753954054	0.782097293	0.0125340969	0.0181951042	0	100	0	0	3
6190	1372	0	2.41796875	0.75386909	0.769310884	0.75386909	0.782097293	0.0126440616	0.0181951042	0	100	0	0	3
6195	1373	0	2.41992188	0.754354457	0.769203165	0.75386909	0.782097293	0.0127517799	0.0181951042	0	100	0	0	3
6200	1374	0	2.421875	0.754645697	0.769096364	0.75386909	0.782097293	0.0128585812	0.0181951042	0	100	0	0	3
6205	1376	0	2.42382812	0.753791057	0.768986091	0.753791057	0.782097293	0.0129688542	0.0181951042	0	100	0	0	3
6210	1377	0	2.42578125	0.754082614	0.768876872	0.753791057	0.782097293	0.0130780734	0.0181951042	0	100	0	0	3
6215	1378	0	2.42773438	0.754197314	0.768768047	0.753791057	0.782097293	0.0131868981	0.0181951042	0	100	0	0	3
6220	1379	0	2.4296875	0.753743453	0.76865729	0.753743453	0.781942405	0.0132976552	0.0181951042	0	100	0	0	3
6225	1380	0	2.43164062	0.753464655	0.768546209	0.753464655	0.781942405	0.0134087364	0.0181951042	0	100	0	0	3
6230	1381	0	2.43359375	0.753760157	0.768436122	0.753464655	0.781228715	0.0135188233	0.0181951042	0	100	0	0	3
6235	1382	0	2.43554688	0.753497115	0.768327795	0.753464655	0.781088951	0.0136271499	0.0181951042	0	100	0	0	3
6240	1384	0	2.4375	0.753434535	0.768220894	0.753434535	0.781088951	0.0137340515	0.0181951042	0	100	0	0	3
6245	1385	0	2.43945312	0.753750987	0.768116892	0.753434535	0.781088951	0.0138380529	0.0181951042	0	100	0	0	3
6250	1386	0	2.44140625	0.753477901	0.768011742	0.753434535	0.781088951	0.0139432036	0.0181951042	0	100	0	0	3
6255	1387	0	2.44335938	0.753406825	0.767906269	0.753406825	0.781088951	0.0140486762	0.0181951042	0	100	0	0	3
6260	1388	0	2.4453125	0.753344168	0.767800555	0.753344168	0.781088951	0.0141543902	0.0181951042	0	100	0	0	3
6265	1389	0	2.44726562	0.753287931	0.767694543	0.753287931	0.781088951	0.0142604027	0.0181951042	0	100	0	0	3
6270	1390	0	2.44921875	0.752821425	0.767586587	0.752821425	0.781088951	0.0143683586	0.0181951042	0	100	0	0	3
6275	1391	0	2.45117188	0.753107299	0.767479728	0.752821425	0.781088951	0.0144752168	0.0181951042	0	100	0	0	3
6280	1392	0	2.453125	0.752649281	0.767371119	0.752649281	0.781088951	0.0145838261	0.0181951042	0	100	0	0	3
6285	1393	0	2.45507812	0.752777526	0.767262984	0.752649281	0.781088951	0.0146919609	0.0181951042	0	100	0	0	3
6290	1394	0	2.45703125	0.752702646	0.767154465	0.752649281	0.781088951	0.0148004798	0.0181951042	0	100	0	0	3
6295	1395	0	2.45898438	0.753374388	0.767048556	0.752649281	0.781088951	0.0149063891	0.0181951042	0	100	0	0	3
6300	1397	0	2.4609375	0.752332586	0.766938576	0.752332586	0.781088951	0.0150163695	0.0181951042	0	100	0	0	3
6305	1399	0	2.46289062	0.752068624	0.766827576	0.752068624	0.781088951	0.0151273693	0.0181951042	0	100	0	0	3
6310	1400	0	2.46484375	0.752380204	0.766717867	0.752068624	0.781088951	0.0152370783	0.0181951042	0	100	0	0	3
6315	1401	0	2.46679688	0.752299595	0.766607808	0.752068624	0.781088951	0.015347137	0.0181951042	0	100	0	0	3
6320	1402	0	2.46875	0.752022412	0.766496621	0.752022412	0.781088951	0.0154583244	0.0181951042	0	100	0	0	3
6325	1403	0	2.47070312	0.752136052	0.766385898	0.752022412	0.781088951	0.0155690472	0.0181951042	0	100	0	0	3
6330	1404	0	2.47265625	0.752457187	0.766276442	0.752022412	0.781088951	0.015678503	0.0181951042	0	100	0	0	3
6335	1405	0	2.47460938	0.752768967	0.766168151	0.752022412	0.781088951	0.0157867947	0.0181951042	0	100	0	0	3
6340	1406	0	2.4765625	0.750965523	0.766052809	0.750965523	0.781088951	0.0159021358	0.0181951042	0	100	0	0	3
6345	1407	0	2.47851562	0.752028399	0.765941645	0.750965523	0.781088951	0.0160133003	0.0181951042	0	100	0	0	3
6350	1408	0	2.48046875	0.751771441	0.765829568	0.750965523	0.781088951	0.0161253775	0.0181951042	0	100	0	0	3
6355	1409	0	2.48242188	0.751903441	0.76571809	0.750965523	0.781088951	0.016236855	0.0181951042	0	100	0	0	3
6360	1411	0	2.484375	0.751028313	0.765603214	0.750965523	0.781088951	0.0163517313	0.0181951042	0	100	0	0	3
6365	1412	0	2.48632812	0.751703219	0.765490979	0.750965523	0.781088951	0.0164639658	0.0181951042	0	100	0	0	3
6370	1413	0	2.48828125	0.751630962	0.765378499	0.750965523	0.781088951	0.0165764461	0.0181951042	0	100	0	0	3
6375	1414	0	2.49023438	0.751004332	0.765263014	0.750965523	0.781088951	0.0166919315	0.0181951042	0	100	0	0	3
6380	1415	0	2.4921875	0.751145975	0.765148839	0.750965523	0.781088951	0.016806106	0.0181951042	0	100	0	0	3
6385	1416	0	2.49414062	0.751260036	0.765035104	0.750965523	0.781088951	0.0169198411	0.0181951042	0	100	0	0	3
6390	1417	0	2.49609375	0.750987537	0.764919642	0.750965523	0.781088951	0.0170353028	0.0181951042	0	100	0	0	3
6395	1418	0	2.49804688	0.750929155	0.764803344	0.750929155	0.781088951	0.0171516015	0.0181951042	0	100	0	0	3
6400	1419	0	2.5	0.750888256	0.764687603	0.750888256	0.781088951	0.0172673419	0.0181951042	0	100	0	0	3
6405	1421	0	2.50195312	0.75060271	0.764570817	0.75060271	0.781088951	0.0173841287	0.0181951042	0	100	0	0	3
6410	1422	0	2.50390625	0.751095809	0.76445532	0.75060271	0.781088951	0.0174996256	0.0181951042	0	100	0	0	3
6415	1423	0	2.50585938	0.751414681	0.764340467	0.75060271	0.781088951	0.0176144784	0.0181951042	0	100	0	0	3
6420	1425	0	2.5078125	0.750034746	0.764220991	0.750034746	0.781088951	0.0177339542	0.0181951042	0	100	0	0	3
6425	1426	0	2.50976562	0.749995231	0.764102822	0.749995231	0.781088951	0.0178521234	0.0181951042	0	100	0	0	3
6430	1427	0	2.51171875	0.750086146	0.763982459	0.749995231	0.781088951	0.0179724859	0.0181951042	0	100	0	0	3
6435	1428	0	2.51367188	0.751701627	0.763869815	0.749995231	0.781088951	0.0180851298	0.0181951042	0	100	0	0	3
6440	1429	0	2.515625	0.750713627	0.763753475	0.749995231	0.781088951	0.0182014706	0.0181951042	0	99.9	0	0	3
6445	1430	0	2.51757812	0.749886591	0.763632127	0.749886591	0.781088951	0.0183228183	0.0181951042	0	99.3	0	0	3
6450	1431	0	2.51953125	0.749669472	0.763509395	0.749669472	0.780931461	0.0184455507	0.0181951042	0	98.6	0	0	3
6455	1432	0	2.52148438	0.750537929	0.76339148	0.749669472	0.780931461	0.0185634657	0.0181951042	0	98	0	0	3
6460	1433	0	2.5234375	0.749089671	0.763267402	0.749089671	0.780931461	0.018687543	0.0181951042	0	97.3	0	0	3
6465	1434	0	2.52539062	0.749052778	0.763144705	0.749052778	0.780931461	0.0188086333	0.0181951042	0	96.7	0	0	3
6470	1435	0	2.52734375	0.750135157	0.763024407	0.749052778	0.780905949	0.0189265455	0.0181951042	0	96.1	0	0	3
6475	1437	0	2.52929688	0.748924498	0.76289948	0.748924498	0.780521256	0.0190474957	0.0181951042	0	95.5	0	0	3
6480	1438	0	2.53125	0.749394247	0.76277789	0.748924498	0.780297412	0.0191642004	0.0181951042	0	94.9	0	0	3
6485	1439	0	2.53320312	0.748329518	0.762653015	0.748329518	0.780124677	0.0192835222	0.0181951042	0	94.3	0	0	3
6490	1440	0	2.53515625	0.748839429	0.762530868	0.748329518	0.780124677	0.0194002639	0.0181951042	0	93.7	0	0	3
6495	1441	0	2.53710938	0.748978145	0.762409202	0.748329518	0.779543534	0.0195140993	0.0181951042	0	93.2	0	0	3
6500	1442	0	2.5390625	0.748325616	0.762287457	0.748325616	0.779543534	0.0196282133	0.0181951042	0	92.6	0	0	3
6505	1444	0	2.54101562	0.749206609	0.762168953	0.748325616	0.779418619	0.019731873	0.0181951042	0	92.2	0	0	3
6510	1445	0	2.54296875	0.748942102	0.762051716	0.748325616	0.779418619	0.0198352433	0.0181951042	0	91.7	0	0	3
6515	1446	0	2.54492188	0.748893181	0.761932476	0.748325616	0.778662669	0.0199355233	0.0181951042	0	91.2	0	0	3
6520	1448	0	2.546875	0.747861489	0.761812159	0.747861489	0.778643421	0.0200340679	0.0181951042	0	90.8	0	0	3
6525	1449	0	2.54882812	0.748348507	0.76169382	0.747861489	0.778445719	0.0201281917	0.0181951042	0	90.3	0	0	3
6530	1450	0	2.55078125	0.747490789	0.761574527	0.747490789	0.778445719	0.0202231315	0.0181951042	0	89.9	0	0	3
6535	1451	0	2.55273438	0.746646226	0.761452021	0.746646226	0.778445719	0.0203229931	0.0181951042	0	89.5	0	0	3
6540	1452	0	2.5546875	0.748517276	0.761335113	0.746646226	0.778215127	0.0204163841	0.0181951042	0	89.1	0	0	3
6545	1453	0	2.55664062	0.747279223	0.761214269	0.746646226	0.777938476	0.0205108403	0.0181951042	0	88.7	0	0	3
6550	1454	0	2.55859375	0.746988446	0.761095184	0.746646226	0.777938476	0.0206053694	0.0181951042	0	88.3	0	0	3
6555	1455	0	2.56054688	0.747496699	0.760976271	0.746646226	0.777175408	0.0206967864	0.0181951042	0	87.9	0	0	3
6560	1456	0	2.5625	0.746069751	0.760854764	0.746069751	0.776631903	0.0207877471	0.0181951042	0	87.5	0	0	3
6565	1457	0	2.56445312	0.746788285	0.760739189	0.746069751	0.776631903	0.0208733741	0.0181951042	0	87.1	0	0	3
6570	1458	0	2.56640625	0.7467111	0.7606228	0.746069751	0.776631903	0.0209602945	0.0181951042	0	86.8	0	0	3
6575	1459	0	2.56835938	0.745830704	0.760502572	0.745830704	0.776631903	0.0210501551	0.0181951042	0	86.4	0	0	3
6580	1461	0	2.5703125	0.746337985	0.760385316	0.745830704	0.776631903	0.021135556	0.0181951042	0	86	0	0	3
6585	1462	0	2.57226562	0.746857559	0.760271698	0.745830704	0.776631903	0.0212192583	0.0181951042	0	85.7	0	0	3
6590	1463	0	2.57421875	0.747187324	0.760157552	0.745830704	0.776631903	0.0213019673	0.0181951042	0	85.4	0	0	3
6595	1464	0	2.57617188	0.746326775	0.760041673	0.745830704	0.776631903	0.0213861614	0.0181951042	0	85	0	0	3
6600	1465	0	2.578125	0.745661112	0.75992355	0.745661112	0.776631903	0.0214730838	0.0181951042	0	84.7	0	0	3
6605	1468	0	2.58007812	0.745205529	0.759803295	0.745205529	0.776631903	0.021561309	0.0181951042	0	84.3	0	0	3
6610	1469	0	2.58203125	0.74573918	0.759686089	0.745205529	0.776631903	0.0216470008	0.0181951042	0	84	0	0	3
6615	1470	0	2.58398438	0.745867277	0.759568982	0.745205529	0.776631903	0.0217357595	0.0181951042	0	83.7	0	0	3
6620	1471	0	2.5859375	0.745780103	0.759448468	0.745205529	0.776070624	0.0218256222	0.0181951042	0	83.3	0	0	3
6625	1472	0	2.58789062	0.746294492	0.759332385	0.745205529	0.776070624	0.0219095385	0.0181951042	0	83	0	0	3
6630	1473	0	2.58984375	0.745647492	0.759215441	0.745205529	0.776070624	0.0219935563	0.0181951042	0	82.7	0	0	3
6635	1474	0	2.59179688	0.745599082	0.759097867	0.745205529	0.776070624	0.0220775973	0.0181951042	0	82.4	0	0	3
6640	1476	0	2.59375	0.745135535	0.75897874	0.745135535	0.776070624	0.0221649864	0.0181951042	0	82	0	0	3
6645	1477	0	2.59570312	0.74662282	0.758863709	0.745135535	0.77585715	0.0222466957	0.0181951042	0	81.7	0	0	3
6650	1478	0	2.59765625	0.745180876	0.758744753	0.745135535	0.77585715	0.0223329337	0.0181951042	0	81.4	0	0	3
6655	1479	0	2.59960938	0.745904582	0.758628208	0.745135535	0.77585715	0.0224174182	0.0181951042	0	81.1	0	0	3
6660	1480	0	2.6015625	0.745056232	0.758507892	0.745056232	0.775610922	0.0225048756	0.0181951042	0	80.8	0	0	3
6665	1481	0	2.60351562	0.745535307	0.758390409	0.745056232	0.775523893	0.022589281	0.0181951042	0	80.5	0	0	3
6670	1482	0	2.60546875	0.745000062	0.758271207	0.745000062	0.775523893	0.0226738615	0.0181951042	0	80.2	0	0	3
6675	1483	0	2.60742188	0.745094031	0.758154097	0.745000062	0.775523893	0.022758322	0.0181951042	0	79.9	0	0	3
6680	1484	0	2.609375	0.746577508	0.758041026	0.745000062	0.775096462	0.0228372834	0.0181951042	0	79.6	0	0	3
6685	1485	0	2.61132812	0.745293412	0.757924607	0.745000062	0.774820686	0.0229186896	0.0181951042	0	79.3	0	0	3
6690	1486	0	2.61328125	0.74578541	0.757811188	0.745000062	0.77481187	0.0229967954	0.0181951042	0	79.1	0	0	3
6695	1488	0	2.61523438	0.745666229	0.757697765	0.745000062	0.77481187	0.0230755044	0.0181951042	0	78.8	0	0	3
6700	1489	0	2.6171875	0.745563536	0.757583514	0.745000062	0.774622414	0.0231544667	0.0181951042	0	78.5	0	0	3
6705	1491	0	2.61914062	0.744450189	0.757465654	0.744450189	0.773868594	0.0232342321	0.0181951042	0	78.3	0	0	3
6710	1492	0	2.62109375	0.74591113	0.757356445	0.744450189	0.773834548	0.0233053212	0.0181951042	0	78	0	0	3
6715	1493	0	2.62304688	0.744792003	0.757242997	0.744450189	0.773559745	0.0233790501	0.0181951042	0	77.8	0	0	3
6720	1494	0	2.625	0.745470876	0.757133885	0.744450189	0.773559745	0.0234483488	0.0181951042	0	77.5	0	0	3
6725	1495	0	2.62695312	0.745567275	0.757025362	0.744450189	0.773559745	0.0235155237	0.0181951042	0	77.3	0	0	3
6730	1496	0	2.62890625	0.746067889	0.756920452	0.744450189	0.773559745	0.0235816446	0.0181951042	0	77.1	0	0	3
6735	1497	0	2.63085938	0.744779794	0.75680803	0.744450189	0.77307552	0.0236528158	0.0181951042	0	76.9	0	0	3
6740	1498	0	2.6328125	0.745057875	0.756699195	0.744450189	0.77307552	0.0237207407	0.0181951042	0	76.7	0	0	3
6745	1500	0	2.63476562	0.745759129	0.756592838	0.744450189	0.77307552	0.0237866794	0.0181951042	0	76.4	0	0	3
6750	1501	0	2.63671875	0.745471779	0.756485011	0.744450189	0.772643838	0.023852553	0.0181951042	0	76.2	0	0	3
6755	1502	0	2.63867188	0.74577816	0.756380067	0.744450189	0.772496667	0.0239146083	0.0181951042	0	76	0	0	3
6760	1503	0	2.640625	0.745888641	0.756276615	0.744450189	0.772496667	0.0239755157	0.0181951042	0	75.8	0	0	3
6765	1504	0	2.64257812	0.745015671	0.756169523	0.744450189	0.772496667	0.0240404552	0.0181951042	0	75.6	0	0	3
6770	1505	0	2.64453125	0.744549243	0.756060353	0.744450189	0.772076158	0.0241059798	0.0181951042	0	75.4	0	0	3
6775	1506	0	2.64648438	0.745264805	0.755955621	0.744450189	0.771877998	0.0241633651	0.0181951042	0	75.3	0	0	3
6780	1507	0	2.6484375	0.743794293	0.755848983	0.743794293	0.771877998	0.0242262545	0.0181951042	0	75.1	0	0	3
6785	1509	0	2.65039062	0.744311608	0.755741301	0.743794293	0.771743624	0.0242918908	0.0181951042	0	74.9	0	0	3
6790	1510	0	2.65234375	0.744042476	0.755633094	0.743794293	0.771510799	0.0243564051	0.0181951042	0	74.7	0	0	3
6795	1511	0	2.65429688	0.745363373	0.755532641	0.743794293	0.771510799	0.0244149121	0.0181951042	0	74.5	0	0	3
6800	1512	0	2.65625	0.744695648	0.755427894	0.743794293	0.770929704	0.0244754679	0.0181951042	0	74.3	0	0	3
6805	1514	0	2.65820312	0.744606534	0.755325069	0.743794293	0.770860984	0.0245322943	0.0181951042	0	74.1	0	0	3
6810	1515	0	2.66015625	0.744932873	0.755225326	0.743794293	0.770860984	0.0245875934	0.0181951042	0	74	0	0	3
6815	1516	0	2.66210938	0.745871441	0.755127711	0.743794293	0.770365024	0.0246383332	0.0181951042	0	73.8	0	0	3
6820	1517	0	2.6640625	0.745024906	0.755029286	0.743794293	0.770365024	0.0246903688	0.0181951042	0	73.6	0	0	3
6825	1518	0	2.66601562	0.744957227	0.754930213	0.743794293	0.770365024	0.0247433434	0.0181951042	0	73.5	0	0	3
6830	1520	0	2.66796875	0.744688671	0.754829915	0.743794293	0.770088834	0.0247965818	0.0181951042	0	73.3	0	0	3
6835	1521	0	2.66992188	0.745820419	0.754735116	0.743794293	0.769760853	0.0248431732	0.0181951042	0	73.2	0	0	3
6840	1522	0	2.671875	0.744578282	0.754636747	0.743794293	0.769668997	0.0248929449	0.0181951042	0	73	0	0	3
6845	1523	0	2.67382812	0.74411841	0.754537127	0.743794293	0.769668997	0.0249443026	0.0181951042	0	72.9	0	0	3
6850	1524	0	2.67578125	0.743840394	0.754436234	0.743794293	0.769332087	0.024995747	0.0181951042	0	72.7	0	0	3
6855	1525	0	2.67773438	0.744380724	0.754338768	0.743794293	0.769167146	0.0250432411	0.0181951042	0	72.6	0	0	3
6860	1526	0	2.6796875	0.744933969	0.754244107	0.743794293	0.769059196	0.0250874608	0.0181951042	0	72.5	0	0	3
6865	1527	0	2.68164062	0.743882547	0.754145936	0.743794293	0.769059196	0.0251354877	0.0181951042	0	72.3	0	0	3
6870	1528	0	2.68359375	0.744015245	0.754048108	0.743794293	0.768918259	0.0251239664	0.0181951042	0	72.4	0	0	3
6875	1529	0	2.68554688	0.743747007	0.753949783	0.743747007	0.768782581	0.0250355744	0.0181951042	0	72.6	0	0	3
6880	1530	0	2.6875	0.74428843	0.753854903	0.743747007	0.768782581	0.0250355744	0.0181951042	0	72.6	0	0	3
6885	1531	0	2.68945312	0.743841252	0.753757476	0.743747007	0.768516114	0.0247691076	0.0181951042	0	73.4	0	0	3
6890	1532	0	2.69140625	0.743382899	0.753659516	0.743382899	0.768516114	0.025133215	0.0181951042	0	72.3	0	0	3
6895	1534	0	2.69335938	0.743113187	0.753560286	0.743113187	0.768112447	0.0249992594	0.0181951042	0	72.7	0	0	3
6900	1535	0	2.6953125	0.743647013	0.753465114	0.743113187	0.768112447	0.0249992594	0.0181951042	0	72.7	0	0	3
6905	1537	0	2.69726562	0.743995367	0.753371223	0.743113187	0.768112447	0.0249992594	0.0181951042	0	72.7	0	0	3
6910	1538	0	2.69921875	0.743346787	0.753276114	0.743113187	0.768112447	0.0249992594	0.0181951042	0	72.7	0	0	3
6915	1539	0	2.70117188	0.743081446	0.753178337	0.743081446	0.767802419	0.0247209726	0.0181951042	0	73.6	0	0	3
6920	1541	0	2.703125	0.742807935	0.753080702	0.742807935	0.767491713	0.0246837781	0.0181951042	0	73.7	0	0	3
6925	1542	0	2.70507812	0.742946924	0.752986342	0.742807935	0.767491713	0.0246837781	0.0181951042	0	73.7	0	0	3
6930	1543	0	2.70703125	0.744302718	0.75289576	0.742807935	0.767165882	0.0243579472	0.0181951042	0	74.6	0	0	3
6935	1544	0	2.70898438	0.744040308	0.752805426	0.742807935	0.766861012	0.0240530774	0.0181951042	0	75.6	0	0	3
6940	1545	0	2.7109375	0.742160098	0.752708938	0.742160098	0.766733484	0.0245733853	0.0181951042	0	74	0	0	3
6945	1546	0	2.71289062	0.743893113	0.752619718	0.742160098	0.766286401	0.0241263029	0.0181951042	0	75.4	0	0	3
6950	1547	0	2.71484375	0.743639484	0.752531558	0.742160098	0.766286401	0.0241263029	0.0181951042	0	75.4	0	0	3
6955	1548	0	2.71679688	0.74359299	0.752443825	0.742160098	0.766286401	0.0241263029	0.0181951042	0	75.4	0	0	3
6960	1550	0	2.71875	0.742324131	0.752350222	0.742160098	0.76598005	0.0238199512	0.0181951042	0	76.3	0	0	3
6965	1551	0	2.72070312	0.742858228	0.752259902	0.742160098	0.76566182	0.023501722	0.0181951042	0	77.4	0	0	3
6970	1552	0	2.72265625	0.743399413	0.75217294	0.742160098	0.765324597	0.0231644984	0.0181951042	0	78.5	0	0	3
6975	1553	0	2.72460938	0.74315148	0.752086326	0.742160098	0.765179763	0.0230196646	0.0181951042	0	79	0	0	3
6980	1554	0	2.7265625	0.74309192	0.752000045	0.742160098	0.765163584	0.0230034857	0.0181951042	0	79	0	0	3
6985	1555	0	2.72851562	0.743219835	0.751914758	0.742160098	0.765163584	0.0230034857	0.0181951042	0	79	0	0	3
6990	1556	0	2.73046875	0.74252532	0.751827224	0.742160098	0.765163584	0.0230034857	0.0181951042	0	79	0	0	3
6995	1557	0	2.73242188	0.74404953	0.751744748	0.742160098	0.765013451	0.0228533526	0.0181951042	0	79.6	0	0	3
7000	1558	0	2.734375	0.742383399	0.751656349	0.742160098	0.764321789	0.0221616908	0.0181951042	0	82.1	0	0	3
7005	1560	0	2.73632812	0.744322249	0.751578226	0.742160098	0.7642537	0.0220936018	0.0181951042	0	82.3	0	0	3
7010	1561	0	2.73828125	0.742637203	0.751494003	0.742160098	0.7642537	0.0220936018	0.0181951042	0	82.3	0	0	3
7015	1563	0	2.74023438	0.741962392	0.751406928	0.741962392	0.764108375	0.022145983	0.0181951042	0	82.1	0	0	3
7020	1564	0	2.7421875	0.742098248	0.751320951	0.741962392	0.763839899	0.0218775063	0.0181951042	0	83.1	0	0	3
7025	1565	0	2.74414062	0.742036886	0.751236014	0.741962392	0.763839899	0.0218775063	0.0181951042	0	83.1	0	0	3
7030	1566	0	2.74609375	0.742363558	0.751152122	0.741962392	0.763721894	0.021759502	0.0181951042	0	83.6	0	0	3
7035	1567	0	2.74804688	0.742277281	0.751068354	0.741962392	0.76361848	0.0216560879	0.0181951042	0	84	0	0	3
7040	1568	0	2.75	0.742409693	0.750985641	0.741962392	0.76361848	0.0216560879	0.0181951042	0	84	0	0	3
7045	1569	0	2.75195312	0.742353461	0.750902575	0.741962392	0.763111555	0.0211491627	0.0181951042	0	86	0	0	3
7050	1570	0	2.75390625	0.74249821	0.750822054	0.741962392	0.762901655	0.0209392631	0.0181951042	0	86.8	0	0	3
7055	1571	0	2.75585938	0.741415693	0.750738495	0.741415693	0.762901655	0.0214859627	0.0181951042	0	84.6	0	0	3
7060	1572	0	2.7578125	0.741338046	0.750655109	0.741338046	0.762901655	0.0215636091	0.0181951042	0	84.3	0	0	3
7065	1573	0	2.75976562	0.742681761	0.750576806	0.741338046	0.762901655	0.0215636091	0.0181951042	0	84.3	0	0	3
7070	1574	0	2.76171875	0.740799988	0.750493162	0.740799988	0.762901655	0.0221016677	0.0181951042	0	82.3	0	0	3
7075	1576	0	2.76367188	0.74195038	0.750413777	0.740799988	0.762901655	0.0221016677	0.0181951042	0	82.3	0	0	3
7080	1577	0	2.765625	0.740655807	0.750326879	0.740655807	0.762408169	0.021752362	0.0181951042	0	83.6	0	0	3
7085	1578	0	2.76757812	0.741175976	0.750243941	0.740655807	0.762112796	0.0214569892	0.0181951042	0	84.7	0	0	3
7090	1579	0	2.76953125	0.742926368	0.750170555	0.740655807	0.762112796	0.0214569892	0.0181951042	0	84.7	0	0	3
7095	1580	0	2.77148438	0.740626781	0.75008869	0.740626781	0.762112796	0.0214860154	0.0181951042	0	84.6	0	0	3
7100	1581	0	2.7734375	0.741553731	0.750008705	0.740626781	0.762112796	0.0214860154	0.0181951042	0	84.6	0	0	3
7105	1584	0	2.77539062	0.741666826	0.749928838	0.740626781	0.76180357	0.0211767888	0.0181951042	0	85.9	0	0	3
7110	1585	0	2.77734375	0.742355506	0.749852869	0.740626781	0.761364887	0.020738106	0.0181951042	0	87.7	0	0	3
7115	1586	0	2.77929688	0.74105424	0.749773791	0.740626781	0.761364887	0.020738106	0.0181951042	0	87.7	0	0	3
7120	1587	0	2.78125	0.740972791	0.749694134	0.740626781	0.761263638	0.0206368568	0.0181951042	0	88.1	0	0	3
7125	1588	0	2.78320312	0.741266083	0.749616019	0.740626781	0.761082342	0.0204555614	0.0181951042	0	88.9	0	0	3
7130	1589	0	2.78515625	0.740954209	0.749539283	0.740626781	0.761082342	0.0204555614	0.0181951042	0	88.9	0	0	3
7135	1590	0	2.78710938	0.74225894	0.749466691	0.740626781	0.761082342	0.0204555614	0.0181951042	0	88.9	0	0	3
7140	1591	0	2.7890625	0.739938853	0.7493841	0.739938853	0.760632719	0.0206938656	0.0181951042	0	87.9	0	0	3
7145	1593	0	2.79101562	0.741651501	0.749309954	0.739938853	0.760342742	0.0204038885	0.0181951042	0	89.1	0	0	3
7150	1594	0	2.79296875	0.740115597	0.749230942	0.739938853	0.760282986	0.0203441323	0.0181951042	0	89.4	0	0	3
7155	1595	0	2.79492188	0.740812016	0.749155089	0.739938853	0.760282986	0.0203441323	0.0181951042	0	89.4	0	0	3
7160	1596	0	2.796875	0.740718677	0.749078666	0.739938853	0.759890708	0.0199518547	0.0181951042	0	91.1	0	0	3
7165	1597	0	2.79882812	0.741239605	0.749006097	0.739938853	0.759890708	0.0199518547	0.0181951042	0	91.1	0	0	3
7170	1598	0	2.80078125	0.741138464	0.748932846	0.739938853	0.759644347	0.0197054936	0.0181951042	0	92.3	0	0	3
7175	1599	0	2.80273438	0.740215794	0.748856953	0.739938853	0.759447866	0.0195090126	0.0181951042	0	93.2	0	0	3
7180	1600	0	2.8046875	0.739311104	0.748778544	0.739311104	0.759447866	0.0201367621	0.0181951042	0	90.3	0	0	3
7185	1601	0	2.80664062	0.740252137	0.74870356	0.739311104	0.759375832	0.0200647284	0.0181951042	0	90.6	0	0	3
7190	1603	0	2.80859375	0.740174384	0.748628555	0.739311104	0.759090874	0.0197797697	0.0181951042	0	91.9	0	0	3
7195	1604	0	2.81054688	0.741090955	0.748558243	0.739311104	0.758506645	0.0191955415	0.0181951042	0	94.7	0	0	3
7200	1605	0	2.8125	0.740390862	0.748489481	0.739311104	0.758506645	0.0191955415	0.0181951042	0	94.7	0	0	3
7205	1607	0	2.81445312	0.738681845	0.748413757	0.738681845	0.758506645	0.0198248006	0.0181951042	0	91.7	0	0	3
7210	1608	0	2.81640625	0.7396332	0.748340032	0.738681845	0.758374869	0.019693024	0.0181951042	0	92.3	0	0	3
7215	1609	0	2.81835938	0.739350104	0.74826637	0.738681845	0.758374869	0.019693024	0.0181951042	0	92.3	0	0	3
7220	1610	0	2.8203125	0.738844132	0.748191852	0.738681845	0.758374869	0.019693024	0.0181951042	0	92.3	0	0	3
7225	1611	0	2.82226562	0.738955899	0.748115996	0.738681845	0.758119708	0.0194378635	0.0181951042	0	93.6	0	0	3
7230	1613	0	2.82421875	0.738459811	0.748040906	0.738459811	0.758119708	0.0196598973	0.0181951042	0	92.5	0	0	3
7235	1614	0	2.82617188	0.73940189	0.74796779	0.738459811	0.7578267	0.0193668886	0.0181951042	0	93.9	0	0	3
7240	1615	0	2.828125	0.739717797	0.747897052	0.738459811	0.757809074	0.0193492627	0.0181951042	0	94	0	0	3
7245	1616	0	2.83007812	0.738999866	0.747825352	0.738459811	0.757809074	0.0193492627	0.0181951042	0	94	0	0	3
7250	1617	0	2.83203125	0.739303838	0.747753066	0.738459811	0.757767046	0.0193072344	0.0181951042	0	94.2	0	0	3
7255	1618	0	2.83398438	0.738186177	0.747678348	0.738186177	0.757767046	0.0195808681	0.0181951042	0	92.9	0	0	3
7260	1619	0	2.8359375	0.739314813	0.747606269	0.738186177	0.757583126	0.0193969481	0.0181951042	0	93.8	0	0	3
7265	1620	0	2.83789062	0.73900803	0.747535562	0.738186177	0.757583126	0.0193969481	0.0181951042	0	93.8	0	0	3
7270	1622	0	2.83984375	0.738287577	0.747460189	0.738186177	0.757452158	0.0192659807	0.0181951042	0	94.4	0	0	3
7275	1623	0	2.84179688	0.739011805	0.747388805	0.738186177	0.757452158	0.0192659807	0.0181951042	0	94.4	0	0	3
7280	1624	0	2.84375	0.738522018	0.747316672	0.738186177	0.757452158	0.0192659807	0.0181951042	0	94.4	0	0	3
7285	1625	0	2.84570312	0.738845464	0.74724399	0.738186177	0.757339769	0.0191535912	0.0181951042	0	94.9	0	0	3
7290	1626	0	2.84765625	0.738748859	0.747172741	0.738186177	0.757339769	0.0191535912	0.0181951042	0	94.9	0	0	3
7295	1627	0	2.84960938	0.740078134	0.747107789	0.738186177	0.757339769	0.0191535912	0.0181951042	0	94.9	0	0	3
7300	1629	0	2.8515625	0.73897177	0.747036039	0.738186177	0.757091395	0.0189052173	0.0181951042	0	96.2	0	0	3
7305	1631	0	2.85351562	0.738898515	0.746967367	0.738186177	0.757091395	0.0189052173	0.0181951042	0	96.2	0	0	3
7310	1632	0	2.85546875	0.739225288	0.746901856	0.738186177	0.757091395	0.0189052173	0.0181951042	0	96.2	0	0	3
7315	1633	0	2.85742188	0.737902525	0.746829332	0.737902525	0.757091395	0.0191888694	0.0181951042	0	94.8	0	0	3
7320	1634	0	2.859375	0.738020274	0.746754835	0.737902525	0.756273914	0.018371389	0.0181951042	0	99	0	0	3
7325	1636	0	2.86132812	0.735893081	0.746675513	0.735893081	0.756273914	0.0203808332	0.0181951042	0	89.2	0	0	3
7330	1637	0	2.86328125	0.737050082	0.74660042	0.735893081	0.75626839	0.0203753091	0.0181951042	0	89.2	0	0	3
7335	1638	0	2.86523438	0.737368663	0.746526958	0.735893081	0.75626839	0.0203753091	0.0181951042	0	89.2	0	0	3
7340	1639	0	2.8671875	0.739722509	0.746462374	0.735893081	0.75626839	0.0203753091	0.0181951042	0	89.2	0	0	3
7345	1640	0	2.86914062	0.736979277	0.746388315	0.735893081	0.75626839	0.0203753091	0.0181951042	0	89.2	0	0	3
7350	1641	0	2.87109375	0.737102172	0.746313748	0.735893081	0.75626839	0.0203753091	0.0181951042	0	89.2	0	0	3
7355	1643	0	2.87304688	0.737414984	0.746240102	0.735893081	0.755981094	0.0200880131	0.0181951042	0	90.5	0	0	3
7360	1644	0	2.875	0.737120344	0.746167838	0.735893081	0.755981094	0.0200880131	0.0181951042	0	90.5	0	0	3
7365	1645	0	2.87695312	0.737853924	0.746097294	0.735893081	0.755981094	0.0200880131	0.0181951042	0	90.5	0	0	3
7370	1646	0	2.87890625	0.7381778	0.746029185	0.735893081	0.755981094	0.0200880131	0.0181951042	0	90.5	0	0	3
7375	1647	0	2.88085938	0.73665527	0.745955553	0.735893081	0.755981094	0.0200880131	0.0181951042	0	90.5	0	0	3
7380	1648	0	2.8828125	0.73759497	0.745884496	0.735893081	0.755981094	0.0200880131	0.0181951042	0	90.5	0	0	3
7385	1650	0	2.88476562	0.737287367	0.74581554	0.735893081	0.755981094	0.0200880131	0.0181951042	0	90.5	0	0	3
7390	1651	0	2.88671875	0.737413046	0.745743009	0.735893081	0.755756664	0.0198635827	0.0181951042	0	91.6	0	0	3
7395	1652	0	2.88867188	0.736521055	0.745668902	0.735893081	0.755756664	0.0198635827	0.0181951042	0	91.6	0	0	3
7400	1653	0	2.890625	0.737469884	0.74559747	0.735893081	0.755440196	0.0195471148	0.0181951042	0	93	0	0	3
7405	1655	0	2.89257812	0.73778961	0.745531378	0.735893081	0.755440196	0.0195471148	0.0181951042	0	93	0	0	3
7410	1656	0	2.89453125	0.737290088	0.74546518	0.735893081	0.755440196	0.0195471148	0.0181951042	0	93	0	0	3
7415	1658	0	2.89648438	0.736599278	0.745393725	0.735893081	0.755440196	0.0195471148	0.0181951042	0	93	0	0	3
7420	1659	0	2.8984375	0.736533682	0.74532243	0.735893081	0.755440196	0.0195471148	0.0181951042	0	93	0	0	3
7425	1660	0	2.90039062	0.738094784	0.745254674	0.735893081	0.755093223	0.0192001419	0.0181951042	0	94.7	0	0	3
7430	1661	0	2.90234375	0.737592981	0.745187509	0.735893081	0.755093223	0.0192001419	0.0181951042	0	94.7	0	0	3
7435	1662	0	2.90429688	0.735457725	0.745111616	0.735457725	0.755093223	0.0196354985	0.0181951042	0	92.6	0	0	3
7440	1663	0	2.90625	0.736211183	0.745039794	0.735457725	0.755093223	0.0196354985	0.0181951042	0	92.6	0	0	3
7445	1665	0	2.90820312	0.736349567	0.744968136	0.735457725	0.755093223	0.0196354985	0.0181951042	0	92.6	0	0	3
7450	1666	0	2.91015625	0.736051723	0.744897874	0.735457725	0.755093223	0.0196354985	0.0181951042	0	92.6	0	0	3
7455	1667	0	2.91210938	0.735750826	0.744826768	0.735457725	0.755093223	0.0196354985	0.0181951042	0	92.6	0	0	3
7460	1668	0	2.9140625	0.73691338	0.74475761	0.735457725	0.755093223	0.0196354985	0.0181951042	0	92.6	0	0	3
7465	1669	0	2.91601562	0.736017795	0.744683097	0.735457725	0.754645697	0.0191879728	0.0181951042	0	94.8	0	0	3
7470	1670	0	2.91796875	0.734297553	0.744606646	0.734297553	0.754645697	0.0203481444	0.0181951042	0	89.4	0	0	3
7475	1671	0	2.91992188	0.734012191	0.744527184	0.734012191	0.754645697	0.0206335064	0.0181951042	0	88.1	0	0	3
7480	1673	0	2.921875	0.735797513	0.744453558	0.734012191	0.754197314	0.0201851235	0.0181951042	0	90.1	0	0	3
7485	1674	0	2.92382812	0.734911846	0.744379811	0.734012191	0.754197314	0.0201851235	0.0181951042	0	90.1	0	0	3
7490	1675	0	2.92578125	0.736717817	0.74431198	0.734012191	0.754197314	0.0201851235	0.0181951042	0	90.1	0	0	3
7495	1676	0	2.92773438	0.733966035	0.744232951	0.733966035	0.753760157	0.0197941219	0.0181951042	0	91.9	0	0	3
7500	1677	0	2.9296875	0.734930897	0.744159465	0.733966035	0.753760157	0.0197941219	0.0181951042	0	91.9	0	0	3
7505	1679	0	2.93164062	0.734031841	0.744083556	0.733966035	0.753760157	0.0197941219	0.0181951042	0	91.9	0	0	3
7510	1681	0	2.93359375	0.735421035	0.744011918	0.733966035	0.753750987	0.0197849517	0.0181951042	0	91.9	0	0	3
7515	1682	0	2.93554688	0.735579951	0.743941929	0.733966035	0.753750987	0.0197849517	0.0181951042	0	91.9	0	0	3
7520	1683	0	2.9375	0.735504041	0.743871888	0.733966035	0.753750987	0.0197849517	0.0181951042	0	91.9	0	0	3
7525	1684	0	2.93945312	0.733982876	0.743794669	0.733966035	0.753477901	0.0195118659	0.0181951042	0	93.2	0	0	3
7530	1685	0	2.94140625	0.73516076	0.743723118	0.733966035	0.753406825	0.0194407898	0.0181951042	0	93.5	0	0	3
7535	1686	0	2.94335938	0.7334485	0.743645156	0.7334485	0.753374388	0.019925888	0.0181951042	0	91.3	0	0	3
7540	1687	0	2.9453125	0.735249873	0.743574475	0.7334485	0.753374388	0.019925888	0.0181951042	0	91.3	0	0	3
7545	1688	0	2.94726562	0.73455399	0.743501295	0.7334485	0.753374388	0.019925888	0.0181951042	0	91.3	0	0	3
7550	1690	0	2.94921875	0.734691774	0.743430476	0.7334485	0.753374388	0.019925888	0.0181951042	0	91.3	0	0	3
7555	1691	0	2.95117188	0.734020234	0.743355918	0.7334485	0.753374388	0.019925888	0.0181951042	0	91.3	0	0	3
7560	1692	0	2.953125	0.735823692	0.743290193	0.7334485	0.753374388	0.019925888	0.0181951042	0	91.3	0	0	3
7565	1693	0	2.95507812	0.735747206	0.743223668	0.7334485	0.753374388	0.019925888	0.0181951042	0	91.3	0	0	3
7570	1694	0	2.95703125	0.734630586	0.743153074	0.7334485	0.753374388	0.019925888	0.0181951042	0	91.3	0	0	3
7575	1695	0	2.95898438	0.733327237	0.743074765	0.733327237	0.752768967	0.0194417302	0.0181951042	0	93.5	0	0	3
7580	1697	0	2.9609375	0.735557608	0.743009238	0.733327237	0.752768967	0.0194417302	0.0181951042	0	93.5	0	0	3
7585	1698	0	2.96289062	0.735714272	0.742945353	0.733327237	0.752768967	0.0194417302	0.0181951042	0	93.5	0	0	3
7590	1699	0	2.96484375	0.732939506	0.742869413	0.732939506	0.752768967	0.0198294605	0.0181951042	0	91.7	0	0	3
7595	1700	0	2.96679688	0.735148181	0.742802415	0.732939506	0.752768967	0.0198294605	0.0181951042	0	91.7	0	0	3
7600	1701	0	2.96875	0.734071301	0.742732294	0.732939506	0.752768967	0.0198294605	0.0181951042	0	91.7	0	0	3
7605	1703	0	2.97070312	0.734644406	0.742663967	0.732939506	0.752768967	0.0198294605	0.0181951042	0	91.7	0	0	3
7610	1705	0	2.97265625	0.734977569	0.742595687	0.732939506	0.752768967	0.0198294605	0.0181951042	0	91.7	0	0	3
7615	1706	0	2.97460938	0.731997847	0.74251455	0.731997847	0.752028399	0.020030552	0.0181951042	0	90.8	0	0	3
7620	1707	0	2.9765625	0.734228823	0.742449172	0.731997847	0.752028399	0.020030552	0.0181951042	0	90.8	0	0	3
7625	1708	0	2.97851562	0.733154436	0.742375446	0.731997847	0.751903441	0.019905594	0.0181951042	0	91.4	0	0	3
7630	1709	0	2.98046875	0.73268228	0.742300879	0.731997847	0.751903441	0.019905594	0.0181951042	0	91.4	0	0	3
7635	1710	0	2.98242188	0.733232648	0.742227946	0.731997847	0.751703219	0.0197053715	0.0181951042	0	92.3	0	0	3
7640	1711	0	2.984375	0.733590801	0.742159831	0.731997847	0.751703219	0.0197053715	0.0181951042	0	92.3	0	0	3
7645	1712	0	2.98632812	0.733750062	0.742089701	0.731997847	0.751701627	0.0197037796	0.0181951042	0	92.3	0	0	3
7650	1714	0	2.98828125	0.733293618	0.742018071	0.731997847	0.751701627	0.0197037796	0.0181951042	0	92.3	0	0	3
7655	1715	0	2.99023438	0.732822611	0.741947049	0.731997847	0.751701627	0.0197037796	0.0181951042	0	92.3	0	0	3
7660	1716	0	2.9921875	0.733593473	0.741878484	0.731997847	0.751701627	0.0197037796	0.0181951042	0	92.3	0	0	3
7665	1717	0	2.99414062	0.732496194	0.741805188	0.731997847	0.751701627	0.0197037796	0.0181951042	0	92.3	0	0	3
7670	1718	0	2.99609375	0.733290114	0.741736058	0.731997847	0.751701627	0.0197037796	0.0181951042	0	92.3	0	0	3
7675	1719	0	2.99804688	0.734494039	0.741671858	0.731997847	0.751701627	0.0197037796	0.0181951042	0	92.3	0	0	3
7680	1721	0	3	0.732979413	0.741601901	0.731997847	0.751701627	0.0197037796	0.0181951042	0	92.3	0	0	3
7685	1722	0	3.00195312	0.732702592	0.741531979	0.731997847	0.751701627	0.0197037796	0.0181951042	0	92.3	0	0	3
7690	1723	0	3.00390625	0.733902994	0.74146482	0.731997847	0.751701627	0.0197037796	0.0181951042	0	92.3	0	0	3
7695	1724	0	3.00585938	0.733875898	0.741396309	0.731997847	0.751701627	0.0197037796	0.0181951042	0	92.3	0	0	3
7700	1725	0	3.0078125	0.732156525	0.741326472	0.731997847	0.751701627	0.0197037796	0.0181951042	0	92.3	0	0	3
7705	1728	0	3.00976562	0.732505632	0.741258153	0.731997847	0.751701627	0.0197037796	0.0181951042	0	92.3	0	0	3
7710	1729	0	3.01171875	0.733491142	0.741193329	0.731997847	0.751701627	0.0197037796	0.0181951042	0	92.3	0	0	3
7715	1730	0	3.01367188	0.73366448	0.741122871	0.731997847	0.750713627	0.0187157795	0.0181951042	0	97.2	0	0	3
7720	1732	0	3.015625	0.733197664	0.74105445	0.731997847	0.750537929	0.0185400821	0.0181951042	0	98.1	0	0	3
7725	1733	0	3.01757812	0.732915706	0.740988157	0.731997847	0.750537929	0.0185400821	0.0181951042	0	98.1	0	0	3
7730	1734	0	3.01953125	0.733681647	0.740925705	0.731997847	0.750537929	0.0185400821	0.0181951042	0	98.1	0	0	3
7735	1735	0	3.02148438	0.732816448	0.74085648	0.731997847	0.750135157	0.0181373102	0.0181951042	0	100	0	0	3
7740	1736	0	3.0234375	0.733597097	0.740795962	0.731997847	0.750135157	0.0181373102	0.0181951042	0	100	0	0	3
7745	1738	0	3.02539062	0.733130684	0.740733767	0.731997847	0.750135157	0.0181373102	0.0181951042	0	100	0	0	3
7750	1739	0	3.02734375	0.733682406	0.740669498	0.731997847	0.749394247	0.0173963997	0.0181951042	0	100	0	0	3
7755	1740	0	3.02929688	0.73317822	0.740607989	0.731997847	0.749394247	0.0173963997	0.0181951042	0	100	0	0	3
7760	1741	0	3.03125	0.732494682	0.740541975	0.731997847	0.749206609	0.0172087619	0.0181951042	0	100	0	0	3
7765	1742	0	3.03320312	0.732866409	0.740481572	0.731997847	0.749206609	0.0172087619	0.0181951042	0	100	0	0	3
7770	1743	0	3.03515625	0.735055959	0.740427731	0.731997847	0.749206609	0.0172087619	0.0181951042	0	100	0	0	3
7775	1744	0	3.03710938	0.732480324	0.740363286	0.731997847	0.749206609	0.0172087619	0.0181951042	0	100	0	0	3
7780	1746	0	3.0390625	0.732180625	0.74030022	0.731997847	0.749206609	0.0172087619	0.0181951042	0	100	0	0	3
7785	1747	0	3.04101562	0.736873637	0.740252044	0.731997847	0.748942102	0.016944255	0.0181951042	0	100	0	0	3
7790	1748	0	3.04296875	0.732649491	0.740188401	0.731997847	0.748893181	0.016895334	0.0181951042	0	100	0	0	3
7795	1749	0	3.04492188	0.732951157	0.740126128	0.731997847	0.748517276	0.0165194284	0.0181951042	0	100	0	0	3
7800	1750	0	3.046875	0.733899112	0.740071587	0.731997847	0.748517276	0.0165194284	0.0181951042	0	100	0	0	3
7805	1753	0	3.04882812	0.734021177	0.740015621	0.731997847	0.748517276	0.0165194284	0.0181951042	0	100	0	0	3
7810	1754	0	3.05078125	0.734171371	0.739963592	0.731997847	0.748517276	0.0165194284	0.0181951042	0	100	0	0	3
7815	1755	0	3.05273438	0.735348904	0.739919462	0.731997847	0.748517276	0.0165194284	0.0181951042	0	100	0	0	3
7820	1756	0	3.0546875	0.731344946	0.739852382	0.731344946	0.747496699	0.0161517532	0.0181951042	0	100	0	0	3
7825	1757	0	3.05664062	0.733543533	0.739798727	0.731344946	0.747496699	0.0161517532	0.0181951042	0	100	0	0	3
7830	1759	0	3.05859375	0.734746471	0.739750907	0.731344946	0.747496699	0.0161517532	0.0181951042	0	100	0	0	3
7835	1760	0	3.06054688	0.734297764	0.739699349	0.731344946	0.747187324	0.0158423773	0.0181951042	0	100	0	0	3
7840	1761	0	3.0625	0.733615365	0.739650699	0.731344946	0.747187324	0.0158423773	0.0181951042	0	100	0	0	3
7845	1762	0	3.06445312	0.732735399	0.739595805	0.731344946	0.747187324	0.0158423773	0.0181951042	0	100	0	0	3
7850	1763	0	3.06640625	0.733921539	0.739545846	0.731344946	0.747187324	0.0158423773	0.0181951042	0	100	0	0	3
7855	1765	0	3.06835938	0.732223819	0.739492694	0.731344946	0.747187324	0.0158423773	0.0181951042	0	100	0	0	3
7860	1766	0	3.0703125	0.734675913	0.739447139	0.731344946	0.747187324	0.0158423773	0.0181951042	0	100	0	0	3
7865	1767	0	3.07226562	0.731699187	0.739387926	0.731344946	0.747187324	0.0158423773	0.0181951042	0	100	0	0	3
7870	1768	0	3.07421875	0.734561648	0.739338607	0.731344946	0.74662282	0.0152778734	0.0181951042	0	100	0	0	3
7875	1769	0	3.07617188	0.735292063	0.739295503	0.731344946	0.74662282	0.0152778734	0.0181951042	0	100	0	0	3
7880	1770	0	3.078125	0.732390796	0.739243666	0.731344946	0.74662282	0.0152778734	0.0181951042	0	100	0	0	3
7885	1772	0	3.08007812	0.73507839	0.739204107	0.731344946	0.74662282	0.0152778734	0.0181951042	0	100	0	0	3
7890	1773	0	3.08203125	0.735841223	0.739165443	0.731344946	0.74662282	0.0152778734	0.0181951042	0	100	0	0	3
7895	1774	0	3.08398438	0.734738216	0.73912197	0.731344946	0.74662282	0.0152778734	0.0181951042	0	100	0	0	3
7900	1775	0	3.0859375	0.736142567	0.739084323	0.731344946	0.74662282	0.0152778734	0.0181951042	0	100	0	0	3
7905	1778	0	3.08789062	0.735312804	0.739041426	0.731344946	0.74662282	0.0152778734	0.0181951042	0	100	0	0	3
7910	1779	0	3.08984375	0.734848568	0.738999243	0.731344946	0.74662282	0.0152778734	0.0181951042	0	100	0	0	3
7915	1780	0	3.09179688	0.737694234	0.738968364	0.731344946	0.74662282	0.0152778734	0.0181951042	0	100	0	0	3
7920	1781	0	3.09375	0.734188241	0.738925601	0.731344946	0.74662282	0.0152778734	0.0181951042	0	100	0	0	3
7925	1782	0	3.09570312	0.735391519	0.738881729	0.731344946	0.746577508	0.0152325618	0.0181951042	0	100	0	0	3
7930	1783	0	3.09765625	0.735602289	0.738844313	0.731344946	0.746577508	0.0152325618	0.0181951042	0	100	0	0	3
7935	1784	0	3.09960938	0.735380756	0.738803204	0.731344946	0.746577508	0.0152325618	0.0181951042	0	100	0	0	3
7940	1786	0	3.1015625	0.735322803	0.738765183	0.731344946	0.746577508	0.0152325618	0.0181951042	0	100	0	0	3
7945	1787	0	3.10351562	0.73696822	0.738731718	0.731344946	0.746577508	0.0152325618	0.0181951042	0	100	0	0	3
7950	1788	0	3.10546875	0.734923105	0.738692355	0.731344946	0.746577508	0.0152325618	0.0181951042	0	100	0	0	3
7955	1789	0	3.10742188	0.737344565	0.738662083	0.731344946	0.746577508	0.0152325618	0.0181951042	0	100	0	0	3
7960	1790	0	3.109375	0.736297957	0.738621929	0.731344946	0.746067889	0.0147229428	0.0181951042	0	100	0	0	3
7965	1792	0	3.11132812	0.735254689	0.738582715	0.731344946	0.746067889	0.0147229428	0.0181951042	0	100	0	0	3
7970	1793	0	3.11328125	0.736895889	0.73854799	0.731344946	0.746067889	0.0147229428	0.0181951042	0	100	0	0	3
7975	1794	0	3.11523438	0.736275641	0.738511308	0.731344946	0.746067889	0.0147229428	0.0181951042	0	100	0	0	3
7980	1795	0	3.1171875	0.737646653	0.738480383	0.731344946	0.746067889	0.0147229428	0.0181951042	0	100	0	0	3
7985	1796	0	3.11914062	0.732926418	0.738435368	0.731344946	0.746067889	0.0147229428	0.0181951042	0	100	0	0	3
7990	1798	0	3.12109375	0.736384696	0.738398156	0.731344946	0.746067889	0.0147229428	0.0181951042	0	100	0	0	3
7995	1799	0	3.12304688	0.737628634	0.738370174	0.731344946	0.746067889	0.0147229428	0.0181951042	0	100	0	0	3
8000	1800	0	3.125	0.735108336	0.738329695	0.731344946	0.746067889	0.0147229428	0.0181951042	0	100	0	0	3
8005	1802	0	3.12695312	0.737192697	0.738296982	0.731344946	0.746067889	0.0147229428	0.0181951042	0	100	0	0	3
8010	1803	0	3.12890625	0.735099677	0.738254137	0.731344946	0.745888641	0.0145436945	0.0181951042	0	100	0	0	3
8015	1805	0	3.13085938	0.732442064	0.738205943	0.731344946	0.745888641	0.0145436945	0.0181951042	0	100	0	0	3
8020	1806	0	3.1328125	0.735740521	0.738169547	0.731344946	0.745888641	0.0145436945	0.0181951042	0	100	0	0	3
8025	1807	0	3.13476562	0.732873331	0.738119212	0.731344946	0.745888641	0.0145436945	0.0181951042	0	100	0	0	3
8030	1809	0	3.13671875	0.736536821	0.73808431	0.731344946	0.745888641	0.0145436945	0.0181951042	0	100	0	0	3
8035	1810	0	3.13867188	0.733853474	0.738037729	0.731344946	0.745888641	0.0145436945	0.0181951042	0	100	0	0	3
8040	1811	0	3.140625	0.733440429	0.737989103	0.731344946	0.745871441	0.0145264953	0.0181951042	0	100	0	0	3
8045	1812	0	3.14257812	0.734323157	0.737947336	0.731344946	0.745871441	0.0145264953	0.0181951042	0	100	0	0	3
8050	1814	0	3.14453125	0.73426516	0.737907163	0.731344946	0.745871441	0.0145264953	0.0181951042	0	100	0	0	3
8055	1815	0	3.14648438	0.733225952	0.737860137	0.731344946	0.745871441	0.0145264953	0.0181951042	0	100	0	0	3
8060	1816	0	3.1484375	0.733638471	0.737820465	0.731344946	0.745871441	0.0145264953	0.0181951042	0	100	0	0	3
8065	1817	0	3.15039062	0.733005745	0.737776302	0.731344946	0.745871441	0.0145264953	0.0181951042	0	100	0	0	3
8070	1818	0	3.15234375	0.732634779	0.737731741	0.731344946	0.745871441	0.0145264953	0.0181951042	0	100	0	0	3
8075	1820	0	3.15429688	0.734212941	0.737688184	0.731344946	0.745871441	0.0145264953	0.0181951042	0	100	0	0	3
8080	1821	0	3.15625	0.734427925	0.737648076	0.731344946	0.745871441	0.0145264953	0.0181951042	0	100	0	0	3
8085	1822	0	3.15820312	0.733399091	0.737604297	0.731344946	0.745871441	0.0145264953	0.0181951042	0	100	0	0	3
8090	1823	0	3.16015625	0.733169049	0.737558344	0.731344946	0.745871441	0.0145264953	0.0181951042	0	100	0	0	3
8095	1825	0	3.16210938	0.733996881	0.737511959	0.731344946	0.745820419	0.0144754729	0.0181951042	0	100	0	0	3
8100	1826	0	3.1640625	0.732758354	0.737464043	0.731344946	0.745820419	0.0144754729	0.0181951042	0	100	0	0	3
8105	1828	0	3.16601562	0.731110062	0.737409953	0.731110062	0.745820419	0.0147103568	0.0181951042	0	100	0	0	3
8110	1829	0	3.16796875	0.732353696	0.737361769	0.731110062	0.745820419	0.0147103568	0.0181951042	0	100	0	0	3
8115	1830	0	3.16992188	0.733558332	0.73731387	0.731110062	0.744933969	0.0138239068	0.0181951042	0	100	0	0	3
8120	1832	0	3.171875	0.732945388	0.737268429	0.731110062	0.744933969	0.0138239068	0.0181951042	0	100	0	0	3
8125	1833	0	3.17382812	0.734175332	0.737229589	0.731110062	0.744933969	0.0138239068	0.0181951042	0	100	0	0	3
8130	1834	0	3.17578125	0.731904491	0.737182965	0.731110062	0.744933969	0.0138239068	0.0181951042	0	100	0	0	3
8135	1836	0	3.17773438	0.732355057	0.737135989	0.731110062	0.744933969	0.0138239068	0.0181951042	0	100	0	0	3
8140	1837	0	3.1796875	0.733533761	0.737091457	0.731110062	0.744322249	0.0132121869	0.0181951042	0	100	0	0	3
8145	1838	0	3.18164062	0.733316456	0.737050184	0.731110062	0.744322249	0.0132121869	0.0181951042	0	100	0	0	3
8150	1839	0	3.18359375	0.733316108	0.73700839	0.731110062	0.744322249	0.0132121869	0.0181951042	0	100	0	0	3
8155	1840	0	3.18554688	0.731676605	0.73696124	0.731110062	0.744322249	0.0132121869	0.0181951042	0	100	0	0	3
8160	1842	0	3.1875	0.732910523	0.736916795	0.731110062	0.744322249	0.0132121869	0.0181951042	0	100	0	0	3
8165	1843	0	3.18945312	0.731619832	0.736869055	0.731110062	0.744322249	0.0132121869	0.0181951042	0	100	0	0	3
8170	1844	0	3.19140625	0.732602514	0.736826944	0.731110062	0.744322249	0.0132121869	0.0181951042	0	100	0	0	3
8175	1845	0	3.19335938	0.732236234	0.736784456	0.731110062	0.744322249	0.0132121869	0.0181951042	0	100	0	0	3
8180	1847	0	3.1953125	0.734057336	0.736746997	0.731110062	0.744322249	0.0132121869	0.0181951042	0	100	0	0	3
8185	1848	0	3.19726562	0.730953154	0.73669605	0.730953154	0.744322249	0.0133690951	0.0181951042	0	100	0	0	3
8190	1849	0	3.19921875	0.731502314	0.736649783	0.730953154	0.744322249	0.0133690951	0.0181951042	0	100	0	0	3
8195	1850	0	3.20117188	0.730476337	0.736600544	0.730476337	0.744322249	0.0138459123	0.0181951042	0	100	0	0	3
8200	1852	0	3.203125	0.732753494	0.736561269	0.730476337	0.744322249	0.0138459123	0.0181951042	0	100	0	0	3
8205	1854	0	3.20507812	0.732975306	0.736522317	0.730476337	0.744322249	0.0138459123	0.0181951042	0	100	0	0	3
8210	1855	0	3.20703125	0.731122472	0.736470832	0.730476337	0.744322249	0.0138459123	0.0181951042	0	100	0	0	3
8215	1856	0	3.20898438	0.730669811	0.736418604	0.730476337	0.744322249	0.0138459123	0.0181951042	0	100	0	0	3
8220	1858	0	3.2109375	0.731904907	0.736378544	0.730476337	0.744322249	0.0138459123	0.0181951042	0	100	0	0	3
8225	1859	0	3.21289062	0.733977098	0.73633981	0.730476337	0.744322249	0.0138459123	0.0181951042	0	100	0	0	3
8230	1860	0	3.21484375	0.730858584	0.736289884	0.730476337	0.744322249	0.0138459123	0.0181951042	0	100	0	0	3
8235	1861	0	3.21679688	0.735949958	0.736260029	0.730476337	0.744322249	0.0138459123	0.0181951042	0	100	0	0	3
8240	1862	0	3.21875	0.734514724	0.736229523	0.730476337	0.744322249	0.0138459123	0.0181951042	0	100	0	0	3
8245	1864	0	3.22070312	0.732232649	0.736188017	0.730476337	0.744322249	0.0138459123	0.0181951042	0	100	0	0	3
8250	1865	0	3.22265625	0.732276637	0.736144569	0.730476337	0.744322249	0.0138459123	0.0181951042	0	100	0	0	3
8255	1866	0	3.22460938	0.732857355	0.736104357	0.730476337	0.744322249	0.0138459123	0.0181951042	0	100	0	0	3
8260	1867	0	3.2265625	0.730142304	0.736053773	0.730142304	0.744322249	0.0141799448	0.0181951042	0	100	0	0	3
8265	1869	0	3.22851562	0.733235354	0.736014771	0.730142304	0.744322249	0.0141799448	0.0181951042	0	100	0	0	3
8270	1870	0	3.23046875	0.731798126	0.735972868	0.730142304	0.744322249	0.0141799448	0.0181951042	0	100	0	0	3
8275	1871	0	3.23242188	0.729093274	0.735914445	0.729093274	0.744322249	0.0152289755	0.0181951042	0	100	0	0	3
8280	1872	0	3.234375	0.731974875	0.735873787	0.729093274	0.744322249	0.0152289755	0.0181951042	0	100	0	0	3
8285	1874	0	3.23632812	0.730712188	0.735820622	0.729093274	0.742926368	0.0138330944	0.0181951042	0	100	0	0	3
8290	1875	0	3.23828125	0.734403367	0.735788459	0.729093274	0.742926368	0.0138330944	0.0181951042	0	100	0	0	3
8295	1876	0	3.24023438	0.731737271	0.735748517	0.729093274	0.742926368	0.0138330944	0.0181951042	0	100	0	0	3
8300	1877	0	3.2421875	0.732537254	0.73571117	0.729093274	0.742926368	0.0138330944	0.0181951042	0	100	0	0	3
8305	1880	0	3.24414062	0.731681468	0.735670719	0.729093274	0.742926368	0.0138330944	0.0181951042	0	100	0	0	3
8310	1881	0	3.24609375	0.731664363	0.735628925	0.729093274	0.742926368	0.0138330944	0.0181951042	0	100	0	0	3
8315	1882	0	3.24804688	0.733516286	0.735594702	0.729093274	0.742926368	0.0138330944	0.0181951042	0	100	0	0	3
8320	1883	0	3.25	0.731854	0.735553469	0.729093274	0.742926368	0.0138330944	0.0181951042	0	100	0	0	3
8325	1885	0	3.25195312	0.732020077	0.735513104	0.729093274	0.742926368	0.0138330944	0.0181951042	0	100	0	0	3
8330	1886	0	3.25390625	0.73262225	0.735474526	0.729093274	0.742926368	0.0138330944	0.0181951042	0	100	0	0	3
8335	1887	0	3.25585938	0.73115471	0.735434444	0.729093274	0.742926368	0.0138330944	0.0181951042	0	100	0	0	3
8340	1888	0	3.2578125	0.732818723	0.735401166	0.729093274	0.742926368	0.0138330944	0.0181951042	0	100	0	0	3
8345	1889	0	3.25976562	0.733227267	0.735364234	0.729093274	0.742926368	0.0138330944	0.0181951042	0	100	0	0	3
8350	1891	0	3.26171875	0.731743046	0.735328856	0.729093274	0.742926368	0.0138330944	0.0181951042	0	100	0	0	3
8355	1892	0	3.26367188	0.734588862	0.7353001	0.729093274	0.742926368	0.0138330944	0.0181951042	0	100	0	0	3
8360	1893	0	3.265625	0.734800703	0.735277228	0.729093274	0.742926368	0.0138330944	0.0181951042	0	100	0	0	3
8365	1894	0	3.26757812	0.731334756	0.735238786	0.729093274	0.742926368	0.0138330944	0.0181951042	0	100	0	0	3
8370	1895	0	3.26953125	0.731522518	0.73519424	0.729093274	0.742355506	0.0132622318	0.0181951042	0	100	0	0	3
8375	1897	0	3.27148438	0.732923652	0.735164149	0.729093274	0.742355506	0.0132622318	0.0181951042	0	100	0	0	3
8380	1898	0	3.2734375	0.731683441	0.735125593	0.729093274	0.742355506	0.0132622318	0.0181951042	0	100	0	0	3
8385	1899	0	3.27539062	0.731686651	0.735086608	0.729093274	0.742355506	0.0132622318	0.0181951042	0	100	0	0	3
8390	1900	0	3.27734375	0.733736353	0.73505294	0.729093274	0.74225894	0.0131656659	0.0181951042	0	100	0	0	3
8395	1902	0	3.27929688	0.732677924	0.73502022	0.729093274	0.74225894	0.0131656659	0.0181951042	0	100	0	0	3
8400	1903	0	3.28125	0.732459065	0.734986963	0.729093274	0.74225894	0.0131656659	0.0181951042	0	100	0	0	3
8405	1905	0	3.28320312	0.733688796	0.734957364	0.729093274	0.74225894	0.0131656659	0.0181951042	0	100	0	0	3
8410	1906	0	3.28515625	0.732879236	0.734925821	0.729093274	0.74225894	0.0131656659	0.0181951042	0	100	0	0	3
8415	1907	0	3.28710938	0.732077028	0.734886048	0.729093274	0.741651501	0.0125582277	0.0181951042	0	100	0	0	3
8420	1908	0	3.2890625	0.733073626	0.734859231	0.729093274	0.741651501	0.0125582277	0.0181951042	0	100	0	0	3
8425	1910	0	3.29101562	0.730806818	0.734816869	0.729093274	0.741239605	0.0121463312	0.0181951042	0	100	0	0	3
8430	1911	0	3.29296875	0.731623885	0.734783698	0.729093274	0.741239605	0.0121463312	0.0181951042	0	100	0	0	3
8435	1912	0	3.29492188	0.732885025	0.734752733	0.729093274	0.741239605	0.0121463312	0.0181951042	0	100	0	0	3
8440	1913	0	3.296875	0.731842443	0.734718061	0.729093274	0.741239605	0.0121463312	0.0181951042	0	100	0	0	3
8445	1914	0	3.29882812	0.730590469	0.734676462	0.729093274	0.741138464	0.0120451898	0.0181951042	0	100	0	0	3
8450	1916	0	3.30078125	0.731417766	0.734638491	0.729093274	0.741090955	0.0119976816	0.0181951042	0	100	0	0	3
8455	1917	0	3.30273438	0.730795186	0.734601692	0.729093274	0.741090955	0.0119976816	0.0181951042	0	100	0	0	3
8460	1918	0	3.3046875	0.733691344	0.73457974	0.729093274	0.741090955	0.0119976816	0.0181951042	0	100	0	0	3
8465	1919	0	3.30664062	0.731836015	0.734546864	0.729093274	0.741090955	0.0119976816	0.0181951042	0	100	0	0	3
8470	1921	0	3.30859375	0.731425007	0.734512687	0.729093274	0.741090955	0.0119976816	0.0181951042	0	100	0	0	3
8475	1922	0	3.31054688	0.732048862	0.734477366	0.729093274	0.740390862	0.0112975887	0.0181951042	0	100	0	0	3
8480	1923	0	3.3125	0.730820463	0.734439982	0.729093274	0.740078134	0.0109848603	0.0181951042	0	100	0	0	3
8485	1924	0	3.31445312	0.731859404	0.734413332	0.729093274	0.740078134	0.0109848603	0.0181951042	0	100	0	0	3
8490	1926	0	3.31640625	0.729800379	0.734374922	0.729093274	0.740078134	0.0109848603	0.0181951042	0	100	0	0	3
8495	1927	0	3.31835938	0.732650215	0.734348751	0.729093274	0.740078134	0.0109848603	0.0181951042	0	100	0	0	3
8500	1928	0	3.3203125	0.731008235	0.734318142	0.729093274	0.740078134	0.0109848603	0.0181951042	0	100	0	0	3
8505	1931	0	3.32226562	0.731836949	0.734290333	0.729093274	0.740078134	0.0109848603	0.0181951042	0	100	0	0	3
8510	1932	0	3.32421875	0.730786555	0.73426036	0.729093274	0.740078134	0.0109848603	0.0181951042	0	100	0	0	3
8515	1933	0	3.32617188	0.73076173	0.734226609	0.729093274	0.740078134	0.0109848603	0.0181951042	0	100	0	0	3
8520	1934	0	3.328125	0.732612404	0.734198854	0.729093274	0.740078134	0.0109848603	0.0181951042	0	100	0	0	3
8525	1935	0	3.33007812	0.732012966	0.734171561	0.729093274	0.740078134	0.0109848603	0.0181951042	0	100	0	0	3
8530	1937	0	3.33203125	0.732835452	0.734146294	0.729093274	0.740078134	0.0109848603	0.0181951042	0	100	0	0	3
8535	1938	0	3.33398438	0.730972406	0.734118115	0.729093274	0.740078134	0.0109848603	0.0181951042	0	100	0	0	3
8540	1939	0	3.3359375	0.733206736	0.734094255	0.729093274	0.740078134	0.0109848603	0.0181951042	0	100	0	0	3
8545	1940	0	3.33789062	0.730980633	0.734062898	0.729093274	0.740078134	0.0109848603	0.0181951042	0	100	0	0	3
8550	1942	0	3.33984375	0.729145549	0.734027187	0.729093274	0.740078134	0.0109848603	0.0181951042	0	100	0	0	3
8555	1943	0	3.34179688	0.731194036	0.733996649	0.729093274	0.740078134	0.0109848603	0.0181951042	0	100	0	0	3
8560	1944	0	3.34375	0.730966337	0.733967135	0.729093274	0.740078134	0.0109848603	0.0181951042	0	100	0	0	3
8565	1945	0	3.34570312	0.73218879	0.733941132	0.729093274	0.740078134	0.0109848603	0.0181951042	0	100	0	0	3
8570	1946	0	3.34765625	0.731591132	0.733913172	0.729093274	0.740078134	0.0109848603	0.0181951042	0	100	0	0	3
8575	1948	0	3.34960938	0.732837833	0.73388489	0.729093274	0.739722509	0.0106292351	0.0181951042	0	100	0	0	3
8580	1949	0	3.3515625	0.732210986	0.733858481	0.729093274	0.739722509	0.0106292351	0.0181951042	0	100	0	0	3
8585	1950	0	3.35351562	0.73157708	0.733829881	0.729093274	0.739722509	0.0106292351	0.0181951042	0	100	0	0	3
8590	1952	0	3.35546875	0.73280694	0.73380481	0.729093274	0.739722509	0.0106292351	0.0181951042	0	100	0	0	3
8595	1953	0	3.35742188	0.733430949	0.733787342	0.729093274	0.739722509	0.0106292351	0.0181951042	0	100	0	0	3
8600	1954	0	3.359375	0.731793411	0.733763019	0.729093274	0.739722509	0.0106292351	0.0181951042	0	100	0	0	3
8605	1956	0	3.36132812	0.733625932	0.733754163	0.729093274	0.739722509	0.0106292351	0.0181951042	0	100	0	0	3
8610	1958	0	3.36328125	0.733002621	0.733738352	0.729093274	0.739722509	0.0106292351	0.0181951042	0	100	0	0	3
8615	1959	0	3.36523438	0.731990237	0.733717343	0.729093274	0.739722509	0.0106292351	0.0181951042	0	100	0	0	3
8620	1960	0	3.3671875	0.733235982	0.733692005	0.729093274	0.7381778	0.0090845263	0.0181951042	0	100	0	0	3
8625	1961	0	3.36914062	0.730176317	0.733665431	0.729093274	0.7381778	0.0090845263	0.0181951042	0	100	0	0	3
8630	1963	0	3.37109375	0.732001676	0.733645507	0.729093274	0.7381778	0.0090845263	0.0181951042	0	100	0	0	3
8635	1964	0	3.37304688	0.732198143	0.733625129	0.729093274	0.7381778	0.0090845263	0.0181951042	0	100	0	0	3
8640	1965	0	3.375	0.730982996	0.733601155	0.729093274	0.7381778	0.0090845263	0.0181951042	0	100	0	0	3
8645	1966	0	3.37695312	0.731199513	0.733575161	0.729093274	0.7381778	0.0090845263	0.0181951042	0	100	0	0	3
8650	1968	0	3.37890625	0.733431261	0.73355662	0.729093274	0.738094784	0.00900151039	0.0181951042	0	100	0	0	3
8655	1969	0	3.38085938	0.732195623	0.733539199	0.729093274	0.738094784	0.00900151039	0.0181951042	0	100	0	0	3
8660	1970	0	3.3828125	0.731579458	0.733515701	0.729093274	0.738094784	0.00900151039	0.0181951042	0	100	0	0	3
8665	1971	0	3.38476562	0.731175329	0.733491826	0.729093274	0.738094784	0.00900151039	0.0181951042	0	100	0	0	3
8670	1973	0	3.38671875	0.730981186	0.733466701	0.729093274	0.738094784	0.00900151039	0.0181951042	0	100	0	0	3
8675	1974	0	3.38867188	0.732599108	0.733451381	0.729093274	0.738094784	0.00900151039	0.0181951042	0	100	0	0	3
8680	1975	0	3.390625	0.730333656	0.733423506	0.729093274	0.738094784	0.00900151039	0.0181951042	0	100	0	0	3
8685	1977	0	3.39257812	0.731972477	0.733400782	0.729093274	0.738094784	0.00900151039	0.0181951042	0	100	0	0	3
8690	1978	0	3.39453125	0.731980612	0.733380042	0.729093274	0.738094784	0.00900151039	0.0181951042	0	100	0	0	3
8695	1979	0	3.39648438	0.730747408	0.733357183	0.729093274	0.738094784	0.00900151039	0.0181951042	0	100	0	0	3
8700	1980	0	3.3984375	0.73114767	0.733336144	0.729093274	0.738094784	0.00900151039	0.0181951042	0	100	0	0	3
8705	1982	0	3.40039062	0.730932377	0.733308166	0.729093274	0.737694234	0.00860096001	0.0181951042	0	100	0	0	3
8710	1983	0	3.40234375	0.732164648	0.733286962	0.729093274	0.737694234	0.00860096001	0.0181951042	0	100	0	0	3
8715	1985	0	3.40429688	0.733168344	0.733278019	0.729093274	0.737694234	0.00860096001	0.0181951042	0	100	0	0	3
8720	1986	0	3.40625	0.730907043	0.733257299	0.729093274	0.737694234	0.00860096001	0.0181951042	0	100	0	0	3
8725	1987	0	3.40820312	0.7310946	0.733236772	0.729093274	0.737694234	0.00860096001	0.0181951042	0	100	0	0	3
8730	1988	0	3.41015625	0.732910349	0.733224501	0.729093274	0.737694234	0.00860096001	0.0181951042	0	100	0	0	3
8735	1989	0	3.41210938	0.732097884	0.733210232	0.729093274	0.737694234	0.00860096001	0.0181951042	0	100	0	0	3
8740	1991	0	3.4140625	0.732894645	0.733194534	0.729093274	0.737694234	0.00860096001	0.0181951042	0	100	0	0	3
8745	1992	0	3.41601562	0.730219434	0.733171884	0.729093274	0.737694234	0.00860096001	0.0181951042	0	100	0	0	3
8750	1993	0	3.41796875	0.733453241	0.733168586	0.729093274	0.737694234	0.00860096001	0.0181951042	0	100	0	0	3
8755	1995	0	3.41992188	0.73346027	0.73316643	0.729093274	0.737694234	0.00860096001	0.0181951042	0	100	0	0	3
8760	1996	0	3.421875	0.732250757	0.733152575	0.729093274	0.737694234	0.00860096001	0.0181951042	0	100	0	0	3
8765	1997	0	3.42382812	0.731220262	0.733138155	0.729093274	0.737694234	0.00860096001	0.0181951042	0	100	0	0	3
8770	1999	0	3.42578125	0.732010686	0.733119768	0.729093274	0.737694234	0.00860096001	0.0181951042	0	100	0	0	3
8775	2000	0	3.42773438	0.734453284	0.733121671	0.729093274	0.737694234	0.00860096001	0.0181951042	0	100	0	0	3
8780	2001	0	3.4296875	0.728761227	0.733097571	0.728761227	0.737694234	0.00893300626	0.0181951042	0	100	0	0	3
8785	2002	0	3.43164062	0.732221386	0.733090499	0.728761227	0.737694234	0.00893300626	0.0181951042	0	100	0	0	3
8790	2004	0	3.43359375	0.732600494	0.733079481	0.728761227	0.737694234	0.00893300626	0.0181951042	0	100	0	0	3
8795	2005	0	3.43554688	0.73216597	0.733066145	0.728761227	0.737694234	0.00893300626	0.0181951042	0	100	0	0	3
8800	2006	0	3.4375	0.730562048	0.733046841	0.728761227	0.737694234	0.00893300626	0.0181951042	0	100	0	0	3
8805	2009	0	3.43945312	0.731774191	0.733038213	0.728761227	0.737694234	0.00893300626	0.0181951042	0	100	0	0	3
8810	2010	0	3.44140625	0.732780615	0.733028915	0.728761227	0.737694234	0.00893300626	0.0181951042	0	100	0	0	3
8815	2011	0	3.44335938	0.731525132	0.733021402	0.728761227	0.737694234	0.00893300626	0.0181951042	0	100	0	0	3
8820	2012	0	3.4453125	0.73211896	0.733009172	0.728761227	0.737694234	0.00893300626	0.0181951042	0	100	0	0	3
8825	2014	0	3.44726562	0.733554449	0.733005268	0.728761227	0.737694234	0.00893300626	0.0181951042	0	100	0	0	3
8830	2015	0	3.44921875	0.731924139	0.732994457	0.728761227	0.737694234	0.00893300626	0.0181951042	0	100	0	0	3
8835	2016	0	3.45117188	0.732510335	0.732988559	0.728761227	0.737694234	0.00893300626	0.0181951042	0	100	0	0	3
8840	2017	0	3.453125	0.733287469	0.732978651	0.728761227	0.737694234	0.00893300626	0.0181951042	0	100	0	0	3
8845	2019	0	3.45507812	0.730254165	0.732957194	0.728761227	0.737694234	0.00893300626	0.0181951042	0	100	0	0	3
8850	2020	0	3.45703125	0.732082168	0.732947239	0.728761227	0.737694234	0.00893300626	0.0181951042	0	100	0	0	3
8855	2021	0	3.45898438	0.731655283	0.732940708	0.728761227	0.737694234	0.00893300626	0.0181951042	0	100	0	0	3
8860	2023	0	3.4609375	0.730199886	0.73291978	0.728761227	0.737694234	0.00893300626	0.0181951042	0	100	0	0	3
8865	2024	0	3.46289062	0.732615151	0.732907674	0.728761227	0.737694234	0.00893300626	0.0181951042	0	100	0	0	3
8870	2025	0	3.46484375	0.731618851	0.732902515	0.728761227	0.737694234	0.00893300626	0.0181951042	0	100	0	0	3
8875	2026	0	3.46679688	0.733228395	0.732895016	0.728761227	0.737694234	0.00893300626	0.0181951042	0	100	0	0	3
8880	2028	0	3.46875	0.731999813	0.732886924	0.728761227	0.737694234	0.00893300626	0.0181951042	0	100	0	0	3
8885	2029	0	3.47070312	0.73278213	0.73287965	0.728761227	0.737694234	0.00893300626	0.0181951042	0	100	0	0	3
8890	2030	0	3.47265625	0.733808784	0.732875084	0.728761227	0.737694234	0.00893300626	0.0181951042	0	100	0	0	3
8895	2031	0	3.47460938	0.733407737	0.732880591	0.728761227	0.737694234	0.00893300626	0.0181951042	0	100	0	0	3
8900	2033	0	3.4765625	0.732782668	0.732874942	0.728761227	0.737694234	0.00893300626	0.0181951042	0	100	0	0	3
8905	2035	0	3.47851562	0.733358593	0.73287574	0.728761227	0.737694234	0.00893300626	0.0181951042	0	100	0	0	3
8910	2036	0	3.48046875	0.732346509	0.732874428	0.728761227	0.737694234	0.00893300626	0.0181951042	0	100	0	0	3
8915	2037	0	3.48242188	0.734775803	0.732880456	0.728761227	0.737694234	0.00893300626	0.0181951042	0	100	0	0	3
8920	2039	0	3.484375	0.733170678	0.732878815	0.728761227	0.737694234	0.00893300626	0.0181951042	0	100	0	0	3
8925	2040	0	3.48632812	0.733138941	0.732876428	0.728761227	0.737694234	0.00893300626	0.0181951042	0	100	0	0	3
8930	2041	0	3.48828125	0.733717136	0.732878082	0.728761227	0.737694234	0.00893300626	0.0181951042	0	100	0	0	3
8935	2043	0	3.49023438	0.7333155	0.732880008	0.728761227	0.737694234	0.00893300626	0.0181951042	0	100	0	0	3
8940	2044	0	3.4921875	0.734731477	0.732884453	0.728761227	0.737694234	0.0089307598	0.0181951042	0	100	0	0	3
8945	2045	0	3.49414062	0.733516988	0.73288844	0.728761227	0.737694234	0.00886162923	0.0181951042	0	100	0	0	3
8950	2046	0	3.49609375	0.734700767	0.732893951	0.728761227	0.737694234	0.00879742956	0.0181951042	0	100	0	0	3
8955	2048	0	3.49804688	0.735086076	0.732896263	0.728761227	0.737694234	0.00872747315	0.0181951042	0	100	0	0	3
8960	2049	0	3.5	0.733903454	0.732899873	0.728761227	0.737694234	0.00865755081	0.0181951042	0	100	0	0	3
8965	2050	0	3.50195312	0.733709893	0.732903808	0.728761227	0.737694234	0.00859039138	0.0181951042	0	100	0	0	3
8970	2052	0	3.50390625	0.73509778	0.732908475	0.728761227	0.737694234	0.00852188051	0.0181951042	0	100	0	0	3
8975	2053	0	3.50585938	0.73406528	0.732909215	0.728761227	0.737694234	0.00845204371	0.0181951042	0	100	0	0	3
8980	2054	0	3.5078125	0.734465679	0.732918235	0.728761227	0.737694234	0.00838372496	0.0181951042	0	100	0	0	3
8985	2056	0	3.50976562	0.73247068	0.732918098	0.728761227	0.737694234	0.00831890073	0.0181951042	0	100	0	0	3
8990	2057	0	3.51171875	0.73328549	0.732917295	0.728761227	0.737694234	0.00824844312	0.0181951042	0	100	0	0	3
8995	2058	0	3.51367188	0.734061005	0.732918844	0.728761227	0.737694234	0.00818002139	0.0181951042	0	100	0	0	3
9000	2059	0	3.515625	0.735436285	0.732927589	0.728761227	0.737694234	0.00811372887	0.0181951042	0	100	0	0	3
9005	2062	0	3.51757812	0.732427651	0.732925682	0.728761227	0.737694234	0.00805127643	0.0181951042	0	100	0	0	3
9010	2063	0	3.51953125	0.733842753	0.732926311	0.728761227	0.737694234	0.00798205189	0.0181951042	0	100	0	0	3
9015	2064	0	3.52148438	0.734646402	0.73293346	0.728761227	0.737694234	0.00792153402	0.0181951042	0	100	0	0	3
9020	2066	0	3.5234375	0.734816277	0.732938222	0.728761227	0.737694234	0.00785933834	0.0181951042	0	100	0	0	3
9025	2067	0	3.52539062	0.735394893	0.732947067	0.728761227	0.737694234	0.00779506978	0.0181951042	0	100	0	0	3
9030	2068	0	3.52734375	0.732806298	0.732943644	0.728761227	0.737694234	0.00773356088	0.0181951042	0	100	0	0	3
9035	2069	0	3.52929688	0.734215103	0.732947695	0.728761227	0.737694234	0.00766754696	0.0181951042	0	100	0	0	3
9040	2071	0	3.53125	0.735788982	0.732960563	0.728761227	0.737694234	0.00760714419	0.0181951042	0	100	0	0	3
9045	2072	0	3.53320312	0.736159904	0.732973428	0.728761227	0.737694234	0.00755330251	0.0181951042	0	100	0	0	3
9050	2073	0	3.53515625	0.73574663	0.732976126	0.728761227	0.737694234	0.0074888579	0.0181951042	0	100	0	0	3
9055	2075	0	3.53710938	0.734162165	0.732982696	0.728761227	0.737694234	0.00742579152	0.0181951042	0	100	0	0	3
9060	2076	0	3.5390625	0.733970911	0.732989689	0.728761227	0.737694234	0.00737761585	0.0181951042	0	100	0	0	3
9065	2077	0	3.54101562	0.73375102	0.732977491	0.728761227	0.737694234	0.00731397284	0.0181951042	0	100	0	0	3
9070	2079	0	3.54296875	0.733726307	0.732981698	0.728761227	0.737694234	0.00725169931	0.0181951042	0	100	0	0	3
9075	2080	0	3.54492188	0.733921436	0.732985488	0.728761227	0.737694234	0.00719715877	0.0181951042	0	100	0	0	3
9080	2081	0	3.546875	0.733924582	0.732985587	0.728761227	0.737694234	0.00714119264	0.0181951042	0	100	0	0	3
9085	2082	0	3.54882812	0.735107992	0.732989833	0.728761227	0.737694234	0.00708916367	0.0181951042	0	100	0	0	3
9090	2084	0	3.55078125	0.732884541	0.732984806	0.728761227	0.737694234	0.0070450335	0.0181951042	0	100	0	0	3
9095	2085	0	3.55273438	0.733466846	0.732977454	0.728761227	0.737694234	0.00697795409	0.0181951042	0	100	0	0	3
9100	2086	0	3.5546875	0.732873574	0.732983425	0.728761227	0.737694234	0.00692429905	0.0181951042	0	100	0	0	3
9105	2089	0	3.55664062	0.73546872	0.732990946	0.728761227	0.737694234	0.00687647884	0.0181951042	0	100	0	0	3
9110	2090	0	3.55859375	0.734656464	0.732990594	0.728761227	0.737694234	0.0068249205	0.0181951042	0	100	0	0	3
9115	2092	0	3.56054688	0.734031334	0.732989553	0.728761227	0.737694234	0.00677627055	0.0181951042	0	100	0	0	3
9120	2093	0	3.5625	0.73242215	0.732984892	0.728761227	0.737694234	0.00672137646	0.0181951042	0	100	0	0	3
9125	2094	0	3.56445312	0.733828271	0.732989161	0.728761227	0.737694234	0.00667141724	0.0181951042	0	100	0	0	3
9130	2096	0	3.56640625	0.735417025	0.732995003	0.728761227	0.737694234	0.00661826534	0.0181951042	0	100	0	0	3
9135	2097	0	3.56835938	0.734603986	0.733004301	0.728761227	0.737694234	0.00657271037	0.0181951042	0	100	0	0	3
9140	2098	0	3.5703125	0.733387471	0.732999268	0.728761227	0.737694234	0.00651349798	0.0181951042	0	100	0	0	3
9145	2099	0	3.57226562	0.734786764	0.733011329	0.728761227	0.737694234	0.00646417894	0.0181951042	0	100	0	0	3
9150	2101	0	3.57421875	0.735390046	0.733014565	0.728761227	0.737694234	0.0064210746	0.0181951042	0	100	0	0	3
9155	2102	0	3.57617188	0.734583923	0.733011798	0.728761227	0.737694234	0.00636923743	0.0181951042	0	100	0	0	3
9160	2103	0	3.578125	0.734752122	0.733021022	0.728761227	0.737694234	0.00632967829	0.0181951042	0	100	0	0	3
9165	2104	0	3.58007812	0.731949265	0.733008799	0.728761227	0.737694234	0.00629101439	0.0181951042	0	100	0	0	3
9170	2106	0	3.58203125	0.736131088	0.733009931	0.728761227	0.737694234	0.0062475415	0.0181951042	0	100	0	0	3
9175	2107	0	3.58398438	0.733967361	0.73300692	0.728761227	0.737694234	0.00620989488	0.0181951042	0	100	0	0	3
9180	2108	0	3.5859375	0.735138216	0.733002997	0.728761227	0.737694234	0.00616699766	0.0181951042	0	100	0	0	3
9185	2109	0	3.58789062	0.733916617	0.732997543	0.728761227	0.737694234	0.00612481436	0.0181951042	0	100	0	0	3
9190	2111	0	3.58984375	0.732508479	0.732988402	0.728761227	0.737694234	0.00609393605	0.0181951042	0	100	0	0	3
9195	2112	0	3.59179688	0.734701806	0.732976713	0.728761227	0.737646653	0.00605117318	0.0181951042	0	100	0	0	3
9200	2113	0	3.59375	0.734110553	0.73297641	0.728761227	0.737646653	0.00600730092	0.0181951042	0	100	0	0	3
9205	2116	0	3.59570312	0.736065679	0.732979043	0.728761227	0.737646653	0.00596988456	0.0181951042	0	100	0	0	3
9210	2117	0	3.59765625	0.735845669	0.732979994	0.728761227	0.737646653	0.00592877586	0.0181951042	0	100	0	0	3
9215	2118	0	3.59960938	0.733866249	0.732974078	0.728761227	0.737646653	0.00589075466	0.0181951042	0	100	0	0	3
9220	2119	0	3.6015625	0.734478173	0.732970778	0.728761227	0.737646653	0.00585728947	0.0181951042	0	100	0	0	3
9225	2121	0	3.60351562	0.733286079	0.732956395	0.728761227	0.737646653	0.00581792636	0.0181951042	0	100	0	0	3
9230	2122	0	3.60546875	0.734838177	0.732956063	0.728761227	0.737646653	0.00578765501	0.0181951042	0	100	0	0	3
9235	2123	0	3.60742188	0.73581048	0.732950071	0.728761227	0.737646653	0.00574750051	0.0181951042	0	100	0	0	3
9240	2124	0	3.609375	0.73165301	0.732931926	0.728761227	0.737646653	0.00570828675	0.0181951042	0	100	0	0	3
9245	2126	0	3.61132812	0.732869016	0.732922607	0.728761227	0.737646653	0.00567356206	0.0181951042	0	100	0	0	3
9250	2127	0	3.61328125	0.733655729	0.73290995	0.728761227	0.737646653	0.00563688008	0.0181951042	0	100	0	0	3
9255	2128	0	3.61523438	0.73343916	0.73289887	0.728761227	0.737646653	0.00560595475	0.0181951042	0	100	0	0	3
9260	2130	0	3.6171875	0.732438457	0.732878526	0.728761227	0.737628634	0.00556094002	0.0181951042	0	100	0	0	3
9265	2131	0	3.61914062	0.734429183	0.732884396	0.728761227	0.737628634	0.00552372738	0.0181951042	0	100	0	0	3
9270	2132	0	3.62109375	0.733842074	0.732874464	0.728761227	0.737628634	0.00549574548	0.0181951042	0	100	0	0	3
9275	2133	0	3.62304688	0.732439392	0.732854194	0.728761227	0.737192697	0.00547550159	0.0181951042	0	100	0	0	3
9280	2135	0	3.625	0.735382508	0.732855264	0.728761227	0.737192697	0.0054427884	0.0181951042	0	100	0	0	3
9285	2136	0	3.62695312	0.734800964	0.732845922	0.728761227	0.736536821	0.00540821554	0.0181951042	0	100	0	0	3
9290	2137	0	3.62890625	0.73362742	0.732840171	0.728761227	0.736536821	0.00536577229	0.0181951042	0	100	0	0	3
9295	2138	0	3.63085938	0.732242528	0.732839391	0.728761227	0.736536821	0.00533015581	0.0181951042	0	100	0	0	3
9300	2140	0	3.6328125	0.731421571	0.73282252	0.728761227	0.736536821	0.00529669156	0.0181951042	0	100	0	0	3
9305	2142	0	3.63476562	0.733989994	0.732826882	0.728761227	0.736536821	0.00526178938	0.0181951042	0	100	0	0	3
9310	2143	0	3.63671875	0.732417869	0.732810793	0.728761227	0.736159904	0.00522693627	0.0181951042	0	100	0	0	3
9315	2145	0	3.63867188	0.73439902	0.732812924	0.728761227	0.736159904	0.00517831045	0.0181951042	0	100	0	0	3
9320	2146	0	3.640625	0.733589785	0.732813507	0.728761227	0.736159904	0.00513654281	0.0181951042	0	100	0	0	3
9325	2147	0	3.64257812	0.735550174	0.7328183	0.728761227	0.736159904	0.00509637061	0.0181951042	0	100	0	0	3
9330	2149	0	3.64453125	0.73200709	0.73280948	0.728761227	0.736159904	0.00505065693	0.0181951042	0	100	0	0	3
9335	2150	0	3.64648438	0.733803124	0.732811734	0.728761227	0.736159904	0.00501098575	0.0181951042	0	100	0	0	3
9340	2151	0	3.6484375	0.733005531	0.732809262	0.728761227	0.736159904	0.00496704007	0.0181951042	0	100	0	0	3
9345	2153	0	3.65039062	0.732184155	0.732806052	0.728761227	0.736159904	0.00492568809	0.0181951042	0	100	0	0	3
9350	2154	0	3.65234375	0.73335664	0.732808872	0.728761227	0.736159904	0.00488213172	0.0181951042	0	100	0	0	3
9355	2155	0	3.65429688	0.73219434	0.732800987	0.728761227	0.736159904	0.00484708882	0.0181951042	0	100	0	0	3
9360	2156	0	3.65625	0.731602359	0.73278995	0.728761227	0.736159904	0.00481434711	0.0181951042	0	100	0	0	3
9365	2158	0	3.65820312	0.734354002	0.73279368	0.728761227	0.736159904	0.00476839467	0.0181951042	0	100	0	0	3
9370	2159	0	3.66015625	0.731757835	0.732788167	0.728761227	0.736159904	0.00472379211	0.0181951042	0	100	0	0	3
9375	2160	0	3.66210938	0.733538314	0.732786376	0.728761227	0.736159904	0.00467766717	0.0181951042	0	100	0	0	3
9380	2162	0	3.6640625	0.732960935	0.732787167	0.728761227	0.736159904	0.00462357668	0.0181951042	0	100	0	0	3
9385	2163	0	3.66601562	0.734141587	0.732799009	0.728761227	0.736159904	0.00457539318	0.0181951042	0	100	0	0	3
9390	2164	0	3.66796875	0.731749255	0.732796648	0.728761227	0.736159904	0.0045274944	0.0181951042	0	100	0	0	3
9395	2165	0	3.66992188	0.731134025	0.732787178	0.728761227	0.736159904	0.00448205341	0.0181951042	0	100	0	0	3
9400	2167	0	3.671875	0.731940928	0.732783255	0.728761227	0.736159904	0.00444633476	0.0181951042	0	100	0	0	3
9405	2169	0	3.67382812	0.733531467	0.732780739	0.728761227	0.736159904	0.00440222524	0.0181951042	0	100	0	0	3
9410	2170	0	3.67578125	0.730950233	0.732777012	0.728761227	0.736159904	0.00435897754	0.0181951042	0	100	0	0	3
9415	2172	0	3.67773438	0.733302948	0.732780715	0.728761227	0.736159904	0.00431444548	0.0181951042	0	100	0	0	3
9420	2173	0	3.6796875	0.731911544	0.732774378	0.728761227	0.736159904	0.00427580578	0.0181951042	0	100	0	0	3
9425	2174	0	3.68164062	0.733704145	0.732775892	0.728761227	0.736159904	0.00423401228	0.0181951042	0	100	0	0	3
9430	2176	0	3.68359375	0.733313833	0.732775883	0.728761227	0.736159904	0.00418686227	0.0181951042	0	100	0	0	3
9435	2177	0	3.68554688	0.731329357	0.732774527	0.728761227	0.736159904	0.00414241732	0.0181951042	0	100	0	0	3
9440	2178	0	3.6875	0.732698024	0.732773697	0.728761227	0.736159904	0.00409535839	0.0181951042	0	100	0	0	3
9445	2179	0	3.68945312	0.733689837	0.732781783	0.728761227	0.736159904	0.00405324751	0.0181951042	0	100	0	0	3
9450	2181	0	3.69140625	0.731728857	0.73277837	0.728761227	0.736159904	0.00401075941	0.0181951042	0	100	0	0	3
9455	2182	0	3.69335938	0.732113064	0.732777889	0.728761227	0.736159904	0.00397329974	0.0181951042	0	100	0	0	3
9460	2183	0	3.6953125	0.731303283	0.732767131	0.728761227	0.736159904	0.00392891951	0.0181951042	0	100	0	0	3
9465	2185	0	3.69726562	0.731697417	0.732770038	0.728761227	0.736159904	0.00388265204	0.0181951042	0	100	0	0	3
9470	2186	0	3.69921875	0.731512168	0.732770077	0.728761227	0.736159904	0.00383341333	0.0181951042	0	100	0	0	3
9475	2187	0	3.70117188	0.732299706	0.732777199	0.728761227	0.736159904	0.00379413817	0.0181951042	0	100	0	0	3
9480	2189	0	3.703125	0.730893621	0.732769934	0.728761227	0.736159904	0.00375518654	0.0181951042	0	100	0	0	3
9485	2190	0	3.70507812	0.731867036	0.732765605	0.728761227	0.736159904	0.00370522721	0.0181951042	0	100	0	0	3
9490	2191	0	3.70703125	0.731275875	0.732766204	0.728761227	0.736159904	0.0036529987	0.0181951042	0	100	0	0	3
9495	2193	0	3.70898438	0.734825275	0.732782436	0.728761227	0.736159904	0.00361293936	0.0181951042	0	100	0	0	3
9500	2194	0	3.7109375	0.731669469	0.732781517	0.728761227	0.736159904	0.00357420493	0.0181951042	0	100	0	0	3
9505	2197	0	3.71289062	0.732239438	0.732774729	0.728761227	0.736159904	0.00352427954	0.0181951042	0	100	0	0	3
9510	2198	0	3.71484375	0.731641051	0.732777785	0.728761227	0.736159904	0.00349442395	0.0181951042	0	100	0	0	3
9515	2199	0	3.71679688	0.731453002	0.732760219	0.728761227	0.736159904	0.00346930407	0.0181951042	0	100	0	0	3
9520	2201	0	3.71875	0.73323469	0.732755219	0.728761227	0.736159904	0.00343279803	0.0181951042	0	100	0	0	3
9525	2202	0	3.72070312	0.731840423	0.732753687	0.728761227	0.736159904	0.00339088182	0.0181951042	0	100	0	0	3
9530	2203	0	3.72265625	0.732018993	0.732752681	0.728761227	0.736159904	0.00335167682	0.0181951042	0	100	0	0	3
9535	2205	0	3.72460938	0.732424001	0.732750988	0.728761227	0.736159904	0.00330278518	0.0181951042	0	100	0	0	3
9540	2206	0	3.7265625	0.73026954	0.732751485	0.728761227	0.736159904	0.0032637833	0.0181951042	0	100	0	0	3
9545	2207	0	3.72851562	0.733620084	0.732752988	0.728761227	0.736159904	0.0032218802	0.0181951042	0	100	0	0	3
9550	2208	0	3.73046875	0.73084974	0.732749283	0.728761227	0.736159904	0.0031651621	0.0181951042	0	100	0	0	3
9555	2210	0	3.73242188	0.732810177	0.732763802	0.728761227	0.736159904	0.0031245038	0.0181951042	0	100	0	0	3
9560	2211	0	3.734375	0.733217758	0.732768657	0.728761227	0.736159904	0.0030713395	0.0181951042	0	100	0	0	3
9565	2212	0	3.73632812	0.732456612	0.732775471	0.728761227	0.736159904	0.00303917607	0.0181951042	0	100	0	0	3
9570	2214	0	3.73828125	0.729690167	0.73275706	0.728761227	0.736159904	0.00299923419	0.0181951042	0	100	0	0	3
9575	2215	0	3.74023438	0.73261983	0.732760508	0.728761227	0.736159904	0.00296188656	0.0181951042	0	100	0	0	3
9580	2217	0	3.7421875	0.731632201	0.732756973	0.728761227	0.736159904	0.0029214357	0.0181951042	0	100	0	0	3
9585	2218	0	3.74414062	0.73184971	0.73275763	0.728761227	0.736159904	0.00287964197	0.0181951042	0	100	0	0	3
9590	2219	0	3.74609375	0.731471522	0.732756876	0.728761227	0.736159904	0.00284541934	0.0181951042	0	100	0	0	3
9595	2221	0	3.74804688	0.731854594	0.732750385	0.728761227	0.736159904	0.00280418616	0.0181951042	0	100	0	0	3
9600	2222	0	3.75	0.731631338	0.732749516	0.728761227	0.736159904	0.00276382138	0.0181951042	0	100	0	0	3
9605	2224	0	3.75195312	0.731435711	0.732747233	0.728761227	0.736159904	0.00272729341	0.0181951042	0	100	0	0	3
9610	2226	0	3.75390625	0.73047445	0.732738843	0.728761227	0.736159904	0.00269560129	0.0181951042	0	100	0	0	3
9615	2227	0	3.75585938	0.730876989	0.732737758	0.728761227	0.736159904	0.00266340753	0.0181951042	0	100	0	0	3
9620	2228	0	3.7578125	0.730860072	0.732730107	0.728761227	0.736159904	0.0026341269	0.0181951042	0	100	0	0	3
9625	2230	0	3.75976562	0.733981228	0.732733052	0.728761227	0.736159904	0.00259874822	0.0181951042	0	100	0	0	3
9630	2231	0	3.76171875	0.728293107	0.732719576	0.728293107	0.736159904	0.00258052345	0.0181951042	0	100	0	0	3
9635	2232	0	3.76367188	0.732057243	0.732709687	0.728293107	0.736159904	0.00256754109	0.0181951042	0	100	0	0	3
9640	2234	0	3.765625	0.731669131	0.732697454	0.728293107	0.736159904	0.00254133153	0.0181951042	0	100	0	0	3
9645	2235	0	3.76757812	0.731063694	0.732696395	0.728293107	0.736159904	0.00249784408	0.0181951042	0	100	0	0	3
9650	2237	0	3.76953125	0.73126477	0.732695389	0.728293107	0.736159904	0.00246876056	0.0181951042	0	100	0	0	3
9655	2238	0	3.77148438	0.732262089	0.732692804	0.728293107	0.736159904	0.00243278897	0.0181951042	0	100	0	0	3
9660	2239	0	3.7734375	0.729909602	0.732685875	0.728293107	0.736159904	0.00240073297	0.0181951042	0	100	0	0	3
9665	2241	0	3.77539062	0.732060708	0.732687337	0.728293107	0.736159904	0.0023670644	0.0181951042	0	100	0	0	3
9670	2242	0	3.77734375	0.729881465	0.732672278	0.728293107	0.736159904	0.00234794141	0.0181951042	0	100	0	0	3
9675	2243	0	3.77929688	0.732255536	0.732670628	0.728293107	0.736159904	0.00231633462	0.0181951042	0	100	0	0	3
9680	2245	0	3.78125	0.729721667	0.732659935	0.728293107	0.736159904	0.00229742881	0.0181951042	0	100	0	0	3
9685	2246	0	3.78320312	0.732079513	0.732653649	0.728293107	0.736159904	0.00227217221	0.0181951042	0	100	0	0	3
9690	2247	0	3.78515625	0.729709565	0.732641268	0.728293107	0.736159904	0.00224478064	0.0181951042	0	100	0	0	3
9695	2249	0	3.78710938	0.730679825	0.73263581	0.728293107	0.736159904	0.00222342118	0.0181951042	0	100	0	0	3
9700	2250	0	3.7890625	0.731678847	0.732630361	0.728293107	0.736159904	0.00218650749	0.0181951042	0	100	0	0	3
9705	2253	0	3.79101562	0.731104179	0.732631523	0.728293107	0.736159904	0.00215333674	0.0181951042	0	100	0	0	3
9710	2254	0	3.79296875	0.72991498	0.732624848	0.728293107	0.736159904	0.00212788577	0.0181951042	0	100	0	0	3
9715	2255	0	3.79492188	0.731863103	0.732620856	0.728293107	0.736159904	0.00209720486	0.0181951042	0	100	0	0	3
9720	2257	0	3.796875	0.729903415	0.732613281	0.728293107	0.736159904	0.00206318101	0.0181951042	0	100	0	0	3
9725	2258	0	3.79882812	0.730712089	0.732613756	0.728293107	0.736159904	0.00202520953	0.0181951042	0	100	0	0	3
9730	2260	0	3.80078125	0.730521509	0.732610255	0.728293107	0.736159904	0.0019914362	0.0181951042	0	100	0	0	3
9735	2261	0	3.80273438	0.731283019	0.732612161	0.728293107	0.736159904	0.00196948402	0.0181951042	0	100	0	0	3
9740	2262	0	3.8046875	0.730287795	0.732598866	0.728293107	0.736159904	0.00194799805	0.0181951042	0	100	0	0	3
9745	2264	0	3.80664062	0.732453022	0.732601276	0.728293107	0.736159904	0.0019138208	0.0181951042	0	100	0	0	3
9750	2265	0	3.80859375	0.728163231	0.732588535	0.728163231	0.736159904	0.00188883126	0.0181951042	0	100	0	0	3
9755	2266	0	3.81054688	0.731305004	0.732585629	0.728163231	0.736159904	0.00185435258	0.0181951042	0	100	0	0	3
9760	2267	0	3.8125	0.730109962	0.732582854	0.728163231	0.736159904	0.00183047782	0.0181951042	0	100	0	0	3
9765	2269	0	3.81445312	0.729306698	0.732572882	0.728163231	0.736159904	0.00180203987	0.0181951042	0	100	0	0	3
9770	2270	0	3.81640625	0.730302383	0.732574843	0.728163231	0.736159904	0.00177586843	0.0181951042	0	100	0	0	3
9775	2271	0	3.81835938	0.731500226	0.732570351	0.728163231	0.736159904	0.00174779064	0.0181951042	0	100	0	0	3
