Iteration	CPUTime	PhysTime	Travels	Value	AvValue	MinValue	MaxValue	Delta	Criteria	PrevAvRefValue	Progress	CriteriaType	CriteriaVarType	CriteriaPercentage
1	1	0	0.000390625	-2.73743246e-38	-2.73743246e-38	-2.73743246e-38	-2.73743246e-38	0	0	0	0	0	0	3
5	2	0	0.001953125	-4.4189573e-17	-2.20947865e-17	-4.4189573e-17	-2.73743246e-38	2.20947865e-17	0	0	0	0	0	3
10	3	0	0.00390625	-6.78461853e-17	-3.73452528e-17	-6.78461853e-17	-2.73743246e-38	3.73452528e-17	0	0	0	0	0	3
15	5	0	0.005859375	-1.28442089e-16	-6.01194619e-17	-1.28442089e-16	-2.73743246e-38	6.01194619e-17	0	0	0	0	0	3
20	6	0	0.0078125	-2.1461386e-16	-9.10183415e-17	-2.1461386e-16	-2.73743246e-38	9.10183415e-17	0	0	0	0	0	3
25	7	0	0.009765625	-2.99650091e-16	-1.257903e-16	-2.99650091e-16	-2.73743246e-38	1.257903e-16	0	0	0	0	0	3
30	8	0	0.01171875	-4.68976944e-16	-1.74816963e-16	-4.68976944e-16	-2.73743246e-38	1.74816963e-16	0	0	0	0	0	3
35	9	0	0.013671875	-5.84705275e-16	-2.26053002e-16	-5.84705275e-16	-2.73743246e-38	2.26053002e-16	0	0	0	0	0	3
40	11	0	0.015625	-8.3679131e-16	-2.93912814e-16	-8.3679131e-16	-2.73743246e-38	2.93912814e-16	0	0	0	0	0	3
45	12	0	0.017578125	-1.02494977e-15	-3.6701651e-16	-1.02494977e-15	-2.73743246e-38	3.6701651e-16	0	0	0	0	0	3
50	13	0	0.01953125	-1.30733085e-15	-4.52499632e-16	-1.30733085e-15	-2.73743246e-38	4.52499632e-16	0	0	0	0	0	3
55	15	0	0.021484375	-1.62399919e-15	-5.50124595e-16	-1.62399919e-15	-2.73743246e-38	5.50124595e-16	0	0	0	0	0	3
60	17	0	0.0234375	-1.99507922e-15	-6.61274951e-16	-1.99507922e-15	-2.73743246e-38	6.61274951e-16	0	0	0	0	0	3
65	20	0	0.025390625	-2.40689031e-15	-7.85961762e-16	-2.40689031e-15	-2.73743246e-38	7.85961762e-16	0	0	0	0	0	3
70	23	0	0.02734375	-2.87168271e-15	-9.25009826e-16	-2.87168271e-15	-2.73743246e-38	9.25009826e-16	0	0	0	0	0	3
75	25	0	0.029296875	-3.39806032e-15	-1.07957548e-15	-3.39806032e-15	-2.73743246e-38	1.07957548e-15	0	0	0	0	0	3
80	28	0	0.03125	-3.99095713e-15	-1.25083323e-15	-3.99095713e-15	-2.73743246e-38	1.25083323e-15	0	0	0	0	0	3
85	30	0	0.033203125	-4.64596565e-15	-1.43945169e-15	-4.64596565e-15	-2.73743246e-38	1.43945169e-15	0	0	0	0	0	3
90	33	0	0.03515625	-5.35923646e-15	-1.64575615e-15	-5.35923646e-15	-2.73743246e-38	1.64575615e-15	0	0	0	0	0	3
95	35	0	0.037109375	-6.12696134e-15	-1.86981641e-15	-6.12696134e-15	-2.73743246e-38	1.86981641e-15	0	0	0	0	0	3
100	37	0	0.0390625	-6.94523607e-15	-2.11150306e-15	-6.94523607e-15	-2.73743246e-38	2.11150306e-15	0	0	0	0	0	3
105	40	0	0.041015625	-7.8100402e-15	-2.37052748e-15	-7.8100402e-15	-2.73743246e-38	2.37052748e-15	0	0	0	0	0	3
110	43	0	0.04296875	-8.71728267e-15	-2.64647336e-15	-8.71728267e-15	-2.73743246e-38	2.64647336e-15	0	0	0	0	0	3
115	45	0	0.044921875	-9.66278223e-15	-2.93881956e-15	-9.66278223e-15	-2.73743246e-38	2.93881956e-15	0	0	0	0	0	3
120	48	0	0.046875	-1.06423541e-14	-3.24696094e-15	-1.06423541e-14	-2.73743246e-38	3.24696094e-15	0	0	0	0	0	3
125	50	0	0.048828125	-1.16518551e-14	-3.5702261e-15	-1.16518551e-14	-2.73743246e-38	3.5702261e-15	0	0	0	0	0	3
130	52	0	0.05078125	-1.2687279e-14	-3.90789473e-15	-1.2687279e-14	-2.73743246e-38	3.90789473e-15	0	0	0	0	0	3
135	54	0	0.052734375	-1.3744777e-14	-4.25921195e-15	-1.3744777e-14	-2.73743246e-38	4.25921195e-15	0	0	0	0	0	3
140	57	0	0.0546875	-1.48206303e-14	-4.62339879e-15	-1.48206303e-14	-2.73743246e-38	4.62339879e-15	0	0	0	0	0	3
145	59	0	0.056640625	-1.59113172e-14	-4.99966274e-15	-1.59113172e-14	-2.73743246e-38	4.99966274e-15	0	0	0	0	0	3
150	61	0	0.05859375	-1.70135116e-14	-5.38720625e-15	-1.70135116e-14	-2.73743246e-38	5.38720625e-15	0	0	0	0	0	3
155	63	0	0.060546875	-1.81240934e-14	-5.78523397e-15	-1.81240934e-14	-2.73743246e-38	5.78523397e-15	0	0	0	0	0	3
160	65	0	0.0625	-1.92401522e-14	-6.19295877e-15	-1.92401522e-14	-2.73743246e-38	6.19295877e-15	0	0	0	0	0	3
165	67	0	0.064453125	-2.03590057e-14	-6.60960721e-15	-2.03590057e-14	-2.73743246e-38	6.60960721e-15	0	0	0	0	0	3
170	70	0	0.06640625	-2.1478164e-14	-7.03442311e-15	-2.1478164e-14	-2.73743246e-38	7.03442311e-15	0	0	0	0	0	3
175	72	0	0.068359375	-2.25953506e-14	-7.4666711e-15	-2.25953506e-14	-2.73743246e-38	7.4666711e-15	0	0	0	0	0	3
180	74	0	0.0703125	-2.37084736e-14	-7.90563874e-15	-2.37084736e-14	-2.73743246e-38	7.90563874e-15	0	0	0	0	0	3
185	76	0	0.072265625	-2.48156351e-14	-8.35063864e-15	-2.48156351e-14	-2.73743246e-38	8.35063864e-15	0	0	0	0	0	3
190	78	0	0.07421875	-2.59150988e-14	-8.80100941e-15	-2.59150988e-14	-2.73743246e-38	8.80100941e-15	0	0	0	0	0	3
195	81	0	0.076171875	-2.70052916e-14	-9.25611647e-15	-2.70052916e-14	-2.73743246e-38	9.25611647e-15	0	0	0	0	0	3
200	83	0	0.078125	-2.80847942e-14	-9.71535251e-15	-2.80847942e-14	-2.73743246e-38	9.71535251e-15	0	0	0	0	0	3
205	86	0	0.080078125	-2.91523346e-14	-1.01781378e-14	-2.91523346e-14	-2.73743246e-38	1.01781378e-14	0	0	0	0	0	3
210	91	0	0.08203125	-3.02067773e-14	-1.06439201e-14	-3.02067773e-14	-2.73743246e-38	1.06439201e-14	0	0	0	0	0	3
215	93	0	0.083984375	-3.12471134e-14	-1.11121745e-14	-3.12471134e-14	-2.73743246e-38	1.11121745e-14	0	0	0	0	0	3
220	95	0	0.0859375	-3.22724511e-14	-1.15824029e-14	-3.22724511e-14	-2.73743246e-38	1.15824029e-14	0	0	0	0	0	3
225	97	0	0.087890625	-3.32820045e-14	-1.20541333e-14	-3.32820045e-14	-2.73743246e-38	1.20541333e-14	0	0	0	0	0	3
230	99	0	0.08984375	-3.42750872e-14	-1.25269196e-14	-3.42750872e-14	-2.73743246e-38	1.25269196e-14	0	0	0	0	0	3
235	101	0	0.091796875	-3.52511046e-14	-1.30003401e-14	-3.52511046e-14	-2.73743246e-38	1.30003401e-14	0	0	0	0	0	3
240	104	0	0.09375	-3.62095449e-14	-1.34739974e-14	-3.62095449e-14	-2.73743246e-38	1.34739974e-14	0	0	0	0	0	3
245	106	0	0.095703125	-3.71499715e-14	-1.39475168e-14	-3.71499715e-14	-2.73743246e-38	1.39475168e-14	0	0	0	0	0	3
250	108	0	0.09765625	-3.80720179e-14	-1.44205463e-14	-3.80720179e-14	-2.73743246e-38	1.44205463e-14	0	0	0	0	0	3
255	110	0	0.099609375	-3.89753802e-14	-1.48927546e-14	-3.89753802e-14	-2.73743246e-38	1.48927546e-14	0	0	0	0	0	3
260	112	0	0.1015625	-3.98598121e-14	-1.53638312e-14	-3.98598121e-14	-2.73743246e-38	1.53638312e-14	0	0	0	0	0	3
265	114	0	0.103515625	-4.07251201e-14	-1.58334847e-14	-4.07251201e-14	-2.73743246e-38	1.58334847e-14	0	0	0	0	0	3
270	116	0	0.10546875	-4.15711588e-14	-1.63014424e-14	-4.15711588e-14	-2.73743246e-38	1.63014424e-14	0	0	0	0	0	3
275	118	0	0.107421875	-4.23978261e-14	-1.67674492e-14	-4.23978261e-14	-2.73743246e-38	1.67674492e-14	0	0	0	0	0	3
280	120	0	0.109375	-4.32050589e-14	-1.72312669e-14	-4.32050589e-14	-2.73743246e-38	1.72312669e-14	0	0	0	0	0	3
285	122	0	0.111328125	-4.39928294e-14	-1.76926732e-14	-4.39928294e-14	-2.73743246e-38	1.76926732e-14	0	0	0	0	0	3
290	125	0	0.11328125	-4.47611423e-14	-1.81514608e-14	-4.47611423e-14	-2.73743246e-38	1.81514608e-14	0	0	0	0	0	3
295	127	0	0.115234375	-4.55100319e-14	-1.8607437e-14	-4.55100319e-14	-2.73743246e-38	1.8607437e-14	0	0	0	0	0	3
300	129	0	0.1171875	-4.62395583e-14	-1.90604226e-14	-4.62395583e-14	-2.73743246e-38	1.90604226e-14	0	0	0	0	0	3
305	132	0	0.119140625	-4.69498058e-14	-1.95102514e-14	-4.69498058e-14	-2.73743246e-38	1.95102514e-14	0	0	0	0	0	3
310	134	0	0.12109375	-4.76408814e-14	-1.99567693e-14	-4.76408814e-14	-2.73743246e-38	1.99567693e-14	0	0	0	0	0	3
315	136	0	0.123046875	-4.83129099e-14	-2.0399834e-14	-4.83129099e-14	-2.73743246e-38	2.0399834e-14	0	0	0	0	0	3
320	138	0	0.125	-4.89660329e-14	-2.0839314e-14	-4.89660329e-14	-2.73743246e-38	2.0839314e-14	0	0	0	0	0	3
325	140	0	0.126953125	-4.96004067e-14	-2.12750881e-14	-4.96004067e-14	-2.73743246e-38	2.12750881e-14	0	0	0	0	0	3
330	142	0	0.12890625	-5.02162009e-14	-2.1707045e-14	-5.02162009e-14	-2.73743246e-38	2.1707045e-14	0	0	0	0	0	3
335	144	0	0.130859375	-5.08135972e-14	-2.21350825e-14	-5.08135972e-14	-2.73743246e-38	2.21350825e-14	0	0	0	0	0	3
340	146	0	0.1328125	-5.13927891e-14	-2.25591073e-14	-5.13927891e-14	-2.73743246e-38	2.25591073e-14	0	0	0	0	0	3
345	148	0	0.134765625	-5.19539785e-14	-2.2979034e-14	-5.19539785e-14	-2.73743246e-38	2.2979034e-14	0	0	0	0	0	3
350	150	0	0.13671875	-5.24973771e-14	-2.33947853e-14	-5.24973771e-14	-2.73743246e-38	2.33947853e-14	0	0	0	0	0	3
355	152	0	0.138671875	-5.30232035e-14	-2.38062911e-14	-5.30232035e-14	-2.73743246e-38	2.38062911e-14	0	0	0	0	0	3
360	154	0	0.140625	-5.35316807e-14	-2.42134882e-14	-5.35316807e-14	-2.73743246e-38	2.42134882e-14	0	0	0	0	0	3
365	156	0	0.142578125	-5.40230393e-14	-2.461632e-14	-5.40230393e-14	-2.73743246e-38	2.461632e-14	0	0	0	0	0	3
370	158	0	0.14453125	-5.44975146e-14	-2.50147359e-14	-5.44975146e-14	-2.73743246e-38	2.50147359e-14	0	0	0	0	0	3
375	160	0	0.146484375	-5.49553468e-14	-2.54086913e-14	-5.49553468e-14	-2.73743246e-38	2.54086913e-14	0	0	0	0	0	3
380	162	0	0.1484375	-5.53967793e-14	-2.5798147e-14	-5.53967793e-14	-2.73743246e-38	2.5798147e-14	0	0	0	0	0	3
385	164	0	0.150390625	-5.58220587e-14	-2.6183069e-14	-5.58220587e-14	-2.73743246e-38	2.6183069e-14	0	0	0	0	0	3
390	166	0	0.15234375	-5.62314349e-14	-2.6563428e-14	-5.62314349e-14	-2.73743246e-38	2.6563428e-14	0	0	0	0	0	3
395	168	0	0.154296875	-5.66251585e-14	-2.69391997e-14	-5.66251585e-14	-2.73743246e-38	2.69391997e-14	0	0	0	0	0	3
400	170	0	0.15625	-5.70034814e-14	-2.73103636e-14	-5.70034814e-14	-2.73743246e-38	2.73103636e-14	0	0	0	0	0	3
405	173	0	0.158203125	-5.73666575e-14	-2.76769038e-14	-5.73666575e-14	-2.73743246e-38	2.76769038e-14	0	0	0	0	0	3
410	175	0	0.16015625	-5.77149418e-14	-2.80388079e-14	-5.77149418e-14	-2.73743246e-38	2.80388079e-14	0	0	0	0	0	3
415	177	0	0.162109375	-5.804859e-14	-2.83960672e-14	-5.804859e-14	-2.73743246e-38	2.83960672e-14	0	0	0	0	0	3
420	179	0	0.1640625	-5.83678573e-14	-2.87486765e-14	-5.83678573e-14	-2.73743246e-38	2.87486765e-14	0	0	0	0	0	3
425	181	0	0.166015625	-5.86729982e-14	-2.90966337e-14	-5.86729982e-14	-2.73743246e-38	2.90966337e-14	0	0	0	0	0	3
430	183	0	0.16796875	-5.89642675e-14	-2.94399399e-14	-5.89642675e-14	-2.73743246e-38	2.94399399e-14	0	0	0	0	0	3
435	185	0	0.169921875	-5.9241918e-14	-2.97785987e-14	-5.9241918e-14	-2.73743246e-38	2.97785987e-14	0	0	0	0	0	3
440	187	0	0.171875	-5.95062019e-14	-3.01126167e-14	-5.95062019e-14	-2.73743246e-38	3.01126167e-14	0	0	0	0	0	3
445	189	0	0.173828125	-5.97573711e-14	-3.04420029e-14	-5.97573711e-14	-2.73743246e-38	3.04420029e-14	0	0	0	0	0	3
450	191	0	0.17578125	-5.99956774e-14	-3.07667685e-14	-5.99956774e-14	-2.73743246e-38	3.07667685e-14	0	0	0	0	0	3
455	192	0	0.177734375	-6.0221371e-14	-3.10869272e-14	-6.0221371e-14	-2.73743246e-38	3.10869272e-14	0	0	0	0	0	3
460	195	0	0.1796875	-6.04347007e-14	-3.14024947e-14	-6.04347007e-14	-2.73743246e-38	3.14024947e-14	0	0	0	0	0	3
465	196	0	0.181640625	-6.06359132e-14	-3.17134885e-14	-6.06359132e-14	-2.73743246e-38	3.17134885e-14	0	0	0	0	0	3
470	198	0	0.18359375	-6.08252542e-14	-3.20199282e-14	-6.08252542e-14	-2.73743246e-38	3.20199282e-14	0	0	0	0	0	3
475	200	0	0.185546875	-6.10029673e-14	-3.23218348e-14	-6.10029673e-14	-2.73743246e-38	3.23218348e-14	0	0	0	0	0	3
480	202	0	0.1875	-6.11692941e-14	-3.26192313e-14	-6.11692941e-14	-2.73743246e-38	3.26192313e-14	0	0	0	0	0	3
485	204	0	0.189453125	-6.13244749e-14	-3.2912142e-14	-6.13244749e-14	-2.73743246e-38	3.2912142e-14	0	0	0	0	0	3
490	205	0	0.19140625	-6.14687486e-14	-3.32005925e-14	-6.14687486e-14	-2.73743246e-38	3.32005925e-14	0	0	0	0	0	3
495	207	0	0.193359375	-6.16023527e-14	-3.34846101e-14	-6.16023527e-14	-2.73743246e-38	3.34846101e-14	0	0	0	0	0	3
500	209	0	0.1953125	-6.17255227e-14	-3.37642231e-14	-6.17255227e-14	-2.73743246e-38	3.37642231e-14	0	0	0	0	0	3
505	212	0	0.197265625	-6.18384931e-14	-3.40394611e-14	-6.18384931e-14	-2.73743246e-38	3.40394611e-14	0	0	0	0	0	3
510	214	0	0.19921875	-6.19415008e-14	-3.43103547e-14	-6.19415008e-14	-2.73743246e-38	3.43103547e-14	0	0	0	0	0	3
515	216	0	0.201171875	-6.20347849e-14	-3.45769357e-14	-6.20347849e-14	-2.73743246e-38	3.45769357e-14	0	0	0	0	0	3
520	218	0	0.203125	-6.2118591e-14	-3.48392372e-14	-6.2118591e-14	-2.73743246e-38	3.48392372e-14	0	0	0	0	0	3
525	219	0	0.205078125	-6.21931759e-14	-3.50972932e-14	-6.21931759e-14	-2.73743246e-38	3.50972932e-14	0	0	0	0	0	3
530	221	0	0.20703125	-6.22588186e-14	-3.53511392e-14	-6.22588186e-14	-2.73743246e-38	3.53511392e-14	0	0	0	0	0	3
535	223	0	0.208984375	-6.2315837e-14	-3.56008124e-14	-6.2315837e-14	-2.73743246e-38	3.56008124e-14	0	0	0	0	0	3
540	225	0	0.2109375	-6.23646154e-14	-3.58463519e-14	-6.23646154e-14	-2.73743246e-38	3.58463519e-14	0	0	0	0	0	3
545	227	0	0.212890625	-6.24056529e-14	-3.60878e-14	-6.24056529e-14	-2.73743246e-38	3.60878e-14	0	0	0	0	0	3
550	228	0	0.21484375	-6.24396378e-14	-3.6325204e-14	-6.24396378e-14	-2.73743246e-38	3.6325204e-14	0	0	0	0	0	3
555	230	0	0.216796875	-6.24675488e-14	-3.65586178e-14	-6.24675488e-14	-2.73743246e-38	3.65586178e-14	0	0	0	0	0	3
560	232	0	0.21875	-6.24907744e-14	-3.67881059e-14	-6.24907744e-14	-2.73743246e-38	3.67881059e-14	0	0	0	0	0	3
565	233	0	0.220703125	-6.25112806e-14	-3.70137478e-14	-6.25112806e-14	-2.73743246e-38	3.70137478e-14	0	0	0	0	0	3
570	235	0	0.22265625	-6.2531848e-14	-3.72356443e-14	-6.2531848e-14	-2.73743246e-38	3.72356443e-14	0	0	0	0	0	3
575	236	0	0.224609375	-6.25563801e-14	-3.74539265e-14	-6.25563801e-14	-2.73743246e-38	3.74539265e-14	0	0	0	0	0	3
580	238	0	0.2265625	-6.25903149e-14	-3.76687674e-14	-6.25903149e-14	-2.73743246e-38	3.76687674e-14	0	0	0	0	0	3
585	240	0	0.228515625	-6.26411563e-14	-3.78803978e-14	-6.26411563e-14	-2.73743246e-38	3.78803978e-14	0	0	0	0	0	3
590	241	0	0.23046875	-6.27191599e-14	-3.80891269e-14	-6.27191599e-14	-2.73743246e-38	3.80891269e-14	0	0	0	0	0	3
595	243	0	0.232421875	-6.28382016e-14	-3.82953692e-14	-6.28382016e-14	-2.73743246e-38	3.82953692e-14	0	0	0	0	0	3
600	244	0	0.234375	-6.30168479e-14	-3.8499679e-14	-6.30168479e-14	-2.73743246e-38	3.8499679e-14	0	0	0	0	0	3
605	247	0	0.236328125	-6.32797211e-14	-3.87027941e-14	-6.32797211e-14	-2.73743246e-38	3.87027941e-14	0	0	0	0	0	3
610	248	0	0.23828125	-6.36592222e-14	-3.89056919e-14	-6.36592222e-14	-2.73743246e-38	3.89056919e-14	0	0	0	0	0	3
615	250	0	0.240234375	-6.41976446e-14	-3.91096592e-14	-6.41976446e-14	-2.73743246e-38	3.91096592e-14	0	0	0	0	0	3
620	252	0	0.2421875	-6.49498805e-14	-3.9316381e-14	-6.49498805e-14	-2.73743246e-38	3.9316381e-14	0	0	0	0	0	3
625	253	0	0.244140625	-6.59867566e-14	-3.95280506e-14	-6.59867566e-14	-2.73743246e-38	3.95280506e-14	0	0	0	0	0	3
630	254	0	0.24609375	-6.73992046e-14	-3.97475085e-14	-6.73992046e-14	-2.73743246e-38	3.97475085e-14	0	0	0	0	0	3
635	256	0	0.248046875	-6.9303573e-14	-3.99784153e-14	-6.9303573e-14	-2.73743246e-38	3.99784153e-14	0	0	0	0	0	3
640	258	0	0.25	-7.18484233e-14	-4.02254696e-14	-7.18484233e-14	-2.73743246e-38	4.02254696e-14	0	0	0	0	0	3
645	259	0	0.251953125	-7.52232663e-14	-4.04946834e-14	-7.52232663e-14	-2.73743246e-38	4.04946834e-14	0	0	0	0	0	3
650	260	0	0.25390625	-7.9670581e-14	-4.07937361e-14	-7.9670581e-14	-2.73743246e-38	4.07937361e-14	0	0	0	0	0	3
655	262	0	0.255859375	-8.55012614e-14	-4.11324295e-14	-8.55012614e-14	-2.73743246e-38	4.11324295e-14	0	0	0	0	0	3
660	263	0	0.2578125	-9.31130812e-14	-4.15232614e-14	-9.31130812e-14	-2.73743246e-38	4.15232614e-14	0	0	0	0	0	3
665	264	0	0.259765625	-1.58497086e-13	-4.23962004e-14	-1.58497086e-13	-2.73743246e-38	4.23962004e-14	0	0	0	0	0	3
670	266	0	0.26171875	-2.38422371e-13	-4.38482461e-14	-2.38422371e-13	-2.73743246e-38	4.38482461e-14	0	0	0	0	0	3
675	267	0	0.263671875	-3.6696793e-13	-4.62241262e-14	-3.6696793e-13	-2.73743246e-38	4.62241262e-14	0	0	0	0	0	3
680	269	0	0.265625	-1.10006007e-12	-5.39163593e-14	-1.10006007e-12	-2.73743246e-38	5.39163593e-14	0	0	0	0	0	3
685	270	0	0.267578125	-1.87657726e-12	-6.7124047e-14	-1.87657726e-12	-2.73743246e-38	6.7124047e-14	0	0	0	0	0	3
690	271	0	0.26953125	-2.78437136e-12	-8.66725889e-14	-2.78437136e-12	-2.73743246e-38	8.66725889e-14	0	0	0	0	0	3
695	272	0	0.271484375	-4.24896885e-12	-1.16403276e-13	-4.24896885e-12	-2.73743246e-38	1.16403276e-13	0	0	0	0	0	3
700	274	0	0.2734375	-6.65810675e-12	-1.62798337e-13	-6.65810675e-12	-2.73743246e-38	1.62798337e-13	0	0	0	0	0	3
705	276	0	0.275390625	-9.97311209e-12	-2.31885053e-13	-9.97311209e-12	-2.73743246e-38	2.31885053e-13	0	0	0	0	0	3
710	277	0	0.27734375	-1.39812946e-11	-3.2803477e-13	-1.39812946e-11	-2.73743246e-38	3.2803477e-13	0	0	0	0	0	3
715	278	0	0.279296875	-1.88825593e-11	-4.56885635e-13	-1.88825593e-11	-2.73743246e-38	4.56885635e-13	0	0	0	0	0	3
720	279	0	0.28125	-2.48268e-11	-6.2495401e-13	-2.48268e-11	-2.73743246e-38	6.2495401e-13	0	0	0	0	0	3
725	281	0	0.283203125	-3.23254466e-11	-8.42080672e-13	-3.23254466e-11	-2.73743246e-38	8.42080672e-13	0	0	0	0	0	3
730	282	0	0.28515625	-4.16448285e-11	-1.11965039e-12	-4.16448285e-11	-2.73743246e-38	1.11965039e-12	0	0	0	0	0	3
735	283	0	0.287109375	-5.33717229e-11	-1.47270493e-12	-5.33717229e-11	-2.73743246e-38	1.47270493e-12	0	0	0	0	0	3
740	284	0	0.2890625	-6.80604795e-11	-1.91960274e-12	-6.80604795e-11	-2.73743246e-38	1.91960274e-12	0	0	0	0	0	3
745	285	0	0.291015625	-8.67086455e-11	-2.48486303e-12	-8.67086455e-11	-2.73743246e-38	2.48486303e-12	0	0	0	0	0	3
750	286	0	0.29296875	-1.10170377e-10	-3.19801213e-12	-1.10170377e-10	-2.73743246e-38	3.19801213e-12	0	0	0	0	0	3
755	288	0	0.294921875	-1.39633349e-10	-4.09561303e-12	-1.39633349e-10	-2.73743246e-38	4.09561303e-12	0	0	0	0	0	3
760	289	0	0.296875	-1.76894511e-10	-5.22501759e-12	-1.76894511e-10	-2.73743246e-38	5.22501759e-12	0	0	0	0	0	3
765	290	0	0.298828125	-2.23260377e-10	-6.64083161e-12	-2.23260377e-10	-2.73743246e-38	6.64083161e-12	0	0	0	0	0	3
770	291	0	0.30078125	-2.81517101e-10	-8.4142269e-12	-2.81517101e-10	-2.73743246e-38	8.4142269e-12	0	0	0	0	0	3
775	292	0	0.302734375	-3.53608418e-10	-1.06270102e-11	-3.53608418e-10	-2.73743246e-38	1.06270102e-11	0	0	0	0	0	3
780	293	0	0.3046875	-4.43353271e-10	-1.33832284e-11	-4.43353271e-10	-2.73743246e-38	1.33832284e-11	0	0	0	0	0	3
785	294	0	0.306640625	-5.54031092e-10	-1.68050503e-11	-5.54031092e-10	-2.73743246e-38	1.68050503e-11	0	0	0	0	0	3
790	295	0	0.30859375	-6.90153861e-10	-2.10399485e-11	-6.90153861e-10	-2.73743246e-38	2.10399485e-11	0	0	0	0	0	3
795	296	0	0.310546875	-8.57827104e-10	-2.62698682e-11	-8.57827104e-10	-2.73743246e-38	2.62698682e-11	0	0	0	0	0	3
800	297	0	0.3125	-1.06236386e-09	-3.27052346e-11	-1.06236386e-09	-2.73743246e-38	3.27052346e-11	0	0	0	0	0	3
805	299	0	0.314453125	-1.31185955e-09	-4.06012489e-11	-1.31185955e-09	-2.73743246e-38	4.06012489e-11	0	0	0	0	0	3
810	300	0	0.31640625	-1.61548363e-09	-5.0263104e-11	-1.61548363e-09	-2.73743246e-38	5.0263104e-11	0	0	0	0	0	3
815	301	0	0.318359375	-1.98219308e-09	-6.20431648e-11	-1.98219308e-09	-2.73743246e-38	6.20431648e-11	0	0	0	0	0	3
820	302	0	0.3203125	-2.42498762e-09	-7.63640403e-11	-2.42498762e-09	-2.73743246e-38	7.63640403e-11	0	0	0	0	0	3
825	303	0	0.322265625	-2.95604269e-09	-9.37115021e-11	-2.95604269e-09	-2.73743246e-38	9.37115021e-11	0	0	0	0	0	3
830	304	0	0.32421875	-3.59144619e-09	-1.14656021e-10	-3.59144619e-09	-2.73743246e-38	1.14656021e-10	0	0	0	0	0	3
835	305	0	0.326171875	-4.34961379e-09	-1.39864103e-10	-4.34961379e-09	-2.73743246e-38	1.39864103e-10	0	0	0	0	0	3
840	306	0	0.328125	-5.26190413e-09	-1.70172032e-10	-5.26190413e-09	-2.73743246e-38	1.70172032e-10	0	0	0	0	0	3
845	307	0	0.330078125	-6.3305516e-09	-2.06409559e-10	-6.3305516e-09	-2.73743246e-38	2.06409559e-10	0	0	0	0	0	3
850	307	0	0.33203125	-7.58539119e-09	-2.49561499e-10	-7.58539119e-09	-2.73743246e-38	2.49561499e-10	0	0	0	0	0	3
855	308	0	0.333984375	-9.07408912e-09	-3.00866892e-10	-9.07408912e-09	-2.73743246e-38	3.00866892e-10	0	0	0	0	0	3
860	309	0	0.3359375	-1.08170657e-08	-3.61654168e-10	-1.08170657e-08	-2.73743246e-38	3.61654168e-10	0	0	0	0	0	3
865	310	0	0.337890625	-1.28570284e-08	-4.33466664e-10	-1.28570284e-08	-2.73743246e-38	4.33466664e-10	0	0	0	0	0	3
870	311	0	0.33984375	-1.52386402e-08	-5.18067655e-10	-1.52386402e-08	-2.73743246e-38	5.18067655e-10	0	0	0	0	0	3
875	312	0	0.341796875	-1.80241784e-08	-6.17534194e-10	-1.80241784e-08	-2.73743246e-38	6.17534194e-10	0	0	0	0	0	3
880	313	0	0.34375	-2.12660082e-08	-7.34192239e-10	-2.12660082e-08	-2.73743246e-38	7.34192239e-10	0	0	0	0	0	3
885	314	0	0.345703125	-2.50477701e-08	-8.70785373e-10	-2.50477701e-08	-2.73743246e-38	8.70785373e-10	0	0	0	0	0	3
890	315	0	0.34765625	-2.94406925e-08	-1.03039379e-09	-2.94406925e-08	-2.73743246e-38	1.03039379e-09	0	0	0	0	0	3
895	315	0	0.349609375	-3.45466831e-08	-1.2165954e-09	-3.45466831e-08	-2.73743246e-38	1.2165954e-09	0	0	0	0	0	3
900	316	0	0.3515625	-4.04782536e-08	-1.43351064e-09	-4.04782536e-08	-2.73743246e-38	1.43351064e-09	0	0	0	0	0	3
905	318	0	0.353515625	-4.73714977e-08	-1.68591716e-09	-4.73714977e-08	-2.73743246e-38	1.68591716e-09	0	0	0	0	0	3
910	319	0	0.35546875	-5.53833036e-08	-1.9793455e-09	-5.53833036e-08	-2.73743246e-38	1.9793455e-09	0	0	0	0	0	3
915	320	0	0.357421875	-6.46927818e-08	-2.32017939e-09	-6.46927818e-08	-2.73743246e-38	2.32017939e-09	0	0	0	0	0	3
920	321	0	0.359375	-7.55223401e-08	-2.71586675e-09	-7.55223401e-08	-2.73743246e-38	2.71586675e-09	0	0	0	0	0	3
925	321	0	0.361328125	-8.81046433e-08	-3.17494619e-09	-8.81046433e-08	-2.73743246e-38	3.17494619e-09	0	0	0	0	0	3
930	322	0	0.36328125	-1.02745426e-07	-3.70740865e-09	-1.02745426e-07	-2.73743246e-38	3.70740865e-09	0	0	0	0	0	3
935	323	0	0.365234375	-1.25826917e-07	-4.35698051e-09	-1.25826917e-07	-2.73743246e-38	4.35698051e-09	0	0	0	0	0	3
940	324	0	0.3671875	-1.52935757e-07	-5.1431116e-09	-1.52935757e-07	-2.73743246e-38	5.1431116e-09	0	0	0	0	0	3
945	325	0	0.369140625	-1.83511443e-07	-6.08189229e-09	-1.83511443e-07	-2.73743246e-38	6.08189229e-09	0	0	0	0	0	3
950	325	0	0.37109375	-2.66948904e-07	-7.44768816e-09	-2.66948904e-07	-2.73743246e-38	7.44768816e-09	0	0	0	0	0	3
955	326	0	0.373046875	-3.71537648e-07	-9.34399003e-09	-3.71537648e-07	-2.73743246e-38	9.34399003e-09	0	0	0	0	0	3
960	327	0	0.375	-4.77142671e-07	-1.17678174e-08	-4.77142671e-07	-2.73743246e-38	1.17678174e-08	0	0	0	0	0	3
965	328	0	0.376953125	-6.0686176e-07	-1.48353119e-08	-6.0686176e-07	-2.73743246e-38	1.48353119e-08	0	0	0	0	0	3
970	329	0	0.37890625	-7.77880109e-07	-1.87483622e-08	-7.77880109e-07	-2.73743246e-38	1.87483622e-08	0	0	0	0	0	3
975	329	0	0.380859375	-9.92030116e-07	-2.37140854e-08	-9.92030116e-07	-2.73743246e-38	2.37140854e-08	0	0	0	0	0	3
980	330	0	0.3828125	-1.273294e-06	-3.00571307e-08	-1.273294e-06	-2.73743246e-38	3.00571307e-08	0	0	0	0	0	3
985	331	0	0.384765625	-1.61080948e-06	-3.80407284e-08	-1.61080948e-06	-2.73743246e-38	3.80407284e-08	0	0	0	0	0	3
990	332	0	0.38671875	-2.00794902e-06	-4.79397651e-08	-2.00794902e-06	-2.73743246e-38	4.79397651e-08	0	0	0	0	0	3
995	333	0	0.388671875	-2.4871331e-06	-6.01357317e-08	-2.4871331e-06	-2.73743246e-38	6.01357317e-08	0	0	0	0	0	3
1000	333	0	0.390625	-3.03038122e-06	-7.49130724e-08	-3.03038122e-06	-2.73743246e-38	7.49130724e-08	0	0	0	0	0	3
1005	335	0	0.392578125	-3.68968042e-06	-9.28079603e-08	-3.68968042e-06	-2.73743246e-38	9.28079603e-08	0	0	0	0	0	3
1010	336	0	0.39453125	-4.44759857e-06	-1.14260131e-07	-4.44759857e-06	-2.73743246e-38	1.14260131e-07	0	0	0	0	0	3
1015	337	0	0.396484375	-5.34436193e-06	-1.39897885e-07	-5.34436193e-06	-2.73743246e-38	1.39897885e-07	0	0	0	0	0	3
1020	338	0	0.3984375	-6.40441059e-06	-1.70456483e-07	-6.40441059e-06	-2.73743246e-38	1.70456483e-07	0	0	0	0	0	3
1025	339	0	0.400390625	-7.65015902e-06	-2.06765719e-07	-7.65015902e-06	-2.73743246e-38	2.06765719e-07	0	0	0	0	0	3
1030	339	0	0.40234375	-9.14431828e-06	-2.49942301e-07	-9.14431828e-06	-2.73743246e-38	2.49942301e-07	0	0	0	0	0	3
1035	340	0	0.404296875	-1.0910364e-05	-3.01194329e-07	-1.0910364e-05	-2.73743246e-38	3.01194329e-07	0	0	0	0	0	3
1040	341	0	0.40625	-1.30464659e-05	-3.62176489e-07	-1.30464659e-05	-2.73743246e-38	3.62176489e-07	0	0	0	0	0	3
1045	342	0	0.408203125	-1.56101437e-05	-4.34785857e-07	-1.56101437e-05	-2.73743246e-38	4.34785857e-07	0	0	0	0	0	3
1050	343	0	0.41015625	-1.87035239e-05	-5.21367554e-07	-1.87035239e-05	-2.73743246e-38	5.21367554e-07	0	0	0	0	0	3
1055	343	0	0.412109375	-2.24592912e-05	-6.24848326e-07	-2.24592912e-05	-2.73743246e-38	6.24848326e-07	0	0	0	0	0	3
1060	344	0	0.4140625	-2.70298337e-05	-7.48815393e-07	-2.70298337e-05	-2.73743246e-38	7.48815393e-07	0	0	0	0	0	3
1065	345	0	0.416015625	-3.26435205e-05	-8.97856071e-07	-3.26435205e-05	-2.73743246e-38	8.97856071e-07	0	0	0	0	0	3
1070	346	0	0.41796875	-3.95158062e-05	-1.07747444e-06	-3.95158062e-05	-2.73743246e-38	1.07747444e-06	0	0	0	0	0	3
1075	347	0	0.419921875	-4.80093457e-05	-1.29475163e-06	-4.80093457e-05	-2.73743246e-38	1.29475163e-06	0	0	0	0	0	3
1080	347	0	0.421875	-5.85687065e-05	-1.5586869e-06	-5.85687065e-05	-2.73743246e-38	1.5586869e-06	0	0	0	0	0	3
1085	348	0	0.423828125	-7.17135653e-05	-1.88049827e-06	-7.17135653e-05	-2.73743246e-38	1.88049827e-06	0	0	0	0	0	3
1090	349	0	0.42578125	-8.82512529e-05	-2.27488528e-06	-8.82512529e-05	-2.73743246e-38	2.27488528e-06	0	0	0	0	0	3
1095	350	0	0.427734375	-0.000109128152	-2.76058195e-06	-0.000109128152	-2.73743246e-38	2.76058195e-06	0	0	0	0	0	3
1100	351	0	0.4296875	-0.000135530988	-3.36135301e-06	-0.000135530988	-2.73743246e-38	3.36135301e-06	0	0	0	0	0	3
1105	352	0	0.431640625	-0.000169414309	-4.1093393e-06	-0.000169414309	-2.73743246e-38	4.1093393e-06	0	0	0	0	0	3
1110	353	0	0.43359375	-0.000212956337	-5.04587292e-06	-0.000212956337	-2.73743246e-38	5.04587292e-06	0	0	0	0	0	3
1115	354	0	0.435546875	-0.000268089881	-6.22017653e-06	-0.000268089881	-2.73743246e-38	6.22017653e-06	0	0	0	0	0	3
1120	355	0	0.4375	-0.000339953801	-7.70343709e-06	-0.000339953801	-2.73743246e-38	7.70343709e-06	0	0	0	0	0	3
1125	356	0	0.439453125	-0.000436056496	-9.5988046e-06	-0.000436056496	-2.73743246e-38	9.5988046e-06	0	0	0	0	0	3
1130	356	0	0.44140625	-0.000558072344	-1.20149876e-05	-0.000558072344	-2.73743246e-38	1.20149876e-05	0	0	0	0	0	3
1135	357	0	0.443359375	-0.000798201442	-1.54631738e-05	-0.000798201442	-2.73743246e-38	1.54631738e-05	0	0	0	0	0	3
1140	358	0	0.4453125	-0.00308415206	-2.88635619e-05	-0.00308415206	-2.73743246e-38	2.88635619e-05	0	0	0	0	0	3
1145	359	0	0.447265625	-0.0115918259	-7.91373113e-05	-0.0115918259	-2.73743246e-38	7.91373113e-05	0	0	0	0	0	3
1150	360	0	0.44921875	-0.0378580736	-0.00024268249	-0.0378580736	-2.73743246e-38	0.00024268249	0	0	0	0	0	3
1155	361	0	0.451171875	-0.0808129815	-0.000589968262	-0.0808129815	-2.73743246e-38	0.000589968262	0	0	0	0	0	3
1160	361	0	0.453125	-0.129290882	-0.0011423327	-0.129290882	-2.73743246e-38	0.0011423327	0	0	0	0	0	3
1165	362	0	0.455078125	-0.178049737	-0.00189834725	-0.178049737	-2.73743246e-38	0.00189834725	0	0	0	0	0	3
1170	363	0	0.45703125	-0.221283182	-0.00283189973	-0.221283182	-2.73743246e-38	0.00283189973	0	0	0	0	0	3
1175	364	0	0.458984375	-0.270890614	-0.00396774174	-0.270890614	-2.73743246e-38	0.00396774174	0	0	0	0	0	3
1180	365	0	0.4609375	-0.366428241	-0.00549711094	-0.366428241	-2.73743246e-38	0.00549711094	0	0	0	0	0	3
1185	366	0	0.462890625	-0.55702313	-0.00781444716	-0.55702313	-2.73743246e-38	0.00781444716	0	0	0	0	0	3
1190	366	0	0.46484375	-0.850645626	-0.0113409374	-0.850645626	-2.73743246e-38	0.0113409374	0	0	0	0	0	3
1195	367	0	0.466796875	-1.16638336	-0.0161536142	-1.16638336	-2.73743246e-38	0.0161536142	0	0	0	0	0	3
1200	368	0	0.46875	-1.46984754	-0.0221855392	-1.46984754	-2.73743246e-38	0.0221855392	0	0	0	0	0	3
1205	370	0	0.470703125	-1.77633871	-0.029434106	-1.77633871	-2.73743246e-38	0.029434106	0	0	0	0	0	3
1210	371	0	0.47265625	-2.06601162	-0.0378150834	-2.06601162	-2.73743246e-38	0.0378150834	0	0	0	0	0	3
1215	372	0	0.474609375	-2.32699598	-0.0471969723	-2.32699598	-2.73743246e-38	0.0471969723	0	0	0	0	0	3
1220	373	0	0.4765625	-2.56945043	-0.0574918844	-2.56945043	-2.73743246e-38	0.0574918844	0	0	0	0	0	3
1225	374	0	0.478515625	-2.82486841	-0.0687413825	-2.82486841	-2.73743246e-38	0.0687413825	0	0	0	0	0	3
1230	374	0	0.48046875	-3.13288557	-0.0811468246	-3.13288557	-2.73743246e-38	0.0811468246	0	0	0	0	0	3
1235	375	0	0.482421875	-3.52896322	-0.09504931	-3.52896322	-2.73743246e-38	0.09504931	0	0	0	0	0	3
1240	376	0	0.484375	-4.02478091	-0.110831365	-4.02478091	-2.73743246e-38	0.110831365	0	0	0	0	0	3
1245	377	0	0.486328125	-4.60635583	-0.128813462	-4.60635583	-2.73743246e-38	0.128813462	0	0	0	0	0	3
1250	378	0	0.48828125	-5.2284589	-0.149130775	-5.2284589	-2.73743246e-38	0.149130775	0	0	0	0	0	3
1255	379	0	0.490234375	-5.83761245	-0.171704115	-5.83761245	-2.73743246e-38	0.171704115	0	0	0	0	0	3
1260	380	0	0.4921875	-6.41300147	-0.196373274	-6.41300147	-2.73743246e-38	0.196373274	0	0	0	0	0	3
1265	380	0	0.494140625	-6.97746014	-0.223070467	-6.97746014	-2.73743246e-38	0.223070467	0	0	0	0	0	3
1270	381	0	0.49609375	-7.55522694	-0.251824022	-7.55522694	-2.73743246e-38	0.251824022	0	0	0	0	0	3
1275	382	0	0.498046875	-8.10153502	-0.282486955	-8.10153502	-2.73743246e-38	0.282486955	0	0	0	0	0	3
1280	383	0	0.5	-8.628403	-0.314961337	-8.628403	-2.73743246e-38	0.314961337	0	0	0	0	0	3
1285	384	0	0.501953125	-9.12703076	-0.351844118	-9.12703076	-6.78461853e-17	0.351844118	0	0	0	0	0	3
1290	385	0	0.50390625	-9.63099343	-0.389465186	-9.63099343	-1.28442089e-16	0.389465186	0	0	0	0	0	3
1295	385	0	0.505859375	-10.1357885	-0.42905811	-10.1357885	-2.1461386e-16	0.42905811	0	0	0	0	0	3
1300	386	0	0.5078125	-10.6596811	-0.47069749	-10.6596811	-2.99650091e-16	0.47069749	0	0	0	0	0	3
1305	388	0	0.509765625	-11.1788579	-0.514364904	-11.1788579	-4.68976944e-16	0.514364904	0	0	0	0	0	3
1310	389	0	0.51171875	-11.7107142	-0.560109881	-11.7107142	-5.84705275e-16	0.560109881	0	0	0	0	0	3
1315	390	0	0.513671875	-12.2977963	-0.608148148	-12.2977963	-8.3679131e-16	0.608148148	0	0	0	0	0	3
1320	391	0	0.515625	-12.8951087	-0.658519666	-12.8951087	-1.02494977e-15	0.658519666	0	0	0	0	0	3
1325	392	0	0.517578125	-13.4291383	-0.710977238	-13.4291383	-1.30733085e-15	0.710977238	0	0	0	0	0	3
1330	392	0	0.51953125	-13.8993882	-0.765271723	-13.8993882	-1.62399919e-15	0.765271723	0	0	0	0	0	3
1335	393	0	0.521484375	-14.4038914	-0.821536924	-14.4038914	-1.99507922e-15	0.821536924	0	0	0	0	0	3
1340	394	0	0.5234375	-14.9536864	-0.879949761	-14.9536864	-2.40689031e-15	0.879949761	0	0	0	0	0	3
1345	395	0	0.525390625	-15.5048495	-0.940515579	-15.5048495	-2.87168271e-15	0.940515579	0	0	0	0	0	3
1350	396	0	0.52734375	-16.0148874	-1.00307373	-16.0148874	-3.39806032e-15	1.00307373	0	0	0	0	0	3
1355	397	0	0.529296875	-16.5334136	-1.06765738	-16.5334136	-3.99095713e-15	1.06765738	0	0	0	0	0	3
1360	397	0	0.53125	-17.1058077	-1.13447694	-17.1058077	-4.64596565e-15	1.13447694	0	0	0	0	0	3
1365	398	0	0.533203125	-17.7280654	-1.2037272	-17.7280654	-5.35923646e-15	1.2037272	0	0	0	0	0	3
1370	399	0	0.53515625	-18.3299873	-1.27532871	-18.3299873	-6.12696134e-15	1.27532871	0	0	0	0	0	3
1375	400	0	0.537109375	-18.8909222	-1.34912137	-18.8909222	-6.94523607e-15	1.34912137	0	0	0	0	0	3
1380	401	0	0.5390625	-19.4592395	-1.42513403	-19.4592395	-7.8100402e-15	1.42513403	0	0	0	0	0	3
1385	402	0	0.541015625	-20.0057106	-1.50328134	-20.0057106	-8.71728267e-15	1.50328134	0	0	0	0	0	3
1390	402	0	0.54296875	-20.5083835	-1.58339221	-20.5083835	-9.66278223e-15	1.58339221	0	0	0	0	0	3
1395	403	0	0.544921875	-21.0037183	-1.66543798	-21.0037183	-1.06423541e-14	1.66543798	0	0	0	0	0	3
1400	404	0	0.546875	-21.5216627	-1.74950698	-21.5216627	-1.16518551e-14	1.74950698	0	0	0	0	0	3
1405	406	0	0.548828125	-22.0428216	-1.83561175	-22.0428216	-1.2687279e-14	1.83561175	0	0	0	0	0	3
1410	407	0	0.55078125	-22.5324641	-1.92362919	-22.5324641	-1.3744777e-14	1.92362919	0	0	0	0	0	3
1415	408	0	0.552734375	-23.0242755	-2.01356776	-23.0242755	-1.48206303e-14	2.01356776	0	0	0	0	0	3
1420	409	0	0.5546875	-23.534598	-2.10549979	-23.534598	-1.59113172e-14	2.10549979	0	0	0	0	0	3
1425	410	0	0.556640625	-24.0071237	-2.19927761	-24.0071237	-1.70135116e-14	2.19927761	0	0	0	0	0	3
1430	410	0	0.55859375	-24.4102454	-2.29463014	-24.4102454	-1.81240934e-14	2.29463014	0	0	0	0	0	3
1435	411	0	0.560546875	-24.8238516	-2.39159831	-24.8238516	-1.92401522e-14	2.39159831	0	0	0	0	0	3
1440	412	0	0.5625	-25.306741	-2.49045276	-25.306741	-2.03590057e-14	2.49045276	0	0	0	0	0	3
1445	413	0	0.564453125	-25.7752564	-2.59113736	-25.7752564	-2.1478164e-14	2.59113736	0	0	0	0	0	3
1450	414	0	0.56640625	-26.1675641	-2.69335441	-26.1675641	-2.25953506e-14	2.69335441	0	0	0	0	0	3
1455	415	0	0.568359375	-26.5114166	-2.79691463	-26.5114166	-2.37084736e-14	2.79691463	0	0	0	0	0	3
1460	416	0	0.5703125	-26.9277626	-2.9021012	-26.9277626	-2.48156351e-14	2.9021012	0	0	0	0	0	3
1465	416	0	0.572265625	-27.3840038	-3.00906996	-27.3840038	-2.59150988e-14	3.00906996	0	0	0	0	0	3
1470	417	0	0.57421875	-27.7488831	-3.11746404	-27.7488831	-2.70052916e-14	3.11746404	0	0	0	0	0	3
1475	418	0	0.576171875	-28.0152419	-3.22689858	-28.0152419	-2.80847942e-14	3.22689858	0	0	0	0	0	3
1480	419	0	0.578125	-28.2311183	-3.33717638	-28.2311183	-2.91523346e-14	3.33717638	0	0	0	0	0	3
1485	420	0	0.580078125	-28.44695	-3.44829728	-28.44695	-3.02067773e-14	3.44829728	0	0	0	0	0	3
1490	421	0	0.58203125	-28.6240213	-3.56010986	-28.6240213	-3.12471134e-14	3.56010986	0	0	0	0	0	3
1495	422	0	0.583984375	-28.7534639	-3.67242808	-28.7534639	-3.22724511e-14	3.67242808	0	0	0	0	0	3
1500	422	0	0.5859375	-28.9173761	-3.78538658	-28.9173761	-3.32820045e-14	3.78538658	0	0	0	0	0	3
1505	425	0	0.587890625	-29.1608628	-3.8992962	-29.1608628	-3.42750872e-14	3.8992962	0	0	0	0	0	3
1510	425	0	0.58984375	-29.3791004	-4.01405831	-29.3791004	-3.52511046e-14	4.01405831	0	0	0	0	0	3
1515	426	0	0.591796875	-29.5036183	-4.12930682	-29.5036183	-3.62095449e-14	4.12930682	0	0	0	0	0	3
1520	427	0	0.59375	-29.5409155	-4.24470103	-29.5409155	-3.71499715e-14	4.24470103	0	0	0	0	0	3
1525	428	0	0.595703125	-29.5335981	-4.36006664	-29.5409155	-3.80720179e-14	4.36006664	0	0	0	0	0	3
1530	429	0	0.59765625	-29.5354594	-4.47543953	-29.5409155	-3.89753802e-14	4.47543953	0	0	0	0	0	3
1535	430	0	0.599609375	-29.5693454	-4.59094479	-29.5693454	-3.98598121e-14	4.59094479	0	0	0	0	0	3
1540	431	0	0.6015625	-29.6378336	-4.70671757	-29.6378336	-4.07251201e-14	4.70671757	0	0	0	0	0	3
1545	431	0	0.603515625	-29.718215	-4.82280435	-29.718215	-4.15711588e-14	4.82280435	0	0	0	0	0	3
1550	432	0	0.60546875	-29.7954321	-4.93919276	-29.7954321	-4.23978261e-14	4.93919276	0	0	0	0	0	3
1555	433	0	0.607421875	-29.8551679	-5.05581451	-29.8551679	-4.32050589e-14	5.05581451	0	0	0	0	0	3
1560	434	0	0.609375	-29.8981724	-5.17260424	-29.8981724	-4.39928294e-14	5.17260424	0	0	0	0	0	3
1565	435	0	0.611328125	-29.9371231	-5.28954613	-29.9371231	-4.47611423e-14	5.28954613	0	0	0	0	0	3
1570	436	0	0.61328125	-29.9710101	-5.40662039	-29.9710101	-4.55100319e-14	5.40662039	0	0	0	0	0	3
1575	437	0	0.615234375	-29.9851989	-5.52375007	-29.9851989	-4.62395583e-14	5.52375007	0	0	0	0	0	3
1580	437	0	0.6171875	-29.9474231	-5.64073219	-29.9851989	-4.69498058e-14	5.64073219	0	0	0	0	0	3
1585	438	0	0.619140625	-29.8353658	-5.75727659	-29.9851989	-4.76408814e-14	5.75727659	0	0	0	0	0	3
1590	439	0	0.62109375	-29.6675591	-5.87316549	-29.9851989	-4.83129099e-14	5.87316549	0	0	0	0	0	3
1595	440	0	0.623046875	-29.5110107	-5.98844288	-29.9851989	-4.89660329e-14	5.98844288	0	0	0	0	0	3
1600	441	0	0.625	-29.4790428	-6.10359539	-29.9851989	-4.96004067e-14	6.10359539	0	0	0	0	0	3
1605	443	0	0.626953125	-29.5399977	-6.21898601	-29.9851989	-5.02162009e-14	6.21898601	0	0	0	0	0	3
1610	444	0	0.62890625	-29.5573685	-6.33444448	-29.9851989	-5.08135972e-14	6.33444448	0	0	0	0	0	3
1615	445	0	0.630859375	-29.5243237	-6.44977387	-29.9851989	-5.13927891e-14	6.44977387	0	0	0	0	0	3
1620	446	0	0.6328125	-29.5536064	-6.56521764	-29.9851989	-5.19539785e-14	6.56521764	0	0	0	0	0	3
1625	446	0	0.634765625	-29.7127033	-6.68128289	-29.9851989	-5.24973771e-14	6.68128289	0	0	0	0	0	3
1630	447	0	0.63671875	-29.8383967	-6.79783913	-29.9851989	-5.30232035e-14	6.79783913	0	0	0	0	0	3
1635	448	0	0.638671875	-29.8627585	-6.91449053	-29.9851989	-5.35316807e-14	6.91449053	0	0	0	0	0	3
1640	449	0	0.640625	-29.850169	-7.03109275	-29.9851989	-5.40230393e-14	7.03109275	0	0	0	0	0	3
1645	450	0	0.642578125	-29.9107125	-7.14793147	-29.9851989	-5.44975146e-14	7.14793147	0	0	0	0	0	3
1650	451	0	0.64453125	-30.0232932	-7.26520996	-30.0232932	-5.49553468e-14	7.26520996	0	0	0	0	0	3
1655	452	0	0.646484375	-30.0695613	-7.38266918	-30.0695613	-5.53967793e-14	7.38266918	0	0	0	0	0	3
1660	453	0	0.6484375	-30.034653	-7.49999204	-30.0695613	-5.58220587e-14	7.49999204	0	0	0	0	0	3
1665	453	0	0.650390625	-29.9928612	-7.61715166	-30.0695613	-5.62314349e-14	7.61715166	0	0	0	0	0	3
1670	454	0	0.65234375	-30.0534041	-7.73454777	-30.0695613	-5.66251585e-14	7.73454777	0	0	0	0	0	3
1675	455	0	0.654296875	-30.1573818	-7.85235004	-30.1573818	-5.70034814e-14	7.85235004	0	0	0	0	0	3
1680	456	0	0.65625	-30.1921252	-7.97028803	-30.1921252	-5.73666575e-14	7.97028803	0	0	0	0	0	3
1685	457	0	0.658203125	-30.1701645	-8.08814024	-30.1921252	-5.77149418e-14	8.08814024	0	0	0	0	0	3
1690	458	0	0.66015625	-30.1454375	-8.20589585	-30.1921252	-5.804859e-14	8.20589585	0	0	0	0	0	3
1695	458	0	0.662109375	-30.152949	-8.32368081	-30.1921252	-5.83678573e-14	8.32368081	0	0	0	0	0	3
1700	459	0	0.6640625	-30.1298246	-8.44137544	-30.1921252	-5.86729982e-14	8.44137544	0	0	0	0	0	3
1705	461	0	0.666015625	-30.0438252	-8.55873413	-30.1921252	-5.89642675e-14	8.55873413	0	0	0	0	0	3
1710	462	0	0.66796875	-29.9738178	-8.67581935	-30.1921252	-5.9241918e-14	8.67581935	0	0	0	0	0	3
1715	463	0	0.669921875	-30.0499053	-8.7932018	-30.1921252	-5.95062019e-14	8.7932018	0	0	0	0	0	3
1720	464	0	0.671875	-30.18588	-8.91111539	-30.1921252	-5.97573711e-14	8.91111539	0	0	0	0	0	3
1725	465	0	0.673828125	-30.2766762	-9.02938366	-30.2766762	-5.99956774e-14	9.02938366	0	0	0	0	0	3
1730	466	0	0.67578125	-30.3385842	-9.14789375	-30.3385842	-6.0221371e-14	9.14789375	0	0	0	0	0	3
1735	466	0	0.677734375	-30.4825061	-9.26696604	-30.4825061	-6.04347007e-14	9.26696604	0	0	0	0	0	3
1740	467	0	0.6796875	-30.6447317	-9.38667202	-30.6447317	-6.06359132e-14	9.38667202	0	0	0	0	0	3
1745	468	0	0.681640625	-30.7051026	-9.50661383	-30.7051026	-6.08252542e-14	9.50661383	0	0	0	0	0	3
1750	469	0	0.68359375	-30.6731665	-9.62643089	-30.7051026	-6.10029673e-14	9.62643089	0	0	0	0	0	3
1755	470	0	0.685546875	-30.5896393	-9.74592167	-30.7051026	-6.11692941e-14	9.74592167	0	0	0	0	0	3
1760	471	0	0.6875	-30.4825799	-9.86499424	-30.7051026	-6.13244749e-14	9.86499424	0	0	0	0	0	3
1765	472	0	0.689453125	-30.3530961	-9.98356102	-30.7051026	-6.14687486e-14	9.98356102	0	0	0	0	0	3
1770	472	0	0.69140625	-30.2081718	-10.1015617	-30.7051026	-6.16023527e-14	10.1015617	0	0	0	0	0	3
1775	473	0	0.693359375	-30.0599068	-10.2189832	-30.7051026	-6.17255227e-14	10.2189832	0	0	0	0	0	3
1780	474	0	0.6953125	-29.9169821	-10.3358464	-30.7051026	-6.18384931e-14	10.3358464	0	0	0	0	0	3
1785	475	0	0.697265625	-29.799533	-10.4522508	-30.7051026	-6.19415008e-14	10.4522508	0	0	0	0	0	3
1790	476	0	0.69921875	-29.6955785	-10.5682492	-30.7051026	-6.20347849e-14	10.5682492	0	0	0	0	0	3
1795	477	0	0.701171875	-29.5820299	-10.683804	-30.7051026	-6.2118591e-14	10.683804	0	0	0	0	0	3
1800	478	0	0.703125	-29.4687966	-10.7989165	-30.7051026	-6.21931759e-14	10.7989165	0	0	0	0	0	3
1805	479	0	0.705078125	-29.3917344	-10.913728	-30.7051026	-6.22588186e-14	10.913728	0	0	0	0	0	3
1810	480	0	0.70703125	-29.3176708	-11.0282501	-30.7051026	-6.2315837e-14	11.0282501	0	0	0	0	0	3
1815	481	0	0.708984375	-29.1996733	-11.1423113	-30.7051026	-6.23646154e-14	11.1423113	0	0	0	0	0	3
1820	482	0	0.7109375	-29.0601209	-11.2558274	-30.7051026	-6.24056529e-14	11.2558274	0	0	0	0	0	3
1825	483	0	0.712890625	-28.967348	-11.3689811	-30.7051026	-6.24396378e-14	11.3689811	0	0	0	0	0	3
1830	484	0	0.71484375	-28.8788008	-11.4817889	-30.7051026	-6.24675488e-14	11.4817889	0	0	0	0	0	3
1835	485	0	0.716796875	-28.7078737	-11.5939291	-30.7051026	-6.24907744e-14	11.5939291	0	0	0	0	0	3
1840	485	0	0.71875	-28.4594005	-11.7050986	-30.7051026	-6.25112806e-14	11.7050986	0	0	0	0	0	3
1845	486	0	0.720703125	-28.1817905	-11.8151837	-30.7051026	-6.2531848e-14	11.8151837	0	0	0	0	0	3
1850	487	0	0.72265625	-27.9288027	-11.9242806	-30.7051026	-6.25563801e-14	11.9242806	0	0	0	0	0	3
1855	488	0	0.724609375	-27.6818054	-12.0324127	-30.7051026	-6.25903149e-14	12.0324127	0	0	0	0	0	3
1860	489	0	0.7265625	-27.4040804	-12.1394599	-30.7051026	-6.26411563e-14	12.1394599	0	0	0	0	0	3
1865	490	0	0.728515625	-27.1159177	-12.2453814	-30.7051026	-6.27191599e-14	12.2453814	0	0	0	0	0	3
1870	491	0	0.73046875	-26.8327413	-12.3501968	-30.7051026	-6.28382016e-14	12.3501968	0	0	0	0	0	3
1875	491	0	0.732421875	-26.5525023	-12.4539175	-30.7051026	-6.30168479e-14	12.4539175	0	0	0	0	0	3
1880	492	0	0.734375	-26.2763848	-12.5565596	-30.7051026	-6.32797211e-14	12.5565596	0	0	0	0	0	3
1885	493	0	0.736328125	-26.0104021	-12.6581628	-30.7051026	-6.36592222e-14	12.6581628	0	0	0	0	0	3
1890	494	0	0.73828125	-25.7704643	-12.7588287	-30.7051026	-6.41976446e-14	12.7588287	0	0	0	0	0	3
1895	495	0	0.740234375	-25.5829778	-12.8587622	-30.7051026	-6.49498805e-14	12.8587622	0	0	0	0	0	3
1900	496	0	0.7421875	-25.4759224	-12.9582775	-30.7051026	-6.59867566e-14	12.9582775	0	0	0	0	0	3
1905	498	0	0.744140625	-25.3987794	-13.0574915	-30.7051026	-6.73992046e-14	13.0574915	0	0	0	0	0	3
1910	498	0	0.74609375	-25.2927652	-13.1562913	-30.7051026	-6.9303573e-14	13.1562913	0	0	0	0	0	3
1915	499	0	0.748046875	-25.1460704	-13.2545182	-30.7051026	-7.18484233e-14	13.2545182	0	0	0	0	0	3
1920	500	0	0.75	-24.9759429	-13.3520804	-30.7051026	-7.52232663e-14	13.3520804	0	0	0	0	0	3
1925	501	0	0.751953125	-24.8106685	-13.4489971	-30.7051026	-7.9670581e-14	13.4489971	0	0	0	0	0	3
1930	502	0	0.75390625	-24.623818	-13.5451839	-30.7051026	-8.55012614e-14	13.5451839	0	0	0	0	0	3
1935	503	0	0.755859375	-24.3830861	-13.6404303	-30.7051026	-9.31130812e-14	13.6404303	0	0	0	0	0	3
1940	504	0	0.7578125	-24.0905232	-13.7345339	-30.7051026	-1.58497086e-13	13.7345339	0	0	0	0	0	3
1945	505	0	0.759765625	-23.7782527	-13.8274177	-30.7051026	-2.38422371e-13	13.8274177	0	0	0	0	0	3
1950	505	0	0.76171875	-23.4755902	-13.9191193	-30.7051026	-3.6696793e-13	13.9191193	0	0	0	0	0	3
1955	506	0	0.763671875	-23.1924865	-14.0097149	-30.7051026	-1.10006007e-12	14.0097149	0	0	0	0	0	3
1960	507	0	0.765625	-22.9116634	-14.0992136	-30.7051026	-1.87657726e-12	14.0992136	0	0	0	0	0	3
1965	508	0	0.767578125	-22.6265378	-14.1875985	-30.7051026	-2.78437136e-12	14.1875985	0	0	0	0	0	3
1970	509	0	0.76953125	-22.3498981	-14.2749028	-30.7051026	-4.24896885e-12	14.2749028	0	0	0	0	0	3
1975	510	0	0.771484375	-22.0982623	-14.3612241	-30.7051026	-6.65810675e-12	14.3612241	0	0	0	0	0	3
1980	511	0	0.7734375	-21.8644304	-14.4466321	-30.7051026	-9.97311209e-12	14.4466321	0	0	0	0	0	3
1985	512	0	0.775390625	-21.6338345	-14.5311392	-30.7051026	-1.39812946e-11	14.5311392	0	0	0	0	0	3
1990	513	0	0.77734375	-21.4072013	-14.6147611	-30.7051026	-1.88825593e-11	14.6147611	0	0	0	0	0	3
1995	513	0	0.779296875	-21.1847304	-14.697514	-30.7051026	-2.48268e-11	14.697514	0	0	0	0	0	3
2000	514	0	0.78125	-20.9414752	-14.7793166	-30.7051026	-3.23254466e-11	14.7793166	0	0	0	0	0	3
2005	516	0	0.783203125	-20.6654133	-14.8600409	-30.7051026	-4.16448285e-11	14.8600409	0	0	0	0	0	3
2010	517	0	0.78515625	-20.3705133	-14.9396132	-30.7051026	-5.33717229e-11	14.9396132	0	0	0	0	0	3
2015	518	0	0.787109375	-20.0721056	-15.0180199	-30.7051026	-6.80604795e-11	15.0180199	0	0	0	0	0	3
2020	519	0	0.7890625	-19.776981	-15.0952737	-30.7051026	-8.67086455e-11	15.0952737	0	0	0	0	0	3
2025	520	0	0.791015625	-19.4815097	-15.1713733	-30.7051026	-1.10170377e-10	15.1713733	0	0	0	0	0	3
2030	521	0	0.79296875	-19.1783698	-15.2462888	-30.7051026	-1.39633349e-10	15.2462888	0	0	0	0	0	3
2035	521	0	0.794921875	-18.8680582	-15.3199922	-30.7051026	-1.76894511e-10	15.3199922	0	0	0	0	0	3
2040	522	0	0.796875	-18.5584388	-15.3924861	-30.7051026	-2.23260377e-10	15.3924861	0	0	0	0	0	3
2045	523	0	0.798828125	-18.2649286	-15.4638335	-30.7051026	-2.81517101e-10	15.4638335	0	0	0	0	0	3
2050	524	0	0.80078125	-17.9998804	-15.5341455	-30.7051026	-3.53608418e-10	15.5341455	0	0	0	0	0	3
2055	525	0	0.802734375	-17.7660693	-15.6035442	-30.7051026	-4.43353271e-10	15.6035442	0	0	0	0	0	3
2060	526	0	0.8046875	-17.5531175	-15.6721111	-30.7051026	-5.54031092e-10	15.6721111	0	0	0	0	0	3
2065	527	0	0.806640625	-17.358782	-15.7399188	-30.7051026	-6.90153861e-10	15.7399188	0	0	0	0	0	3
2070	528	0	0.80859375	-17.1792055	-15.8070251	-30.7051026	-8.57827104e-10	15.8070251	0	0	0	0	0	3
2075	529	0	0.810546875	-17.0253994	-15.8735306	-30.7051026	-1.06236386e-09	15.8735306	0	0	0	0	0	3
2080	529	0	0.8125	-16.9094291	-15.939583	-30.7051026	-1.31185955e-09	15.939583	0	0	0	0	0	3
2085	530	0	0.814453125	-16.8241187	-16.0053022	-30.7051026	-1.61548363e-09	16.0053022	0	0	0	0	0	3
2090	531	0	0.81640625	-16.7559054	-16.070755	-30.7051026	-1.98219308e-09	16.070755	0	0	0	0	0	3
2095	532	0	0.818359375	-16.6985806	-16.1359838	-30.7051026	-2.42498762e-09	16.1359838	0	0	0	0	0	3
2100	533	0	0.8203125	-16.6516704	-16.2010294	-30.7051026	-2.95604269e-09	16.2010294	0	0	0	0	0	3
2105	535	0	0.822265625	-16.6210879	-16.2659555	-30.7051026	-3.59144619e-09	16.2659555	0	0	0	0	0	3
2110	536	0	0.82421875	-16.6076286	-16.3308291	-30.7051026	-4.34961379e-09	16.3308291	0	0	0	0	0	3
2115	537	0	0.826171875	-16.598209	-16.3956658	-30.7051026	-5.26190413e-09	16.3956658	0	0	0	0	0	3
2120	537	0	0.828125	-16.5756134	-16.4604143	-30.7051026	-6.3305516e-09	16.4604143	0	0	0	0	0	3
2125	538	0	0.830078125	-16.5448433	-16.5250426	-30.7051026	-7.58539119e-09	16.5250426	0	0	0	0	0	3
2130	539	0	0.83203125	-16.5259932	-16.5895973	-30.7051026	-9.07408912e-09	16.5895973	0	0	0	0	0	3
2135	540	0	0.833984375	-16.5368481	-16.6541943	-30.7051026	-1.08170657e-08	16.6541943	0	0	0	0	0	3
2140	541	0	0.8359375	-16.5676545	-16.7189117	-30.7051026	-1.28570284e-08	16.7189117	0	0	0	0	0	3
2145	542	0	0.837890625	-16.5938154	-16.7837313	-30.7051026	-1.52386402e-08	16.7837313	0	0	0	0	0	3
2150	543	0	0.83984375	-16.6136021	-16.8486282	-30.7051026	-1.80241784e-08	16.8486282	0	0	0	0	0	3
2155	544	0	0.841796875	-16.6413483	-16.9136335	-30.7051026	-2.12660082e-08	16.9136335	0	0	0	0	0	3
2160	545	0	0.84375	-16.6924254	-16.9788383	-30.7051026	-2.50477701e-08	16.9788383	0	0	0	0	0	3
2165	546	0	0.845703125	-16.7683287	-17.0443396	-30.7051026	-2.94406925e-08	17.0443396	0	0	0	0	0	3
2170	547	0	0.84765625	-16.8580047	-17.1101911	-30.7051026	-3.45466831e-08	17.1101911	0	0	0	0	0	3
2175	548	0	0.849609375	-16.9464627	-17.1763883	-30.7051026	-4.04782536e-08	17.1763883	0	0	0	0	0	3
2180	548	0	0.8515625	-17.0221641	-17.2428811	-30.7051026	-4.73714977e-08	17.2428811	0	0	0	0	0	3
2185	549	0	0.853515625	-17.0818245	-17.309607	-30.7051026	-5.53833036e-08	17.309607	0	0	0	0	0	3
2190	550	0	0.85546875	-17.1378245	-17.3765516	-30.7051026	-6.46927818e-08	17.3765516	0	0	0	0	0	3
2195	551	0	0.857421875	-17.204511	-17.4437567	-30.7051026	-7.55223401e-08	17.4437567	0	0	0	0	0	3
2200	552	0	0.859375	-17.2722328	-17.5112264	-30.7051026	-8.81046433e-08	17.5112264	0	0	0	0	0	3
2205	554	0	0.861328125	-17.3201637	-17.5788833	-30.7051026	-1.02745426e-07	17.5788833	0	0	0	0	0	3
2210	555	0	0.86328125	-17.3507629	-17.6466597	-30.7051026	-1.25826917e-07	17.6466597	0	0	0	0	0	3
2215	556	0	0.865234375	-17.3769115	-17.7145382	-30.7051026	-1.52935757e-07	17.7145382	0	0	0	0	0	3
2220	556	0	0.8671875	-17.4056712	-17.7825291	-30.7051026	-1.83511443e-07	17.7825291	0	0	0	0	0	3
2225	557	0	0.869140625	-17.4318088	-17.8506221	-30.7051026	-2.66948904e-07	17.8506221	0	0	0	0	0	3
2230	558	0	0.87109375	-17.4494213	-17.9187839	-30.7051026	-3.71537648e-07	17.9187839	0	0	0	0	0	3
2235	559	0	0.873046875	-17.4640725	-17.987003	-30.7051026	-4.77142671e-07	17.987003	0	0	0	0	0	3
2240	560	0	0.875	-17.4791307	-18.0552808	-30.7051026	-6.0686176e-07	18.0552808	0	0	0	0	0	3
2245	561	0	0.876953125	-17.4870492	-18.1235896	-30.7051026	-7.77880109e-07	18.1235896	0	0	0	0	0	3
2250	562	0	0.87890625	-17.48481	-18.1918896	-30.7051026	-9.92030116e-07	18.1918896	0	0	0	0	0	3
2255	563	0	0.880859375	-17.4821596	-18.2601793	-30.7051026	-1.273294e-06	18.2601793	0	0	0	0	0	3
2260	564	0	0.8828125	-17.490523	-18.3285017	-30.7051026	-1.61080948e-06	18.3285016	0	0	0	0	0	3
2265	564	0	0.884765625	-17.4969173	-18.396849	-30.7051026	-2.00794902e-06	18.396849	0	0	0	0	0	3
2270	565	0	0.88671875	-17.4842414	-18.4651468	-30.7051026	-2.4871331e-06	18.4651468	0	0	0	0	0	3
2275	566	0	0.888671875	-17.4590719	-18.5333463	-30.7051026	-3.03038122e-06	18.5333462	0	0	0	0	0	3
2280	567	0	0.890625	-17.4410518	-18.6014754	-30.7051026	-3.68968042e-06	18.6014753	0	0	0	0	0	3
2285	568	0	0.892578125	-17.4392465	-18.6695974	-30.7051026	-4.44759857e-06	18.6695973	0	0	0	0	0	3
2290	569	0	0.89453125	-17.4334468	-18.7376968	-30.7051026	-5.34436193e-06	18.7376967	0	0	0	0	0	3
2295	570	0	0.896484375	-17.4084068	-18.8056984	-30.7051026	-6.40441059e-06	18.8056982	0	0	0	0	0	3
2300	571	0	0.8984375	-17.3733217	-18.8735629	-30.7051026	-7.65015902e-06	18.8735627	0	0	0	0	0	3
2305	573	0	0.900390625	-17.3455203	-18.9413188	-30.7051026	-9.14431828e-06	18.9413186	0	0	0	0	0	3
2310	574	0	0.90234375	-17.3258146	-19.0089977	-30.7051026	-1.0910364e-05	19.0089974	0	0	0	0	0	3
2315	575	0	0.904296875	-17.2975204	-19.0765661	-30.7051026	-1.30464659e-05	19.0765658	0	0	0	0	0	3
2320	575	0	0.90625	-17.25545	-19.1439702	-30.7051026	-1.56101437e-05	19.1439698	0	0	0	0	0	3
2325	576	0	0.908203125	-17.2113728	-19.2112021	-30.7051026	-1.87035239e-05	19.2112015	0	0	0	0	0	3
2330	577	0	0.91015625	-17.1812069	-19.2783161	-30.7051026	-2.24592912e-05	19.2783154	0	0	0	0	0	3
2335	578	0	0.912109375	-17.1728141	-19.3453973	-30.7051026	-2.70298337e-05	19.3453965	0	0	0	0	0	3
2340	579	0	0.9140625	-17.1749884	-19.412487	-30.7051026	-3.26435205e-05	19.4124861	0	0	0	0	0	3
2345	580	0	0.916015625	-17.1732339	-19.4795698	-30.7051026	-3.95158062e-05	19.4795687	0	0	0	0	0	3
2350	581	0	0.91796875	-17.1654352	-19.5466221	-30.7051026	-4.80093457e-05	19.5466208	0	0	0	0	0	3
2355	582	0	0.919921875	-17.1612364	-19.613658	-30.7051026	-5.85687065e-05	19.6136565	0	0	0	0	0	3
2360	582	0	0.921875	-17.1638999	-19.6807043	-30.7051026	-7.17135653e-05	19.6807024	0	0	0	0	0	3
2365	583	0	0.923828125	-17.167605	-19.7477649	-30.7051026	-8.82512529e-05	19.7477627	0	0	0	0	0	3
2370	584	0	0.92578125	-17.1707471	-19.8148378	-30.7051026	-0.000109128152	19.8148351	0	0	0	0	0	3
2375	585	0	0.927734375	-17.1790073	-19.8819429	-30.7051026	-0.000135530988	19.8819395	0	0	0	0	0	3
2380	586	0	0.9296875	-17.1953699	-19.9491118	-30.7051026	-0.000169414309	19.9491077	0	0	0	0	0	3
2385	587	0	0.931640625	-17.2067644	-20.0163251	-30.7051026	-0.000212956337	20.01632	0	0	0	0	0	3
2390	588	0	0.93359375	-17.2009054	-20.0835153	-30.7051026	-0.000268089881	20.083509	0	0	0	0	0	3
2395	589	0	0.935546875	-17.1824723	-20.1506332	-30.7051026	-0.000339953801	20.1506255	0	0	0	0	0	3
2400	589	0	0.9375	-17.1718474	-20.2177094	-30.7051026	-0.000436056496	20.2176998	0	0	0	0	0	3
2405	591	0	0.939453125	-17.1796717	-20.2848158	-30.7051026	-0.000558072344	20.2848038	0	0	0	0	0	3
2410	592	0	0.94140625	-17.1830489	-20.3519349	-30.7051026	-0.000798201442	20.3519195	0	0	0	0	0	3
2415	593	0	0.943359375	-17.1670684	-20.4189907	-30.7051026	-0.00308415206	20.4189618	0	0	0	0	0	3
2420	594	0	0.9453125	-17.1433127	-20.4859447	-30.7051026	-0.0115918259	20.4858656	0	0	0	0	0	3
2425	595	0	0.947265625	-17.1375328	-20.5528429	-30.7051026	-0.0378580736	20.5526002	0	0	0	0	0	3
2430	596	0	0.94921875	-17.1613929	-20.6197317	-30.7051026	-0.0808129815	20.6191417	0	0	0	0	0	3
2435	597	0	0.951171875	-17.2017655	-20.6866104	-30.7051026	-0.129290882	20.6854681	0	0	0	0	0	3
2440	597	0	0.953125	-17.2499067	-20.7534878	-30.7051026	-0.178049737	20.7515895	0	0	0	0	0	3
2445	598	0	0.955078125	-17.3080557	-20.8204019	-30.7051026	-0.221283182	20.81757	0	0	0	0	0	3
2450	599	0	0.95703125	-17.3735381	-20.8874029	-30.7051026	-0.270890614	20.8834352	0	0	0	0	0	3
2455	600	0	0.958984375	-17.4302606	-20.9544317	-30.7051026	-0.366428241	20.9489346	0	0	0	0	0	3
2460	601	0	0.9609375	-17.4692956	-21.0212398	-30.7051026	-0.55702313	21.0134253	0	0	0	0	0	3
2465	602	0	0.962890625	-17.4974709	-21.0874134	-30.7051026	-0.850645626	21.0760725	0	0	0	0	0	3
2470	603	0	0.96484375	-17.534124	-21.1525832	-30.7051026	-1.16638336	21.1364296	0	0	0	0	0	3
2475	604	0	0.966796875	-17.5879242	-21.2167299	-30.7051026	-1.46984754	21.1945443	0	0	0	0	0	3
2480	605	0	0.96875	-17.6359082	-21.2798786	-30.7051026	-1.77633871	21.2504445	0	0	0	0	0	3
2485	605	0	0.970703125	-17.6636773	-21.3419385	-30.7051026	-2.06601162	21.3041234	0	0	0	0	0	3
2490	606	0	0.97265625	-17.677866	-21.4029223	-30.7051026	-2.32699598	21.3557253	0	0	0	0	0	3
2495	607	0	0.974609375	-17.7115863	-21.4630183	-30.7051026	-2.56945043	21.4055265	0	0	0	0	0	3
2500	608	0	0.9765625	-17.7959366	-21.5224968	-30.7051026	-2.82486841	21.4537554	0	0	0	0	0	3
2505	610	0	0.978515625	-17.8947075	-21.5813634	-30.7051026	-3.13288557	21.5002165	0	0	0	0	0	3
2510	611	0	0.98046875	-17.9681925	-21.6393138	-30.7051026	-3.52896322	21.5442645	0	0	0	0	0	3
2515	612	0	0.982421875	-18.0190695	-21.6959158	-30.7051026	-4.02478091	21.5850844	0	0	0	0	0	3
2520	613	0	0.984375	-18.0737117	-21.7507944	-30.7051026	-4.60635583	21.6219809	0	0	0	0	0	3
2525	614	0	0.986328125	-18.1619105	-21.8037458	-30.7051026	-5.2284589	21.654615	0	0	0	0	0	3
2530	615	0	0.98828125	-18.2782132	-21.8547214	-30.7051026	-5.83761245	21.6830173	0	0	0	0	0	3
2535	615	0	0.990234375	-18.4021788	-21.9038017	-30.7051026	-6.41300147	21.7074284	0	0	0	0	0	3
2540	616	0	0.9921875	-18.5187066	-21.9510896	-30.7051026	-6.97746014	21.7280192	0	0	0	0	0	3
2545	617	0	0.994140625	-18.618823	-21.9965637	-30.7051026	-7.55522694	21.7447397	0	0	0	0	0	3
2550	618	0	0.99609375	-18.7061732	-22.0401221	-30.7051026	-8.10153502	21.7576351	0	0	0	0	0	3
2555	619	0	0.998046875	-18.7809175	-22.0818384	-30.7051026	-8.628403	21.7668771	0	0	0	0	0	3
2560	620	0	1	-18.8468229	-22.1217541	-30.7051026	-9.12703076	21.5780719	0.921153079	0	4.2	0	0	3
2565	621	0	1.00195312	-18.9168114	-22.1599955	-30.7051026	-9.63099343	21.0741092	0.921153079	0	4.3	0	0	3
2570	622	0	1.00390625	-18.9772662	-22.1965043	-30.7051026	-10.1357885	20.5693141	0.921153079	0	4.4	0	0	3
2575	623	0	1.00585938	-19.0130137	-22.231181	-30.7051026	-10.6596811	20.0454215	0.921153079	0	4.5	0	0	3
2580	623	0	1.0078125	-19.0340043	-22.2638932	-30.7051026	-11.1788579	19.5262447	0.921153079	0	4.7	0	0	3
2585	624	0	1.00976562	-19.0676771	-22.2947089	-30.7051026	-11.7107142	18.9943884	0.921153079	0	4.8	0	0	3
2590	625	0	1.01171875	-19.1434737	-22.3237431	-30.7051026	-12.2977963	18.4073063	0.921153079	0	5	0	0	3
2595	626	0	1.01367188	-19.2470476	-22.3508886	-30.7051026	-12.8951087	17.8099939	0.921153079	0	5.1	0	0	3
2600	627	0	1.015625	-19.3520118	-22.3761109	-30.7051026	-13.4291383	17.2759643	0.921153079	0	5.3	0	0	3
2605	629	0	1.01757812	-19.4673801	-22.3996978	-30.7051026	-13.8993882	16.8057144	0.921153079	0	5.4	0	0	3
2610	630	0	1.01953125	-19.6082722	-22.4219981	-30.7051026	-14.4038914	16.3012112	0.921153079	0	5.6	0	0	3
2615	631	0	1.02148438	-19.7509608	-22.4428851	-30.7051026	-14.9536864	15.7514162	0.921153079	0	5.8	0	0	3
2620	632	0	1.0234375	-19.8679282	-22.4620814	-30.7051026	-15.5048495	15.2002531	0.921153079	0	6	0	0	3
2625	633	0	1.02539062	-19.9570484	-22.4794728	-30.7051026	-16.0148874	14.6902152	0.921153079	0	6.2	0	0	3
2630	634	0	1.02734375	-20.0443577	-22.4952129	-30.7051026	-16.5259932	14.1791094	0.921153079	0	6.4	0	0	3
2635	635	0	1.02929688	-20.1542299	-22.5093567	-30.7051026	-16.5259932	14.1791094	0.921153079	0	6.4	0	0	3
2640	636	0	1.03125	-20.257681	-22.5216687	-30.7051026	-16.5259932	14.1791094	0.921153079	0	6.4	0	0	3
2645	637	0	1.03320312	-20.3311327	-22.5318369	-30.7051026	-16.5259932	14.1791094	0.921153079	0	6.4	0	0	3
2650	637	0	1.03515625	-20.3848308	-22.5398637	-30.7051026	-16.5259932	14.1791094	0.921153079	0	6.4	0	0	3
2655	638	0	1.03710938	-20.4555291	-22.5459754	-30.7051026	-16.5259932	14.1791094	0.921153079	0	6.4	0	0	3
2660	639	0	1.0390625	-20.5604429	-22.550277	-30.7051026	-16.5259932	14.1791094	0.921153079	0	6.4	0	0	3
2665	640	0	1.04101562	-20.6678378	-22.5528634	-30.7051026	-16.5259932	14.1791094	0.921153079	0	6.4	0	0	3
2670	641	0	1.04296875	-20.7585095	-22.5538405	-30.7051026	-16.5259932	14.1791094	0.921153079	0	6.4	0	0	3
2675	642	0	1.04492188	-20.8420609	-22.553209	-30.7051026	-16.5259932	14.1791094	0.921153079	0	6.4	0	0	3
2680	643	0	1.046875	-20.935345	-22.5509187	-30.7051026	-16.5259932	14.1791094	0.921153079	0	6.4	0	0	3
2685	644	0	1.04882812	-21.0424446	-22.547011	-30.7051026	-16.5259932	14.1791094	0.921153079	0	6.4	0	0	3
2690	645	0	1.05078125	-21.1508178	-22.5416139	-30.7051026	-16.5259932	14.1791094	0.921153079	0	6.4	0	0	3
2695	646	0	1.05273438	-21.2748725	-22.5347803	-30.7051026	-16.5259932	14.1791094	0.921153079	0	6.4	0	0	3
2700	646	0	1.0546875	-21.4274834	-22.5265494	-30.7051026	-16.5259932	14.1791094	0.921153079	0	6.4	0	0	3
2705	649	0	1.05664062	-21.5735731	-22.5170433	-30.7051026	-16.5259932	14.1791094	0.921153079	0	6.4	0	0	3
2710	649	0	1.05859375	-21.6864327	-22.5064034	-30.7051026	-16.5259932	14.1791094	0.921153079	0	6.4	0	0	3
2715	650	0	1.06054688	-21.7724571	-22.4944839	-30.7051026	-16.5259932	14.1791094	0.921153079	0	6.4	0	0	3
2720	651	0	1.0625	-21.852927	-22.4809925	-30.7051026	-16.5259932	14.1791094	0.921153079	0	6.4	0	0	3
2725	652	0	1.06445312	-21.9445945	-22.466029	-30.7051026	-16.5259932	14.1791094	0.921153079	0	6.4	0	0	3
2730	653	0	1.06640625	-22.0354481	-22.4498879	-30.7051026	-16.5259932	14.1791094	0.921153079	0	6.4	0	0	3
2735	654	0	1.06835938	-22.1008624	-22.4326591	-30.7051026	-16.5259932	14.1791094	0.921153079	0	6.4	0	0	3
2740	655	0	1.0703125	-22.1407159	-22.4139597	-30.7051026	-16.5259932	14.1791094	0.921153079	0	6.4	0	0	3
2745	656	0	1.07226562	-22.1777836	-22.3936229	-30.7051026	-16.5259932	14.1791094	0.921153079	0	6.4	0	0	3
2750	657	0	1.07421875	-22.2351292	-22.3720848	-30.7051026	-16.5259932	14.1791094	0.921153079	0	6.4	0	0	3
2755	658	0	1.07617188	-22.3316305	-22.3498832	-30.7051026	-16.5259932	14.1791094	0.921153079	0	6.4	0	0	3
2760	659	0	1.078125	-22.4537214	-22.3273153	-30.7051026	-16.5259932	14.1791094	0.921153079	0	6.4	0	0	3
2765	659	0	1.08007812	-22.5728695	-22.3043697	-30.7051026	-16.5259932	14.1791094	0.921153079	0	6.4	0	0	3
2770	660	0	1.08203125	-22.6840158	-22.2811665	-30.7051026	-16.5259932	14.1791094	0.921153079	0	6.4	0	0	3
2775	661	0	1.08398438	-22.800537	-22.2579129	-30.7051026	-16.5259932	14.1791094	0.921153079	0	6.4	0	0	3
2780	662	0	1.0859375	-22.9252512	-22.2345062	-30.7051026	-16.5259932	14.1791094	0.921153079	0	6.4	0	0	3
2785	663	0	1.08789062	-23.0415708	-22.2106027	-30.7051026	-16.5259932	14.1791094	0.921153079	0	6.4	0	0	3
2790	664	0	1.08984375	-23.1341185	-22.1862082	-30.7051026	-16.5259932	14.1791094	0.921153079	0	6.4	0	0	3
2795	665	0	1.09179688	-23.2022519	-22.1615935	-30.7051026	-16.5259932	14.1791094	0.921153079	0	6.4	0	0	3
2800	666	0	1.09375	-23.266691	-22.1370848	-30.7051026	-16.5259932	14.1791094	0.921153079	0	6.4	0	0	3
2805	668	0	1.09570312	-23.3426406	-22.1129014	-30.7051026	-16.5259932	14.1791094	0.921153079	0	6.4	0	0	3
2810	669	0	1.09765625	-23.4104697	-22.0889756	-30.7051026	-16.5259932	14.1791094	0.921153079	0	6.4	0	0	3
2815	670	0	1.09960938	-23.4466428	-22.0650588	-30.7051026	-16.5259932	14.1791094	0.921153079	0	6.4	0	0	3
2820	671	0	1.1015625	-23.4561877	-22.0409118	-30.7051026	-16.5259932	14.1791094	0.921153079	0	6.4	0	0	3
2825	672	0	1.10351562	-23.4766936	-22.0165308	-30.7051026	-16.5259932	14.1791094	0.921153079	0	6.4	0	0	3
2830	672	0	1.10546875	-23.5194044	-21.9920151	-30.7051026	-16.5259932	14.1791094	0.921153079	0	6.4	0	0	3
2835	673	0	1.10742188	-23.5434688	-21.96736	-30.7051026	-16.5259932	14.1791094	0.921153079	0	6.4	0	0	3
2840	674	0	1.109375	-23.5294426	-21.9424822	-30.7051026	-16.5259932	14.1791094	0.921153079	0	6.4	0	0	3
2845	675	0	1.11132812	-23.4940505	-21.9173139	-30.7051026	-16.5259932	14.1791094	0.921153079	0	6.4	0	0	3
2850	676	0	1.11328125	-23.4853898	-21.8919795	-30.7051026	-16.5259932	14.1791094	0.921153079	0	6.4	0	0	3
2855	677	0	1.11523438	-23.5062546	-21.8666711	-30.7051026	-16.5259932	14.1791094	0.921153079	0	6.4	0	0	3
2860	678	0	1.1171875	-23.5030805	-21.8414979	-30.7051026	-16.5259932	14.1791094	0.921153079	0	6.4	0	0	3
2865	679	0	1.11914062	-23.4732066	-21.8166457	-30.7051026	-16.5259932	14.1791094	0.921153079	0	6.4	0	0	3
2870	680	0	1.12109375	-23.440344	-21.7923206	-30.7051026	-16.5259932	14.1791094	0.921153079	0	6.4	0	0	3
2875	681	0	1.12304688	-23.4149014	-21.7685077	-30.7051026	-16.5259932	14.1791094	0.921153079	0	6.4	0	0	3
2880	681	0	1.125	-23.3782718	-21.7446766	-30.7051026	-16.5259932	14.1791094	0.921153079	0	6.4	0	0	3
2885	682	0	1.12695312	-23.3090677	-21.720337	-30.7051026	-16.5259932	14.1791094	0.921153079	0	6.4	0	0	3
2890	683	0	1.12890625	-23.2522127	-21.6957075	-30.7051026	-16.5259932	14.1791094	0.921153079	0	6.4	0	0	3
2895	684	0	1.13085938	-23.2248526	-21.6711002	-30.7051026	-16.5259932	14.1791094	0.921153079	0	6.4	0	0	3
2900	685	0	1.1328125	-23.1674565	-21.6461543	-30.7051026	-16.5259932	14.1791094	0.921153079	0	6.4	0	0	3
2905	687	0	1.13476562	-23.0702051	-21.620207	-30.7051026	-16.5259932	14.1791094	0.921153079	0	6.4	0	0	3
2910	688	0	1.13671875	-22.9791273	-21.593413	-30.7051026	-16.5259932	14.1791094	0.921153079	0	6.4	0	0	3
2915	689	0	1.13867188	-22.9658715	-21.566472	-30.7051026	-16.5259932	14.1791094	0.921153079	0	6.4	0	0	3
2920	690	0	1.140625	-22.983762	-21.5396501	-30.7051026	-16.5259932	14.1791094	0.921153079	0	6.4	0	0	3
2925	691	0	1.14257812	-22.9747131	-21.5125564	-30.7051026	-16.5259932	14.1791094	0.921153079	0	6.4	0	0	3
2930	692	0	1.14453125	-22.9590161	-21.4849616	-30.7051026	-16.5259932	14.1791094	0.921153079	0	6.4	0	0	3
2935	693	0	1.14648438	-22.9854266	-21.4572892	-30.7051026	-16.5259932	14.1791094	0.921153079	0	6.4	0	0	3
2940	693	0	1.1484375	-23.0383086	-21.4299597	-30.7051026	-16.5259932	14.1791094	0.921153079	0	6.4	0	0	3
2945	694	0	1.15039062	-23.0644371	-21.4028955	-30.7051026	-16.5259932	14.1791094	0.921153079	0	6.4	0	0	3
2950	695	0	1.15234375	-23.0590648	-21.3755739	-30.7051026	-16.5259932	14.1791094	0.921153079	0	6.4	0	0	3
2955	696	0	1.15429688	-23.0807651	-21.3479309	-30.7051026	-16.5259932	14.1791094	0.921153079	0	6.4	0	0	3
2960	697	0	1.15625	-23.1685322	-21.3204949	-30.7051026	-16.5259932	14.1791094	0.921153079	0	6.4	0	0	3
2965	698	0	1.15820312	-23.2472057	-21.2934521	-30.7051026	-16.5259932	14.1791094	0.921153079	0	6.4	0	0	3
2970	699	0	1.16015625	-23.2817987	-21.266641	-30.7051026	-16.5259932	14.1791094	0.921153079	0	6.4	0	0	3
2975	700	0	1.16210938	-23.2900469	-21.2398328	-30.7051026	-16.5259932	14.112465	0.921153079	0	6.5	0	0	3
2980	701	0	1.1640625	-23.337923	-21.213302	-30.7051026	-16.5259932	13.9951063	0.921153079	0	6.5	0	0	3
2985	702	0	1.16601562	-23.4574754	-21.187574	-30.7051026	-16.5259932	13.8780211	0.921153079	0	6.6	0	0	3
2990	703	0	1.16796875	-23.5639191	-21.1625354	-30.7051026	-16.5259932	13.7606387	0.921153079	0	6.6	0	0	3
2995	704	0	1.16992188	-23.6136129	-21.1373936	-30.7051026	-16.5259932	13.6427251	0.921153079	0	6.7	0	0	3
3000	704	0	1.171875	-23.6314344	-21.1117903	-30.7051026	-16.5259932	13.5244568	0.921153079	0	6.8	0	0	3
3005	707	0	1.17382812	-23.6918455	-21.0860683	-30.7051026	-16.5259932	13.4059467	0.921153079	0	6.8	0	0	3
3010	707	0	1.17578125	-23.8326313	-21.0606544	-30.7051026	-16.5259932	13.2868744	0.921153079	0	6.9	0	0	3
3015	708	0	1.17773438	-23.9577291	-21.035167	-30.7051026	-16.5259932	13.1671685	0.921153079	0	6.9	0	0	3
3020	709	0	1.1796875	-24.033391	-21.0093415	-30.7051026	-16.5259932	13.0472266	0.921153079	0	7	0	0	3
3025	710	0	1.18164062	-24.091699	-20.9835079	-30.6731665	-16.5259932	12.9274096	0.921153079	0	7.1	0	0	3
3030	711	0	1.18359375	-24.191851	-20.9581902	-30.5896393	-16.5259932	12.8079188	0.921153079	0	7.1	0	0	3
3035	712	0	1.18554688	-24.3182203	-20.9336925	-30.4825799	-16.5259932	12.6888462	0.921153079	0	7.2	0	0	3
3040	713	0	1.1875	-24.4144313	-20.9099888	-30.3530961	-16.5259932	12.5702795	0.921153079	0	7.3	0	0	3
3045	714	0	1.18945312	-24.4828938	-20.8870583	-30.2081718	-16.5259932	12.4522788	0.921153079	0	7.3	0	0	3
3050	715	0	1.19140625	-24.5654901	-20.8650166	-30.0599068	-16.5259932	12.3348573	0.921153079	0	7.4	0	0	3
3055	716	0	1.19335938	-24.6570161	-20.8439115	-29.9169821	-16.5259932	12.2179941	0.921153079	0	7.5	0	0	3
3060	717	0	1.1953125	-24.7152272	-20.8235922	-29.799533	-16.5259932	12.1015896	0.921153079	0	7.6	0	0	3
3065	717	0	1.19726562	-24.7430903	-20.8038405	-29.6955785	-16.5259932	11.9855913	0.921153079	0	7.6	0	0	3
3070	718	0	1.19921875	-24.7921784	-20.7846865	-29.5820299	-16.5259932	11.8700365	0.921153079	0	7.7	0	0	3
3075	719	0	1.20117188	-24.8993638	-20.7663949	-29.4687966	-16.5259932	11.754924	0.921153079	0	7.8	0	0	3
3080	720	0	1.203125	-24.993265	-20.7489123	-29.3917344	-16.5259932	11.6401125	0.921153079	0	7.9	0	0	3
3085	721	0	1.20507812	-25.0308565	-20.7318777	-29.3176708	-16.5259932	11.5255904	0.921153079	0	7.9	0	0	3
3090	722	0	1.20703125	-25.0359056	-20.715152	-29.1996733	-16.5259932	11.4115291	0.921153079	0	8	0	0	3
3095	723	0	1.20898438	-25.0906237	-20.699101	-29.0601209	-16.5259932	11.2980131	0.921153079	0	8.1	0	0	3
3100	724	0	1.2109375	-25.2132388	-20.6840742	-28.967348	-16.5259932	11.1848593	0.921153079	0	8.2	0	0	3
3105	726	0	1.21289062	-25.3019265	-20.6697561	-28.8788008	-16.5259932	11.0720515	0.921153079	0	8.3	0	0	3
3110	727	0	1.21484375	-25.3364646	-20.6559189	-28.7078737	-16.5259932	10.9599114	0.921153079	0	8.4	0	0	3
3115	727	0	1.21679688	-25.3635767	-20.6428552	-28.4594005	-16.5259932	10.8487419	0.921153079	0	8.4	0	0	3
3120	728	0	1.21875	-25.4636739	-20.6311531	-28.1817905	-16.5259932	10.7386567	0.921153079	0	8.5	0	0	3
3125	729	0	1.22070312	-25.5819609	-20.6209976	-27.9288027	-16.5259932	10.6295599	0.921153079	0	8.6	0	0	3
3130	730	0	1.22265625	-25.6435998	-20.612071	-27.6818054	-16.5259932	10.5214278	0.921153079	0	8.7	0	0	3
3135	731	0	1.22460938	-25.6611768	-20.6041779	-27.4040804	-16.5259932	10.4143806	0.921153079	0	8.8	0	0	3
3140	732	0	1.2265625	-25.7067252	-20.5975476	-27.1159177	-16.5259932	10.3084591	0.921153079	0	8.9	0	0	3
3145	733	0	1.22851562	-25.8363512	-20.5925493	-26.8327413	-16.5259932	10.2036437	0.921153079	0	9	0	0	3
3150	734	0	1.23046875	-25.9456447	-20.5890841	-26.5525023	-16.5259932	10.0265091	0.921153079	0	9.1	0	0	3
3155	735	0	1.23242188	-25.9848454	-20.5868667	-26.2763848	-16.5259932	9.75039163	0.921153079	0	9.4	0	0	3
3160	736	0	1.234375	-25.9801658	-20.5857096	-26.0104021	-16.5259932	9.48440886	0.921153079	0	9.7	0	0	3
3165	737	0	1.23632812	-26.0249768	-20.5857665	-26.0249768	-16.5259932	9.49898356	0.921153079	0	9.6	0	0	3
3170	737	0	1.23828125	-26.1609642	-20.5872919	-26.1609642	-16.5259932	9.63497105	0.921153079	0	9.5	0	0	3
3175	738	0	1.24023438	-26.2625013	-20.5899463	-26.2625013	-16.5259932	9.595563	0.921153079	0	9.5	0	0	3
3180	739	0	1.2421875	-26.2995937	-20.5931637	-26.2995937	-16.5259932	9.49634901	0.921153079	0	9.7	0	0	3
3185	740	0	1.24414062	-26.3074009	-20.596713	-26.3074009	-16.5259932	9.39754915	0.921153079	0	9.8	0	0	3
3190	741	0	1.24609375	-26.3660613	-20.6009056	-26.3660613	-16.5259932	9.29932231	0.921153079	0	9.9	0	0	3
3195	742	0	1.24804688	-26.4682295	-20.6060703	-26.4682295	-16.5259932	9.20176004	0.921153079	0	10	0	0	3
3200	743	0	1.25	-26.5351593	-20.612161	-26.5351593	-16.5259932	9.10484336	0.921153079	0	10.1	0	0	3
3205	745	0	1.25195312	-26.5648023	-20.6190131	-26.5648023	-16.5259932	9.00865657	0.921153079	0	10.2	0	0	3
3210	746	0	1.25390625	-26.6012069	-20.6267372	-26.6012069	-16.5259932	8.91341014	0.921153079	0	10.3	0	0	3
3215	747	0	1.25585938	-26.680469	-20.6357114	-26.680469	-16.5259932	8.81930654	0.921153079	0	10.4	0	0	3
3220	748	0	1.2578125	-26.7477028	-20.646091	-26.7477028	-16.5259932	8.72642274	0.921153079	0	10.5	0	0	3
3225	749	0	1.25976562	-26.7760288	-20.6578011	-26.7760288	-16.5259932	8.63472121	0.921153079	0	10.6	0	0	3
3230	750	0	1.26171875	-26.784391	-20.6707261	-26.784391	-16.5259932	8.54412556	0.921153079	0	10.7	0	0	3
3235	751	0	1.26367188	-26.8220251	-20.6849039	-26.8220251	-16.5259932	8.45462688	0.921153079	0	10.8	0	0	3
3240	752	0	1.265625	-26.8913507	-20.7004496	-26.8913507	-16.5259932	8.36624196	0.921153079	0	11	0	0	3
3245	753	0	1.26757812	-26.9414618	-20.7173048	-26.9414618	-16.5259932	8.27893767	0.921153079	0	11.1	0	0	3
3250	754	0	1.26953125	-26.9509838	-20.7352778	-26.9509838	-16.5259932	8.19261634	0.921153079	0	11.2	0	0	3
3255	754	0	1.27148438	-26.9486192	-20.7542245	-26.9509838	-16.5259932	8.10720841	0.921153079	0	11.3	0	0	3
3260	755	0	1.2734375	-26.9708724	-20.7741715	-26.9708724	-16.5259932	8.02270124	0.921153079	0	11.4	0	0	3
3265	756	0	1.27539062	-26.9970152	-20.7951214	-26.9970152	-16.5259932	7.93907936	0.921153079	0	11.6	0	0	3
3270	757	0	1.27734375	-26.9955426	-20.8169509	-26.9970152	-16.5259932	7.85632651	0.921153079	0	11.7	0	0	3
3275	758	0	1.27929688	-26.9707804	-20.8395527	-26.9970152	-16.5259932	7.77452387	0.921153079	0	11.8	0	0	3
3280	759	0	1.28125	-26.9583465	-20.8630561	-26.9970152	-16.5259932	7.6937996	0.921153079	0	11.9	0	0	3
3285	760	0	1.28320312	-26.9716767	-20.8876899	-26.9970152	-16.5259932	7.61422728	0.921153079	0	12	0	0	3
3290	761	0	1.28515625	-26.9887425	-20.9135424	-26.9970152	-16.5259932	7.53582062	0.921153079	0	12.2	0	0	3
3295	762	0	1.28710938	-26.9944093	-20.9405826	-26.9970152	-16.5259932	7.45856679	0.921153079	0	12.3	0	0	3
3300	763	0	1.2890625	-26.9938207	-20.9687734	-26.9970152	-16.5259932	7.38246714	0.921153079	0	12.4	0	0	3
3305	765	0	1.29101562	-26.9959663	-20.9981267	-26.9970152	-16.5259932	7.30755163	0.921153079	0	12.6	0	0	3
3310	766	0	1.29296875	-27.0008203	-21.0286832	-27.0008203	-16.5259932	7.23384828	0.921153079	0	12.7	0	0	3
3315	767	0	1.29492188	-27.0049528	-21.0604679	-27.0049528	-16.5259932	7.16135438	0.921153079	0	12.8	0	0	3
3320	768	0	1.296875	-27.0069351	-21.0934699	-27.0069351	-16.5259932	7.090007	0.921153079	0	12.9	0	0	3
3325	769	0	1.29882812	-27.0079266	-21.1276222	-27.0079266	-16.5259932	7.01969497	0.921153079	0	13.1	0	0	3
3330	770	0	1.30078125	-27.0112747	-21.162823	-27.0112747	-16.5259932	6.95029626	0.921153079	0	13.2	0	0	3
3335	770	0	1.30273438	-27.0021372	-21.1989013	-27.0112747	-16.5259932	6.88172939	0.921153079	0	13.3	0	0	3
3340	771	0	1.3046875	-26.9812351	-21.2357299	-27.0112747	-16.5259932	6.81392165	0.921153079	0	13.5	0	0	3
3345	772	0	1.30664062	-26.9782096	-21.2733058	-27.0112747	-16.5259932	6.74681538	0.921153079	0	13.6	0	0	3
3350	773	0	1.30859375	-26.9834116	-21.3116035	-27.0112747	-16.5259932	6.68030991	0.921153079	0	13.7	0	0	3
3355	774	0	1.31054688	-26.9676499	-21.3504404	-27.0112747	-16.5259932	6.61425746	0.921153079	0	13.9	0	0	3
3360	775	0	1.3125	-26.9296187	-21.3895818	-27.0112747	-16.5259932	6.54853824	0.921153079	0	14	0	0	3
3365	776	0	1.31445312	-26.8836564	-21.4288768	-27.0112747	-16.5259932	6.48308549	0.921153079	0	14.2	0	0	3
3370	777	0	1.31640625	-26.8581455	-21.4683387	-27.0112747	-16.5259932	6.41785666	0.921153079	0	14.3	0	0	3
3375	778	0	1.31835938	-26.8617039	-21.5080384	-27.0112747	-16.5259932	6.35281107	0.921153079	0	14.4	0	0	3
3380	779	0	1.3203125	-26.8691099	-21.5479503	-27.0112747	-16.5259932	6.28788495	0.921153079	0	14.6	0	0	3
3385	780	0	1.32226562	-26.8636263	-21.5879602	-27.0112747	-16.5259932	6.2230114	0.921153079	0	14.8	0	0	3
3390	781	0	1.32421875	-26.8509787	-21.6279733	-27.0112747	-16.5259932	6.15817464	0.921153079	0	14.9	0	0	3
3395	782	0	1.32617188	-26.8423476	-21.6679895	-27.0112747	-16.5259932	6.09342615	0.921153079	0	15.1	0	0	3
3400	783	0	1.328125	-26.8349295	-21.7080649	-27.0112747	-16.5259932	6.02879786	0.921153079	0	15.2	0	0	3
3405	785	0	1.33007812	-26.8376883	-21.7482713	-27.0112747	-16.5259932	5.9642432	0.921153079	0	15.4	0	0	3
3410	786	0	1.33203125	-26.8725339	-21.7886875	-27.0112747	-16.5368481	5.89964613	0.921153079	0	15.6	0	0	3
3415	787	0	1.33398438	-26.8903308	-21.8291308	-27.0112747	-16.5676545	5.83492873	0.921153079	0	15.7	0	0	3
3420	788	0	1.3359375	-26.8557058	-21.8693185	-27.0112747	-16.5938154	5.77010914	0.921153079	0	15.9	0	0	3
3425	789	0	1.33789062	-26.7800497	-21.9091085	-27.0112747	-16.6136021	5.70521226	0.921153079	0	16.1	0	0	3
3430	789	0	1.33984375	-26.7066084	-21.9485343	-27.0112747	-16.6413483	5.64020699	0.921153079	0	16.3	0	0	3
3435	790	0	1.34179688	-26.688923	-21.9877826	-27.0112747	-16.6924254	5.57500221	0.921153079	0	16.5	0	0	3
3440	791	0	1.34375	-26.6808568	-22.0267999	-27.0112747	-16.7683287	5.50950092	0.921153079	0	16.7	0	0	3
3445	792	0	1.34570312	-26.6253802	-22.0653041	-27.0112747	-16.8580047	5.44364934	0.921153079	0	16.9	0	0	3
3450	793	0	1.34765625	-26.5212649	-22.1030512	-27.0112747	-16.9464627	5.37745222	0.921153079	0	17.1	0	0	3
3455	794	0	1.34960938	-26.4266439	-22.1400831	-27.0112747	-17.0221641	5.31095939	0.921153079	0	17.3	0	0	3
3460	795	0	1.3515625	-26.419822	-22.1767927	-27.0112747	-17.0818245	5.24423352	0.921153079	0	17.5	0	0	3
3465	796	0	1.35351562	-26.4231042	-22.2132821	-27.0112747	-17.1375328	5.17728889	0.921153079	0	17.7	0	0	3
3470	797	0	1.35546875	-26.3684609	-22.2493393	-27.0112747	-17.1375328	5.11008377	0.921153079	0	18	0	0	3
3475	798	0	1.35742188	-26.2628726	-22.2847235	-27.0112747	-17.1375328	5.04261411	0.921153079	0	18.2	0	0	3
3480	799	0	1.359375	-26.178255	-22.3195126	-27.0112747	-17.1375328	4.97495722	0.921153079	0	18.5	0	0	3
3485	800	0	1.36132812	-26.1745248	-22.3541	-27.0112747	-17.1375328	4.9071808	0.921153079	0	18.7	0	0	3
3490	801	0	1.36328125	-26.1567681	-22.3884984	-27.0112747	-17.1375328	4.83930224	0.921153079	0	19	0	0	3
3495	802	0	1.36523438	-26.0845474	-22.4225127	-27.0112747	-17.1375328	4.77131134	0.921153079	0	19.3	0	0	3
3500	802	0	1.3671875	-25.9748065	-22.4559858	-27.0112747	-17.1375328	4.70321834	0.921153079	0	19.5	0	0	3
3505	805	0	1.36914062	-25.8988285	-22.4890601	-27.0112747	-17.1375328	4.63505654	0.921153079	0	19.8	0	0	3
3510	806	0	1.37109375	-25.8873726	-22.5220209	-27.0112747	-17.1375328	4.56683751	0.921153079	0	20.1	0	0	3
3515	806	0	1.37304688	-25.8462922	-22.5547639	-27.0112747	-17.1375328	4.4994831	0.921153079	0	20.4	0	0	3
3520	807	0	1.375	-25.7537139	-22.5870865	-27.0112747	-17.1375328	4.46349691	0.921153079	0	20.6	0	0	3
3525	808	0	1.37695312	-25.6396463	-22.6189326	-27.0112747	-17.1375328	4.42704296	0.921153079	0	20.8	0	0	3
3530	809	0	1.37890625	-25.5587256	-22.6504713	-27.0112747	-17.1375328	4.39029201	0.921153079	0	20.9	0	0	3
3535	810	0	1.38085938	-25.518283	-22.6818624	-27.0112747	-17.1375328	4.35336076	0.921153079	0	21.1	0	0	3
3540	811	0	1.3828125	-25.4581825	-22.7129861	-27.0112747	-17.1375328	4.31613711	0.921153079	0	21.3	0	0	3
3545	812	0	1.38476562	-25.368513	-22.7437345	-27.0112747	-17.1375328	4.27858772	0.921153079	0	21.5	0	0	3
3550	813	0	1.38671875	-25.2909828	-22.7742296	-27.0112747	-17.1375328	4.24088331	0.921153079	0	21.7	0	0	3
3555	814	0	1.38867188	-25.2793496	-22.8047776	-27.0112747	-17.1375328	4.20330218	0.921153079	0	21.9	0	0	3
3560	815	0	1.390625	-25.2801751	-22.8353991	-27.0112747	-17.1375328	4.16580171	0.921153079	0	22.1	0	0	3
3565	816	0	1.39257812	-25.245468	-22.8658922	-27.0112747	-17.1375328	4.12819538	0.921153079	0	22.3	0	0	3
3570	817	0	1.39453125	-25.1767087	-22.8961393	-27.0112747	-17.1375328	4.09044093	0.921153079	0	22.5	0	0	3
3575	818	0	1.39648438	-25.1345923	-22.9263197	-27.0112747	-17.1375328	4.05275682	0.921153079	0	22.7	0	0	3
3580	819	0	1.3984375	-25.1588406	-22.9567319	-27.0112747	-17.1375328	4.0154131	0.921153079	0	22.9	0	0	3
3585	820	0	1.40039062	-25.1630826	-22.9872693	-27.0112747	-17.1375328	3.97827152	0.921153079	0	23.1	0	0	3
3590	821	0	1.40234375	-25.1111363	-23.0176807	-27.0112747	-17.1375328	3.94111454	0.921153079	0	23.3	0	0	3
3595	821	0	1.40429688	-25.0230682	-23.0478586	-27.0112747	-17.1375328	3.90388841	0.921153079	0	23.5	0	0	3
3600	822	0	1.40625	-24.9540568	-23.0779313	-27.0112747	-17.1375328	3.86672923	0.921153079	0	23.8	0	0	3
3605	824	0	1.40820312	-24.9282525	-23.1080753	-27.0112747	-17.1375328	3.82975928	0.921153079	0	24	0	0	3
3610	825	0	1.41015625	-24.8892643	-23.1381849	-27.0112747	-17.1375328	3.79278766	0.921153079	0	24.2	0	0	3
3615	826	0	1.41210938	-24.8132723	-23.1680305	-27.0112747	-17.1375328	3.7555435	0.921153079	0	24.5	0	0	3
3620	827	0	1.4140625	-24.7188352	-23.1974986	-27.0112747	-17.1375328	3.71792884	0.921153079	0	24.7	0	0	3
3625	828	0	1.41601562	-24.653987	-23.2267203	-27.0112747	-17.1375328	3.6800982	0.921153079	0	25	0	0	3
3630	829	0	1.41796875	-24.6175535	-23.2558302	-27.0112747	-17.1375328	3.64217215	0.921153079	0	25.2	0	0	3
3635	830	0	1.41992188	-24.5660283	-23.2847551	-27.0112747	-17.1375328	3.60405086	0.921153079	0	25.5	0	0	3
3640	831	0	1.421875	-24.4848708	-23.3133527	-27.0112747	-17.1375328	3.56558773	0.921153079	0	25.8	0	0	3
3645	832	0	1.42382812	-24.4082919	-23.3416366	-27.0112747	-17.1375328	3.52679877	0.921153079	0	26.1	0	0	3
3650	833	0	1.42578125	-24.3715575	-23.3697648	-27.0112747	-17.1375328	3.48782187	0.921153079	0	26.4	0	0	3
3655	834	0	1.42773438	-24.3283939	-23.3976921	-27.0112747	-17.1375328	3.44858028	0.921153079	0	26.7	0	0	3
3660	835	0	1.4296875	-24.2516072	-23.4252555	-27.0112747	-17.1375328	3.40893044	0.921153079	0	27	0	0	3
3665	835	0	1.43164062	-24.1534926	-23.4523911	-27.0112747	-17.1375328	3.36887589	0.921153079	0	27.3	0	0	3
3670	836	0	1.43359375	-24.0893433	-23.4792991	-27.0112747	-17.1375328	3.32866587	0.921153079	0	27.6	0	0	3
3675	837	0	1.43554688	-24.0638149	-23.5061794	-27.0112747	-17.1375328	3.28846991	0.921153079	0	28	0	0	3
3680	838	0	1.4375	-24.0055827	-23.5328736	-27.0112747	-17.1375328	3.2480578	0.921153079	0	28.3	0	0	3
3685	839	0	1.43945312	-23.9016648	-23.5591314	-27.0112747	-17.1375328	3.20719648	0.921153079	0	28.7	0	0	3
3690	840	0	1.44140625	-23.7870054	-23.5849281	-27.0112747	-17.1375328	3.16593744	0.921153079	0	29	0	0	3
3695	841	0	1.44335938	-23.7198662	-23.610525	-27.0112747	-17.1375328	3.12458029	0.921153079	0	29.4	0	0	3
3700	842	0	1.4453125	-23.6830478	-23.6360708	-27.0112747	-17.1375328	3.08322793	0.921153079	0	29.8	0	0	3
3705	844	0	1.44726562	-23.6156903	-23.6613761	-27.0112747	-17.1613929	3.07566657	0.921153079	0	29.9	0	0	3
3710	845	0	1.44921875	-23.5115684	-23.6861815	-27.0112747	-17.2017655	3.10047194	0.921153079	0	29.7	0	0	3
3715	846	0	1.45117188	-23.4131258	-23.7104446	-27.0112747	-17.2499067	3.12473507	0.921153079	0	29.4	0	0	3
3720	847	0	1.453125	-23.3818718	-23.7343976	-27.0112747	-17.3080557	3.14868806	0.921153079	0	29.2	0	0	3
3725	848	0	1.45507812	-23.3708094	-23.7580803	-27.0112747	-17.3735381	3.17237069	0.921153079	0	29	0	0	3
3730	849	0	1.45703125	-23.3317867	-23.7813547	-27.0112747	-17.4302606	3.1956451	0.921153079	0	28.8	0	0	3
3735	849	0	1.45898438	-23.2706347	-23.8041686	-27.0112747	-17.4692956	3.21845906	0.921153079	0	28.6	0	0	3
3740	850	0	1.4609375	-23.2355837	-23.8266932	-27.0112747	-17.4974709	3.24098362	0.921153079	0	28.4	0	0	3
3745	851	0	1.46289062	-23.2389188	-23.8491207	-27.0112747	-17.534124	3.26341115	0.921153079	0	28.2	0	0	3
3750	852	0	1.46484375	-23.2236852	-23.8713456	-27.0112747	-17.5879242	3.285636	0.921153079	0	28	0	0	3
3755	853	0	1.46679688	-23.179286	-23.8931868	-27.0112747	-17.6359082	3.30747726	0.921153079	0	27.8	0	0	3
3760	854	0	1.46875	-23.1418121	-23.9146943	-27.0112747	-17.6636773	3.3289847	0.921153079	0	27.6	0	0	3
3765	855	0	1.47070312	-23.1356614	-23.9360692	-27.0112747	-17.677866	3.35035964	0.921153079	0	27.4	0	0	3
3770	856	0	1.47265625	-23.1151927	-23.9573088	-27.0112747	-17.7115863	3.37159919	0.921153079	0	27.3	0	0	3
3775	857	0	1.47460938	-23.0563404	-23.9781867	-27.0112747	-17.7959366	3.39247714	0.921153079	0	27.1	0	0	3
3780	858	0	1.4765625	-22.9831084	-23.9984491	-27.0112747	-17.8947075	3.41273953	0.921153079	0	26.9	0	0	3
3785	859	0	1.47851562	-22.9546887	-24.0182146	-27.0112747	-17.9681925	3.43250508	0.921153079	0	26.8	0	0	3
3790	860	0	1.48046875	-22.9581216	-24.0377066	-27.0112747	-18.0190695	3.45199699	0.921153079	0	26.6	0	0	3
3795	861	0	1.48242188	-22.9270817	-24.0568785	-27.0112747	-18.0737117	3.47116891	0.921153079	0	26.5	0	0	3
3800	862	0	1.484375	-22.8528843	-24.0755471	-27.0112747	-18.1619105	3.48983756	0.921153079	0	26.3	0	0	3
3805	863	0	1.48632812	-22.7805694	-24.0935888	-27.0112747	-18.2782132	3.50787919	0.921153079	0	26.2	0	0	3
3810	864	0	1.48828125	-22.767718	-24.1111259	-27.0112747	-18.4021788	3.52541632	0.921153079	0	26.1	0	0	3
3815	865	0	1.49023438	-22.7672652	-24.128177	-27.0112747	-18.5187066	3.54246744	0.921153079	0	26	0	0	3
3820	866	0	1.4921875	-22.7235329	-24.1446021	-27.0112747	-18.618823	3.55889254	0.921153079	0	25.8	0	0	3
3825	867	0	1.49414062	-22.6449391	-24.1603291	-27.0112747	-18.7061732	3.57461956	0.921153079	0	25.7	0	0	3
3830	868	0	1.49609375	-22.5861567	-24.1754853	-27.0112747	-18.7809175	3.58977574	0.921153079	0	25.6	0	0	3
3835	869	0	1.49804688	-22.5806201	-24.1903279	-27.0112747	-18.8468229	3.60461833	0.921153079	0	25.5	0	0	3
3840	870	0	1.5	-22.5680224	-24.2048638	-27.0112747	-18.9168114	3.61915427	0.921153079	0	25.4	0	0	3
3845	871	0	1.50195312	-22.5144044	-24.2189169	-27.0112747	-18.9772662	3.63320737	0.921153079	0	25.3	0	0	3
3850	872	0	1.50390625	-22.4366384	-24.2324301	-27.0112747	-19.0130137	3.64672054	0.921153079	0	25.2	0	0	3
3855	873	0	1.50585938	-22.3868494	-24.2456091	-27.0112747	-19.0340043	3.65989958	0.921153079	0	25.1	0	0	3
3860	874	0	1.5078125	-22.3758656	-24.2586633	-27.0112747	-19.0676771	3.67295373	0.921153079	0	25	0	0	3
3865	875	0	1.50976562	-22.3454455	-24.2714671	-27.0112747	-19.1434737	3.68575751	0.921153079	0	24.9	0	0	3
3870	876	0	1.51171875	-22.2792848	-24.2837163	-27.0112747	-19.2470476	3.69800677	0.921153079	0	24.9	0	0	3
3875	877	0	1.51367188	-22.1991545	-24.295248	-27.0112747	-19.3520118	3.70953844	0.921153079	0	24.8	0	0	3
3880	878	0	1.515625	-22.159077	-24.3062131	-27.0112747	-19.4673801	3.72050354	0.921153079	0	24.7	0	0	3
3885	879	0	1.51757812	-22.161559	-24.3167372	-27.0112747	-19.6082722	3.73102768	0.921153079	0	24.6	0	0	3
3890	880	0	1.51953125	-22.1442159	-24.3266433	-27.0112747	-19.7509608	3.74093371	0.921153079	0	24.6	0	0	3
3895	881	0	1.52148438	-22.0927999	-24.3357911	-27.0112747	-19.8679282	3.75008152	0.921153079	0	24.5	0	0	3
3900	882	0	1.5234375	-22.0358818	-24.3442596	-27.0112747	-19.9570484	3.75855008	0.921153079	0	24.5	0	0	3
3905	883	0	1.52539062	-22.0286138	-24.3523517	-27.0112747	-20.0443577	3.76664214	0.921153079	0	24.4	0	0	3
3910	884	0	1.52734375	-22.0546037	-24.3602042	-27.0112747	-20.1542299	3.77449466	0.921153079	0	24.4	0	0	3
3915	885	0	1.52929688	-22.0533538	-24.3676227	-27.0112747	-20.257681	3.78191311	0.921153079	0	24.3	0	0	3
3920	886	0	1.53125	-22.0175953	-24.3744973	-27.0112747	-20.3311327	3.78878778	0.921153079	0	24.3	0	0	3
3925	887	0	1.53320312	-21.9796112	-24.3809367	-27.0112747	-20.3848308	3.79522715	0.921153079	0	24.2	0	0	3
3930	888	0	1.53515625	-21.9819972	-24.3871756	-27.0112747	-20.4555291	3.80146608	0.921153079	0	24.2	0	0	3
3935	889	0	1.53710938	-22.0028316	-24.3932198	-27.0112747	-20.5604429	3.80751023	0.921153079	0	24.1	0	0	3
3940	890	0	1.5390625	-21.9973977	-24.3988329	-27.0112747	-20.6678378	3.81312333	0.921153079	0	24.1	0	0	3
3945	891	0	1.54101562	-21.9669531	-24.4039076	-27.0112747	-20.7585095	3.818198	0.921153079	0	24.1	0	0	3
3950	892	0	1.54296875	-21.9389302	-24.4085186	-27.0112747	-20.8420609	3.82280902	0.921153079	0	24	0	0	3
3955	893	0	1.54492188	-21.9420357	-24.4128154	-27.0112747	-20.935345	3.8271058	0.921153079	0	24	0	0	3
3960	894	0	1.546875	-21.9559285	-24.416802	-27.0112747	-21.0424446	3.83109245	0.921153079	0	24	0	0	3
3965	895	0	1.54882812	-21.9450557	-24.4203278	-27.0112747	-21.1508178	3.83461828	0.921153079	0	24	0	0	3
3970	896	0	1.55078125	-21.9119458	-24.423301	-27.0112747	-21.2748725	3.83759143	0.921153079	0	24	0	0	3
3975	897	0	1.55273438	-21.8861593	-24.4256888	-27.0112747	-21.4274834	3.83997927	0.921153079	0	23.9	0	0	3
3980	898	0	1.5546875	-21.8885819	-24.42749	-27.0112747	-21.5735731	3.84178044	0.921153079	0	23.9	0	0	3
3985	899	0	1.55664062	-21.8941887	-24.4287424	-27.0112747	-21.6864327	3.84303284	0.921153079	0	23.9	0	0	3
3990	900	0	1.55859375	-21.8764083	-24.4294845	-27.0112747	-21.7724571	3.84377493	0.921153079	0	23.9	0	0	3
3995	901	0	1.56054688	-21.8439323	-24.4297637	-27.0112747	-21.8439323	3.84405413	0.921153079	0	23.9	0	0	3
4000	902	0	1.5625	-21.8266246	-24.429661	-27.0112747	-21.8266246	3.84405413	0.921153079	0	23.9	0	0	3
4005	904	0	1.56445312	-21.8299139	-24.429213	-27.0112747	-21.8266246	3.84405413	0.921153079	0	23.9	0	0	3
4010	905	0	1.56640625	-21.8258373	-24.4283942	-27.0112747	-21.8258373	3.84405413	0.921153079	0	23.9	0	0	3
4015	906	0	1.56835938	-21.8022485	-24.4272277	-27.0112747	-21.8022485	3.84405413	0.921153079	0	23.9	0	0	3
4020	907	0	1.5703125	-21.777949	-24.4258107	-27.0112747	-21.777949	3.84405413	0.921153079	0	23.9	0	0	3
4025	908	0	1.57226562	-21.7740704	-24.4242337	-27.0112747	-21.7740704	3.84405413	0.921153079	0	23.9	0	0	3
4030	909	0	1.57421875	-21.7741612	-24.422433	-27.0112747	-21.7740704	3.84405413	0.921153079	0	23.9	0	0	3
4035	910	0	1.57617188	-21.7611755	-24.4202047	-27.0112747	-21.7611755	3.84405413	0.921153079	0	23.9	0	0	3
4040	911	0	1.578125	-21.7403449	-24.417418	-27.0112747	-21.7403449	3.84405413	0.921153079	0	23.9	0	0	3
4045	912	0	1.58007812	-21.7286471	-24.4141203	-27.0112747	-21.7286471	3.84405413	0.921153079	0	23.9	0	0	3
4050	913	0	1.58203125	-21.7245851	-24.4103725	-27.0112747	-21.7245851	3.84405413	0.921153079	0	23.9	0	0	3
4055	914	0	1.58398438	-21.7140008	-24.4061282	-27.0112747	-21.7140008	3.84405413	0.921153079	0	23.9	0	0	3
4060	915	0	1.5859375	-21.6955169	-24.4013246	-27.0112747	-21.6955169	3.84405413	0.921153079	0	23.9	0	0	3
4065	915	0	1.58789062	-21.6869838	-24.3960332	-27.0112747	-21.6869838	3.84405413	0.921153079	0	23.9	0	0	3
4070	916	0	1.58984375	-21.6930567	-24.3904041	-27.0112747	-21.6869838	3.84405413	0.921153079	0	23.9	0	0	3
4075	917	0	1.59179688	-21.6893891	-24.3844945	-27.0112747	-21.6869838	3.84405413	0.921153079	0	23.9	0	0	3
4080	918	0	1.59375	-21.667272	-24.3782467	-27.0112747	-21.667272	3.84405413	0.921153079	0	23.9	0	0	3
4085	919	0	1.59570312	-21.6412446	-24.3716007	-27.0112747	-21.6412446	3.84405413	0.921153079	0	23.9	0	0	3
4090	920	0	1.59765625	-21.6383393	-24.3646783	-27.0112747	-21.6383393	3.84405413	0.921153079	0	23.9	0	0	3
4095	921	0	1.59960938	-21.6622176	-24.3577079	-27.0112747	-21.6383393	3.84405413	0.921153079	0	23.9	0	0	3
4100	922	0	1.6015625	-21.6842658	-24.3507863	-27.0112747	-21.6383393	3.84405413	0.921153079	0	23.9	0	0	3
4105	924	0	1.60351562	-21.6876684	-24.3437979	-27.0112747	-21.6383393	3.84405413	0.921153079	0	23.9	0	0	3
4110	925	0	1.60546875	-21.6831824	-24.3366252	-27.0112747	-21.6383393	3.84405413	0.921153079	0	23.9	0	0	3
4115	926	0	1.60742188	-21.6921747	-24.3293936	-27.0112747	-21.6383393	3.84405413	0.921153079	0	23.9	0	0	3
4120	927	0	1.609375	-21.7144309	-24.3223037	-27.0112747	-21.6383393	3.84405413	0.921153079	0	23.9	0	0	3
4125	928	0	1.61132812	-21.7291254	-24.3154094	-27.0112747	-21.6383393	3.84405413	0.921153079	0	23.9	0	0	3
4130	929	0	1.61328125	-21.7292003	-24.3085493	-27.0112747	-21.6383393	3.84405413	0.921153079	0	23.9	0	0	3
4135	930	0	1.61523438	-21.7285882	-24.3016053	-27.0112747	-21.6383393	3.84405413	0.921153079	0	23.9	0	0	3
4140	931	0	1.6171875	-21.7396443	-24.2947169	-27.0112747	-21.6383393	3.84405413	0.921153079	0	23.9	0	0	3
4145	932	0	1.61914062	-21.7521463	-24.287994	-27.0112747	-21.6383393	3.84405413	0.921153079	0	23.9	0	0	3
4150	933	0	1.62109375	-21.7504541	-24.2813929	-27.0112747	-21.6383393	3.84405413	0.921153079	0	23.9	0	0	3
4155	934	0	1.62304688	-21.7398822	-24.2748498	-27.0112747	-21.6383393	3.84405413	0.921153079	0	23.9	0	0	3
4160	935	0	1.625	-21.7414542	-24.268456	-27.0112747	-21.6383393	3.84405413	0.921153079	0	23.9	0	0	3
4165	936	0	1.62695312	-21.7650436	-24.2624246	-27.0112747	-21.6383393	3.84405413	0.921153079	0	23.9	0	0	3
4170	937	0	1.62890625	-21.7855639	-24.2566956	-27.0112747	-21.6383393	3.84405413	0.921153079	0	23.9	0	0	3
4175	938	0	1.63085938	-21.7841995	-24.251068	-27.0112747	-21.6383393	3.84405413	0.921153079	0	23.9	0	0	3
4180	939	0	1.6328125	-21.7690812	-24.2456056	-27.0112747	-21.6383393	3.84405413	0.921153079	0	23.9	0	0	3
4185	940	0	1.63476562	-21.7759521	-24.2405499	-27.0112747	-21.6383393	3.84405413	0.921153079	0	23.9	0	0	3
4190	941	0	1.63671875	-21.8106904	-24.2359857	-27.0112747	-21.6383393	3.84405413	0.921153079	0	23.9	0	0	3
4195	942	0	1.63867188	-21.841285	-24.2315928	-27.0112747	-21.6383393	3.84405413	0.921153079	0	23.9	0	0	3
4200	943	0	1.640625	-21.8506708	-24.2271667	-27.0112747	-21.6383393	3.84405413	0.921153079	0	23.9	0	0	3
4205	945	0	1.64257812	-21.8505095	-24.2227752	-27.0112747	-21.6383393	3.84405413	0.921153079	0	23.9	0	0	3
4210	946	0	1.64453125	-21.8660829	-24.218506	-27.0112747	-21.6383393	3.84405413	0.921153079	0	23.9	0	0	3
4215	947	0	1.64648438	-21.8900816	-24.2142273	-27.0112747	-21.6383393	3.84405413	0.921153079	0	23.9	0	0	3
4220	948	0	1.6484375	-21.9003233	-24.209782	-27.0112747	-21.6383393	3.84405413	0.921153079	0	23.9	0	0	3
4225	948	0	1.65039062	-21.8927424	-24.2052051	-27.0112747	-21.6383393	3.84405413	0.921153079	0	23.9	0	0	3
4230	949	0	1.65234375	-21.8899007	-24.200638	-27.0112747	-21.6383393	3.84405413	0.921153079	0	23.9	0	0	3
4235	950	0	1.65429688	-21.9008862	-24.1960291	-27.0112747	-21.6383393	3.84405413	0.921153079	0	23.9	0	0	3
4240	951	0	1.65625	-21.9063832	-24.1910989	-27.0112747	-21.6383393	3.84405413	0.921153079	0	23.9	0	0	3
4245	952	0	1.65820312	-21.89623	-24.1858216	-27.0112747	-21.6383393	3.84405413	0.921153079	0	23.9	0	0	3
4250	953	0	1.66015625	-21.8742604	-24.1803234	-27.0112747	-21.6383393	3.84405413	0.921153079	0	23.9	0	0	3
4255	954	0	1.66210938	-21.8683141	-24.1747698	-27.0112747	-21.6383393	3.84405413	0.921153079	0	23.9	0	0	3
4260	955	0	1.6640625	-21.8963687	-24.1691387	-27.0112747	-21.6383393	3.84405413	0.921153079	0	23.9	0	0	3
4265	956	0	1.66601562	-21.9320042	-24.1631798	-27.0112747	-21.6383393	3.84405413	0.921153079	0	23.9	0	0	3
4270	957	0	1.66796875	-21.9561236	-24.1568994	-27.0112747	-21.6383393	3.84405413	0.921153079	0	23.9	0	0	3
4275	958	0	1.66992188	-21.9676859	-24.15047	-27.0112747	-21.6383393	3.84405413	0.921153079	0	23.9	0	0	3
4280	959	0	1.671875	-21.9863672	-24.1440439	-27.0112747	-21.6383393	3.84405413	0.921153079	0	23.9	0	0	3
4285	960	0	1.67382812	-22.0249824	-24.1375328	-27.0112747	-21.6383393	3.84405413	0.921153079	0	23.9	0	0	3
4290	961	0	1.67578125	-22.0609037	-24.1306119	-27.0112747	-21.6383393	3.84405413	0.921153079	0	23.9	0	0	3
4295	962	0	1.67773438	-22.0802132	-24.1232779	-27.0112747	-21.6383393	3.84405413	0.921153079	0	23.9	0	0	3
4300	963	0	1.6796875	-22.0896871	-24.1156853	-27.0112747	-21.6383393	3.84405413	0.921153079	0	23.9	0	0	3
4305	965	0	1.68164062	-22.1073924	-24.1079341	-27.0112747	-21.6383393	3.84405413	0.921153079	0	23.9	0	0	3
4310	966	0	1.68359375	-22.1388863	-24.0999147	-27.0112747	-21.6383393	3.84405413	0.921153079	0	23.9	0	0	3
4315	967	0	1.68554688	-22.1612352	-24.091489	-27.0112747	-21.6383393	3.84405413	0.921153079	0	23.9	0	0	3
4320	968	0	1.6875	-22.1659876	-24.082706	-27.0112747	-21.6383393	3.84405413	0.921153079	0	23.9	0	0	3
4325	969	0	1.68945312	-22.1640693	-24.0736481	-27.0112747	-21.6383393	3.84405413	0.921153079	0	23.9	0	0	3
4330	970	0	1.69140625	-22.1804987	-24.0643317	-27.0112747	-21.6383393	3.84405413	0.921153079	0	23.9	0	0	3
4335	971	0	1.69335938	-22.2173821	-24.0548019	-27.0112747	-21.6383393	3.84405413	0.921153079	0	23.9	0	0	3
4340	972	0	1.6953125	-22.2435139	-24.0451468	-27.0112747	-21.6383393	3.84405413	0.921153079	0	23.9	0	0	3
4345	973	0	1.69726562	-22.2512559	-24.0354131	-27.0112747	-21.6383393	3.84405413	0.921153079	0	23.9	0	0	3
4350	974	0	1.69921875	-22.2544336	-24.0255	-27.0112747	-21.6383393	3.84405413	0.921153079	0	23.9	0	0	3
4355	975	0	1.70117188	-22.275666	-24.0152512	-27.0112747	-21.6383393	3.84405413	0.921153079	0	23.9	0	0	3
4360	976	0	1.703125	-22.3145158	-24.0047873	-27.0112747	-21.6383393	3.84405413	0.921153079	0	23.9	0	0	3
4365	977	0	1.70507812	-22.3490009	-23.9943113	-27.0112747	-21.6383393	3.84405413	0.921153079	0	23.9	0	0	3
4370	978	0	1.70703125	-22.369342	-23.983895	-27.0112747	-21.6383393	3.84405413	0.921153079	0	23.9	0	0	3
4375	979	0	1.70898438	-22.3814972	-23.9733125	-27.0112747	-21.6383393	3.84405413	0.921153079	0	23.9	0	0	3
4380	980	0	1.7109375	-22.3893005	-23.9622815	-27.0112747	-21.6383393	3.84405413	0.921153079	0	23.9	0	0	3
4385	981	0	1.71289062	-22.3965432	-23.9509324	-27.0112747	-21.6383393	3.84405413	0.921153079	0	23.9	0	0	3
4390	982	0	1.71484375	-22.4111258	-23.9395052	-27.0112747	-21.6383393	3.84405413	0.921153079	0	23.9	0	0	3
4395	983	0	1.71679688	-22.427955	-23.928038	-27.0112747	-21.6383393	3.84405413	0.921153079	0	23.9	0	0	3
4400	984	0	1.71875	-22.4338702	-23.9162028	-27.0112747	-21.6383393	3.84405413	0.921153079	0	23.9	0	0	3
4405	986	0	1.72070312	-22.4245897	-23.9038693	-27.0112747	-21.6383393	3.84405413	0.921153079	0	23.9	0	0	3
4410	987	0	1.72265625	-22.3991136	-23.8911955	-27.0112747	-21.6383393	3.84405413	0.921153079	0	23.9	0	0	3
4415	988	0	1.72460938	-22.3730665	-23.8783514	-27.0112747	-21.6383393	3.84405413	0.921153079	0	23.9	0	0	3
4420	989	0	1.7265625	-22.3831402	-23.8653686	-27.0112747	-21.6383393	3.84405413	0.921153079	0	23.9	0	0	3
4425	990	0	1.72851562	-22.4147159	-23.8520029	-27.0112747	-21.6383393	3.84405413	0.921153079	0	23.9	0	0	3
4430	991	0	1.73046875	-22.4351776	-23.8382901	-27.0112747	-21.6383393	3.84405413	0.921153079	0	23.9	0	0	3
4435	992	0	1.73242188	-22.4378302	-23.8244346	-27.0112747	-21.6383393	3.84405413	0.921153079	0	23.9	0	0	3
4440	992	0	1.734375	-22.4457484	-23.8106282	-27.0112747	-21.6383393	3.8439972	0.921153079	0	23.9	0	0	3
4445	993	0	1.73632812	-22.4875169	-23.79681	-27.0112747	-21.6383393	3.84247181	0.921153079	0	23.9	0	0	3
4450	994	0	1.73828125	-22.5322806	-23.7826355	-27.0112747	-21.6383393	3.83981742	0.921153079	0	23.9	0	0	3
4455	995	0	1.74023438	-22.5534784	-23.7681471	-27.0112747	-21.6383393	3.83659996	0.921153079	0	24	0	0	3
4460	996	0	1.7421875	-22.5552584	-23.7535208	-27.0112747	-21.6383393	3.83305065	0.921153079	0	24	0	0	3
4465	997	0	1.74414062	-22.5734696	-23.7389351	-27.0112747	-21.6383393	3.82885809	0.921153079	0	24	0	0	3
4470	998	0	1.74609375	-22.6180855	-23.7242946	-27.0112747	-21.6383393	3.82369341	0.921153079	0	24	0	0	3
4475	999	0	1.74804688	-22.6494104	-23.7093774	-27.0112747	-21.6383393	3.81760272	0.921153079	0	24.1	0	0	3
4480	1000	0	1.75	-22.6526793	-23.6942114	-27.0112747	-21.6383393	3.81075063	0.921153079	0	24.1	0	0	3
4485	1001	0	1.75195312	-22.6485732	-23.6789136	-27.0112747	-21.6383393	3.80302646	0.921153079	0	24.2	0	0	3
4490	1002	0	1.75390625	-22.6794119	-23.6635941	-27.0112747	-21.6383393	3.79405231	0.921153079	0	24.2	0	0	3
4495	1003	0	1.75585938	-22.7238936	-23.6481388	-27.0112747	-21.6383393	3.7836727	0.921153079	0	24.3	0	0	3
4500	1004	0	1.7578125	-22.7453077	-23.6325044	-27.0112747	-21.6383393	3.77196264	0.921153079	0	24.4	0	0	3
4505	1007	0	1.75976562	-22.7448526	-23.6167576	-27.0112747	-21.6383393	3.75903763	0.921153079	0	24.5	0	0	3
4510	1008	0	1.76171875	-22.754641	-23.6010164	-27.0112747	-21.6383393	3.74485975	0.921153079	0	24.5	0	0	3
4515	1009	0	1.76367188	-22.8051081	-23.5853253	-27.0112747	-21.6383393	3.72931409	0.921153079	0	24.7	0	0	3
4520	1010	0	1.765625	-22.8549425	-23.5695581	-27.0112747	-21.6383393	3.71245892	0.921153079	0	24.8	0	0	3
4525	1011	0	1.76757812	-22.8778769	-23.5536847	-27.0112747	-21.6383393	3.69448593	0.921153079	0	24.9	0	0	3
4530	1012	0	1.76953125	-22.8903388	-23.5378228	-27.0112747	-21.6383393	3.67553922	0.921153079	0	25	0	0	3
4535	1013	0	1.77148438	-22.9269489	-23.5221132	-27.0112747	-21.6383393	3.65559218	0.921153079	0	25.1	0	0	3
4540	1014	0	1.7734375	-22.9803506	-23.5065252	-27.0112747	-21.6383393	3.63464226	0.921153079	0	25.3	0	0	3
4545	1015	0	1.77539062	-23.014316	-23.4909678	-27.0112747	-21.6383393	3.6128128	0.921153079	0	25.4	0	0	3
4550	1016	0	1.77734375	-23.0249763	-23.4754578	-27.0112747	-21.6383393	3.59021104	0.921153079	0	25.6	0	0	3
4555	1017	0	1.77929688	-23.0350402	-23.4600838	-27.0112747	-21.6383393	3.56670764	0.921153079	0	25.8	0	0	3
4560	1018	0	1.78125	-23.0721468	-23.4449033	-27.0112747	-21.6383393	3.5420738	0.921153079	0	26	0	0	3
4565	1019	0	1.78320312	-23.1100791	-23.429819	-27.0112747	-21.6383393	3.51622134	0.921153079	0	26.1	0	0	3
4570	1020	0	1.78515625	-23.1153895	-23.4146887	-27.0112747	-21.6383393	3.48918109	0.921153079	0	26.4	0	0	3
4575	1021	0	1.78710938	-23.0984518	-23.3994701	-27.0112747	-21.6383393	3.46099031	0.921153079	0	26.6	0	0	3
4580	1022	0	1.7890625	-23.0941993	-23.3842372	-27.0112747	-21.6383393	3.43163697	0.921153079	0	26.8	0	0	3
4585	1023	0	1.79101562	-23.1194434	-23.3690945	-27.0112747	-21.6383393	3.40108052	0.921153079	0	27	0	0	3
4590	1024	0	1.79296875	-23.1603209	-23.3540926	-27.0112747	-21.6383393	3.36929577	0.921153079	0	27.3	0	0	3
4595	1025	0	1.79492188	-23.1929894	-23.3392021	-27.0112747	-21.6383393	3.33629384	0.921153079	0	27.6	0	0	3
4600	1026	0	1.796875	-23.217166	-23.3243983	-27.0112747	-21.6383393	3.3021415	0.921153079	0	27.8	0	0	3
4605	1029	0	1.79882812	-23.245135	-23.3096999	-27.0112747	-21.6383393	3.26694074	0.921153079	0	28.1	0	0	3
4610	1030	0	1.80078125	-23.2818541	-23.2951318	-27.0021372	-21.6383393	3.23086235	0.921153079	0	28.5	0	0	3
4615	1031	0	1.80273438	-23.3220775	-23.2807566	-26.9834116	-21.6383393	3.19403377	0.921153079	0	28.8	0	0	3
4620	1032	0	1.8046875	-23.3664325	-23.2666363	-26.9834116	-21.6383393	3.15645788	0.921153079	0	29.1	0	0	3
4625	1033	0	1.80664062	-23.4143184	-23.2527148	-26.9834116	-21.6383393	3.1181602	0.921153079	0	29.5	0	0	3
4630	1034	0	1.80859375	-23.4506161	-23.2389149	-26.9676499	-21.6383393	3.07932328	0.921153079	0	29.9	0	0	3
4635	1035	0	1.81054688	-23.4746518	-23.2252703	-26.9296187	-21.6383393	3.04018192	0.921153079	0	30.2	0	0	3
4640	1036	0	1.8125	-23.4951624	-23.2118545	-26.8903308	-21.6383393	3.00088685	0.921153079	0	30.6	0	0	3
4645	1037	0	1.81445312	-23.5336994	-23.1987687	-26.8903308	-21.6383393	2.96142497	0.921153079	0	31.1	0	0	3
4650	1038	0	1.81640625	-23.5924822	-23.1860122	-26.8903308	-21.6383393	2.92172527	0.921153079	0	31.5	0	0	3
4655	1039	0	1.81835938	-23.6358351	-23.1734112	-26.8903308	-21.6383393	2.8818134	0.921153079	0	31.9	0	0	3
4660	1040	0	1.8203125	-23.6572228	-23.1608647	-26.8903308	-21.6383393	2.84180348	0.921153079	0	32.4	0	0	3
4665	1041	0	1.82226562	-23.6743483	-23.1484066	-26.8903308	-21.6383393	2.8017904	0.921153079	0	32.8	0	0	3
4670	1042	0	1.82421875	-23.7182357	-23.1361693	-26.8903308	-21.6383393	2.76177423	0.921153079	0	33.3	0	0	3
4675	1043	0	1.82617188	-23.7824411	-23.1242166	-26.8903308	-21.6383393	2.72169878	0.921153079	0	33.8	0	0	3
4680	1044	0	1.828125	-23.8249433	-23.1124588	-26.8903308	-21.6383393	2.68149235	0.921153079	0	34.3	0	0	3
4685	1045	0	1.83007812	-23.8435779	-23.1007631	-26.8903308	-21.6383393	2.64107618	0.921153079	0	34.8	0	0	3
4690	1046	0	1.83203125	-23.8668559	-23.0890222	-26.8903308	-21.6383393	2.60063288	0.921153079	0	35.4	0	0	3
4695	1047	0	1.83398438	-23.9268534	-23.0774461	-26.8557058	-21.6383393	2.56044518	0.921153079	0	35.9	0	0	3
4700	1048	0	1.8359375	-23.9933188	-23.0662649	-26.7800497	-21.6383393	2.52065521	0.921153079	0	36.5	0	0	3
4705	1050	0	1.83789062	-24.0343514	-23.0555395	-26.7066084	-21.6383393	2.4812294	0.921153079	0	37.1	0	0	3
4710	1051	0	1.83984375	-24.0607637	-23.0452042	-26.688923	-21.6383393	2.44198106	0.921153079	0	37.7	0	0	3
4715	1052	0	1.84179688	-24.0956754	-23.0350743	-26.6808568	-21.6383393	2.40296375	0.921153079	0	38.3	0	0	3
4720	1053	0	1.84375	-24.1420833	-23.0251572	-26.6253802	-21.6383393	2.36445964	0.921153079	0	38.9	0	0	3
4725	1054	0	1.84570312	-24.1697202	-23.0155648	-26.5212649	-21.6383393	2.32671253	0.921153079	0	39.5	0	0	3
4730	1055	0	1.84765625	-24.1792195	-23.0064162	-26.4266439	-21.6383393	2.28968058	0.921153079	0	40.2	0	0	3
4735	1056	0	1.84960938	-24.207473	-22.9977475	-26.4231042	-21.6383393	2.25297097	0.921153079	0	40.8	0	0	3
4740	1057	0	1.8515625	-24.2484618	-22.9892656	-26.4231042	-21.6383393	2.2164816	0.921153079	0	41.5	0	0	3
4745	1058	0	1.85351562	-24.2728539	-22.9808662	-26.3684609	-21.6383393	2.18042443	0.921153079	0	42.2	0	0	3
4750	1059	0	1.85546875	-24.2680706	-22.9726616	-26.2628726	-21.6383393	2.1450402	0.921153079	0	42.9	0	0	3
4755	1060	0	1.85742188	-24.2636917	-22.9648523	-26.178255	-21.6383393	2.11025105	0.921153079	0	43.6	0	0	3
4760	1061	0	1.859375	-24.3153512	-22.9575753	-26.1745248	-21.6383393	2.0756637	0.921153079	0	44.3	0	0	3
4765	1062	0	1.86132812	-24.3717329	-22.9505332	-26.1567681	-21.6383393	2.04126525	0.921153079	0	45.1	0	0	3
4770	1063	0	1.86328125	-24.3864173	-22.9436177	-26.0845474	-21.6383393	2.00725104	0.921153079	0	45.8	0	0	3
4775	1064	0	1.86523438	-24.3711067	-22.9369246	-25.9748065	-21.6383393	1.97377786	0.921153079	0	46.6	0	0	3
4780	1065	0	1.8671875	-24.3845661	-22.9307127	-25.8988285	-21.6383393	1.94070356	0.921153079	0	47.4	0	0	3
4785	1066	0	1.86914062	-24.4610403	-22.9250964	-25.8873726	-21.6383393	1.90774282	0.921153079	0	48.2	0	0	3
4790	1067	0	1.87109375	-24.518673	-22.9197499	-25.8462922	-21.6383393	1.87499977	0.921153079	0	49.1	0	0	3
4795	1068	0	1.87304688	-24.5236221	-22.9145832	-25.7537139	-21.6383393	1.84267718	0.921153079	0	49.9	0	0	3
4800	1069	0	1.875	-24.5032046	-22.9096984	-25.6396463	-21.6383393	1.8108311	0.921153079	0	50.8	0	0	3
4805	1071	0	1.87695312	-24.5288323	-22.9053593	-25.5587256	-21.6383393	1.77929236	0.921153079	0	51.7	0	0	3
4810	1072	0	1.87890625	-24.6136124	-22.9016674	-25.518283	-21.6383393	1.74790126	0.921153079	0	52.7	0	0	3
4815	1072	0	1.88085938	-24.6660398	-22.8983384	-25.4581825	-21.6383393	1.71677759	0.921153079	0	53.6	0	0	3
4820	1073	0	1.8828125	-24.6659594	-22.8952437	-25.368513	-21.6383393	1.68602917	0.921153079	0	54.6	0	0	3
4825	1074	0	1.88476562	-24.6428064	-22.8924089	-25.2909828	-21.6383393	1.65553408	0.921153079	0	55.6	0	0	3
4830	1075	0	1.88671875	-24.6721439	-22.8899916	-25.2801751	-21.6383393	1.62498612	0.921153079	0	56.6	0	0	3
4835	1076	0	1.88867188	-24.7519665	-22.8879315	-25.2801751	-21.6383393	1.59436455	0.921153079	0	57.7	0	0	3
4840	1077	0	1.890625	-24.7920076	-22.8860246	-25.245468	-21.6383393	1.56387149	0.921153079	0	58.9	0	0	3
4845	1078	0	1.89257812	-24.7876812	-22.8842364	-25.1767087	-21.6383393	1.54552732	0.921153079	0	59.6	0	0	3
4850	1079	0	1.89453125	-24.7763601	-22.8826725	-25.1630826	-21.6383393	1.54709118	0.921153079	0	59.5	0	0	3
4855	1080	0	1.89648438	-24.8246789	-22.8814619	-25.1630826	-21.6383393	1.54830178	0.921153079	0	59.4	0	0	3
4860	1081	0	1.8984375	-24.8940925	-22.8804277	-25.1630826	-21.6383393	1.54933595	0.921153079	0	59.4	0	0	3
4865	1082	0	1.90039062	-24.920373	-22.8794797	-25.1111363	-21.6383393	1.55028403	0.921153079	0	59.4	0	0	3
4870	1083	0	1.90234375	-24.910653	-22.8786965	-25.0230682	-21.6383393	1.55106717	0.921153079	0	59.3	0	0	3
4875	1084	0	1.90429688	-24.9166197	-22.8782807	-24.9540568	-21.6383393	1.55148299	0.921153079	0	59.3	0	0	3
4880	1085	0	1.90625	-24.9779851	-22.8783742	-24.9779851	-21.6383393	1.55148299	0.921153079	0	59.3	0	0	3
4885	1086	0	1.90820312	-25.0326106	-22.8787818	-25.0326106	-21.6383393	1.55148299	0.921153079	0	59.3	0	0	3
4890	1087	0	1.91015625	-25.0381341	-22.8793634	-25.0381341	-21.6383393	1.55148299	0.921153079	0	59.3	0	0	3
4895	1088	0	1.91210938	-25.0101937	-22.8801326	-25.0381341	-21.6383393	1.55148299	0.921153079	0	59.3	0	0	3
4900	1089	0	1.9140625	-25.0176926	-22.8813	-25.0381341	-21.6383393	1.55148299	0.921153079	0	59.3	0	0	3
4905	1092	0	1.91601562	-25.083617	-22.8829782	-25.083617	-21.6383393	1.55148299	0.921153079	0	59.3	0	0	3
4910	1093	0	1.91796875	-25.1293117	-22.8849773	-25.1293117	-21.6383393	1.55148299	0.921153079	0	59.3	0	0	3
4915	1094	0	1.91992188	-25.1174464	-22.8871313	-25.1293117	-21.6383393	1.55148299	0.921153079	0	59.3	0	0	3
4920	1095	0	1.921875	-25.0806337	-22.8894585	-25.1293117	-21.6383393	1.55148299	0.921153079	0	59.3	0	0	3
4925	1096	0	1.92382812	-25.0968053	-22.892148	-25.1293117	-21.6383393	1.55148299	0.921153079	0	59.3	0	0	3
4930	1097	0	1.92578125	-25.1523436	-22.8951979	-25.1523436	-21.6383393	1.55148299	0.921153079	0	59.3	0	0	3
4935	1098	0	1.92773438	-25.1698754	-22.8984849	-25.1698754	-21.6383393	1.55148299	0.921153079	0	59.3	0	0	3
4940	1099	0	1.9296875	-25.1337533	-22.9019308	-25.1698754	-21.6383393	1.55148299	0.921153079	0	59.3	0	0	3
4945	1100	0	1.93164062	-25.1016908	-22.9056347	-25.1698754	-21.6383393	1.55148299	0.921153079	0	59.3	0	0	3
4950	1101	0	1.93359375	-25.1330005	-22.9097115	-25.1698754	-21.6383393	1.55148299	0.921153079	0	59.3	0	0	3
4955	1102	0	1.93554688	-25.1769138	-22.9140596	-25.1769138	-21.6383393	1.55148299	0.921153079	0	59.3	0	0	3
4960	1103	0	1.9375	-25.1743799	-22.9186252	-25.1769138	-21.6383393	1.55148299	0.921153079	0	59.3	0	0	3
4965	1104	0	1.93945312	-25.1345899	-22.9234413	-25.1769138	-21.6383393	1.55148299	0.921153079	0	59.3	0	0	3
4970	1105	0	1.94140625	-25.1194883	-22.9286463	-25.1769138	-21.6383393	1.55148299	0.921153079	0	59.3	0	0	3
4975	1106	0	1.94335938	-25.1662846	-22.9342964	-25.1769138	-21.6383393	1.55148299	0.921153079	0	59.3	0	0	3
4980	1107	0	1.9453125	-25.2067514	-22.9402483	-25.2067514	-21.6383393	1.55148299	0.921153079	0	59.3	0	0	3
4985	1108	0	1.94726562	-25.1974552	-22.9464271	-25.2067514	-21.6383393	1.55148299	0.921153079	0	59.3	0	0	3
4990	1109	0	1.94921875	-25.1583187	-22.9528597	-25.2067514	-21.6383393	1.55148299	0.921153079	0	59.3	0	0	3
4995	1110	0	1.95117188	-25.1536012	-22.9596585	-25.2067514	-21.6383393	1.55148299	0.921153079	0	59.3	0	0	3
5000	1111	0	1.953125	-25.1982496	-22.9667537	-25.2067514	-21.6383393	1.55148299	0.921153079	0	59.3	0	0	3
5005	1113	0	1.95507812	-25.2207397	-22.97398	-25.2207397	-21.6383393	1.55148299	0.921153079	0	59.3	0	0	3
5010	1114	0	1.95703125	-25.1950904	-22.9812585	-25.2207397	-21.6383393	1.55148299	0.921153079	0	59.3	0	0	3
5015	1115	0	1.95898438	-25.1587253	-22.9886339	-25.2207397	-21.6383393	1.55148299	0.921153079	0	59.3	0	0	3
5020	1116	0	1.9609375	-25.1775719	-22.9962197	-25.2207397	-21.6383393	1.55148299	0.921153079	0	59.3	0	0	3
5025	1117	0	1.96289062	-25.2197633	-23.0039574	-25.2207397	-21.6383393	1.55148299	0.921153079	0	59.3	0	0	3
5030	1118	0	1.96484375	-25.2187433	-23.0117506	-25.2207397	-21.6383393	1.55148299	0.921153079	0	59.3	0	0	3
5035	1119	0	1.96679688	-25.1742289	-23.0195434	-25.2207397	-21.6383393	1.55148299	0.921153079	0	59.3	0	0	3
5040	1120	0	1.96875	-25.1366522	-23.0273357	-25.2207397	-21.6383393	1.55148299	0.921153079	0	59.3	0	0	3
5045	1121	0	1.97070312	-25.1671076	-23.035271	-25.2207397	-21.6383393	1.55148299	0.921153079	0	59.3	0	0	3
5050	1122	0	1.97265625	-25.2121443	-23.0434623	-25.2207397	-21.6383393	1.55148299	0.921153079	0	59.3	0	0	3
5055	1123	0	1.97460938	-25.2121563	-23.0518834	-25.2207397	-21.6383393	1.55148299	0.921153079	0	59.3	0	0	3
5060	1124	0	1.9765625	-25.181379	-23.0604704	-25.2207397	-21.6383393	1.55148299	0.921153079	0	59.3	0	0	3
5065	1125	0	1.97851562	-25.1580386	-23.0690772	-25.2207397	-21.6383393	1.55148299	0.921153079	0	59.3	0	0	3
5070	1126	0	1.98046875	-25.1859864	-23.0777798	-25.2207397	-21.6383393	1.55148299	0.921153079	0	59.3	0	0	3
5075	1127	0	1.98242188	-25.2215205	-23.0867425	-25.2215205	-21.6383393	1.55148299	0.921153079	0	59.3	0	0	3
5080	1128	0	1.984375	-25.2189248	-23.0959848	-25.2215205	-21.6383393	1.55148299	0.921153079	0	59.3	0	0	3
5085	1129	0	1.98632812	-25.1974222	-23.1054257	-25.2215205	-21.6383393	1.55148299	0.921153079	0	59.3	0	0	3
5090	1130	0	1.98828125	-25.1878449	-23.1148793	-25.2215205	-21.6383393	1.55148299	0.921153079	0	59.3	0	0	3
5095	1131	0	1.99023438	-25.1967081	-23.1243693	-25.2215205	-21.6383393	1.55148299	0.921153079	0	59.3	0	0	3
5100	1132	0	1.9921875	-25.1877983	-23.1339953	-25.2215205	-21.6383393	1.55148299	0.921153079	0	59.3	0	0	3
5105	1134	0	1.99414062	-25.1565323	-23.1438063	-25.2215205	-21.6383393	1.55148299	0.921153079	0	59.3	0	0	3
5110	1135	0	1.99609375	-25.1312871	-23.1537482	-25.2215205	-21.6383393	1.55148299	0.921153079	0	59.3	0	0	3
5115	1136	0	1.99804688	-25.125875	-23.1636906	-25.2215205	-21.6383393	1.55148299	0.921153079	0	59.3	0	0	3
5120	1137	0	2	-25.1166871	-23.1736463	-25.2215205	-21.6383393	1.55148299	0.921153079	0	59.3	0	0	3
5125	1138	0	2.00195312	-25.0881295	-23.1836999	-25.2215205	-21.6383393	1.55148299	0.921153079	0	59.3	0	0	3
5130	1139	0	2.00390625	-25.0616486	-23.1939539	-25.2215205	-21.6383393	1.55148299	0.921153079	0	59.3	0	0	3
5135	1140	0	2.00585938	-25.0579849	-23.204388	-25.2215205	-21.6383393	1.55148299	0.921153079	0	59.3	0	0	3
5140	1141	0	2.0078125	-25.0640157	-23.2148886	-25.2215205	-21.6383393	1.55148299	0.921153079	0	59.3	0	0	3
5145	1142	0	2.00976562	-25.0427421	-23.2254249	-25.2215205	-21.6383393	1.55148299	0.921153079	0	59.3	0	0	3
5150	1143	0	2.01171875	-25.0070531	-23.2360802	-25.2215205	-21.6383393	1.55148299	0.921153079	0	59.3	0	0	3
5155	1144	0	2.01367188	-24.9944485	-23.2469993	-25.2215205	-21.6383393	1.55148299	0.921153079	0	59.3	0	0	3
5160	1145	0	2.015625	-25.0043776	-23.2581138	-25.2215205	-21.6383393	1.55148299	0.921153079	0	59.3	0	0	3
5165	1146	0	2.01757812	-24.9965483	-23.269188	-25.2215205	-21.6383393	1.55148299	0.921153079	0	59.3	0	0	3
5170	1147	0	2.01953125	-24.9493085	-23.2801454	-25.2215205	-21.6383393	1.55148299	0.921153079	0	59.3	0	0	3
5175	1148	0	2.02148438	-24.9053498	-23.2911319	-25.2215205	-21.6383393	1.55148299	0.921153079	0	59.3	0	0	3
5180	1149	0	2.0234375	-24.909866	-23.3023584	-25.2215205	-21.6383393	1.55148299	0.921153079	0	59.3	0	0	3
5185	1150	0	2.02539062	-24.9219793	-23.3136606	-25.2215205	-21.6383393	1.55148299	0.921153079	0	59.3	0	0	3
5190	1151	0	2.02734375	-24.8971484	-23.3247643	-25.2215205	-21.6383393	1.55148299	0.921153079	0	59.3	0	0	3
5195	1152	0	2.02929688	-24.8316215	-23.3356169	-25.2215205	-21.6383393	1.55148299	0.921153079	0	59.3	0	0	3
5200	1153	0	2.03125	-24.7882355	-23.3464397	-25.2215205	-21.6383393	1.55148299	0.921153079	0	59.3	0	0	3
5205	1156	0	2.03320312	-24.7970998	-23.3574455	-25.2215205	-21.6383393	1.55148299	0.921153079	0	59.3	0	0	3
5210	1157	0	2.03515625	-24.8011197	-23.3684577	-25.2215205	-21.6383393	1.55148299	0.921153079	0	59.3	0	0	3
5215	1158	0	2.03710938	-24.7653456	-23.3792488	-25.2215205	-21.6383393	1.55148299	0.921153079	0	59.3	0	0	3
5220	1159	0	2.0390625	-24.712717	-23.3898555	-25.2215205	-21.6383393	1.55148299	0.921153079	0	59.3	0	0	3
5225	1160	0	2.04101562	-24.7104192	-23.4005722	-25.2215205	-21.6383393	1.55148299	0.921153079	0	59.3	0	0	3
5230	1161	0	2.04296875	-24.7339801	-23.4114903	-25.2215205	-21.6383393	1.55148299	0.921153079	0	59.3	0	0	3
5235	1162	0	2.04492188	-24.7316826	-23.4223874	-25.2215205	-21.6383393	1.55148299	0.921153079	0	59.3	0	0	3
5240	1163	0	2.046875	-24.6921275	-23.4330757	-25.2215205	-21.6383393	1.55148299	0.921153079	0	59.3	0	0	3
5245	1164	0	2.04882812	-24.6690691	-23.4437163	-25.2215205	-21.6383393	1.55148299	0.921153079	0	59.3	0	0	3
5250	1165	0	2.05078125	-24.6880449	-23.4545605	-25.2215205	-21.6383393	1.55148299	0.921153079	0	59.3	0	0	3
5255	1166	0	2.05273438	-24.6924804	-23.4655227	-25.2215205	-21.6383393	1.55148299	0.921153079	0	59.3	0	0	3
5260	1167	0	2.0546875	-24.6570035	-23.4763368	-25.2215205	-21.6383393	1.55148299	0.921153079	0	59.3	0	0	3
5265	1168	0	2.05664062	-24.6075486	-23.4869359	-25.2215205	-21.6383393	1.55148299	0.921153079	0	59.3	0	0	3
5270	1169	0	2.05859375	-24.5997324	-23.4975739	-25.2215205	-21.6383393	1.55148299	0.921153079	0	59.3	0	0	3
5275	1170	0	2.06054688	-24.6095902	-23.5083772	-25.2215205	-21.6383393	1.55138024	0.921153079	0	59.3	0	0	3
5280	1171	0	2.0625	-24.5768391	-23.5191202	-25.2215205	-21.6383393	1.55093227	0.921153079	0	59.3	0	0	3
5285	1172	0	2.06445312	-24.5083159	-23.5295828	-25.2215205	-21.6383393	1.55011348	0.921153079	0	59.4	0	0	3
5290	1173	0	2.06640625	-24.463599	-23.5398865	-25.2215205	-21.6383393	1.54894702	0.921153079	0	59.4	0	0	3
5295	1174	0	2.06835938	-24.4734793	-23.550321	-25.2215205	-21.6383393	1.54752996	0.921153079	0	59.5	0	0	3
5300	1175	0	2.0703125	-24.4758936	-23.5608599	-25.2215205	-21.6383393	1.54595296	0.921153079	0	59.5	0	0	3
5305	1177	0	2.07226562	-24.4305377	-23.5712367	-25.2215205	-21.6383393	1.5441523	0.921153079	0	59.6	0	0	3
5310	1178	0	2.07421875	-24.3678475	-23.5813683	-25.2215205	-21.6383393	1.54192396	0.921153079	0	59.7	0	0	3
5315	1179	0	2.07617188	-24.3488268	-23.5914763	-25.2215205	-21.6383393	1.53913733	0.921153079	0	59.8	0	0	3
5320	1180	0	2.078125	-24.3712981	-23.6017534	-25.2215205	-21.6383393	1.53583959	0.921153079	0	59.9	0	0	3
5325	1181	0	2.08007812	-24.360666	-23.6120348	-25.2215205	-21.6383393	1.53209181	0.921153079	0	60.1	0	0	3
5330	1182	0	2.08203125	-24.2983299	-23.6220885	-25.2215205	-21.6383393	1.52784753	0.921153079	0	60.2	0	0	3
5335	1184	0	2.08398438	-24.2372877	-23.631945	-25.2215205	-21.6383393	1.52304388	0.921153079	0	60.4	0	0	3
5340	1185	0	2.0859375	-24.2405551	-23.6418866	-25.2215205	-21.6383393	1.51775253	0.921153079	0	60.6	0	0	3
5345	1186	0	2.08789062	-24.2581919	-23.6519304	-25.2215205	-21.6383393	1.51212338	0.921153079	0	60.9	0	0	3
5350	1187	0	2.08984375	-24.2230704	-23.6618132	-25.2215205	-21.6383393	1.50621376	0.921153079	0	61.1	0	0	3
5355	1188	0	2.09179688	-24.1461089	-23.6714098	-25.2215205	-21.6383393	1.49996603	0.921153079	0	61.4	0	0	3
5360	1189	0	2.09375	-24.0893263	-23.680871	-25.2215205	-21.6383393	1.49331995	0.921153079	0	61.6	0	0	3
5365	1190	0	2.09570312	-24.0968857	-23.6904633	-25.2215205	-21.6383393	1.48639757	0.921153079	0	61.9	0	0	3
5370	1191	0	2.09765625	-24.1031271	-23.7000914	-25.2215205	-21.6622176	1.47942715	0.921153079	0	62.2	0	0	3
5375	1192	0	2.09960938	-24.059177	-23.7094545	-25.2215205	-21.6831824	1.47250558	0.921153079	0	62.5	0	0	3
5380	1193	0	2.1015625	-23.9871591	-23.7184502	-25.2215205	-21.6831824	1.4655172	0.921153079	0	62.8	0	0	3
5385	1194	0	2.10351562	-23.9515187	-23.7272933	-25.2215205	-21.6831824	1.45834446	0.921153079	0	63.1	0	0	3
5390	1195	0	2.10546875	-23.9778743	-23.736257	-25.2215205	-21.6921747	1.45111284	0.921153079	0	63.4	0	0	3
5395	1196	0	2.10742188	-23.9871179	-23.7452216	-25.2215205	-21.7144309	1.44402296	0.921153079	0	63.7	0	0	3
5400	1197	0	2.109375	-23.9481014	-23.7539469	-25.2215205	-21.7285882	1.43712872	0.921153079	0	64	0	0	3
5405	1199	0	2.11132812	-23.8892464	-23.7623849	-25.2215205	-21.7285882	1.4302686	0.921153079	0	64.4	0	0	3
5410	1200	0	2.11328125	-23.8855946	-23.7708083	-25.2215205	-21.7285882	1.42332459	0.921153079	0	64.7	0	0	3
5415	1201	0	2.11523438	-23.9237896	-23.7793833	-25.2215205	-21.7396443	1.41643617	0.921153079	0	65	0	0	3
5420	1202	0	2.1171875	-23.923679	-23.7879147	-25.2215205	-21.7398822	1.40971328	0.921153079	0	65.3	0	0	3
5425	1203	0	2.11914062	-23.8743413	-23.7962045	-25.2215205	-21.7398822	1.40311214	0.921153079	0	65.6	0	0	3
5430	1204	0	2.12109375	-23.8201231	-23.8042891	-25.2215205	-21.7398822	1.3965691	0.921153079	0	65.9	0	0	3
5435	1205	0	2.12304688	-23.8232411	-23.8124273	-25.2215205	-21.7414542	1.39017528	0.921153079	0	66.2	0	0	3
5440	1206	0	2.125	-23.8415201	-23.8206306	-25.2215205	-21.7650436	1.38414394	0.921153079	0	66.5	0	0	3
5445	1207	0	2.12695312	-23.8149964	-23.8286383	-25.2215205	-21.7690812	1.37841484	0.921153079	0	66.8	0	0	3
5450	1208	0	2.12890625	-23.7535661	-23.8363258	-25.2215205	-21.7690812	1.37278729	0.921153079	0	67.1	0	0	3
5455	1209	0	2.13085938	-23.7140047	-23.8438641	-25.2215205	-21.7690812	1.36732489	0.921153079	0	67.3	0	0	3
5460	1210	0	2.1328125	-23.7284552	-23.8515179	-25.2215205	-21.7759521	1.36226921	0.921153079	0	67.6	0	0	3
5465	1211	0	2.13476562	-23.7361942	-23.8591751	-25.2215205	-21.8106904	1.357705	0.921153079	0	67.8	0	0	3
5470	1212	0	2.13671875	-23.6939003	-23.8665314	-25.2215205	-21.841285	1.35331209	0.921153079	0	68	0	0	3
5475	1213	0	2.13867188	-23.6299173	-23.8735182	-25.2215205	-21.8505095	1.34888595	0.921153079	0	68.2	0	0	3
5480	1214	0	2.140625	-23.6125171	-23.8804004	-25.2215205	-21.8505095	1.34449453	0.921153079	0	68.5	0	0	3
5485	1215	0	2.14257812	-23.6399646	-23.8873905	-25.2215205	-21.8660829	1.34022526	0.921153079	0	68.7	0	0	3
5490	1216	0	2.14453125	-23.6341595	-23.894297	-25.2215205	-21.8683141	1.33594657	0.921153079	0	68.9	0	0	3
5495	1217	0	2.14648438	-23.579832	-23.9008976	-25.2215205	-21.8683141	1.33150131	0.921153079	0	69.1	0	0	3
5500	1218	0	2.1484375	-23.5212651	-23.9072294	-25.2215205	-21.8683141	1.32692438	0.921153079	0	69.4	0	0	3
5505	1220	0	2.15039062	-23.5233277	-23.9135989	-25.2215205	-21.8683141	1.32235733	0.921153079	0	69.6	0	0	3
5510	1222	0	2.15234375	-23.5448105	-23.9200634	-25.2215205	-21.8683141	1.31774843	0.921153079	0	69.9	0	0	3
5515	1223	0	2.15429688	-23.5214946	-23.9263939	-25.2215205	-21.8683141	1.31281816	0.921153079	0	70.1	0	0	3
5520	1224	0	2.15625	-23.4618574	-23.93247	-25.2215205	-21.8683141	1.30754091	0.921153079	0	70.4	0	0	3
5525	1225	0	2.15820312	-23.4176971	-23.9384132	-25.2215205	-21.8683141	1.30204272	0.921153079	0	70.7	0	0	3
5530	1226	0	2.16015625	-23.428225	-23.9444834	-25.2215205	-21.8683141	1.29648907	0.921153079	0	71	0	0	3
5535	1227	0	2.16210938	-23.4391733	-23.9506195	-25.2215205	-21.8963687	1.290858	0.921153079	0	71.3	0	0	3
5540	1228	0	2.1640625	-23.3967792	-23.9564805	-25.2215205	-21.9320042	1.28489913	0.921153079	0	71.6	0	0	3
5545	1229	0	2.16601562	-23.3313198	-23.9619466	-25.2215205	-21.9561236	1.27861868	0.921153079	0	72	0	0	3
5550	1230	0	2.16796875	-23.3127744	-23.967246	-25.2215205	-21.9676859	1.27218928	0.921153079	0	72.4	0	0	3
5555	1231	0	2.16992188	-23.3440242	-23.9726223	-25.2215205	-21.9863672	1.26576323	0.921153079	0	72.7	0	0	3
5560	1232	0	2.171875	-23.3461824	-23.9779341	-25.2215205	-22.0249824	1.25925205	0.921153079	0	73.1	0	0	3
5565	1233	0	2.17382812	-23.2990733	-23.982911	-25.2215205	-22.0609037	1.25233124	0.921153079	0	73.5	0	0	3
5570	1234	0	2.17578125	-23.2526435	-23.9875663	-25.2215205	-22.0802132	1.24499719	0.921153079	0	73.9	0	0	3
5575	1235	0	2.17773438	-23.2674985	-23.9922041	-25.2215205	-22.0896871	1.2374046	0.921153079	0	74.4	0	0	3
5580	1236	0	2.1796875	-23.3035442	-23.9969457	-25.2215205	-22.1073924	1.2296534	0.921153079	0	74.9	0	0	3
5585	1237	0	2.18164062	-23.2965421	-24.0015908	-25.2215205	-22.1388863	1.22163401	0.921153079	0	75.4	0	0	3
5590	1238	0	2.18359375	-23.2508334	-24.0059344	-25.2215205	-22.1612352	1.21320828	0.921153079	0	75.9	0	0	3
5595	1239	0	2.18554688	-23.2222943	-24.0100791	-25.2215205	-22.1640693	1.2044253	0.921153079	0	76.4	0	0	3
5600	1240	0	2.1875	-23.2460753	-24.0142982	-25.2215205	-22.1640693	1.19536739	0.921153079	0	77	0	0	3
5605	1242	0	2.18945312	-23.268474	-24.0186123	-25.2215205	-22.1804987	1.18605102	0.921153079	0	77.6	0	0	3
5610	1244	0	2.19140625	-23.2445714	-24.0227688	-25.2215205	-22.2173821	1.1765212	0.921153079	0	78.2	0	0	3
5615	1245	0	2.19335938	-23.1958799	-24.0265911	-25.2215205	-22.2435139	1.16686607	0.921153079	0	78.9	0	0	3
5620	1246	0	2.1953125	-23.1830628	-24.0302612	-25.2215205	-22.2512559	1.15713234	0.921153079	0	79.6	0	0	3
5625	1247	0	2.19726562	-23.2128925	-24.0340176	-25.2215205	-22.2544336	1.1557369	0.921153079	0	79.7	0	0	3
5630	1248	0	2.19921875	-23.2164944	-24.0377757	-25.2215205	-22.275666	1.15949495	0.921153079	0	79.4	0	0	3
5635	1249	0	2.20117188	-23.1787531	-24.0413033	-25.2215205	-22.3145158	1.16302263	0.921153079	0	79.2	0	0	3
5640	1250	0	2.203125	-23.137621	-24.0445186	-25.2215205	-22.3490009	1.16623789	0.921153079	0	78.9	0	0	3
5645	1251	0	2.20507812	-23.1501997	-24.0476483	-25.2215205	-22.369342	1.16936757	0.921153079	0	78.7	0	0	3
5650	1252	0	2.20703125	-23.1800687	-24.0508152	-25.2215205	-22.3730665	1.17253447	0.921153079	0	78.5	0	0	3
5655	1253	0	2.20898438	-23.1641188	-24.0538723	-25.2215205	-22.3730665	1.17559159	0.921153079	0	78.3	0	0	3
5660	1254	0	2.2109375	-23.1143731	-24.0567046	-25.2215205	-22.3730665	1.1784239	0.921153079	0	78.1	0	0	3
5665	1255	0	2.21289062	-23.0956275	-24.0594354	-25.2215205	-22.3730665	1.1811547	0.921153079	0	77.9	0	0	3
5670	1256	0	2.21484375	-23.1278212	-24.062235	-25.2215205	-22.3730665	1.18395429	0.921153079	0	77.8	0	0	3
5675	1257	0	2.21679688	-23.1430028	-24.0650282	-25.2215205	-22.3730665	1.18674745	0.921153079	0	77.6	0	0	3
5680	1258	0	2.21875	-23.1122914	-24.0676782	-25.2215205	-22.3730665	1.18939753	0.921153079	0	77.4	0	0	3
5685	1259	0	2.22070312	-23.0637013	-24.0701748	-25.2215205	-22.3730665	1.19189406	0.921153079	0	77.2	0	0	3
5690	1260	0	2.22265625	-23.0607195	-24.0727592	-25.2215205	-22.3730665	1.19447846	0.921153079	0	77.1	0	0	3
5695	1261	0	2.22460938	-23.0928261	-24.0755707	-25.2215205	-22.3831402	1.19729002	0.921153079	0	76.9	0	0	3
5700	1262	0	2.2265625	-23.0958118	-24.0783546	-25.2215205	-22.4147159	1.20007389	0.921153079	0	76.7	0	0	3
5705	1264	0	2.22851562	-23.0579403	-24.0808672	-25.2215205	-22.4351776	1.20258649	0.921153079	0	76.5	0	0	3
5710	1265	0	2.23046875	-23.0212256	-24.0831564	-25.2215205	-22.4378302	1.20487574	0.921153079	0	76.4	0	0	3
5715	1266	0	2.23242188	-23.0356288	-24.0854916	-25.2215205	-22.4457484	1.20721089	0.921153079	0	76.3	0	0	3
5720	1267	0	2.234375	-23.0652621	-24.0879116	-25.2215205	-22.4875169	1.20963086	0.921153079	0	76.1	0	0	3
5725	1268	0	2.23632812	-23.056253	-24.0901332	-25.2215205	-22.5322806	1.21185249	0.921153079	0	76	0	0	3
5730	1269	0	2.23828125	-23.016984	-24.0920266	-25.2215205	-22.5534784	1.21374586	0.921153079	0	75.8	0	0	3
5735	1270	0	2.24023438	-23.0063122	-24.0937955	-25.2215205	-22.5552584	1.21551474	0.921153079	0	75.7	0	0	3
5740	1271	0	2.2421875	-23.0395691	-24.0956873	-25.2215205	-22.5734696	1.21740658	0.921153079	0	75.6	0	0	3
5745	1272	0	2.24414062	-23.0577918	-24.0975792	-25.2215205	-22.6180855	1.21929846	0.921153079	0	75.5	0	0	3
5750	1274	0	2.24609375	-23.0302964	-24.0991894	-25.2215205	-22.6485732	1.22090866	0.921153079	0	75.4	0	0	3
5755	1275	0	2.24804688	-22.9927083	-24.1005304	-25.2215205	-22.6485732	1.22224967	0.921153079	0	75.3	0	0	3
5760	1276	0	2.25	-23.0114377	-24.1019318	-25.2215205	-22.6485732	1.22365107	0.921153079	0	75.2	0	0	3
5765	1277	0	2.25195312	-23.0572208	-24.1035281	-25.2215205	-22.6794119	1.22524735	0.921153079	0	75.1	0	0	3
5770	1278	0	2.25390625	-23.0620989	-24.1050229	-25.2215205	-22.7238936	1.22674222	0.921153079	0	75	0	0	3
5775	1279	0	2.25585938	-23.0255839	-24.1062014	-25.2215205	-22.7448526	1.2279207	0.921153079	0	75	0	0	3
5780	1280	0	2.2578125	-23.0061849	-24.1072205	-25.2215205	-22.7448526	1.22893975	0.921153079	0	74.9	0	0	3
5785	1281	0	2.25976562	-23.0421705	-24.1083819	-25.2215205	-22.754641	1.23010115	0.921153079	0	74.8	0	0	3
5790	1282	0	2.26171875	-23.0745138	-24.1096314	-25.2215205	-22.8051081	1.23135065	0.921153079	0	74.8	0	0	3
5795	1283	0	2.26367188	-23.0642682	-24.1106437	-25.2215205	-22.8549425	1.232363	0.921153079	0	74.7	0	0	3
5800	1284	0	2.265625	-23.0301138	-24.111328	-25.2215205	-22.8778769	1.23304726	0.921153079	0	74.7	0	0	3
5805	1286	0	2.26757812	-23.0288355	-24.1119177	-25.2215205	-22.8903388	1.23363694	0.921153079	0	74.6	0	0	3
5810	1287	0	2.26953125	-23.0661911	-24.1126046	-25.2215205	-22.9269489	1.23432386	0.921153079	0	74.6	0	0	3
5815	1288	0	2.27148438	-23.0843473	-24.1132194	-25.2215205	-22.9803506	1.2349387	0.921153079	0	74.5	0	0	3
5820	1289	0	2.2734375	-23.063104	-24.1135427	-25.2215205	-22.9927083	1.23526196	0.921153079	0	74.5	0	0	3
5825	1290	0	2.27539062	-23.0306808	-24.1136066	-25.2215205	-22.9927083	1.23532588	0.921153079	0	74.5	0	0	3
5830	1291	0	2.27734375	-23.0470019	-24.1136926	-25.2215205	-22.9927083	1.23541192	0.921153079	0	74.5	0	0	3
5835	1292	0	2.27929688	-23.0859332	-24.1138914	-25.2215205	-22.9927083	1.23561072	0.921153079	0	74.5	0	0	3
5840	1293	0	2.28125	-23.0932069	-24.1139737	-25.2215205	-22.9927083	1.23569299	0.921153079	0	74.5	0	0	3
5845	1294	0	2.28320312	-23.0650392	-24.1137978	-25.2215205	-22.9927083	1.23569299	0.921153079	0	74.5	0	0	3
5850	1295	0	2.28515625	-23.0443733	-24.1135204	-25.2215205	-22.9927083	1.23569299	0.921153079	0	74.5	0	0	3
5855	1296	0	2.28710938	-23.0783769	-24.1134419	-25.2215205	-22.9927083	1.23569299	0.921153079	0	74.5	0	0	3
5860	1297	0	2.2890625	-23.1154973	-24.1135251	-25.2215205	-22.9927083	1.23569299	0.921153079	0	74.5	0	0	3
5865	1299	0	2.29101562	-23.1092522	-24.1134853	-25.2215205	-22.9927083	1.23569299	0.921153079	0	74.5	0	0	3
5870	1300	0	2.29296875	-23.0764681	-24.1131578	-25.2215205	-22.9927083	1.23569299	0.921153079	0	74.5	0	0	3
5875	1301	0	2.29492188	-23.0782666	-24.1127096	-25.2215205	-22.9927083	1.23569299	0.921153079	0	74.5	0	0	3
5880	1302	0	2.296875	-23.1200072	-24.1123301	-25.2215205	-22.9927083	1.23569299	0.921153079	0	74.5	0	0	3
5885	1303	0	2.29882812	-23.1389813	-24.1119154	-25.2215205	-22.9927083	1.23569299	0.921153079	0	74.5	0	0	3
5890	1304	0	2.30078125	-23.1176681	-24.1112741	-25.2215205	-22.9927083	1.23569299	0.921153079	0	74.5	0	0	3
5895	1305	0	2.30273438	-23.0853889	-24.1103495	-25.2215205	-22.9927083	1.23569299	0.921153079	0	74.5	0	0	3
5900	1306	0	2.3046875	-23.1001987	-24.1093096	-25.2215205	-22.9927083	1.23569299	0.921153079	0	74.5	0	0	3
5905	1309	0	2.30664062	-23.1359321	-24.1082221	-25.2215205	-22.9927083	1.23569299	0.921153079	0	74.5	0	0	3
5910	1310	0	2.30859375	-23.1409635	-24.1070125	-25.2215205	-22.9927083	1.23569299	0.921153079	0	74.5	0	0	3
5915	1311	0	2.31054688	-23.1099938	-24.1055881	-25.2215205	-22.9927083	1.23569299	0.921153079	0	74.5	0	0	3
5920	1312	0	2.3125	-23.084879	-24.1039854	-25.2215205	-22.9927083	1.23569299	0.921153079	0	74.5	0	0	3
5925	1313	0	2.31445312	-23.1173467	-24.102359	-25.2215205	-22.9927083	1.23569299	0.921153079	0	74.5	0	0	3
5930	1314	0	2.31640625	-23.1630476	-24.1006816	-25.2215205	-22.9927083	1.23569299	0.921153079	0	74.5	0	0	3
5935	1315	0	2.31835938	-23.1689648	-24.0988578	-25.2215205	-22.9927083	1.23569299	0.921153079	0	74.5	0	0	3
5940	1316	0	2.3203125	-23.1422552	-24.0968463	-25.2215205	-22.9927083	1.23569299	0.921153079	0	74.5	0	0	3
5945	1317	0	2.32226562	-23.1462353	-24.0947833	-25.2215205	-22.9927083	1.23569299	0.921153079	0	74.5	0	0	3
5950	1318	0	2.32421875	-23.1953822	-24.0927409	-25.2215205	-22.9927083	1.23569299	0.921153079	0	74.5	0	0	3
5955	1319	0	2.32617188	-23.232235	-24.0905917	-25.2215205	-22.9927083	1.23569299	0.921153079	0	74.5	0	0	3
5960	1320	0	2.328125	-23.2199582	-24.0882284	-25.2215205	-22.9927083	1.23569299	0.921153079	0	74.5	0	0	3
5965	1321	0	2.33007812	-23.1906688	-24.085678	-25.2215205	-22.9927083	1.23569299	0.921153079	0	74.5	0	0	3
5970	1322	0	2.33203125	-23.213371	-24.0831253	-25.2215205	-22.9927083	1.23569299	0.921153079	0	74.5	0	0	3
5975	1323	0	2.33398438	-23.2611257	-24.0805248	-25.2215205	-22.9927083	1.23569299	0.921153079	0	74.5	0	0	3
5980	1324	0	2.3359375	-23.2789276	-24.0777343	-25.2215205	-22.9927083	1.23569299	0.921153079	0	74.5	0	0	3
5985	1325	0	2.33789062	-23.2517206	-24.0746771	-25.2215205	-22.9927083	1.23569299	0.921153079	0	74.5	0	0	3
5990	1326	0	2.33984375	-23.233853	-24.071447	-25.2215205	-22.9927083	1.23569299	0.921153079	0	74.5	0	0	3
5995	1327	0	2.34179688	-23.2689362	-24.0682175	-25.2215205	-22.9927083	1.23569299	0.921153079	0	74.5	0	0	3
6000	1329	0	2.34375	-23.3117424	-24.064974	-25.2215205	-22.9927083	1.23569299	0.921153079	0	74.5	0	0	3
6005	1331	0	2.34570312	-23.3203964	-24.0616563	-25.2215205	-22.9927083	1.23569299	0.921153079	0	74.5	0	0	3
6010	1332	0	2.34765625	-23.2949485	-24.0582022	-25.2215205	-22.9927083	1.23569299	0.921153079	0	74.5	0	0	3
6015	1333	0	2.34960938	-23.2893809	-24.0546159	-25.2215205	-22.9927083	1.23569299	0.921153079	0	74.5	0	0	3
6020	1334	0	2.3515625	-23.3347782	-24.0510468	-25.2215205	-22.9927083	1.23569299	0.921153079	0	74.5	0	0	3
6025	1335	0	2.35351562	-23.3696715	-24.0475187	-25.2215205	-22.9927083	1.23569299	0.921153079	0	74.5	0	0	3
6030	1336	0	2.35546875	-23.3722665	-24.0440195	-25.2215205	-22.9927083	1.23569299	0.921153079	0	74.5	0	0	3
6035	1337	0	2.35742188	-23.3582348	-24.0404826	-25.2215205	-22.9927083	1.23569299	0.921153079	0	74.5	0	0	3
6040	1338	0	2.359375	-23.3785547	-24.0368232	-25.2215205	-22.9927083	1.23569299	0.921153079	0	74.5	0	0	3
6045	1339	0	2.36132812	-23.4209008	-24.033109	-25.2215205	-22.9927083	1.23569299	0.921153079	0	74.5	0	0	3
6050	1340	0	2.36328125	-23.4384171	-24.0294059	-25.2215205	-22.9927083	1.23569299	0.921153079	0	74.5	0	0	3
6055	1341	0	2.36523438	-23.4210122	-24.0256946	-25.2215205	-22.9927083	1.23569299	0.921153079	0	74.5	0	0	3
6060	1342	0	2.3671875	-23.401816	-24.0218557	-25.2215205	-22.9927083	1.23569299	0.921153079	0	74.5	0	0	3
6065	1344	0	2.36914062	-23.4328236	-24.0178392	-25.2215205	-22.9927083	1.23569299	0.921153079	0	74.5	0	0	3
6070	1345	0	2.37109375	-23.4693779	-24.0137404	-25.2215205	-22.9927083	1.23569299	0.921153079	0	74.5	0	0	3
6075	1346	0	2.37304688	-23.4665687	-24.0096113	-25.2215205	-22.9927083	1.23569299	0.921153079	0	74.5	0	0	3
6080	1347	0	2.375	-23.4315981	-24.0054253	-25.2215205	-22.9927083	1.23569299	0.921153079	0	74.5	0	0	3
6085	1348	0	2.37695312	-23.4188967	-24.0010897	-25.2215205	-22.9927083	1.23569299	0.921153079	0	74.5	0	0	3
6090	1349	0	2.37890625	-23.4575137	-23.9965737	-25.2215205	-22.9927083	1.23569299	0.921153079	0	74.5	0	0	3
6095	1350	0	2.38085938	-23.4946338	-23.9919978	-25.2215205	-22.9927083	1.23569299	0.921153079	0	74.5	0	0	3
6100	1351	0	2.3828125	-23.5007064	-23.9874461	-25.2215205	-22.9927083	1.23569299	0.921153079	0	74.5	0	0	3
6105	1354	0	2.38476562	-23.4844055	-23.9829211	-25.2215205	-22.9927083	1.23569299	0.921153079	0	74.5	0	0	3
6110	1355	0	2.38671875	-23.50036	-23.9783438	-25.2215205	-22.9927083	1.23569299	0.921153079	0	74.5	0	0	3
6115	1356	0	2.38867188	-23.5448486	-23.9736285	-25.2215205	-22.9927083	1.23569299	0.921153079	0	74.5	0	0	3
6120	1357	0	2.390625	-23.5779004	-23.9688859	-25.2215205	-22.9927083	1.23569299	0.921153079	0	74.5	0	0	3
6125	1358	0	2.39257812	-23.576492	-23.9641547	-25.2215205	-22.9927083	1.23569299	0.921153079	0	74.5	0	0	3
6130	1359	0	2.39453125	-23.5670228	-23.9594307	-25.2215205	-22.9927083	1.23569299	0.921153079	0	74.5	0	0	3
6135	1360	0	2.39648438	-23.5950716	-23.9546275	-25.2215205	-22.9927083	1.23569299	0.921153079	0	74.5	0	0	3
6140	1361	0	2.3984375	-23.6333859	-23.9497029	-25.2215205	-22.9927083	1.23569299	0.921153079	0	74.5	0	0	3
6145	1362	0	2.40039062	-23.6485216	-23.9447347	-25.2215205	-22.9927083	1.23569299	0.921153079	0	74.5	0	0	3
6150	1363	0	2.40234375	-23.633818	-23.9397471	-25.2215205	-22.9927083	1.23569299	0.921153079	0	74.5	0	0	3
6155	1364	0	2.40429688	-23.6389718	-23.9347563	-25.2215205	-22.9927083	1.23559952	0.921153079	0	74.5	0	0	3
6160	1366	0	2.40625	-23.6754347	-23.9296682	-25.2215205	-22.9927083	1.23519187	0.921153079	0	74.5	0	0	3
6165	1367	0	2.40820312	-23.7034535	-23.9244762	-25.2215205	-22.9927083	1.23461035	0.921153079	0	74.6	0	0	3
6170	1368	0	2.41015625	-23.6985665	-23.9192435	-25.2215205	-22.9927083	1.23384112	0.921153079	0	74.6	0	0	3
6175	1369	0	2.41210938	-23.6912667	-23.9140914	-25.2215205	-22.9927083	1.23267371	0.921153079	0	74.7	0	0	3
6180	1370	0	2.4140625	-23.7264034	-23.9090473	-25.2215205	-22.9927083	1.23099547	0.921153079	0	74.8	0	0	3
6185	1371	0	2.41601562	-23.7673742	-23.9039058	-25.2215205	-22.9927083	1.22899641	0.921153079	0	74.9	0	0	3
6190	1372	0	2.41796875	-23.7743801	-23.8986131	-25.2215205	-22.9927083	1.22684244	0.921153079	0	75	0	0	3
6195	1373	0	2.41992188	-23.7652788	-23.8933312	-25.2215205	-22.9927083	1.22451524	0.921153079	0	75.2	0	0	3
6200	1374	0	2.421875	-23.7896751	-23.8882884	-25.2215205	-22.9927083	1.22182573	0.921153079	0	75.3	0	0	3
6205	1376	0	2.42382812	-23.8360873	-23.8833637	-25.2215205	-22.9927083	1.21877579	0.921153079	0	75.5	0	0	3
6210	1377	0	2.42578125	-23.8572601	-23.8783048	-25.2215205	-22.9927083	1.21548875	0.921153079	0	75.7	0	0	3
6215	1378	0	2.42773438	-23.8447974	-23.8731287	-25.2215205	-22.9927083	1.21204287	0.921153079	0	76	0	0	3
6220	1379	0	2.4296875	-23.8327154	-23.8680465	-25.2215205	-22.9927083	1.20833897	0.921153079	0	76.2	0	0	3
6225	1380	0	2.43164062	-23.8661499	-23.8632202	-25.2215205	-22.9927083	1.20426218	0.921153079	0	76.4	0	0	3
6230	1381	0	2.43359375	-23.9006243	-23.8584062	-25.2215205	-22.9927083	1.19991414	0.921153079	0	76.7	0	0	3
6235	1382	0	2.43554688	-23.8989099	-23.853414	-25.2215205	-22.9927083	1.19534852	0.921153079	0	77	0	0	3
6240	1384	0	2.4375	-23.8776624	-23.8483487	-25.2215205	-22.9927083	1.19053241	0.921153079	0	77.3	0	0	3
6245	1385	0	2.43945312	-23.8804905	-23.8434499	-25.2215205	-22.9927083	1.1853274	0.921153079	0	77.7	0	0	3
6250	1386	0	2.44140625	-23.9145553	-23.8387431	-25.2215205	-22.9927083	1.17967733	0.921153079	0	78	0	0	3
6255	1387	0	2.44335938	-23.9337091	-23.8339283	-25.2215205	-22.9927083	1.17372536	0.921153079	0	78.4	0	0	3
6260	1388	0	2.4453125	-23.9244573	-23.8289194	-25.2215205	-22.9927083	1.16754659	0.921153079	0	78.8	0	0	3
6265	1389	0	2.44726562	-23.9175079	-23.8239196	-25.2215205	-22.9927083	1.16111397	0.921153079	0	79.3	0	0	3
6270	1390	0	2.44921875	-23.9523882	-23.8192089	-25.2215205	-22.9927083	1.15431524	0.921153079	0	79.8	0	0	3
6275	1391	0	2.45117188	-23.9971374	-23.8146915	-25.2215205	-22.9927083	1.14722001	0.921153079	0	80.2	0	0	3
6280	1392	0	2.453125	-24.0024738	-23.8100205	-25.2215205	-22.9927083	1.13999372	0.921153079	0	80.8	0	0	3
6285	1393	0	2.45507812	-23.9841515	-23.8051901	-25.2215205	-22.9927083	1.13271519	0.921153079	0	81.3	0	0	3
6290	1394	0	2.45703125	-23.9985453	-23.8005161	-25.2215205	-22.9927083	1.12533984	0.921153079	0	81.8	0	0	3
6295	1395	0	2.45898438	-24.0554168	-23.7962063	-25.2215205	-22.9927083	1.11775395	0.921153079	0	82.4	0	0	3
6300	1397	0	2.4609375	-24.0823197	-23.7919279	-25.2215205	-22.9927083	1.11001627	0.921153079	0	82.9	0	0	3
6305	1399	0	2.46289062	-24.0669988	-23.7874249	-25.2215205	-22.9927083	1.10222308	0.921153079	0	83.5	0	0	3
6310	1400	0	2.46484375	-24.0498178	-23.7828588	-25.2215205	-22.9927083	1.09443033	0.921153079	0	84.1	0	0	3
6315	1401	0	2.46679688	-24.0882023	-23.7786165	-25.2215205	-22.9927083	1.08663799	0.921153079	0	84.7	0	0	3
6320	1402	0	2.46875	-24.1373163	-23.7747129	-25.2215205	-22.9927083	1.07870265	0.921153079	0	85.3	0	0	3
6325	1403	0	2.47070312	-24.1454301	-23.770722	-25.2215205	-22.9927083	1.07051144	0.921153079	0	86	0	0	3
6330	1404	0	2.47265625	-24.1202633	-23.7664568	-25.2215205	-22.9927083	1.06209028	0.921153079	0	86.7	0	0	3
6335	1405	0	2.47460938	-24.1247023	-23.7622089	-25.2215205	-22.9927083	1.05350329	0.921153079	0	87.4	0	0	3
6340	1406	0	2.4765625	-24.1749156	-23.7582774	-25.2215205	-22.9927083	1.04489645	0.921153079	0	88.1	0	0	3
6345	1407	0	2.47851562	-24.2176242	-23.7546039	-25.2215205	-22.9927083	1.03619385	0.921153079	0	88.8	0	0	3
6350	1408	0	2.48046875	-24.208498	-23.7507856	-25.2215205	-22.9927083	1.0272312	0.921153079	0	89.6	0	0	3
6355	1409	0	2.48242188	-24.1840782	-23.7467331	-25.2189248	-22.9927083	1.01798886	0.921153079	0	90.4	0	0	3
6360	1411	0	2.484375	-24.2144525	-23.7428094	-25.1974222	-22.9927083	1.00854803	0.921153079	0	91.3	0	0	3
6365	1412	0	2.48632812	-24.279357	-23.7392232	-25.1967081	-22.9927083	0.999094404	0.921153079	0	92.1	0	0	3
6370	1413	0	2.48828125	-24.3023785	-23.7357643	-25.1967081	-22.9927083	0.989604393	0.921153079	0	93	0	0	3
6375	1414	0	2.49023438	-24.2753958	-23.7321655	-25.1877983	-22.9927083	0.979978357	0.921153079	0	93.9	0	0	3
6380	1415	0	2.4921875	-24.2602596	-23.7285423	-25.1565323	-22.9927083	0.970167446	0.921153079	0	94.9	0	0	3
6385	1416	0	2.49414062	-24.3110476	-23.7252396	-25.1312871	-22.9927083	0.96022553	0.921153079	0	95.9	0	0	3
6390	1417	0	2.49609375	-24.3585464	-23.7222211	-25.125875	-22.9927083	0.950283128	0.921153079	0	96.9	0	0	3
6395	1418	0	2.49804688	-24.3563312	-23.719215	-25.1166871	-22.9927083	0.940327407	0.921153079	0	97.9	0	0	3
6400	1419	0	2.5	-24.3208542	-23.7161063	-25.0881295	-22.9927083	0.930273793	0.921153079	0	99	0	0	3
6405	1421	0	2.50195312	-24.3228968	-23.7131171	-25.0640157	-22.9927083	0.920019847	0.921153079	0	100	0	0	3
6410	1422	0	2.50390625	-24.3755736	-23.7104372	-25.0640157	-22.9927083	0.909585724	0.921153079	0	100	0	0	3
6415	1423	0	2.50585938	-24.4014033	-23.7078724	-25.0640157	-22.9927083	0.899085138	0.921153079	0	100	0	0	3
6420	1425	0	2.5078125	-24.379418	-23.7051982	-25.0427421	-22.9927083	0.888548823	0.921153079	0	100	0	0	3
6425	1426	0	2.50976562	-24.3507725	-23.7024952	-25.0070531	-22.9927083	0.877893478	0.921153079	0	100	0	0	3
6430	1427	0	2.51171875	-24.3736081	-23.7000208	-25.0043776	-22.9927083	0.866974361	0.921153079	0	100	0	0	3
6435	1428	0	2.51367188	-24.4267971	-23.6978034	-25.0043776	-22.9927083	0.855859905	0.921153079	0	100	0	0	3
6440	1429	0	2.515625	-24.4389403	-23.6955946	-24.9965483	-22.9927083	0.844785728	0.921153079	0	100	0	0	3
6445	1430	0	2.51757812	-24.4168927	-23.6933304	-24.9493085	-22.9927083	0.833828335	0.921153079	0	100	0	0	3
6450	1431	0	2.51953125	-24.4042739	-23.6912013	-24.9219793	-22.9927083	0.822841812	0.921153079	0	100	0	0	3
6455	1432	0	2.52148438	-24.4460422	-23.6894072	-24.9219793	-22.9927083	0.811615311	0.921153079	0	100	0	0	3
6460	1433	0	2.5234375	-24.4863727	-23.6877529	-24.9219793	-22.9927083	0.800313102	0.921153079	0	100	0	0	3
6465	1434	0	2.52539062	-24.4901712	-23.6860661	-24.8971484	-22.9927083	0.789209412	0.921153079	0	100	0	0	3
6470	1435	0	2.52734375	-24.4632373	-23.6843712	-24.8316215	-22.9927083	0.778356804	0.921153079	0	100	0	0	3
6475	1437	0	2.52929688	-24.4576534	-23.6829104	-24.8011197	-22.9927083	0.76753399	0.921153079	0	100	0	0	3
6480	1438	0	2.53125	-24.512523	-23.6818333	-24.8011197	-22.9927083	0.756528175	0.921153079	0	100	0	0	3
6485	1439	0	2.53320312	-24.5470558	-23.6808566	-24.8011197	-22.9927083	0.745515978	0.921153079	0	100	0	0	3
6490	1440	0	2.53515625	-24.5373257	-23.6798262	-24.7653456	-22.9927083	0.734724908	0.921153079	0	100	0	0	3
6495	1441	0	2.53710938	-24.5060695	-23.6788134	-24.7339801	-22.9927083	0.724118192	0.921153079	0	100	0	0	3
6500	1442	0	2.5390625	-24.5191185	-23.6780571	-24.7339801	-22.9927083	0.713401527	0.921153079	0	100	0	0	3
6505	1444	0	2.54101562	-24.5726376	-23.6775189	-24.7339801	-22.9927083	0.702483363	0.921153079	0	100	0	0	3
6510	1445	0	2.54296875	-24.5925374	-23.6769664	-24.7316826	-22.9927083	0.691586305	0.921153079	0	100	0	0	3
6515	1446	0	2.54492188	-24.5728748	-23.6763461	-24.6924804	-22.9927083	0.680898028	0.921153079	0	100	0	0	3
6520	1448	0	2.546875	-24.5521292	-23.6757992	-24.6924804	-22.9927083	0.67025735	0.921153079	0	100	0	0	3
6525	1449	0	2.54882812	-24.5890633	-23.6754867	-24.6924804	-22.9927083	0.659413213	0.921153079	0	100	0	0	3
6530	1450	0	2.55078125	-24.6297167	-23.6752588	-24.6924804	-22.9927083	0.648451022	0.921153079	0	100	0	0	3
6535	1451	0	2.55273438	-24.6299517	-23.6750146	-24.6570035	-22.9927083	0.637636874	0.921153079	0	100	0	0	3
6540	1452	0	2.5546875	-24.6071273	-23.6748197	-24.6299517	-22.9927083	0.627037812	0.921153079	0	100	0	0	3
6545	1453	0	2.55664062	-24.6026138	-23.6748005	-24.6299517	-22.9927083	0.616399827	0.921153079	0	100	0	0	3
6550	1454	0	2.55859375	-24.6534083	-23.6750101	-24.6534083	-22.9927083	0.605596476	0.921153079	0	100	0	0	3
6555	1455	0	2.56054688	-24.6873146	-23.6753138	-24.6873146	-22.9927083	0.594853451	0.921153079	0	100	0	0	3
6560	1456	0	2.5625	-24.6655088	-23.6756601	-24.6873146	-22.9927083	0.584390943	0.921153079	0	100	0	0	3
6565	1457	0	2.56445312	-24.6338644	-23.6761505	-24.6873146	-22.9927083	0.574087187	0.921153079	0	100	0	0	3
6570	1458	0	2.56640625	-24.6504351	-23.6768804	-24.6873146	-22.9927083	0.563652691	0.921153079	0	100	0	0	3
6575	1459	0	2.56835938	-24.6959664	-23.6777495	-24.6959664	-22.9927083	0.553113845	0.921153079	0	100	0	0	3
6580	1461	0	2.5703125	-24.7092482	-23.678661	-24.7092482	-22.9927083	0.54273702	0.921153079	0	100	0	0	3
6585	1462	0	2.57226562	-24.6789464	-23.6796314	-24.7092482	-22.9927083	0.532605433	0.921153079	0	100	0	0	3
6590	1463	0	2.57421875	-24.6601229	-23.6807731	-24.7092482	-22.9927083	0.52249742	0.921153079	0	100	0	0	3
6595	1464	0	2.57617188	-24.6929308	-23.6821172	-24.7092482	-22.9927083	0.512220259	0.921153079	0	100	0	0	3
6600	1465	0	2.578125	-24.7252948	-23.6835	-24.7252948	-22.9927083	0.501938936	0.921153079	0	100	0	0	3
6605	1468	0	2.58007812	-24.7130797	-23.6848766	-24.7252948	-22.9927083	0.491885245	0.921153079	0	100	0	0	3
6610	1469	0	2.58203125	-24.6757903	-23.6863511	-24.7252948	-22.9927083	0.482028656	0.921153079	0	100	0	0	3
6615	1470	0	2.58398438	-24.671685	-23.6880479	-24.7252948	-22.9927083	0.4720871	0.921153079	0	100	0	0	3
6620	1471	0	2.5859375	-24.7155941	-23.6899036	-24.7252948	-22.9927083	0.462043318	0.921153079	0	100	0	0	3
6625	1472	0	2.58789062	-24.7384689	-23.6917796	-24.7384689	-22.9927083	0.452160452	0.921153079	0	100	0	0	3
6630	1473	0	2.58984375	-24.7156276	-23.6937037	-24.7384689	-22.9927083	0.442563891	0.921153079	0	100	0	0	3
6635	1474	0	2.59179688	-24.6819172	-23.6957967	-24.7384689	-22.9927083	0.439173226	0.921153079	0	100	0	0	3
6640	1476	0	2.59375	-24.6919582	-23.6981507	-24.7384689	-22.9927083	0.439173226	0.921153079	0	100	0	0	3
6645	1477	0	2.59570312	-24.7383579	-23.7006565	-24.7384689	-22.9927083	0.439173226	0.921153079	0	100	0	0	3
6650	1478	0	2.59765625	-24.7429984	-23.703156	-24.7429984	-22.9927083	0.439173226	0.921153079	0	100	0	0	3
6655	1479	0	2.59960938	-24.7197931	-23.7057365	-24.7429984	-22.9927083	0.439173226	0.921153079	0	100	0	0	3
6660	1480	0	2.6015625	-24.6941658	-23.7084983	-24.7429984	-22.9927083	0.439173226	0.921153079	0	100	0	0	3
6665	1481	0	2.60351562	-24.7238616	-23.7115152	-24.7429984	-22.9927083	0.439173226	0.921153079	0	100	0	0	3
6670	1482	0	2.60546875	-24.7539283	-23.7145467	-24.7539283	-22.9927083	0.439173226	0.921153079	0	100	0	0	3
6675	1483	0	2.60742188	-24.7478604	-23.7175183	-24.7539283	-22.9927083	0.439173226	0.921153079	0	100	0	0	3
6680	1484	0	2.609375	-24.7185636	-23.7205279	-24.7539283	-22.9927083	0.439173226	0.921153079	0	100	0	0	3
6685	1485	0	2.61132812	-24.7088519	-23.7237295	-24.7539283	-22.9927083	0.439173226	0.921153079	0	100	0	0	3
6690	1486	0	2.61328125	-24.7500706	-23.7271064	-24.7539283	-22.9927083	0.439173226	0.921153079	0	100	0	0	3
6695	1488	0	2.61523438	-24.7686963	-23.7304068	-24.7686963	-22.9927083	0.439173226	0.921153079	0	100	0	0	3
6700	1489	0	2.6171875	-24.7484289	-23.7336285	-24.7686963	-22.9927083	0.439173226	0.921153079	0	100	0	0	3
6705	1491	0	2.61914062	-24.7106877	-23.7368955	-24.7686963	-22.9927083	0.439173226	0.921153079	0	100	0	0	3
6710	1492	0	2.62109375	-24.7262688	-23.7404351	-24.7686963	-22.9927083	0.439173226	0.921153079	0	100	0	0	3
6715	1493	0	2.62304688	-24.7603622	-23.7440957	-24.7686963	-22.9927083	0.439173226	0.921153079	0	100	0	0	3
6720	1494	0	2.625	-24.771237	-23.7477274	-24.771237	-22.9927083	0.439173226	0.921153079	0	100	0	0	3
6725	1495	0	2.62695312	-24.7427926	-23.7513516	-24.771237	-22.9927083	0.439173226	0.921153079	0	100	0	0	3
6730	1496	0	2.62890625	-24.7252123	-23.7551471	-24.771237	-22.9927083	0.439173226	0.921153079	0	100	0	0	3
6735	1497	0	2.63085938	-24.74659	-23.7591807	-24.771237	-22.9927083	0.439173226	0.921153079	0	100	0	0	3
6740	1498	0	2.6328125	-24.7738034	-23.7632641	-24.7738034	-22.9927083	0.439173226	0.921153079	0	100	0	0	3
6745	1500	0	2.63476562	-24.7691303	-23.767299	-24.7738034	-22.9927083	0.439173226	0.921153079	0	100	0	0	3
6750	1501	0	2.63671875	-24.7433909	-23.7713985	-24.7738034	-22.9927083	0.439173226	0.921153079	0	100	0	0	3
6755	1502	0	2.63867188	-24.7491937	-23.7757707	-24.7738034	-22.9927083	0.439173226	0.921153079	0	100	0	0	3
6760	1503	0	2.640625	-24.7725842	-23.7803022	-24.7738034	-22.9927083	0.439173226	0.921153079	0	100	0	0	3
6765	1504	0	2.64257812	-24.7708448	-23.7847197	-24.7738034	-22.9927083	0.439173226	0.921153079	0	100	0	0	3
6770	1505	0	2.64453125	-24.7421473	-23.7890478	-24.7738034	-22.9927083	0.439173226	0.921153079	0	100	0	0	3
6775	1506	0	2.64648438	-24.7217199	-23.7935083	-24.7738034	-22.9927083	0.439173226	0.921153079	0	100	0	0	3
6780	1507	0	2.6484375	-24.7335273	-23.7982437	-24.7738034	-22.9927083	0.439173226	0.921153079	0	100	0	0	3
6785	1509	0	2.65039062	-24.7528572	-23.8030466	-24.7738034	-22.9927083	0.439173226	0.921153079	0	100	0	0	3
6790	1510	0	2.65234375	-24.7396158	-23.8077138	-24.7738034	-22.9927083	0.439173226	0.921153079	0	100	0	0	3
6795	1511	0	2.65429688	-24.7096943	-23.8123552	-24.7738034	-22.9927083	0.439173226	0.921153079	0	100	0	0	3
6800	1512	0	2.65625	-24.701637	-23.8171981	-24.7738034	-22.9927083	0.439173226	0.921153079	0	100	0	0	3
6805	1514	0	2.65820312	-24.7274824	-23.8223144	-24.7738034	-22.9927083	0.439173226	0.921153079	0	100	0	0	3
6810	1515	0	2.66015625	-24.7339668	-23.827415	-24.7738034	-22.9927083	0.439173226	0.921153079	0	100	0	0	3
6815	1516	0	2.66210938	-24.7088085	-23.8323745	-24.7738034	-22.9927083	0.439173226	0.921153079	0	100	0	0	3
6820	1517	0	2.6640625	-24.6804218	-23.8373887	-24.7738034	-22.9927083	0.439173226	0.921153079	0	100	0	0	3
6825	1518	0	2.66601562	-24.6953151	-23.8427168	-24.7738034	-22.9927083	0.439173226	0.921153079	0	100	0	0	3
6830	1520	0	2.66796875	-24.7116367	-23.8481811	-24.7738034	-22.9927083	0.439173226	0.921153079	0	100	0	0	3
6835	1521	0	2.66992188	-24.7022201	-23.8534866	-24.7738034	-22.9927083	0.439173226	0.921153079	0	100	0	0	3
6840	1522	0	2.671875	-24.6689318	-23.8586536	-24.7738034	-22.9927083	0.439173226	0.921153079	0	100	0	0	3
6845	1523	0	2.67382812	-24.6597237	-23.8639686	-24.7738034	-22.9927083	0.439173226	0.921153079	0	100	0	0	3
6850	1524	0	2.67578125	-24.6772129	-23.8695333	-24.7738034	-22.9927083	0.439173226	0.921153079	0	100	0	0	3
6855	1525	0	2.67773438	-24.6796151	-23.8750494	-24.7738034	-22.9927083	0.439173226	0.921153079	0	100	0	0	3
6860	1526	0	2.6796875	-24.6588974	-23.8803437	-24.7738034	-22.9927083	0.439173226	0.921153079	0	100	0	0	3
6865	1527	0	2.68164062	-24.6328607	-23.8855637	-24.7738034	-22.9927083	0.439173226	0.921153079	0	100	0	0	3
6870	1528	0	2.68359375	-24.6412677	-23.8909951	-24.7738034	-22.9927083	0.439173226	0.921153079	0	100	0	0	3
6875	1529	0	2.68554688	-24.6555448	-23.8965938	-24.7738034	-22.9927083	0.439173226	0.921153079	0	100	0	0	3
6880	1530	0	2.6875	-24.6452031	-23.9020591	-24.7738034	-22.9927083	0.439173226	0.921153079	0	100	0	0	3
6885	1531	0	2.68945312	-24.6122964	-23.9073084	-24.7738034	-22.9927083	0.439173226	0.921153079	0	100	0	0	3
6890	1532	0	2.69140625	-24.6048232	-23.9126219	-24.7738034	-22.9927083	0.439173226	0.921153079	0	100	0	0	3
6895	1534	0	2.69335938	-24.6337774	-23.9182387	-24.7738034	-22.9927083	0.439173226	0.921153079	0	100	0	0	3
6900	1535	0	2.6953125	-24.64797	-23.923961	-24.7738034	-22.9927083	0.439173226	0.921153079	0	100	0	0	3
6905	1537	0	2.69726562	-24.6233568	-23.9294706	-24.7738034	-22.9927083	0.439173226	0.921153079	0	100	0	0	3
6910	1538	0	2.69921875	-24.5891987	-23.9348327	-24.7738034	-22.9927083	0.439173226	0.921153079	0	100	0	0	3
6915	1539	0	2.70117188	-24.6032944	-23.9403973	-24.7738034	-22.9927083	0.439173226	0.921153079	0	100	0	0	3
6920	1541	0	2.703125	-24.6316815	-23.9462335	-24.7738034	-22.9927083	0.439173226	0.921153079	0	100	0	0	3
6925	1542	0	2.70507812	-24.626836	-23.9520016	-24.7738034	-22.9927083	0.439173226	0.921153079	0	100	0	0	3
6930	1543	0	2.70703125	-24.5948127	-23.957528	-24.7738034	-22.9927083	0.439173226	0.921153079	0	100	0	0	3
6935	1544	0	2.70898438	-24.5754765	-23.9630411	-24.7738034	-22.9927083	0.439173226	0.921153079	0	100	0	0	3
6940	1545	0	2.7109375	-24.5894404	-23.9688031	-24.7738034	-22.9927083	0.439173226	0.921153079	0	100	0	0	3
6945	1546	0	2.71289062	-24.6047139	-23.9746979	-24.7738034	-22.9927083	0.439173226	0.921153079	0	100	0	0	3
6950	1547	0	2.71484375	-24.5776841	-23.9803615	-24.7738034	-22.9927083	0.439173226	0.921153079	0	100	0	0	3
6955	1548	0	2.71679688	-24.5378162	-23.98581	-24.7738034	-22.9927083	0.439173226	0.921153079	0	100	0	0	3
6960	1550	0	2.71875	-24.5324961	-23.9913576	-24.7738034	-22.9927083	0.439173226	0.921153079	0	100	0	0	3
6965	1551	0	2.72070312	-24.5599134	-23.9972022	-24.7738034	-22.9927083	0.439173226	0.921153079	0	100	0	0	3
6970	1552	0	2.72265625	-24.5615274	-24.0030647	-24.7738034	-22.9927083	0.439173226	0.921153079	0	100	0	0	3
6975	1553	0	2.72460938	-24.5257762	-24.0086622	-24.7738034	-22.9927083	0.439173226	0.921153079	0	100	0	0	3
6980	1554	0	2.7265625	-24.4924536	-24.0141178	-24.7738034	-22.9927083	0.439173226	0.921153079	0	100	0	0	3
6985	1555	0	2.72851562	-24.509397	-24.0197876	-24.7738034	-22.9927083	0.439173226	0.921153079	0	100	0	0	3
6990	1556	0	2.73046875	-24.529543	-24.0256794	-24.7738034	-22.9927083	0.439173226	0.921153079	0	100	0	0	3
6995	1557	0	2.73242188	-24.5206532	-24.0314803	-24.7738034	-22.9927083	0.439173226	0.921153079	0	100	0	0	3
7000	1558	0	2.734375	-24.4732745	-24.0369804	-24.7738034	-22.9927083	0.439173226	0.921153079	0	100	0	0	3
7005	1560	0	2.73632812	-24.4623252	-24.0424728	-24.7738034	-22.9927083	0.439173226	0.921153079	0	100	0	0	3
7010	1561	0	2.73828125	-24.4794855	-24.0481857	-24.7738034	-22.9927083	0.439173226	0.921153079	0	100	0	0	3
7015	1563	0	2.74023438	-24.4850074	-24.0539619	-24.7738034	-22.9927083	0.439173226	0.921153079	0	100	0	0	3
7020	1564	0	2.7421875	-24.4596729	-24.0595092	-24.7738034	-22.9927083	0.439173226	0.921153079	0	100	0	0	3
7025	1565	0	2.74414062	-24.4205231	-24.0648323	-24.7738034	-22.9927083	0.439173226	0.921153079	0	100	0	0	3
7030	1566	0	2.74609375	-24.4212781	-24.0702659	-24.7738034	-22.9927083	0.439173226	0.921153079	0	100	0	0	3
7035	1567	0	2.74804688	-24.4388896	-24.075915	-24.7738034	-23.0061849	0.439173226	0.921153079	0	100	0	0	3
7040	1568	0	2.75	-24.4319875	-24.081464	-24.7738034	-23.0061849	0.439173226	0.921153079	0	100	0	0	3
7045	1569	0	2.75195312	-24.3993328	-24.0867067	-24.7738034	-23.0061849	0.439173226	0.921153079	0	100	0	0	3
7050	1570	0	2.75390625	-24.3722583	-24.0918245	-24.7738034	-23.0061849	0.439173226	0.921153079	0	100	0	0	3
7055	1571	0	2.75585938	-24.3854775	-24.0971365	-24.7738034	-23.0061849	0.439173226	0.921153079	0	100	0	0	3
7060	1572	0	2.7578125	-24.4065439	-24.1026067	-24.7738034	-23.0288355	0.439173226	0.921153079	0	100	0	0	3
7065	1573	0	2.75976562	-24.4000851	-24.1079111	-24.7738034	-23.0288355	0.439173226	0.921153079	0	100	0	0	3
7070	1574	0	2.76171875	-24.354714	-24.1129118	-24.7738034	-23.0288355	0.439173226	0.921153079	0	100	0	0	3
7075	1576	0	2.76367188	-24.3429358	-24.1179066	-24.7738034	-23.0288355	0.44310616	0.921153079	0	100	0	0	3
7080	1577	0	2.765625	-24.3702455	-24.1231415	-24.7738034	-23.0288355	0.448341049	0.921153079	0	100	0	0	3
7085	1578	0	2.76757812	-24.3915659	-24.1284647	-24.7738034	-23.0306808	0.453664215	0.921153079	0	100	0	0	3
7090	1579	0	2.76953125	-24.3784235	-24.1335906	-24.7738034	-23.0306808	0.458790123	0.921153079	0	100	0	0	3
7095	1580	0	2.77148438	-24.3333141	-24.1384694	-24.7738034	-23.0306808	0.463668899	0.921153079	0	100	0	0	3
7100	1581	0	2.7734375	-24.3335778	-24.1434322	-24.7738034	-23.0306808	0.468631688	0.921153079	0	100	0	0	3
7105	1584	0	2.77539062	-24.3562532	-24.1486102	-24.7738034	-23.0443733	0.473809705	0.921153079	0	100	0	0	3
7110	1585	0	2.77734375	-24.3595384	-24.1537373	-24.7738034	-23.0443733	0.4789368	0.921153079	0	100	0	0	3
7115	1586	0	2.77929688	-24.3223258	-24.1585669	-24.7738034	-23.0443733	0.483766459	0.921153079	0	100	0	0	3
7120	1587	0	2.78125	-24.2920168	-24.1632498	-24.7738034	-23.0443733	0.48844931	0.921153079	0	100	0	0	3
7125	1588	0	2.78320312	-24.3055464	-24.1680955	-24.7738034	-23.0443733	0.493295041	0.921153079	0	100	0	0	3
7130	1589	0	2.78515625	-24.3257426	-24.1731009	-24.7738034	-23.0764681	0.49830039	0.921153079	0	100	0	0	3
7135	1590	0	2.78710938	-24.318332	-24.1779444	-24.7738034	-23.0764681	0.503143965	0.921153079	0	100	0	0	3
7140	1591	0	2.7890625	-24.2681749	-24.1824471	-24.7738034	-23.0764681	0.507646612	0.921153079	0	100	0	0	3
7145	1593	0	2.79101562	-24.2563447	-24.1869279	-24.7738034	-23.0764681	0.512127442	0.921153079	0	100	0	0	3
7150	1594	0	2.79296875	-24.27721	-24.1916183	-24.7738034	-23.0782666	0.51681784	0.921153079	0	100	0	0	3
7155	1595	0	2.79492188	-24.2937363	-24.1963662	-24.7738034	-23.084879	0.521565768	0.921153079	0	100	0	0	3
7160	1596	0	2.796875	-24.268369	-24.200852	-24.7738034	-23.084879	0.526051557	0.921153079	0	100	0	0	3
7165	1597	0	2.79882812	-24.2296013	-24.2051123	-24.7738034	-23.084879	0.530311791	0.921153079	0	100	0	0	3
7170	1598	0	2.80078125	-24.2304062	-24.2094589	-24.7738034	-23.084879	0.534658424	0.921153079	0	100	0	0	3
7175	1599	0	2.80273438	-24.2504632	-24.21401	-24.7738034	-23.084879	0.539209496	0.921153079	0	100	0	0	3
7180	1600	0	2.8046875	-24.2461579	-24.2184864	-24.7738034	-23.084879	0.543685899	0.921153079	0	100	0	0	3
7185	1601	0	2.80664062	-24.213841	-24.222697	-24.7738034	-23.084879	0.547896481	0.921153079	0	100	0	0	3
7190	1603	0	2.80859375	-24.1846975	-24.226774	-24.7738034	-23.084879	0.551973566	0.921153079	0	100	0	0	3
7195	1604	0	2.81054688	-24.2033392	-24.2310449	-24.7738034	-23.084879	0.556244447	0.921153079	0	100	0	0	3
7200	1605	0	2.8125	-24.2176469	-24.2354698	-24.7738034	-23.1173467	0.560669322	0.921153079	0	100	0	0	3
7205	1607	0	2.81445312	-24.1980535	-24.2396913	-24.7738034	-23.1422552	0.564890832	0.921153079	0	100	0	0	3
7210	1608	0	2.81640625	-24.1629273	-24.2435971	-24.7738034	-23.1422552	0.568796613	0.921153079	0	100	0	0	3
7215	1609	0	2.81835938	-24.1476034	-24.2474199	-24.7738034	-23.1422552	0.572619419	0.921153079	0	100	0	0	3
7220	1610	0	2.8203125	-24.1707128	-24.2514373	-24.7738034	-23.1462353	0.576636832	0.921153079	0	100	0	0	3
7225	1611	0	2.82226562	-24.1820697	-24.2554835	-24.7738034	-23.1906688	0.58068306	0.921153079	0	100	0	0	3
7230	1613	0	2.82421875	-24.1611677	-24.2592561	-24.7738034	-23.1906688	0.58445566	0.921153079	0	100	0	0	3
7235	1614	0	2.82617188	-24.1307184	-24.2627658	-24.7738034	-23.1906688	0.587965361	0.921153079	0	100	0	0	3
7240	1615	0	2.828125	-24.1339714	-24.2663362	-24.7738034	-23.1906688	0.591535725	0.921153079	0	100	0	0	3
7245	1616	0	2.83007812	-24.1628148	-24.2701336	-24.7738034	-23.213371	0.59533317	0.921153079	0	100	0	0	3
7250	1617	0	2.83203125	-24.1724043	-24.2738799	-24.7738034	-23.233853	0.599079393	0.921153079	0	100	0	0	3
7255	1618	0	2.83398438	-24.1421351	-24.2773213	-24.7738034	-23.233853	0.602520836	0.921153079	0	100	0	0	3
7260	1619	0	2.8359375	-24.1158435	-24.2805905	-24.7738034	-23.233853	0.605790039	0.921153079	0	100	0	0	3
7265	1620	0	2.83789062	-24.1283017	-24.2840147	-24.7738034	-23.233853	0.609214184	0.921153079	0	100	0	0	3
7270	1622	0	2.83984375	-24.1501748	-24.287594	-24.7738034	-23.2689362	0.612793567	0.921153079	0	100	0	0	3
7275	1623	0	2.84179688	-24.1501361	-24.2910362	-24.7738034	-23.2893809	0.616235754	0.921153079	0	100	0	0	3
7280	1624	0	2.84375	-24.1173341	-24.2941831	-24.7738034	-23.2893809	0.619382596	0.921153079	0	100	0	0	3
7285	1625	0	2.84570312	-24.0987647	-24.2972236	-24.7738034	-23.2893809	0.622423097	0.921153079	0	100	0	0	3
7290	1626	0	2.84765625	-24.1201709	-24.3004471	-24.7738034	-23.2893809	0.625646622	0.921153079	0	100	0	0	3
7295	1627	0	2.84960938	-24.1450069	-24.3037894	-24.7738034	-23.3347782	0.628988912	0.921153079	0	100	0	0	3
7300	1629	0	2.8515625	-24.1257484	-24.3068791	-24.7738034	-23.3582348	0.632078639	0.921153079	0	100	0	0	3
7305	1631	0	2.85351562	-24.0908041	-24.309696	-24.7738034	-23.3582348	0.634895563	0.921153079	0	100	0	0	3
7310	1632	0	2.85546875	-24.0925229	-24.3125095	-24.7738034	-23.3582348	0.637709064	0.921153079	0	100	0	0	3
7315	1633	0	2.85742188	-24.1182628	-24.3154784	-24.7738034	-23.3785547	0.640677924	0.921153079	0	100	0	0	3
7320	1634	0	2.859375	-24.1260463	-24.3183983	-24.7738034	-23.401816	0.643597813	0.921153079	0	100	0	0	3
7325	1636	0	2.86132812	-24.0879762	-24.321004	-24.7738034	-23.401816	0.646203576	0.921153079	0	100	0	0	3
7330	1637	0	2.86328125	-24.0662615	-24.3234566	-24.7738034	-23.401816	0.648656094	0.921153079	0	100	0	0	3
7335	1638	0	2.86523438	-24.0848091	-24.3260495	-24.7738034	-23.401816	0.65124905	0.921153079	0	100	0	0	3
7340	1639	0	2.8671875	-24.1153542	-24.3288368	-24.7738034	-23.4188967	0.654036309	0.921153079	0	100	0	0	3
7345	1640	0	2.86914062	-24.0952175	-24.3314243	-24.7738034	-23.4188967	0.656623785	0.921153079	0	100	0	0	3
7350	1641	0	2.87109375	-24.0620756	-24.3337395	-24.7738034	-23.4188967	0.65893901	0.921153079	0	100	0	0	3
7355	1643	0	2.87304688	-24.0575043	-24.3360478	-24.7738034	-23.4188967	0.661247353	0.921153079	0	100	0	0	3
7360	1644	0	2.875	-24.0807311	-24.3385835	-24.7738034	-23.4188967	0.663783028	0.921153079	0	100	0	0	3
7365	1645	0	2.87695312	-24.0952078	-24.3412253	-24.7738034	-23.4575137	0.666424869	0.921153079	0	100	0	0	3
7370	1646	0	2.87890625	-24.0754539	-24.3436392	-24.7738034	-23.4844055	0.668838697	0.921153079	0	100	0	0	3
7375	1647	0	2.88085938	-24.0415233	-24.3457755	-24.7738034	-23.4844055	0.670974984	0.921153079	0	100	0	0	3
7380	1648	0	2.8828125	-24.0532271	-24.3479337	-24.7738034	-23.4844055	0.673133269	0.921153079	0	100	0	0	3
7385	1650	0	2.88476562	-24.0778809	-24.350252	-24.7738034	-23.50036	0.675451532	0.921153079	0	100	0	0	3
7390	1651	0	2.88671875	-24.0823224	-24.3525253	-24.7738034	-23.5448486	0.677724823	0.921153079	0	100	0	0	3
7395	1652	0	2.88867188	-24.0528966	-24.3545099	-24.7738034	-23.5670228	0.679709385	0.921153079	0	100	0	0	3
7400	1653	0	2.890625	-24.0368378	-24.3563026	-24.7738034	-23.5670228	0.681502109	0.921153079	0	100	0	0	3
7405	1655	0	2.89257812	-24.0604944	-24.3581932	-24.7738034	-23.5670228	0.683392743	0.921153079	0	100	0	0	3
7410	1656	0	2.89453125	-24.0816111	-24.3602033	-24.7738034	-23.5950716	0.685402854	0.921153079	0	100	0	0	3
7415	1658	0	2.89648438	-24.0698645	-24.362058	-24.7738034	-23.6333859	0.687257514	0.921153079	0	100	0	0	3
7420	1659	0	2.8984375	-24.0379238	-24.3636382	-24.7738034	-23.633818	0.68883774	0.921153079	0	100	0	0	3
7425	1660	0	2.90039062	-24.0399649	-24.3651673	-24.7738034	-23.633818	0.690366815	0.921153079	0	100	0	0	3
7430	1661	0	2.90234375	-24.067849	-24.3668627	-24.7738034	-23.6389718	0.692062249	0.921153079	0	100	0	0	3
7435	1662	0	2.90429688	-24.073651	-24.3685607	-24.7738034	-23.6754347	0.693760215	0.921153079	0	100	0	0	3
7440	1663	0	2.90625	-24.0596623	-24.3700616	-24.7738034	-23.6912667	0.695261104	0.921153079	0	100	0	0	3
7445	1665	0	2.90820312	-24.0389879	-24.3713723	-24.7738034	-23.6912667	0.696571785	0.921153079	0	100	0	0	3
7450	1666	0	2.91015625	-24.0496512	-24.3727437	-24.7738034	-23.6912667	0.69794321	0.921153079	0	100	0	0	3
7455	1667	0	2.91210938	-24.0734811	-24.3742367	-24.7738034	-23.7264034	0.699436235	0.921153079	0	100	0	0	3
7460	1668	0	2.9140625	-24.0786808	-24.3756128	-24.7738034	-23.7652788	0.700812319	0.921153079	0	100	0	0	3
7465	1669	0	2.91601562	-24.0540532	-24.3767326	-24.7738034	-23.7652788	0.701932158	0.921153079	0	100	0	0	3
7470	1670	0	2.91796875	-24.0410516	-24.3777743	-24.7738034	-23.7652788	0.702973844	0.921153079	0	100	0	0	3
7475	1671	0	2.91992188	-24.0645899	-24.3789435	-24.7738034	-23.7896751	0.704143027	0.921153079	0	100	0	0	3
7480	1673	0	2.921875	-24.0902981	-24.3801178	-24.7738034	-23.8327154	0.705317336	0.921153079	0	100	0	0	3
7485	1674	0	2.92382812	-24.0753032	-24.3810522	-24.7738034	-23.8327154	0.706251773	0.921153079	0	100	0	0	3
7490	1675	0	2.92578125	-24.0533274	-24.3818181	-24.7738034	-23.8327154	0.707017661	0.921153079	0	100	0	0	3
7495	1676	0	2.92773438	-24.0475673	-24.3826102	-24.7738034	-23.8327154	0.707809731	0.921153079	0	100	0	0	3
7500	1677	0	2.9296875	-24.0826123	-24.3835864	-24.7738034	-23.8661499	0.70878589	0.921153079	0	100	0	0	3
7505	1679	0	2.93164062	-24.0938216	-24.3844757	-24.7738034	-23.8776624	0.709675233	0.921153079	0	100	0	0	3
7510	1681	0	2.93359375	-24.0777444	-24.3851676	-24.7738034	-23.8776624	0.710367108	0.921153079	0	100	0	0	3
7515	1682	0	2.93554688	-24.0603256	-24.3857981	-24.7738034	-23.8776624	0.710997638	0.921153079	0	100	0	0	3
7520	1683	0	2.9375	-24.0745064	-24.386567	-24.7738034	-23.8804905	0.71176656	0.921153079	0	100	0	0	3
7525	1684	0	2.93945312	-24.0934059	-24.3873987	-24.7738034	-23.9145553	0.712598261	0.921153079	0	100	0	0	3
7530	1685	0	2.94140625	-24.0922867	-24.388093	-24.7738034	-23.9175079	0.713292524	0.921153079	0	100	0	0	3
7535	1686	0	2.94335938	-24.0682421	-24.3886185	-24.7738034	-23.9175079	0.713818044	0.921153079	0	100	0	0	3
7540	1687	0	2.9453125	-24.0860732	-24.3892498	-24.7738034	-23.9175079	0.714449356	0.921153079	0	100	0	0	3
7545	1688	0	2.94726562	-24.1098474	-24.3900012	-24.7738034	-23.9523882	0.715200682	0.921153079	0	100	0	0	3
7550	1690	0	2.94921875	-24.1120621	-24.3906249	-24.7738034	-23.9841515	0.715824408	0.921153079	0	100	0	0	3
7555	1691	0	2.95117188	-24.0830986	-24.3909607	-24.7738034	-23.9841515	0.716160194	0.921153079	0	100	0	0	3
7560	1692	0	2.953125	-24.0817171	-24.3912702	-24.7738034	-23.9841515	0.716469738	0.921153079	0	100	0	0	3
7565	1693	0	2.95507812	-24.1123903	-24.3917711	-24.7738034	-23.9985453	0.716970671	0.921153079	0	100	0	0	3
7570	1694	0	2.95703125	-24.1280355	-24.392277	-24.7738034	-24.0368378	0.717476492	0.921153079	0	100	0	0	3
7575	1695	0	2.95898438	-24.109205	-24.3924871	-24.7738034	-24.0368378	0.717686602	0.921153079	0	100	0	0	3
7580	1697	0	2.9609375	-24.0889795	-24.3925131	-24.7738034	-24.0368378	0.717712617	0.921153079	0	100	0	0	3
7585	1698	0	2.96289062	-24.0973004	-24.3926315	-24.7738034	-24.0368378	0.717830983	0.921153079	0	100	0	0	3
7590	1699	0	2.96484375	-24.118805	-24.3929009	-24.7738034	-24.0368378	0.718100464	0.921153079	0	100	0	0	3
7595	1700	0	2.96679688	-24.1379066	-24.3930951	-24.7738034	-24.0368378	0.718294622	0.921153079	0	100	0	0	3
7600	1701	0	2.96875	-24.1176734	-24.3930184	-24.7738034	-24.0368378	0.718294622	0.921153079	0	100	0	0	3
7605	1703	0	2.97070312	-24.1051935	-24.3928612	-24.7738034	-24.0368378	0.718294622	0.921153079	0	100	0	0	3
7610	1705	0	2.97265625	-24.1295797	-24.3928976	-24.7738034	-24.0368378	0.718294622	0.921153079	0	100	0	0	3
7615	1706	0	2.97460938	-24.1491134	-24.3929929	-24.7738034	-24.0368378	0.718294622	0.921153079	0	100	0	0	3
7620	1707	0	2.9765625	-24.158027	-24.392927	-24.7738034	-24.0368378	0.718294622	0.921153079	0	100	0	0	3
7625	1708	0	2.97851562	-24.1320263	-24.3925926	-24.7738034	-24.0368378	0.718294622	0.921153079	0	100	0	0	3
7630	1709	0	2.98046875	-24.132008	-24.3922938	-24.7738034	-24.0368378	0.718294622	0.921153079	0	100	0	0	3
7635	1710	0	2.98242188	-24.1689703	-24.3922348	-24.7738034	-24.0368378	0.718294622	0.921153079	0	100	0	0	3
7640	1711	0	2.984375	-24.1896135	-24.3921378	-24.7738034	-24.0368378	0.718294622	0.921153079	0	100	0	0	3
7645	1712	0	2.98632812	-24.1712387	-24.3917154	-24.7738034	-24.0368378	0.718294622	0.921153079	0	100	0	0	3
7650	1714	0	2.98828125	-24.143524	-24.3910949	-24.7738034	-24.0368378	0.718294622	0.921153079	0	100	0	0	3
7655	1715	0	2.99023438	-24.1636867	-24.3906585	-24.7738034	-24.0368378	0.718294622	0.921153079	0	100	0	0	3
7660	1716	0	2.9921875	-24.2054552	-24.3904445	-24.7738034	-24.0368378	0.718294622	0.921153079	0	100	0	0	3
7665	1717	0	2.99414062	-24.2065325	-24.3900362	-24.7738034	-24.0368378	0.718294622	0.921153079	0	100	0	0	3
7670	1718	0	2.99609375	-24.1807858	-24.3893418	-24.7738034	-24.0368378	0.718294622	0.921153079	0	100	0	0	3
7675	1719	0	2.99804688	-24.1752564	-24.3886345	-24.7738034	-24.0368378	0.718294622	0.921153079	0	100	0	0	3
7680	1721	0	3	-24.2046561	-24.3881806	-24.7738034	-24.0368378	0.718294622	0.921153079	0	100	0	0	3
7685	1722	0	3.00195312	-24.2322009	-24.3878263	-24.7738034	-24.0368378	0.718294622	0.921153079	0	100	0	0	3
7690	1723	0	3.00390625	-24.2276737	-24.3872486	-24.7738034	-24.0368378	0.718294622	0.921153079	0	100	0	0	3
7695	1724	0	3.00585938	-24.2021	-24.3864701	-24.7738034	-24.0368378	0.718294622	0.921153079	0	100	0	0	3
7700	1725	0	3.0078125	-24.2090048	-24.3858044	-24.7738034	-24.0368378	0.718294622	0.921153079	0	100	0	0	3
7705	1728	0	3.00976562	-24.2483177	-24.3854042	-24.7738034	-24.0368378	0.718294622	0.921153079	0	100	0	0	3
7710	1729	0	3.01171875	-24.2671958	-24.3849885	-24.7738034	-24.0368378	0.718294622	0.921153079	0	100	0	0	3
7715	1730	0	3.01367188	-24.2456905	-24.384281	-24.7738034	-24.0368378	0.718294622	0.921153079	0	100	0	0	3
7720	1732	0	3.015625	-24.2237282	-24.3834404	-24.7738034	-24.0368378	0.718294622	0.921153079	0	100	0	0	3
7725	1733	0	3.01757812	-24.2492266	-24.3827854	-24.7738034	-24.0368378	0.718294622	0.921153079	0	100	0	0	3
7730	1734	0	3.01953125	-24.2873059	-24.3823285	-24.7738034	-24.0368378	0.718294622	0.921153079	0	100	0	0	3
7735	1735	0	3.02148438	-24.2841545	-24.3816961	-24.7738034	-24.0368378	0.718294622	0.921153079	0	100	0	0	3
7740	1736	0	3.0234375	-24.2504055	-24.3807744	-24.7738034	-24.0368378	0.718294622	0.921153079	0	100	0	0	3
7745	1738	0	3.02539062	-24.2420283	-24.3798051	-24.7738034	-24.0368378	0.718294622	0.921153079	0	100	0	0	3
7750	1739	0	3.02734375	-24.2835237	-24.3791031	-24.7738034	-24.0368378	0.718294622	0.921153079	0	100	0	0	3
7755	1740	0	3.02929688	-24.306095	-24.3785111	-24.7738034	-24.0368378	0.718294622	0.921153079	0	100	0	0	3
7760	1741	0	3.03125	-24.2888094	-24.3776372	-24.7738034	-24.0368378	0.718294622	0.921153079	0	100	0	0	3
7765	1742	0	3.03320312	-24.2605213	-24.3765179	-24.7738034	-24.0368378	0.718294622	0.921153079	0	100	0	0	3
7770	1743	0	3.03515625	-24.281056	-24.3755169	-24.7738034	-24.0368378	0.718294622	0.921153079	0	100	0	0	3
7775	1744	0	3.03710938	-24.3156323	-24.374773	-24.7738034	-24.0368378	0.718294622	0.921153079	0	100	0	0	3
7780	1746	0	3.0390625	-24.3311618	-24.3740388	-24.7738034	-24.0368378	0.718294622	0.921153079	0	100	0	0	3
7785	1747	0	3.04101562	-24.3271534	-24.3730798	-24.7738034	-24.0368378	0.718294622	0.921153079	0	100	0	0	3
7790	1748	0	3.04296875	-24.2912257	-24.3719028	-24.7738034	-24.0368378	0.718294622	0.921153079	0	100	0	0	3
7795	1749	0	3.04492188	-24.3214641	-24.3709208	-24.7738034	-24.0368378	0.718294622	0.921153079	0	100	0	0	3
7800	1750	0	3.046875	-24.3644972	-24.3701878	-24.7738034	-24.0368378	0.718294622	0.921153079	0	100	0	0	3
7805	1753	0	3.04882812	-24.370203	-24.3693329	-24.7738034	-24.0368378	0.718294622	0.921153079	0	100	0	0	3
7810	1754	0	3.05078125	-24.345	-24.3682207	-24.7738034	-24.0368378	0.718294622	0.921153079	0	100	0	0	3
7815	1755	0	3.05273438	-24.3399494	-24.3670879	-24.7738034	-24.0368378	0.718294622	0.921153079	0	100	0	0	3
7820	1756	0	3.0546875	-24.365156	-24.3661427	-24.7738034	-24.0368378	0.718294622	0.921153079	0	100	0	0	3
7825	1757	0	3.05664062	-24.4042631	-24.3653679	-24.7738034	-24.0368378	0.71808495	0.921153079	0	100	0	0	3
7830	1759	0	3.05859375	-24.4004777	-24.3643799	-24.7738034	-24.0368378	0.717781339	0.921153079	0	100	0	0	3
7835	1760	0	3.06054688	-24.3698036	-24.3631396	-24.7738034	-24.0368378	0.717434973	0.921153079	0	100	0	0	3
7840	1761	0	3.0625	-24.3813809	-24.3620297	-24.7738034	-24.0368378	0.716944549	0.921153079	0	100	0	0	3
7845	1762	0	3.06445312	-24.4233903	-24.3612076	-24.7738034	-24.0368378	0.716214721	0.921153079	0	100	0	0	3
7850	1763	0	3.06640625	-24.4466161	-24.3604114	-24.7738034	-24.0368378	0.71534563	0.921153079	0	100	0	0	3
7855	1765	0	3.06835938	-24.4188525	-24.3593289	-24.7738034	-24.0368378	0.714434089	0.921153079	0	100	0	0	3
7860	1766	0	3.0703125	-24.4019287	-24.3581285	-24.7738034	-24.0368378	0.713463742	0.921153079	0	100	0	0	3
7865	1767	0	3.07226562	-24.4219593	-24.3571246	-24.7738034	-24.0368378	0.712322042	0.921153079	0	100	0	0	3
7870	1768	0	3.07421875	-24.4742267	-24.3563984	-24.7738034	-24.0368378	0.710977885	0.921153079	0	100	0	0	3
7875	1769	0	3.07617188	-24.4824793	-24.3555764	-24.7738034	-24.0368378	0.709595086	0.921153079	0	100	0	0	3
7880	1770	0	3.078125	-24.4462295	-24.3544863	-24.7738034	-24.0368378	0.70821847	0.921153079	0	100	0	0	3
7885	1772	0	3.08007812	-24.4502796	-24.3534597	-24.7738034	-24.0368378	0.706744015	0.921153079	0	100	0	0	3
7890	1773	0	3.08203125	-24.4879071	-24.3527258	-24.7738034	-24.0368378	0.70504715	0.921153079	0	100	0	0	3
7895	1774	0	3.08398438	-24.5096273	-24.3520927	-24.7738034	-24.0368378	0.703191529	0.921153079	0	100	0	0	3
7900	1775	0	3.0859375	-24.5066822	-24.3512767	-24.7738034	-24.0368378	0.701315447	0.921153079	0	100	0	0	3
7905	1778	0	3.08789062	-24.4782073	-24.35026	-24.7738034	-24.0368378	0.699391396	0.921153079	0	100	0	0	3
7910	1779	0	3.08984375	-24.485512	-24.3493611	-24.7738034	-24.0368378	0.697298395	0.921153079	0	100	0	0	3
7915	1780	0	3.09179688	-24.5384851	-24.3488009	-24.7738034	-24.0368378	0.694944364	0.921153079	0	100	0	0	3
7920	1781	0	3.09375	-24.5375586	-24.3481977	-24.7738034	-24.0368378	0.692438613	0.921153079	0	100	0	0	3
7925	1782	0	3.09570312	-24.5171148	-24.3473335	-24.7738034	-24.0368378	0.689939116	0.921153079	0	100	0	0	3
7930	1783	0	3.09765625	-24.4965784	-24.3463709	-24.7738034	-24.0368378	0.687358584	0.921153079	0	100	0	0	3
7935	1784	0	3.09960938	-24.52811	-24.3456222	-24.7738034	-24.0368378	0.684596839	0.921153079	0	100	0	0	3
7940	1786	0	3.1015625	-24.565506	-24.3451196	-24.7738034	-24.0368378	0.681579875	0.921153079	0	100	0	0	3
7945	1787	0	3.10351562	-24.5708972	-24.3445221	-24.7738034	-24.0368378	0.678548414	0.921153079	0	100	0	0	3
7950	1788	0	3.10546875	-24.5360883	-24.3436711	-24.7738034	-24.0368378	0.675576763	0.921153079	0	100	0	0	3
7955	1789	0	3.10742188	-24.5446396	-24.3428773	-24.7738034	-24.0368378	0.672567145	0.921153079	0	100	0	0	3
7960	1790	0	3.109375	-24.5822765	-24.3423449	-24.7738034	-24.0368378	0.669365561	0.921153079	0	100	0	0	3
7965	1792	0	3.11132812	-24.5995148	-24.3419178	-24.7738034	-24.0368378	0.665988702	0.921153079	0	100	0	0	3
7970	1793	0	3.11328125	-24.589212	-24.3412895	-24.7738034	-24.0368378	0.662688285	0.921153079	0	100	0	0	3
7975	1794	0	3.11523438	-24.5651669	-24.3404944	-24.7738034	-24.0368378	0.659466606	0.921153079	0	100	0	0	3
7980	1795	0	3.1171875	-24.5896319	-24.3398741	-24.7738034	-24.0368378	0.656199627	0.921153079	0	100	0	0	3
7985	1796	0	3.11914062	-24.6131951	-24.3394933	-24.7738034	-24.0368378	0.652659995	0.921153079	0	100	0	0	3
7990	1798	0	3.12109375	-24.6358668	-24.3391402	-24.7738034	-24.0368378	0.648999366	0.921153079	0	100	0	0	3
7995	1799	0	3.12304688	-24.6210561	-24.338596	-24.7738034	-24.0368378	0.645367659	0.921153079	0	100	0	0	3
8000	1800	0	3.125	-24.5976604	-24.337918	-24.7738034	-24.0368378	0.641743456	0.921153079	0	100	0	0	3
8005	1802	0	3.12695312	-24.6402767	-24.3375175	-24.7738034	-24.0368378	0.637947963	0.921153079	0	100	0	0	3
8010	1803	0	3.12890625	-24.6680345	-24.3372942	-24.7738034	-24.0368378	0.633914426	0.921153079	0	100	0	0	3
8015	1805	0	3.13085938	-24.6579029	-24.3369477	-24.7738034	-24.0368378	0.629831035	0.921153079	0	100	0	0	3
8020	1806	0	3.1328125	-24.6435641	-24.336439	-24.7725842	-24.0368378	0.625796128	0.921153079	0	100	0	0	3
8025	1807	0	3.13476562	-24.6347731	-24.3359142	-24.7725842	-24.0368378	0.621696556	0.921153079	0	100	0	0	3
8030	1809	0	3.13671875	-24.6894685	-24.3357035	-24.7725842	-24.0368378	0.617324382	0.921153079	0	100	0	0	3
8035	1810	0	3.13867188	-24.7050736	-24.3355312	-24.7725842	-24.0368378	0.61279287	0.921153079	0	100	0	0	3
8040	1811	0	3.140625	-24.6878914	-24.3352004	-24.7708448	-24.0368378	0.608375369	0.921153079	0	100	0	0	3
8045	1812	0	3.14257812	-24.6710876	-24.3348107	-24.7528572	-24.0368378	0.604047292	0.921153079	0	100	0	0	3
8050	1814	0	3.14453125	-24.6893076	-24.3346043	-24.7528572	-24.0368378	0.599586792	0.921153079	0	100	0	0	3
8055	1815	0	3.14648438	-24.7186834	-24.3345924	-24.7528572	-24.0368378	0.594851393	0.921153079	0	100	0	0	3
8060	1816	0	3.1484375	-24.7264013	-24.3345646	-24.7528572	-24.0368378	0.590048543	0.921153079	0	100	0	0	3
8065	1817	0	3.15039062	-24.7063629	-24.334383	-24.7396158	-24.0368378	0.585381335	0.921153079	0	100	0	0	3
8070	1818	0	3.15234375	-24.702625	-24.3342385	-24.7339668	-24.0368378	0.58073993	0.921153079	0	100	0	0	3
8075	1820	0	3.15429688	-24.7337681	-24.3343325	-24.7339668	-24.0368378	0.575897041	0.921153079	0	100	0	0	3
8080	1821	0	3.15625	-24.7570385	-24.3345489	-24.7570385	-24.0368378	0.570780692	0.921153079	0	100	0	0	3
8085	1822	0	3.15820312	-24.7436822	-24.3346122	-24.7570385	-24.0368378	0.565680138	0.921153079	0	100	0	0	3
8090	1823	0	3.16015625	-24.7219898	-24.3345654	-24.7570385	-24.0368378	0.560720626	0.921153079	0	100	0	0	3
8095	1825	0	3.16210938	-24.7386242	-24.3346819	-24.7570385	-24.0368378	0.555706397	0.921153079	0	100	0	0	3
8100	1826	0	3.1640625	-24.7657771	-24.3350153	-24.7657771	-24.0368378	0.55037829	0.921153079	0	100	0	0	3
8105	1828	0	3.16601562	-24.769209	-24.3353039	-24.769209	-24.0368378	0.544913984	0.921153079	0	100	0	0	3
8110	1829	0	3.16796875	-24.7537804	-24.3354686	-24.769209	-24.0368378	0.539608532	0.921153079	0	100	0	0	3
8115	1830	0	3.16992188	-24.752162	-24.3356637	-24.769209	-24.0368378	0.534441542	0.921153079	0	100	0	0	3
8120	1832	0	3.171875	-24.7782599	-24.3360907	-24.7782599	-24.0368378	0.529126501	0.921153079	0	100	0	0	3
8125	1833	0	3.17382812	-24.8016547	-24.3366451	-24.8016547	-24.0368378	0.523561777	0.921153079	0	100	0	0	3
8130	1834	0	3.17578125	-24.7783153	-24.3370401	-24.8016547	-24.0368378	0.518045696	0.921153079	0	100	0	0	3
8135	1836	0	3.17773438	-24.7614124	-24.3373596	-24.8016547	-24.0368378	0.512751348	0.921153079	0	100	0	0	3
8140	1837	0	3.1796875	-24.7856526	-24.3378547	-24.8016547	-24.0368378	0.507531353	0.921153079	0	100	0	0	3
8145	1838	0	3.18164062	-24.8161465	-24.3385707	-24.8161465	-24.0368378	0.50209997	0.921153079	0	100	0	0	3
8150	1839	0	3.18359375	-24.8183609	-24.3392625	-24.8183609	-24.0368378	0.496501335	0.921153079	0	100	0	0	3
8155	1840	0	3.18554688	-24.7865837	-24.3397743	-24.8183609	-24.0368378	0.491035992	0.921153079	0	100	0	0	3
8160	1842	0	3.1875	-24.7872538	-24.3403292	-24.8183609	-24.0368378	0.485786686	0.921153079	0	100	0	0	3
8165	1843	0	3.18945312	-24.8165872	-24.3411272	-24.8183609	-24.0368378	0.480473202	0.921153079	0	100	0	0	3
8170	1844	0	3.19140625	-24.8397201	-24.3420448	-24.8397201	-24.0368378	0.474856415	0.921153079	0	100	0	0	3
8175	1845	0	3.19335938	-24.8278922	-24.3428031	-24.8397201	-24.0368378	0.469134121	0.921153079	0	100	0	0	3
8180	1847	0	3.1953125	-24.8121869	-24.3434445	-24.8397201	-24.0368378	0.463624495	0.921153079	0	100	0	0	3
8185	1848	0	3.19726562	-24.8143024	-24.3441904	-24.8397201	-24.0368378	0.458262369	0.921153079	0	100	0	0	3
8190	1849	0	3.19921875	-24.8512759	-24.3452141	-24.8512759	-24.0368378	0.452697754	0.921153079	0	100	0	0	3
8195	1850	0	3.20117188	-24.8587814	-24.3462121	-24.8587814	-24.0368378	0.446861581	0.921153079	0	100	0	0	3
8200	1852	0	3.203125	-24.8441822	-24.3470422	-24.8587814	-24.0368378	0.44109347	0.921153079	0	100	0	0	3
8205	1854	0	3.20507812	-24.8311098	-24.3478402	-24.8587814	-24.0368378	0.435567126	0.921153079	0	100	0	0	3
8210	1855	0	3.20703125	-24.8528621	-24.3488482	-24.8587814	-24.0368378	0.43005401	0.921153079	0	100	0	0	3
8215	1856	0	3.20898438	-24.8823416	-24.3500469	-24.8823416	-24.0368378	0.424292029	0.921153079	0	100	0	0	3
8220	1858	0	3.2109375	-24.8841004	-24.3511979	-24.8841004	-24.0368378	0.41839716	0.921153079	0	100	0	0	3
8225	1859	0	3.21289062	-24.8626762	-24.3522055	-24.8841004	-24.0368378	0.412733633	0.921153079	0	100	0	0	3
8230	1860	0	3.21484375	-24.8539642	-24.3532848	-24.8841004	-24.0368378	0.407285143	0.921153079	0	100	0	0	3
8235	1861	0	3.21679688	-24.9067025	-24.3547257	-24.9067025	-24.0368378	0.401737469	0.921153079	0	100	0	0	3
8240	1862	0	3.21875	-24.9175748	-24.3562299	-24.9175748	-24.0368378	0.39589289	0.921153079	0	100	0	0	3
8245	1864	0	3.22070312	-24.8871776	-24.3575083	-24.9175748	-24.0368378	0.390030359	0.921153079	0	100	0	0	3
8250	1865	0	3.22265625	-24.8690667	-24.3587096	-24.9175748	-24.0368378	0.384432898	0.921153079	0	100	0	0	3
8255	1866	0	3.22460938	-24.8943346	-24.3601493	-24.9175748	-24.0368378	0.378977266	0.921153079	0	100	0	0	3
8260	1867	0	3.2265625	-24.9132772	-24.3617932	-24.9175748	-24.0368378	0.373307513	0.921153079	0	100	0	0	3
8265	1869	0	3.22851562	-24.9184649	-24.3633911	-24.9184649	-24.0368378	0.367415648	0.921153079	0	100	0	0	3
8270	1870	0	3.23046875	-24.8832112	-24.3647726	-24.9184649	-24.0368378	0.361614772	0.921153079	0	100	0	0	3
8275	1871	0	3.23242188	-24.8712571	-24.3661421	-24.9184649	-24.0368378	0.356114723	0.921153079	0	100	0	0	3
8280	1872	0	3.234375	-24.9157795	-24.3678707	-24.9184649	-24.0368378	0.350622254	0.921153079	0	100	0	0	3
8285	1874	0	3.23632812	-24.928419	-24.3696914	-24.928419	-24.0368378	0.344909358	0.921153079	0	100	0	0	3
8290	1875	0	3.23828125	-24.9205252	-24.3714142	-24.928419	-24.0368378	0.339133205	0.921153079	0	100	0	0	3
8295	1876	0	3.24023438	-24.883821	-24.372972	-24.928419	-24.0368378	0.333585924	0.921153079	0	100	0	0	3
8300	1877	0	3.2421875	-24.9021643	-24.3747005	-24.928419	-24.0368378	0.328262755	0.921153079	0	100	0	0	3
8305	1880	0	3.24414062	-24.9342179	-24.3767071	-24.9342179	-24.0368378	0.322829233	0.921153079	0	100	0	0	3
8310	1881	0	3.24609375	-24.9412844	-24.3787384	-24.9412844	-24.0368378	0.317180087	0.921153079	0	100	0	0	3
8315	1882	0	3.24804688	-24.9208414	-24.380621	-24.9412844	-24.0368378	0.311631064	0.921153079	0	100	0	0	3
8320	1883	0	3.25	-24.8950876	-24.38243	-24.9412844	-24.0368378	0.30638844	0.921153079	0	100	0	0	3
8325	1885	0	3.25195312	-24.9279884	-24.3844951	-24.9412844	-24.0368378	0.301270629	0.921153079	0	100	0	0	3
8330	1886	0	3.25390625	-24.957982	-24.3867831	-24.957982	-24.0368378	0.295958545	0.921153079	0	100	0	0	3
8335	1887	0	3.25585938	-24.9399729	-24.3889491	-24.957982	-24.0368378	0.290488393	0.921153079	0	100	0	0	3
8340	1888	0	3.2578125	-24.9110085	-24.3909196	-24.957982	-24.0368378	0.285184039	0.921153079	0	100	0	0	3
8345	1889	0	3.25976562	-24.9131254	-24.3929237	-24.957982	-24.0368378	0.280183257	0.921153079	0	100	0	0	3
8350	1891	0	3.26171875	-24.9458359	-24.3952328	-24.957982	-24.0368378	0.277326134	0.921153079	0	100	0	0	3
8355	1892	0	3.26367188	-24.9698234	-24.3976815	-24.9698234	-24.0368378	0.274540025	0.921153079	0	100	0	0	3
8360	1893	0	3.265625	-24.9444944	-24.3999247	-24.9698234	-24.0368378	0.271460019	0.921153079	0	100	0	0	3
8365	1894	0	3.26757812	-24.9037594	-24.4019255	-24.9698234	-24.0368378	0.268334867	0.921153079	0	100	0	0	3
8370	1895	0	3.26953125	-24.9198283	-24.4040403	-24.9698234	-24.0368378	0.265570953	0.921153079	0	100	0	0	3
8375	1897	0	3.27148438	-24.9587165	-24.4064833	-24.9698234	-24.0368378	0.263051143	0.921153079	0	100	0	0	3
8380	1898	0	3.2734375	-24.9599667	-24.4089301	-24.9698234	-24.0368378	0.260319958	0.921153079	0	100	0	0	3
8385	1899	0	3.27539062	-24.9377575	-24.4112016	-24.9698234	-24.0368378	0.257464363	0.921153079	0	100	0	0	3
8390	1900	0	3.27734375	-24.9249957	-24.4134105	-24.9698234	-24.0368378	0.254843523	0.921153079	0	100	0	0	3
8395	1902	0	3.27929688	-24.9430145	-24.415835	-24.9698234	-24.0368378	0.252585237	0.921153079	0	100	0	0	3
8400	1903	0	3.28125	-24.9704157	-24.418485	-24.9704157	-24.0368378	0.250389501	0.921153079	0	100	0	0	3
8405	1905	0	3.28320312	-24.970406	-24.4210821	-24.9704157	-24.0368378	0.24798126	0.921153079	0	100	0	0	3
8410	1906	0	3.28515625	-24.9427001	-24.4234921	-24.9704157	-24.0368378	0.245547675	0.921153079	0	100	0	0	3
8415	1907	0	3.28710938	-24.9351447	-24.4259015	-24.9704157	-24.0368378	0.243454453	0.921153079	0	100	0	0	3
8420	1908	0	3.2890625	-24.9697358	-24.428642	-24.9704157	-24.0368378	0.241714095	0.921153079	0	100	0	0	3
8425	1910	0	3.29101562	-24.9825595	-24.4314788	-24.9825595	-24.0368378	0.239860474	0.921153079	0	100	0	0	3
8430	1911	0	3.29296875	-24.9672173	-24.4341741	-24.9825595	-24.0368378	0.237807886	0.921153079	0	100	0	0	3
8435	1912	0	3.29492188	-24.9407762	-24.4367016	-24.9825595	-24.0368378	0.235849598	0.921153079	0	100	0	0	3
8440	1913	0	3.296875	-24.9442932	-24.439342	-24.9825595	-24.0368378	0.234229692	0.921153079	0	100	0	0	3
8445	1914	0	3.29882812	-24.9704025	-24.4422357	-24.9825595	-24.0368378	0.232776814	0.921153079	0	100	0	0	3
8450	1916	0	3.30078125	-24.9777718	-24.4451551	-24.9825595	-24.0368378	0.231145139	0.921153079	0	100	0	0	3
8455	1917	0	3.30273438	-24.948581	-24.4478821	-24.9825595	-24.0368378	0.229395758	0.921153079	0	100	0	0	3
8460	1918	0	3.3046875	-24.9382863	-24.4505858	-24.9825595	-24.0368378	0.227888803	0.921153079	0	100	0	0	3
8465	1919	0	3.30664062	-24.9493284	-24.4534588	-24.9825595	-24.0368378	0.226684715	0.921153079	0	100	0	0	3
8470	1921	0	3.30859375	-24.9703938	-24.4565279	-24.9825595	-24.0368378	0.225482961	0.921153079	0	100	0	0	3
8475	1922	0	3.31054688	-24.9673584	-24.4595123	-24.9825595	-24.0368378	0.224042536	0.921153079	0	100	0	0	3
8480	1923	0	3.3125	-24.9366128	-24.4623208	-24.9825595	-24.0368378	0.222629486	0.921153079	0	100	0	0	3
8485	1924	0	3.31445312	-24.9369807	-24.4652072	-24.9825595	-24.0368378	0.22161014	0.921153079	0	100	0	0	3
8490	1926	0	3.31640625	-24.9579316	-24.4683127	-24.9825595	-24.0368378	0.220892819	0.921153079	0	100	0	0	3
8495	1927	0	3.31835938	-24.981114	-24.4715686	-24.9825595	-24.0368378	0.220131308	0.921153079	0	100	0	0	3
8500	1928	0	3.3203125	-24.9561229	-24.4746366	-24.9825595	-24.0368378	0.219153088	0.921153079	0	100	0	0	3
8505	1931	0	3.32226562	-24.9327409	-24.4775689	-24.9825595	-24.0368378	0.218312797	0.921153079	0	100	0	0	3
8510	1932	0	3.32421875	-24.9426529	-24.4806216	-24.9825595	-24.0368378	0.217855773	0.921153079	0	100	0	0	3
8515	1933	0	3.32617188	-24.9671242	-24.4838888	-24.9825595	-24.0368378	0.217552619	0.921153079	0	100	0	0	3
8520	1934	0	3.328125	-24.9712723	-24.4871595	-24.9825595	-24.0368378	0.21702588	0.921153079	0	100	0	0	3
8525	1935	0	3.33007812	-24.9400095	-24.4901954	-24.9825595	-24.0368378	0.216315573	0.921153079	0	100	0	0	3
8530	1937	0	3.33203125	-24.9301588	-24.4931554	-24.9825595	-24.0368378	0.215834109	0.921153079	0	100	0	0	3
8535	1938	0	3.33398438	-24.9505103	-24.4963131	-24.9825595	-24.0368378	0.215722622	0.921153079	0	100	0	0	3
8540	1939	0	3.3359375	-24.9734497	-24.4996632	-24.9825595	-24.0368378	0.215648501	0.921153079	0	100	0	0	3
8545	1940	0	3.33789062	-24.9487608	-24.5028681	-24.9825595	-24.0368378	0.215274037	0.921153079	0	100	0	0	3
8550	1942	0	3.33984375	-24.9103503	-24.5058375	-24.9825595	-24.0368378	0.214801285	0.921153079	0	100	0	0	3
8555	1943	0	3.34179688	-24.9207562	-24.5088477	-24.9825595	-24.0368378	0.214664678	0.921153079	0	100	0	0	3
8560	1944	0	3.34375	-24.9506142	-24.5121027	-24.9825595	-24.0368378	0.214879177	0.921153079	0	100	0	0	3
8565	1945	0	3.34570312	-24.9643794	-24.5154841	-24.9825595	-24.0368378	0.215036959	0.921153079	0	100	0	0	3
8570	1946	0	3.34765625	-24.9412332	-24.5186913	-24.9825595	-24.0368378	0.214901944	0.921153079	0	100	0	0	3
8575	1948	0	3.34960938	-24.9192331	-24.5217156	-24.9825595	-24.0368378	0.214836538	0.921153079	0	100	0	0	3
8580	1949	0	3.3515625	-24.9311152	-24.5248616	-24.9825595	-24.0368378	0.215165578	0.921153079	0	100	0	0	3
8585	1950	0	3.35351562	-24.9581123	-24.5282495	-24.9825595	-24.0368378	0.215739999	0.921153079	0	100	0	0	3
8590	1952	0	3.35546875	-24.9632874	-24.531651	-24.9825595	-24.0368378	0.216172564	0.921153079	0	100	0	0	3
8595	1953	0	3.35742188	-24.9421176	-24.5348691	-24.9825595	-24.0368378	0.216470858	0.921153079	0	100	0	0	3
8600	1954	0	3.359375	-24.9189795	-24.5379665	-24.9825595	-24.0368378	0.21696249	0.921153079	0	100	0	0	3
8605	1956	0	3.36132812	-24.9432358	-24.5413074	-24.9825595	-24.0368378	0.21785083	0.921153079	0	100	0	0	3
8610	1958	0	3.36328125	-24.9615026	-24.5448044	-24.9825595	-24.0368378	0.218754909	0.921153079	0	100	0	0	3
8615	1959	0	3.36523438	-24.9480499	-24.5481765	-24.9825595	-24.0368378	0.219339685	0.921153079	0	100	0	0	3
8620	1960	0	3.3671875	-24.9228562	-24.5513308	-24.9825595	-24.0368378	0.219906513	0.921153079	0	100	0	0	3
8625	1961	0	3.36914062	-24.9072064	-24.5545026	-24.9825595	-24.0368378	0.220763119	0.921153079	0	100	0	0	3
8630	1963	0	3.37109375	-24.9373696	-24.5579217	-24.9825595	-24.0368378	0.223683253	0.921153079	0	100	0	0	3
8635	1964	0	3.37304688	-24.9482057	-24.561401	-24.9825595	-24.0368378	0.227162555	0.921153079	0	100	0	0	3
8640	1965	0	3.375	-24.9264466	-24.5647046	-24.9825595	-24.0368378	0.230466132	0.921153079	0	100	0	0	3
8645	1966	0	3.37695312	-24.9013357	-24.5678535	-24.9825595	-24.0368378	0.233615069	0.921153079	0	100	0	0	3
8650	1968	0	3.37890625	-24.9162955	-24.5711381	-24.9825595	-24.0368378	0.236899606	0.921153079	0	100	0	0	3
8655	1969	0	3.38085938	-24.9377027	-24.5746388	-24.9825595	-24.0368378	0.240400307	0.921153079	0	100	0	0	3
8660	1970	0	3.3828125	-24.9353051	-24.5780844	-24.9825595	-24.0368378	0.243845924	0.921153079	0	100	0	0	3
8665	1971	0	3.38476562	-24.9094812	-24.5813328	-24.9825595	-24.0368378	0.247094363	0.921153079	0	100	0	0	3
8670	1973	0	3.38671875	-24.8957471	-24.5845103	-24.9825595	-24.0368378	0.250271803	0.921153079	0	100	0	0	3
8675	1974	0	3.38867188	-24.9169229	-24.5878854	-24.9825595	-24.0368378	0.253646906	0.921153079	0	100	0	0	3
8680	1975	0	3.390625	-24.9251131	-24.5913552	-24.9825595	-24.0379238	0.257116731	0.921153079	0	100	0	0	3
8685	1977	0	3.39257812	-24.9163517	-24.5946984	-24.9825595	-24.0379238	0.260459924	0.921153079	0	100	0	0	3
8690	1978	0	3.39453125	-24.8947022	-24.5978745	-24.9825595	-24.0379238	0.263636061	0.921153079	0	100	0	0	3
8695	1979	0	3.39648438	-24.894993	-24.6010977	-24.9825595	-24.0379238	0.266859219	0.921153079	0	100	0	0	3
8700	1980	0	3.3984375	-24.9136493	-24.6045185	-24.9825595	-24.0389879	0.270280022	0.921153079	0	100	0	0	3
8705	1982	0	3.40039062	-24.9123337	-24.6079262	-24.9825595	-24.0389879	0.273687713	0.921153079	0	100	0	0	3
8710	1983	0	3.40234375	-24.8921633	-24.6111462	-24.9825595	-24.0389879	0.27690769	0.921153079	0	100	0	0	3
8715	1985	0	3.40429688	-24.8853177	-24.6143167	-24.9825595	-24.0389879	0.280078263	0.921153079	0	100	0	0	3
8720	1986	0	3.40625	-24.8983328	-24.6175928	-24.9825595	-24.0389879	0.28335432	0.921153079	0	100	0	0	3
8725	1987	0	3.40820312	-24.9100725	-24.6209955	-24.9825595	-24.0410516	0.286756994	0.921153079	0	100	0	0	3
8730	1988	0	3.41015625	-24.8974153	-24.624307	-24.9825595	-24.0410516	0.290068572	0.921153079	0	100	0	0	3
8735	1989	0	3.41210938	-24.8703289	-24.6274197	-24.9825595	-24.0410516	0.293181259	0.921153079	0	100	0	0	3
8740	1991	0	3.4140625	-24.8853283	-24.6305707	-24.9825595	-24.0410516	0.296332225	0.921153079	0	100	0	0	3
8745	1992	0	3.41601562	-24.9027409	-24.6338859	-24.9825595	-24.0410516	0.299647412	0.921153079	0	100	0	0	3
8750	1993	0	3.41796875	-24.9102857	-24.6372813	-24.9825595	-24.0475673	0.303042858	0.921153079	0	100	0	0	3
8755	1995	0	3.41992188	-24.8796815	-24.6404653	-24.9825595	-24.0475673	0.306226809	0.921153079	0	100	0	0	3
8760	1996	0	3.421875	-24.8645789	-24.6434898	-24.9825595	-24.0475673	0.309251344	0.921153079	0	100	0	0	3
8765	1997	0	3.42382812	-24.8862153	-24.6466574	-24.9825595	-24.0475673	0.312418969	0.921153079	0	100	0	0	3
8770	1999	0	3.42578125	-24.904065	-24.6499806	-24.9825595	-24.0475673	0.315742163	0.921153079	0	100	0	0	3
8775	2000	0	3.42773438	-24.8941508	-24.6532876	-24.9825595	-24.0603256	0.31904913	0.921153079	0	100	0	0	3
8780	2001	0	3.4296875	-24.8472905	-24.6562746	-24.9825595	-24.0603256	0.322036154	0.921153079	0	100	0	0	3
8785	2002	0	3.43164062	-24.861536	-24.6592735	-24.9825595	-24.0603256	0.325035039	0.921153079	0	100	0	0	3
8790	2004	0	3.43359375	-24.8851549	-24.6624275	-24.9825595	-24.0603256	0.328188986	0.921153079	0	100	0	0	3
8795	2005	0	3.43554688	-24.8866656	-24.6656553	-24.9825595	-24.0682421	0.331416876	0.921153079	0	100	0	0	3
8800	2006	0	3.4375	-24.8584106	-24.6687175	-24.9825595	-24.0682421	0.334479002	0.921153079	0	100	0	0	3
8805	2009	0	3.43945312	-24.8453358	-24.6716547	-24.9825595	-24.0682421	0.337416228	0.921153079	0	100	0	0	3
8810	2010	0	3.44140625	-24.8659235	-24.6746767	-24.9825595	-24.0682421	0.340438247	0.921153079	0	100	0	0	3
8815	2011	0	3.44335938	-24.8850903	-24.6778675	-24.9825595	-24.0817171	0.34362906	0.921153079	0	100	0	0	3
8820	2012	0	3.4453125	-24.8757443	-24.6809522	-24.9825595	-24.0817171	0.346713713	0.921153079	0	100	0	0	3
8825	2014	0	3.44726562	-24.8480841	-24.6838359	-24.9825595	-24.0817171	0.34959745	0.921153079	0	100	0	0	3
8830	2015	0	3.44921875	-24.8397264	-24.6866784	-24.9825595	-24.0817171	0.352439888	0.921153079	0	100	0	0	3
8835	2016	0	3.45117188	-24.867931	-24.6897441	-24.9825595	-24.0817171	0.355505639	0.921153079	0	100	0	0	3
8840	2017	0	3.453125	-24.8826997	-24.6928729	-24.9825595	-24.0889795	0.358634478	0.921153079	0	100	0	0	3
8845	2019	0	3.45507812	-24.8501775	-24.6957549	-24.9825595	-24.0889795	0.361516459	0.921153079	0	100	0	0	3
8850	2020	0	3.45703125	-24.8287896	-24.6984922	-24.9825595	-24.0889795	0.36425378	0.921153079	0	100	0	0	3
8855	2021	0	3.45898438	-24.8376553	-24.7013378	-24.9825595	-24.0889795	0.367099288	0.921153079	0	100	0	0	3
8860	2023	0	3.4609375	-24.8555114	-24.704332	-24.9825595	-24.0973004	0.370093554	0.921153079	0	100	0	0	3
8865	2024	0	3.46289062	-24.8585572	-24.7073057	-24.9825595	-24.1051935	0.373067213	0.921153079	0	100	0	0	3
8870	2025	0	3.46484375	-24.8272473	-24.710073	-24.9825595	-24.1051935	0.375834566	0.921153079	0	100	0	0	3
8875	2026	0	3.46679688	-24.822286	-24.7127464	-24.9825595	-24.1051935	0.378507923	0.921153079	0	100	0	0	3
8880	2028	0	3.46875	-24.8391345	-24.7155646	-24.9825595	-24.1051935	0.38132613	0.921153079	0	100	0	0	3
8885	2029	0	3.47070312	-24.8546261	-24.7184921	-24.9825595	-24.1295797	0.384253601	0.921153079	0	100	0	0	3
8890	2030	0	3.47265625	-24.8416616	-24.7212736	-24.9825595	-24.132008	0.387035171	0.921153079	0	100	0	0	3
8895	2031	0	3.47460938	-24.8151547	-24.7238754	-24.9825595	-24.132008	0.389636895	0.921153079	0	100	0	0	3
8900	2033	0	3.4765625	-24.8248016	-24.7264799	-24.9825595	-24.132008	0.392241483	0.921153079	0	100	0	0	3
8905	2035	0	3.47851562	-24.8533093	-24.7292975	-24.9825595	-24.132008	0.395058995	0.921153079	0	100	0	0	3
8910	2036	0	3.48046875	-24.8522173	-24.7321108	-24.9825595	-24.143524	0.397872313	0.921153079	0	100	0	0	3
8915	2037	0	3.48242188	-24.8303648	-24.7346944	-24.9825595	-24.143524	0.400455885	0.921153079	0	100	0	0	3
8920	2039	0	3.484375	-24.8083372	-24.7371112	-24.9825595	-24.143524	0.402872774	0.921153079	0	100	0	0	3
8925	2040	0	3.48632812	-24.8343466	-24.7397015	-24.9825595	-24.143524	0.405463039	0.921153079	0	100	0	0	3
8930	2041	0	3.48828125	-24.8573189	-24.7424898	-24.9825595	-24.1636867	0.408251301	0.921153079	0	100	0	0	3
8935	2043	0	3.49023438	-24.8401599	-24.7451322	-24.9825595	-24.1752564	0.410893774	0.921153079	0	100	0	0	3
8940	2044	0	3.4921875	-24.8116862	-24.7475003	-24.9825595	-24.1752564	0.413261864	0.921153079	0	100	0	0	3
8945	2045	0	3.49414062	-24.8086291	-24.7498523	-24.9825595	-24.1752564	0.415613804	0.921153079	0	100	0	0	3
8950	2046	0	3.49609375	-24.8420088	-24.7524352	-24.9825595	-24.1752564	0.418196706	0.921153079	0	100	0	0	3
8955	2048	0	3.49804688	-24.8538734	-24.755086	-24.9825595	-24.2021	0.420847554	0.921153079	0	100	0	0	3
8960	2049	0	3.5	-24.8260008	-24.7575131	-24.9825595	-24.2021	0.423274682	0.921153079	0	100	0	0	3
8965	2050	0	3.50195312	-24.796601	-24.7597178	-24.9825595	-24.2021	0.425479369	0.921153079	0	100	0	0	3
8970	2052	0	3.50390625	-24.813856	-24.7620076	-24.9825595	-24.2021	0.427769144	0.921153079	0	100	0	0	3
8975	2053	0	3.50585938	-24.8373893	-24.7644892	-24.9825595	-24.2090048	0.430250743	0.921153079	0	100	0	0	3
8980	2054	0	3.5078125	-24.8395963	-24.7669525	-24.9825595	-24.2237282	0.432713991	0.921153079	0	100	0	0	3
8985	2056	0	3.50976562	-24.8101612	-24.7691472	-24.9825595	-24.2237282	0.434908692	0.921153079	0	100	0	0	3
8990	2057	0	3.51171875	-24.7928377	-24.7712004	-24.9825595	-24.2237282	0.436961981	0.921153079	0	100	0	0	3
8995	2058	0	3.51367188	-24.8165774	-24.7734305	-24.9825595	-24.2237282	0.439192007	0.921153079	0	100	0	0	3
9000	2059	0	3.515625	-24.8466161	-24.7758636	-24.9825595	-24.2420283	0.441625163	0.921153079	0	100	0	0	3
9005	2062	0	3.51757812	-24.8308881	-24.7781357	-24.9825595	-24.2420283	0.443897279	0.921153079	0	100	0	0	3
9010	2063	0	3.51953125	-24.8032807	-24.7801513	-24.9825595	-24.2420283	0.445912805	0.921153079	0	100	0	0	3
9015	2064	0	3.52148438	-24.7961247	-24.7821512	-24.9825595	-24.2420283	0.447912689	0.921153079	0	100	0	0	3
9020	2066	0	3.5234375	-24.8254795	-24.7843975	-24.9825595	-24.2420283	0.450159072	0.921153079	0	100	0	0	3
9025	2067	0	3.52539062	-24.8452114	-24.7867537	-24.9825595	-24.2605213	0.452515256	0.921153079	0	100	0	0	3
9030	2068	0	3.52734375	-24.8184081	-24.7888431	-24.9825595	-24.2605213	0.454604649	0.921153079	0	100	0	0	3
9035	2069	0	3.52929688	-24.7919807	-24.7907411	-24.9825595	-24.2605213	0.456502639	0.921153079	0	100	0	0	3
9040	2071	0	3.53125	-24.802595	-24.7927481	-24.9825595	-24.2605213	0.458509614	0.921153079	0	100	0	0	3
9045	2072	0	3.53320312	-24.8269998	-24.7949609	-24.9825595	-24.281056	0.460722421	0.921153079	0	100	0	0	3
9050	2073	0	3.53515625	-24.8293982	-24.7971028	-24.9825595	-24.2912257	0.462864383	0.921153079	0	100	0	0	3
9055	2075	0	3.53710938	-24.8024145	-24.7990043	-24.9825595	-24.2912257	0.464765876	0.921153079	0	100	0	0	3
9060	2076	0	3.5390625	-24.7844799	-24.8007751	-24.9825595	-24.2912257	0.46653665	0.921153079	0	100	0	0	3
9065	2077	0	3.54101562	-24.8027099	-24.8026328	-24.9825595	-24.2912257	0.468394293	0.921153079	0	100	0	0	3
9070	2079	0	3.54296875	-24.8248993	-24.8047174	-24.9825595	-24.3214641	0.470478955	0.921153079	0	100	0	0	3
9075	2080	0	3.54492188	-24.8191755	-24.8066616	-24.9825595	-24.3399494	0.472423141	0.921153079	0	100	0	0	3
9080	2081	0	3.546875	-24.7902128	-24.8083246	-24.9825595	-24.3399494	0.474086093	0.921153079	0	100	0	0	3
9085	2082	0	3.54882812	-24.7905037	-24.8099664	-24.9825595	-24.3399494	0.475727892	0.921153079	0	100	0	0	3
9090	2084	0	3.55078125	-24.8143181	-24.8117996	-24.9825595	-24.3399494	0.477561165	0.921153079	0	100	0	0	3
9095	2085	0	3.55273438	-24.8327463	-24.8137246	-24.9825595	-24.365156	0.479486153	0.921153079	0	100	0	0	3
9100	2086	0	3.5546875	-24.8142326	-24.8154788	-24.9825595	-24.3698036	0.481240359	0.921153079	0	100	0	0	3
9105	2089	0	3.55664062	-24.7936616	-24.8169999	-24.9825595	-24.3698036	0.482761447	0.921153079	0	100	0	0	3
9110	2090	0	3.55859375	-24.8016021	-24.8185668	-24.9825595	-24.3698036	0.484328339	0.921153079	0	100	0	0	3
9115	2092	0	3.56054688	-24.8261736	-24.8203495	-24.9825595	-24.3813809	0.486111034	0.921153079	0	100	0	0	3
9120	2093	0	3.5625	-24.822999	-24.8220746	-24.9825595	-24.4019287	0.487836105	0.921153079	0	100	0	0	3
9125	2094	0	3.56445312	-24.8024623	-24.8235553	-24.9825595	-24.4019287	0.489316855	0.921153079	0	100	0	0	3
9130	2096	0	3.56640625	-24.7945356	-24.8249144	-24.9825595	-24.4019287	0.490675916	0.921153079	0	100	0	0	3
9135	2097	0	3.56835938	-24.8163715	-24.8264672	-24.9825595	-24.4019287	0.492228724	0.921153079	0	100	0	0	3
9140	2098	0	3.5703125	-24.8330215	-24.8281511	-24.9825595	-24.4219593	0.49391268	0.921153079	0	100	0	0	3
9145	2099	0	3.57226562	-24.824463	-24.8297234	-24.9825595	-24.4462295	0.49548496	0.921153079	0	100	0	0	3
9150	2101	0	3.57421875	-24.7962749	-24.8309814	-24.9825595	-24.4462295	0.496742961	0.921153079	0	100	0	0	3
9155	2102	0	3.57617188	-24.7929143	-24.8321941	-24.9825595	-24.4462295	0.497955598	0.921153079	0	100	0	0	3
9160	2103	0	3.578125	-24.8231907	-24.8336666	-24.9825595	-24.4502796	0.499428103	0.921153079	0	100	0	0	3
9165	2104	0	3.58007812	-24.8283298	-24.8351433	-24.9825595	-24.4782073	0.500904861	0.921153079	0	100	0	0	3
9170	2106	0	3.58203125	-24.8227398	-24.8364513	-24.9825595	-24.4782073	0.502212801	0.921153079	0	100	0	0	3
9175	2107	0	3.58398438	-24.7923841	-24.8375558	-24.9825595	-24.4782073	0.50331732	0.921153079	0	100	0	0	3
9180	2108	0	3.5859375	-24.8043487	-24.8387185	-24.9825595	-24.4782073	0.504352155	0.921153079	0	100	0	0	3
9185	2109	0	3.58789062	-24.8341113	-24.8401088	-24.9825595	-24.485512	0.497047466	0.921153079	0	100	0	0	3
9190	2111	0	3.58984375	-24.8360969	-24.8414783	-24.9825595	-24.4965784	0.485981106	0.921153079	0	100	0	0	3
9195	2112	0	3.59179688	-24.8176635	-24.8425688	-24.9825595	-24.4965784	0.485981106	0.921153079	0	100	0	0	3
9200	2113	0	3.59375	-24.7956823	-24.8435771	-24.9825595	-24.4965784	0.485981106	0.921153079	0	100	0	0	3
9205	2116	0	3.59570312	-24.820717	-24.844763	-24.9825595	-24.4965784	0.485981106	0.921153079	0	100	0	0	3
9210	2117	0	3.59765625	-24.8480705	-24.8461361	-24.9825595	-24.52811	0.454449467	0.921153079	0	100	0	0	3
9215	2118	0	3.59960938	-24.838214	-24.8473474	-24.9825595	-24.5360883	0.446471159	0.921153079	0	100	0	0	3
9220	2119	0	3.6015625	-24.8119454	-24.8483101	-24.9825595	-24.5360883	0.446471159	0.921153079	0	100	0	0	3
9225	2121	0	3.60351562	-24.7984359	-24.8491989	-24.9825595	-24.5360883	0.446471159	0.921153079	0	100	0	0	3
9230	2122	0	3.60546875	-24.8262388	-24.8503323	-24.9825595	-24.5446396	0.437919911	0.921153079	0	100	0	0	3
9235	2123	0	3.60742188	-24.8448136	-24.8515048	-24.9825595	-24.5651669	0.417392553	0.921153079	0	100	0	0	3
9240	2124	0	3.609375	-24.8208472	-24.8524368	-24.9825595	-24.5651669	0.417392553	0.921153079	0	100	0	0	3
9245	2126	0	3.61132812	-24.802319	-24.853229	-24.9825595	-24.5651669	0.417392553	0.921153079	0	100	0	0	3
9250	2127	0	3.61328125	-24.810709	-24.8540942	-24.9825595	-24.5651669	0.417392553	0.921153079	0	100	0	0	3
9255	2128	0	3.61523438	-24.8366003	-24.8551545	-24.9825595	-24.5896319	0.392927563	0.921153079	0	100	0	0	3
9260	2130	0	3.6171875	-24.8421817	-24.856141	-24.9825595	-24.5976604	0.384899078	0.921153079	0	100	0	0	3
9265	2131	0	3.61914062	-24.8255938	-24.8569707	-24.9825595	-24.5976604	0.384899078	0.921153079	0	100	0	0	3
9270	2132	0	3.62109375	-24.8068782	-24.8576387	-24.9825595	-24.5976604	0.384899078	0.921153079	0	100	0	0	3
9275	2133	0	3.62304688	-24.8227757	-24.8584267	-24.9825595	-24.5976604	0.384899078	0.921153079	0	100	0	0	3
9280	2135	0	3.625	-24.8563685	-24.8594372	-24.9825595	-24.6347731	0.347786396	0.921153079	0	100	0	0	3
9285	2136	0	3.62695312	-24.8519166	-24.860264	-24.9825595	-24.6347731	0.347786396	0.921153079	0	100	0	0	3
9290	2137	0	3.62890625	-24.8277284	-24.8608878	-24.9825595	-24.6347731	0.347786396	0.921153079	0	100	0	0	3
9295	2138	0	3.63085938	-24.8250539	-24.8615407	-24.9825595	-24.6347731	0.347786396	0.921153079	0	100	0	0	3
9300	2140	0	3.6328125	-24.8444704	-24.8623255	-24.9825595	-24.6347731	0.347786396	0.921153079	0	100	0	0	3
9305	2142	0	3.63476562	-24.8570269	-24.8631937	-24.9825595	-24.6710876	0.311471827	0.921153079	0	100	0	0	3
9310	2143	0	3.63671875	-24.8329659	-24.8637542	-24.9825595	-24.6710876	0.311471827	0.921153079	0	100	0	0	3
9315	2145	0	3.63867188	-24.8296004	-24.8642406	-24.9825595	-24.6710876	0.311471827	0.921153079	0	100	0	0	3
9320	2146	0	3.640625	-24.847671	-24.8648648	-24.9825595	-24.6710876	0.311471827	0.921153079	0	100	0	0	3
9325	2147	0	3.64257812	-24.8706888	-24.8656445	-24.9825595	-24.6893076	0.293251853	0.921153079	0	100	0	0	3
9330	2149	0	3.64453125	-24.8493821	-24.8662698	-24.9825595	-24.702625	0.27993447	0.921153079	0	100	0	0	3
9335	2150	0	3.64648438	-24.8302304	-24.8667055	-24.9825595	-24.702625	0.27993447	0.921153079	0	100	0	0	3
9340	2151	0	3.6484375	-24.8377716	-24.8671405	-24.9825595	-24.702625	0.27993447	0.921153079	0	100	0	0	3
9345	2153	0	3.65039062	-24.8631907	-24.8677531	-24.9825595	-24.702625	0.27993447	0.921153079	0	100	0	0	3
9350	2154	0	3.65234375	-24.8725571	-24.8684169	-24.9825595	-24.7219898	0.260569679	0.921153079	0	100	0	0	3
9355	2155	0	3.65429688	-24.8479021	-24.8688628	-24.9825595	-24.7219898	0.260569679	0.921153079	0	100	0	0	3
9360	2156	0	3.65625	-24.8292949	-24.869145	-24.9825595	-24.7219898	0.260569679	0.921153079	0	100	0	0	3
9365	2158	0	3.65820312	-24.8580137	-24.8695916	-24.9825595	-24.7219898	0.260569679	0.921153079	0	100	0	0	3
9370	2159	0	3.66015625	-24.8785824	-24.8702033	-24.9825595	-24.7386242	0.243935301	0.921153079	0	100	0	0	3
9375	2160	0	3.66210938	-24.880201	-24.8707563	-24.9825595	-24.752162	0.230397421	0.921153079	0	100	0	0	3
9380	2162	0	3.6640625	-24.8517114	-24.871092	-24.9825595	-24.752162	0.230397421	0.921153079	0	100	0	0	3
9385	2163	0	3.66601562	-24.8480147	-24.8713999	-24.9825595	-24.752162	0.230397421	0.921153079	0	100	0	0	3
9390	2164	0	3.66796875	-24.868981	-24.8718499	-24.9825595	-24.752162	0.230397421	0.921153079	0	100	0	0	3
9395	2165	0	3.66992188	-24.8843972	-24.8723664	-24.9825595	-24.7614124	0.221147043	0.921153079	0	100	0	0	3
9400	2167	0	3.671875	-24.8745814	-24.8727427	-24.9825595	-24.7614124	0.221147043	0.921153079	0	100	0	0	3
9405	2169	0	3.67382812	-24.859571	-24.8729689	-24.9825595	-24.7614124	0.221147043	0.921153079	0	100	0	0	3
9410	2170	0	3.67578125	-24.8608922	-24.8732915	-24.9825595	-24.7614124	0.221147043	0.921153079	0	100	0	0	3
9415	2172	0	3.67773438	-24.8897543	-24.8737928	-24.9825595	-24.7844799	0.198079605	0.921153079	0	100	0	0	3
9420	2173	0	3.6796875	-24.8865179	-24.8741868	-24.9825595	-24.7844799	0.198079605	0.921153079	0	100	0	0	3
9425	2174	0	3.68164062	-24.871199	-24.8744019	-24.9825595	-24.7844799	0.198079605	0.921153079	0	100	0	0	3
9430	2176	0	3.68359375	-24.8652614	-24.8745851	-24.9825595	-24.7844799	0.198079605	0.921153079	0	100	0	0	3
9435	2177	0	3.68554688	-24.8824882	-24.8749597	-24.9825595	-24.7844799	0.198079605	0.921153079	0	100	0	0	3
9440	2178	0	3.6875	-24.9029043	-24.8754114	-24.9825595	-24.7844799	0.198079605	0.921153079	0	100	0	0	3
9445	2179	0	3.68945312	-24.893814	-24.8757131	-24.9825595	-24.7844799	0.198079605	0.921153079	0	100	0	0	3
9450	2181	0	3.69140625	-24.8702971	-24.8758326	-24.9825595	-24.7844799	0.198079605	0.921153079	0	100	0	0	3
9455	2182	0	3.69335938	-24.8840819	-24.876052	-24.9825595	-24.7844799	0.198079605	0.921153079	0	100	0	0	3
9460	2183	0	3.6953125	-24.9057618	-24.8764176	-24.9825595	-24.7844799	0.198079605	0.921153079	0	100	0	0	3
9465	2185	0	3.69726562	-24.9081225	-24.8767841	-24.9825595	-24.7844799	0.198079605	0.921153079	0	100	0	0	3
9470	2186	0	3.69921875	-24.8865462	-24.8769218	-24.9825595	-24.7844799	0.198079605	0.921153079	0	100	0	0	3
9475	2187	0	3.70117188	-24.8833054	-24.8770176	-24.9825595	-24.7844799	0.198079605	0.921153079	0	100	0	0	3
9480	2189	0	3.703125	-24.9053244	-24.8772565	-24.9825595	-24.7844799	0.198079605	0.921153079	0	100	0	0	3
9485	2190	0	3.70507812	-24.9254219	-24.8776249	-24.9825595	-24.7844799	0.198079605	0.921153079	0	100	0	0	3
9490	2191	0	3.70703125	-24.912676	-24.8778585	-24.9825595	-24.7844799	0.198079605	0.921153079	0	100	0	0	3
9495	2193	0	3.70898438	-24.9009614	-24.8779313	-24.9825595	-24.7844799	0.198079605	0.921153079	0	100	0	0	3
9500	2194	0	3.7109375	-24.9005122	-24.8779954	-24.9825595	-24.7844799	0.198079605	0.921153079	0	100	0	0	3
9505	2197	0	3.71289062	-24.9315826	-24.8782645	-24.9825595	-24.7844799	0.198079605	0.921153079	0	100	0	0	3
9510	2198	0	3.71484375	-24.9376116	-24.8785913	-24.9825595	-24.7844799	0.198079605	0.921153079	0	100	0	0	3
9515	2199	0	3.71679688	-24.9135562	-24.8786181	-24.9825595	-24.7844799	0.198079605	0.921153079	0	100	0	0	3
9520	2201	0	3.71875	-24.9031344	-24.8785616	-24.9825595	-24.7844799	0.198079605	0.921153079	0	100	0	0	3
9525	2202	0	3.72070312	-24.9219171	-24.8786973	-24.9825595	-24.7844799	0.198079605	0.921153079	0	100	0	0	3
9530	2203	0	3.72265625	-24.9459295	-24.8789976	-24.9825595	-24.7844799	0.198079605	0.921153079	0	100	0	0	3
9535	2205	0	3.72460938	-24.9424088	-24.8791854	-24.9825595	-24.7844799	0.198079605	0.921153079	0	100	0	0	3
9540	2206	0	3.7265625	-24.9109	-24.8791761	-24.9825595	-24.7844799	0.198079605	0.921153079	0	100	0	0	3
9545	2207	0	3.72851562	-24.9173233	-24.8791716	-24.9825595	-24.7844799	0.198079605	0.921153079	0	100	0	0	3
9550	2208	0	3.73046875	-24.9368859	-24.8793813	-24.9825595	-24.7844799	0.198079605	0.921153079	0	100	0	0	3
9555	2210	0	3.73242188	-24.9602504	-24.8797289	-24.9825595	-24.7844799	0.198079605	0.921153079	0	100	0	0	3
9560	2211	0	3.734375	-24.9493886	-24.8798602	-24.9825595	-24.7844799	0.198079605	0.921153079	0	100	0	0	3
9565	2212	0	3.73632812	-24.9236505	-24.8798416	-24.9825595	-24.7844799	0.198079605	0.921153079	0	100	0	0	3
9570	2214	0	3.73828125	-24.9253194	-24.8798603	-24.9825595	-24.7844799	0.198079605	0.921153079	0	100	0	0	3
9575	2215	0	3.74023438	-24.9650076	-24.8801775	-24.9825595	-24.7844799	0.198079605	0.921153079	0	100	0	0	3
9580	2217	0	3.7421875	-24.970731	-24.8804453	-24.9825595	-24.7844799	0.198079605	0.921153079	0	100	0	0	3
9585	2218	0	3.74414062	-24.947058	-24.8804954	-24.9825595	-24.7844799	0.198079605	0.921153079	0	100	0	0	3
9590	2219	0	3.74609375	-24.9239488	-24.8804277	-24.9825595	-24.7844799	0.198079605	0.921153079	0	100	0	0	3
9595	2221	0	3.74804688	-24.9480651	-24.8805341	-24.9825595	-24.7844799	0.198079605	0.921153079	0	100	0	0	3
9600	2222	0	3.75	-24.9790225	-24.8808619	-24.9825595	-24.7844799	0.198079605	0.921153079	0	100	0	0	3
9605	2224	0	3.75195312	-24.9761623	-24.8810501	-24.9825595	-24.7844799	0.198079605	0.921153079	0	100	0	0	3
9610	2226	0	3.75390625	-24.9447109	-24.8809983	-24.9825595	-24.7844799	0.198079605	0.921153079	0	100	0	0	3
9615	2227	0	3.75585938	-24.9365976	-24.8809851	-24.9825595	-24.7844799	0.198079605	0.921153079	0	100	0	0	3
9620	2228	0	3.7578125	-24.9650889	-24.8811964	-24.9825595	-24.7844799	0.198079605	0.921153079	0	100	0	0	3
9625	2230	0	3.75976562	-24.9925112	-24.8815065	-24.9925112	-24.7844799	0.208031364	0.921153079	0	100	0	0	3
9630	2231	0	3.76171875	-24.9630708	-24.8815738	-24.9925112	-24.7844799	0.208031364	0.921153079	0	100	0	0	3
9635	2232	0	3.76367188	-24.9503471	-24.8814977	-24.9925112	-24.7844799	0.208031364	0.921153079	0	100	0	0	3
9640	2234	0	3.765625	-24.9609598	-24.881562	-24.9925112	-24.7844799	0.208031364	0.921153079	0	100	0	0	3
9645	2235	0	3.76757812	-24.9870606	-24.8818874	-24.9925112	-24.7844799	0.208031364	0.921153079	0	100	0	0	3
9650	2237	0	3.76953125	-24.9948441	-24.8821804	-24.9948441	-24.7844799	0.210364223	0.921153079	0	100	0	0	3
9655	2238	0	3.77148438	-24.9756195	-24.8822465	-24.9948441	-24.7844799	0.210364223	0.921153079	0	100	0	0	3
9660	2239	0	3.7734375	-24.9547295	-24.882226	-24.9948441	-24.7844799	0.210364223	0.921153079	0	100	0	0	3
9665	2241	0	3.77539062	-24.9875671	-24.8824206	-24.9948441	-24.7844799	0.210364223	0.921153079	0	100	0	0	3
9670	2242	0	3.77734375	-25.0053702	-24.8827345	-25.0053702	-24.7844799	0.220890296	0.921153079	0	100	0	0	3
9675	2243	0	3.77929688	-25.0045978	-24.8829751	-25.0053702	-24.7844799	0.220890296	0.921153079	0	100	0	0	3
9680	2245	0	3.78125	-24.9701948	-24.8829742	-25.0053702	-24.7844799	0.220890296	0.921153079	0	100	0	0	3
9685	2246	0	3.78320312	-24.9764398	-24.8829978	-25.0053702	-24.7844799	0.220890296	0.921153079	0	100	0	0	3
9690	2247	0	3.78515625	-25.0012134	-24.8832264	-25.0053702	-24.7844799	0.220890296	0.921153079	0	100	0	0	3
9695	2249	0	3.78710938	-25.0148985	-24.8835379	-25.0148985	-24.7844799	0.23041867	0.921153079	0	100	0	0	3
9700	2250	0	3.7890625	-24.9985517	-24.8836505	-25.0148985	-24.7844799	0.23041867	0.921153079	0	100	0	0	3
9705	2253	0	3.79101562	-24.9775271	-24.8836308	-25.0148985	-24.7844799	0.23041867	0.921153079	0	100	0	0	3
9710	2254	0	3.79296875	-24.9925083	-24.8837296	-25.0148985	-24.7844799	0.23041867	0.921153079	0	100	0	0	3
9715	2255	0	3.79492188	-25.025773	-24.8840616	-25.025773	-24.7844799	0.241293104	0.921153079	0	100	0	0	3
9720	2257	0	3.796875	-25.0204225	-24.884359	-25.025773	-24.7844799	0.241293104	0.921153079	0	100	0	0	3
9725	2258	0	3.79882812	-24.9948715	-24.8844546	-25.025773	-24.7844799	0.241293104	0.921153079	0	100	0	0	3
9730	2260	0	3.80078125	-24.9808144	-24.8844665	-25.025773	-24.7844799	0.241293104	0.921153079	0	100	0	0	3
9735	2261	0	3.80273438	-25.0111739	-24.884711	-25.025773	-24.7844799	0.241293104	0.921153079	0	100	0	0	3
9740	2262	0	3.8046875	-25.0333804	-24.8850824	-25.0333804	-24.7844799	0.248900551	0.921153079	0	100	0	0	3
9745	2264	0	3.80664062	-25.0322244	-24.8854063	-25.0333804	-24.7844799	0.248900551	0.921153079	0	100	0	0	3
9750	2265	0	3.80859375	-24.9901359	-24.8854834	-25.0333804	-24.7844799	0.248900551	0.921153079	0	100	0	0	3
9755	2266	0	3.81054688	-24.9915725	-24.885578	-25.0333804	-24.7844799	0.248900551	0.921153079	0	100	0	0	3
9760	2267	0	3.8125	-25.0209057	-24.8859072	-25.0333804	-24.7844799	0.248900551	0.921153079	0	100	0	0	3
9765	2269	0	3.81445312	-25.0391242	-24.8863062	-25.0391242	-24.7844799	0.254644349	0.921153079	0	100	0	0	3
9770	2270	0	3.81640625	-25.0289152	-24.8865835	-25.0391242	-24.7844799	0.254644349	0.921153079	0	100	0	0	3
9775	2271	0	3.81835938	-25.0029045	-24.8866686	-25.0391242	-24.7844799	0.254644349	0.921153079	0	100	0	0	3
