Iteration	CPUTime	PhysTime	Travels	Value	AvValue	MinValue	MaxValue	Delta	Criteria	PrevAvRefValue	Progress	CriteriaType	CriteriaVarType	CriteriaPercentage
1	1	0	0.000390625	-1.74800567e-43	-1.74800567e-43	-1.74800567e-43	-1.74800567e-43	0	0	0	0	0	0	3
5	2	0	0.001953125	-2.82175462e-22	-1.41087731e-22	-2.82175462e-22	-1.74800567e-43	1.41087731e-22	0	0	0	0	0	3
10	3	0	0.00390625	-4.33236328e-22	-2.38470597e-22	-4.33236328e-22	-1.74800567e-43	2.38470597e-22	0	0	0	0	0	3
15	5	0	0.005859375	-8.20175495e-22	-3.83896821e-22	-8.20175495e-22	-1.74800567e-43	3.83896821e-22	0	0	0	0	0	3
20	6	0	0.0078125	-1.37043105e-21	-5.81203668e-22	-1.37043105e-21	-1.74800567e-43	5.81203668e-22	0	0	0	0	0	3
25	7	0	0.009765625	-1.91343557e-21	-8.03242318e-22	-1.91343557e-21	-1.74800567e-43	8.03242318e-22	0	0	0	0	0	3
30	8	0	0.01171875	-2.99468341e-21	-1.11630533e-21	-2.99468341e-21	-1.74800567e-43	1.11630533e-21	0	0	0	0	0	3
35	9	0	0.013671875	-3.73367437e-21	-1.44347646e-21	-3.73367437e-21	-1.74800567e-43	1.44347646e-21	0	0	0	0	0	3
40	11	0	0.015625	-5.34338647e-21	-1.87679979e-21	-5.34338647e-21	-1.74800567e-43	1.87679979e-21	0	0	0	0	0	3
45	12	0	0.017578125	-6.54488482e-21	-2.3436083e-21	-6.54488482e-21	-1.74800567e-43	2.3436083e-21	0	0	0	0	0	3
50	13	0	0.01953125	-8.34804795e-21	-2.88946645e-21	-8.34804795e-21	-1.74800567e-43	2.88946645e-21	0	0	0	0	0	3
55	15	0	0.021484375	-1.03701547e-20	-3.51285713e-21	-1.03701547e-20	-1.74800567e-43	3.51285713e-21	0	0	0	0	0	3
60	17	0	0.0234375	-1.27397108e-20	-4.22261511e-21	-1.27397108e-20	-1.74800567e-43	4.22261511e-21	0	0	0	0	0	3
65	20	0	0.025390625	-1.53693579e-20	-5.01881102e-21	-1.53693579e-20	-1.74800567e-43	5.01881102e-21	0	0	0	0	0	3
70	23	0	0.02734375	-1.83373206e-20	-5.90671166e-21	-1.83373206e-20	-1.74800567e-43	5.90671166e-21	0	0	0	0	0	3
75	25	0	0.029296875	-2.16985398e-20	-6.89370091e-21	-2.16985398e-20	-1.74800567e-43	6.89370091e-21	0	0	0	0	0	3
80	28	0	0.03125	-2.54845217e-20	-7.98727861e-21	-2.54845217e-20	-1.74800567e-43	7.98727861e-21	0	0	0	0	0	3
85	30	0	0.033203125	-2.96671221e-20	-9.19171436e-21	-2.96671221e-20	-1.74800567e-43	9.19171436e-21	0	0	0	0	0	3
90	33	0	0.03515625	-3.42217602e-20	-1.05090852e-20	-3.42217602e-20	-1.74800567e-43	1.05090852e-20	0	0	0	0	0	3
95	35	0	0.037109375	-3.91241184e-20	-1.19398368e-20	-3.91241184e-20	-1.74800567e-43	1.19398368e-20	0	0	0	0	0	3
100	37	0	0.0390625	-4.4349266e-20	-1.3483143e-20	-4.4349266e-20	-1.74800567e-43	1.3483143e-20	0	0	0	0	0	3
105	40	0	0.041015625	-4.98715302e-20	-1.51371606e-20	-4.98715302e-20	-1.74800567e-43	1.51371606e-20	0	0	0	0	0	3
110	43	0	0.04296875	-5.56647872e-20	-1.68992313e-20	-5.56647872e-20	-1.74800567e-43	1.68992313e-20	0	0	0	0	0	3
115	45	0	0.044921875	-6.17023374e-20	-1.87660274e-20	-6.17023374e-20	-1.74800567e-43	1.87660274e-20	0	0	0	0	0	3
120	48	0	0.046875	-6.79574584e-20	-2.07336846e-20	-6.79574584e-20	-1.74800567e-43	2.07336846e-20	0	0	0	0	0	3
125	50	0	0.048828125	-7.4403694e-20	-2.27979158e-20	-7.4403694e-20	-1.74800567e-43	2.27979158e-20	0	0	0	0	0	3
130	52	0	0.05078125	-8.10154622e-20	-2.49541212e-20	-8.10154622e-20	-1.74800567e-43	2.49541212e-20	0	0	0	0	0	3
135	54	0	0.052734375	-8.77681859e-20	-2.71974807e-20	-8.77681859e-20	-1.74800567e-43	2.71974807e-20	0	0	0	0	0	3
140	57	0	0.0546875	-9.46381188e-20	-2.95230199e-20	-9.46381188e-20	-1.74800567e-43	2.95230199e-20	0	0	0	0	0	3
145	59	0	0.056640625	-1.01602772e-19	-3.19256783e-20	-1.01602772e-19	-1.74800567e-43	3.19256783e-20	0	0	0	0	0	3
150	61	0	0.05859375	-1.08640908e-19	-3.44003631e-20	-1.08640908e-19	-1.74800567e-43	3.44003631e-20	0	0	0	0	0	3
155	63	0	0.060546875	-1.15732601e-19	-3.69419956e-20	-1.15732601e-19	-1.74800567e-43	3.69419956e-20	0	0	0	0	0	3
160	65	0	0.0625	-1.22859269e-19	-3.95455493e-20	-1.22859269e-19	-1.74800567e-43	3.95455493e-20	0	0	0	0	0	3
165	67	0	0.064453125	-1.30003782e-19	-4.22060856e-20	-1.30003782e-19	-1.74800567e-43	4.22060856e-20	0	0	0	0	0	3
170	70	0	0.06640625	-1.37150242e-19	-4.49187758e-20	-1.37150242e-19	-1.74800567e-43	4.49187758e-20	0	0	0	0	0	3
175	72	0	0.068359375	-1.44284111e-19	-4.7678924e-20	-1.44284111e-19	-1.74800567e-43	4.7678924e-20	0	0	0	0	0	3
180	74	0	0.0703125	-1.51392032e-19	-5.04819809e-20	-1.51392032e-19	-1.74800567e-43	5.04819809e-20	0	0	0	0	0	3
185	76	0	0.072265625	-1.58461885e-19	-5.33235574e-20	-1.58461885e-19	-1.74800567e-43	5.33235574e-20	0	0	0	0	0	3
190	78	0	0.07421875	-1.65482584e-19	-5.61994298e-20	-1.65482584e-19	-1.74800567e-43	5.61994298e-20	0	0	0	0	0	3
195	81	0	0.076171875	-1.72444082e-19	-5.91055461e-20	-1.72444082e-19	-1.74800567e-43	5.91055461e-20	0	0	0	0	0	3
200	83	0	0.078125	-1.79337318e-19	-6.20380284e-20	-1.79337318e-19	-1.74800567e-43	6.20380284e-20	0	0	0	0	0	3
205	86	0	0.080078125	-1.86154168e-19	-6.49931745e-20	-1.86154168e-19	-1.74800567e-43	6.49931745e-20	0	0	0	0	0	3
210	91	0	0.08203125	-1.92887381e-19	-6.79674584e-20	-1.92887381e-19	-1.74800567e-43	6.79674584e-20	0	0	0	0	0	3
215	93	0	0.083984375	-1.99530516e-19	-7.09575279e-20	-1.99530516e-19	-1.74800567e-43	7.09575279e-20	0	0	0	0	0	3
220	95	0	0.0859375	-2.06077878e-19	-7.39602024e-20	-2.06077878e-19	-1.74800567e-43	7.39602024e-20	0	0	0	0	0	3
225	97	0	0.087890625	-2.12524449e-19	-7.69724686e-20	-2.12524449e-19	-1.74800567e-43	7.69724686e-20	0	0	0	0	0	3
230	99	0	0.08984375	-2.18865844e-19	-7.99914766e-20	-2.18865844e-19	-1.74800567e-43	7.99914766e-20	0	0	0	0	0	3
235	101	0	0.091796875	-2.25098268e-19	-8.30145348e-20	-2.25098268e-19	-1.74800567e-43	8.30145348e-20	0	0	0	0	0	3
240	104	0	0.09375	-2.31218452e-19	-8.60391045e-20	-2.31218452e-19	-1.74800567e-43	8.60391045e-20	0	0	0	0	0	3
245	106	0	0.095703125	-2.37223609e-19	-8.90627946e-20	-2.37223609e-19	-1.74800567e-43	8.90627946e-20	0	0	0	0	0	3
250	108	0	0.09765625	-2.43111398e-19	-9.20833554e-20	-2.43111398e-19	-1.74800567e-43	9.20833554e-20	0	0	0	0	0	3
255	110	0	0.099609375	-2.48879877e-19	-9.50986731e-20	-2.48879877e-19	-1.74800567e-43	9.50986731e-20	0	0	0	0	0	3
260	112	0	0.1015625	-2.54527476e-19	-9.81067638e-20	-2.54527476e-19	-1.74800567e-43	9.81067638e-20	0	0	0	0	0	3
265	114	0	0.103515625	-2.60052958e-19	-1.01105767e-19	-2.60052958e-19	-1.74800567e-43	1.01105767e-19	0	0	0	0	0	3
270	116	0	0.10546875	-2.65455394e-19	-1.04093942e-19	-2.65455394e-19	-1.74800567e-43	1.04093942e-19	0	0	0	0	0	3
275	118	0	0.107421875	-2.70734133e-19	-1.0706966e-19	-2.70734133e-19	-1.74800567e-43	1.0706966e-19	0	0	0	0	0	3
280	120	0	0.109375	-2.75888771e-19	-1.10031399e-19	-2.75888771e-19	-1.74800567e-43	1.10031399e-19	0	0	0	0	0	3
285	122	0	0.111328125	-2.80919132e-19	-1.12977739e-19	-2.80919132e-19	-1.74800567e-43	1.12977739e-19	0	0	0	0	0	3
290	125	0	0.11328125	-2.85825245e-19	-1.15907358e-19	-2.85825245e-19	-1.74800567e-43	1.15907358e-19	0	0	0	0	0	3
295	127	0	0.115234375	-2.90607329e-19	-1.18819024e-19	-2.90607329e-19	-1.74800567e-43	1.18819024e-19	0	0	0	0	0	3
300	129	0	0.1171875	-2.95265768e-19	-1.21711594e-19	-2.95265768e-19	-1.74800567e-43	1.21711594e-19	0	0	0	0	0	3
305	132	0	0.119140625	-2.99801101e-19	-1.24584005e-19	-2.99801101e-19	-1.74800567e-43	1.24584005e-19	0	0	0	0	0	3
310	134	0	0.12109375	-3.0421401e-19	-1.27435275e-19	-3.0421401e-19	-1.74800567e-43	1.27435275e-19	0	0	0	0	0	3
315	136	0	0.123046875	-3.08505292e-19	-1.30264494e-19	-3.08505292e-19	-1.74800567e-43	1.30264494e-19	0	0	0	0	0	3
320	138	0	0.125	-3.12675853e-19	-1.33070823e-19	-3.12675853e-19	-1.74800567e-43	1.33070823e-19	0	0	0	0	0	3
325	140	0	0.126953125	-3.16726689e-19	-1.35853487e-19	-3.16726689e-19	-1.74800567e-43	1.35853487e-19	0	0	0	0	0	3
330	142	0	0.12890625	-3.20658884e-19	-1.38611777e-19	-3.20658884e-19	-1.74800567e-43	1.38611777e-19	0	0	0	0	0	3
335	144	0	0.130859375	-3.24473597e-19	-1.41345039e-19	-3.24473597e-19	-1.74800567e-43	1.41345039e-19	0	0	0	0	0	3
340	146	0	0.1328125	-3.28172066e-19	-1.44052677e-19	-3.28172066e-19	-1.74800567e-43	1.44052677e-19	0	0	0	0	0	3
345	148	0	0.134765625	-3.31755578e-19	-1.46734147e-19	-3.31755578e-19	-1.74800567e-43	1.46734147e-19	0	0	0	0	0	3
350	150	0	0.13671875	-3.35225486e-19	-1.49388954e-19	-3.35225486e-19	-1.74800567e-43	1.49388954e-19	0	0	0	0	0	3
355	152	0	0.138671875	-3.38583185e-19	-1.52016652e-19	-3.38583185e-19	-1.74800567e-43	1.52016652e-19	0	0	0	0	0	3
360	154	0	0.140625	-3.418301e-19	-1.54616836e-19	-3.418301e-19	-1.74800567e-43	1.54616836e-19	0	0	0	0	0	3
365	156	0	0.142578125	-3.44967703e-19	-1.57189145e-19	-3.44967703e-19	-1.74800567e-43	1.57189145e-19	0	0	0	0	0	3
370	158	0	0.14453125	-3.47997497e-19	-1.59733257e-19	-3.47997497e-19	-1.74800567e-43	1.59733257e-19	0	0	0	0	0	3
375	160	0	0.146484375	-3.50921014e-19	-1.62248885e-19	-3.50921014e-19	-1.74800567e-43	1.62248885e-19	0	0	0	0	0	3
380	162	0	0.1484375	-3.53739811e-19	-1.6473578e-19	-3.53739811e-19	-1.74800567e-43	1.6473578e-19	0	0	0	0	0	3
385	164	0	0.150390625	-3.56455461e-19	-1.67193725e-19	-3.56455461e-19	-1.74800567e-43	1.67193725e-19	0	0	0	0	0	3
390	166	0	0.15234375	-3.59069559e-19	-1.69622533e-19	-3.59069559e-19	-1.74800567e-43	1.69622533e-19	0	0	0	0	0	3
395	168	0	0.154296875	-3.61583708e-19	-1.72022048e-19	-3.61583708e-19	-1.74800567e-43	1.72022048e-19	0	0	0	0	0	3
400	170	0	0.15625	-3.63999514e-19	-1.7439214e-19	-3.63999514e-19	-1.74800567e-43	1.7439214e-19	0	0	0	0	0	3
405	173	0	0.158203125	-3.66318598e-19	-1.76732706e-19	-3.66318598e-19	-1.74800567e-43	1.76732706e-19	0	0	0	0	0	3
410	175	0	0.16015625	-3.68542591e-19	-1.79043669e-19	-3.68542591e-19	-1.74800567e-43	1.79043669e-19	0	0	0	0	0	3
415	177	0	0.162109375	-3.70673124e-19	-1.81324972e-19	-3.70673124e-19	-1.74800567e-43	1.81324972e-19	0	0	0	0	0	3
420	179	0	0.1640625	-3.72711827e-19	-1.83576582e-19	-3.72711827e-19	-1.74800567e-43	1.83576582e-19	0	0	0	0	0	3
425	181	0	0.166015625	-3.74660324e-19	-1.85798486e-19	-3.74660324e-19	-1.74800567e-43	1.85798486e-19	0	0	0	0	0	3
430	183	0	0.16796875	-3.76520243e-19	-1.8799069e-19	-3.76520243e-19	-1.74800567e-43	1.8799069e-19	0	0	0	0	0	3
435	185	0	0.169921875	-3.78293199e-19	-1.90153218e-19	-3.78293199e-19	-1.74800567e-43	1.90153218e-19	0	0	0	0	0	3
440	187	0	0.171875	-3.79980802e-19	-1.92286113e-19	-3.79980802e-19	-1.74800567e-43	1.92286113e-19	0	0	0	0	0	3
445	189	0	0.173828125	-3.81584659e-19	-1.9438943e-19	-3.81584659e-19	-1.74800567e-43	1.9438943e-19	0	0	0	0	0	3
450	191	0	0.17578125	-3.8310638e-19	-1.96463242e-19	-3.8310638e-19	-1.74800567e-43	1.96463242e-19	0	0	0	0	0	3
455	192	0	0.177734375	-3.84547561e-19	-1.98507637e-19	-3.84547561e-19	-1.74800567e-43	1.98507637e-19	0	0	0	0	0	3
460	195	0	0.1796875	-3.85909792e-19	-2.00522714e-19	-3.85909792e-19	-1.74800567e-43	2.00522714e-19	0	0	0	0	0	3
465	196	0	0.181640625	-3.87194648e-19	-2.02508586e-19	-3.87194648e-19	-1.74800567e-43	2.02508586e-19	0	0	0	0	0	3
470	198	0	0.18359375	-3.88403697e-19	-2.04465376e-19	-3.88403697e-19	-1.74800567e-43	2.04465376e-19	0	0	0	0	0	3
475	200	0	0.185546875	-3.89538496e-19	-2.06393221e-19	-3.89538496e-19	-1.74800567e-43	2.06393221e-19	0	0	0	0	0	3
480	202	0	0.1875	-3.90600587e-19	-2.08292266e-19	-3.90600587e-19	-1.74800567e-43	2.08292266e-19	0	0	0	0	0	3
485	204	0	0.189453125	-3.91591504e-19	-2.10162667e-19	-3.91591504e-19	-1.74800567e-43	2.10162667e-19	0	0	0	0	0	3
490	205	0	0.19140625	-3.92512773e-19	-2.12004587e-19	-3.92512773e-19	-1.74800567e-43	2.12004587e-19	0	0	0	0	0	3
495	207	0	0.193359375	-3.93365912e-19	-2.138182e-19	-3.93365912e-19	-1.74800567e-43	2.138182e-19	0	0	0	0	0	3
500	209	0	0.1953125	-3.94152422e-19	-2.15603688e-19	-3.94152422e-19	-1.74800567e-43	2.15603688e-19	0	0	0	0	0	3
505	212	0	0.197265625	-3.94873801e-19	-2.17361238e-19	-3.94873801e-19	-1.74800567e-43	2.17361238e-19	0	0	0	0	0	3
510	214	0	0.19921875	-3.95531564e-19	-2.19091047e-19	-3.95531564e-19	-1.74800567e-43	2.19091047e-19	0	0	0	0	0	3
515	216	0	0.201171875	-3.96127236e-19	-2.20793318e-19	-3.96127236e-19	-1.74800567e-43	2.20793318e-19	0	0	0	0	0	3
520	218	0	0.203125	-3.96662385e-19	-2.22468261e-19	-3.96662385e-19	-1.74800567e-43	2.22468261e-19	0	0	0	0	0	3
525	219	0	0.205078125	-3.97138652e-19	-2.24116095e-19	-3.97138652e-19	-1.74800567e-43	2.24116095e-19	0	0	0	0	0	3
530	221	0	0.20703125	-3.97557818e-19	-2.25737046e-19	-3.97557818e-19	-1.74800567e-43	2.25737046e-19	0	0	0	0	0	3
535	223	0	0.208984375	-3.97921913e-19	-2.2733135e-19	-3.97921913e-19	-1.74800567e-43	2.2733135e-19	0	0	0	0	0	3
540	225	0	0.2109375	-3.98233391e-19	-2.28899259e-19	-3.98233391e-19	-1.74800567e-43	2.28899259e-19	0	0	0	0	0	3
545	227	0	0.212890625	-3.98495438e-19	-2.30441042e-19	-3.98495438e-19	-1.74800567e-43	2.30441042e-19	0	0	0	0	0	3
550	228	0	0.21484375	-3.98712451e-19	-2.31957001e-19	-3.98712451e-19	-1.74800567e-43	2.31957001e-19	0	0	0	0	0	3
555	230	0	0.216796875	-3.98890678e-19	-2.3344748e-19	-3.98890678e-19	-1.74800567e-43	2.3344748e-19	0	0	0	0	0	3
560	232	0	0.21875	-3.99038987e-19	-2.34912892e-19	-3.99038987e-19	-1.74800567e-43	2.34912892e-19	0	0	0	0	0	3
565	233	0	0.220703125	-3.99169931e-19	-2.36353743e-19	-3.99169931e-19	-1.74800567e-43	2.36353743e-19	0	0	0	0	0	3
570	235	0	0.22265625	-3.99301265e-19	-2.37770678e-19	-3.99301265e-19	-1.74800567e-43	2.37770678e-19	0	0	0	0	0	3
575	236	0	0.224609375	-3.99457917e-19	-2.39164533e-19	-3.99457917e-19	-1.74800567e-43	2.39164533e-19	0	0	0	0	0	3
580	238	0	0.2265625	-3.99674609e-19	-2.40536414e-19	-3.99674609e-19	-1.74800567e-43	2.40536414e-19	0	0	0	0	0	3
585	240	0	0.228515625	-3.99999261e-19	-2.41887795e-19	-3.99999261e-19	-1.74800567e-43	2.41887795e-19	0	0	0	0	0	3
590	241	0	0.23046875	-4.00497358e-19	-2.43220648e-19	-4.00497358e-19	-1.74800567e-43	2.43220648e-19	0	0	0	0	0	3
595	243	0	0.232421875	-4.01257506e-19	-2.44537622e-19	-4.01257506e-19	-1.74800567e-43	2.44537622e-19	0	0	0	0	0	3
600	244	0	0.234375	-4.02398264e-19	-2.45842255e-19	-4.02398264e-19	-1.74800567e-43	2.45842255e-19	0	0	0	0	0	3
605	247	0	0.236328125	-4.04076859e-19	-2.4713926e-19	-4.04076859e-19	-1.74800567e-43	2.4713926e-19	0	0	0	0	0	3
610	248	0	0.23828125	-4.06500188e-19	-2.48434877e-19	-4.06500188e-19	-1.74800567e-43	2.48434877e-19	0	0	0	0	0	3
615	250	0	0.240234375	-4.0993832e-19	-2.49737325e-19	-4.0993832e-19	-1.74800567e-43	2.49737325e-19	0	0	0	0	0	3
620	252	0	0.2421875	-4.14741772e-19	-2.5105736e-19	-4.14741772e-19	-1.74800567e-43	2.5105736e-19	0	0	0	0	0	3
625	253	0	0.244140625	-4.21362813e-19	-2.52408991e-19	-4.21362813e-19	-1.74800567e-43	2.52408991e-19	0	0	0	0	0	3
630	254	0	0.24609375	-4.30382094e-19	-2.53810354e-19	-4.30382094e-19	-1.74800567e-43	2.53810354e-19	0	0	0	0	0	3
635	256	0	0.248046875	-4.42542565e-19	-2.55284824e-19	-4.42542565e-19	-1.74800567e-43	2.55284824e-19	0	0	0	0	0	3
640	258	0	0.25	-4.58792875e-19	-2.56862406e-19	-4.58792875e-19	-1.74800567e-43	2.56862406e-19	0	0	0	0	0	3
645	259	0	0.251953125	-4.80343159e-19	-2.58581489e-19	-4.80343159e-19	-1.74800567e-43	2.58581489e-19	0	0	0	0	0	3
650	260	0	0.25390625	-5.08741781e-19	-2.60491109e-19	-5.08741781e-19	-1.74800567e-43	2.60491109e-19	0	0	0	0	0	3
655	262	0	0.255859375	-5.45973978e-19	-2.62653858e-19	-5.45973978e-19	-1.74800567e-43	2.62653858e-19	0	0	0	0	0	3
660	263	0	0.2578125	-5.94579758e-19	-2.65149542e-19	-5.94579758e-19	-1.74800567e-43	2.65149542e-19	0	0	0	0	0	3
665	264	0	0.259765625	-1.01209365e-18	-2.70723751e-19	-1.01209365e-18	-1.74800567e-43	2.70723751e-19	0	0	0	0	0	3
670	266	0	0.26171875	-1.52246186e-18	-2.79995886e-19	-1.52246186e-18	-1.74800567e-43	2.79995886e-19	0	0	0	0	0	3
675	267	0	0.263671875	-2.34329805e-18	-2.95167225e-19	-2.34329805e-18	-1.74800567e-43	2.95167225e-19	0	0	0	0	0	3
680	269	0	0.265625	-7.02450652e-18	-3.4428649e-19	-7.02450652e-18	-1.74800567e-43	3.4428649e-19	0	0	0	0	0	3
685	270	0	0.267578125	-1.19830085e-17	-4.28625056e-19	-1.19830085e-17	-1.74800567e-43	4.28625056e-19	0	0	0	0	0	3
690	271	0	0.26953125	-1.77797879e-17	-5.53453565e-19	-1.77797879e-17	-1.74800567e-43	5.53453565e-19	0	0	0	0	0	3
695	272	0	0.271484375	-2.71320721e-17	-7.43300841e-19	-2.71320721e-17	-1.74800567e-43	7.43300841e-19	0	0	0	0	0	3
700	274	0	0.2734375	-4.25157817e-17	-1.03955957e-18	-4.25157817e-17	-1.74800567e-43	1.03955957e-18	0	0	0	0	0	3
705	276	0	0.275390625	-6.36839677e-17	-1.48071737e-18	-6.36839677e-17	-1.74800567e-43	1.48071737e-18	0	0	0	0	0	3
710	277	0	0.27734375	-8.92784823e-17	-2.09468776e-18	-8.92784823e-17	-1.74800567e-43	2.09468776e-18	0	0	0	0	0	3
715	278	0	0.279296875	-1.20575832e-16	-2.91747348e-18	-1.20575832e-16	-1.74800567e-43	2.91747348e-18	0	0	0	0	0	3
720	279	0	0.28125	-1.58533172e-16	-3.9906852e-18	-1.58533172e-16	-1.74800567e-43	3.9906852e-18	0	0	0	0	0	3
725	281	0	0.283203125	-2.06416275e-16	-5.37716184e-18	-2.06416275e-16	-1.74800567e-43	5.37716184e-18	0	0	0	0	0	3
730	282	0	0.28515625	-2.659258e-16	-7.14960155e-18	-2.659258e-16	-1.74800567e-43	7.14960155e-18	0	0	0	0	0	3
735	283	0	0.287109375	-3.40808651e-16	-9.40405459e-18	-3.40808651e-16	-1.74800567e-43	9.40405459e-18	0	0	0	0	0	3
740	284	0	0.2890625	-4.34604664e-16	-1.22577499e-17	-4.34604664e-16	-1.74800567e-43	1.22577499e-17	0	0	0	0	0	3
745	285	0	0.291015625	-5.53683737e-16	-1.58672565e-17	-5.53683737e-16	-1.74800567e-43	1.58672565e-17	0	0	0	0	0	3
750	286	0	0.29296875	-7.03500139e-16	-2.04211167e-17	-7.03500139e-16	-1.74800567e-43	2.04211167e-17	0	0	0	0	0	3
755	288	0	0.294921875	-8.91637826e-16	-2.61528056e-17	-8.91637826e-16	-1.74800567e-43	2.61528056e-17	0	0	0	0	0	3
760	289	0	0.296875	-1.12957133e-15	-3.33646914e-17	-1.12957133e-15	-1.74800567e-43	3.33646914e-17	0	0	0	0	0	3
765	290	0	0.298828125	-1.42564347e-15	-4.24054627e-17	-1.42564347e-15	-1.74800567e-43	4.24054627e-17	0	0	0	0	0	3
770	291	0	0.30078125	-1.79764536e-15	-5.3729591e-17	-1.79764536e-15	-1.74800567e-43	5.3729591e-17	0	0	0	0	0	3
775	292	0	0.302734375	-2.25798882e-15	-6.78594579e-17	-2.25798882e-15	-1.74800567e-43	6.78594579e-17	0	0	0	0	0	3
780	293	0	0.3046875	-2.83105984e-15	-8.54594603e-17	-2.83105984e-15	-1.74800567e-43	8.54594603e-17	0	0	0	0	0	3
785	294	0	0.306640625	-3.53779936e-15	-1.07309713e-16	-3.53779936e-15	-1.74800567e-43	1.07309713e-16	0	0	0	0	0	3
790	295	0	0.30859375	-4.40701872e-15	-1.34351908e-16	-4.40701872e-15	-1.74800567e-43	1.34351908e-16	0	0	0	0	0	3
795	296	0	0.310546875	-5.47770489e-15	-1.67747864e-16	-5.47770489e-15	-1.74800567e-43	1.67747864e-16	0	0	0	0	0	3
800	297	0	0.3125	-6.78378421e-15	-2.08841257e-16	-6.78378421e-15	-1.74800567e-43	2.08841257e-16	0	0	0	0	0	3
805	299	0	0.314453125	-8.37694992e-15	-2.59261681e-16	-8.37694992e-15	-1.74800567e-43	2.59261681e-16	0	0	0	0	0	3
810	300	0	0.31640625	-1.03157533e-14	-3.20957949e-16	-1.03157533e-14	-1.74800567e-43	3.20957949e-16	0	0	0	0	0	3
815	301	0	0.318359375	-1.26573886e-14	-3.96180087e-16	-1.26573886e-14	-1.74800567e-43	3.96180087e-16	0	0	0	0	0	3
820	302	0	0.3203125	-1.54848644e-14	-4.87626659e-16	-1.54848644e-14	-1.74800567e-43	4.87626659e-16	0	0	0	0	0	3
825	303	0	0.322265625	-1.88759255e-14	-5.98399543e-16	-1.88759255e-14	-1.74800567e-43	5.98399543e-16	0	0	0	0	0	3
830	304	0	0.32421875	-2.29332985e-14	-7.32141454e-16	-2.29332985e-14	-1.74800567e-43	7.32141454e-16	0	0	0	0	0	3
835	305	0	0.326171875	-2.77745731e-14	-8.93108309e-16	-2.77745731e-14	-1.74800567e-43	8.93108309e-16	0	0	0	0	0	3
840	306	0	0.328125	-3.3599985e-14	-1.08664012e-15	-3.3599985e-14	-1.74800567e-43	1.08664012e-15	0	0	0	0	0	3
845	307	0	0.330078125	-4.04237929e-14	-1.31803514e-15	-4.04237929e-14	-1.74800567e-43	1.31803514e-15	0	0	0	0	0	3
850	307	0	0.33203125	-4.84364972e-14	-1.5935817e-15	-4.84364972e-14	-1.74800567e-43	1.5935817e-15	0	0	0	0	0	3
855	308	0	0.333984375	-5.79424561e-14	-1.92119144e-15	-5.79424561e-14	-1.74800567e-43	1.92119144e-15	0	0	0	0	0	3
860	309	0	0.3359375	-6.90720412e-14	-2.30934664e-15	-6.90720412e-14	-1.74800567e-43	2.30934664e-15	0	0	0	0	0	3
865	310	0	0.337890625	-8.2097931e-14	-2.76790172e-15	-8.2097931e-14	-1.74800567e-43	2.76790172e-15	0	0	0	0	0	3
870	311	0	0.33984375	-9.73052807e-14	-3.30811531e-15	-9.73052807e-14	-1.74800567e-43	3.30811531e-15	0	0	0	0	0	3
875	312	0	0.341796875	-1.15091706e-13	-3.94324935e-15	-1.15091706e-13	-1.74800567e-43	3.94324935e-15	0	0	0	0	0	3
880	313	0	0.34375	-1.35791509e-13	-4.68815477e-15	-1.35791509e-13	-1.74800567e-43	4.68815477e-15	0	0	0	0	0	3
885	314	0	0.345703125	-1.59938671e-13	-5.56034868e-15	-1.59938671e-13	-1.74800567e-43	5.56034868e-15	0	0	0	0	0	3
890	315	0	0.34765625	-1.87987879e-13	-6.5794969e-15	-1.87987879e-13	-1.74800567e-43	6.5794969e-15	0	0	0	0	0	3
895	315	0	0.349609375	-2.20589672e-13	-7.76844231e-15	-2.20589672e-13	-1.74800567e-43	7.76844231e-15	0	0	0	0	0	3
900	316	0	0.3515625	-2.58462229e-13	-9.15349086e-15	-2.58462229e-13	-1.74800567e-43	9.15349086e-15	0	0	0	0	0	3
905	318	0	0.353515625	-3.0247422e-13	-1.07651432e-14	-3.0247422e-13	-1.74800567e-43	1.07651432e-14	0	0	0	0	0	3
910	319	0	0.35546875	-3.53626964e-13	-1.26387051e-14	-3.53626964e-13	-1.74800567e-43	1.26387051e-14	0	0	0	0	0	3
915	320	0	0.357421875	-4.13063507e-13	-1.48149268e-14	-4.13063507e-13	-1.74800567e-43	1.48149268e-14	0	0	0	0	0	3
920	321	0	0.359375	-4.82203125e-13	-1.73413495e-14	-4.82203125e-13	-1.74800567e-43	1.73413495e-14	0	0	0	0	0	3
925	321	0	0.361328125	-5.62530258e-13	-2.02724727e-14	-5.62530258e-13	-1.74800567e-43	2.02724727e-14	0	0	0	0	0	3
930	322	0	0.36328125	-6.55995477e-13	-2.36720609e-14	-6.55995477e-13	-1.74800567e-43	2.36720609e-14	0	0	0	0	0	3
935	323	0	0.365234375	-8.03338566e-13	-2.78192232e-14	-8.03338566e-13	-1.74800567e-43	2.78192232e-14	0	0	0	0	0	3
940	324	0	0.3671875	-9.76381653e-13	-3.2838072e-14	-9.76381653e-13	-1.74800567e-43	3.2838072e-14	0	0	0	0	0	3
945	325	0	0.369140625	-1.1715409e-12	-3.88312448e-14	-1.1715409e-12	-1.74800567e-43	3.88312448e-14	0	0	0	0	0	3
950	325	0	0.37109375	-1.70411022e-12	-4.75499829e-14	-1.70411022e-12	-1.74800567e-43	4.75499829e-14	0	0	0	0	0	3
955	326	0	0.373046875	-2.37163834e-12	-5.96546098e-14	-2.37163834e-12	-1.74800567e-43	5.96546098e-14	0	0	0	0	0	3
960	327	0	0.375	-3.04557217e-12	-7.51256852e-14	-3.04557217e-12	-1.74800567e-43	7.51256852e-14	0	0	0	0	0	3
965	328	0	0.376953125	-3.87331603e-12	-9.47039859e-14	-3.87331603e-12	-1.74800567e-43	9.47039859e-14	0	0	0	0	0	3
970	329	0	0.37890625	-4.96450967e-12	-1.19677348e-13	-4.96450967e-12	-1.74800567e-43	1.19677348e-13	0	0	0	0	0	3
975	329	0	0.380859375	-6.33076902e-12	-1.51366592e-13	-6.33076902e-12	-1.74800567e-43	1.51366592e-13	0	0	0	0	0	3
980	330	0	0.3828125	-8.12506268e-12	-1.91842206e-13	-8.12506268e-12	-1.74800567e-43	1.91842206e-13	0	0	0	0	0	3
985	331	0	0.384765625	-1.02779005e-11	-2.42781895e-13	-1.02779005e-11	-1.74800567e-43	2.42781895e-13	0	0	0	0	0	3
990	332	0	0.38671875	-1.28105955e-11	-3.05936737e-13	-1.28105955e-11	-1.74800567e-43	3.05936737e-13	0	0	0	0	0	3
995	333	0	0.388671875	-1.5865966e-11	-3.83736883e-13	-1.5865966e-11	-1.74800567e-43	3.83736883e-13	0	0	0	0	0	3
1000	333	0	0.390625	-1.93288258e-11	-4.77991057e-13	-1.93288258e-11	-1.74800567e-43	4.77991057e-13	0	0	0	0	0	3
1005	335	0	0.392578125	-2.35304789e-11	-5.92112283e-13	-2.35304789e-11	-1.74800567e-43	5.92112283e-13	0	0	0	0	0	3
1010	336	0	0.39453125	-2.83588083e-11	-7.28894037e-13	-2.83588083e-11	-1.74800567e-43	7.28894037e-13	0	0	0	0	0	3
1015	337	0	0.396484375	-3.40695175e-11	-8.92328466e-13	-3.40695175e-11	-1.74800567e-43	8.92328466e-13	0	0	0	0	0	3
1020	338	0	0.3984375	-4.08170853e-11	-1.08708338e-12	-4.08170853e-11	-1.74800567e-43	1.08708338e-12	0	0	0	0	0	3
1025	339	0	0.400390625	-4.87424208e-11	-1.31841997e-12	-4.87424208e-11	-1.74800567e-43	1.31841997e-12	0	0	0	0	0	3
1030	339	0	0.40234375	-5.82427985e-11	-1.59341696e-12	-5.82427985e-11	-1.74800567e-43	1.59341696e-12	0	0	0	0	0	3
1035	340	0	0.404296875	-6.94638272e-11	-1.91971701e-12	-6.94638272e-11	-1.74800567e-43	1.91971701e-12	0	0	0	0	0	3
1040	341	0	0.40625	-8.30260205e-11	-2.30778545e-12	-8.30260205e-11	-1.74800567e-43	2.30778545e-12	0	0	0	0	0	3
1045	342	0	0.408203125	-9.92877914e-11	-2.769595e-12	-9.92877914e-11	-1.74800567e-43	2.769595e-12	0	0	0	0	0	3
1050	343	0	0.41015625	-1.18888785e-10	-3.31992292e-12	-1.18888785e-10	-1.74800567e-43	3.31992292e-12	0	0	0	0	0	3
1055	343	0	0.412109375	-1.42657232e-10	-3.97717438e-12	-1.42657232e-10	-1.74800567e-43	3.97717438e-12	0	0	0	0	0	3
1060	344	0	0.4140625	-1.71538779e-10	-4.76384857e-12	-1.71538779e-10	-1.74800567e-43	4.76384857e-12	0	0	0	0	0	3
1065	345	0	0.416015625	-2.06953036e-10	-5.70865786e-12	-2.06953036e-10	-1.74800567e-43	5.70865786e-12	0	0	0	0	0	3
1070	346	0	0.41796875	-2.50214441e-10	-6.84589406e-12	-2.50214441e-10	-1.74800567e-43	6.84589406e-12	0	0	0	0	0	3
1075	347	0	0.419921875	-3.03543965e-10	-8.21949624e-12	-3.03543965e-10	-1.74800567e-43	8.21949624e-12	0	0	0	0	0	3
1080	347	0	0.421875	-3.69647625e-10	-9.88506366e-12	-3.69647625e-10	-1.74800567e-43	9.88506366e-12	0	0	0	0	0	3
1085	348	0	0.423828125	-4.51616257e-10	-1.19113535e-11	-4.51616257e-10	-1.74800567e-43	1.19113535e-11	0	0	0	0	0	3
1090	349	0	0.42578125	-5.54227139e-10	-1.43876813e-11	-5.54227139e-10	-1.74800567e-43	1.43876813e-11	0	0	0	0	0	3
1095	350	0	0.427734375	-6.83007997e-10	-1.74268646e-11	-6.83007997e-10	-1.74800567e-43	1.74268646e-11	0	0	0	0	0	3
1100	351	0	0.4296875	-8.4462716e-10	-2.11698523e-11	-8.4462716e-10	-1.74800567e-43	2.11698523e-11	0	0	0	0	0	3
1105	352	0	0.431640625	-1.04981548e-09	-2.58033912e-11	-1.04981548e-09	-1.74800567e-43	2.58033912e-11	0	0	0	0	0	3
1110	353	0	0.43359375	-1.31024446e-09	-3.15632167e-11	-1.31024446e-09	-1.74800567e-43	3.15632167e-11	0	0	0	0	0	3
1115	354	0	0.435546875	-1.63540242e-09	-3.87232131e-11	-1.63540242e-09	-1.74800567e-43	3.87232131e-11	0	0	0	0	0	3
1120	355	0	0.4375	-2.04879701e-09	-4.76568744e-11	-2.04879701e-09	-1.74800567e-43	4.76568744e-11	0	0	0	0	0	3
1125	356	0	0.439453125	-2.5849578e-09	-5.88838696e-11	-2.5849578e-09	-1.74800567e-43	5.88838696e-11	0	0	0	0	0	3
1130	356	0	0.44140625	-3.25023683e-09	-7.29426933e-11	-3.25023683e-09	-1.74800567e-43	7.29426933e-11	0	0	0	0	0	3
1135	357	0	0.443359375	-4.6349795e-09	-9.29516266e-11	-4.6349795e-09	-1.74800567e-43	9.29516266e-11	0	0	0	0	0	3
1140	358	0	0.4453125	-1.56129433e-08	-1.60724516e-10	-1.56129433e-08	-1.74800567e-43	1.60724516e-10	0	0	0	0	0	3
1145	359	0	0.447265625	-5.1632514e-08	-3.84514905e-10	-5.1632514e-08	-1.74800567e-43	3.84514905e-10	0	0	0	0	0	3
1150	360	0	0.44921875	-1.66569109e-07	-1.10392873e-09	-1.66569109e-07	-1.74800567e-43	1.10392873e-09	0	0	0	0	0	3
1155	361	0	0.451171875	-3.46995877e-07	-2.5948423e-09	-3.46995877e-07	-1.74800567e-43	2.5948423e-09	0	0	0	0	0	3
1160	361	0	0.453125	-5.61887069e-07	-4.99523812e-09	-5.61887069e-07	-1.74800567e-43	4.99523812e-09	0	0	0	0	0	3
1165	362	0	0.455078125	-7.94535925e-07	-8.36934362e-09	-7.94535925e-07	-1.74800567e-43	8.36934362e-09	0	0	0	0	0	3
1170	363	0	0.45703125	-9.95797549e-07	-1.25711658e-08	-9.95797549e-07	-1.74800567e-43	1.25711658e-08	0	0	0	0	0	3
1175	364	0	0.458984375	-1.22395102e-06	-1.77041313e-08	-1.22395102e-06	-1.74800567e-43	1.77041313e-08	0	0	0	0	0	3
1180	365	0	0.4609375	-1.64264954e-06	-2.4560441e-08	-1.64264954e-06	-1.74800567e-43	2.4560441e-08	0	0	0	0	0	3
1185	366	0	0.462890625	-2.48359582e-06	-3.48925224e-08	-2.48359582e-06	-1.74800567e-43	3.48925224e-08	0	0	0	0	0	3
1190	366	0	0.46484375	-3.79714401e-06	-5.06341605e-08	-3.79714401e-06	-1.74800567e-43	5.06341605e-08	0	0	0	0	0	3
1195	367	0	0.466796875	-5.25359872e-06	-7.23131795e-08	-5.25359872e-06	-1.74800567e-43	7.23131795e-08	0	0	0	0	0	3
1200	368	0	0.46875	-6.70763506e-06	-9.98456354e-08	-6.70763506e-06	-1.74800567e-43	9.98456354e-08	0	0	0	0	0	3
1205	370	0	0.470703125	-8.21457197e-06	-1.33377562e-07	-8.21457197e-06	-1.74800567e-43	1.33377562e-07	0	0	0	0	0	3
1210	371	0	0.47265625	-9.65596499e-06	-1.72565165e-07	-9.65596499e-06	-1.74800567e-43	1.72565165e-07	0	0	0	0	0	3
1215	372	0	0.474609375	-1.09510185e-05	-2.16739154e-07	-1.09510185e-05	-1.74800567e-43	2.16739154e-07	0	0	0	0	0	3
1220	373	0	0.4765625	-1.21630932e-05	-2.65499783e-07	-1.21630932e-05	-1.74800567e-43	2.65499783e-07	0	0	0	0	0	3
1225	374	0	0.478515625	-1.3453898e-05	-3.19111158e-07	-1.3453898e-05	-1.74800567e-43	3.19111158e-07	0	0	0	0	0	3
1230	374	0	0.48046875	-1.49997583e-05	-3.78546976e-07	-1.49997583e-05	-1.74800567e-43	3.78546976e-07	0	0	0	0	0	3
1235	375	0	0.482421875	-1.69529055e-05	-4.45379067e-07	-1.69529055e-05	-1.74800567e-43	4.45379067e-07	0	0	0	0	0	3
1240	376	0	0.484375	-1.93679358e-05	-5.21373271e-07	-1.93679358e-05	-1.74800567e-43	5.21373271e-07	0	0	0	0	0	3
1245	377	0	0.486328125	-2.21886776e-05	-6.08042488e-07	-2.21886776e-05	-1.74800567e-43	6.08042488e-07	0	0	0	0	0	3
1250	378	0	0.48828125	-2.52106549e-05	-7.06060864e-07	-2.52106549e-05	-1.74800567e-43	7.06060864e-07	0	0	0	0	0	3
1255	379	0	0.490234375	-2.81861131e-05	-8.1510869e-07	-2.81861131e-05	-1.74800567e-43	8.1510869e-07	0	0	0	0	0	3
1260	380	0	0.4921875	-3.10212289e-05	-9.3450047e-07	-3.10212289e-05	-1.74800567e-43	9.3450047e-07	0	0	0	0	0	3
1265	380	0	0.494140625	-3.38006136e-05	-1.06389462e-06	-3.38006136e-05	-1.74800567e-43	1.06389462e-06	0	0	0	0	0	3
1270	381	0	0.49609375	-3.66097979e-05	-1.20329032e-06	-3.66097979e-05	-1.74800567e-43	1.20329032e-06	0	0	0	0	0	3
1275	382	0	0.498046875	-3.92859958e-05	-1.35205088e-06	-3.92859958e-05	-1.74800567e-43	1.35205088e-06	0	0	0	0	0	3
1280	383	0	0.5	-4.18720193e-05	-1.50971613e-06	-4.18720193e-05	-1.74800567e-43	1.50971613e-06	0	0	0	0	0	3
1285	384	0	0.501953125	-4.4337807e-05	-1.68880802e-06	-4.4337807e-05	-4.33236328e-22	1.68880802e-06	0	0	0	0	0	3
1290	385	0	0.50390625	-4.67670361e-05	-1.87149175e-06	-4.67670361e-05	-8.20175495e-22	1.87149175e-06	0	0	0	0	0	3
1295	385	0	0.505859375	-4.92063278e-05	-2.06370397e-06	-4.92063278e-05	-1.37043105e-21	2.06370397e-06	0	0	0	0	0	3
1300	386	0	0.5078125	-5.17426387e-05	-2.26582365e-06	-5.17426387e-05	-1.91343557e-21	2.26582365e-06	0	0	0	0	0	3
1305	388	0	0.509765625	-5.42834031e-05	-2.4778682e-06	-5.42834031e-05	-2.99468341e-21	2.4778682e-06	0	0	0	0	0	3
1310	389	0	0.51171875	-5.67961618e-05	-2.6997282e-06	-5.67961618e-05	-3.73367437e-21	2.6997282e-06	0	0	0	0	0	3
1315	390	0	0.513671875	-5.95289108e-05	-2.93226301e-06	-5.95289108e-05	-5.34338647e-21	2.93226301e-06	0	0	0	0	0	3
1320	391	0	0.515625	-6.23355467e-05	-3.17576124e-06	-6.23355467e-05	-6.54488482e-21	3.17576124e-06	0	0	0	0	0	3
1325	392	0	0.517578125	-6.48866872e-05	-3.42922486e-06	-6.48866872e-05	-8.34804795e-21	3.42922486e-06	0	0	0	0	0	3
1330	392	0	0.51953125	-6.71574022e-05	-3.69155846e-06	-6.71574022e-05	-1.03701547e-20	3.69155846e-06	0	0	0	0	0	3
1335	393	0	0.521484375	-6.94819132e-05	-3.96297219e-06	-6.94819132e-05	-1.27397108e-20	3.96297219e-06	0	0	0	0	0	3
1340	394	0	0.5234375	-7.19594962e-05	-4.24406397e-06	-7.19594962e-05	-1.53693579e-20	4.24406397e-06	0	0	0	0	0	3
1345	395	0	0.525390625	-7.44637039e-05	-4.53493781e-06	-7.44637039e-05	-1.83373206e-20	4.53493781e-06	0	0	0	0	0	3
1350	396	0	0.52734375	-7.6834972e-05	-4.83507442e-06	-7.6834972e-05	-2.16985398e-20	4.83507442e-06	0	0	0	0	0	3
1355	397	0	0.529296875	-7.91600638e-05	-5.14429342e-06	-7.91600638e-05	-2.54845217e-20	5.14429342e-06	0	0	0	0	0	3
1360	397	0	0.53125	-8.16929967e-05	-5.46340669e-06	-8.16929967e-05	-2.96671221e-20	5.46340669e-06	0	0	0	0	0	3
1365	398	0	0.533203125	-8.44577951e-05	-5.79331995e-06	-8.44577951e-05	-3.42217602e-20	5.79331995e-06	0	0	0	0	0	3
1370	399	0	0.53515625	-8.71726452e-05	-6.1338381e-06	-8.71726452e-05	-3.91241184e-20	6.1338381e-06	0	0	0	0	0	3
1375	400	0	0.537109375	-8.97042549e-05	-6.48424534e-06	-8.97042549e-05	-4.4349266e-20	6.48424534e-06	0	0	0	0	0	3
1380	401	0	0.5390625	-9.22005371e-05	-6.84440369e-06	-9.22005371e-05	-4.98715302e-20	6.84440369e-06	0	0	0	0	0	3
1385	402	0	0.541015625	-9.46138956e-05	-7.21398922e-06	-9.46138956e-05	-5.56647872e-20	7.21398922e-06	0	0	0	0	0	3
1390	402	0	0.54296875	-9.68651104e-05	-7.59236856e-06	-9.68651104e-05	-6.17023374e-20	7.59236856e-06	0	0	0	0	0	3
1395	403	0	0.544921875	-9.90343935e-05	-7.97922166e-06	-9.90343935e-05	-6.79574584e-20	7.97922166e-06	0	0	0	0	0	3
1400	404	0	0.546875	-0.000101280827	-8.37484989e-06	-0.000101280827	-7.4403694e-20	8.37484989e-06	0	0	0	0	0	3
1405	406	0	0.548828125	-0.000103544772	-8.77932165e-06	-0.000103544772	-8.10154622e-20	8.77932165e-06	0	0	0	0	0	3
1410	407	0	0.55078125	-0.000105731473	-9.19233522e-06	-0.000105731473	-8.77681859e-20	9.19233522e-06	0	0	0	0	0	3
1415	408	0	0.552734375	-0.000107942371	-9.6139851e-06	-0.000107942371	-9.46381188e-20	9.6139851e-06	0	0	0	0	0	3
1420	409	0	0.5546875	-0.000110190021	-1.00444149e-05	-0.000110190021	-1.01602772e-19	1.00444149e-05	0	0	0	0	0	3
1425	410	0	0.556640625	-0.000112277031	-1.0482997e-05	-0.000112277031	-1.08640908e-19	1.0482997e-05	0	0	0	0	0	3
1430	410	0	0.55859375	-0.000114105697	-1.09287224e-05	-0.000114105697	-1.15732601e-19	1.09287224e-05	0	0	0	0	0	3
1435	411	0	0.560546875	-0.00011597502	-1.13817498e-05	-0.00011597502	-1.22859269e-19	1.13817498e-05	0	0	0	0	0	3
1440	412	0	0.5625	-0.000118090333	-1.18430402e-05	-0.000118090333	-1.30003782e-19	1.18430402e-05	0	0	0	0	0	3
1445	413	0	0.564453125	-0.000120138966	-1.2312333e-05	-0.000120138966	-1.37150242e-19	1.2312333e-05	0	0	0	0	0	3
1450	414	0	0.56640625	-0.000121888957	-1.27884618e-05	-0.000121888957	-1.44284111e-19	1.27884618e-05	0	0	0	0	0	3
1455	415	0	0.568359375	-0.000123468023	-1.32707587e-05	-0.000123468023	-1.51392032e-19	1.32707587e-05	0	0	0	0	0	3
1460	416	0	0.5703125	-0.000125296259	-1.37601972e-05	-0.000125296259	-1.58461885e-19	1.37601972e-05	0	0	0	0	0	3
1465	416	0	0.572265625	-0.000127262829	-1.42573177e-05	-0.000127262829	-1.65482584e-19	1.42573177e-05	0	0	0	0	0	3
1470	417	0	0.57421875	-0.00012890654	-1.47608588e-05	-0.00012890654	-1.72444082e-19	1.47608588e-05	0	0	0	0	0	3
1475	418	0	0.576171875	-0.000130164985	-1.52693158e-05	-0.000130164985	-1.79337318e-19	1.52693158e-05	0	0	0	0	0	3
1480	419	0	0.578125	-0.000131227613	-1.57819237e-05	-0.000131227613	-1.86154168e-19	1.57819237e-05	0	0	0	0	0	3
1485	420	0	0.580078125	-0.000132296206	-1.62987057e-05	-0.000132296206	-1.92887381e-19	1.62987057e-05	0	0	0	0	0	3
1490	421	0	0.58203125	-0.000133243501	-1.68191882e-05	-0.000133243501	-1.99530516e-19	1.68191882e-05	0	0	0	0	0	3
1495	422	0	0.583984375	-0.000134035459	-1.73427642e-05	-0.000134035459	-2.06077878e-19	1.73427642e-05	0	0	0	0	0	3
1500	422	0	0.5859375	-0.000134929142	-1.78698311e-05	-0.000134929142	-2.12524449e-19	1.78698311e-05	0	0	0	0	0	3
1505	425	0	0.587890625	-0.000136110289	-1.8401512e-05	-0.000136110289	-2.18865844e-19	1.8401512e-05	0	0	0	0	0	3
1510	425	0	0.58984375	-0.000137239105	-1.89376022e-05	-0.000137239105	-2.25098268e-19	1.89376022e-05	0	0	0	0	0	3
1515	426	0	0.591796875	-0.000138058912	-1.94768948e-05	-0.000138058912	-2.31218452e-19	1.94768948e-05	0	0	0	0	0	3
1520	427	0	0.59375	-0.000138548552	-2.00181001e-05	-0.000138548552	-2.37223609e-19	2.00181001e-05	0	0	0	0	0	3
1525	428	0	0.595703125	-0.000138862184	-2.05605305e-05	-0.000138862184	-2.43111398e-19	2.05605305e-05	0	0	0	0	0	3
1530	429	0	0.59765625	-0.00013920247	-2.11042902e-05	-0.00013920247	-2.48879877e-19	2.11042902e-05	0	0	0	0	0	3
1535	430	0	0.599609375	-0.000139652903	-2.16498093e-05	-0.000139652903	-2.54527476e-19	2.16498093e-05	0	0	0	0	0	3
1540	431	0	0.6015625	-0.000140222006	-2.21975515e-05	-0.000140222006	-2.60052958e-19	2.21975515e-05	0	0	0	0	0	3
1545	431	0	0.603515625	-0.000140811641	-2.2747597e-05	-0.000140811641	-2.65455394e-19	2.2747597e-05	0	0	0	0	0	3
1550	432	0	0.60546875	-0.000141384833	-2.32998815e-05	-0.000141384833	-2.70734133e-19	2.32998815e-05	0	0	0	0	0	3
1555	433	0	0.607421875	-0.00014192147	-2.38542623e-05	-0.00014192147	-2.75888771e-19	2.38542623e-05	0	0	0	0	0	3
1560	434	0	0.609375	-0.000142440795	-2.44106716e-05	-0.000142440795	-2.80919132e-19	2.44106716e-05	0	0	0	0	0	3
1565	435	0	0.611328125	-0.000142957989	-2.49691013e-05	-0.000142957989	-2.85825245e-19	2.49691013e-05	0	0	0	0	0	3
1570	436	0	0.61328125	-0.00014342689	-2.55293625e-05	-0.00014342689	-2.90607329e-19	2.55293625e-05	0	0	0	0	0	3
1575	437	0	0.615234375	-0.000143770115	-2.60909646e-05	-0.000143770115	-2.95265768e-19	2.60909646e-05	0	0	0	0	0	3
1580	437	0	0.6171875	-0.000143884613	-2.66530138e-05	-0.000143884613	-2.99801101e-19	2.66530138e-05	0	0	0	0	0	3
1585	438	0	0.619140625	-0.000143710892	-2.72143845e-05	-0.000143884613	-3.0421401e-19	2.72143845e-05	0	0	0	0	0	3
1590	439	0	0.62109375	-0.000143321908	-2.77742357e-05	-0.000143884613	-3.08505292e-19	2.77742357e-05	0	0	0	0	0	3
1595	440	0	0.623046875	-0.000142976587	-2.8332738e-05	-0.000143884613	-3.12675853e-19	2.8332738e-05	0	0	0	0	0	3
1600	441	0	0.625	-0.000143126442	-2.88918257e-05	-0.000143884613	-3.16726689e-19	2.88918257e-05	0	0	0	0	0	3
1605	443	0	0.626953125	-0.000143609901	-2.94528018e-05	-0.000143884613	-3.20658884e-19	2.94528018e-05	0	0	0	0	0	3
1610	444	0	0.62890625	-0.000143905788	-3.00149338e-05	-0.000143905788	-3.24473597e-19	3.00149338e-05	0	0	0	0	0	3
1615	445	0	0.630859375	-0.000144000121	-3.05774343e-05	-0.000144000121	-3.28172066e-19	3.05774343e-05	0	0	0	0	0	3
1620	446	0	0.6328125	-0.000144347289	-3.11412909e-05	-0.000144347289	-3.31755578e-19	3.11412909e-05	0	0	0	0	0	3
1625	446	0	0.634765625	-0.000145229944	-3.17085954e-05	-0.000145229944	-3.35225486e-19	3.17085954e-05	0	0	0	0	0	3
1630	447	0	0.63671875	-0.000145978949	-3.22788256e-05	-0.000145978949	-3.38583185e-19	3.22788256e-05	0	0	0	0	0	3
1635	448	0	0.638671875	-0.000146302177	-3.28503185e-05	-0.000146302177	-3.418301e-19	3.28503185e-05	0	0	0	0	0	3
1640	449	0	0.640625	-0.000146457981	-3.342242e-05	-0.000146457981	-3.44967703e-19	3.342242e-05	0	0	0	0	0	3
1645	450	0	0.642578125	-0.000146888947	-3.39962049e-05	-0.000146888947	-3.47997497e-19	3.39962049e-05	0	0	0	0	0	3
1650	451	0	0.64453125	-0.000147514793	-3.45724346e-05	-0.000147514793	-3.50921014e-19	3.45724346e-05	0	0	0	0	0	3
1655	452	0	0.646484375	-0.000147861178	-3.51500173e-05	-0.000147861178	-3.53739811e-19	3.51500173e-05	0	0	0	0	0	3
1660	453	0	0.6484375	-0.000147853403	-3.57275697e-05	-0.000147861178	-3.56455461e-19	3.57275697e-05	0	0	0	0	0	3
1665	453	0	0.650390625	-0.000147780068	-3.63048356e-05	-0.000147861178	-3.59069559e-19	3.63048356e-05	0	0	0	0	0	3
1670	454	0	0.65234375	-0.000148079986	-3.6883273e-05	-0.000148079986	-3.61583708e-19	3.6883273e-05	0	0	0	0	0	3
1675	455	0	0.654296875	-0.00014857949	-3.74636616e-05	-0.00014857949	-3.63999514e-19	3.74636616e-05	0	0	0	0	0	3
1680	456	0	0.65625	-0.000148866357	-3.80451709e-05	-0.000148866357	-3.66318598e-19	3.80451709e-05	0	0	0	0	0	3
1685	457	0	0.658203125	-0.000148957271	-3.86270352e-05	-0.000148957271	-3.68542591e-19	3.86270352e-05	0	0	0	0	0	3
1690	458	0	0.66015625	-0.000149046725	-3.9209249e-05	-0.000149046725	-3.70673124e-19	3.9209249e-05	0	0	0	0	0	3
1695	458	0	0.662109375	-0.000149272698	-3.97923454e-05	-0.000149272698	-3.72711827e-19	3.97923454e-05	0	0	0	0	0	3
1700	459	0	0.6640625	-0.000149361535	-4.03757889e-05	-0.000149361535	-3.74660324e-19	4.03757889e-05	0	0	0	0	0	3
1705	461	0	0.666015625	-0.000149166623	-4.09584711e-05	-0.000149361535	-3.76520243e-19	4.09584711e-05	0	0	0	0	0	3
1710	462	0	0.66796875	-0.000149007807	-4.15405328e-05	-0.000149361535	-3.78293199e-19	4.15405328e-05	0	0	0	0	0	3
1715	463	0	0.669921875	-0.00014937877	-4.21240436e-05	-0.00014937877	-3.79980802e-19	4.21240436e-05	0	0	0	0	0	3
1720	464	0	0.671875	-0.00014998783	-4.27099336e-05	-0.00014998783	-3.81584659e-19	4.27099336e-05	0	0	0	0	0	3
1725	465	0	0.673828125	-0.000150444697	-4.32976082e-05	-0.000150444697	-3.8310638e-19	4.32976082e-05	0	0	0	0	0	3
1730	466	0	0.67578125	-0.000150804005	-4.38866863e-05	-0.000150804005	-3.84547561e-19	4.38866863e-05	0	0	0	0	0	3
1735	466	0	0.677734375	-0.000151514349	-4.44785393e-05	-0.000151514349	-3.85909792e-19	4.44785393e-05	0	0	0	0	0	3
1740	467	0	0.6796875	-0.000152278007	-4.50733752e-05	-0.000152278007	-3.87194648e-19	4.50733752e-05	0	0	0	0	0	3
1745	468	0	0.681640625	-0.000152612833	-4.56695191e-05	-0.000152612833	-3.88403697e-19	4.56695191e-05	0	0	0	0	0	3
1750	469	0	0.68359375	-0.000152573054	-4.62655076e-05	-0.000152612833	-3.89538496e-19	4.62655076e-05	0	0	0	0	0	3
1755	470	0	0.685546875	-0.000152332151	-4.68605551e-05	-0.000152612833	-3.90600587e-19	4.68605551e-05	0	0	0	0	0	3
1760	471	0	0.6875	-0.000152002981	-4.74543167e-05	-0.000152612833	-3.91591504e-19	4.74543167e-05	0	0	0	0	0	3
1765	472	0	0.689453125	-0.000151586106	-4.80464499e-05	-0.000152612833	-3.92512773e-19	4.80464499e-05	0	0	0	0	0	3
1770	472	0	0.69140625	-0.000151099185	-4.86366811e-05	-0.000152612833	-3.93365912e-19	4.86366811e-05	0	0	0	0	0	3
1775	473	0	0.693359375	-0.000150582337	-4.92248934e-05	-0.000152612833	-3.94152422e-19	4.92248934e-05	0	0	0	0	0	3
1780	474	0	0.6953125	-0.000150068561	-4.98110987e-05	-0.000152612833	-3.94873801e-19	4.98110987e-05	0	0	0	0	0	3
1785	475	0	0.697265625	-0.000149649397	-5.03956666e-05	-0.000152612833	-3.95531564e-19	5.03956666e-05	0	0	0	0	0	3
1790	476	0	0.69921875	-0.000149319904	-5.09789475e-05	-0.000152612833	-3.96127236e-19	5.09789475e-05	0	0	0	0	0	3
1795	477	0	0.701171875	-0.000149012132	-5.15610262e-05	-0.000152612833	-3.96662385e-19	5.15610262e-05	0	0	0	0	0	3
1800	478	0	0.703125	-0.000148748395	-5.21420746e-05	-0.000152612833	-3.97138652e-19	5.21420746e-05	0	0	0	0	0	3
1805	479	0	0.705078125	-0.000148640115	-5.27227e-05	-0.000152612833	-3.97557818e-19	5.27227e-05	0	0	0	0	0	3
1810	480	0	0.70703125	-0.000148531237	-5.33029002e-05	-0.000152612833	-3.97921913e-19	5.33029002e-05	0	0	0	0	0	3
1815	481	0	0.708984375	-0.000148231194	-5.38819283e-05	-0.000152612833	-3.98233391e-19	5.38819283e-05	0	0	0	0	0	3
1820	482	0	0.7109375	-0.000147836722	-5.44594155e-05	-0.000152612833	-3.98495438e-19	5.44594155e-05	0	0	0	0	0	3
1825	483	0	0.712890625	-0.000147637302	-5.50361237e-05	-0.000152612833	-3.98712451e-19	5.50361237e-05	0	0	0	0	0	3
1830	484	0	0.71484375	-0.000147442464	-5.56120708e-05	-0.000152612833	-3.98890678e-19	5.56120708e-05	0	0	0	0	0	3
1835	485	0	0.716796875	-0.000146893692	-5.61858743e-05	-0.000152612833	-3.99038987e-19	5.61858743e-05	0	0	0	0	0	3
1840	485	0	0.71875	-0.000146006622	-5.67562127e-05	-0.000152612833	-3.99169931e-19	5.67562127e-05	0	0	0	0	0	3
1845	486	0	0.720703125	-0.000144970985	-5.73225056e-05	-0.000152612833	-3.99301265e-19	5.73225056e-05	0	0	0	0	0	3
1850	487	0	0.72265625	-0.000144012683	-5.78850551e-05	-0.000152612833	-3.99457917e-19	5.78850551e-05	0	0	0	0	0	3
1855	488	0	0.724609375	-0.000143095301	-5.84440211e-05	-0.000152612833	-3.99674609e-19	5.84440211e-05	0	0	0	0	0	3
1860	489	0	0.7265625	-0.000142101302	-5.89991043e-05	-0.000152612833	-3.99999261e-19	5.89991043e-05	0	0	0	0	0	3
1865	490	0	0.728515625	-0.000141104957	-5.95502956e-05	-0.000152612833	-4.00497358e-19	5.95502956e-05	0	0	0	0	0	3
1870	491	0	0.73046875	-0.000140137546	-6.00977079e-05	-0.000152612833	-4.01257506e-19	6.00977079e-05	0	0	0	0	0	3
1875	491	0	0.732421875	-0.000139176979	-6.06413679e-05	-0.000152612833	-4.02398264e-19	6.06413679e-05	0	0	0	0	0	3
1880	492	0	0.734375	-0.00013821118	-6.11812554e-05	-0.000152612833	-4.04076859e-19	6.11812554e-05	0	0	0	0	0	3
1885	493	0	0.736328125	-0.000137263295	-6.17174401e-05	-0.000152612833	-4.06500188e-19	6.17174401e-05	0	0	0	0	0	3
1890	494	0	0.73828125	-0.000136413884	-6.22503068e-05	-0.000152612833	-4.0993832e-19	6.22503068e-05	0	0	0	0	0	3
1895	495	0	0.740234375	-0.000135788673	-6.27807313e-05	-0.000152612833	-4.14741772e-19	6.27807313e-05	0	0	0	0	0	3
1900	496	0	0.7421875	-0.000135516747	-6.33100936e-05	-0.000152612833	-4.21362813e-19	6.33100936e-05	0	0	0	0	0	3
1905	498	0	0.744140625	-0.000135378567	-6.38389162e-05	-0.000152612833	-4.30382094e-19	6.38389162e-05	0	0	0	0	0	3
1910	498	0	0.74609375	-0.00013511365	-6.43667039e-05	-0.000152612833	-4.42542565e-19	6.43667039e-05	0	0	0	0	0	3
1915	499	0	0.748046875	-0.00013467828	-6.48927909e-05	-0.000152612833	-4.58792875e-19	6.48927909e-05	0	0	0	0	0	3
1920	500	0	0.75	-0.000134158809	-6.54168487e-05	-0.000152612833	-4.80343159e-19	6.54168487e-05	0	0	0	0	0	3
1925	501	0	0.751953125	-0.000133656626	-6.59389449e-05	-0.000152612833	-5.08741781e-19	6.59389449e-05	0	0	0	0	0	3
1930	502	0	0.75390625	-0.000133027945	-6.64585854e-05	-0.000152612833	-5.45973978e-19	6.64585854e-05	0	0	0	0	0	3
1935	503	0	0.755859375	-0.000132134565	-6.6974736e-05	-0.000152612833	-5.94579758e-19	6.6974736e-05	0	0	0	0	0	3
1940	504	0	0.7578125	-0.000130983942	-6.7486392e-05	-0.000152612833	-1.01209365e-18	6.7486392e-05	0	0	0	0	0	3
1945	505	0	0.759765625	-0.000129711976	-6.79930794e-05	-0.000152612833	-1.52246186e-18	6.79930794e-05	0	0	0	0	0	3
1950	505	0	0.76171875	-0.000128454925	-6.84948565e-05	-0.000152612833	-2.34329805e-18	6.84948565e-05	0	0	0	0	0	3
1955	506	0	0.763671875	-0.000127281087	-6.89920482e-05	-0.000152612833	-7.02450652e-18	6.89920482e-05	0	0	0	0	0	3
1960	507	0	0.765625	-0.000126133023	-6.94847553e-05	-0.000152612833	-1.19830085e-17	6.94847553e-05	0	0	0	0	0	3
1965	508	0	0.767578125	-0.000124969383	-6.9972917e-05	-0.000152612833	-1.77797879e-17	6.9972917e-05	0	0	0	0	0	3
1970	509	0	0.76953125	-0.000123836963	-7.04566551e-05	-0.000152612833	-2.71320721e-17	7.04566551e-05	0	0	0	0	0	3
1975	510	0	0.771484375	-0.000122817261	-7.09364101e-05	-0.000152612833	-4.25157817e-17	7.09364101e-05	0	0	0	0	0	3
1980	511	0	0.7734375	-0.000121901388	-7.14125874e-05	-0.000152612833	-6.36839677e-17	7.14125874e-05	0	0	0	0	0	3
1985	512	0	0.775390625	-0.000121023599	-7.18853358e-05	-0.000152612833	-8.92784823e-17	7.18853358e-05	0	0	0	0	0	3
1990	513	0	0.77734375	-0.000120172357	-7.23547591e-05	-0.000152612833	-1.20575832e-16	7.23547591e-05	0	0	0	0	0	3
1995	513	0	0.779296875	-0.00011932678	-7.28208793e-05	-0.000152612833	-1.58533172e-16	7.28208793e-05	0	0	0	0	0	3
2000	514	0	0.78125	-0.000118370542	-7.32832642e-05	-0.000152612833	-2.06416275e-16	7.32832642e-05	0	0	0	0	0	3
2005	516	0	0.783203125	-0.000117261693	-7.37413177e-05	-0.000152612833	-2.659258e-16	7.37413177e-05	0	0	0	0	0	3
2010	517	0	0.78515625	-0.00011605963	-7.41946756e-05	-0.000152612833	-3.40808651e-16	7.41946756e-05	0	0	0	0	0	3
2015	518	0	0.787109375	-0.000114819984	-7.46431912e-05	-0.000152612833	-4.34604664e-16	7.46431912e-05	0	0	0	0	0	3
2020	519	0	0.7890625	-0.000113567319	-7.50868135e-05	-0.000152612833	-5.53683737e-16	7.50868135e-05	0	0	0	0	0	3
2025	520	0	0.791015625	-0.000112284821	-7.55254261e-05	-0.000152612833	-7.03500139e-16	7.55254261e-05	0	0	0	0	0	3
2030	521	0	0.79296875	-0.000110945636	-7.59588075e-05	-0.000152612833	-8.91637826e-16	7.59588075e-05	0	0	0	0	0	3
2035	521	0	0.794921875	-0.000109559879	-7.63867758e-05	-0.000152612833	-1.12957133e-15	7.63867758e-05	0	0	0	0	0	3
2040	522	0	0.796875	-0.000108161973	-7.68092835e-05	-0.000152612833	-1.42564347e-15	7.68092835e-05	0	0	0	0	0	3
2045	523	0	0.798828125	-0.000106823136	-7.72265614e-05	-0.000152612833	-1.79764536e-15	7.72265614e-05	0	0	0	0	0	3
2050	524	0	0.80078125	-0.000105615451	-7.76391217e-05	-0.000152612833	-2.25798882e-15	7.76391217e-05	0	0	0	0	0	3
2055	525	0	0.802734375	-0.000104571062	-7.80476024e-05	-0.000152612833	-2.83105984e-15	7.80476024e-05	0	0	0	0	0	3
2060	526	0	0.8046875	-0.0001036518	-7.84524923e-05	-0.000152612833	-3.53779936e-15	7.84524923e-05	0	0	0	0	0	3
2065	527	0	0.806640625	-0.000102822906	-7.88541443e-05	-0.000152612833	-4.40701872e-15	7.88541443e-05	0	0	0	0	0	3
2070	528	0	0.80859375	-0.000102048651	-7.92527718e-05	-0.000152612833	-5.47770489e-15	7.92527718e-05	0	0	0	0	0	3
2075	529	0	0.810546875	-0.000101374921	-7.96487676e-05	-0.000152612833	-6.78378421e-15	7.96487676e-05	0	0	0	0	0	3
2080	529	0	0.8125	-0.000100867154	-8.00427799e-05	-0.000152612833	-8.37694992e-15	8.00427799e-05	0	0	0	0	0	3
2085	530	0	0.814453125	-0.000100509781	-8.04353962e-05	-0.000152612833	-1.03157533e-14	8.04353962e-05	0	0	0	0	0	3
2090	531	0	0.81640625	-0.00010024382	-8.08269737e-05	-0.000152612833	-1.26573886e-14	8.08269737e-05	0	0	0	0	0	3
2095	532	0	0.818359375	-0.000100023653	-8.12176911e-05	-0.000152612833	-1.54848644e-14	8.12176911e-05	0	0	0	0	0	3
2100	533	0	0.8203125	-9.98254575e-05	-8.16076343e-05	-0.000152612833	-1.88759255e-14	8.16076343e-05	0	0	0	0	0	3
2105	535	0	0.822265625	-9.96718122e-05	-8.19969773e-05	-0.000152612833	-2.29332985e-14	8.19969773e-05	0	0	0	0	0	3
2110	536	0	0.82421875	-9.95796859e-05	-8.23859604e-05	-0.000152612833	-2.77745731e-14	8.23859604e-05	0	0	0	0	0	3
2115	537	0	0.826171875	-9.94958574e-05	-8.27746161e-05	-0.000152612833	-3.3599985e-14	8.27746161e-05	0	0	0	0	0	3
2120	537	0	0.828125	-9.933757e-05	-8.31626535e-05	-0.000152612833	-4.04237929e-14	8.31626535e-05	0	0	0	0	0	3
2125	538	0	0.830078125	-9.91203011e-05	-8.35498422e-05	-0.000152612833	-4.84364972e-14	8.35498422e-05	0	0	0	0	0	3
2130	539	0	0.83203125	-9.89340832e-05	-8.39363034e-05	-0.000152612833	-5.79424561e-14	8.39363034e-05	0	0	0	0	0	3
2135	540	0	0.833984375	-9.88655975e-05	-8.43224972e-05	-0.000152612833	-6.90720412e-14	8.43224972e-05	0	0	0	0	0	3
2140	541	0	0.8359375	-9.88870877e-05	-8.47087749e-05	-0.000152612833	-8.2097931e-14	8.47087749e-05	0	0	0	0	0	3
2145	542	0	0.837890625	-9.88953578e-05	-8.50950849e-05	-0.000152612833	-9.73052807e-14	8.50950848e-05	0	0	0	0	0	3
2150	543	0	0.83984375	-9.88710672e-05	-8.54813e-05	-0.000152612833	-1.15091706e-13	8.54813e-05	0	0	0	0	0	3
2155	544	0	0.841796875	-9.8864406e-05	-8.5867489e-05	-0.000152612833	-1.35791509e-13	8.5867489e-05	0	0	0	0	0	3
2160	545	0	0.84375	-9.89414537e-05	-8.62539791e-05	-0.000152612833	-1.59938671e-13	8.62539791e-05	0	0	0	0	0	3
2165	546	0	0.845703125	-9.91211244e-05	-8.6641171e-05	-0.000152612833	-1.87987879e-13	8.6641171e-05	0	0	0	0	0	3
2170	547	0	0.84765625	-9.9368414e-05	-8.70293289e-05	-0.000152612833	-2.20589672e-13	8.70293288e-05	0	0	0	0	0	3
2175	548	0	0.849609375	-9.96138155e-05	-8.74184453e-05	-0.000152612833	-2.58462229e-13	8.74184453e-05	0	0	0	0	0	3
2180	548	0	0.8515625	-9.97883765e-05	-8.78082437e-05	-0.000152612833	-3.0247422e-13	8.78082437e-05	0	0	0	0	0	3
2185	549	0	0.853515625	-9.98667888e-05	-8.81983483e-05	-0.000152612833	-3.53626964e-13	8.81983483e-05	0	0	0	0	0	3
2190	550	0	0.85546875	-9.99099591e-05	-8.85886216e-05	-0.000152612833	-4.13063507e-13	8.85886216e-05	0	0	0	0	0	3
2195	551	0	0.857421875	-9.99903253e-05	-8.89792088e-05	-0.000152612833	-4.82203125e-13	8.89792088e-05	0	0	0	0	0	3
2200	552	0	0.859375	-0.00010006934	-8.93701046e-05	-0.000152612833	-5.62530258e-13	8.93701046e-05	0	0	0	0	0	3
2205	554	0	0.861328125	-0.000100052107	-8.97609332e-05	-0.000152612833	-6.55995477e-13	8.97609332e-05	0	0	0	0	0	3
2210	555	0	0.86328125	-9.99426715e-05	-9.01513342e-05	-0.000152612833	-8.03338566e-13	9.01513342e-05	0	0	0	0	0	3
2215	556	0	0.865234375	-9.97958255e-05	-9.05411617e-05	-0.000152612833	-9.76381653e-13	9.05411617e-05	0	0	0	0	0	3
2220	556	0	0.8671875	-9.9646632e-05	-9.09304063e-05	-0.000152612833	-1.1715409e-12	9.09304063e-05	0	0	0	0	0	3
2225	557	0	0.869140625	-9.94774522e-05	-9.13189901e-05	-0.000152612833	-1.70411022e-12	9.13189901e-05	0	0	0	0	0	3
2230	558	0	0.87109375	-9.9265278e-05	-9.17067451e-05	-0.000152612833	-2.37163834e-12	9.17067451e-05	0	0	0	0	0	3
2235	559	0	0.873046875	-9.90313939e-05	-9.20935865e-05	-0.000152612833	-3.04557217e-12	9.20935864e-05	0	0	0	0	0	3
2240	560	0	0.875	-9.87926523e-05	-9.24794953e-05	-0.000152612833	-3.87331603e-12	9.24794952e-05	0	0	0	0	0	3
2245	561	0	0.876953125	-9.85275775e-05	-9.28643686e-05	-0.000152612833	-4.96450967e-12	9.28643685e-05	0	0	0	0	0	3
2250	562	0	0.87890625	-9.82230584e-05	-9.32480524e-05	-0.000152612833	-6.33076902e-12	9.32480523e-05	0	0	0	0	0	3
2255	563	0	0.880859375	-9.79136349e-05	-9.36305275e-05	-0.000152612833	-8.12506268e-12	9.36305273e-05	0	0	0	0	0	3
2260	564	0	0.8828125	-9.76459749e-05	-9.40119571e-05	-0.000152612833	-1.02779005e-11	9.40119568e-05	0	0	0	0	0	3
2265	564	0	0.884765625	-9.73752712e-05	-9.43923292e-05	-0.000152612833	-1.28105955e-11	9.43923289e-05	0	0	0	0	0	3
2270	565	0	0.88671875	-9.70370248e-05	-9.477138e-05	-0.000152612833	-1.5865966e-11	9.47713796e-05	0	0	0	0	0	3
2275	566	0	0.888671875	-9.66515659e-05	-9.51489251e-05	-0.000152612833	-1.93288258e-11	9.51489247e-05	0	0	0	0	0	3
2280	567	0	0.890625	-9.62898042e-05	-9.55250571e-05	-0.000152612833	-2.35304789e-11	9.55250565e-05	0	0	0	0	0	3
2285	568	0	0.892578125	-9.59923412e-05	-9.59000271e-05	-0.000152612833	-2.83588083e-11	9.59000264e-05	0	0	0	0	0	3
2290	569	0	0.89453125	-9.56881469e-05	-9.62738088e-05	-0.000152612833	-3.40695175e-11	9.62738079e-05	0	0	0	0	0	3
2295	570	0	0.896484375	-9.53146327e-05	-9.66461315e-05	-0.000152612833	-4.08170853e-11	9.66461304e-05	0	0	0	0	0	3
2300	571	0	0.8984375	-9.4901472e-05	-9.70168402e-05	-0.000152612833	-4.87424208e-11	9.70168389e-05	0	0	0	0	0	3
2305	573	0	0.900390625	-9.45154578e-05	-9.7386041e-05	-0.000152612833	-5.82427985e-11	9.73860394e-05	0	0	0	0	0	3
2310	574	0	0.90234375	-9.41627766e-05	-9.77538641e-05	-0.000152612833	-6.94638272e-11	9.77538622e-05	0	0	0	0	0	3
2315	575	0	0.904296875	-9.37850718e-05	-9.81202118e-05	-0.000152612833	-8.30260205e-11	9.81202095e-05	0	0	0	0	0	3
2320	575	0	0.90625	-9.33598213e-05	-9.84848983e-05	-0.000152612833	-9.92877914e-11	9.84848955e-05	0	0	0	0	0	3
2325	576	0	0.908203125	-9.29310442e-05	-9.88479098e-05	-0.000152612833	-1.18888785e-10	9.88479064e-05	0	0	0	0	0	3
2330	577	0	0.91015625	-9.25604659e-05	-9.92094736e-05	-0.000152612833	-1.42657232e-10	9.92094696e-05	0	0	0	0	0	3
2335	578	0	0.912109375	-9.22813061e-05	-9.95699469e-05	-0.000152612833	-1.71538779e-10	9.95699422e-05	0	0	0	0	0	3
2340	579	0	0.9140625	-9.20539731e-05	-9.99295321e-05	-0.000152612833	-2.06953036e-10	9.99295264e-05	0	0	0	0	0	3
2345	580	0	0.916015625	-9.18216049e-05	-0.000100288209	-0.000152612833	-2.50214441e-10	0.000100288203	0	0	0	0	0	3
2350	581	0	0.91796875	-9.15760429e-05	-0.000100645927	-0.000152612833	-3.03543965e-10	0.000100645919	0	0	0	0	0	3
2355	582	0	0.919921875	-9.13554379e-05	-0.000101002783	-0.000152612833	-3.69647625e-10	0.000101002773	0	0	0	0	0	3
2360	582	0	0.921875	-9.11743012e-05	-0.000101358932	-0.000152612833	-4.51616257e-10	0.00010135892	0	0	0	0	0	3
2365	583	0	0.923828125	-9.1006519e-05	-0.000101714424	-0.000152612833	-5.54227139e-10	0.00010171441	0	0	0	0	0	3
2370	584	0	0.92578125	-9.08366675e-05	-0.000102069253	-0.000152612833	-6.83007997e-10	0.000102069235	0	0	0	0	0	3
2375	585	0	0.927734375	-9.06791298e-05	-0.000102423465	-0.000152612833	-8.4462716e-10	0.000102423444	0	0	0	0	0	3
2380	586	0	0.9296875	-9.05477715e-05	-0.000102777164	-0.000152612833	-1.04981548e-09	0.000102777138	0	0	0	0	0	3
2385	587	0	0.931640625	-9.04047034e-05	-0.000103130303	-0.000152612833	-1.31024446e-09	0.000103130272	0	0	0	0	0	3
2390	588	0	0.93359375	-9.0208225e-05	-0.000103482674	-0.000152612833	-1.63540242e-09	0.000103482635	0	0	0	0	0	3
2395	589	0	0.935546875	-8.99692458e-05	-0.00010383411	-0.000152612833	-2.04879701e-09	0.000103834063	0	0	0	0	0	3
2400	589	0	0.9375	-8.97612434e-05	-0.000104184732	-0.000152612833	-2.5849578e-09	0.000104184673	0	0	0	0	0	3
2405	591	0	0.939453125	-8.96294747e-05	-0.000104534837	-0.000152612833	-3.25023683e-09	0.000104534764	0	0	0	0	0	3
2410	592	0	0.94140625	-8.9491154e-05	-0.000104884399	-0.000152612833	-4.6349795e-09	0.000104884306	0	0	0	0	0	3
2415	593	0	0.943359375	-8.92868114e-05	-0.000105233158	-0.000152612833	-1.56129433e-08	0.000105232997	0	0	0	0	0	3
2420	594	0	0.9453125	-8.90516622e-05	-0.000105580955	-0.000152612833	-5.1632514e-08	0.00010558057	0	0	0	0	0	3
2425	595	0	0.947265625	-8.88827789e-05	-0.000105927951	-0.000152612833	-1.66569109e-07	0.000105926847	0	0	0	0	0	3
2430	596	0	0.94921875	-8.88358256e-05	-0.000106274316	-0.000152612833	-3.46995877e-07	0.000106271721	0	0	0	0	0	3
2435	597	0	0.951171875	-8.88694908e-05	-0.000106620107	-0.000152612833	-5.61887069e-07	0.000106615111	0	0	0	0	0	3
2440	597	0	0.953125	-8.89419845e-05	-0.000106965341	-0.000152612833	-7.94535925e-07	0.000106956972	0	0	0	0	0	3
2445	598	0	0.955078125	-8.90484442e-05	-0.000107310083	-0.000152612833	-9.95797549e-07	0.000107297512	0	0	0	0	0	3
2450	599	0	0.95703125	-8.91771837e-05	-0.000107654542	-0.000152612833	-1.22395102e-06	0.000107636838	0	0	0	0	0	3
2455	600	0	0.958984375	-8.92763829e-05	-0.000107998497	-0.000152612833	-1.64264954e-06	0.000107973936	0	0	0	0	0	3
2460	601	0	0.9609375	-8.93156782e-05	-0.000108340969	-0.000152612833	-2.48359582e-06	0.000108306077	0	0	0	0	0	3
2465	602	0	0.962890625	-8.93160214e-05	-0.000108680159	-0.000152612833	-3.79714401e-06	0.000108629524	0	0	0	0	0	3
2470	603	0	0.96484375	-8.93444258e-05	-0.000109014328	-0.000152612833	-5.25359872e-06	0.000108942014	0	0	0	0	0	3
2475	604	0	0.966796875	-8.94308129e-05	-0.000109343145	-0.000152612833	-6.70763506e-06	0.000109243299	0	0	0	0	0	3
2480	605	0	0.96875	-8.94944174e-05	-0.000109666531	-0.000152612833	-8.21457197e-06	0.000109533153	0	0	0	0	0	3
2485	605	0	0.970703125	-8.94838162e-05	-0.000109983989	-0.000152612833	-9.65596499e-06	0.000109811424	0	0	0	0	0	3
2490	606	0	0.97265625	-8.94225288e-05	-0.000110295577	-0.000152612833	-1.09510185e-05	0.000110078838	0	0	0	0	0	3
2495	607	0	0.974609375	-8.94324199e-05	-0.000110602145	-0.000152612833	-1.21630932e-05	0.000110336645	0	0	0	0	0	3
2500	608	0	0.9765625	-8.96339333e-05	-0.000110904765	-0.000152612833	-1.3453898e-05	0.000110585654	0	0	0	0	0	3
2505	610	0	0.978515625	-8.99029037e-05	-0.000111203394	-0.000152612833	-1.49997583e-05	0.000110824847	0	0	0	0	0	3
2510	611	0	0.98046875	-9.00850485e-05	-0.000111496696	-0.000152612833	-1.69529055e-05	0.000111051317	0	0	0	0	0	3
2515	612	0	0.982421875	-9.01788049e-05	-0.000111782735	-0.000152612833	-1.93679358e-05	0.000111261362	0	0	0	0	0	3
2520	613	0	0.984375	-9.02785961e-05	-0.00011205973	-0.000152612833	-2.21886776e-05	0.000111451687	0	0	0	0	0	3
2525	614	0	0.986328125	-9.05012532e-05	-0.000112326576	-0.000152612833	-2.52106549e-05	0.000111620515	0	0	0	0	0	3
2530	615	0	0.98828125	-9.08367327e-05	-0.000112582927	-0.000152612833	-2.81861131e-05	0.000111767819	0	0	0	0	0	3
2535	615	0	0.990234375	-9.12077805e-05	-0.000112829106	-0.000152612833	-3.10212289e-05	0.000111894605	0	0	0	0	0	3
2540	616	0	0.9921875	-9.15486867e-05	-0.000113065541	-0.000152612833	-3.38006136e-05	0.000112001647	0	0	0	0	0	3
2545	617	0	0.994140625	-9.18243587e-05	-0.000113292196	-0.000152612833	-3.66097979e-05	0.000112088906	0	0	0	0	0	3
2550	618	0	0.99609375	-9.20537991e-05	-0.000113508775	-0.000152612833	-3.92859958e-05	0.000112156724	0	0	0	0	0	3
2555	619	0	0.998046875	-9.22412508e-05	-0.000113715631	-0.000152612833	-4.18720193e-05	0.000110740814	0	0	0	0	0	3
2560	620	0	1	-9.24006395e-05	-0.000113913008	-0.000152612833	-4.4337807e-05	0.000108275026	2.02036406e-05	0	18.6	0	0	3
2565	621	0	1.00195312	-9.25784048e-05	-0.000114101448	-0.000152612833	-4.67670361e-05	0.000105845797	2.00809486e-05	0	18.9	0	0	3
2570	622	0	1.00390625	-9.27231688e-05	-0.000114280964	-0.000152612833	-4.92063278e-05	0.000103406505	1.99871694e-05	0	19.3	0	0	3
2575	623	0	1.00585938	-9.27733443e-05	-0.000114451148	-0.000152612833	-5.17426387e-05	0.000100870195	1.99202415e-05	0	19.7	0	0	3
2580	623	0	1.0078125	-9.27596993e-05	-0.000114611371	-0.000152612833	-5.42834031e-05	9.83294302e-05	1.98767788e-05	0	20.2	0	0	3
2585	624	0	1.00976562	-9.2778624e-05	-0.000114761743	-0.000152612833	-5.67961618e-05	9.58166714e-05	1.9851382e-05	0	20.7	0	0	3
2590	625	0	1.01171875	-9.29459292e-05	-0.000114902953	-0.000152612833	-5.95289108e-05	9.30839225e-05	1.98396337e-05	0	21.3	0	0	3
2595	626	0	1.01367188	-9.3237274e-05	-0.000115034626	-0.000152612833	-6.23355467e-05	9.02772866e-05	1.98380183e-05	0	21.9	0	0	3
2600	627	0	1.015625	-9.35569317e-05	-0.000115156585	-0.000152612833	-6.48866872e-05	8.7726146e-05	1.98434711e-05	0	22.6	0	0	3
2605	629	0	1.01757812	-9.39151376e-05	-0.000115269977	-0.000152612833	-6.71574022e-05	8.54554311e-05	1.98548705e-05	0	23.2	0	0	3
2610	630	0	1.01953125	-9.43463515e-05	-0.000115376184	-0.000152612833	-6.94819132e-05	8.313092e-05	1.98705423e-05	0	23.9	0	0	3
2615	631	0	1.02148438	-9.47708136e-05	-0.000115474969	-0.000152612833	-7.19594962e-05	8.06533371e-05	1.98865892e-05	0	24.6	0	0	3
2620	632	0	1.0234375	-9.51047241e-05	-0.00011556538	-0.000152612833	-7.44637039e-05	7.81491294e-05	1.99004362e-05	0	25.4	0	0	3
2625	633	0	1.02539062	-9.53428055e-05	-0.000115646939	-0.000152612833	-7.6834972e-05	7.57778613e-05	1.9910808e-05	0	26.2	0	0	3
2630	634	0	1.02734375	-9.55720649e-05	-0.000115720131	-0.000152612833	-7.91600638e-05	7.34527694e-05	1.9916978e-05	0	27.1	0	0	3
2635	635	0	1.02929688	-9.58767544e-05	-0.00011578543	-0.000152612833	-8.16929967e-05	7.09198365e-05	1.99181786e-05	0	28	0	0	3
2640	636	0	1.03125	-9.61603131e-05	-0.000115841943	-0.000152612833	-8.44577951e-05	6.81550382e-05	1.99139077e-05	0	29.2	0	0	3
2645	637	0	1.03320312	-9.63389536e-05	-0.000115888354	-0.000152612833	-8.71726452e-05	6.54401881e-05	1.99036435e-05	0	30.4	0	0	3
2650	637	0	1.03515625	-9.64424971e-05	-0.000115924564	-0.000152612833	-8.88358256e-05	6.37770077e-05	1.98869241e-05	0	31.1	0	0	3
2655	638	0	1.03710938	-9.65993093e-05	-0.000115951498	-0.000152612833	-8.88358256e-05	6.37770077e-05	1.98626605e-05	0	31.1	0	0	3
2660	639	0	1.0390625	-9.68823166e-05	-0.000115969786	-0.000152612833	-8.88358256e-05	6.37770077e-05	1.98298093e-05	0	31	0	0	3
2665	640	0	1.04101562	-9.7185885e-05	-0.000115979833	-0.000152612833	-8.88358256e-05	6.37770077e-05	1.97866714e-05	0	31	0	0	3
2670	641	0	1.04296875	-9.74316895e-05	-0.000115982046	-0.000152612833	-8.88358256e-05	6.37770077e-05	1.97304455e-05	0	30.9	0	0	3
2675	642	0	1.04492188	-9.76431192e-05	-0.000115976612	-0.000152612833	-8.88358256e-05	6.37770077e-05	1.98006221e-05	0	31	0	0	3
2680	643	0	1.046875	-9.7883232e-05	-0.00011596334	-0.000152612833	-8.88358256e-05	6.37770077e-05	1.97082363e-05	0	30.9	0	0	3
2685	644	0	1.04882812	-9.81780736e-05	-0.000115942376	-0.000152612833	-8.88358256e-05	6.37770077e-05	1.9593025e-05	0	30.7	0	0	3
2690	645	0	1.05078125	-9.84878849e-05	-0.000115914081	-0.000152612833	-8.88358256e-05	6.37770077e-05	1.94570907e-05	0	30.5	0	0	3
2695	646	0	1.05273438	-9.88537494e-05	-0.000115878578	-0.000152612833	-8.88358256e-05	6.37770077e-05	1.93048706e-05	0	30.2	0	0	3
2700	646	0	1.0546875	-9.93132673e-05	-0.000115836091	-0.000152612833	-8.88358256e-05	6.37770077e-05	1.91421791e-05	0	30	0	0	3
2705	649	0	1.05664062	-9.97508681e-05	-0.000115787161	-0.000152612833	-8.88358256e-05	6.37770077e-05	1.89753606e-05	0	29.7	0	0	3
2710	649	0	1.05859375	-0.000100076986	-0.000115732361	-0.000152612833	-8.88358256e-05	6.37770077e-05	1.88106584e-05	0	29.4	0	0	3
2715	650	0	1.06054688	-0.000100308205	-0.000115671163	-0.000152612833	-8.88358256e-05	6.37770077e-05	1.8653954e-05	0	29.2	0	0	3
2720	651	0	1.0625	-0.000100514585	-0.000115602507	-0.000152612833	-8.88358256e-05	6.37770077e-05	1.85096069e-05	0	29	0	0	3
2725	652	0	1.06445312	-0.000100757754	-0.0001155268	-0.000152612833	-8.88358256e-05	6.37770077e-05	1.83805462e-05	0	28.8	0	0	3
2730	653	0	1.06640625	-0.000101004619	-0.00011544522	-0.000152612833	-8.88358256e-05	6.37770077e-05	1.82681751e-05	0	28.6	0	0	3
2735	654	0	1.06835938	-0.000101168574	-0.000115358113	-0.000152612833	-8.88358256e-05	6.37770077e-05	1.81725071e-05	0	28.4	0	0	3
2740	655	0	1.0703125	-0.000101242764	-0.000115264154	-0.000152612833	-8.88358256e-05	6.37770077e-05	1.80922578e-05	0	28.3	0	0	3
2745	656	0	1.07226562	-0.000101299175	-0.000115162733	-0.000152612833	-8.88358256e-05	6.37770077e-05	1.80248558e-05	0	28.2	0	0	3
2750	657	0	1.07421875	-0.000101411497	-0.000115055331	-0.000152612833	-8.88358256e-05	6.37770077e-05	1.79669881e-05	0	28.1	0	0	3
2755	658	0	1.07617188	-0.000101653635	-0.000114943958	-0.000152612833	-8.88358256e-05	6.37770077e-05	1.79152335e-05	0	28	0	0	3
2760	659	0	1.078125	-0.00010200336	-0.000114829801	-0.000152612833	-8.88358256e-05	6.37770077e-05	1.78663666e-05	0	28	0	0	3
2765	659	0	1.08007812	-0.000102367384	-0.000114712892	-0.000152612833	-8.88358256e-05	6.37770077e-05	1.78174972e-05	0	27.9	0	0	3
2770	660	0	1.08203125	-0.000102711126	-0.000114593625	-0.000152612833	-8.88358256e-05	6.37770077e-05	1.7766112e-05	0	27.8	0	0	3
2775	661	0	1.08398438	-0.000103060355	-0.000114472628	-0.000152612833	-8.88358256e-05	6.37770077e-05	1.77104679e-05	0	27.7	0	0	3
2780	662	0	1.0859375	-0.00010341924	-0.000114349543	-0.000152612833	-8.88358256e-05	6.37770077e-05	1.76495151e-05	0	27.6	0	0	3
2785	663	0	1.08789062	-0.000103750091	-0.000114223136	-0.000152612833	-8.88358256e-05	6.37770077e-05	1.75837405e-05	0	27.5	0	0	3
2790	664	0	1.08984375	-0.000104017706	-0.000114093364	-0.000152612833	-8.88358256e-05	6.37770077e-05	1.75149758e-05	0	27.4	0	0	3
2795	665	0	1.09179688	-0.000104218913	-0.000113961177	-0.000152612833	-8.88358256e-05	6.37770077e-05	1.74450092e-05	0	27.3	0	0	3
2800	666	0	1.09375	-0.000104411662	-0.00011382783	-0.000152612833	-8.88358256e-05	6.37770077e-05	1.73749793e-05	0	27.2	0	0	3
2805	668	0	1.09570312	-0.000104634054	-0.000113694126	-0.000152612833	-8.88358256e-05	6.37770077e-05	1.7305224e-05	0	27.1	0	0	3
2810	669	0	1.09765625	-0.000104824695	-0.000113559838	-0.000152612833	-8.88358256e-05	6.37770077e-05	1.72353928e-05	0	27	0	0	3
2815	670	0	1.09960938	-0.000104917883	-0.000113424154	-0.000152612833	-8.88358256e-05	6.37770077e-05	1.7164697e-05	0	26.9	0	0	3
2820	671	0	1.1015625	-0.000104938071	-0.000113286326	-0.000152612833	-8.88358256e-05	6.37770077e-05	1.70921302e-05	0	26.7	0	0	3
2825	672	0	1.10351562	-0.000105012088	-0.000113146484	-0.000152612833	-8.88358256e-05	6.37770077e-05	1.70164478e-05	0	26.6	0	0	3
2830	672	0	1.10546875	-0.000105171683	-0.000113005027	-0.000152612833	-8.88358256e-05	6.37770077e-05	1.69363728e-05	0	26.5	0	0	3
2835	673	0	1.10742188	-0.000105277582	-0.000112861887	-0.000152612833	-8.88358256e-05	6.37770077e-05	1.68511768e-05	0	26.4	0	0	3
2840	674	0	1.109375	-0.000105266019	-0.000112716673	-0.000152612833	-8.88358256e-05	6.37770077e-05	1.48494827e-05	0	23.2	0	0	3
2845	675	0	1.11132812	-0.000105198673	-0.000112569175	-0.000152612833	-8.88358256e-05	6.37770077e-05	1.47444988e-05	0	23.1	0	0	3
2850	676	0	1.11328125	-0.000105247808	-0.000112420038	-0.000152612833	-8.88358256e-05	6.37770077e-05	1.46415927e-05	0	22.9	0	0	3
2855	677	0	1.11523438	-0.000105435064	-0.000112270292	-0.000152612833	-8.88358256e-05	6.37770077e-05	1.45522834e-05	0	22.8	0	0	3
2860	678	0	1.1171875	-0.000105570634	-0.000112120628	-0.000152612833	-8.88358256e-05	6.37770077e-05	1.44485058e-05	0	22.6	0	0	3
2865	679	0	1.11914062	-0.000105630213	-0.000111971875	-0.000152612833	-8.88358256e-05	6.37770077e-05	1.43315691e-05	0	22.4	0	0	3
2870	680	0	1.12109375	-0.000105691945	-0.000111824883	-0.000152612833	-8.88358256e-05	6.37770077e-05	1.42217463e-05	0	22.2	0	0	3
2875	681	0	1.12304688	-0.000105813948	-0.000111679717	-0.000152612833	-8.88358256e-05	6.37770077e-05	1.41242295e-05	0	22.1	0	0	3
2880	681	0	1.125	-0.000105936516	-0.000111534444	-0.000152612833	-8.88358256e-05	6.37770077e-05	1.40344795e-05	0	22	0	0	3
2885	682	0	1.12695312	-0.000105975825	-0.000111387435	-0.000152612833	-8.88358256e-05	6.37770077e-05	1.39480252e-05	0	21.8	0	0	3
2890	683	0	1.12890625	-0.000106084643	-0.000111239697	-0.000152612833	-8.88358256e-05	6.37770077e-05	1.3863348e-05	0	21.7	0	0	3
2895	684	0	1.13085938	-0.000106320489	-0.000111092511	-0.000152612833	-8.88358256e-05	6.37770077e-05	1.37799558e-05	0	21.6	0	0	3
2900	685	0	1.1328125	-0.000106470752	-0.000110944555	-0.000152612833	-8.88358256e-05	6.37770077e-05	1.36964635e-05	0	21.4	0	0	3
2905	687	0	1.13476562	-0.000106496364	-0.000110793252	-0.000152612833	-8.88358256e-05	6.37770077e-05	1.36112254e-05	0	21.3	0	0	3
2910	688	0	1.13671875	-0.000106561961	-0.00011063928	-0.000152612833	-8.88358256e-05	6.37770077e-05	1.35231557e-05	0	21.2	0	0	3
2915	689	0	1.13867188	-0.000106926628	-0.000110485469	-0.000152612833	-8.88358256e-05	6.37770077e-05	1.34313295e-05	0	21	0	0	3
2920	690	0	1.140625	-0.000107428425	-0.00011033301	-0.000152612833	-8.88358256e-05	6.37770077e-05	1.33350471e-05	0	20.9	0	0	3
2925	691	0	1.14257812	-0.00010786144	-0.000110180559	-0.000152612833	-8.88358256e-05	6.37770077e-05	1.32341129e-05	0	20.7	0	0	3
2930	692	0	1.14453125	-0.000108295842	-0.000110027359	-0.000152612833	-8.88358256e-05	6.37770077e-05	1.3128586e-05	0	20.5	0	0	3
2935	693	0	1.14648438	-0.000108890202	-0.000109875129	-0.000152612833	-8.88358256e-05	6.37770077e-05	1.30183324e-05	0	20.4	0	0	3
2940	693	0	1.1484375	-0.000109553888	-0.000109725522	-0.000152612833	-8.88358256e-05	6.37770077e-05	1.29033415e-05	0	20.2	0	0	3
2945	694	0	1.15039062	-0.000110095967	-0.000109578318	-0.000152612833	-8.88358256e-05	6.37770077e-05	1.27843007e-05	0	20	0	0	3
2950	695	0	1.15234375	-0.000110529373	-0.000109431636	-0.000152612833	-8.88358256e-05	6.37770077e-05	1.26623697e-05	0	19.8	0	0	3
2955	696	0	1.15429688	-0.000111121113	-0.000109285314	-0.000152612833	-8.88358256e-05	6.37770077e-05	1.25391253e-05	0	19.6	0	0	3
2960	697	0	1.15625	-0.000111980111	-0.000109141227	-0.000152612833	-8.88358256e-05	6.37770077e-05	1.24164141e-05	0	19.4	0	0	3
2965	698	0	1.15820312	-0.00011275845	-0.000108999826	-0.000152612833	-8.88358256e-05	6.37770077e-05	1.22964665e-05	0	19.2	0	0	3
2970	699	0	1.16015625	-0.000113323657	-0.000108860282	-0.000152612833	-8.88358256e-05	6.37770077e-05	1.21816231e-05	0	19.1	0	0	3
2975	700	0	1.16210938	-0.000113769923	-0.0001087216	-0.000152612833	-8.88358256e-05	6.37770077e-05	1.20738772e-05	0	18.9	0	0	3
2980	701	0	1.1640625	-0.000114389691	-0.000108584991	-0.000152612833	-8.88358256e-05	6.37770077e-05	1.19746973e-05	0	18.7	0	0	3
2985	702	0	1.16601562	-0.000115316546	-0.000108452764	-0.000152612833	-8.88358256e-05	6.37770077e-05	1.1885236e-05	0	18.6	0	0	3
2990	703	0	1.16796875	-0.000116176361	-0.000108324516	-0.000152612833	-8.88358256e-05	6.37770077e-05	1.18064476e-05	0	18.5	0	0	3
2995	704	0	1.16992188	-0.000116775171	-0.000108197158	-0.000152612833	-8.88358256e-05	6.37770077e-05	1.17391321e-05	0	18.4	0	0	3
3000	704	0	1.171875	-0.000117219934	-0.000108069159	-0.000152612833	-8.88358256e-05	6.37770077e-05	1.16838223e-05	0	18.3	0	0	3
3005	707	0	1.17382812	-0.000117825709	-0.000107941741	-0.000152612833	-8.88358256e-05	6.37770077e-05	1.16406251e-05	0	18.2	0	0	3
3010	707	0	1.17578125	-0.000118764313	-0.000107816586	-0.000152612833	-8.88358256e-05	6.37770077e-05	8.40807583e-06	0	13.1	0	0	3
3015	708	0	1.17773438	-0.000119648728	-0.000107692111	-0.000152612833	-8.88358256e-05	6.37770077e-05	8.36957837e-06	0	13.1	0	0	3
3020	709	0	1.1796875	-0.00012031796	-0.000107567267	-0.000152612833	-8.88358256e-05	6.37770077e-05	8.35388722e-06	0	13	0	0	3
3025	710	0	1.18164062	-0.000120890039	-0.00010744335	-0.000152573054	-8.88358256e-05	6.37372285e-05	8.34781646e-06	0	13	0	0	3
3030	711	0	1.18359375	-0.000121617917	-0.000107322431	-0.000152332151	-8.88358256e-05	6.34963257e-05	8.34841523e-06	0	13.1	0	0	3
3035	712	0	1.18554688	-0.000122467533	-0.000107205773	-0.000152002981	-8.88358256e-05	6.3167155e-05	8.35690071e-06	0	13.2	0	0	3
3040	713	0	1.1875	-0.00012319925	-0.000107093258	-0.000151586106	-8.88358256e-05	6.27502802e-05	8.36750236e-06	0	13.3	0	0	3
3045	714	0	1.18945312	-0.000123804337	-0.000106984735	-0.000151099185	-8.88358256e-05	6.22633596e-05	8.36986181e-06	0	13.4	0	0	3
3050	715	0	1.19140625	-0.000124432254	-0.000106880568	-0.000150582337	-8.88358256e-05	6.17465109e-05	8.3601963e-06	0	13.5	0	0	3
3055	716	0	1.19335938	-0.000125067734	-0.000106780901	-0.000150068561	-8.88358256e-05	6.12327355e-05	8.33551693e-06	0	13.6	0	0	3
3060	717	0	1.1953125	-0.000125575373	-0.000106685225	-0.000149649397	-8.88358256e-05	6.08135712e-05	8.29366043e-06	0	13.6	0	0	3
3065	717	0	1.19726562	-0.0001259762	-0.000106592751	-0.000149319904	-8.88358256e-05	6.04840779e-05	8.23198165e-06	0	13.6	0	0	3
3070	718	0	1.19921875	-0.000126467394	-0.000106503484	-0.000149012132	-8.88358256e-05	6.01763063e-05	8.15014272e-06	0	13.5	0	0	3
3075	719	0	1.20117188	-0.000127171369	-0.000106418168	-0.000148748395	-8.88358256e-05	5.99125696e-05	8.04980641e-06	0	13.4	0	0	3
3080	720	0	1.203125	-0.000127799883	-0.000106336338	-0.000148640115	-8.88358256e-05	5.98042896e-05	7.93566812e-06	0	13.2	0	0	3
3085	721	0	1.20507812	-0.000128194707	-0.000106256473	-0.000148531237	-8.88358256e-05	5.96954112e-05	4.578385e-06	0	7.6	0	0	3
3090	722	0	1.20703125	-0.000128453613	-0.000106178045	-0.000148231194	-8.88358256e-05	5.93953682e-05	4.578385e-06	0	7.7	0	0	3
3095	723	0	1.20898438	-0.000128914964	-0.000106102591	-0.000147836722	-8.88358256e-05	5.90008964e-05	4.578385e-06	0	7.7	0	0	3
3100	724	0	1.2109375	-0.000129649865	-0.000106031549	-0.000147637302	-8.88358256e-05	5.88014768e-05	4.578385e-06	0	7.7	0	0	3
3105	726	0	1.21289062	-0.000130246528	-0.000105963616	-0.000147442464	-8.88358256e-05	5.86066386e-05	4.578385e-06	0	7.8	0	0	3
3110	727	0	1.21484375	-0.00013062245	-0.000105897913	-0.000146893692	-8.88358256e-05	5.80578661e-05	4.578385e-06	0	7.8	0	0	3
3115	727	0	1.21679688	-0.00013096629	-0.000105835696	-0.000146006622	-8.88358256e-05	5.71707968e-05	4.578385e-06	0	8	0	0	3
3120	728	0	1.21875	-0.00013161038	-0.000105779461	-0.000144970985	-8.88358256e-05	5.61351592e-05	4.578385e-06	0	8.1	0	0	3
3125	729	0	1.22070312	-0.000132311925	-0.000105730012	-0.000144012683	-8.88358256e-05	5.51768572e-05	4.578385e-06	0	8.2	0	0	3
3130	730	0	1.22265625	-0.000132764066	-0.000105686072	-0.000143095301	-8.88358256e-05	5.42594758e-05	4.578385e-06	0	8.4	0	0	3
3135	731	0	1.22460938	-0.000133023483	-0.000105646729	-0.000142101302	-8.88358256e-05	5.32654769e-05	6.54969653e-06	0	12.2	0	0	3
3140	732	0	1.2265625	-0.000133395287	-0.000105612721	-0.000141104957	-8.88358256e-05	5.22691314e-05	6.45234428e-06	0	12.3	0	0	3
3145	733	0	1.22851562	-0.000134132959	-0.000105585486	-0.000140137546	-8.88358256e-05	5.13017205e-05	6.37170329e-06	0	12.4	0	0	3
3150	734	0	1.23046875	-0.000134786593	-0.000105564584	-0.000139176979	-8.88358256e-05	5.0341153e-05	6.31087178e-06	0	12.5	0	0	3
3155	735	0	1.23242188	-0.00013513128	-0.000105548781	-0.00013821118	-8.88358256e-05	4.93753548e-05	6.27035224e-06	0	12.6	0	0	3
3160	736	0	1.234375	-0.000135274223	-0.000105537308	-0.000137263295	-8.88358256e-05	4.84274695e-05	6.2507388e-06	0	12.9	0	0	3
3165	737	0	1.23632812	-0.00013561172	-0.000105530857	-0.000136413884	-8.88358256e-05	4.75780584e-05	6.25116304e-06	0	13.1	0	0	3
3170	737	0	1.23828125	-0.000136348692	-0.000105530602	-0.000136348692	-8.88358256e-05	4.75128663e-05	6.27189184e-06	0	13.2	0	0	3
3175	738	0	1.24023438	-0.000136958594	-0.000105535172	-0.000136958594	-8.88358256e-05	4.81227688e-05	4.578385e-06	0	9.5	0	0	3
3180	739	0	1.2421875	-0.000137285172	-0.00010554208	-0.000137285172	-8.88358256e-05	4.84493463e-05	4.578385e-06	0	9.4	0	0	3
3185	740	0	1.24414062	-0.000137465251	-0.000105550231	-0.000137465251	-8.88358256e-05	4.86294257e-05	4.578385e-06	0	9.4	0	0	3
3190	741	0	1.24609375	-0.000137838719	-0.000105560876	-0.000137838719	-8.88358256e-05	4.90028936e-05	4.578385e-06	0	9.3	0	0	3
3195	742	0	1.24804688	-0.000138420816	-0.000105575495	-0.000138420816	-8.88358256e-05	4.95849907e-05	4.578385e-06	0	9.2	0	0	3
3200	743	0	1.25	-0.000138893585	-0.00010559399	-0.000138893585	-8.88358256e-05	5.00431014e-05	4.578385e-06	0	9.1	0	0	3
3205	745	0	1.25195312	-0.000139207012	-0.000105615672	-0.000139207012	-8.88358256e-05	4.9523461e-05	4.578385e-06	0	9.2	0	0	3
3210	746	0	1.25390625	-0.000139515907	-0.000105641015	-0.000139515907	-8.88358256e-05	4.90073103e-05	4.578385e-06	0	9.3	0	0	3
3215	747	0	1.25585938	-0.000139960823	-0.000105671587	-0.000139960823	-8.88358256e-05	4.84956543e-05	4.578385e-06	0	9.4	0	0	3
3220	748	0	1.2578125	-0.000140366916	-0.000105708239	-0.000140366916	-8.88358256e-05	4.79889669e-05	4.578385e-06	0	9.5	0	0	3
3225	749	0	1.25976562	-0.000140639485	-0.000105750924	-0.000140639485	-8.88358256e-05	4.74871899e-05	4.578385e-06	0	9.6	0	0	3
3230	750	0	1.26171875	-0.000140835559	-0.000105799286	-0.000140835559	-8.88358256e-05	4.69899981e-05	4.578385e-06	0	9.7	0	0	3
3235	751	0	1.26367188	-0.000141127308	-0.000105853373	-0.000141127308	-8.88358256e-05	4.6497291e-05	4.578385e-06	0	9.8	0	0	3
3240	752	0	1.265625	-0.00014152087	-0.000105913482	-0.00014152087	-8.88358256e-05	4.60091293e-05	4.578385e-06	0	9.9	0	0	3
3245	753	0	1.26757812	-0.000141845708	-0.000105979405	-0.000141845708	-8.88358256e-05	4.55253912e-05	4.578385e-06	0	10	0	0	3
3250	754	0	1.26953125	-0.000142040546	-0.000106050513	-0.000142040546	-8.88358256e-05	4.50456363e-05	4.578385e-06	0	10.1	0	0	3
3255	754	0	1.27148438	-0.000142217115	-0.000106126293	-0.000142217115	-8.88358256e-05	4.4569459e-05	4.578385e-06	0	10.2	0	0	3
3260	755	0	1.2734375	-0.00014247464	-0.000106206658	-0.00014247464	-8.88358256e-05	4.40967105e-05	4.578385e-06	0	10.3	0	0	3
3265	756	0	1.27539062	-0.000142695249	-0.000106291313	-0.000142695249	-8.88358256e-05	4.36272873e-05	4.578385e-06	0	10.4	0	0	3
3270	757	0	1.27734375	-0.000142775603	-0.000106379606	-0.000142775603	-8.88358256e-05	4.3161167e-05	4.578385e-06	0	10.6	0	0	3
3275	758	0	1.27929688	-0.000142782379	-0.00010647123	-0.000142782379	-8.88358256e-05	4.26987821e-05	4.578385e-06	0	10.7	0	0	3
3280	759	0	1.28125	-0.000142892825	-0.00010656702	-0.000142892825	-8.88358256e-05	4.22407286e-05	4.578385e-06	0	10.8	0	0	3
3285	760	0	1.28320312	-0.000143117767	-0.00010666802	-0.000143117767	-8.88358256e-05	4.17873707e-05	4.578385e-06	0	10.9	0	0	3
3290	761	0	1.28515625	-0.000143313932	-0.000106774482	-0.000143313932	-8.88358256e-05	4.13388551e-05	4.578385e-06	0	11	0	0	3
3295	762	0	1.28710938	-0.000143425498	-0.000106886223	-0.000143425498	-8.88358256e-05	4.08952328e-05	4.578385e-06	0	11.1	0	0	3
3300	763	0	1.2890625	-0.000143518936	-0.000107003221	-0.000143518936	-8.88358256e-05	4.04566202e-05	4.578385e-06	0	11.3	0	0	3
3305	765	0	1.29101562	-0.000143669914	-0.000107125819	-0.000143669914	-8.88358256e-05	4.00232388e-05	4.578385e-06	0	11.4	0	0	3
3310	766	0	1.29296875	-0.000143861301	-0.000107254396	-0.000143861301	-8.88358256e-05	3.95952705e-05	4.578385e-06	0	11.5	0	0	3
3315	767	0	1.29492188	-0.000144023946	-0.000107389021	-0.000144023946	-8.88358256e-05	3.91727628e-05	4.578385e-06	0	11.6	0	0	3
3320	768	0	1.296875	-0.000144131746	-0.000107529528	-0.000144131746	-8.88358256e-05	3.8755485e-05	4.578385e-06	0	11.8	0	0	3
3325	769	0	1.29882812	-0.000144224229	-0.000107675626	-0.000144224229	-8.88358256e-05	3.83429246e-05	4.578385e-06	0	11.9	0	0	3
3330	770	0	1.30078125	-0.000144370066	-0.000107827012	-0.000144370066	-8.88358256e-05	3.79344439e-05	4.578385e-06	0	12	0	0	3
3335	770	0	1.30273438	-0.000144498858	-0.000107982979	-0.000144498858	-8.88358256e-05	3.75295541e-05	4.578385e-06	0	12.1	0	0	3
3340	771	0	1.3046875	-0.000144563953	-0.000108142793	-0.000144563953	-8.88358256e-05	3.71279021e-05	4.578385e-06	0	12.3	0	0	3
3345	772	0	1.30664062	-0.000144658665	-0.000108306213	-0.000144658665	-8.88358256e-05	3.67292745e-05	4.578385e-06	0	12.4	0	0	3
3350	773	0	1.30859375	-0.000144753688	-0.00010847303	-0.000144753688	-8.88358256e-05	3.63332787e-05	4.578385e-06	0	12.6	0	0	3
3355	774	0	1.31054688	-0.000144780497	-0.000108642583	-0.000144780497	-8.88358256e-05	3.59392664e-05	4.578385e-06	0	12.7	0	0	3
3360	775	0	1.3125	-0.000144755264	-0.000108814021	-0.000144780497	-8.88358256e-05	3.55466501e-05	4.578385e-06	0	12.8	0	0	3
3365	776	0	1.31445312	-0.000144709972	-0.000108986678	-0.000144780497	-8.88358256e-05	3.51550727e-05	4.578385e-06	0	13	0	0	3
3370	777	0	1.31640625	-0.000144724059	-0.000109160429	-0.000144780497	-8.88358256e-05	3.47643553e-05	4.578385e-06	0	13.1	0	0	3
3375	778	0	1.31835938	-0.000144831498	-0.00010933546	-0.000144831498	-8.88358256e-05	3.43744121e-05	4.578385e-06	0	13.3	0	0	3
3380	779	0	1.3203125	-0.000144963176	-0.000109511779	-0.000144963176	-8.88358256e-05	3.39850691e-05	4.578385e-06	0	13.4	0	0	3
3385	780	0	1.32226562	-0.000145074895	-0.000109689135	-0.000145074895	-8.88358256e-05	3.35960859e-05	4.578385e-06	0	13.6	0	0	3
3390	781	0	1.32421875	-0.000145164948	-0.000109867202	-0.000145164948	-8.88358256e-05	3.32074302e-05	4.578385e-06	0	13.7	0	0	3
3395	782	0	1.32617188	-0.000145235281	-0.000110045872	-0.000145235281	-8.88358256e-05	3.28193928e-05	4.578385e-06	0	13.9	0	0	3
3400	783	0	1.328125	-0.000145274096	-0.000110225311	-0.000145274096	-8.88358256e-05	3.24322042e-05	4.578385e-06	0	14.1	0	0	3
3405	785	0	1.33007812	-0.000145364993	-0.000110405955	-0.000145364993	-8.88358256e-05	3.20457429e-05	4.578385e-06	0	14.2	0	0	3
3410	786	0	1.33203125	-0.000145647429	-0.000110588429	-0.000145647429	-8.88358256e-05	3.16595492e-05	4.578385e-06	0	14.4	0	0	3
3415	787	0	1.33398438	-0.000145867618	-0.00011077203	-0.000145867618	-8.88358256e-05	3.12732715e-05	4.578385e-06	0	14.6	0	0	3
3420	788	0	1.3359375	-0.000145834121	-0.000110955417	-0.000145867618	-8.88358256e-05	3.08869615e-05	4.578385e-06	0	14.8	0	0	3
3425	789	0	1.33789062	-0.000145599473	-0.000111137855	-0.000145867618	-8.88358256e-05	3.05007464e-05	4.578385e-06	0	15	0	0	3
3430	789	0	1.33984375	-0.000145377328	-0.00011131952	-0.000145867618	-8.88358256e-05	3.01145573e-05	4.578385e-06	0	15.2	0	0	3
3435	790	0	1.34179688	-0.000145434419	-0.000111501434	-0.000145867618	-8.88358256e-05	2.97280672e-05	4.578385e-06	0	15.4	0	0	3
3440	791	0	1.34375	-0.000145542076	-0.000111683468	-0.000145867618	-8.88358256e-05	2.93408753e-05	4.578385e-06	0	15.6	0	0	3
3445	792	0	1.34570312	-0.000145410367	-0.000111864285	-0.000145867618	-8.88358256e-05	2.89527175e-05	4.578385e-06	0	15.8	0	0	3
3450	793	0	1.34765625	-0.000145038506	-0.000112042684	-0.000145867618	-8.88358256e-05	2.8563601e-05	4.578385e-06	0	16	0	0	3
3455	794	0	1.34960938	-0.000144700542	-0.000112218804	-0.000145867618	-8.88358256e-05	2.81738027e-05	4.578385e-06	0	16.2	0	0	3
3460	795	0	1.3515625	-0.000144778156	-0.000112394545	-0.000145867618	-8.88358256e-05	2.7783698e-05	4.578385e-06	0	16.4	0	0	3
3465	796	0	1.35351562	-0.000144920753	-0.000112570537	-0.000145867618	-8.88358256e-05	2.73934248e-05	4.578385e-06	0	16.7	0	0	3
3470	797	0	1.35546875	-0.000144795567	-0.000112745872	-0.000145867618	-8.88358256e-05	2.70028375e-05	4.578385e-06	0	16.9	0	0	3
3475	798	0	1.35742188	-0.000144429512	-0.000112919462	-0.000145867618	-8.88358256e-05	2.66119417e-05	4.578385e-06	0	17.2	0	0	3
3480	799	0	1.359375	-0.000144143933	-0.000113091629	-0.000145867618	-8.88358256e-05	2.62211131e-05	4.578385e-06	0	17.4	0	0	3
3485	800	0	1.36132812	-0.000144234442	-0.000113264216	-0.000145867618	-8.88358256e-05	2.58307121e-05	4.578385e-06	0	17.7	0	0	3
3490	801	0	1.36328125	-0.000144286865	-0.000113437435	-0.000145867618	-8.88358256e-05	2.54408846e-05	4.578385e-06	0	17.9	0	0	3
3495	802	0	1.36523438	-0.000144099224	-0.000113610496	-0.000145867618	-8.88358256e-05	2.505164e-05	4.578385e-06	0	18.2	0	0	3
3500	802	0	1.3671875	-0.000143728351	-0.00011378269	-0.000145867618	-8.88358256e-05	2.46630562e-05	4.578385e-06	0	18.5	0	0	3
3505	805	0	1.36914062	-0.000143494019	-0.00011395463	-0.000145867618	-8.88358256e-05	2.42753012e-05	4.578385e-06	0	18.8	0	0	3
3510	806	0	1.37109375	-0.00014355698	-0.000114127644	-0.000145867618	-8.88358256e-05	2.38884598e-05	4.578385e-06	0	19.1	0	0	3
3515	806	0	1.37304688	-0.000143505799	-0.000114301372	-0.000145867618	-8.88358256e-05	2.35025511e-05	4.578385e-06	0	19.4	0	0	3
3520	807	0	1.375	-0.000143225567	-0.000114474938	-0.000145867618	-8.88358256e-05	2.31176777e-05	4.578385e-06	0	19.8	0	0	3
3525	808	0	1.37695312	-0.00014282871	-0.00011464799	-0.000145867618	-8.88358256e-05	2.27339939e-05	4.578385e-06	0	20.1	0	0	3
3530	809	0	1.37890625	-0.00014254734	-0.000114821131	-0.000145867618	-8.88358256e-05	2.23515188e-05	4.578385e-06	0	20.4	0	0	3
3535	810	0	1.38085938	-0.000142437507	-0.000114995053	-0.000145867618	-8.88358256e-05	2.19700893e-05	4.578385e-06	0	20.8	0	0	3
3540	811	0	1.3828125	-0.00014226809	-0.000115169358	-0.000145867618	-8.88358256e-05	2.15897171e-05	4.578385e-06	0	21.2	0	0	3
3545	812	0	1.38476562	-0.000141995685	-0.000115343656	-0.000145867618	-8.88358256e-05	2.12106663e-05	4.578385e-06	0	21.5	0	0	3
3550	813	0	1.38671875	-0.0001417848	-0.000115518452	-0.000145867618	-8.88358256e-05	2.08331212e-05	4.578385e-06	0	21.9	0	0	3
3555	814	0	1.38867188	-0.00014183432	-0.000115694947	-0.000145867618	-8.88358256e-05	2.04569892e-05	4.578385e-06	0	22.3	0	0	3
3560	815	0	1.390625	-0.000141915086	-0.000115873171	-0.000145867618	-8.88358256e-05	2.00820192e-05	4.578385e-06	0	22.7	0	0	3
3565	816	0	1.39257812	-0.000141842423	-0.000116052273	-0.000145867618	-8.88358256e-05	1.97784642e-05	4.578385e-06	0	23.1	0	0	3
3570	817	0	1.39453125	-0.000141633572	-0.000116231747	-0.000145867618	-8.88358256e-05	1.95856159e-05	4.578385e-06	0	23.3	0	0	3
3575	818	0	1.39648438	-0.000141554228	-0.000116412371	-0.000145867618	-8.88358256e-05	1.93955306e-05	4.578385e-06	0	23.6	0	0	3
3580	819	0	1.3984375	-0.000141754182	-0.000116595389	-0.000145867618	-8.88358256e-05	1.92093482e-05	4.578385e-06	0	23.8	0	0	3
3585	820	0	1.40039062	-0.000141857243	-0.000116780318	-0.000145867618	-8.88358256e-05	1.90264539e-05	4.578385e-06	0	24	0	0	3
3590	821	0	1.40234375	-0.000141718583	-0.000116966083	-0.000145867618	-8.88358256e-05	1.88458711e-05	4.578385e-06	0	24.2	0	0	3
3595	821	0	1.40429688	-0.000141435621	-0.000117152218	-0.000145867618	-8.88358256e-05	1.86673196e-05	4.578385e-06	0	24.5	0	0	3
3600	822	0	1.40625	-0.000141244042	-0.000117339266	-0.000145867618	-8.88358256e-05	1.84913558e-05	4.578385e-06	0	24.7	0	0	3
3605	824	0	1.40820312	-0.00014122295	-0.000117527906	-0.000145867618	-8.88358256e-05	1.83184322e-05	4.578385e-06	0	24.9	0	0	3
3610	825	0	1.41015625	-0.000141126209	-0.000117717616	-0.000145867618	-8.88358256e-05	1.81476689e-05	4.578385e-06	0	25.2	0	0	3
3615	826	0	1.41210938	-0.000140860332	-0.000117907378	-0.000145867618	-8.88358256e-05	1.79778455e-05	4.578385e-06	0	25.4	0	0	3
3620	827	0	1.4140625	-0.00014052136	-0.000118096703	-0.000145867618	-8.88358256e-05	1.78084939e-05	4.578385e-06	0	25.7	0	0	3
3625	828	0	1.41601562	-0.000140322996	-0.000118286162	-0.000145867618	-8.88358256e-05	1.76402345e-05	4.578385e-06	0	25.9	0	0	3
3630	829	0	1.41796875	-0.000140234191	-0.000118476233	-0.000145867618	-8.88358256e-05	1.74734494e-05	4.578385e-06	0	26.2	0	0	3
3635	830	0	1.41992188	-0.000140058838	-0.00011866648	-0.000145867618	-8.88358256e-05	1.73075489e-05	4.578385e-06	0	26.4	0	0	3
3640	831	0	1.421875	-0.000139753191	-0.000118856242	-0.000145867618	-8.88358256e-05	1.71418178e-05	4.578385e-06	0	26.7	0	0	3
3645	832	0	1.42382812	-0.000139486011	-0.000119045615	-0.000145867618	-8.88358256e-05	1.69763622e-05	4.578385e-06	0	26.9	0	0	3
3650	833	0	1.42578125	-0.00013941713	-0.000119235382	-0.000145867618	-8.88358256e-05	1.6811917e-05	4.578385e-06	0	27.2	0	0	3
3655	834	0	1.42773438	-0.000139309917	-0.000119425346	-0.000145867618	-8.88358256e-05	1.6648182e-05	4.578385e-06	0	27.5	0	0	3
3660	835	0	1.4296875	-0.000139034223	-0.000119614746	-0.000145867618	-8.88358256e-05	1.6484443e-05	4.578385e-06	0	27.7	0	0	3
3665	835	0	1.43164062	-0.000138660676	-0.000119803246	-0.000145867618	-8.88358256e-05	1.63205721e-05	4.578385e-06	0	28	0	0	3
3670	836	0	1.43359375	-0.000138457808	-0.000119991721	-0.000145867618	-8.88358256e-05	1.61576111e-05	4.578385e-06	0	28.3	0	0	3
3675	837	0	1.43554688	-0.000138443987	-0.000120181076	-0.000145867618	-8.88358256e-05	1.59963437e-05	5.45045637e-06	0	34	0	0	3
3680	838	0	1.4375	-0.000138270065	-0.000120370563	-0.000145867618	-8.88358256e-05	1.58357262e-05	5.52561699e-06	0	34.8	0	0	3
3685	839	0	1.43945312	-0.000137870977	-0.000120559007	-0.000145867618	-8.88358256e-05	1.56746075e-05	5.59261748e-06	0	35.6	0	0	3
3690	840	0	1.44140625	-0.000137411049	-0.000120746194	-0.000145867618	-8.88358256e-05	1.5513036e-05	5.6558271e-06	0	36.4	0	0	3
3695	841	0	1.44335938	-0.000137165009	-0.000120933218	-0.000145867618	-8.88358256e-05	1.54026158e-05	5.72934246e-06	0	37.1	0	0	3
3700	842	0	1.4453125	-0.000137061492	-0.000121120756	-0.000145867618	-8.88358256e-05	1.55901542e-05	5.80783825e-06	0	37.2	0	0	3
3705	844	0	1.44726562	-0.000136819252	-0.000121308008	-0.000145867618	-8.88358256e-05	1.57774061e-05	5.87889261e-06	0	37.2	0	0	3
3710	845	0	1.44921875	-0.000136403873	-0.000121493821	-0.000145867618	-8.88694908e-05	1.59632188e-05	5.94055661e-06	0	37.2	0	0	3
3715	846	0	1.45117188	-0.000136006075	-0.000121677948	-0.000145867618	-8.89419845e-05	1.6147346e-05	5.99733656e-06	0	37.1	0	0	3
3720	847	0	1.453125	-0.000135909927	-0.000121861417	-0.000145867618	-8.90484442e-05	1.63308146e-05	6.05399845e-06	0	37	0	0	3
3725	848	0	1.45507812	-0.000135913187	-0.000122044482	-0.000145867618	-8.91771837e-05	1.651388e-05	6.11023789e-06	0	37	0	0	3
3730	849	0	1.45703125	-0.00013579455	-0.000122226581	-0.000145867618	-8.92763829e-05	1.66959791e-05	6.16503729e-06	0	36.9	0	0	3
3735	849	0	1.45898438	-0.000135570814	-0.000122407419	-0.000145867618	-8.93156782e-05	1.68768167e-05	6.21832271e-06	0	36.8	0	0	3
3740	850	0	1.4609375	-0.000135454932	-0.00012258765	-0.000145867618	-8.93160214e-05	1.70570481e-05	6.27119701e-06	0	36.7	0	0	3
3745	851	0	1.46289062	-0.00013550281	-0.000122768067	-0.000145867618	-8.93444258e-05	1.72374653e-05	6.32585262e-06	0	36.6	0	0	3
3750	852	0	1.46484375	-0.000135469595	-0.000122948244	-0.000145867618	-8.94225288e-05	1.74176417e-05	6.38440796e-06	0	36.6	0	0	3
3755	853	0	1.46679688	-0.000135312527	-0.000123127469	-0.000145867618	-8.94225288e-05	1.75968672e-05	6.44783776e-06	0	36.6	0	0	3
3760	854	0	1.46875	-0.000135193767	-0.000123305982	-0.000145867618	-8.94225288e-05	1.77753803e-05	6.51601089e-06	0	36.6	0	0	3
3765	855	0	1.47070312	-0.000135209554	-0.000123484599	-0.000145867618	-8.94225288e-05	1.79539964e-05	6.58822941e-06	0	36.6	0	0	3
3770	856	0	1.47265625	-0.000135147711	-0.000123663213	-0.000145867618	-8.94324199e-05	1.81326104e-05	6.66337597e-06	0	36.7	0	0	3
3775	857	0	1.47460938	-0.000134905365	-0.000123840841	-0.000145867618	-8.96339333e-05	1.83102391e-05	6.74008089e-06	0	36.8	0	0	3
3780	858	0	1.4765625	-0.000134594656	-0.000124016469	-0.000145867618	-8.99029037e-05	1.84858669e-05	4.578385e-06	0	24.7	0	0	3
3785	859	0	1.47851562	-0.000134487206	-0.000124190626	-0.000145867618	-9.00850485e-05	1.86600244e-05	4.578385e-06	0	24.5	0	0	3
3790	860	0	1.48046875	-0.000134514293	-0.000124364178	-0.000145867618	-9.01788049e-05	1.88335761e-05	4.578385e-06	0	24.3	0	0	3
3795	861	0	1.48242188	-0.00013437425	-0.000124536817	-0.000145867618	-9.02785961e-05	1.90062145e-05	4.578385e-06	0	24	0	0	3
3800	862	0	1.484375	-0.00013403511	-0.000124707741	-0.000145867618	-9.05012532e-05	1.91771384e-05	4.578385e-06	0	23.8	0	0	3
3805	863	0	1.48632812	-0.000133704108	-0.000124876502	-0.000145867618	-9.08367327e-05	1.93458996e-05	4.578385e-06	0	23.6	0	0	3
3810	864	0	1.48828125	-0.000133651404	-0.000125043746	-0.000145867618	-9.12077805e-05	1.95131444e-05	4.578385e-06	0	23.4	0	0	3
3815	865	0	1.49023438	-0.000133651129	-0.000125209541	-0.000145867618	-9.15486867e-05	1.96789387e-05	4.578385e-06	0	23.2	0	0	3
3820	866	0	1.4921875	-0.000133446473	-0.000125373204	-0.000145867618	-9.18243587e-05	1.9842602e-05	4.578385e-06	0	23	0	0	3
3825	867	0	1.49414062	-0.000133079516	-0.000125534357	-0.000145867618	-9.20537991e-05	2.00037549e-05	4.578385e-06	0	22.8	0	0	3
3830	868	0	1.49609375	-0.000132805406	-0.000125693543	-0.000145867618	-9.22412508e-05	2.01629409e-05	4.578385e-06	0	22.7	0	0	3
3835	869	0	1.49804688	-0.000132785299	-0.000125851918	-0.000145867618	-9.24006395e-05	2.03213161e-05	4.578385e-06	0	22.5	0	0	3
3840	870	0	1.5	-0.000132730067	-0.000126009455	-0.000145867618	-9.25784048e-05	2.04788529e-05	4.578385e-06	0	22.3	0	0	3
3845	871	0	1.50195312	-0.000132476227	-0.000126165306	-0.000145867618	-9.27231688e-05	2.06347038e-05	9.20403591e-06	0	44.6	0	0	3
3850	872	0	1.50390625	-0.000132103252	-0.000126319134	-0.000145867618	-9.27596993e-05	2.07885322e-05	9.21673266e-06	0	44.3	0	0	3
3855	873	0	1.50585938	-0.000131852387	-0.000126471787	-0.000145867618	-9.27596993e-05	2.09411847e-05	9.22432646e-06	0	44	0	0	3
3860	874	0	1.5078125	-0.000131780939	-0.000126624214	-0.000145867618	-9.2778624e-05	2.10936114e-05	9.22963814e-06	0	43.7	0	0	3
3865	875	0	1.50976562	-0.000131620429	-0.000126775939	-0.000145867618	-9.29459292e-05	2.12453372e-05	9.23631803e-06	0	43.4	0	0	3
3870	876	0	1.51171875	-0.000131289737	-0.00012692572	-0.000145867618	-9.3237274e-05	2.13951177e-05	9.24310943e-06	0	43.2	0	0	3
3875	877	0	1.51367188	-0.000130886104	-0.000127072786	-0.000145867618	-9.35569317e-05	2.15421835e-05	9.24472627e-06	0	42.9	0	0	3
3880	878	0	1.515625	-0.000130656268	-0.000127217705	-0.000145867618	-9.39151376e-05	2.16871028e-05	9.24679927e-06	0	42.6	0	0	3
3885	879	0	1.51757812	-0.000130618513	-0.000127361077	-0.000145867618	-9.43463515e-05	2.18304753e-05	9.25580442e-06	0	42.3	0	0	3
3890	880	0	1.51953125	-0.000130494451	-0.000127502281	-0.000145867618	-9.47708136e-05	2.19716788e-05	9.27480238e-06	0	42.2	0	0	3
3895	881	0	1.52148438	-0.000130216193	-0.000127640739	-0.000145867618	-9.51047241e-05	2.21101373e-05	9.30291192e-06	0	42	0	0	3
3900	882	0	1.5234375	-0.000129908784	-0.000127776693	-0.000145867618	-9.53428055e-05	2.22460907e-05	9.33965167e-06	0	41.9	0	0	3
3905	883	0	1.52539062	-0.000129826682	-0.000127911395	-0.000145867618	-9.55720649e-05	2.23807933e-05	9.38552287e-06	0	41.9	0	0	3
3910	884	0	1.52734375	-0.000129896031	-0.000128045473	-0.000145867618	-9.58767544e-05	2.25148713e-05	9.43983732e-06	0	41.9	0	0	3
3915	885	0	1.52929688	-0.00012984037	-0.000128178144	-0.000145867618	-9.61603131e-05	2.26475417e-05	9.50026337e-06	0	41.9	0	0	3
3920	886	0	1.53125	-0.000129624539	-0.000128308863	-0.000145867618	-9.63389536e-05	2.27782613e-05	9.56402907e-06	0	41.9	0	0	3
3925	887	0	1.53320312	-0.000129389251	-0.000128437966	-0.000145867618	-9.64424971e-05	2.29073641e-05	9.62891159e-06	0	42	0	0	3
3930	888	0	1.53515625	-0.000129330018	-0.000128566433	-0.000145867618	-9.65993093e-05	2.3035831e-05	9.69384556e-06	0	42	0	0	3
3935	889	0	1.53710938	-0.000129355196	-0.000128694386	-0.000145867618	-9.68823166e-05	2.31637836e-05	9.7591759e-06	0	42.1	0	0	3
3940	890	0	1.5390625	-0.000129266068	-0.000128820885	-0.000145867618	-9.7185885e-05	2.32902827e-05	9.82613451e-06	0	42.1	0	0	3
3945	891	0	1.54101562	-0.000129063635	-0.000128945407	-0.000145867618	-9.74316895e-05	2.34148051e-05	9.89605421e-06	0	42.2	0	0	3
3950	892	0	1.54296875	-0.000128862374	-0.000129068183	-0.000145867618	-9.76431192e-05	2.35375812e-05	9.96902748e-06	0	42.3	0	0	3
3955	893	0	1.54492188	-0.000128787454	-0.000129189841	-0.000145867618	-9.7883232e-05	2.36592388e-05	1.00437286e-05	0	42.4	0	0	3
3960	894	0	1.546875	-0.000128753481	-0.000129310428	-0.000145867618	-9.81780736e-05	2.37798257e-05	1.01182043e-05	0	42.5	0	0	3
3965	895	0	1.54882812	-0.000128611675	-0.000129429309	-0.000145867618	-9.84878849e-05	2.3898707e-05	1.0190372e-05	0	42.6	0	0	3
3970	896	0	1.55078125	-0.000128375328	-0.000129546057	-0.000145867618	-9.88537494e-05	2.40154548e-05	1.02581042e-05	0	42.7	0	0	3
3975	897	0	1.55273438	-0.000128173959	-0.000129660589	-0.000145867618	-9.93132673e-05	2.41299869e-05	1.03192677e-05	0	42.7	0	0	3
3980	898	0	1.5546875	-0.000128094716	-0.000129773016	-0.000145867618	-9.97508681e-05	2.42424144e-05	1.03718602e-05	0	42.7	0	0	3
3985	899	0	1.55664062	-0.000128020218	-0.000129883444	-0.000145867618	-0.000100076986	2.43528415e-05	1.04144252e-05	0	42.7	0	0	3
3990	900	0	1.55859375	-0.000127838011	-0.000129991885	-0.000145867618	-0.000100308205	2.4461283e-05	1.04456894e-05	0	42.7	0	0	3
3995	901	0	1.56054688	-0.000127590963	-0.000130098458	-0.000145867618	-0.000100514585	2.45678563e-05	1.04646039e-05	0	42.5	0	0	3
4000	902	0	1.5625	-0.000127415966	-0.000130203542	-0.000145867618	-0.000100757754	2.46729398e-05	1.04722585e-05	0	42.4	0	0	3
4005	904	0	1.56445312	-0.000127335207	-0.00013030736	-0.000145867618	-0.000101004619	2.4776758e-05	1.04697682e-05	0	42.2	0	0	3
4010	905	0	1.56640625	-0.000127216542	-0.00013040975	-0.000145867618	-0.000101168574	2.48791483e-05	1.21528633e-05	0	48.8	0	0	3
4015	906	0	1.56835938	-0.000127006379	-0.000130510679	-0.000145867618	-0.000101242764	2.49800773e-05	1.21400241e-05	0	48.5	0	0	3
4020	907	0	1.5703125	-0.000126793075	-0.000130610485	-0.000145867618	-0.000101299175	2.50798832e-05	1.21147644e-05	0	48.3	0	0	3
4025	908	0	1.57226562	-0.000126676769	-0.000130709616	-0.000145867618	-0.000101411497	2.51790144e-05	1.20832493e-05	0	47.9	0	0	3
4030	909	0	1.57421875	-0.000126578047	-0.000130807923	-0.000145867618	-0.000101653635	2.52773212e-05	1.20426748e-05	0	47.6	0	0	3
4035	910	0	1.57617188	-0.000126411462	-0.000130904634	-0.000145867618	-0.00010200336	2.53740315e-05	1.19924606e-05	0	47.2	0	0	3
4040	911	0	1.578125	-0.000126199053	-0.000130999148	-0.000145867618	-0.000102367384	2.54685459e-05	1.1942784e-05	0	46.8	0	0	3
4045	912	0	1.58007812	-0.00012602444	-0.000131091558	-0.000145867618	-0.000102711126	2.55609563e-05	1.18979697e-05	0	46.5	0	0	3
4050	913	0	1.58203125	-0.000125894927	-0.00013118212	-0.000145867618	-0.000103060355	2.5651518e-05	1.18620105e-05	0	46.2	0	0	3
4055	914	0	1.58398438	-0.000125744556	-0.00013127073	-0.000145867618	-0.00010341924	2.57401282e-05	1.18374336e-05	0	45.9	0	0	3
4060	915	0	1.5859375	-0.000125555329	-0.000131357199	-0.000145867618	-0.000103750091	2.58265973e-05	1.18256019e-05	0	45.7	0	0	3
4065	915	0	1.58789062	-0.000125397557	-0.00013144176	-0.000145867618	-0.000104017706	2.59111577e-05	1.182727e-05	0	45.6	0	0	3
4070	916	0	1.58984375	-0.000125297481	-0.000131524884	-0.000145867618	-0.000104218913	2.59942818e-05	1.1840561e-05	0	45.5	0	0	3
4075	917	0	1.59179688	-0.000125163408	-0.000131606698	-0.000145867618	-0.000104411662	2.60760962e-05	1.18638809e-05	0	45.4	0	0	3
4080	918	0	1.59375	-0.000124958348	-0.000131686959	-0.000145867618	-0.000104634054	2.61563567e-05	1.18968057e-05	0	45.4	0	0	3
4085	919	0	1.59570312	-0.000124733948	-0.000131765474	-0.000145867618	-0.000104824695	2.62348719e-05	1.19378127e-05	0	45.5	0	0	3
4090	920	0	1.59765625	-0.000124600793	-0.000131842724	-0.000145867618	-0.000104917883	2.63121223e-05	1.19813531e-05	0	45.5	0	0	3
4095	921	0	1.59960938	-0.000124583383	-0.000131919543	-0.000145867618	-0.000104938071	2.63889407e-05	1.2024648e-05	0	45.5	0	0	3
4100	922	0	1.6015625	-0.000124567801	-0.000131996221	-0.000145867618	-0.000105012088	2.64656193e-05	1.20676269e-05	0	45.5	0	0	3
4105	924	0	1.60351562	-0.000124478346	-0.000132072261	-0.000145867618	-0.000105171683	2.65416594e-05	1.21109464e-05	0	45.6	0	0	3
4110	925	0	1.60546875	-0.000124348917	-0.000132147173	-0.000145867618	-0.000105198673	2.66165704e-05	1.21550401e-05	0	45.6	0	0	3
4115	926	0	1.60742188	-0.000124263803	-0.000132221337	-0.000145867618	-0.000105198673	2.66907354e-05	1.22001277e-05	0	45.7	0	0	3
4120	927	0	1.609375	-0.000124232015	-0.000132295423	-0.000145867618	-0.000105198673	2.67648213e-05	1.2246403e-05	0	45.7	0	0	3
4125	928	0	1.61132812	-0.00012417891	-0.000132369565	-0.000145867618	-0.000105247808	2.68389628e-05	1.22935979e-05	0	45.8	0	0	3
4130	929	0	1.61328125	-0.000124075933	-0.000132443112	-0.000145867618	-0.000105435064	2.69125102e-05	1.23408393e-05	0	45.8	0	0	3
4135	930	0	1.61523438	-0.000123970459	-0.000132515516	-0.000145867618	-0.000105570634	2.69849141e-05	1.23867653e-05	0	45.9	0	0	3
4140	931	0	1.6171875	-0.000123898297	-0.000132587109	-0.000145867618	-0.000105630213	2.70565065e-05	1.24295051e-05	0	45.9	0	0	3
4145	932	0	1.61914062	-0.000123818985	-0.000132658159	-0.000145867618	-0.000105691945	2.71275564e-05	1.24665951e-05	0	45.9	0	0	3
4150	933	0	1.62109375	-0.000123685485	-0.000132728446	-0.000145867618	-0.000105813948	2.71978437e-05	1.2495476e-05	0	45.9	0	0	3
4155	934	0	1.62304688	-0.000123532623	-0.000132797659	-0.000145867618	-0.000105936516	2.72670573e-05	1.25131387e-05	0	45.8	0	0	3
4160	935	0	1.625	-0.000123443661	-0.000132866047	-0.000145867618	-0.000105975825	2.73354445e-05	1.25191167e-05	0	45.7	0	0	3
4165	936	0	1.62695312	-0.000123437409	-0.000132934256	-0.000145867618	-0.000106084643	2.74036539e-05	1.25143563e-05	0	45.6	0	0	3
4170	937	0	1.62890625	-0.000123401617	-0.0001330019	-0.000145867618	-0.000106320489	2.74712983e-05	1.25001937e-05	0	45.5	0	0	3
4175	938	0	1.63085938	-0.000123269955	-0.000133068109	-0.000145867618	-0.000106470752	2.75375071e-05	1.24765779e-05	0	45.3	0	0	3
4180	939	0	1.6328125	-0.000123092048	-0.000133133036	-0.000145867618	-0.000106496364	2.76024341e-05	1.36342629e-05	0	49.3	0	0	3
4185	940	0	1.63476562	-0.000123027173	-0.00013319761	-0.000145867618	-0.000106561961	2.76670076e-05	1.35905652e-05	0	49.1	0	0	3
4190	941	0	1.63671875	-0.00012308107	-0.000133262137	-0.000145867618	-0.000106926628	2.77315353e-05	1.35387232e-05	0	48.8	0	0	3
4195	942	0	1.63867188	-0.000123105651	-0.000133325337	-0.000145867618	-0.000107428425	2.77947346e-05	1.34717902e-05	0	48.4	0	0	3
4200	943	0	1.640625	-0.000123034069	-0.000133386296	-0.000145867618	-0.00010786144	2.78556942e-05	1.33944405e-05	0	48	0	0	3
4205	945	0	1.64257812	-0.000122929736	-0.000133445157	-0.000145867618	-0.000108295842	2.79145547e-05	1.33183782e-05	0	47.7	0	0	3
4210	946	0	1.64453125	-0.000122908813	-0.000133502239	-0.000145867618	-0.000108890202	2.79716366e-05	1.32446936e-05	0	47.3	0	0	3
4215	947	0	1.64648438	-0.000122924214	-0.000133557059	-0.000145867618	-0.000109553888	2.8026457e-05	1.31788269e-05	0	47	0	0	3
4220	948	0	1.6484375	-0.000122869277	-0.000133609072	-0.000145867618	-0.000110095967	2.80784702e-05	1.31242186e-05	0	46.7	0	0	3
4225	948	0	1.65039062	-0.000122729503	-0.000133658422	-0.000145867618	-0.000110529373	2.812782e-05	1.30815589e-05	0	46.5	0	0	3
4230	949	0	1.65234375	-0.000122617007	-0.000133705639	-0.000145867618	-0.000111121113	2.81750373e-05	1.30514323e-05	0	46.3	0	0	3
4235	950	0	1.65429688	-0.000122578126	-0.000133750393	-0.000145867618	-0.000111980111	2.82197913e-05	1.30341456e-05	0	46.1	0	0	3
4240	951	0	1.65625	-0.00012251831	-0.000133791558	-0.000145867618	-0.00011275845	2.82609561e-05	1.30283451e-05	0	46.1	0	0	3
4245	952	0	1.65820312	-0.00012238267	-0.000133829153	-0.000145867618	-0.000113323657	2.82985507e-05	1.30311378e-05	0	46	0	0	3
4250	953	0	1.66015625	-0.000122186755	-0.000133863774	-0.000145867618	-0.000113769923	2.83331722e-05	1.30394758e-05	0	46	0	0	3
4255	954	0	1.66210938	-0.000122067449	-0.000133896186	-0.000145867618	-0.000114389691	2.83655844e-05	1.30512542e-05	0	46	0	0	3
4260	955	0	1.6640625	-0.000122113874	-0.000133926359	-0.000145867618	-0.000115316546	2.8395757e-05	1.3065191e-05	0	46	0	0	3
4265	956	0	1.66601562	-0.000122194178	-0.000133953225	-0.000145867618	-0.000116176361	2.84226227e-05	1.30793048e-05	0	46	0	0	3
4270	957	0	1.66796875	-0.000122215123	-0.000133976814	-0.000145867618	-0.000116775171	2.84462116e-05	1.30923968e-05	0	46	0	0	3
4275	958	0	1.66992188	-0.000122171807	-0.000133997894	-0.000145867618	-0.000117219934	2.84672923e-05	1.31046646e-05	0	46	0	0	3
4280	959	0	1.671875	-0.000122161797	-0.000134017199	-0.000145867618	-0.000117825709	2.80419088e-05	1.31167958e-05	0	46.7	0	0	3
4285	960	0	1.67382812	-0.000122258683	-0.000134034515	-0.000145867618	-0.000118764313	2.71033051e-05	1.31294809e-05	0	48.4	0	0	3
4290	961	0	1.67578125	-0.000122356914	-0.000134048548	-0.000145867618	-0.000119648728	2.62188899e-05	1.31431003e-05	0	50.1	0	0	3
4295	962	0	1.67773438	-0.000122376842	-0.000134059205	-0.000145867618	-0.00012031796	2.55496578e-05	1.3157543e-05	0	51.4	0	0	3
4300	963	0	1.6796875	-0.000122338496	-0.000134067098	-0.000145867618	-0.000120890039	2.49775788e-05	1.31720517e-05	0	52.7	0	0	3
4305	965	0	1.68164062	-0.000122327415	-0.000134072713	-0.000145867618	-0.000121617917	2.42497014e-05	1.3185164e-05	0	54.3	0	0	3
4310	966	0	1.68359375	-0.000122392058	-0.000134075737	-0.000145867618	-0.000122067449	2.38001694e-05	1.31947991e-05	0	55.4	0	0	3
4315	967	0	1.68554688	-0.000122437946	-0.000134075621	-0.000145867618	-0.000122067449	2.38001694e-05	1.31988689e-05	0	55.4	0	0	3
4320	968	0	1.6875	-0.000122408316	-0.000134072531	-0.000145867618	-0.000122067449	2.38001694e-05	1.31961066e-05	0	55.4	0	0	3
4325	969	0	1.68945312	-0.000122333851	-0.000134066787	-0.000145867618	-0.000122067449	2.38001694e-05	1.31865238e-05	0	55.4	0	0	3
4330	970	0	1.69140625	-0.000122320943	-0.00013405854	-0.000145867618	-0.000122067449	2.38001694e-05	1.31696795e-05	0	55.3	0	0	3
4335	971	0	1.69335938	-0.000122404112	-0.000134048135	-0.000145867618	-0.000122067449	2.38001694e-05	1.31447121e-05	0	55.2	0	0	3
4340	972	0	1.6953125	-0.000122470134	-0.000134036005	-0.000145867618	-0.000122067449	2.38001694e-05	1.31103388e-05	0	55	0	0	3
4345	973	0	1.69726562	-0.000122473539	-0.000134022323	-0.000145867618	-0.000122067449	2.38001694e-05	1.34337398e-05	0	56.4	0	0	3
4350	974	0	1.69921875	-0.000122451013	-0.000134006634	-0.000145867618	-0.000122067449	2.38001694e-05	1.3376217e-05	0	56.2	0	0	3
4355	975	0	1.70117188	-0.000122486701	-0.000133988335	-0.000145867618	-0.000122067449	2.38001694e-05	1.33126603e-05	0	55.9	0	0	3
4360	976	0	1.703125	-0.000122594874	-0.000133968003	-0.000145867618	-0.000122067449	2.38001694e-05	1.32429716e-05	0	55.6	0	0	3
4365	977	0	1.70507812	-0.000122707491	-0.000133946568	-0.000145867618	-0.000122067449	2.38001694e-05	1.31696931e-05	0	55.3	0	0	3
4370	978	0	1.70703125	-0.000122784769	-0.000133924424	-0.000145867618	-0.000122067449	2.38001694e-05	1.30946956e-05	0	55	0	0	3
4375	979	0	1.70898438	-0.000122826906	-0.000133900643	-0.000145867618	-0.000122067449	2.38001694e-05	1.30210506e-05	0	54.7	0	0	3
4380	980	0	1.7109375	-0.00012283301	-0.000133874014	-0.000145867618	-0.000122067449	2.38001694e-05	1.29516913e-05	0	54.4	0	0	3
4385	981	0	1.71289062	-0.000122827975	-0.000133845036	-0.000145867618	-0.000122067449	2.38001694e-05	1.28893431e-05	0	54.1	0	0	3
4390	982	0	1.71484375	-0.000122873556	-0.000133814767	-0.000145867618	-0.000122067449	2.38001694e-05	1.28358022e-05	0	53.9	0	0	3
4395	983	0	1.71679688	-0.000122957809	-0.000133783483	-0.000145867618	-0.000122067449	2.38001694e-05	1.27916504e-05	0	53.7	0	0	3
4400	984	0	1.71875	-0.000123001657	-0.000133749856	-0.000145867618	-0.000122067449	2.38001694e-05	1.27566109e-05	0	53.5	0	0	3
4405	986	0	1.72070312	-0.000122964822	-0.000133713343	-0.000145867618	-0.000122067449	2.38001694e-05	1.27298885e-05	0	53.4	0	0	3
4410	987	0	1.72265625	-0.000122842396	-0.000133674587	-0.000145867618	-0.000122067449	2.38001694e-05	1.27099117e-05	0	53.4	0	0	3
4415	988	0	1.72460938	-0.000122725946	-0.000133634362	-0.000145867618	-0.000122067449	2.38001694e-05	1.26944765e-05	0	53.3	0	0	3
4420	989	0	1.7265625	-0.000122790839	-0.000133592939	-0.000145867618	-0.000122067449	2.38001694e-05	1.26813552e-05	0	53.2	0	0	3
4425	990	0	1.72851562	-0.000122951082	-0.000133549259	-0.000145867618	-0.000122067449	2.38001694e-05	1.26688097e-05	0	53.2	0	0	3
4430	991	0	1.73046875	-0.000123057392	-0.000133503442	-0.000145867618	-0.000122067449	2.38001694e-05	1.2655569e-05	0	53.1	0	0	3
4435	992	0	1.73242188	-0.000123084135	-0.000133456383	-0.000145867618	-0.000122067449	2.38001694e-05	1.26407817e-05	0	53.1	0	0	3
4440	992	0	1.734375	-0.000123141964	-0.000133408991	-0.000145867618	-0.000122067449	2.38001694e-05	1.26241289e-05	0	53	0	0	3
4445	993	0	1.73632812	-0.000123366203	-0.000133361157	-0.000145867618	-0.000122067449	2.38001694e-05	1.26058917e-05	0	52.9	0	0	3
4450	994	0	1.73828125	-0.000123607002	-0.000133311385	-0.000145867618	-0.000122067449	2.38001694e-05	1.25867669e-05	0	52.8	0	0	3
4455	995	0	1.74023438	-0.000123740996	-0.000133259754	-0.000145867618	-0.000122067449	2.38001694e-05	1.25675172e-05	0	52.8	0	0	3
4460	996	0	1.7421875	-0.000123786383	-0.000133207024	-0.000145867618	-0.000122067449	2.38001694e-05	1.25486147e-05	0	52.7	0	0	3
4465	997	0	1.74414062	-0.000123912117	-0.000133154082	-0.000145867618	-0.000122067449	2.38001694e-05	1.2530157e-05	0	52.6	0	0	3
4470	998	0	1.74609375	-0.000124167005	-0.000133100677	-0.000145867618	-0.000122067449	2.38001694e-05	1.25119189e-05	0	52.5	0	0	3
4475	999	0	1.74804688	-0.000124364111	-0.000133045768	-0.000145867618	-0.000122067449	2.38001694e-05	1.24933239e-05	0	52.4	0	0	3
4480	1000	0	1.75	-0.000124431601	-0.000132989276	-0.000145867618	-0.000122067449	2.38001694e-05	1.24734763e-05	0	52.4	0	0	3
4485	1001	0	1.75195312	-0.000124457283	-0.00013293166	-0.000145867618	-0.000122067449	2.38001694e-05	1.24513136e-05	0	52.3	0	0	3
4490	1002	0	1.75390625	-0.000124637558	-0.000132873541	-0.000145867618	-0.000122067449	2.38001694e-05	1.24258282e-05	0	52.2	0	0	3
4495	1003	0	1.75585938	-0.000124891566	-0.000132814677	-0.000145867618	-0.000122067449	2.38001694e-05	1.23961777e-05	0	52	0	0	3
4500	1004	0	1.7578125	-0.000125057344	-0.000132754874	-0.000145867618	-0.000122067449	2.38001694e-05	1.23616894e-05	0	51.9	0	0	3
4505	1007	0	1.75976562	-0.000125128052	-0.000132694283	-0.000145867618	-0.000122067449	2.38001694e-05	1.23221849e-05	0	51.7	0	0	3
4510	1008	0	1.76171875	-0.000125234022	-0.000132633339	-0.000145867618	-0.000122067449	2.38001694e-05	1.1791755e-05	0	49.5	0	0	3
4515	1009	0	1.76367188	-0.000125509953	-0.000132572334	-0.000145867618	-0.000122067449	2.38001694e-05	1.17392158e-05	0	49.3	0	0	3
4520	1010	0	1.765625	-0.000125795293	-0.000132510906	-0.000145867618	-0.000122067449	2.38001694e-05	1.16882994e-05	0	49.1	0	0	3
4525	1011	0	1.76757812	-0.000125980832	-0.000132448934	-0.000145867618	-0.000122067449	2.38001694e-05	1.1639487e-05	0	48.9	0	0	3
4530	1012	0	1.76953125	-0.00012612429	-0.000132386761	-0.000145867618	-0.000122067449	2.38001694e-05	1.15851965e-05	0	48.6	0	0	3
4535	1013	0	1.77148438	-0.000126358387	-0.000132324812	-0.000145867618	-0.000122067449	2.38001694e-05	1.15292368e-05	0	48.4	0	0	3
4540	1014	0	1.7734375	-0.000126655766	-0.00013226302	-0.000145867618	-0.000122067449	2.38001694e-05	1.14767668e-05	0	48.2	0	0	3
4545	1015	0	1.77539062	-0.00012688451	-0.000132201259	-0.000145867618	-0.000122067449	2.38001694e-05	1.14282187e-05	0	48	0	0	3
4550	1016	0	1.77734375	-0.000127031867	-0.00013213976	-0.000145867618	-0.000122067449	2.38001694e-05	1.13830578e-05	0	47.8	0	0	3
4555	1017	0	1.77929688	-0.000127183751	-0.000132078828	-0.000145867618	-0.000122067449	2.38001694e-05	1.13414455e-05	0	47.6	0	0	3
4560	1018	0	1.78125	-0.000127437842	-0.000132018457	-0.000145867618	-0.000122067449	2.38001694e-05	1.1303249e-05	0	47.4	0	0	3
4565	1019	0	1.78320312	-0.000127673393	-0.000131958128	-0.000145867618	-0.000122067449	2.38001694e-05	1.12679381e-05	0	47.3	0	0	3
4570	1020	0	1.78515625	-0.000127772996	-0.000131897421	-0.000145867618	-0.000122067449	2.38001694e-05	1.12350122e-05	0	47.2	0	0	3
4575	1021	0	1.78710938	-0.000127805972	-0.000131836407	-0.000145867618	-0.000122067449	2.38001694e-05	1.12040537e-05	0	47	0	0	3
4580	1022	0	1.7890625	-0.000127901116	-0.0001317754	-0.000145867618	-0.000122067449	2.38001694e-05	1.11742887e-05	0	46.9	0	0	3
4585	1023	0	1.79101562	-0.000128100093	-0.00013171458	-0.000145867618	-0.000122067449	2.38001694e-05	1.11444677e-05	0	46.8	0	0	3
4590	1024	0	1.79296875	-0.000128340817	-0.000131653953	-0.000145867618	-0.000122067449	2.38001694e-05	1.1113316e-05	0	46.6	0	0	3
4595	1025	0	1.79492188	-0.000128551016	-0.000131593512	-0.000145867618	-0.000122067449	2.38001694e-05	1.10796831e-05	0	46.5	0	0	3
4600	1026	0	1.796875	-0.000128760111	-0.000131533467	-0.000145867618	-0.000122067449	2.38001694e-05	1.10429209e-05	0	46.3	0	0	3
4605	1029	0	1.79882812	-0.000129003653	-0.000131474011	-0.000145867618	-0.000122067449	2.38001694e-05	1.10029662e-05	0	46.2	0	0	3
4610	1030	0	1.80078125	-0.00012926957	-0.000131415025	-0.000145867618	-0.000122067449	2.38001694e-05	1.09607785e-05	0	46	0	0	3
4615	1031	0	1.80273438	-0.000129522479	-0.000131356524	-0.000145867618	-0.000122067449	2.38001694e-05	1.09177832e-05	0	45.8	0	0	3
4620	1032	0	1.8046875	-0.000129784714	-0.000131298792	-0.000145867618	-0.000122067449	2.38001694e-05	1.08751969e-05	0	45.6	0	0	3
4625	1033	0	1.80664062	-0.000130092463	-0.000131241893	-0.000145867618	-0.000122067449	2.38001694e-05	1.08337642e-05	0	45.5	0	0	3
4630	1034	0	1.80859375	-0.000130372715	-0.000131185717	-0.000145867618	-0.000122067449	2.38001694e-05	1.0793772e-05	0	45.3	0	0	3
4635	1035	0	1.81054688	-0.000130588721	-0.000131130281	-0.000145867618	-0.000122067449	2.38001694e-05	1.07552373e-05	0	45.1	0	0	3
4640	1036	0	1.8125	-0.000130758448	-0.000131075606	-0.000145867618	-0.000122067449	2.38001694e-05	1.07180708e-05	0	45	0	0	3
4645	1037	0	1.81445312	-0.00013098303	-0.000131021985	-0.000145867618	-0.000122067449	2.38001694e-05	1.06822349e-05	0	44.8	0	0	3
4650	1038	0	1.81640625	-0.000131315791	-0.000130969609	-0.000145867618	-0.000122067449	2.38001694e-05	1.06478252e-05	0	44.7	0	0	3
4655	1039	0	1.81835938	-0.000131616247	-0.000130917987	-0.000145867618	-0.000122067449	2.38001694e-05	1.06150439e-05	0	44.6	0	0	3
4660	1040	0	1.8203125	-0.000131825363	-0.000130866667	-0.000145867618	-0.000122067449	2.38001694e-05	1.05842117e-05	0	44.4	0	0	3
4665	1041	0	1.82226562	-0.000131994002	-0.00013081557	-0.000145867618	-0.000122067449	2.38001694e-05	1.05556541e-05	0	44.3	0	0	3
4670	1042	0	1.82421875	-0.000132247429	-0.000130765111	-0.000145867618	-0.000122067449	2.38001694e-05	1.05296732e-05	0	44.2	0	0	3
4675	1043	0	1.82617188	-0.000132582803	-0.000130715687	-0.000145867618	-0.000122067449	2.38001694e-05	1.05064449e-05	0	44.1	0	0	3
4680	1044	0	1.828125	-0.000132852361	-0.000130667165	-0.000145867618	-0.000122067449	2.3669782e-05	9.42483546e-06	0	39.8	0	0	3
4685	1045	0	1.83007812	-0.000133039343	-0.000130619018	-0.000145867618	-0.000122067449	2.3487308e-05	9.40071218e-06	0	40	0	0	3
4690	1046	0	1.83203125	-0.000133241574	-0.000130570557	-0.000145867618	-0.000122067449	2.33037064e-05	9.38471642e-06	0	40.2	0	0	3
4695	1047	0	1.83398438	-0.000133573187	-0.000130522532	-0.000145834121	-0.000122067449	2.31203196e-05	9.36944277e-06	0	40.5	0	0	3
4700	1048	0	1.8359375	-0.000133920743	-0.000130475995	-0.000145599473	-0.000122067449	2.29378816e-05	9.35522706e-06	0	40.7	0	0	3
4705	1050	0	1.83789062	-0.00013418918	-0.000130431424	-0.000145542076	-0.000122067449	2.27562165e-05	9.34229948e-06	0	41	0	0	3
4710	1051	0	1.83984375	-0.000134423119	-0.000130388634	-0.000145542076	-0.000122067449	2.25743024e-05	9.32853956e-06	0	41.3	0	0	3
4715	1052	0	1.84179688	-0.000134689263	-0.000130346661	-0.000145542076	-0.000122067449	2.23922687e-05	9.31419609e-06	0	41.5	0	0	3
4720	1053	0	1.84375	-0.000134966091	-0.000130305348	-0.000145410367	-0.000122067449	2.22114514e-05	9.2992009e-06	0	41.8	0	0	3
4725	1054	0	1.84570312	-0.000135131512	-0.000130265197	-0.000145038506	-0.000122067449	2.20330526e-05	9.28255454e-06	0	42.1	0	0	3
4730	1055	0	1.84765625	-0.000135236048	-0.000130226906	-0.000144920753	-0.000122067449	2.18569325e-05	9.26211258e-06	0	42.3	0	0	3
4735	1056	0	1.84960938	-0.000135469535	-0.000130190847	-0.000144920753	-0.000122067449	2.16811912e-05	9.23665376e-06	0	42.6	0	0	3
4740	1057	0	1.8515625	-0.000135761058	-0.000130155624	-0.000144920753	-0.000122067449	2.15051992e-05	9.20605516e-06	0	42.8	0	0	3
4745	1058	0	1.85351562	-0.000135945544	-0.000130120565	-0.000144795567	-0.000122067449	2.13298648e-05	9.17088679e-06	0	42.9	0	0	3
4750	1059	0	1.85546875	-0.00013596921	-0.000130086087	-0.000144429512	-0.000122067449	2.11562742e-05	9.13206603e-06	0	43.1	0	0	3
4755	1060	0	1.85742188	-0.000136003394	-0.000130053172	-0.000144286865	-0.000122067449	2.09841078e-05	9.09053742e-06	0	43.3	0	0	3
4760	1061	0	1.859375	-0.000136323409	-0.000130022623	-0.000144286865	-0.000122067449	2.08115206e-05	9.04719025e-06	0	43.4	0	0	3
4765	1062	0	1.86132812	-0.000136670171	-0.000129993075	-0.000144286865	-0.000122067449	2.06383011e-05	9.00255224e-06	0	43.6	0	0	3
4770	1063	0	1.86328125	-0.000136816696	-0.000129963895	-0.000144099224	-0.000122067449	2.04652409e-05	8.95656303e-06	0	43.7	0	0	3
4775	1064	0	1.86523438	-0.000136808813	-0.000129935417	-0.000143728351	-0.000122067449	2.02930467e-05	8.90883447e-06	0	43.9	0	0	3
4780	1065	0	1.8671875	-0.000136930596	-0.000129908863	-0.00014355698	-0.000122067449	2.0121107e-05	8.85938085e-06	0	44	0	0	3
4785	1066	0	1.86914062	-0.000137355884	-0.000129884886	-0.00014355698	-0.000122067449	1.99480925e-05	8.80869057e-06	0	44.1	0	0	3
4790	1067	0	1.87109375	-0.000137704914	-0.000129862026	-0.000143505799	-0.000122067449	1.97743644e-05	8.75768466e-06	0	44.2	0	0	3
4795	1068	0	1.87304688	-0.000137812356	-0.000129839786	-0.000143225567	-0.000122067449	1.96007983e-05	8.70761061e-06	0	44.4	0	0	3
4800	1069	0	1.875	-0.000137788424	-0.000129818548	-0.00014282871	-0.000122067449	1.9427747e-05	8.65989115e-06	0	44.5	0	0	3
4805	1071	0	1.87695312	-0.0001379598	-0.000129799528	-0.00014254734	-0.000122067449	1.92546053e-05	8.61590287e-06	0	44.7	0	0	3
4810	1072	0	1.87890625	-0.000138407256	-0.000129783356	-0.000142437507	-0.000122067449	1.90806839e-05	8.57684124e-06	0	44.9	0	0	3
4815	1072	0	1.88085938	-0.00013872667	-0.000129768861	-0.00014226809	-0.000122067449	1.89063788e-05	8.5435832e-06	0	45.1	0	0	3
4820	1073	0	1.8828125	-0.000138813503	-0.000129755366	-0.000141995685	-0.000122067449	1.87320803e-05	8.51668604e-06	0	45.4	0	0	3
4825	1074	0	1.88476562	-0.000138784906	-0.000129742824	-0.000141915086	-0.000122067449	1.85572843e-05	4.578385e-06	0	24.6	0	0	3
4830	1075	0	1.88671875	-0.000138961769	-0.000129731797	-0.000141915086	-0.000122067449	1.83807891e-05	4.578385e-06	0	24.9	0	0	3
4835	1076	0	1.88867188	-0.000139358815	-0.000129722127	-0.000141915086	-0.000122067449	1.82025654e-05	4.578385e-06	0	25.1	0	0	3
4840	1077	0	1.890625	-0.000139613385	-0.000129713136	-0.000141857243	-0.000122067449	1.80234635e-05	4.578385e-06	0	25.4	0	0	3
4845	1078	0	1.89257812	-0.000139689036	-0.000129704724	-0.000141857243	-0.000122067449	1.78439892e-05	4.578385e-06	0	25.6	0	0	3
4850	1079	0	1.89453125	-0.0001397255	-0.000129697271	-0.000141857243	-0.000122067449	1.76633658e-05	4.578385e-06	0	25.9	0	0	3
4855	1080	0	1.89648438	-0.000139986028	-0.000129691145	-0.000141857243	-0.000122067449	1.74803474e-05	4.578385e-06	0	26.1	0	0	3
4860	1081	0	1.8984375	-0.000140324308	-0.000129685559	-0.000141857243	-0.000122067449	1.72954185e-05	4.578385e-06	0	26.4	0	0	3
4865	1082	0	1.90039062	-0.000140506394	-0.000129680283	-0.000141718583	-0.000122067449	1.71096537e-05	4.578385e-06	0	26.7	0	0	3
4870	1083	0	1.90234375	-0.000140559027	-0.000129675753	-0.000141435621	-0.000122067449	1.69235187e-05	4.578385e-06	0	27	0	0	3
4875	1084	0	1.90429688	-0.000140683809	-0.000129672816	-0.000141244042	-0.000122067449	1.6736471e-05	4.578385e-06	0	27.3	0	0	3
4880	1085	0	1.90625	-0.00014101339	-0.000129671915	-0.00014122295	-0.000122067449	1.65478307e-05	4.578385e-06	0	27.6	0	0	3
4885	1086	0	1.90820312	-0.000141286225	-0.000129672163	-0.000141286225	-0.000122067449	1.63581208e-05	4.578385e-06	0	27.9	0	0	3
4890	1087	0	1.91015625	-0.000141361361	-0.000129673081	-0.000141361361	-0.000122067449	1.6168359e-05	4.578385e-06	0	28.3	0	0	3
4895	1088	0	1.91210938	-0.0001413231	-0.000129674889	-0.000141361361	-0.000122067449	1.59790332e-05	4.578385e-06	0	28.6	0	0	3
4900	1089	0	1.9140625	-0.000141454128	-0.000129678532	-0.000141454128	-0.000122067449	1.57895747e-05	4.578385e-06	0	28.9	0	0	3
4905	1092	0	1.91601562	-0.000141801504	-0.000129684308	-0.000141801504	-0.000122067449	1.55995038e-05	4.578385e-06	0	29.3	0	0	3
4910	1093	0	1.91796875	-0.000142033047	-0.000129691335	-0.000142033047	-0.000122067449	1.54092561e-05	4.578385e-06	0	29.7	0	0	3
4915	1094	0	1.91992188	-0.000142023761	-0.00012969901	-0.000142033047	-0.000122067449	1.52194948e-05	4.578385e-06	0	30	0	0	3
4920	1095	0	1.921875	-0.000141937937	-0.000129707544	-0.000142033047	-0.000122067449	1.50301218e-05	4.578385e-06	0	30.4	0	0	3
4925	1096	0	1.92382812	-0.000142103175	-0.000129717768	-0.000142103175	-0.000122067449	1.48403544e-05	4.578385e-06	0	30.8	0	0	3
4930	1097	0	1.92578125	-0.00014241221	-0.000129729467	-0.00014241221	-0.000122067449	1.46503904e-05	4.578385e-06	0	31.2	0	0	3
4935	1098	0	1.92773438	-0.000142528292	-0.000129742039	-0.000142528292	-0.000122067449	1.44609902e-05	4.578385e-06	0	31.6	0	0	3
4940	1099	0	1.9296875	-0.000142413185	-0.000129755238	-0.000142528292	-0.000122067449	1.42724903e-05	4.578385e-06	0	32	0	0	3
4945	1100	0	1.93164062	-0.000142342661	-0.000129769621	-0.000142528292	-0.000122067449	1.40840153e-05	4.578385e-06	0	32.5	0	0	3
4950	1101	0	1.93359375	-0.000142565527	-0.000129785666	-0.000142565527	-0.000122067449	1.38946609e-05	4.578385e-06	0	32.9	0	0	3
4955	1102	0	1.93554688	-0.000142822653	-0.000129802771	-0.000142822653	-0.000122067449	1.37051733e-05	7.11299165e-06	0	51.9	0	0	3
4960	1103	0	1.9375	-0.000142858397	-0.000129820694	-0.000142858397	-0.000122067449	1.35167299e-05	7.07211362e-06	0	52.3	0	0	3
4965	1104	0	1.93945312	-0.000142727768	-0.000129839666	-0.000142858397	-0.000122067449	1.33295428e-05	7.03370004e-06	0	52.7	0	0	3
4970	1105	0	1.94140625	-0.000142724175	-0.00012986042	-0.000142858397	-0.000122067449	1.31425186e-05	6.99943707e-06	0	53.2	0	0	3
4975	1106	0	1.94335938	-0.000143008345	-0.000129883246	-0.000143008345	-0.000122067449	1.29549802e-05	6.97090018e-06	0	53.8	0	0	3
4980	1107	0	1.9453125	-0.000143253715	-0.000129907434	-0.000143253715	-0.000122067449	1.27677284e-05	6.94904472e-06	0	54.4	0	0	3
4985	1108	0	1.94726562	-0.000143267807	-0.000129932624	-0.000143267807	-0.000122067449	1.25819157e-05	6.93420862e-06	0	55.1	0	0	3
4990	1109	0	1.94921875	-0.000143143358	-0.00012995895	-0.000143267807	-0.000122067449	1.23977884e-05	6.9268716e-06	0	55.8	0	0	3
4995	1110	0	1.95117188	-0.0001431803	-0.000129986974	-0.000143267807	-0.000122067449	1.22143199e-05	6.92780756e-06	0	56.7	0	0	3
5000	1111	0	1.953125	-0.000143447208	-0.000130016417	-0.000143447208	-0.000122067449	1.20312545e-05	6.93747936e-06	0	57.6	0	0	3
5005	1113	0	1.95507812	-0.000143615278	-0.000130046503	-0.000143615278	-0.000122067449	1.18491554e-05	6.95668168e-06	0	58.7	0	0	3
5010	1114	0	1.95703125	-0.000143563883	-0.000130076852	-0.000143615278	-0.000122067449	1.16683178e-05	6.98588873e-06	0	59.8	0	0	3
5015	1115	0	1.95898438	-0.000143454085	-0.000130107646	-0.000143615278	-0.000122067449	1.14880863e-05	6.1838562e-06	0	53.8	0	0	3
5020	1116	0	1.9609375	-0.00014358737	-0.000130139413	-0.000143615278	-0.000122067449	1.13076692e-05	6.22658817e-06	0	55	0	0	3
5025	1117	0	1.96289062	-0.000143832065	-0.000130171949	-0.000143832065	-0.000122067449	1.11274927e-05	6.26767451e-06	0	56.3	0	0	3
5030	1118	0	1.96484375	-0.000143892442	-0.000130204851	-0.000143892442	-0.000122067449	1.09482673e-05	6.31703849e-06	0	57.6	0	0	3
5035	1119	0	1.96679688	-0.000143758473	-0.000130237843	-0.000143892442	-0.000122067449	1.07697542e-05	6.37769645e-06	0	59.2	0	0	3
5040	1120	0	1.96875	-0.000143641634	-0.000130270843	-0.000143892442	-0.000122067449	1.0591138e-05	6.43324693e-06	0	60.7	0	0	3
5045	1121	0	1.97070312	-0.000143821412	-0.000130304483	-0.000143892442	-0.000122067449	1.04125241e-05	6.47834521e-06	0	62.2	0	0	3
5050	1122	0	1.97265625	-0.000144085666	-0.000130339396	-0.000144085666	-0.000122067449	1.02348954e-05	6.51326918e-06	0	63.6	0	0	3
5055	1123	0	1.97460938	-0.000144164985	-0.000130375567	-0.000144164985	-0.000122067449	1.00592675e-05	6.54000135e-06	0	65	0	0	3
5060	1124	0	1.9765625	-0.000144097359	-0.000130412687	-0.000144164985	-0.000122067449	9.88511011e-06	6.55912247e-06	0	66.3	0	0	3
5065	1125	0	1.97851562	-0.000144037787	-0.000130449994	-0.000144164985	-0.000122067449	9.71155838e-06	6.56878163e-06	0	67.6	0	0	3
5070	1126	0	1.98046875	-0.000144189983	-0.000130487789	-0.000144189983	-0.000122067449	9.53891992e-06	6.56933598e-06	0	68.8	0	0	3
5075	1127	0	1.98242188	-0.000144398929	-0.000130526948	-0.000144398929	-0.000122067449	9.36799603e-06	6.56327922e-06	0	70	0	0	3
5080	1128	0	1.984375	-0.000144464771	-0.000130567689	-0.000144464771	-0.000122067449	9.19923488e-06	6.5521343e-06	0	71.2	0	0	3
5085	1129	0	1.98632812	-0.000144442304	-0.000130609635	-0.000144464771	-0.000122067449	9.03199007e-06	6.53690736e-06	0	72.3	0	0	3
5090	1130	0	1.98828125	-0.0001444457	-0.0001306518	-0.000144464771	-0.000122067449	8.86619574e-06	6.51973287e-06	0	73.5	0	0	3
5095	1131	0	1.99023438	-0.000144513648	-0.000130694232	-0.000144513648	-0.000122067449	8.70253251e-06	6.50239619e-06	0	74.7	0	0	3
5100	1132	0	1.9921875	-0.000144531555	-0.000130737533	-0.000144531555	-0.000122067449	8.54137955e-06	6.48571317e-06	0	75.9	0	0	3
5105	1134	0	1.99414062	-0.000144478901	-0.000130782062	-0.000144531555	-0.000122067449	8.38219359e-06	6.46962554e-06	0	77.1	0	0	3
5110	1135	0	1.99609375	-0.000144441836	-0.000130827517	-0.000144531555	-0.000122067449	8.2238184e-06	6.45332811e-06	0	78.4	0	0	3
5115	1136	0	1.99804688	-0.000144457845	-0.000130873113	-0.000144531555	-0.000122067449	8.06628157e-06	6.43603664e-06	0	79.7	0	0	3
5120	1137	0	2	-0.00014443687	-0.000130918843	-0.000144531555	-0.000122067449	7.9104307e-06	6.41787163e-06	0	81.1	0	0	3
5125	1138	0	2.00195312	-0.000144357986	-0.000130965256	-0.000144531555	-0.000122067449	7.75660225e-06	6.39988555e-06	0	82.5	0	0	3
5130	1139	0	2.00390625	-0.000144319462	-0.000131012975	-0.000144531555	-0.000122067449	7.60394975e-06	6.38350525e-06	0	83.9	0	0	3
5135	1140	0	2.00585938	-0.000144374859	-0.000131061891	-0.000144531555	-0.000122067449	7.45152303e-06	6.36993322e-06	0	85.4	0	0	3
5140	1141	0	2.0078125	-0.000144448495	-0.000131111374	-0.000144531555	-0.000122067449	7.29979723e-06	6.36000347e-06	0	87.1	0	0	3
5145	1142	0	2.00976562	-0.000144386986	-0.000131161243	-0.000144531555	-0.000122067449	7.15001673e-06	6.3544696e-06	0	88.8	0	0	3
5150	1143	0	2.01171875	-0.000144275491	-0.000131211969	-0.000144531555	-0.000122067449	7.00295099e-06	6.35418282e-06	0	90.7	0	0	3
5155	1144	0	2.01367188	-0.000144286181	-0.000131264313	-0.000144531555	-0.000122067449	6.8580317e-06	6.35999651e-06	0	92.7	0	0	3
5160	1145	0	2.015625	-0.000144395977	-0.000131317984	-0.000144531555	-0.000122067449	6.71465915e-06	6.37359495e-06	0	94.9	0	0	3
5165	1146	0	2.01757812	-0.000144412747	-0.000131371867	-0.000144531555	-0.000122067449	6.57345563e-06	6.39631591e-06	0	97.3	0	0	3
5170	1147	0	2.01953125	-0.000144248108	-0.000131425592	-0.000144531555	-0.000122067449	6.43499712e-06	6.42792527e-06	0	99.8	0	0	3
5175	1148	0	2.02148438	-0.000144100691	-0.000131479829	-0.000144531555	-0.000122067449	6.29904376e-06	6.465887e-06	0	100	0	0	3
5180	1149	0	2.0234375	-0.000144188901	-0.00013153561	-0.000144531555	-0.000122067449	6.16434111e-06	6.22710694e-06	0	100	0	0	3
5185	1150	0	2.02539062	-0.000144305102	-0.000131592167	-0.000144531555	-0.000122067449	6.03026312e-06	6.27355354e-06	0	100	0	0	3
5190	1151	0	2.02734375	-0.00014424614	-0.000131648222	-0.000144531555	-0.000122067449	5.89759275e-06	6.32190219e-06	0	100	0	0	3
5195	1152	0	2.02929688	-0.000144000155	-0.000131703534	-0.000144531555	-0.000122067449	5.76687312e-06	6.37363186e-06	0	100	0	0	3
5200	1153	0	2.03125	-0.000143852107	-0.00013175911	-0.000144531555	-0.000122067449	5.63777039e-06	6.42619579e-06	0	100	0	0	3
5205	1156	0	2.03320312	-0.000143944667	-0.000131815967	-0.000144531555	-0.000122067449	5.50930351e-06	6.47713758e-06	0	100	0	0	3
5210	1157	0	2.03515625	-0.000144017651	-0.000131873341	-0.000144531555	-0.000122067449	5.38135083e-06	6.52454283e-06	0	100	0	0	3
5215	1158	0	2.03710938	-0.000143914516	-0.000131930213	-0.000144531555	-0.000122067449	5.2548518e-06	6.56652015e-06	0	100	0	0	3
5220	1159	0	2.0390625	-0.000143734202	-0.000131986729	-0.000144531555	-0.000122067449	5.13032934e-06	6.60195913e-06	0	100	0	0	3
5225	1160	0	2.04101562	-0.000143773072	-0.000132044188	-0.000144531555	-0.000122067449	5.00755323e-06	6.62991406e-06	0	100	0	0	3
5230	1161	0	2.04296875	-0.000143924727	-0.000132103025	-0.000144531555	-0.000122067449	4.88589567e-06	6.65075035e-06	0	100	0	0	3
5235	1162	0	2.04492188	-0.000143963911	-0.000132162308	-0.000144531555	-0.000122067449	4.76530876e-06	6.66570204e-06	0	100	0	0	3
5240	1163	0	2.046875	-0.000143837662	-0.000132221231	-0.000144531555	-0.000122067449	4.6464275e-06	6.67600622e-06	0	100	0	0	3
5245	1164	0	2.04882812	-0.00014378916	-0.000132280518	-0.000144531555	-0.000122067449	4.52967968e-06	6.68298162e-06	0	100	0	0	3
5250	1165	0	2.05078125	-0.000143912727	-0.000132341211	-0.000144531555	-0.000122067449	4.41514761e-06	6.68795946e-06	0	100	0	0	3
5255	1166	0	2.05273438	-0.000143973342	-0.000132402927	-0.000144531555	-0.000122067449	4.40382118e-06	6.6923351e-06	0	100	0	0	3
5260	1167	0	2.0546875	-0.000143872442	-0.000132464559	-0.000144531555	-0.000122067449	4.40382118e-06	6.69749435e-06	0	100	0	0	3
5265	1168	0	2.05664062	-0.000143729404	-0.000132525923	-0.000144531555	-0.000122067449	4.40382118e-06	6.70434222e-06	0	100	0	0	3
5270	1169	0	2.05859375	-0.000143767587	-0.000132588148	-0.000144531555	-0.000122067449	4.40382118e-06	6.71307059e-06	0	100	0	0	3
5275	1170	0	2.06054688	-0.000143856556	-0.000132651685	-0.000144531555	-0.000122067449	4.40382118e-06	6.72327529e-06	0	100	0	0	3
5280	1171	0	2.0625	-0.000143733529	-0.000132715426	-0.000144531555	-0.000122067449	4.40382118e-06	6.73385846e-06	0	100	0	0	3
5285	1172	0	2.06445312	-0.000143461603	-0.00013277842	-0.000144531555	-0.000122067449	4.40382118e-06	6.74392633e-06	0	100	0	0	3
5290	1173	0	2.06640625	-0.000143329046	-0.000132841359	-0.000144531555	-0.000122067449	4.40382118e-06	6.7529829e-06	0	100	0	0	3
5295	1174	0	2.06835938	-0.000143433244	-0.000132905526	-0.000144531555	-0.000122067449	4.40382118e-06	6.76109336e-06	0	100	0	0	3
5300	1175	0	2.0703125	-0.000143476963	-0.000132970698	-0.000144531555	-0.000122067449	4.40382118e-06	6.76892354e-06	0	100	0	0	3
5305	1177	0	2.07226562	-0.000143301072	-0.000133035637	-0.000144531555	-0.000122067449	4.40382118e-06	6.77746876e-06	0	100	0	0	3
5310	1178	0	2.07421875	-0.000143060252	-0.00013310002	-0.000144531555	-0.000122067449	4.40382118e-06	6.7878088e-06	0	100	0	0	3
5315	1179	0	2.07617188	-0.000143032033	-0.000133164944	-0.000144531555	-0.000122067449	4.40382118e-06	6.80104137e-06	0	100	0	0	3
5320	1180	0	2.078125	-0.000143190973	-0.000133231319	-0.000144531555	-0.000122067449	4.40382118e-06	6.81798836e-06	0	100	0	0	3
5325	1181	0	2.08007812	-0.000143190767	-0.000133298375	-0.000144531555	-0.000122067449	4.40382118e-06	6.83893267e-06	0	100	0	0	3
5330	1182	0	2.08203125	-0.000142955602	-0.000133365018	-0.000144531555	-0.000122067449	4.40382118e-06	6.86313099e-06	0	100	0	0	3
5335	1184	0	2.08398438	-0.000142729021	-0.000133431364	-0.000144531555	-0.000122067449	4.40382118e-06	6.88987735e-06	0	100	0	0	3
5340	1185	0	2.0859375	-0.000142804009	-0.000133498741	-0.000144531555	-0.000122067449	4.40382118e-06	6.91848813e-06	0	100	0	0	3
5345	1186	0	2.08789062	-0.000142931646	-0.000133567234	-0.000144531555	-0.000122067449	4.40382118e-06	4.578385e-06	0	100	0	0	3
5350	1187	0	2.08984375	-0.00014281911	-0.000133635678	-0.000144531555	-0.000122067449	4.40382118e-06	4.578385e-06	0	100	0	0	3
5355	1188	0	2.09179688	-0.000142519807	-0.000133703476	-0.000144531555	-0.000122067449	4.40382118e-06	4.578385e-06	0	100	0	0	3
5360	1189	0	2.09375	-0.000142307101	-0.000133771245	-0.000144531555	-0.000122067449	4.40382118e-06	4.578385e-06	0	100	0	0	3
5365	1190	0	2.09570312	-0.000142388892	-0.000133840209	-0.000144531555	-0.000122067449	4.40382118e-06	4.578385e-06	0	100	0	0	3
5370	1191	0	2.09765625	-0.000142458921	-0.000133909968	-0.000144531555	-0.000122067449	4.40382118e-06	4.578385e-06	0	100	0	0	3
5375	1192	0	2.09960938	-0.000142307928	-0.000133979204	-0.000144531555	-0.000122067449	4.40382118e-06	4.578385e-06	0	100	0	0	3
5380	1193	0	2.1015625	-0.000142027825	-0.000134047407	-0.000144531555	-0.000122067449	4.40382118e-06	4.578385e-06	0	100	0	0	3
5385	1194	0	2.10351562	-0.000141904359	-0.000134115478	-0.000144531555	-0.000122067449	4.44356247e-06	4.578385e-06	0	100	0	0	3
5390	1195	0	2.10546875	-0.000142060762	-0.000134184665	-0.000144531555	-0.000122067449	4.51274937e-06	4.578385e-06	0	100	0	0	3
5395	1196	0	2.10742188	-0.000142141394	-0.000134254499	-0.000144531555	-0.000122067449	4.58258371e-06	4.578385e-06	0	99.9	0	0	3
5400	1197	0	2.109375	-0.000142011529	-0.00013432395	-0.000144531555	-0.000122067449	4.65203494e-06	4.578385e-06	0	98.4	0	0	3
5405	1199	0	2.11132812	-0.000141783128	-0.000134392717	-0.000144531555	-0.000122067449	4.72080141e-06	4.578385e-06	0	96.9	0	0	3
5410	1200	0	2.11328125	-0.000141796995	-0.00013446194	-0.000144531555	-0.000122067449	4.79002431e-06	4.578385e-06	0	95.5	0	0	3
5415	1201	0	2.11523438	-0.000142003788	-0.000134532382	-0.000144531555	-0.000122067449	4.860467e-06	4.578385e-06	0	94.1	0	0	3
5420	1202	0	2.1171875	-0.000142051945	-0.000134603295	-0.000144531555	-0.000122067449	4.93137968e-06	4.578385e-06	0	92.8	0	0	3
5425	1203	0	2.11914062	-0.000141887658	-0.000134673876	-0.000144531555	-0.000122067449	5.00196044e-06	4.578385e-06	0	91.5	0	0	3
5430	1204	0	2.12109375	-0.000141690901	-0.000134744209	-0.000144531555	-0.000122067449	5.07229409e-06	4.578385e-06	0	90.2	0	0	3
5435	1205	0	2.12304688	-0.000141732947	-0.000134815304	-0.000144531555	-0.000122067449	5.14338911e-06	4.578385e-06	0	89	0	0	3
5440	1206	0	2.125	-0.00014183325	-0.000134887139	-0.000144531555	-0.000122067449	5.21522344e-06	4.578385e-06	0	87.7	0	0	3
5445	1207	0	2.12695312	-0.000141757456	-0.000134958702	-0.000144531555	-0.000122067449	5.28678613e-06	4.578385e-06	0	86.6	0	0	3
5450	1208	0	2.12890625	-0.000141542128	-0.000135029563	-0.000144531555	-0.000122067449	5.3576475e-06	4.578385e-06	0	85.4	0	0	3
5455	1209	0	2.13085938	-0.000141420236	-0.000135100462	-0.000144531555	-0.000122067449	5.42854703e-06	4.578385e-06	0	84.3	0	0	3
5460	1210	0	2.1328125	-0.000141499438	-0.000135172366	-0.000144531555	-0.000122067449	5.5004509e-06	4.578385e-06	0	83.2	0	0	3
5465	1211	0	2.13476562	-0.000141535595	-0.000135244665	-0.000144531555	-0.000122067449	5.57274943e-06	4.578385e-06	0	82.1	0	0	3
5470	1212	0	2.13671875	-0.000141369819	-0.000135316105	-0.000144531555	-0.000122067449	5.64418985e-06	4.578385e-06	0	81.1	0	0	3
5475	1213	0	2.13867188	-0.000141129791	-0.000135386512	-0.000144531555	-0.000122067449	5.71459665e-06	4.578385e-06	0	80.1	0	0	3
5480	1214	0	2.140625	-0.000141105032	-0.000135457102	-0.000144531555	-0.000122067449	5.78518635e-06	4.578385e-06	0	79.1	0	0	3
5485	1215	0	2.14257812	-0.000141255683	-0.000135528687	-0.000144531555	-0.000122067449	5.85677208e-06	4.578385e-06	0	78.1	0	0	3
5490	1216	0	2.14453125	-0.000141243117	-0.000135600306	-0.000144531555	-0.000122067449	5.92839045e-06	4.578385e-06	0	77.2	0	0	3
5495	1217	0	2.14648438	-0.000141020917	-0.000135670996	-0.000144531555	-0.000122067449	5.9990807e-06	4.578385e-06	0	76.3	0	0	3
5500	1218	0	2.1484375	-0.000140794064	-0.000135741015	-0.000144531555	-0.000122067449	6.06909939e-06	4.578385e-06	0	75.4	0	0	3
5505	1220	0	2.15039062	-0.000140851103	-0.000135811802	-0.000144531555	-0.000122067449	6.13988689e-06	4.578385e-06	0	74.5	0	0	3
5510	1222	0	2.15234375	-0.000140974466	-0.000135883511	-0.000144531555	-0.000122067449	6.21159572e-06	4.578385e-06	0	73.7	0	0	3
5515	1223	0	2.15429688	-0.000140886603	-0.000135955029	-0.000144531555	-0.000122067449	6.28311321e-06	4.578385e-06	0	72.8	0	0	3
5520	1224	0	2.15625	-0.000140647288	-0.000136025845	-0.000144531555	-0.000122067449	6.35392953e-06	4.578385e-06	0	72	0	0	3
5525	1225	0	2.15820312	-0.000140484846	-0.000136096557	-0.000144531555	-0.000122067449	6.42464116e-06	8.61389333e-06	0	100	0	0	3
5530	1226	0	2.16015625	-0.000140566194	-0.000136168351	-0.000144531555	-0.000122067449	6.49643584e-06	8.62302914e-06	0	100	0	0	3
5535	1227	0	2.16210938	-0.000140637549	-0.000136240891	-0.000144531555	-0.000122113874	6.56897529e-06	8.63390244e-06	0	100	0	0	3
5540	1228	0	2.1640625	-0.000140461134	-0.00013631256	-0.000144531555	-0.000122161797	6.64064428e-06	8.64525024e-06	0	100	0	0	3
5545	1229	0	2.16601562	-0.000140186757	-0.000136382843	-0.000144531555	-0.000122161797	6.71092779e-06	8.65378364e-06	0	100	0	0	3
5550	1230	0	2.16796875	-0.000140131784	-0.00013645283	-0.000144531555	-0.000122161797	6.78091474e-06	8.6608756e-06	0	100	0	0	3
5555	1231	0	2.16992188	-0.000140298054	-0.000136523636	-0.000144531555	-0.000122161797	6.85172039e-06	8.669762e-06	0	100	0	0	3
5560	1232	0	2.171875	-0.000140321964	-0.000136594574	-0.000144531555	-0.000122258683	6.92265855e-06	8.68146541e-06	0	100	0	0	3
5565	1233	0	2.17382812	-0.000140124655	-0.000136664363	-0.000144531555	-0.000122320943	6.9924475e-06	8.69621516e-06	0	100	0	0	3
5570	1234	0	2.17578125	-0.000139932804	-0.000136733019	-0.000144531555	-0.000122320943	7.06110332e-06	8.71355453e-06	0	100	0	0	3
5575	1235	0	2.17773438	-0.000140022288	-0.000136801946	-0.000144531555	-0.000122320943	7.13003085e-06	8.73263157e-06	0	100	0	0	3
5580	1236	0	2.1796875	-0.000140204058	-0.000136871734	-0.000144531555	-0.000122320943	7.1998182e-06	8.75302829e-06	0	100	0	0	3
5585	1237	0	2.18164062	-0.000140188389	-0.000136941503	-0.000144531555	-0.000122320943	7.26958763e-06	8.77485867e-06	0	100	0	0	3
5590	1238	0	2.18359375	-0.00014000186	-0.000137010291	-0.000144531555	-0.000122320943	7.33837592e-06	8.79816185e-06	0	100	0	0	3
5595	1239	0	2.18554688	-0.000139891898	-0.000137078471	-0.000144531555	-0.000122320943	7.40655542e-06	8.82265936e-06	0	100	0	0	3
5600	1240	0	2.1875	-0.000140014254	-0.000137147244	-0.000144531555	-0.000122320943	7.47532862e-06	8.84798328e-06	0	100	0	0	3
5605	1242	0	2.18945312	-0.000140129165	-0.000137216757	-0.000144531555	-0.000122320943	7.54484156e-06	8.87397375e-06	0	100	0	0	3
5610	1244	0	2.19140625	-0.000140036789	-0.000137285959	-0.000144531555	-0.000122404112	7.61404408e-06	8.90071385e-06	0	100	0	0	3
5615	1245	0	2.19335938	-0.000139837418	-0.000137354058	-0.000144531555	-0.000122451013	7.68214294e-06	8.92841678e-06	0	100	0	0	3
5620	1246	0	2.1953125	-0.000139787623	-0.000137421705	-0.000144531555	-0.000122451013	7.74978938e-06	8.95701136e-06	0	100	0	0	3
5625	1247	0	2.19726562	-0.000139918291	-0.000137489848	-0.000144531555	-0.000122451013	7.81793294e-06	8.98604101e-06	0	100	0	0	3
5630	1248	0	2.19921875	-0.000139931162	-0.00013755813	-0.000144531555	-0.000122486701	7.88621478e-06	9.01475683e-06	0	100	0	0	3
5635	1249	0	2.20117188	-0.000139778626	-0.000137625677	-0.000144531555	-0.000122594874	7.95376136e-06	9.04224177e-06	0	100	0	0	3
5640	1250	0	2.203125	-0.000139612748	-0.000137692153	-0.000144531555	-0.000122707491	8.02023743e-06	9.06763983e-06	0	100	0	0	3
5645	1251	0	2.20507812	-0.000139672994	-0.000137758424	-0.000144531555	-0.000122725946	8.08650892e-06	9.09025454e-06	0	100	0	0	3
5650	1252	0	2.20703125	-0.000139798957	-0.000137824886	-0.000144531555	-0.000122725946	8.15297059e-06	9.10955305e-06	0	100	0	0	3
5655	1253	0	2.20898438	-0.000139721403	-0.00013789088	-0.000144531555	-0.000122725946	8.21896472e-06	9.12518044e-06	0	100	0	0	3
5660	1254	0	2.2109375	-0.000139511249	-0.000137956029	-0.000144531555	-0.000122725946	8.2841141e-06	9.13690821e-06	0	100	0	0	3
5665	1255	0	2.21289062	-0.000139447794	-0.000138020951	-0.000144531555	-0.000122725946	8.34903526e-06	9.14453506e-06	0	100	0	0	3
5670	1256	0	2.21484375	-0.000139592899	-0.000138086261	-0.000144531555	-0.000122725946	8.4143452e-06	9.1480765e-06	0	100	0	0	3
5675	1257	0	2.21679688	-0.000139647675	-0.000138151455	-0.000144531555	-0.000122725946	8.47953999e-06	9.14780374e-06	0	100	0	0	3
5680	1258	0	2.21875	-0.000139506785	-0.000138215929	-0.000144531555	-0.000122725946	8.54401314e-06	9.79946138e-06	0	100	0	0	3
5685	1259	0	2.22070312	-0.000139298702	-0.000138279733	-0.000144531555	-0.000122725946	8.60781736e-06	9.79753201e-06	0	100	0	0	3
5690	1260	0	2.22265625	-0.000139298892	-0.000138344016	-0.000144531555	-0.000122725946	8.67210055e-06	9.78631836e-06	0	100	0	0	3
5695	1261	0	2.22460938	-0.00013943754	-0.000138409296	-0.000144531555	-0.000122790839	8.73738021e-06	9.77612319e-06	0	100	0	0	3
5700	1262	0	2.2265625	-0.000139434647	-0.00013847431	-0.000144531555	-0.000122951082	8.80239508e-06	9.76566552e-06	0	100	0	0	3
5705	1264	0	2.22851562	-0.000139254562	-0.000138537996	-0.000144531555	-0.000123057392	8.86608055e-06	9.75278298e-06	0	100	0	0	3
5710	1265	0	2.23046875	-0.000139092996	-0.000138600635	-0.000144531555	-0.000123084135	8.92871963e-06	9.74032376e-06	0	100	0	0	3
5715	1266	0	2.23242188	-0.000139161516	-0.000138663437	-0.000144531555	-0.000123141964	8.9915219e-06	9.72846579e-06	0	100	0	0	3
5720	1267	0	2.234375	-0.000139282291	-0.000138726485	-0.000144531555	-0.000123366203	9.05457005e-06	9.71966344e-06	0	100	0	0	3
5725	1268	0	2.23632812	-0.00013922153	-0.00013878842	-0.000144531555	-0.000123607002	9.11650492e-06	9.71553034e-06	0	100	0	0	3
5730	1269	0	2.23828125	-0.00013903489	-0.000138848685	-0.000144531555	-0.000123740996	9.17677011e-06	9.71644336e-06	0	100	0	0	3
5735	1270	0	2.24023438	-0.000138989178	-0.000138908249	-0.000144531555	-0.000123786383	9.23633332e-06	9.72201156e-06	0	100	0	0	3
5740	1271	0	2.2421875	-0.000139138841	-0.000138968219	-0.000144531555	-0.000123912117	9.29630386e-06	9.7315312e-06	0	100	0	0	3
5745	1272	0	2.24414062	-0.000139208047	-0.000139027969	-0.000144531555	-0.000124167005	9.35605358e-06	9.7447686e-06	0	100	0	0	3
5750	1274	0	2.24609375	-0.00013907084	-0.000139086187	-0.000144531555	-0.000124364111	9.41427169e-06	9.76144682e-06	0	100	0	0	3
5755	1275	0	2.24804688	-0.000138891032	-0.000139142933	-0.000144531555	-0.000124431601	9.47101747e-06	9.78002549e-06	0	100	0	0	3
5760	1276	0	2.25	-0.000138970603	-0.000139199726	-0.000144531555	-0.000124457283	9.52781045e-06	9.79894785e-06	0	100	0	0	3
5765	1277	0	2.25195312	-0.000139166539	-0.000139257184	-0.000144531555	-0.000124637558	9.58526848e-06	9.8174576e-06	0	100	0	0	3
5770	1278	0	2.25390625	-0.000139169008	-0.000139313947	-0.000144531555	-0.000124891566	9.64203196e-06	9.83552174e-06	0	100	0	0	3
5775	1279	0	2.25585938	-0.000138987621	-0.00013936901	-0.000144531555	-0.000125057344	9.69709468e-06	9.85348628e-06	0	100	0	0	3
5780	1280	0	2.2578125	-0.000138889593	-0.000139423042	-0.000144531555	-0.000125128052	9.7511269e-06	9.87181321e-06	0	100	0	0	3
5785	1281	0	2.25976562	-0.000139043213	-0.000139477398	-0.000144531555	-0.000125234022	9.80548299e-06	9.89099229e-06	0	100	0	0	3
5790	1282	0	2.26171875	-0.000139170225	-0.000139531837	-0.000144531555	-0.000125509953	9.85992128e-06	9.91128018e-06	0	100	0	0	3
5795	1283	0	2.26367188	-0.00013910589	-0.000139584946	-0.000144531555	-0.000125795293	9.91303042e-06	9.93237401e-06	0	100	0	0	3
5800	1284	0	2.265625	-0.000138938633	-0.000139636287	-0.000144531555	-0.000125980832	9.96437159e-06	9.95353746e-06	0	99.8	0	0	3
5805	1286	0	2.26757812	-0.000138913711	-0.000139686806	-0.000144531555	-0.00012612429	1.00148906e-05	9.9736728e-06	0	99.5	0	0	3
5810	1287	0	2.26953125	-0.000139059554	-0.000139737334	-0.000144531555	-0.000126358387	1.0065419e-05	9.9916176e-06	0	99.2	0	0	3
5815	1288	0	2.27148438	-0.000139123487	-0.000139787198	-0.000144531555	-0.000126655766	1.01152827e-05	1.00062162e-05	0	98.9	0	0	3
5820	1289	0	2.2734375	-0.000139017246	-0.000139835485	-0.000144531555	-0.00012688451	1.01635697e-05	1.00163794e-05	0	98.5	0	0	3
5825	1290	0	2.27539062	-0.000138859904	-0.000139882264	-0.000144531555	-0.000127031867	1.02103486e-05	1.00214808e-05	0	98.1	0	0	3
5830	1291	0	2.27734375	-0.000138906656	-0.00013992865	-0.000144531555	-0.000127183751	1.02567345e-05	1.00217979e-05	0	97.7	0	0	3
5835	1292	0	2.27929688	-0.000139048836	-0.000139974998	-0.000144531555	-0.000127437842	1.03030825e-05	1.00178572e-05	0	97.2	0	0	3
5840	1293	0	2.28125	-0.000139060263	-0.000140020398	-0.000144531555	-0.000127673393	1.03484826e-05	1.00098024e-05	0	96.7	0	0	3
5845	1294	0	2.28320312	-0.00013892349	-0.000140064344	-0.000144531555	-0.000127772996	1.03924283e-05	9.99752358e-06	0	96.2	0	0	3
5850	1295	0	2.28515625	-0.000138819409	-0.000140107494	-0.000144531555	-0.000127805972	1.04355783e-05	1.04748753e-05	0	100	0	0	3
5855	1296	0	2.28710938	-0.000138948698	-0.00014015102	-0.000144531555	-0.000127901116	1.04791046e-05	1.0454224e-05	0	99.7	0	0	3
5860	1297	0	2.2890625	-0.000139084601	-0.000140194705	-0.000144531555	-0.000128100093	1.05227901e-05	1.04322498e-05	0	99.1	0	0	3
5865	1299	0	2.29101562	-0.000139030897	-0.000140237404	-0.000144531555	-0.000128340817	1.05654885e-05	1.04091399e-05	0	98.5	0	0	3
5870	1300	0	2.29296875	-0.00013887277	-0.000140278544	-0.000144531555	-0.000128551016	1.0606629e-05	1.03829372e-05	0	97.8	0	0	3
5875	1301	0	2.29492188	-0.00013887273	-0.000140318864	-0.000144531555	-0.000128760111	1.06469482e-05	1.03569414e-05	0	97.2	0	0	3
5880	1302	0	2.296875	-0.000139036874	-0.000140359007	-0.000144531555	-0.000129003653	1.06870918e-05	1.03318489e-05	0	96.6	0	0	3
5885	1303	0	2.29882812	-0.000139087726	-0.000140398398	-0.000144531555	-0.00012926957	1.07264827e-05	1.03103455e-05	0	96.1	0	0	3
5890	1304	0	2.30078125	-0.00013896503	-0.000140436271	-0.000144531555	-0.000129522479	1.07643556e-05	1.02938998e-05	0	95.6	0	0	3
5895	1305	0	2.30273438	-0.000138805879	-0.000140472534	-0.000144531555	-0.000129784714	1.08006189e-05	1.02830851e-05	0	95.2	0	0	3
5900	1306	0	2.3046875	-0.000138861083	-0.000140507989	-0.000144531555	-0.000130092463	1.08360734e-05	1.02778832e-05	0	94.8	0	0	3
5905	1309	0	2.30664062	-0.0001390022	-0.000140542792	-0.000144531555	-0.000130372715	1.08708771e-05	1.02775167e-05	0	94.5	0	0	3
5910	1310	0	2.30859375	-0.000138997691	-0.000140576484	-0.000144531555	-0.000130588721	1.09045684e-05	1.02808682e-05	0	94.2	0	0	3
5915	1311	0	2.31054688	-0.000138830632	-0.000140608679	-0.000144531555	-0.000130758448	1.09367634e-05	1.02867257e-05	0	94	0	0	3
5920	1312	0	2.3125	-0.00013869646	-0.000140639687	-0.000144531555	-0.00013098303	1.09677712e-05	1.02941865e-05	0	93.8	0	0	3
5925	1313	0	2.31445312	-0.000138824016	-0.000140670315	-0.000144531555	-0.000131315791	1.09984001e-05	1.03024828e-05	0	93.6	0	0	3
5930	1314	0	2.31640625	-0.000139009815	-0.00014070037	-0.000144531555	-0.000131616247	1.10284548e-05	1.03106379e-05	0	93.4	0	0	3
5935	1315	0	2.31835938	-0.000139010138	-0.000140729253	-0.000144531555	-0.000131825363	1.10573372e-05	1.03182054e-05	0	93.3	0	0	3
5940	1316	0	2.3203125	-0.000138867185	-0.00014075676	-0.000144531555	-0.000131994002	1.10848444e-05	1.03251594e-05	0	93.1	0	0	3
5945	1317	0	2.32226562	-0.000138870928	-0.000140783623	-0.000144531555	-0.000132247429	1.11117073e-05	1.03316787e-05	0	92.9	0	0	3
5950	1318	0	2.32421875	-0.000139070287	-0.000140810275	-0.000144531555	-0.000132582803	1.11383591e-05	1.03380904e-05	0	92.8	0	0	3
5955	1319	0	2.32617188	-0.000139217904	-0.000140836193	-0.000144531555	-0.000132852361	1.11642775e-05	1.03448349e-05	0	92.6	0	0	3
5960	1320	0	2.328125	-0.000139140698	-0.000140860757	-0.000144531555	-0.000133039343	1.11888413e-05	1.03521885e-05	0	92.5	0	0	3
5965	1321	0	2.33007812	-0.000138988933	-0.000140883997	-0.000144531555	-0.000133241574	1.12120819e-05	1.03600257e-05	0	92.4	0	0	3
5970	1322	0	2.33203125	-0.000139079797	-0.000140906803	-0.000144531555	-0.000133573187	1.09583682e-05	1.03677534e-05	0	94.6	0	0	3
5975	1323	0	2.33398438	-0.000139274558	-0.000140929074	-0.000144531555	-0.000133920743	1.06108114e-05	1.0374446e-05	0	97.7	0	0	3
5980	1324	0	2.3359375	-0.000139333388	-0.000140950217	-0.000144531555	-0.00013418918	1.03423748e-05	1.03790323e-05	0	100	0	0	3
5985	1325	0	2.33789062	-0.000139183785	-0.000140969727	-0.000144531555	-0.000134423119	1.01084355e-05	1.03807332e-05	0	100	0	0	3
5990	1326	0	2.33984375	-0.000139085947	-0.000140987941	-0.000144531555	-0.000134689263	9.84229148e-06	1.03791995e-05	0	100	0	0	3
5995	1327	0	2.34179688	-0.000139222907	-0.000141005651	-0.000144531555	-0.000134966091	9.56546397e-06	1.03743137e-05	0	100	0	0	3
6000	1329	0	2.34375	-0.000139397418	-0.000141022961	-0.000144531555	-0.000135131512	9.40004293e-06	1.03657867e-05	0	100	0	0	3
6005	1331	0	2.34570312	-0.000139421893	-0.00014103972	-0.000144531555	-0.000135236048	9.29550676e-06	1.03531156e-05	0	100	0	0	3
6010	1332	0	2.34765625	-0.000139287318	-0.000141055545	-0.000144531555	-0.000135469535	9.06202002e-06	1.03366055e-05	0	100	0	0	3
6015	1333	0	2.34960938	-0.000139239271	-0.000141070271	-0.000144531555	-0.000135761058	8.77049692e-06	1.05106568e-05	0	100	0	0	3
6020	1334	0	2.3515625	-0.000139421271	-0.000141084569	-0.000144531555	-0.000135945544	8.58601079e-06	1.04888675e-05	0	100	0	0	3
6025	1335	0	2.35351562	-0.000139557902	-0.000141098679	-0.000144531555	-0.00013596921	8.56234474e-06	1.04643284e-05	0	100	0	0	3
6030	1336	0	2.35546875	-0.000139558894	-0.000141112702	-0.000144531555	-0.000136003394	8.52816125e-06	1.04378681e-05	0	100	0	0	3
6035	1337	0	2.35742188	-0.00013949286	-0.000141126332	-0.000144531555	-0.000136323409	8.20814547e-06	1.04107527e-05	0	100	0	0	3
6040	1338	0	2.359375	-0.000139572656	-0.000141139025	-0.000144531555	-0.000136670171	7.86138418e-06	1.03832438e-05	0	100	0	0	3
6045	1339	0	2.36132812	-0.000139733962	-0.000141150993	-0.000144531555	-0.000136808813	7.72274208e-06	1.03558913e-05	0	100	0	0	3
6050	1340	0	2.36328125	-0.000139794913	-0.000141162626	-0.000144531555	-0.000136808813	7.72274208e-06	1.03304631e-05	0	100	0	0	3
6055	1341	0	2.36523438	-0.000139703862	-0.000141173935	-0.000144531555	-0.000136930596	7.60095838e-06	1.03083211e-05	0	100	0	0	3
6060	1342	0	2.3671875	-0.000139610089	-0.000141184402	-0.000144531555	-0.000137355884	7.1756707e-06	1.02904343e-05	0	100	0	0	3
6065	1344	0	2.36914062	-0.000139729572	-0.000141193674	-0.000144531555	-0.000137704914	6.82664041e-06	1.02768549e-05	0	100	0	0	3
6070	1345	0	2.37109375	-0.000139880304	-0.000141202172	-0.000144531555	-0.000137788424	6.74313082e-06	1.02670289e-05	0	100	0	0	3
6075	1346	0	2.37304688	-0.000139860502	-0.000141210172	-0.000144531555	-0.000137788424	6.74313082e-06	1.02600852e-05	0	100	0	0	3
6080	1347	0	2.375	-0.000139699399	-0.000141217637	-0.000144531555	-0.0001379598	6.57175443e-06	1.0255247e-05	0	100	0	0	3
6085	1348	0	2.37695312	-0.000139639952	-0.0001412242	-0.000144531555	-0.000138407256	6.12429913e-06	1.02518187e-05	0	100	0	0	3
6090	1349	0	2.37890625	-0.000139787447	-0.000141229591	-0.000144531555	-0.00013869646	5.8350948e-06	1.02490077e-05	0	100	0	0	3
6095	1350	0	2.38085938	-0.00013993176	-0.000141234299	-0.000144531555	-0.00013869646	5.8350948e-06	1.02461479e-05	0	100	0	0	3
6100	1351	0	2.3828125	-0.000139950465	-0.00014123874	-0.000144531555	-0.00013869646	5.8350948e-06	1.02428039e-05	0	100	0	0	3
6105	1354	0	2.38476562	-0.00013987618	-0.000141243003	-0.000144531555	-0.00013869646	5.8350948e-06	1.02387501e-05	0	100	0	0	3
6110	1355	0	2.38671875	-0.00013996144	-0.000141246908	-0.000144531555	-0.00013869646	5.8350948e-06	1.02340187e-05	0	100	0	0	3
6115	1356	0	2.38867188	-0.00014015124	-0.000141250003	-0.000144531555	-0.00013869646	5.8350948e-06	1.02288326e-05	0	100	0	0	3
6120	1357	0	2.390625	-0.000140287119	-0.000141252635	-0.000144531555	-0.00013869646	5.8350948e-06	1.02234485e-05	0	100	0	0	3
6125	1358	0	2.39257812	-0.000140260622	-0.000141254868	-0.000144531555	-0.00013869646	5.8350948e-06	1.02180383e-05	0	100	0	0	3
6130	1359	0	2.39453125	-0.000140217198	-0.000141256788	-0.000144531555	-0.00013869646	5.8350948e-06	1.02128047e-05	0	100	0	0	3
6135	1360	0	2.39648438	-0.00014035837	-0.000141258243	-0.000144531555	-0.00013869646	5.8350948e-06	1.02078065e-05	0	100	0	0	3
6140	1361	0	2.3984375	-0.000140531735	-0.000141259053	-0.000144531555	-0.00013869646	5.8350948e-06	1.02028942e-05	0	100	0	0	3
6145	1362	0	2.40039062	-0.000140592413	-0.000141259389	-0.000144531555	-0.00013869646	5.8350948e-06	1.01977412e-05	0	100	0	0	3
6150	1363	0	2.40234375	-0.000140508393	-0.000141259191	-0.000144531555	-0.00013869646	5.8350948e-06	1.01917292e-05	0	100	0	0	3
6155	1364	0	2.40429688	-0.000140527459	-0.000141258581	-0.000144531555	-0.00013869646	5.8350948e-06	1.0184122e-05	0	100	0	0	3
6160	1366	0	2.40625	-0.000140691116	-0.000141257322	-0.000144531555	-0.00013869646	5.8350948e-06	1.01744529e-05	0	100	0	0	3
6165	1367	0	2.40820312	-0.000140817778	-0.000141255492	-0.000144531555	-0.00013869646	5.8350948e-06	1.01626206e-05	0	100	0	0	3
6170	1368	0	2.41015625	-0.000140782646	-0.000141253231	-0.000144531555	-0.00013869646	5.8350948e-06	1.0148773e-05	0	100	0	0	3
6175	1369	0	2.41210938	-0.000140740524	-0.000141250956	-0.000144531555	-0.00013869646	5.8350948e-06	1.01332882e-05	0	100	0	0	3
6180	1370	0	2.4140625	-0.00014090345	-0.000141248804	-0.000144531555	-0.00013869646	5.8350948e-06	9.99538128e-06	0	100	0	0	3
6185	1371	0	2.41601562	-0.000141098763	-0.000141246059	-0.000144531555	-0.00013869646	5.8350948e-06	9.97590386e-06	0	100	0	0	3
6190	1372	0	2.41796875	-0.000141128221	-0.000141242525	-0.000144531555	-0.00013869646	5.8350948e-06	9.95656041e-06	0	100	0	0	3
6195	1373	0	2.41992188	-0.000141091279	-0.000141238882	-0.000144531555	-0.00013869646	5.8350948e-06	9.93713192e-06	0	100	0	0	3
6200	1374	0	2.421875	-0.000141199627	-0.000141235998	-0.000144531555	-0.00013869646	5.8350948e-06	9.91684394e-06	0	100	0	0	3
6205	1376	0	2.42382812	-0.000141402257	-0.00014123326	-0.000144531555	-0.00013869646	5.8350948e-06	9.89607299e-06	0	100	0	0	3
6210	1377	0	2.42578125	-0.000141504935	-0.000141229716	-0.000144531555	-0.00013869646	5.8350948e-06	9.87578213e-06	0	100	0	0	3
6215	1378	0	2.42773438	-0.000141456944	-0.000141225531	-0.000144531555	-0.00013869646	5.8350948e-06	9.85660065e-06	0	100	0	0	3
6220	1379	0	2.4296875	-0.000141403424	-0.000141221587	-0.000144531555	-0.00013869646	5.8350948e-06	9.8389564e-06	0	100	0	0	3
6225	1380	0	2.43164062	-0.000141546282	-0.000141218476	-0.000144531555	-0.00013869646	5.8350948e-06	9.82290501e-06	0	100	0	0	3
6230	1381	0	2.43359375	-0.0001417047	-0.000141215114	-0.000144531555	-0.00013869646	5.8350948e-06	9.80842457e-06	0	100	0	0	3
6235	1382	0	2.43554688	-0.000141709867	-0.000141210767	-0.000144531555	-0.00013869646	5.8350948e-06	9.79549965e-06	0	100	0	0	3
6240	1384	0	2.4375	-0.00014163391	-0.000141205984	-0.000144531555	-0.00013869646	5.8350948e-06	9.78410765e-06	0	100	0	0	3
6245	1385	0	2.43945312	-0.000141658692	-0.000141201808	-0.000144531555	-0.00013869646	5.8350948e-06	9.77378792e-06	0	100	0	0	3
6250	1386	0	2.44140625	-0.000141798861	-0.000141198193	-0.000144531555	-0.00013869646	5.8350948e-06	9.76408123e-06	0	100	0	0	3
6255	1387	0	2.44335938	-0.000141881747	-0.000141193792	-0.000144531555	-0.00013869646	5.8350948e-06	9.75440887e-06	0	100	0	0	3
6260	1388	0	2.4453125	-0.000141853227	-0.000141188322	-0.000144531555	-0.00013869646	5.8350948e-06	9.74424651e-06	0	100	0	0	3
6265	1389	0	2.44726562	-0.000141848409	-0.000141182777	-0.000144531555	-0.00013869646	5.8350948e-06	9.73322283e-06	0	100	0	0	3
6270	1390	0	2.44921875	-0.000142011766	-0.000141178357	-0.000144531555	-0.00013869646	5.8350948e-06	9.72111015e-06	0	100	0	0	3
6275	1391	0	2.45117188	-0.000142208862	-0.000141174562	-0.000144531555	-0.00013869646	5.8350948e-06	9.70798692e-06	0	100	0	0	3
6280	1392	0	2.453125	-0.000142229615	-0.000141169806	-0.000144531555	-0.00013869646	5.8350948e-06	9.69419547e-06	0	100	0	0	3
6285	1393	0	2.45507812	-0.000142163016	-0.000141164133	-0.000144531555	-0.00013869646	5.8350948e-06	9.6801375e-06	0	100	0	0	3
6290	1394	0	2.45703125	-0.000142257891	-0.000141159031	-0.000144531555	-0.00013869646	5.8350948e-06	9.66601185e-06	0	100	0	0	3
6295	1395	0	2.45898438	-0.000142538006	-0.000141155453	-0.000144531555	-0.00013869646	5.8350948e-06	9.6521066e-06	0	100	0	0	3
6300	1397	0	2.4609375	-0.000142655361	-0.000141151812	-0.000144531555	-0.00013869646	5.8350948e-06	9.63856062e-06	0	100	0	0	3
6305	1399	0	2.46289062	-0.000142584022	-0.000141146937	-0.000144531555	-0.00013869646	5.8350948e-06	9.62542344e-06	0	100	0	0	3
6310	1400	0	2.46484375	-0.00014252266	-0.000141141587	-0.000144531555	-0.00013869646	5.8350948e-06	9.61270513e-06	0	100	0	0	3
6315	1401	0	2.46679688	-0.000142720602	-0.000141137532	-0.000144531555	-0.00013869646	5.8350948e-06	9.60038492e-06	0	100	0	0	3
6320	1402	0	2.46875	-0.000142955365	-0.000141134852	-0.000144531555	-0.00013869646	5.8350948e-06	9.58843403e-06	0	100	0	0	3
6325	1403	0	2.47070312	-0.000142996907	-0.000141131631	-0.000144531555	-0.00013869646	5.8350948e-06	9.57685984e-06	0	100	0	0	3
6330	1404	0	2.47265625	-0.0001428881	-0.000141126953	-0.000144531555	-0.00013869646	5.8350948e-06	9.56572751e-06	0	100	0	0	3
6335	1405	0	2.47460938	-0.000142921431	-0.000141122095	-0.000144531555	-0.00013869646	5.8350948e-06	9.55513498e-06	0	100	0	0	3
6340	1406	0	2.4765625	-0.000143151546	-0.000141118401	-0.000144531555	-0.00013869646	5.8350948e-06	9.54517464e-06	0	100	0	0	3
6345	1407	0	2.47851562	-0.00014336439	-0.00014111577	-0.000144531555	-0.00013869646	5.8350948e-06	9.5359136e-06	0	100	0	0	3
6350	1408	0	2.48046875	-0.000143332469	-0.000141112421	-0.000144531555	-0.00013869646	5.8350948e-06	9.18702083e-06	0	100	0	0	3
6355	1409	0	2.48242188	-0.000143233435	-0.000141107868	-0.000144531555	-0.00013869646	5.8350948e-06	9.17648799e-06	0	100	0	0	3
6360	1411	0	2.484375	-0.00014337465	-0.00014110361	-0.000144531555	-0.00013869646	5.8350948e-06	9.16919948e-06	0	100	0	0	3
6365	1412	0	2.48632812	-0.000143686401	-0.000141100657	-0.000144531555	-0.00013869646	5.8350948e-06	9.16203532e-06	0	100	0	0	3
6370	1413	0	2.48828125	-0.00014380822	-0.000141098167	-0.000144531555	-0.00013869646	5.8350948e-06	9.15582874e-06	0	100	0	0	3
6375	1414	0	2.49023438	-0.000143705091	-0.000141095008	-0.000144531555	-0.00013869646	5.8350948e-06	9.14962305e-06	0	100	0	0	3
6380	1415	0	2.4921875	-0.000143652412	-0.000141091574	-0.000144478901	-0.00013869646	5.78244053e-06	9.14274108e-06	0	100	0	0	3
6385	1416	0	2.49414062	-0.000143886983	-0.000141089262	-0.000144457845	-0.00013869646	5.76138493e-06	9.1359059e-06	0	100	0	0	3
6390	1417	0	2.49609375	-0.000144110161	-0.000141087966	-0.000144457845	-0.00013869646	5.76138493e-06	9.12876819e-06	0	100	0	0	3
6395	1418	0	2.49804688	-0.000144123704	-0.000141086661	-0.000144448495	-0.00013869646	5.75203522e-06	9.12082381e-06	0	100	0	0	3
6400	1419	0	2.5	-0.000143994527	-0.000141084933	-0.000144448495	-0.00013869646	5.75203522e-06	9.11162398e-06	0	100	0	0	3
6405	1421	0	2.50195312	-0.000144011129	-0.000141083578	-0.000144448495	-0.00013869646	5.75203522e-06	9.10122249e-06	0	100	0	0	3
6410	1422	0	2.50390625	-0.00014424834	-0.0001410833	-0.000144448495	-0.00013869646	5.75203522e-06	9.08982159e-06	0	100	0	0	3
6415	1423	0	2.50585938	-0.000144379695	-0.000141083319	-0.000144448495	-0.00013869646	5.75203522e-06	9.07758396e-06	0	100	0	0	3
6420	1425	0	2.5078125	-0.000144303244	-0.000141082752	-0.000144412747	-0.00013869646	5.71628689e-06	9.06467303e-06	0	100	0	0	3
6425	1426	0	2.50976562	-0.000144205361	-0.000141082042	-0.000144412747	-0.00013869646	5.71628689e-06	9.05112544e-06	0	100	0	0	3
6430	1427	0	2.51171875	-0.000144310999	-0.000141082181	-0.000144412747	-0.00013869646	5.71628689e-06	9.03689524e-06	0	100	0	0	3
6435	1428	0	2.51367188	-0.000144557001	-0.000141083239	-0.000144557001	-0.00013869646	5.86054146e-06	9.02190637e-06	0	100	0	0	3
6440	1429	0	2.515625	-0.000144622288	-0.000141084123	-0.000144622288	-0.00013869646	5.92582758e-06	9.00607145e-06	0	100	0	0	3
6445	1430	0	2.51757812	-0.00014455616	-0.000141084683	-0.000144622288	-0.00013869646	5.92582758e-06	8.98948206e-06	0	100	0	0	3
6450	1431	0	2.51953125	-0.000144536248	-0.000141085809	-0.000144622288	-0.00013869646	5.92582758e-06	8.97242783e-06	0	100	0	0	3
6455	1432	0	2.52148438	-0.000144738124	-0.000141088299	-0.000144738124	-0.00013869646	6.04166438e-06	8.9552004e-06	0	100	0	0	3
6460	1433	0	2.5234375	-0.00014491056	-0.000141091118	-0.00014491056	-0.00013869646	6.21410017e-06	8.93803443e-06	0	100	0	0	3
6465	1434	0	2.52539062	-0.000144941997	-0.000141093606	-0.000144941997	-0.00013869646	6.24553717e-06	8.92119271e-06	0	100	0	0	3
6470	1435	0	2.52734375	-0.000144860659	-0.000141096006	-0.000144941997	-0.00013869646	6.24553717e-06	8.90500676e-06	0	100	0	0	3
6475	1437	0	2.52929688	-0.00014486159	-0.000141099371	-0.000144941997	-0.00013869646	6.24553717e-06	8.88985907e-06	0	100	0	0	3
6480	1438	0	2.53125	-0.000145125235	-0.000141104344	-0.000145125235	-0.00013869646	6.42877473e-06	4.578385e-06	0	71.2	0	0	3
6485	1439	0	2.53320312	-0.000145281811	-0.000141109567	-0.000145281811	-0.00013869646	6.58535124e-06	4.578385e-06	0	69.5	0	0	3
6490	1440	0	2.53515625	-0.000145258208	-0.000141114413	-0.000145281811	-0.00013869646	6.58535124e-06	4.578385e-06	0	69.5	0	0	3
6495	1441	0	2.53710938	-0.00014514304	-0.000141119212	-0.000145281811	-0.00013869646	6.58535124e-06	4.578385e-06	0	69.5	0	0	3
6500	1442	0	2.5390625	-0.00014521751	-0.000141125006	-0.000145281811	-0.00013869646	6.58535124e-06	4.578385e-06	0	69.5	0	0	3
6505	1444	0	2.54101562	-0.000145479582	-0.000141131673	-0.000145479582	-0.00013869646	6.78312158e-06	4.578385e-06	0	67.4	0	0	3
6510	1445	0	2.54296875	-0.000145583624	-0.000141138153	-0.000145583624	-0.00013869646	6.88716358e-06	4.578385e-06	0	66.4	0	0	3
6515	1446	0	2.54492188	-0.00014552018	-0.000141144232	-0.000145583624	-0.00013869646	6.88716358e-06	4.578385e-06	0	66.4	0	0	3
6520	1448	0	2.546875	-0.000145440556	-0.000141150493	-0.000145583624	-0.00013869646	6.88716358e-06	4.578385e-06	0	66.4	0	0	3
6525	1449	0	2.54882812	-0.000145627658	-0.000141157675	-0.000145627658	-0.00013869646	6.93119797e-06	4.578385e-06	0	66	0	0	3
6530	1450	0	2.55078125	-0.000145822824	-0.000141165136	-0.000145822824	-0.00013869646	7.1263638e-06	4.578385e-06	0	64.2	0	0	3
6535	1451	0	2.55273438	-0.000145840198	-0.000141172428	-0.000145840198	-0.00013869646	7.14373836e-06	4.578385e-06	0	64	0	0	3
6540	1452	0	2.5546875	-0.000145773799	-0.000141179856	-0.000145840198	-0.00013869646	7.14373836e-06	4.578385e-06	0	64	0	0	3
6545	1453	0	2.55664062	-0.000145762236	-0.000141187796	-0.000145840198	-0.00013869646	7.14373836e-06	4.578385e-06	0	64	0	0	3
6550	1454	0	2.55859375	-0.000146007975	-0.000141196548	-0.000146007975	-0.00013869646	7.31151522e-06	4.578385e-06	0	62.6	0	0	3
6555	1455	0	2.56054688	-0.000146188714	-0.000141205658	-0.000146188714	-0.00013869646	7.49225376e-06	4.578385e-06	0	61.1	0	0	3
6560	1456	0	2.5625	-0.000146107778	-0.000141214932	-0.000146188714	-0.00013869646	7.49225376e-06	4.578385e-06	0	61.1	0	0	3
6565	1457	0	2.56445312	-0.000145991886	-0.000141224816	-0.000146188714	-0.00013869646	7.49225376e-06	4.578385e-06	0	61.1	0	0	3
6570	1458	0	2.56640625	-0.000146077245	-0.000141235551	-0.000146188714	-0.00013869646	7.49225376e-06	4.578385e-06	0	61.1	0	0	3
6575	1459	0	2.56835938	-0.000146288847	-0.000141246706	-0.000146288847	-0.00013869646	7.59238693e-06	4.578385e-06	0	60.3	0	0	3
6580	1461	0	2.5703125	-0.000146375461	-0.000141258028	-0.000146375461	-0.00013869646	7.67900074e-06	4.578385e-06	0	59.6	0	0	3
6585	1462	0	2.57226562	-0.000146271504	-0.000141269632	-0.000146375461	-0.00013869646	7.67900074e-06	4.578385e-06	0	59.6	0	0	3
6590	1463	0	2.57421875	-0.000146208849	-0.000141281931	-0.000146375461	-0.00013869646	7.67900074e-06	4.578385e-06	0	59.6	0	0	3
6595	1464	0	2.57617188	-0.00014636318	-0.000141294943	-0.000146375461	-0.00013869646	7.67900074e-06	4.578385e-06	0	59.6	0	0	3
6600	1465	0	2.578125	-0.000146525533	-0.000141307969	-0.000146525533	-0.00013869646	7.8290729e-06	4.578385e-06	0	58.4	0	0	3
6605	1468	0	2.58007812	-0.000146499485	-0.000141320893	-0.000146525533	-0.00013869646	7.8290729e-06	4.578385e-06	0	58.4	0	0	3
6610	1469	0	2.58203125	-0.000146366631	-0.000141334218	-0.000146525533	-0.00013869646	7.8290729e-06	4.578385e-06	0	58.4	0	0	3
6615	1470	0	2.58398438	-0.000146356335	-0.000141348387	-0.000146525533	-0.00013869646	7.8290729e-06	4.578385e-06	0	58.4	0	0	3
6620	1471	0	2.5859375	-0.000146556605	-0.000141363045	-0.000146556605	-0.00013869646	7.7958115e-06	4.578385e-06	0	58.7	0	0	3
6625	1472	0	2.58789062	-0.000146688924	-0.000141377722	-0.000146688924	-0.00013869646	7.7420445e-06	4.578385e-06	0	59.1	0	0	3
6630	1473	0	2.58984375	-0.000146621739	-0.000141392576	-0.000146688924	-0.00013869646	7.68910009e-06	4.578385e-06	0	59.5	0	0	3
6635	1474	0	2.59179688	-0.000146506901	-0.000141408151	-0.000146688924	-0.00013869646	7.63690611e-06	4.578385e-06	0	59.9	0	0	3
6640	1476	0	2.59375	-0.000146560274	-0.000141424765	-0.000146688924	-0.00013869646	7.58455544e-06	4.578385e-06	0	60.3	0	0	3
6645	1477	0	2.59570312	-0.000146785261	-0.000141441938	-0.000146785261	-0.00013869646	7.53197044e-06	4.578385e-06	0	60.7	0	0	3
6650	1478	0	2.59765625	-0.000146816018	-0.000141458958	-0.000146816018	-0.00013869646	7.47975385e-06	4.578385e-06	0	61.2	0	0	3
6655	1479	0	2.59960938	-0.000146750522	-0.000141476312	-0.000146816018	-0.00013869646	7.42890452e-06	4.578385e-06	0	61.6	0	0	3
6660	1480	0	2.6015625	-0.000146657993	-0.000141494399	-0.000146816018	-0.00013869646	7.37892075e-06	4.578385e-06	0	62	0	0	3
6665	1481	0	2.60351562	-0.000146807076	-0.00014151355	-0.000146816018	-0.00013869646	7.32888509e-06	4.578385e-06	0	62.4	0	0	3
6670	1482	0	2.60546875	-0.00014695477	-0.000141532667	-0.00014695477	-0.00013869646	7.27816797e-06	4.578385e-06	0	62.9	0	0	3
6675	1483	0	2.60742188	-0.000146959655	-0.000141551488	-0.000146959655	-0.00013869646	7.22753807e-06	4.578385e-06	0	63.3	0	0	3
6680	1484	0	2.609375	-0.000146875614	-0.000141570489	-0.000146959655	-0.00013869646	7.17777192e-06	4.578385e-06	0	63.7	0	0	3
6685	1485	0	2.61132812	-0.000146843091	-0.000141590254	-0.000146959655	-0.00013869646	7.12831451e-06	4.578385e-06	0	64.2	0	0	3
6690	1486	0	2.61328125	-0.000147042954	-0.000141610746	-0.000147042954	-0.00013869646	7.07836385e-06	4.578385e-06	0	64.6	0	0	3
6695	1488	0	2.61523438	-0.000147138122	-0.000141630802	-0.000147138122	-0.00013869646	7.02750716e-06	4.578385e-06	0	65.1	0	0	3
6700	1489	0	2.6171875	-0.00014707371	-0.000141650418	-0.000147138122	-0.00013869646	6.97654267e-06	4.578385e-06	0	65.6	0	0	3
6705	1491	0	2.61914062	-0.000146932787	-0.000141670126	-0.000147138122	-0.00013869646	6.92591656e-06	4.578385e-06	0	66.1	0	0	3
6710	1492	0	2.62109375	-0.000147043637	-0.000141691035	-0.000147138122	-0.00013869646	6.87573067e-06	4.578385e-06	0	66.5	0	0	3
6715	1493	0	2.62304688	-0.000147206723	-0.000141712417	-0.000147206723	-0.00013869646	6.82527827e-06	4.578385e-06	0	67	0	0	3
6720	1494	0	2.625	-0.000147278268	-0.000141733687	-0.000147278268	-0.00013869646	6.77498519e-06	4.578385e-06	0	67.5	0	0	3
6725	1495	0	2.62695312	-0.000147171716	-0.000141754836	-0.000147278268	-0.00013869646	6.72527327e-06	4.578385e-06	0	68	0	0	3
6730	1496	0	2.62890625	-0.000147122831	-0.000141776636	-0.000147278268	-0.00013869646	6.67617336e-06	4.578385e-06	0	68.5	0	0	3
6735	1497	0	2.63085938	-0.000147234814	-0.000141799349	-0.000147278268	-0.00013869646	6.62698268e-06	4.578385e-06	0	69	0	0	3
6740	1498	0	2.6328125	-0.000147380959	-0.000141822324	-0.000147380959	-0.00013869646	6.57765885e-06	4.578385e-06	0	69.6	0	0	3
6745	1500	0	2.63476562	-0.000147387157	-0.000141845181	-0.000147387157	-0.00013869646	6.52907609e-06	4.578385e-06	0	70.1	0	0	3
6750	1501	0	2.63671875	-0.000147286353	-0.000141868293	-0.000147387157	-0.00013869646	6.48178076e-06	4.578385e-06	0	70.6	0	0	3
6755	1502	0	2.63867188	-0.000147337852	-0.000141892543	-0.000147387157	-0.00013869646	6.4354413e-06	4.578385e-06	0	71.1	0	0	3
6760	1503	0	2.640625	-0.00014747452	-0.000141917424	-0.00014747452	-0.00013869646	6.38873638e-06	4.578385e-06	0	71.6	0	0	3
6765	1504	0	2.64257812	-0.000147484076	-0.000141941754	-0.000147484076	-0.00013869646	6.34144767e-06	4.578385e-06	0	72.1	0	0	3
6770	1505	0	2.64453125	-0.000147369584	-0.000141965685	-0.000147484076	-0.00013869646	6.29468893e-06	4.578385e-06	0	72.7	0	0	3
6775	1506	0	2.64648438	-0.000147292581	-0.000141990184	-0.000147484076	-0.00013869646	6.24916892e-06	4.578385e-06	0	73.2	0	0	3
6780	1507	0	2.6484375	-0.000147355058	-0.000142015813	-0.000147484076	-0.00013869646	6.2040103e-06	4.578385e-06	0	73.7	0	0	3
6785	1509	0	2.65039062	-0.000147481661	-0.000142041713	-0.000147484076	-0.00013869646	6.1582021e-06	4.578385e-06	0	74.3	0	0	3
6790	1510	0	2.65234375	-0.0001474592	-0.000142067044	-0.000147484076	-0.00013869646	6.1120156e-06	4.578385e-06	0	74.9	0	0	3
6795	1511	0	2.65429688	-0.000147358831	-0.000142092326	-0.000147484076	-0.00013869646	6.06648141e-06	4.578385e-06	0	75.4	0	0	3
6800	1512	0	2.65625	-0.000147321982	-0.000142118399	-0.000147484076	-0.00013869646	6.02184281e-06	4.578385e-06	0	76	0	0	3
6805	1514	0	2.65820312	-0.000147444623	-0.000142145586	-0.000147484076	-0.00013869646	5.97723476e-06	4.578385e-06	0	76.5	0	0	3
6810	1515	0	2.66015625	-0.000147503702	-0.000142172686	-0.000147503702	-0.00013869646	5.93179495e-06	4.578385e-06	0	77.1	0	0	3
6815	1516	0	2.66210938	-0.000147433135	-0.000142199231	-0.000147503702	-0.00013869646	5.88667123e-06	4.578385e-06	0	77.7	0	0	3
6820	1517	0	2.6640625	-0.000147328733	-0.000142226057	-0.000147503702	-0.00013869646	5.84321427e-06	4.578385e-06	0	78.3	0	0	3
6825	1518	0	2.66601562	-0.000147408136	-0.000142254266	-0.000147503702	-0.00013869646	5.80143583e-06	4.578385e-06	0	78.9	0	0	3
6830	1520	0	2.66796875	-0.000147500229	-0.000142283049	-0.000147503702	-0.00013869646	5.75941317e-06	4.578385e-06	0	79.4	0	0	3
6835	1521	0	2.66992188	-0.000147496389	-0.000142311167	-0.000147503702	-0.00013869646	5.71659351e-06	4.578385e-06	0	80	0	0	3
6840	1522	0	2.671875	-0.000147370348	-0.0001423387	-0.000147503702	-0.00013869646	5.6743373e-06	4.578385e-06	0	80.6	0	0	3
6845	1523	0	2.67382812	-0.000147342261	-0.000142366894	-0.000147503702	-0.00013869646	5.63387526e-06	4.578385e-06	0	81.2	0	0	3
6850	1524	0	2.67578125	-0.000147430531	-0.000142396182	-0.000147503702	-0.00013869646	5.59423573e-06	4.578385e-06	0	81.8	0	0	3
6855	1525	0	2.67773438	-0.000147473501	-0.000142425288	-0.000147503702	-0.00013869646	5.55355468e-06	4.578385e-06	0	82.4	0	0	3
6860	1526	0	2.6796875	-0.000147421977	-0.000142453483	-0.000147503702	-0.00013869646	5.51198025e-06	4.578385e-06	0	83	0	0	3
6865	1527	0	2.68164062	-0.000147335172	-0.0001424814	-0.000147503702	-0.00013869646	5.47110908e-06	4.578385e-06	0	83.6	0	0	3
6870	1528	0	2.68359375	-0.000147395187	-0.000142510281	-0.000147503702	-0.00013869646	5.43180976e-06	4.578385e-06	0	84.2	0	0	3
6875	1529	0	2.68554688	-0.000147470541	-0.000142539885	-0.000147503702	-0.00013869646	5.39264064e-06	4.578385e-06	0	84.9	0	0	3
6880	1530	0	2.6875	-0.000147444968	-0.000142568911	-0.000147503702	-0.00013869646	5.35215392e-06	4.578385e-06	0	85.5	0	0	3
6885	1531	0	2.68945312	-0.000147317701	-0.000142596991	-0.000147503702	-0.00013869646	5.31103162e-06	4.578385e-06	0	86.2	0	0	3
6890	1532	0	2.69140625	-0.000147315043	-0.000142625422	-0.000147503702	-0.00013869646	5.27136344e-06	4.578385e-06	0	86.8	0	0	3
6895	1534	0	2.69335938	-0.000147470571	-0.000142655239	-0.000147503702	-0.00013869646	5.233534e-06	4.578385e-06	0	87.4	0	0	3
6900	1535	0	2.6953125	-0.000147559608	-0.000142685598	-0.000147559608	-0.00013869646	5.19574976e-06	4.578385e-06	0	88.1	0	0	3
6905	1537	0	2.69726562	-0.0001474676	-0.000142715088	-0.000147559608	-0.00013869646	5.15695741e-06	4.578385e-06	0	88.7	0	0	3
6910	1538	0	2.69921875	-0.000147326872	-0.000142743977	-0.000147559608	-0.00013869646	5.11830032e-06	4.578385e-06	0	89.4	0	0	3
6915	1539	0	2.70117188	-0.000147412222	-0.000142773796	-0.000147559608	-0.00013869646	5.08164299e-06	4.578385e-06	0	90	0	0	3
6920	1541	0	2.703125	-0.000147567498	-0.000142804869	-0.000147567498	-0.00013869646	5.04644474e-06	4.578385e-06	0	90.7	0	0	3
6925	1542	0	2.70507812	-0.000147577438	-0.000142835746	-0.000147577438	-0.00013869646	5.0108598e-06	4.578385e-06	0	91.3	0	0	3
6930	1543	0	2.70703125	-0.000147468853	-0.000142865706	-0.000147577438	-0.00013869646	4.97482621e-06	4.578385e-06	0	92	0	0	3
6935	1544	0	2.70898438	-0.000147401455	-0.000142895707	-0.000147577438	-0.00013869646	4.93967704e-06	4.578385e-06	0	92.6	0	0	3
6940	1545	0	2.7109375	-0.000147475352	-0.000142926816	-0.000147577438	-0.00013869646	4.90586565e-06	4.578385e-06	0	93.3	0	0	3
6945	1546	0	2.71289062	-0.000147586416	-0.000142958608	-0.000147586416	-0.00013869646	4.87234721e-06	4.578385e-06	0	93.9	0	0	3
6950	1547	0	2.71484375	-0.000147489854	-0.000142989455	-0.000147586416	-0.00013869646	4.83799989e-06	4.578385e-06	0	94.6	0	0	3
6955	1548	0	2.71679688	-0.000147326125	-0.000143019449	-0.000147586416	-0.00013869646	4.80352068e-06	4.578385e-06	0	95.3	0	0	3
6960	1550	0	2.71875	-0.000147305234	-0.000143049912	-0.000147586416	-0.00013869646	4.77017916e-06	4.578385e-06	0	95.9	0	0	3
6965	1551	0	2.72070312	-0.000147455683	-0.000143081775	-0.000147586416	-0.00013869646	4.73775918e-06	4.578385e-06	0	96.6	0	0	3
6970	1552	0	2.72265625	-0.000147496738	-0.000143113798	-0.000147586416	-0.00013869646	4.70450235e-06	4.578385e-06	0	97.3	0	0	3
6975	1553	0	2.72460938	-0.000147363071	-0.000143144757	-0.000147586416	-0.00013869646	4.67044658e-06	4.578385e-06	0	98	0	0	3
6980	1554	0	2.7265625	-0.00014723339	-0.000143175221	-0.000147586416	-0.00013869646	4.63722496e-06	4.578385e-06	0	98.7	0	0	3
6985	1555	0	2.72851562	-0.000147324798	-0.000143206745	-0.000147586416	-0.00013869646	4.60611024e-06	4.578385e-06	0	99.3	0	0	3
6990	1556	0	2.73046875	-0.000147436024	-0.000143239335	-0.000147586416	-0.00013869646	4.57589792e-06	4.578385e-06	0	100	0	0	3
6995	1557	0	2.73242188	-0.000147434472	-0.000143271651	-0.000147586416	-0.00013869646	4.545166e-06	4.578385e-06	0	100	0	0	3
7000	1558	0	2.734375	-0.000147233623	-0.000143302711	-0.000147586416	-0.00013869646	4.51429102e-06	4.578385e-06	0	100	0	0	3
7005	1560	0	2.73632812	-0.000147214638	-0.000143333934	-0.000147586416	-0.00013869646	4.48524891e-06	4.578385e-06	0	100	0	0	3
7010	1561	0	2.73828125	-0.000147298507	-0.000143366214	-0.000147586416	-0.00013869646	4.45796546e-06	4.578385e-06	0	100	0	0	3
7015	1563	0	2.74023438	-0.000147353464	-0.000143398887	-0.000147586416	-0.00013869646	4.43066791e-06	4.578385e-06	0	100	0	0	3
7020	1564	0	2.7421875	-0.000147276196	-0.000143430674	-0.000147586416	-0.00013869646	4.40270473e-06	4.578385e-06	0	100	0	0	3
7025	1565	0	2.74414062	-0.000147124482	-0.000143461597	-0.000147586416	-0.00013869646	4.3754102e-06	4.578385e-06	0	100	0	0	3
7030	1566	0	2.74609375	-0.000147134661	-0.000143493097	-0.000147586416	-0.00013869646	4.35016372e-06	4.578385e-06	0	100	0	0	3
7035	1567	0	2.74804688	-0.000147221774	-0.000143525639	-0.000147586416	-0.00013869646	4.3259127e-06	4.578385e-06	0	100	0	0	3
7040	1568	0	2.75	-0.000147218323	-0.000143557856	-0.000147586416	-0.00013869646	4.30067233e-06	4.578385e-06	0	100	0	0	3
7045	1569	0	2.75195312	-0.00014710512	-0.000143588866	-0.000147586416	-0.00013869646	4.27491893e-06	4.578385e-06	0	100	0	0	3
7050	1570	0	2.75390625	-0.00014701755	-0.000143619525	-0.000147586416	-0.00013869646	4.25051458e-06	4.578385e-06	0	100	0	0	3
7055	1571	0	2.75585938	-0.000147086259	-0.00014365116	-0.000147586416	-0.00013869646	4.22811766e-06	4.578385e-06	0	100	0	0	3
7060	1572	0	2.7578125	-0.000147196362	-0.000143683608	-0.000147586416	-0.00013869646	4.20620989e-06	4.578385e-06	0	100	0	0	3
7065	1573	0	2.75976562	-0.000147196129	-0.000143715456	-0.000147586416	-0.00013869646	4.18361892e-06	4.578385e-06	0	100	0	0	3
7070	1574	0	2.76171875	-0.000146994421	-0.000143746019	-0.000147586416	-0.00013869646	4.16107305e-06	4.578385e-06	0	100	0	0	3
7075	1576	0	2.76367188	-0.000146970024	-0.000143776738	-0.000147586416	-0.00013869646	4.14045116e-06	4.578385e-06	0	100	0	0	3
7080	1577	0	2.765625	-0.000147107532	-0.000143808648	-0.000147586416	-0.00013869646	4.12184186e-06	4.578385e-06	0	100	0	0	3
7085	1578	0	2.76757812	-0.000147235829	-0.000143841156	-0.000147586416	-0.00013869646	4.10382175e-06	4.578385e-06	0	100	0	0	3
7090	1579	0	2.76953125	-0.000147214926	-0.000143873013	-0.000147586416	-0.00013869646	4.085815e-06	4.578385e-06	0	100	0	0	3
7095	1580	0	2.77148438	-0.000147015746	-0.000143903842	-0.000147586416	-0.00013869646	4.06835711e-06	4.578385e-06	0	100	0	0	3
7100	1581	0	2.7734375	-0.00014703917	-0.000143935178	-0.000147586416	-0.00013869646	4.05291387e-06	4.578385e-06	0	100	0	0	3
7105	1584	0	2.77539062	-0.00014716313	-0.000143967612	-0.000147586416	-0.00013869646	4.03896245e-06	4.578385e-06	0	100	0	0	3
7110	1585	0	2.77734375	-0.000147205998	-0.000144000032	-0.000147586416	-0.00013869646	4.02503377e-06	4.578385e-06	0	100	0	0	3
7115	1586	0	2.77929688	-0.000147046822	-0.000144031274	-0.000147586416	-0.00013869646	4.01087581e-06	4.578385e-06	0	100	0	0	3
7120	1587	0	2.78125	-0.000146931037	-0.000144062019	-0.000147586416	-0.00013869646	3.99767534e-06	4.578385e-06	0	100	0	0	3
7125	1588	0	2.78320312	-0.000147014186	-0.000144093623	-0.000147586416	-0.00013869646	3.98612957e-06	4.578385e-06	0	100	0	0	3
7130	1589	0	2.78515625	-0.000147128598	-0.000144126081	-0.000147586416	-0.00013869646	3.97506106e-06	4.578385e-06	0	100	0	0	3
7135	1590	0	2.78710938	-0.000147128068	-0.000144158032	-0.000147586416	-0.00013869646	3.96332624e-06	4.578385e-06	0	100	0	0	3
7140	1591	0	2.7890625	-0.000146896471	-0.000144188547	-0.000147586416	-0.00013869646	3.95114291e-06	4.578385e-06	0	100	0	0	3
7145	1593	0	2.79101562	-0.000146864549	-0.000144219147	-0.000147586416	-0.00013869646	3.94060267e-06	4.578385e-06	0	100	0	0	3
7150	1594	0	2.79296875	-0.000146963489	-0.000144250751	-0.000147586416	-0.00013869646	3.93188784e-06	4.578385e-06	0	100	0	0	3
7155	1595	0	2.79492188	-0.000147071777	-0.000144282779	-0.000147586416	-0.00013869646	3.92377176e-06	4.578385e-06	0	100	0	0	3
7160	1596	0	2.796875	-0.000146980927	-0.00014431381	-0.000147586416	-0.00013869646	3.91541231e-06	4.578385e-06	0	100	0	0	3
7165	1597	0	2.79882812	-0.000146824876	-0.000144344034	-0.000147586416	-0.00013869646	3.90776266e-06	4.578385e-06	0	100	0	0	3
7170	1598	0	2.80078125	-0.00014683929	-0.000144374792	-0.000147586416	-0.00013869646	3.90225821e-06	4.578385e-06	0	100	0	0	3
7175	1599	0	2.80273438	-0.000146944046	-0.000144406582	-0.000147586416	-0.00013869646	3.89859335e-06	4.578385e-06	0	100	0	0	3
7180	1600	0	2.8046875	-0.00014694255	-0.00014443815	-0.000147586416	-0.00013869646	3.89535793e-06	4.578385e-06	0	100	0	0	3
7185	1601	0	2.80664062	-0.000146821389	-0.000144468694	-0.000147586416	-0.00013869646	3.89221032e-06	4.578385e-06	0	100	0	0	3
7190	1603	0	2.80859375	-0.000146693748	-0.000144498757	-0.000147586416	-0.00013869646	3.89007808e-06	4.578385e-06	0	100	0	0	3
7195	1604	0	2.81054688	-0.000146796056	-0.000144529872	-0.000147586416	-0.00013869646	3.89018516e-06	4.578385e-06	0	100	0	0	3
7200	1605	0	2.8125	-0.000146883174	-0.000144561851	-0.000147586416	-0.000138824016	3.89153567e-06	4.578385e-06	0	100	0	0	3
7205	1607	0	2.81445312	-0.000146813607	-0.00014459306	-0.000147586416	-0.000138867185	3.89269022e-06	4.578385e-06	0	100	0	0	3
7210	1608	0	2.81640625	-0.000146686568	-0.000144623048	-0.000147586416	-0.000138867185	3.89379515e-06	4.578385e-06	0	100	0	0	3
7215	1609	0	2.81835938	-0.000146617068	-0.000144652762	-0.000147586416	-0.000138867185	3.8960026e-06	4.578385e-06	0	100	0	0	3
7220	1610	0	2.8203125	-0.000146711228	-0.000144683403	-0.000147586416	-0.000138870928	3.8997804e-06	4.578385e-06	0	100	0	0	3
7225	1611	0	2.82226562	-0.000146778021	-0.00014471429	-0.000147586416	-0.000138988933	3.9040157e-06	4.578385e-06	0	100	0	0	3
7230	1613	0	2.82421875	-0.000146709872	-0.000144744132	-0.000147586416	-0.000138988933	3.90793946e-06	4.578385e-06	0	100	0	0	3
7235	1614	0	2.82617188	-0.000146609183	-0.000144773005	-0.000147586416	-0.000138988933	3.91224783e-06	4.578385e-06	0	100	0	0	3
7240	1615	0	2.828125	-0.000146636464	-0.000144802285	-0.000147586416	-0.000138988933	3.91828758e-06	4.578385e-06	0	100	0	0	3
7245	1616	0	2.83007812	-0.000146767408	-0.00014483267	-0.000147586416	-0.000139079797	3.92586668e-06	4.578385e-06	0	100	0	0	3
7250	1617	0	2.83203125	-0.000146828467	-0.000144862938	-0.000147586416	-0.000139085947	3.93386395e-06	4.578385e-06	0	100	0	0	3
7255	1618	0	2.83398438	-0.000146702419	-0.000144891953	-0.000147586416	-0.000139085947	3.94173588e-06	4.578385e-06	0	100	0	0	3
7260	1619	0	2.8359375	-0.000146611489	-0.000144920383	-0.000147586416	-0.000139085947	3.95065579e-06	4.578385e-06	0	100	0	0	3
7265	1620	0	2.83789062	-0.000146673446	-0.000144949639	-0.000147586416	-0.000139085947	3.96169811e-06	4.578385e-06	0	100	0	0	3
7270	1622	0	2.83984375	-0.000146777577	-0.000144979685	-0.000147586416	-0.000139222907	3.97403399e-06	4.578385e-06	0	100	0	0	3
7275	1623	0	2.84179688	-0.000146799657	-0.000145009282	-0.000147586416	-0.000139239271	3.9863208e-06	4.578385e-06	0	100	0	0	3
7280	1624	0	2.84375	-0.000146669294	-0.000145037687	-0.000147586416	-0.000139239271	3.99796727e-06	4.578385e-06	0	100	0	0	3
7285	1625	0	2.84570312	-0.000146606635	-0.000145065753	-0.000147586416	-0.000139239271	4.01020739e-06	4.578385e-06	0	100	0	0	3
7290	1626	0	2.84765625	-0.000146710928	-0.000145094751	-0.000147586416	-0.000139239271	4.02448033e-06	4.578385e-06	0	100	0	0	3
7295	1627	0	2.84960938	-0.00014684017	-0.000145124442	-0.000147586416	-0.000139421271	4.04239975e-06	4.578385e-06	0	100	0	0	3
7300	1629	0	2.8515625	-0.000146750186	-0.000145153071	-0.000147586416	-0.00013949286	4.07102832e-06	4.578385e-06	0	100	0	0	3
7305	1631	0	2.85351562	-0.000146607796	-0.000145180609	-0.000147586416	-0.00013949286	4.09856697e-06	4.578385e-06	0	100	0	0	3
7310	1632	0	2.85546875	-0.000146637919	-0.000145208262	-0.000147586416	-0.00013949286	4.12621941e-06	4.578385e-06	0	100	0	0	3
7315	1633	0	2.85742188	-0.000146761362	-0.000145236654	-0.000147586416	-0.000139572656	4.154612e-06	4.578385e-06	0	100	0	0	3
7320	1634	0	2.859375	-0.00014681023	-0.000145264926	-0.000147586416	-0.000139610089	4.18288377e-06	4.578385e-06	0	100	0	0	3
7325	1636	0	2.86132812	-0.000146628034	-0.000145291856	-0.000147586416	-0.000139610089	4.20981374e-06	4.578385e-06	0	100	0	0	3
7330	1637	0	2.86328125	-0.000146546423	-0.000145318229	-0.000147586416	-0.000139610089	4.23618682e-06	4.578385e-06	0	100	0	0	3
7335	1638	0	2.86523438	-0.000146641723	-0.00014534533	-0.000147586416	-0.000139610089	4.26328784e-06	4.578385e-06	0	100	0	0	3
7340	1639	0	2.8671875	-0.000146813238	-0.000145373468	-0.000147586416	-0.000139639952	4.29142514e-06	4.578385e-06	0	100	0	0	3
7345	1640	0	2.86914062	-0.000146711416	-0.00014540074	-0.000147586416	-0.000139639952	4.31869797e-06	4.578385e-06	0	100	0	0	3
7350	1641	0	2.87109375	-0.000146568848	-0.000145426868	-0.000147586416	-0.000139639952	4.34482509e-06	9.12625918e-06	0	100	0	0	3
7355	1643	0	2.87304688	-0.000146559106	-0.000145453034	-0.000147586416	-0.000139639952	4.37099152e-06	9.12684832e-06	0	100	0	0	3
7360	1644	0	2.875	-0.000146679343	-0.000145480299	-0.000147586416	-0.000139639952	4.39825692e-06	9.12270971e-06	0	100	0	0	3
7365	1645	0	2.87695312	-0.000146770369	-0.000145508153	-0.000147586416	-0.000139787447	4.42611011e-06	9.11947635e-06	0	100	0	0	3
7370	1646	0	2.87890625	-0.000146693706	-0.00014553513	-0.000147586416	-0.00013987618	4.45308768e-06	9.11757731e-06	0	100	0	0	3
7375	1647	0	2.88085938	-0.000146524992	-0.000145560885	-0.000147586416	-0.00013987618	4.4788425e-06	9.11492033e-06	0	100	0	0	3
7380	1648	0	2.8828125	-0.000146584087	-0.000145586798	-0.000147586416	-0.00013987618	4.50475508e-06	9.1110522e-06	0	100	0	0	3
7385	1650	0	2.88476562	-0.000146706451	-0.000145613478	-0.000147586416	-0.00013996144	4.53143583e-06	9.10731501e-06	0	100	0	0	3
7390	1651	0	2.88671875	-0.000146748274	-0.000145639989	-0.000147586416	-0.00014015124	4.5579469e-06	9.10482995e-06	0	100	0	0	3
7395	1652	0	2.88867188	-0.000146621019	-0.000145665262	-0.000147586416	-0.000140217198	4.58321947e-06	9.10450435e-06	0	100	0	0	3
7400	1653	0	2.890625	-0.000146557213	-0.000145689754	-0.000147586416	-0.000140217198	4.60771203e-06	9.10619145e-06	0	100	0	0	3
7405	1655	0	2.89257812	-0.000146663762	-0.000145714767	-0.000147586416	-0.000140217198	4.63272429e-06	9.10936809e-06	0	100	0	0	3
7410	1656	0	2.89453125	-0.000146763818	-0.000145740339	-0.000147586416	-0.00014035837	4.65829703e-06	9.11363383e-06	0	100	0	0	3
7415	1658	0	2.89648438	-0.000146717994	-0.000145765182	-0.000147586416	-0.000140508393	4.68313931e-06	9.11889099e-06	0	100	0	0	3
7420	1659	0	2.8984375	-0.000146582254	-0.000145788817	-0.000147586416	-0.000140508393	4.70677415e-06	9.12506056e-06	0	100	0	0	3
7425	1660	0	2.90039062	-0.000146600941	-0.000145812287	-0.000147586416	-0.000140508393	4.73024496e-06	9.13196213e-06	0	100	0	0	3
7430	1661	0	2.90234375	-0.000146725821	-0.000145836574	-0.000147586416	-0.000140527459	4.75453179e-06	9.13919451e-06	0	100	0	0	3
7435	1662	0	2.90429688	-0.000146748923	-0.000145860877	-0.000147586416	-0.000140691116	4.77883438e-06	9.14640841e-06	0	100	0	0	3
7440	1663	0	2.90625	-0.000146711871	-0.000145884395	-0.000147586416	-0.000140740524	4.80235295e-06	9.15345667e-06	0	100	0	0	3
7445	1665	0	2.90820312	-0.000146632431	-0.000145907109	-0.000147586416	-0.000140740524	4.82506644e-06	9.16042967e-06	0	100	0	0	3
7450	1666	0	2.91015625	-0.000146667479	-0.000145930097	-0.000147586416	-0.000140740524	4.84805407e-06	9.16748909e-06	0	100	0	0	3
7455	1667	0	2.91210938	-0.000146766178	-0.000145953634	-0.000147586416	-0.00014090345	4.87159178e-06	9.17481763e-06	0	100	0	0	3
7460	1668	0	2.9140625	-0.000146808585	-0.000145976701	-0.000147586416	-0.000141091279	4.89465871e-06	9.18232164e-06	0	100	0	0	3
7465	1669	0	2.91601562	-0.00014671137	-0.000145998625	-0.000147586416	-0.000141091279	4.91658295e-06	9.18987636e-06	0	100	0	0	3
7470	1670	0	2.91796875	-0.000146657958	-0.000146020226	-0.000147586416	-0.000141091279	4.93818349e-06	9.19735516e-06	0	100	0	0	3
7475	1671	0	2.91992188	-0.000146765881	-0.000146042392	-0.000147586416	-0.000141199627	4.96034991e-06	9.20451442e-06	0	100	0	0	3
7480	1673	0	2.921875	-0.000146890857	-0.000146064624	-0.000147586416	-0.000141402257	4.98258127e-06	9.21092419e-06	0	100	0	0	3
7485	1674	0	2.92382812	-0.000146809241	-0.000146085745	-0.000147586416	-0.000141403424	5.0037023e-06	9.2161909e-06	0	100	0	0	3
7490	1675	0	2.92578125	-0.000146734964	-0.000146106175	-0.000147586416	-0.000141403424	5.0241321e-06	9.21998252e-06	0	100	0	0	3
7495	1676	0	2.92773438	-0.000146697865	-0.000146126647	-0.000147586416	-0.000141403424	5.04460445e-06	9.22200286e-06	0	100	0	0	3
7500	1677	0	2.9296875	-0.000146868619	-0.000146147995	-0.000147586416	-0.000141546282	5.06595287e-06	9.22216883e-06	0	100	0	0	3
7505	1679	0	2.93164062	-0.000146908377	-0.000146168941	-0.000147586416	-0.00014163391	5.08689855e-06	9.22073335e-06	0	100	0	0	3
7510	1681	0	2.93359375	-0.000146842228	-0.000146189009	-0.000147586416	-0.00014163391	5.10696702e-06	9.2177819e-06	0	100	0	0	3
7515	1682	0	2.93554688	-0.000146773175	-0.000146208788	-0.000147586416	-0.00014163391	5.12674557e-06	9.21334544e-06	0	100	0	0	3
7520	1683	0	2.9375	-0.000146840782	-0.000146229127	-0.000147586416	-0.000141658692	5.14708491e-06	9.38900146e-06	0	100	0	0	3
7525	1684	0	2.93945312	-0.000146921769	-0.000146249686	-0.000147586416	-0.000141798861	5.16764381e-06	9.3816737e-06	0	100	0	0	3
7530	1685	0	2.94140625	-0.00014693118	-0.000146269734	-0.000147586416	-0.000141848409	5.18769193e-06	9.37332485e-06	0	100	0	0	3
7535	1686	0	2.94335938	-0.000146810901	-0.000146288989	-0.000147586416	-0.000141848409	5.20694643e-06	9.36560238e-06	0	100	0	0	3
7540	1687	0	2.9453125	-0.000146908867	-0.000146308737	-0.000147586416	-0.000141848409	5.22669503e-06	9.35730803e-06	0	100	0	0	3
7545	1688	0	2.94726562	-0.000147015082	-0.00014632892	-0.000147586416	-0.000142011766	5.24687734e-06	9.34862192e-06	0	100	0	0	3
7550	1690	0	2.94921875	-0.000147032823	-0.000146348533	-0.000147586416	-0.000142163016	5.26649085e-06	9.34009481e-06	0	100	0	0	3
7555	1691	0	2.95117188	-0.000146900411	-0.00014636686	-0.000147586416	-0.000142163016	5.28481721e-06	9.33272588e-06	0	100	0	0	3
7560	1692	0	2.953125	-0.000146905493	-0.000146385125	-0.000147586416	-0.000142163016	5.30308236e-06	9.32742919e-06	0	100	0	0	3
7565	1693	0	2.95507812	-0.000147040327	-0.000146404177	-0.000147586416	-0.000142257891	5.32213436e-06	9.32446534e-06	0	100	0	0	3
7570	1694	0	2.95703125	-0.000147104138	-0.000146423107	-0.000147586416	-0.00014252266	5.06375658e-06	9.32339952e-06	0	100	0	0	3
7575	1695	0	2.95898438	-0.000147018354	-0.000146440609	-0.000147586416	-0.00014252266	5.06375658e-06	9.32374674e-06	0	100	0	0	3
7580	1697	0	2.9609375	-0.000146951969	-0.000146457392	-0.000147586416	-0.00014252266	5.06375658e-06	9.32529293e-06	0	100	0	0	3
7585	1698	0	2.96289062	-0.000146988295	-0.000146474597	-0.000147586416	-0.00014252266	5.06375658e-06	9.32781364e-06	0	100	0	0	3
7590	1699	0	2.96484375	-0.000147057735	-0.000146492312	-0.000147586416	-0.000142720602	4.86581469e-06	9.3310389e-06	0	100	0	0	3
7595	1700	0	2.96679688	-0.000147164948	-0.000146509672	-0.000147586416	-0.0001428881	4.69831667e-06	9.33461736e-06	0	100	0	0	3
7600	1701	0	2.96875	-0.00014707525	-0.000146525766	-0.000147586416	-0.0001428881	4.69831667e-06	9.33823133e-06	0	100	0	0	3
7605	1703	0	2.97070312	-0.000147024176	-0.000146541497	-0.000147586416	-0.0001428881	4.69831667e-06	9.34160484e-06	0	100	0	0	3
7610	1705	0	2.97265625	-0.000147124442	-0.000146558046	-0.000147586416	-0.000142921431	4.66498565e-06	9.34465145e-06	0	100	0	0	3
7615	1706	0	2.97460938	-0.000147186582	-0.000146574706	-0.000147586416	-0.000143151546	4.43486985e-06	9.34747105e-06	0	100	0	0	3
7620	1707	0	2.9765625	-0.000147258394	-0.000146590749	-0.000147586416	-0.000143233435	4.35298112e-06	9.35027078e-06	0	100	0	0	3
7625	1708	0	2.97851562	-0.000147148672	-0.000146605531	-0.000147586416	-0.000143233435	4.35298112e-06	9.35324724e-06	0	100	0	0	3
7630	1709	0	2.98046875	-0.000147144508	-0.000146620422	-0.000147586416	-0.000143233435	4.35298112e-06	9.35646958e-06	0	100	0	0	3
7635	1710	0	2.98242188	-0.000147304325	-0.000146636324	-0.000147586416	-0.00014337465	4.21176596e-06	9.35983313e-06	0	100	0	0	3
7640	1711	0	2.984375	-0.000147394596	-0.000146652027	-0.000147586416	-0.000143652412	3.93400437e-06	9.36312819e-06	0	100	0	0	3
7645	1712	0	2.98632812	-0.000147316305	-0.000146666206	-0.000147586416	-0.000143652412	3.93400437e-06	9.36602853e-06	0	100	0	0	3
7650	1714	0	2.98828125	-0.000147194961	-0.000146679435	-0.000147586416	-0.000143652412	3.93400437e-06	9.36809237e-06	0	100	0	0	3
7655	1715	0	2.99023438	-0.000147286274	-0.000146693424	-0.000147586416	-0.000143652412	3.93400437e-06	9.36896657e-06	0	100	0	0	3
7660	1716	0	2.9921875	-0.000147485308	-0.000146708397	-0.000147586416	-0.000143886983	3.69943371e-06	9.36848274e-06	0	100	0	0	3
7665	1717	0	2.99414062	-0.0001474778	-0.000146722423	-0.000147586416	-0.000143994527	3.59188924e-06	9.36654251e-06	0	100	0	0	3
7670	1718	0	2.99609375	-0.000147368822	-0.000146735152	-0.000147586416	-0.000143994527	3.59188924e-06	9.3630315e-06	0	100	0	0	3
7675	1719	0	2.99804688	-0.000147352415	-0.000146747765	-0.000147586416	-0.000143994527	3.59188924e-06	9.35820537e-06	0	100	0	0	3
7680	1721	0	3	-0.000147469161	-0.000146761337	-0.000147586416	-0.000144011129	3.57528729e-06	9.35223169e-06	0	100	0	0	3
7685	1722	0	3.00195312	-0.00014759354	-0.000146775331	-0.00014759354	-0.000144205361	3.38817913e-06	9.42430562e-06	0	100	0	0	3
7690	1723	0	3.00390625	-0.000147587843	-0.000146788376	-0.00014759354	-0.000144205361	3.38817913e-06	9.41703398e-06	0	100	0	0	3
7695	1724	0	3.00585938	-0.000147473482	-0.000146800461	-0.00014759354	-0.000144205361	3.38817913e-06	9.40816162e-06	0	100	0	0	3
7700	1725	0	3.0078125	-0.000147486093	-0.000146812894	-0.00014759354	-0.000144205361	3.38817913e-06	9.39860681e-06	0	100	0	0	3
7705	1728	0	3.00976562	-0.000147671389	-0.000146826433	-0.000147671389	-0.000144310999	3.36039088e-06	9.38912078e-06	0	100	0	0	3
7710	1729	0	3.01171875	-0.000147772034	-0.000146839953	-0.000147772034	-0.000144536248	3.23578629e-06	9.37974832e-06	0	100	0	0	3
7715	1730	0	3.01367188	-0.000147676826	-0.00014685214	-0.000147772034	-0.000144536248	3.23578629e-06	9.37047301e-06	0	100	0	0	3
7720	1732	0	3.015625	-0.000147564542	-0.000146863633	-0.000147772034	-0.000144536248	3.23578629e-06	9.36175376e-06	0	100	0	0	3
7725	1733	0	3.01757812	-0.000147665743	-0.00014687578	-0.000147772034	-0.000144536248	3.23578629e-06	9.35432345e-06	0	100	0	0	3
7730	1734	0	3.01953125	-0.00014785373	-0.000146888739	-0.00014785373	-0.000144738124	3.115606e-06	9.34850423e-06	0	100	0	0	3
7735	1735	0	3.02148438	-0.000147852184	-0.000146900903	-0.00014785373	-0.000144860659	2.99307166e-06	9.34421935e-06	0	100	0	0	3
7740	1736	0	3.0234375	-0.000147709258	-0.000146911835	-0.00014785373	-0.000144860659	2.99307166e-06	9.34123301e-06	0	100	0	0	3
7745	1738	0	3.02539062	-0.000147659159	-0.000146922449	-0.00014785373	-0.000144860659	2.99307166e-06	9.33929557e-06	0	100	0	0	3
7750	1739	0	3.02734375	-0.00014783716	-0.000146934076	-0.00014785373	-0.00014486159	2.99214059e-06	9.33815693e-06	0	100	0	0	3
7755	1740	0	3.02929688	-0.000147932418	-0.000146946072	-0.000147932418	-0.000145125235	2.80718338e-06	9.33749848e-06	0	100	0	0	3
7760	1741	0	3.03125	-0.000147860059	-0.000146956755	-0.000147932418	-0.00014514304	2.78937798e-06	9.33698086e-06	0	100	0	0	3
7765	1742	0	3.03320312	-0.000147744753	-0.000146966376	-0.000147932418	-0.00014514304	2.78937798e-06	9.33632011e-06	0	100	0	0	3
7770	1743	0	3.03515625	-0.000147847372	-0.000146976489	-0.000147932418	-0.00014514304	2.78937798e-06	9.33535115e-06	0	100	0	0	3
7775	1744	0	3.03710938	-0.000147980158	-0.000146987572	-0.000147980158	-0.00014521751	2.76264736e-06	9.33400782e-06	0	100	0	0	3
7780	1746	0	3.0390625	-0.000148052747	-0.000146998647	-0.000148052747	-0.000145440556	2.61219135e-06	9.33238476e-06	0	100	0	0	3
7785	1747	0	3.04101562	-0.000148089813	-0.000147008843	-0.000148089813	-0.000145440556	2.64925724e-06	9.33063196e-06	0	100	0	0	3
7790	1748	0	3.04296875	-0.000147880472	-0.000147017815	-0.000148089813	-0.000145440556	2.64925724e-06	9.32892166e-06	0	100	0	0	3
7795	1749	0	3.04492188	-0.000148010722	-0.000147027544	-0.000148089813	-0.000145440556	2.64925724e-06	9.32739021e-06	0	100	0	0	3
7800	1750	0	3.046875	-0.000148220744	-0.000147038404	-0.000148220744	-0.000145627658	2.59308605e-06	9.32606045e-06	0	100	0	0	3
7805	1753	0	3.04882812	-0.000148259328	-0.000147048684	-0.000148259328	-0.000145762236	2.49709224e-06	9.32486806e-06	0	100	0	0	3
7810	1754	0	3.05078125	-0.000148164778	-0.000147057832	-0.000148259328	-0.000145762236	2.49709224e-06	9.32367624e-06	0	100	0	0	3
7815	1755	0	3.05273438	-0.000148149588	-0.000147066853	-0.000148259328	-0.000145762236	2.49709224e-06	9.32229029e-06	0	100	0	0	3
7820	1756	0	3.0546875	-0.00014821181	-0.000147076377	-0.000148259328	-0.000145762236	2.49709224e-06	9.3204737e-06	0	100	0	0	3
7825	1757	0	3.05664062	-0.00014840278	-0.000147086692	-0.00014840278	-0.000145991886	2.4108936e-06	9.31794441e-06	0	100	0	0	3
7830	1759	0	3.05859375	-0.000148403659	-0.00014709605	-0.000148403659	-0.000145991886	2.41177299e-06	9.31452888e-06	0	100	0	0	3
7835	1760	0	3.06054688	-0.000148274907	-0.000147104199	-0.000148403659	-0.000145991886	2.41177299e-06	9.31021402e-06	0	100	0	0	3
7840	1761	0	3.0625	-0.000148326374	-0.000147112865	-0.000148403659	-0.000145991886	2.41177299e-06	9.3050893e-06	0	100	0	0	3
7845	1762	0	3.06445312	-0.000148503565	-0.000147122676	-0.000148503565	-0.000146077245	2.42631991e-06	9.29928654e-06	0	100	0	0	3
7850	1763	0	3.06640625	-0.00014861851	-0.000147132603	-0.00014861851	-0.000146208849	2.40966042e-06	9.26155221e-06	0	100	0	0	3
7855	1765	0	3.06835938	-0.000148485077	-0.000147141182	-0.00014861851	-0.000146208849	2.40966042e-06	9.25434751e-06	0	100	0	0	3
7860	1766	0	3.0703125	-0.000148425754	-0.000147149191	-0.00014861851	-0.000146208849	2.40966042e-06	9.2472562e-06	0	100	0	0	3
7865	1767	0	3.07226562	-0.000148482545	-0.000147157828	-0.00014861851	-0.000146208849	2.40966042e-06	9.24017899e-06	0	100	0	0	3
7870	1768	0	3.07421875	-0.000148751871	-0.000147167762	-0.000148751871	-0.000146356335	2.39553546e-06	9.2329258e-06	0	100	0	0	3
7875	1769	0	3.07617188	-0.000148804919	-0.0001471773	-0.000148804919	-0.000146356335	2.44858344e-06	9.22557594e-06	0	100	0	0	3
7880	1770	0	3.078125	-0.000148623503	-0.000147185495	-0.000148804919	-0.000146356335	2.44858344e-06	9.21840666e-06	0	100	0	0	3
7885	1772	0	3.08007812	-0.000148672152	-0.000147193982	-0.000148804919	-0.000146356335	2.44858344e-06	9.21165139e-06	0	100	0	0	3
7890	1773	0	3.08203125	-0.000148846248	-0.000147203668	-0.000148846248	-0.000146356335	2.48991226e-06	9.20538968e-06	0	100	0	0	3
7895	1774	0	3.08398438	-0.000148933141	-0.000147213734	-0.000148933141	-0.000146506901	2.42624043e-06	9.19971308e-06	0	100	0	0	3
7900	1775	0	3.0859375	-0.000148943875	-0.000147223059	-0.000148943875	-0.000146506901	2.43697425e-06	9.19470681e-06	0	100	0	0	3
7905	1778	0	3.08789062	-0.000148813306	-0.000147231357	-0.000148943875	-0.000146506901	2.43697425e-06	9.19040527e-06	0	100	0	0	3
7910	1779	0	3.08984375	-0.00014883391	-0.000147239999	-0.000148943875	-0.000146506901	2.43697425e-06	9.18674753e-06	0	100	0	0	3
7915	1780	0	3.09179688	-0.000149114969	-0.000147250186	-0.000149114969	-0.000146524992	2.58997739e-06	9.183558e-06	0	100	0	0	3
7920	1781	0	3.09375	-0.000149083452	-0.000147260043	-0.000149114969	-0.000146524992	2.58997739e-06	9.18062808e-06	0	100	0	0	3
7925	1782	0	3.09570312	-0.000149012299	-0.000147268742	-0.000149114969	-0.000146524992	2.58997739e-06	9.17772784e-06	0	100	0	0	3
7930	1783	0	3.09765625	-0.000148915556	-0.000147276943	-0.000149114969	-0.000146524992	2.58997739e-06	9.17464839e-06	0	100	0	0	3
7935	1784	0	3.09960938	-0.000149046035	-0.00014728591	-0.000149114969	-0.000146524992	2.58997739e-06	9.17123291e-06	0	100	0	0	3
7940	1786	0	3.1015625	-0.000149216833	-0.000147295906	-0.000149216833	-0.000146524992	2.69184131e-06	9.16741677e-06	0	100	0	0	3
7945	1787	0	3.10351562	-0.000149273903	-0.000147305542	-0.000149273903	-0.000146524992	2.7489117e-06	9.1632421e-06	0	100	0	0	3
7950	1788	0	3.10546875	-0.000149111891	-0.000147313968	-0.000149273903	-0.000146524992	2.7489117e-06	9.15882542e-06	0	100	0	0	3
7955	1789	0	3.10742188	-0.000149168137	-0.000147322595	-0.000149273903	-0.000146524992	2.7489117e-06	9.15431067e-06	0	100	0	0	3
7960	1790	0	3.109375	-0.000149329715	-0.000147332181	-0.000149329715	-0.000146524992	2.80472318e-06	9.14982331e-06	0	100	0	0	3
7965	1792	0	3.11132812	-0.00014940205	-0.000147342177	-0.00014940205	-0.000146524992	2.87705783e-06	4.578385e-06	0	100	0	0	3
7970	1793	0	3.11328125	-0.000149385568	-0.000147351328	-0.00014940205	-0.000146524992	2.87705783e-06	4.578385e-06	0	100	0	0	3
7975	1794	0	3.11523438	-0.000149276573	-0.000147359681	-0.00014940205	-0.000146524992	2.87705783e-06	4.578385e-06	0	100	0	0	3
7980	1795	0	3.1171875	-0.000149386915	-0.000147368717	-0.00014940205	-0.000146524992	2.87705783e-06	4.578385e-06	0	100	0	0	3
7985	1796	0	3.11914062	-0.000149454982	-0.000147378569	-0.000149454982	-0.000146524992	2.92998991e-06	4.578385e-06	0	100	0	0	3
7990	1798	0	3.12109375	-0.000149609837	-0.000147388594	-0.000149609837	-0.000146524992	3.08484572e-06	4.578385e-06	0	100	0	0	3
7995	1799	0	3.12304688	-0.000149582998	-0.000147397876	-0.000149609837	-0.000146524992	3.08484572e-06	4.578385e-06	0	100	0	0	3
8000	1800	0	3.125	-0.00014945673	-0.000147406386	-0.000149609837	-0.000146524992	3.08484572e-06	4.578385e-06	0	100	0	0	3
8005	1802	0	3.12695312	-0.000149664598	-0.000147416123	-0.000149664598	-0.000146524992	3.13960679e-06	4.578385e-06	0	100	0	0	3
8010	1803	0	3.12890625	-0.000149760144	-0.000147426425	-0.000149760144	-0.000146524992	3.23515277e-06	4.578385e-06	0	100	0	0	3
8015	1805	0	3.13085938	-0.000149697298	-0.000147436045	-0.000149760144	-0.000146524992	3.23515277e-06	4.578385e-06	0	100	0	0	3
8020	1806	0	3.1328125	-0.000149685762	-0.000147445048	-0.000149760144	-0.000146524992	3.23515277e-06	4.578385e-06	0	100	0	0	3
8025	1807	0	3.13476562	-0.000149624192	-0.000147453786	-0.000149760144	-0.000146524992	3.23515277e-06	4.578385e-06	0	100	0	0	3
8030	1809	0	3.13671875	-0.00014990945	-0.000147464033	-0.00014990945	-0.000146524992	3.38445805e-06	4.578385e-06	0	100	0	0	3
8035	1810	0	3.13867188	-0.000149962742	-0.000147474286	-0.000149962742	-0.000146524992	3.43775077e-06	4.578385e-06	0	100	0	0	3
8040	1811	0	3.140625	-0.000149892859	-0.000147483733	-0.000149962742	-0.000146524992	3.43775077e-06	4.578385e-06	0	100	0	0	3
8045	1812	0	3.14257812	-0.00014983913	-0.000147492932	-0.000149962742	-0.000146524992	3.43775077e-06	4.578385e-06	0	100	0	0	3
8050	1814	0	3.14453125	-0.000149915287	-0.000147502876	-0.000149962742	-0.000146524992	3.43775077e-06	4.578385e-06	0	100	0	0	3
8055	1815	0	3.14648438	-0.000150039739	-0.000147513607	-0.000150039739	-0.000146524992	3.51474723e-06	4.578385e-06	0	100	0	0	3
8060	1816	0	3.1484375	-0.000150093065	-0.000147524303	-0.000150093065	-0.000146524992	3.56807366e-06	4.578385e-06	0	100	0	0	3
8065	1817	0	3.15039062	-0.000150013853	-0.000147534194	-0.000150093065	-0.000146524992	3.56807366e-06	4.578385e-06	0	100	0	0	3
8070	1818	0	3.15234375	-0.000150008636	-0.000147544153	-0.000150093065	-0.000146524992	3.56807366e-06	4.578385e-06	0	100	0	0	3
8075	1820	0	3.15429688	-0.000150170534	-0.000147555136	-0.000150170534	-0.000146524992	3.64554222e-06	4.578385e-06	0	100	0	0	3
8080	1821	0	3.15625	-0.000150288343	-0.000147566723	-0.000150288343	-0.000146524992	3.76335182e-06	4.578385e-06	0	100	0	0	3
8085	1822	0	3.15820312	-0.000150221794	-0.000147577572	-0.000150288343	-0.000146524992	3.76335182e-06	4.578385e-06	0	100	0	0	3
8090	1823	0	3.16015625	-0.000150119718	-0.00014758779	-0.000150288343	-0.000146524992	3.76335182e-06	4.578385e-06	0	100	0	0	3
8095	1825	0	3.16210938	-0.000150210299	-0.000147598639	-0.000150288343	-0.000146524992	3.76335182e-06	4.578385e-06	0	100	0	0	3
8100	1826	0	3.1640625	-0.000150335965	-0.000147610386	-0.000150335965	-0.000146524992	3.81097382e-06	4.578385e-06	0	100	0	0	3
8105	1828	0	3.16601562	-0.000150354459	-0.000147621895	-0.000150354459	-0.000146524992	3.82946718e-06	4.578385e-06	0	100	0	0	3
8110	1829	0	3.16796875	-0.000150307347	-0.00014763286	-0.000150354459	-0.000146524992	3.82946718e-06	4.578385e-06	0	100	0	0	3
8115	1830	0	3.16992188	-0.00015031145	-0.000147643856	-0.000150354459	-0.000146524992	3.82946718e-06	4.578385e-06	0	100	0	0	3
8120	1832	0	3.171875	-0.000150426129	-0.000147655793	-0.000150426129	-0.000146524992	3.90113697e-06	4.578385e-06	0	100	0	0	3
8125	1833	0	3.17382812	-0.00015055515	-0.000147668343	-0.00015055515	-0.000146524992	4.03015861e-06	4.578385e-06	0	100	0	0	3
8130	1834	0	3.17578125	-0.000150443487	-0.000147680113	-0.00015055515	-0.000146524992	4.03015861e-06	4.578385e-06	0	100	0	0	3
8135	1836	0	3.17773438	-0.000150380521	-0.000147691468	-0.00015055515	-0.000146524992	4.03015861e-06	4.578385e-06	0	100	0	0	3
8140	1837	0	3.1796875	-0.000150499989	-0.000147703492	-0.00015055515	-0.000146524992	4.03015861e-06	4.578385e-06	0	100	0	0	3
8145	1838	0	3.18164062	-0.000150644991	-0.000147716421	-0.000150644991	-0.000146524992	4.11999924e-06	4.578385e-06	0	100	0	0	3
8150	1839	0	3.18359375	-0.000150679868	-0.000147729252	-0.000150679868	-0.000146524992	4.15487589e-06	4.578385e-06	0	100	0	0	3
8155	1840	0	3.18554688	-0.000150541185	-0.000147741246	-0.000150679868	-0.000146524992	4.15487589e-06	4.578385e-06	0	100	0	0	3
8160	1842	0	3.1875	-0.000150551104	-0.00014775338	-0.000150679868	-0.000146524992	4.15487589e-06	4.578385e-06	0	100	0	0	3
8165	1843	0	3.18945312	-0.000150659581	-0.000147766434	-0.000150679868	-0.000146524992	4.15487589e-06	4.578385e-06	0	100	0	0	3
8170	1844	0	3.19140625	-0.000150782944	-0.00014777998	-0.000150782944	-0.000146524992	4.25795274e-06	4.578385e-06	0	100	0	0	3
8175	1845	0	3.19335938	-0.000150760172	-0.00014779283	-0.000150782944	-0.000146524992	4.25795274e-06	4.578385e-06	0	100	0	0	3
8180	1847	0	3.1953125	-0.000150730542	-0.000147805217	-0.000150782944	-0.000146524992	4.25795274e-06	4.578385e-06	0	100	0	0	3
8185	1848	0	3.19726562	-0.000150708781	-0.000147817878	-0.000150782944	-0.000146524992	4.25795274e-06	4.578385e-06	0	100	0	0	3
8190	1849	0	3.19921875	-0.000150874615	-0.000147831736	-0.000150874615	-0.000146524992	4.34962371e-06	4.578385e-06	0	100	0	0	3
8195	1850	0	3.20117188	-0.000150908917	-0.000147845395	-0.000150908917	-0.000146524992	4.38392569e-06	4.578385e-06	0	100	0	0	3
8200	1852	0	3.203125	-0.000150888775	-0.000147858369	-0.000150908917	-0.000146524992	4.38392569e-06	4.578385e-06	0	100	0	0	3
8205	1854	0	3.20507812	-0.000150851205	-0.000147871157	-0.000150908917	-0.000146524992	4.38392569e-06	4.578385e-06	0	100	0	0	3
8210	1855	0	3.20703125	-0.000150932009	-0.000147884685	-0.000150932009	-0.000146524992	4.4070172e-06	4.578385e-06	0	100	0	0	3
8215	1856	0	3.20898438	-0.000151061272	-0.000147898981	-0.000151061272	-0.000146524992	4.53628031e-06	4.578385e-06	0	100	0	0	3
8220	1858	0	3.2109375	-0.000151095835	-0.000147913124	-0.000151095835	-0.000146524992	4.57084352e-06	4.578385e-06	0	100	0	0	3
8225	1859	0	3.21289062	-0.000151038994	-0.00014792661	-0.000151095835	-0.000146524992	4.57084352e-06	4.578385e-06	0	100	0	0	3
8230	1860	0	3.21484375	-0.000150982019	-0.000147940251	-0.000151095835	-0.000146524992	4.57084352e-06	4.578385e-06	0	100	0	0	3
8235	1861	0	3.21679688	-0.000151277852	-0.000147955688	-0.000151277852	-0.000146524992	4.7528599e-06	4.578385e-06	0	96.3	0	0	3
8240	1862	0	3.21875	-0.000151320356	-0.000147971372	-0.000151320356	-0.000146524992	4.79536448e-06	4.578385e-06	0	95.4	0	0	3
8245	1864	0	3.22070312	-0.00015116511	-0.000147985862	-0.000151320356	-0.000146524992	4.79536448e-06	4.578385e-06	0	95.4	0	0	3
8250	1865	0	3.22265625	-0.000151105684	-0.000147999959	-0.000151320356	-0.000146524992	4.79536448e-06	4.578385e-06	0	95.4	0	0	3
8255	1866	0	3.22460938	-0.000151240911	-0.000148015107	-0.000151320356	-0.000146524992	4.79536448e-06	4.578385e-06	0	95.4	0	0	3
8260	1867	0	3.2265625	-0.000151311344	-0.000148031037	-0.000151320356	-0.000146524992	4.79536448e-06	4.578385e-06	0	95.4	0	0	3
8265	1869	0	3.22851562	-0.000151377895	-0.000148046869	-0.000151377895	-0.000146524992	4.80753389e-06	4.578385e-06	0	95.2	0	0	3
8270	1870	0	3.23046875	-0.00015120222	-0.000148061581	-0.000151377895	-0.000146524992	4.78992936e-06	4.578385e-06	0	95.5	0	0	3
8275	1871	0	3.23242188	-0.000151131119	-0.000148076021	-0.000151377895	-0.000146524992	4.7733095e-06	4.578385e-06	0	95.9	0	0	3
8280	1872	0	3.234375	-0.000151378414	-0.000148092211	-0.000151378414	-0.000146524992	4.758277e-06	4.578385e-06	0	96.2	0	0	3
8285	1874	0	3.23632812	-0.000151442077	-0.000148108725	-0.000151442077	-0.000146524992	4.74251068e-06	4.578385e-06	0	96.5	0	0	3
8290	1875	0	3.23828125	-0.000151453814	-0.000148124957	-0.000151453814	-0.000146524992	4.72606936e-06	4.578385e-06	0	96.8	0	0	3
8295	1876	0	3.24023438	-0.000151262358	-0.000148140226	-0.000151453814	-0.000146524992	4.70955193e-06	4.578385e-06	0	97.2	0	0	3
8300	1877	0	3.2421875	-0.000151360721	-0.000148156181	-0.000151453814	-0.000146524992	4.69458353e-06	4.578385e-06	0	97.5	0	0	3
8305	1880	0	3.24414062	-0.000151514217	-0.000148173328	-0.000151514217	-0.000146524992	4.68023163e-06	4.578385e-06	0	97.8	0	0	3
8310	1881	0	3.24609375	-0.000151572122	-0.000148190662	-0.000151572122	-0.000146524992	4.6650235e-06	4.578385e-06	0	98.1	0	0	3
8315	1882	0	3.24804688	-0.000151513906	-0.000148207428	-0.000151572122	-0.000146524992	4.64957198e-06	4.578385e-06	0	98.4	0	0	3
8320	1883	0	3.25	-0.000151376767	-0.000148223672	-0.000151572122	-0.000146524992	4.63480582e-06	4.578385e-06	0	98.7	0	0	3
8325	1885	0	3.25195312	-0.000151530361	-0.000148240958	-0.000151572122	-0.000146524992	4.62143355e-06	4.578385e-06	0	99	0	0	3
8330	1886	0	3.25390625	-0.000151691914	-0.000148259217	-0.000151691914	-0.000146524992	4.60805748e-06	4.578385e-06	0	99.3	0	0	3
8335	1887	0	3.25585938	-0.000151619776	-0.000148276926	-0.000151691914	-0.000146524992	4.59331821e-06	4.578385e-06	0	99.6	0	0	3
8340	1888	0	3.2578125	-0.000151518727	-0.000148293811	-0.000151691914	-0.000146524992	4.57835512e-06	4.578385e-06	0	100	0	0	3
8345	1889	0	3.25976562	-0.000151534836	-0.000148310759	-0.000151691914	-0.000146524992	4.56473993e-06	4.578385e-06	0	100	0	0	3
8350	1891	0	3.26171875	-0.000151665415	-0.000148329005	-0.000151691914	-0.000146524992	4.55226673e-06	4.578385e-06	0	100	0	0	3
8355	1892	0	3.26367188	-0.000151824714	-0.000148347968	-0.000151824714	-0.000146524992	4.5393206e-06	4.578385e-06	0	100	0	0	3
8360	1893	0	3.265625	-0.000151735874	-0.000148366048	-0.000151824714	-0.000146524992	4.52489179e-06	4.578385e-06	0	100	0	0	3
8365	1894	0	3.26757812	-0.000151527556	-0.000148382813	-0.000151824714	-0.000146524992	4.50979943e-06	4.578385e-06	0	100	0	0	3
8370	1895	0	3.26953125	-0.000151593032	-0.000148399914	-0.000151824714	-0.000146524992	4.49607227e-06	4.578385e-06	0	100	0	0	3
8375	1897	0	3.27148438	-0.000151792848	-0.000148418575	-0.000151824714	-0.000146524992	4.48339718e-06	4.578385e-06	0	100	0	0	3
8380	1898	0	3.2734375	-0.000151818137	-0.000148437243	-0.000151824714	-0.000146524992	4.46963054e-06	4.578385e-06	0	100	0	0	3
8385	1899	0	3.27539062	-0.000151754622	-0.000148455178	-0.000151824714	-0.000146524992	4.45514675e-06	4.578385e-06	0	100	0	0	3
8390	1900	0	3.27734375	-0.000151726767	-0.000148472838	-0.000151824714	-0.000146524992	4.44156387e-06	4.578385e-06	0	100	0	0	3
8395	1902	0	3.27929688	-0.000151779694	-0.000148491325	-0.000151824714	-0.000146524992	4.42930644e-06	4.578385e-06	0	100	0	0	3
8400	1903	0	3.28125	-0.000151906063	-0.000148510759	-0.000151906063	-0.000146524992	4.41713586e-06	4.578385e-06	0	100	0	0	3
8405	1905	0	3.28320312	-0.00015194509	-0.00014853002	-0.00015194509	-0.000146524992	4.40393943e-06	4.578385e-06	0	100	0	0	3
8410	1906	0	3.28515625	-0.000151842316	-0.000148548433	-0.00015194509	-0.000146524992	4.39040173e-06	4.578385e-06	0	100	0	0	3
8415	1907	0	3.28710938	-0.000151815258	-0.000148566743	-0.00015194509	-0.000146524992	4.37819594e-06	4.578385e-06	0	100	0	0	3
8420	1908	0	3.2890625	-0.000151977394	-0.00014858659	-0.000151977394	-0.000146524992	4.3674431e-06	4.578385e-06	0	100	0	0	3
8425	1910	0	3.29101562	-0.000152017545	-0.000148606719	-0.000152017545	-0.000146524992	4.35596762e-06	4.578385e-06	0	100	0	0	3
8430	1911	0	3.29296875	-0.000151974703	-0.000148626294	-0.000152017545	-0.000146524992	4.34351515e-06	4.578385e-06	0	100	0	0	3
8435	1912	0	3.29492188	-0.000151894166	-0.000148645132	-0.000152017545	-0.000146524992	4.33132114e-06	4.578385e-06	0	100	0	0	3
8440	1913	0	3.296875	-0.000151902437	-0.000148664356	-0.000152017545	-0.000146524992	4.32032255e-06	4.578385e-06	0	100	0	0	3
8445	1914	0	3.29882812	-0.000152016175	-0.000148684635	-0.000152017545	-0.000146524992	4.30984223e-06	4.578385e-06	0	100	0	0	3
8450	1916	0	3.30078125	-0.000152075382	-0.000148705088	-0.000152075382	-0.000146524992	4.298506e-06	4.578385e-06	0	100	0	0	3
8455	1917	0	3.30273438	-0.000151952386	-0.000148724652	-0.000152075382	-0.000146524992	4.2865016e-06	4.578385e-06	0	100	0	0	3
8460	1918	0	3.3046875	-0.000151949746	-0.000148744211	-0.000152075382	-0.000146524992	4.27551725e-06	4.578385e-06	0	100	0	0	3
8465	1919	0	3.30664062	-0.000151988075	-0.000148764394	-0.000152075382	-0.000146524992	4.26563689e-06	4.578385e-06	0	100	0	0	3
8470	1921	0	3.30859375	-0.000152093312	-0.000148785486	-0.000152093312	-0.000146524992	4.25561399e-06	4.578385e-06	0	100	0	0	3
8475	1922	0	3.31054688	-0.000152103303	-0.000148806217	-0.000152103303	-0.000146524992	4.24436607e-06	4.578385e-06	0	100	0	0	3
8480	1923	0	3.3125	-0.000151962485	-0.000148826058	-0.000152103303	-0.000146524992	4.23299779e-06	4.578385e-06	0	100	0	0	3
8485	1924	0	3.31445312	-0.000151981003	-0.000148846243	-0.000152103303	-0.000146524992	4.22319562e-06	4.578385e-06	0	100	0	0	3
8490	1926	0	3.31640625	-0.000152074473	-0.00014886729	-0.000152103303	-0.000146524992	4.21452756e-06	4.578385e-06	0	100	0	0	3
8495	1927	0	3.31835938	-0.000152231738	-0.000148889222	-0.000152231738	-0.000146524992	4.20581907e-06	4.578385e-06	0	100	0	0	3
8500	1928	0	3.3203125	-0.000152120825	-0.000148910353	-0.000152231738	-0.000146524992	4.19606323e-06	4.578385e-06	0	100	0	0	3
8505	1931	0	3.32226562	-0.000152030329	-0.00014893087	-0.000152231738	-0.000146524992	4.18673794e-06	4.578385e-06	0	100	0	0	3
8510	1932	0	3.32421875	-0.000152067391	-0.000148951798	-0.000152231738	-0.000146524992	4.17879356e-06	4.578385e-06	0	100	0	0	3
8515	1933	0	3.32617188	-0.00015218813	-0.000148973591	-0.000152231738	-0.000146524992	4.17130598e-06	4.578385e-06	0	100	0	0	3
8520	1934	0	3.328125	-0.000152249512	-0.000148995517	-0.000152249512	-0.000146524992	4.16284728e-06	4.578385e-06	0	100	0	0	3
8525	1935	0	3.33007812	-0.000152122657	-0.000149016436	-0.000152249512	-0.000146524992	4.15349798e-06	4.578385e-06	0	100	0	0	3
8530	1937	0	3.33203125	-0.000152093449	-0.000149037002	-0.000152249512	-0.000146524992	4.14504924e-06	4.578385e-06	0	100	0	0	3
8535	1938	0	3.33398438	-0.000152169533	-0.000149058358	-0.000152249512	-0.000146524992	4.13797507e-06	4.578385e-06	0	100	0	0	3
8540	1939	0	3.3359375	-0.000152313605	-0.000149080632	-0.000152313605	-0.000146524992	4.13099247e-06	4.578385e-06	0	100	0	0	3
8545	1940	0	3.33789062	-0.000152205169	-0.00014910224	-0.000152313605	-0.000146524992	4.12255533e-06	4.578385e-06	0	100	0	0	3
8550	1942	0	3.33984375	-0.000152025943	-0.000149122742	-0.000152313605	-0.000146524992	4.11346008e-06	4.578385e-06	0	100	0	0	3
8555	1943	0	3.34179688	-0.000152090523	-0.000149143409	-0.000152313605	-0.000146524992	4.10572176e-06	4.578385e-06	0	100	0	0	3
8560	1944	0	3.34375	-0.000152227629	-0.000149165121	-0.000152313605	-0.000146524992	4.09936861e-06	4.578385e-06	0	100	0	0	3
8565	1945	0	3.34570312	-0.00015232834	-0.000149187472	-0.00015232834	-0.000146524992	4.09272054e-06	4.578385e-06	0	100	0	0	3
8570	1946	0	3.34765625	-0.000152248978	-0.000149209105	-0.00015232834	-0.000146524992	4.08466254e-06	4.578385e-06	0	100	0	0	3
8575	1948	0	3.34960938	-0.000152176432	-0.000149229949	-0.00015232834	-0.000146524992	4.07687874e-06	4.578385e-06	0	100	0	0	3
8580	1949	0	3.3515625	-0.000152214192	-0.000149251293	-0.00015232834	-0.000146524992	4.07068387e-06	4.578385e-06	0	100	0	0	3
8585	1950	0	3.35351562	-0.000152332686	-0.000149273656	-0.000152332686	-0.000146524992	4.06539428e-06	4.578385e-06	0	100	0	0	3
8590	1952	0	3.35546875	-0.000152394342	-0.000149296142	-0.000152394342	-0.000146524992	4.05948772e-06	4.578385e-06	0	100	0	0	3
8595	1953	0	3.35742188	-0.000152340347	-0.000149317935	-0.000152394342	-0.000146524992	4.05300886e-06	4.578385e-06	0	100	0	0	3
8600	1954	0	3.359375	-0.000152232948	-0.000149339118	-0.000152394342	-0.000146524992	4.04726139e-06	4.578385e-06	0	100	0	0	3
8605	1956	0	3.36132812	-0.000152351519	-0.000149361475	-0.000152394342	-0.000146524992	4.04324567e-06	4.578385e-06	0	100	0	0	3
8610	1958	0	3.36328125	-0.000152430253	-0.000149384459	-0.000152430253	-0.000146524992	4.03912836e-06	4.578385e-06	0	100	0	0	3
8615	1959	0	3.36523438	-0.000152389015	-0.000149406909	-0.000152430253	-0.000146524992	4.03344142e-06	4.578385e-06	0	100	0	0	3
8620	1960	0	3.3671875	-0.00015232147	-0.000149428426	-0.000152430253	-0.000146524992	4.02768513e-06	4.578385e-06	0	100	0	0	3
8625	1961	0	3.36914062	-0.000152226009	-0.000149449967	-0.000152430253	-0.000146524992	4.02309938e-06	4.578385e-06	0	100	0	0	3
8630	1963	0	3.37109375	-0.000152374342	-0.000149472645	-0.000152430253	-0.000146524992	4.01961067e-06	4.578385e-06	0	100	0	0	3
8635	1964	0	3.37304688	-0.000152428744	-0.000149495573	-0.000152430253	-0.000146524992	4.01527354e-06	4.578385e-06	0	100	0	0	3
8640	1965	0	3.375	-0.000152344851	-0.000149517704	-0.000152430253	-0.000146524992	4.00955124e-06	4.578385e-06	0	100	0	0	3
8645	1966	0	3.37695312	-0.000152259977	-0.000149539148	-0.000152430253	-0.000146524992	4.00401745e-06	4.578385e-06	0	100	0	0	3
8650	1968	0	3.37890625	-0.000152365579	-0.000149561303	-0.000152430253	-0.000146524992	4.00041839e-06	4.578385e-06	0	100	0	0	3
8655	1969	0	3.38085938	-0.000152457722	-0.000149584478	-0.000152457722	-0.000146557213	3.99768054e-06	4.578385e-06	0	100	0	0	3
8660	1970	0	3.3828125	-0.000152448755	-0.000149607387	-0.000152457722	-0.000146557213	3.99390865e-06	4.578385e-06	0	100	0	0	3
8665	1971	0	3.38476562	-0.000152341672	-0.000149629399	-0.000152457722	-0.000146557213	3.98941016e-06	4.578385e-06	0	100	0	0	3
8670	1973	0	3.38671875	-0.000152295463	-0.000149651068	-0.000152457722	-0.000146557213	3.98580629e-06	4.578385e-06	0	100	0	0	3
8675	1974	0	3.38867188	-0.000152423603	-0.000149673735	-0.000152457722	-0.000146557213	3.98398008e-06	4.578385e-06	0	100	0	0	3
8680	1975	0	3.390625	-0.000152451696	-0.00014969676	-0.000152457722	-0.000146582254	3.98199314e-06	4.578385e-06	0	100	0	0	3
8685	1977	0	3.39257812	-0.00015243981	-0.000149719323	-0.000152457722	-0.000146582254	3.97898309e-06	4.578385e-06	0	100	0	0	3
8690	1978	0	3.39453125	-0.00015234969	-0.000149741142	-0.000152457722	-0.000146582254	3.97596062e-06	4.578385e-06	0	100	0	0	3
8695	1979	0	3.39648438	-0.000152351375	-0.000149763148	-0.000152457722	-0.000146582254	3.97433118e-06	4.578385e-06	0	100	0	0	3
8700	1980	0	3.3984375	-0.000152456362	-0.000149786093	-0.000152457722	-0.000146600941	3.9738061e-06	4.578385e-06	0	100	0	0	3
8705	1982	0	3.40039062	-0.000152468039	-0.000149809012	-0.000152468039	-0.000146632431	3.97243763e-06	4.578385e-06	0	100	0	0	3
8710	1983	0	3.40234375	-0.000152400254	-0.000149831178	-0.000152468039	-0.000146632431	3.97030079e-06	4.578385e-06	0	100	0	0	3
8715	1985	0	3.40429688	-0.000152384257	-0.000149853191	-0.000152468039	-0.000146632431	3.96879524e-06	4.578385e-06	0	100	0	0	3
8720	1986	0	3.40625	-0.000152427551	-0.000149875518	-0.000152468039	-0.000146632431	3.96840863e-06	4.578385e-06	0	100	0	0	3
8725	1987	0	3.40820312	-0.00015249923	-0.000149898435	-0.00015249923	-0.000146657958	3.96833818e-06	4.578385e-06	0	100	0	0	3
8730	1988	0	3.41015625	-0.000152485491	-0.000149921161	-0.00015249923	-0.000146657958	3.96752708e-06	4.578385e-06	0	100	0	0	3
8735	1989	0	3.41210938	-0.000152369431	-0.000149943049	-0.00015249923	-0.000146657958	3.96634786e-06	4.578385e-06	0	100	0	0	3
8740	1991	0	3.4140625	-0.000152443615	-0.000149965061	-0.00015249923	-0.000146657958	3.96643545e-06	4.578385e-06	0	100	0	0	3
8745	1992	0	3.41601562	-0.000152494789	-0.000149987652	-0.00015249923	-0.000146657958	3.96742639e-06	4.578385e-06	0	100	0	0	3
8750	1993	0	3.41796875	-0.000152583165	-0.000150010798	-0.000152583165	-0.000146697865	3.96840532e-06	4.578385e-06	0	100	0	0	3
8755	1995	0	3.41992188	-0.000152469434	-0.000150033077	-0.000152583165	-0.000146697865	3.96845346e-06	4.578385e-06	0	100	0	0	3
8760	1996	0	3.421875	-0.00015239772	-0.000150054588	-0.000152583165	-0.000146697865	3.96884361e-06	4.578385e-06	0	100	0	0	3
8765	1997	0	3.42382812	-0.000152484514	-0.000150076757	-0.000152583165	-0.000146697865	3.97058285e-06	4.578385e-06	0	100	0	0	3
8770	1999	0	3.42578125	-0.00015258772	-0.00015009962	-0.00015258772	-0.000146697865	3.97297283e-06	4.578385e-06	0	100	0	0	3
8775	2000	0	3.42773438	-0.000152596667	-0.000150122662	-0.000152596667	-0.000146773175	3.9746666e-06	4.578385e-06	0	100	0	0	3
8780	2001	0	3.4296875	-0.000152346685	-0.000150144061	-0.000152596667	-0.000146773175	3.97511962e-06	4.578385e-06	0	100	0	0	3
8785	2002	0	3.43164062	-0.000152444451	-0.000150165686	-0.000152596667	-0.000146773175	3.97667644e-06	4.578385e-06	0	100	0	0	3
8790	2004	0	3.43359375	-0.000152547031	-0.00015018797	-0.000152596667	-0.000146773175	3.97918228e-06	4.578385e-06	0	100	0	0	3
8795	2005	0	3.43554688	-0.000152569765	-0.000150210613	-0.000152596667	-0.000146810901	3.98148586e-06	4.578385e-06	0	100	0	0	3
8800	2006	0	3.4375	-0.000152461485	-0.000150232569	-0.000152596667	-0.000146810901	3.98288284e-06	4.578385e-06	0	100	0	0	3
8805	2009	0	3.43945312	-0.000152437064	-0.000150254113	-0.000152596667	-0.000146810901	3.98437884e-06	4.578385e-06	0	100	0	0	3
8810	2010	0	3.44140625	-0.00015253379	-0.000150275998	-0.000152596667	-0.000146810901	3.98700953e-06	4.578385e-06	0	100	0	0	3
8815	2011	0	3.44335938	-0.000152606348	-0.000150298637	-0.000152606348	-0.000146900411	3.9898994e-06	4.578385e-06	0	100	0	0	3
8820	2012	0	3.4453125	-0.000152582395	-0.000150320799	-0.000152606348	-0.000146900411	3.9918793e-06	4.578385e-06	0	100	0	0	3
8825	2014	0	3.44726562	-0.00015250136	-0.00015034223	-0.000152606348	-0.000146900411	3.99369658e-06	4.578385e-06	0	100	0	0	3
8830	2015	0	3.44921875	-0.000152461792	-0.000150363437	-0.000152606348	-0.000146900411	3.99657712e-06	4.578385e-06	0	100	0	0	3
8835	2016	0	3.45117188	-0.000152597614	-0.000150385691	-0.000152606348	-0.000146905493	4.00056667e-06	4.578385e-06	0	100	0	0	3
8840	2017	0	3.453125	-0.000152686914	-0.000150408275	-0.000152686914	-0.000146951969	4.00409835e-06	4.578385e-06	0	100	0	0	3
8845	2019	0	3.45507812	-0.00015252676	-0.000150429707	-0.000152686914	-0.000146951969	4.00659908e-06	4.578385e-06	0	100	0	0	3
8850	2020	0	3.45703125	-0.000152461105	-0.000150450632	-0.000152686914	-0.000146951969	4.01002337e-06	4.578385e-06	0	100	0	0	3
8855	2021	0	3.45898438	-0.000152496037	-0.000150472029	-0.000152686914	-0.000146951969	4.01463694e-06	4.578385e-06	0	100	0	0	3
8860	2023	0	3.4609375	-0.000152572665	-0.000150493985	-0.000152686914	-0.000146988295	4.01938859e-06	4.578385e-06	0	100	0	0	3
8865	2024	0	3.46289062	-0.000152630627	-0.000150516026	-0.000152686914	-0.000147024176	4.02371382e-06	4.578385e-06	0	100	0	0	3
8870	2025	0	3.46484375	-0.000152496418	-0.00015053727	-0.000152686914	-0.000147024176	4.02759794e-06	4.578385e-06	0	100	0	0	3
8875	2026	0	3.46679688	-0.000152493763	-0.000150558086	-0.000152686914	-0.000147024176	4.03232033e-06	4.578385e-06	0	100	0	0	3
8880	2028	0	3.46875	-0.000152562685	-0.000150579521	-0.000152686914	-0.000147024176	4.0380241e-06	4.578385e-06	0	100	0	0	3
8885	2029	0	3.47070312	-0.000152657237	-0.000150601526	-0.000152686914	-0.000147124442	4.04348003e-06	4.578385e-06	0	100	0	0	3
8890	2030	0	3.47265625	-0.000152632763	-0.000150623042	-0.000152686914	-0.000147144508	4.04833616e-06	4.578385e-06	0	100	0	0	3
8895	2031	0	3.47460938	-0.000152517314	-0.000150643866	-0.000152686914	-0.000147144508	4.05311696e-06	4.578385e-06	0	100	0	0	3
8900	2033	0	3.4765625	-0.000152549124	-0.000150664533	-0.000152686914	-0.000147144508	4.05900152e-06	4.578385e-06	0	100	0	0	3
8905	2035	0	3.47851562	-0.00015268751	-0.000150686169	-0.00015268751	-0.000147144508	4.06574684e-06	4.578385e-06	0	100	0	0	3
8910	2036	0	3.48046875	-0.00015269531	-0.000150707851	-0.00015269531	-0.000147194961	4.07152774e-06	4.578385e-06	0	100	0	0	3
8915	2037	0	3.48242188	-0.000152650971	-0.000150728737	-0.00015269531	-0.000147194961	4.07671016e-06	4.578385e-06	0	100	0	0	3
8920	2039	0	3.484375	-0.000152544348	-0.000150748853	-0.00015269531	-0.000147194961	4.08264707e-06	4.578385e-06	0	100	0	0	3
8925	2040	0	3.48632812	-0.000152648115	-0.00015076968	-0.00015269531	-0.000147194961	4.09024499e-06	4.578385e-06	0	100	0	0	3
8930	2041	0	3.48828125	-0.000152758601	-0.000150791413	-0.000152758601	-0.000147286274	4.09798896e-06	4.578385e-06	0	100	0	0	3
8935	2043	0	3.49023438	-0.000152692857	-0.000150812533	-0.000152758601	-0.000147352415	4.10413618e-06	4.578385e-06	0	100	0	0	3
8940	2044	0	3.4921875	-0.000152607313	-0.000150832541	-0.000152758601	-0.000147352415	4.11011739e-06	4.578385e-06	0	100	0	0	3
8945	2045	0	3.49414062	-0.000152585537	-0.000150852493	-0.000152758601	-0.000147352415	4.11734034e-06	4.578385e-06	0	100	0	0	3
8950	2046	0	3.49609375	-0.000152745966	-0.000150873497	-0.000152758601	-0.000147352415	4.12573266e-06	4.578385e-06	0	100	0	0	3
8955	2048	0	3.49804688	-0.000152818348	-0.000150894848	-0.000152818348	-0.000147469161	4.13351117e-06	4.578385e-06	0	100	0	0	3
8960	2049	0	3.5	-0.000152706462	-0.000150915307	-0.000152818348	-0.000147473482	4.13997558e-06	4.578385e-06	0	100	0	0	3
8965	2050	0	3.50195312	-0.000152584207	-0.000150934802	-0.000152818348	-0.000147473482	4.14642544e-06	4.578385e-06	0	100	0	0	3
8970	2052	0	3.50390625	-0.000152662524	-0.000150954624	-0.000152818348	-0.000147473482	4.15416331e-06	4.578385e-06	0	100	0	0	3
8975	2053	0	3.50585938	-0.000152753057	-0.000150975248	-0.000152818348	-0.000147486093	4.16235364e-06	4.578385e-06	0	100	0	0	3
8980	2054	0	3.5078125	-0.000152787313	-0.000150995956	-0.000152818348	-0.000147564542	4.16952235e-06	4.578385e-06	0	100	0	0	3
8985	2056	0	3.50976562	-0.000152674204	-0.000151015498	-0.000152818348	-0.000147564542	4.17554492e-06	4.578385e-06	0	100	0	0	3
8990	2057	0	3.51171875	-0.000152615352	-0.000151034417	-0.000152818348	-0.000147564542	4.18227732e-06	4.578385e-06	0	100	0	0	3
8995	2058	0	3.51367188	-0.000152725924	-0.00015105414	-0.000152818348	-0.000147564542	4.19050717e-06	4.578385e-06	0	100	0	0	3
9000	2059	0	3.515625	-0.000152869471	-0.000151074863	-0.000152869471	-0.000147659159	4.19908274e-06	4.578385e-06	0	100	0	0	3
9005	2062	0	3.51757812	-0.000152781864	-0.000151094847	-0.000152869471	-0.000147659159	4.20610867e-06	4.578385e-06	0	100	0	0	3
9010	2063	0	3.51953125	-0.000152692964	-0.000151113751	-0.000152869471	-0.000147659159	4.21284763e-06	4.578385e-06	0	100	0	0	3
9015	2064	0	3.52148438	-0.000152671583	-0.000151132576	-0.000152869471	-0.000147659159	4.22074099e-06	4.578385e-06	0	100	0	0	3
9020	2066	0	3.5234375	-0.000152809138	-0.000151152498	-0.000152869471	-0.000147659159	4.23004849e-06	4.578385e-06	0	100	0	0	3
9025	2067	0	3.52539062	-0.00015292004	-0.000151173048	-0.00015292004	-0.000147744753	4.23897185e-06	4.578385e-06	0	100	0	0	3
9030	2068	0	3.52734375	-0.000152790418	-0.000151192397	-0.00015292004	-0.000147744753	4.24632508e-06	4.578385e-06	0	100	0	0	3
9035	2069	0	3.52929688	-0.000152692854	-0.000151210992	-0.00015292004	-0.000147744753	4.25423763e-06	4.578385e-06	0	100	0	0	3
9040	2071	0	3.53125	-0.000152750582	-0.000151230096	-0.00015292004	-0.000147744753	4.26372037e-06	4.578385e-06	0	100	0	0	3
9045	2072	0	3.53320312	-0.000152857589	-0.000151250068	-0.00015292004	-0.000147847372	4.27357847e-06	4.578385e-06	0	100	0	0	3
9050	2073	0	3.53515625	-0.000152883559	-0.000151269741	-0.00015292004	-0.000147880472	4.28216858e-06	4.578385e-06	0	100	0	0	3
9055	2075	0	3.53710938	-0.000152770388	-0.000151288452	-0.00015292004	-0.000147880472	4.28980527e-06	4.578385e-06	0	100	0	0	3
9060	2076	0	3.5390625	-0.000152692012	-0.000151306574	-0.00015292004	-0.000147880472	4.29773118e-06	4.578385e-06	0	100	0	0	3
9065	2077	0	3.54101562	-0.000152771963	-0.000151324864	-0.00015292004	-0.000147880472	4.30704877e-06	4.578385e-06	0	100	0	0	3
9070	2079	0	3.54296875	-0.000152882024	-0.000151344401	-0.00015292004	-0.000148010722	4.3168574e-06	4.578385e-06	0	100	0	0	3
9075	2080	0	3.54492188	-0.000152882062	-0.00015136343	-0.00015292004	-0.000148149588	4.32502596e-06	4.578385e-06	0	100	0	0	3
9080	2081	0	3.546875	-0.000152756288	-0.000151381147	-0.00015292004	-0.000148149588	4.33246297e-06	4.578385e-06	0	100	0	0	3
9085	2082	0	3.54882812	-0.000152767749	-0.000151398758	-0.00015292004	-0.000148149588	4.34092573e-06	4.578385e-06	0	100	0	0	3
9090	2084	0	3.55078125	-0.000152848166	-0.000151417053	-0.00015292004	-0.000148149588	4.35019916e-06	4.578385e-06	0	100	0	0	3
9095	2085	0	3.55273438	-0.000152952982	-0.000151435816	-0.000152952982	-0.00014821181	4.35943894e-06	4.578385e-06	0	100	0	0	3
9100	2086	0	3.5546875	-0.00015289217	-0.000151454098	-0.000152952982	-0.000148274907	4.36740697e-06	4.578385e-06	0	100	0	0	3
9105	2089	0	3.55664062	-0.000152832531	-0.000151471402	-0.000152952982	-0.000148274907	4.37535254e-06	4.578385e-06	0	100	0	0	3
9110	2090	0	3.55859375	-0.000152851958	-0.000151488778	-0.000152952982	-0.000148274907	4.38457952e-06	4.578385e-06	0	100	0	0	3
9115	2092	0	3.56054688	-0.000152948127	-0.000151507033	-0.000152952982	-0.000148326374	4.39416789e-06	4.578385e-06	0	100	0	0	3
9120	2093	0	3.5625	-0.000152930819	-0.000151525019	-0.000152952982	-0.000148425754	4.40234276e-06	4.578385e-06	0	100	0	0	3
9125	2094	0	3.56445312	-0.000152877616	-0.000151542105	-0.000152952982	-0.000148425754	4.40950209e-06	4.578385e-06	0	100	0	0	3
9130	2096	0	3.56640625	-0.000152860445	-0.000151558675	-0.000152952982	-0.000148425754	4.41749312e-06	4.578385e-06	0	100	0	0	3
9135	2097	0	3.56835938	-0.0001529465	-0.000151576103	-0.000152952982	-0.000148425754	4.4269116e-06	4.578385e-06	0	100	0	0	3
9140	2098	0	3.5703125	-0.000153018667	-0.000151594044	-0.000153018667	-0.000148482545	4.43621578e-06	4.578385e-06	0	100	0	0	3
9145	2099	0	3.57226562	-0.000153016067	-0.000151611753	-0.000153018667	-0.000148623503	4.39516457e-06	4.578385e-06	0	100	0	0	3
9150	2101	0	3.57421875	-0.000152906802	-0.000151627983	-0.000153018667	-0.000148623503	4.39516457e-06	4.578385e-06	0	100	0	0	3
9155	2102	0	3.57617188	-0.000152869267	-0.00015164386	-0.000153018667	-0.000148623503	4.39516457e-06	4.578385e-06	0	100	0	0	3
9160	2103	0	3.578125	-0.000152994859	-0.000151660935	-0.000153018667	-0.000148672152	4.34651511e-06	4.578385e-06	0	100	0	0	3
9165	2104	0	3.58007812	-0.000153003265	-0.000151677854	-0.000153018667	-0.000148813306	4.20536131e-06	4.578385e-06	0	100	0	0	3
9170	2106	0	3.58203125	-0.000153051919	-0.000151694282	-0.000153051919	-0.000148813306	4.23861317e-06	4.578385e-06	0	100	0	0	3
9175	2107	0	3.58398438	-0.000152917425	-0.000151709846	-0.000153051919	-0.000148813306	4.23861317e-06	4.578385e-06	0	100	0	0	3
9180	2108	0	3.5859375	-0.000152970825	-0.000151725576	-0.000153051919	-0.000148813306	4.23861317e-06	4.578385e-06	0	100	0	0	3
9185	2109	0	3.58789062	-0.000153083292	-0.000151742256	-0.000153083292	-0.00014883391	4.24938233e-06	4.578385e-06	0	100	0	0	3
9190	2111	0	3.58984375	-0.000153083962	-0.000151758857	-0.000153083962	-0.000148915556	4.16840583e-06	4.578385e-06	0	100	0	0	3
9195	2112	0	3.59179688	-0.000153046942	-0.000151774217	-0.000153083962	-0.000148915556	4.16840583e-06	4.578385e-06	0	100	0	0	3
9200	2113	0	3.59375	-0.000152950187	-0.000151789321	-0.000153083962	-0.000148915556	4.16840583e-06	4.578385e-06	0	100	0	0	3
9205	2116	0	3.59570312	-0.000153074548	-0.000151805189	-0.000153083962	-0.000148915556	4.16840583e-06	4.578385e-06	0	100	0	0	3
9210	2117	0	3.59765625	-0.000153199224	-0.000151821922	-0.000153199224	-0.000149046035	4.1531895e-06	4.578385e-06	0	100	0	0	3
9215	2118	0	3.59960938	-0.000153153473	-0.000151837967	-0.000153199224	-0.000149111891	4.08733306e-06	4.578385e-06	0	100	0	0	3
9220	2119	0	3.6015625	-0.000153064589	-0.000151852997	-0.000153199224	-0.000149111891	4.08733306e-06	4.578385e-06	0	100	0	0	3
9225	2121	0	3.60351562	-0.000152986461	-0.000151867499	-0.000153199224	-0.000149111891	4.08733306e-06	4.578385e-06	0	100	0	0	3
9230	2122	0	3.60546875	-0.000153106199	-0.000151883102	-0.000153199224	-0.000149168137	4.03108714e-06	4.578385e-06	0	100	0	0	3
9235	2123	0	3.60742188	-0.000153202919	-0.000151898863	-0.000153202919	-0.000149276573	3.92634507e-06	4.578385e-06	0	100	0	0	3
9240	2124	0	3.609375	-0.00015307352	-0.000151913487	-0.000153202919	-0.000149276573	3.92634507e-06	4.578385e-06	0	100	0	0	3
9245	2126	0	3.61132812	-0.00015302325	-0.000151927633	-0.000153202919	-0.000149276573	3.92634507e-06	4.578385e-06	0	100	0	0	3
9250	2127	0	3.61328125	-0.00015307822	-0.000151942057	-0.000153202919	-0.000149276573	3.92634507e-06	4.578385e-06	0	100	0	0	3
9255	2128	0	3.61523438	-0.000153187421	-0.000151957334	-0.000153202919	-0.000149386915	3.81600359e-06	4.578385e-06	0	100	0	0	3
9260	2130	0	3.6171875	-0.000153209632	-0.000151972266	-0.000153209632	-0.000149454982	3.75465046e-06	4.578385e-06	0	100	0	0	3
9265	2131	0	3.61914062	-0.00015316449	-0.000151986756	-0.000153209632	-0.00014945673	3.75290177e-06	4.578385e-06	0	100	0	0	3
9270	2132	0	3.62109375	-0.000153072035	-0.000152000281	-0.000153209632	-0.00014945673	3.75290177e-06	4.578385e-06	0	100	0	0	3
9275	2133	0	3.62304688	-0.000153125214	-0.000152014117	-0.000153209632	-0.00014945673	3.75290177e-06	4.578385e-06	0	100	0	0	3
9280	2135	0	3.625	-0.000153318761	-0.000152029204	-0.000153318761	-0.000149624192	3.69456916e-06	4.578385e-06	0	100	0	0	3
9285	2136	0	3.62695312	-0.000153313948	-0.000152043459	-0.000153318761	-0.000149624192	3.69456916e-06	4.578385e-06	0	100	0	0	3
9290	2137	0	3.62890625	-0.000153206315	-0.00015205692	-0.000153318761	-0.000149624192	3.69456916e-06	4.578385e-06	0	100	0	0	3
9295	2138	0	3.63085938	-0.000153173716	-0.0001520705	-0.000153318761	-0.000149624192	3.69456916e-06	4.578385e-06	0	100	0	0	3
9300	2140	0	3.6328125	-0.000153240653	-0.000152084386	-0.000153318761	-0.000149624192	3.69456916e-06	4.578385e-06	0	100	0	0	3
9305	2142	0	3.63476562	-0.00015333046	-0.000152098864	-0.00015333046	-0.00014983913	3.49133062e-06	4.578385e-06	0	100	0	0	3
9310	2143	0	3.63671875	-0.000153222829	-0.000152111807	-0.00015333046	-0.00014983913	3.49133062e-06	4.578385e-06	0	100	0	0	3
9315	2145	0	3.63867188	-0.0001532338	-0.000152124585	-0.00015333046	-0.00014983913	3.49133062e-06	4.578385e-06	0	100	0	0	3
9320	2146	0	3.640625	-0.000153297954	-0.000152137886	-0.00015333046	-0.00014983913	3.49133062e-06	4.578385e-06	0	100	0	0	3
9325	2147	0	3.64257812	-0.000153429981	-0.000152151912	-0.000153429981	-0.000149915287	3.5146936e-06	4.578385e-06	0	100	0	0	3
9330	2149	0	3.64453125	-0.000153316179	-0.000152165197	-0.000153429981	-0.000150008636	3.42134512e-06	4.578385e-06	0	100	0	0	3
9335	2150	0	3.64648438	-0.000153265598	-0.000152177798	-0.000153429981	-0.000150008636	3.42134512e-06	4.578385e-06	0	100	0	0	3
9340	2151	0	3.6484375	-0.000153281901	-0.000152190255	-0.000153429981	-0.000150008636	3.42134512e-06	4.578385e-06	0	100	0	0	3
9345	2153	0	3.65039062	-0.000153366577	-0.000152203351	-0.000153429981	-0.000150008636	3.42134512e-06	4.578385e-06	0	100	0	0	3
9350	2154	0	3.65234375	-0.00015343115	-0.00015221672	-0.00015343115	-0.000150119718	3.31143223e-06	4.578385e-06	0	100	0	0	3
9355	2155	0	3.65429688	-0.00015333458	-0.00015222908	-0.00015343115	-0.000150119718	3.31143223e-06	4.578385e-06	0	100	0	0	3
9360	2156	0	3.65625	-0.000153259048	-0.000152240684	-0.00015343115	-0.000150119718	3.31143223e-06	4.578385e-06	0	100	0	0	3
9365	2158	0	3.65820312	-0.000153410672	-0.000152253141	-0.00015343115	-0.000150119718	3.31143223e-06	4.578385e-06	0	100	0	0	3
9370	2159	0	3.66015625	-0.000153466139	-0.000152266213	-0.000153466139	-0.000150210299	3.25584061e-06	4.578385e-06	0	100	0	0	3
9375	2160	0	3.66210938	-0.000153505807	-0.000152279086	-0.000153505807	-0.000150307347	3.19846042e-06	4.578385e-06	0	100	0	0	3
9380	2162	0	3.6640625	-0.000153391872	-0.000152291023	-0.000153505807	-0.000150307347	3.19846042e-06	4.578385e-06	0	100	0	0	3
9385	2163	0	3.66601562	-0.000153379983	-0.000152302841	-0.000153505807	-0.000150307347	3.19846042e-06	4.578385e-06	0	100	0	0	3
9390	2164	0	3.66796875	-0.000153440888	-0.000152315082	-0.000153505807	-0.00015031145	3.19435748e-06	4.578385e-06	0	100	0	0	3
9395	2165	0	3.66992188	-0.000153505046	-0.000152327557	-0.000153505807	-0.000150380521	3.12528642e-06	4.578385e-06	0	100	0	0	3
9400	2167	0	3.671875	-0.000153496955	-0.000152339552	-0.000153505807	-0.000150380521	3.12528642e-06	4.578385e-06	0	100	0	0	3
9405	2169	0	3.67382812	-0.000153465321	-0.00015235092	-0.000153505807	-0.000150380521	3.12528642e-06	4.578385e-06	0	100	0	0	3
9410	2170	0	3.67578125	-0.000153431536	-0.000152362592	-0.000153505807	-0.000150380521	3.12528642e-06	4.578385e-06	0	100	0	0	3
9415	2172	0	3.67773438	-0.000153575166	-0.000152375071	-0.000153575166	-0.000150499989	3.07517731e-06	4.578385e-06	0	100	0	0	3
9420	2173	0	3.6796875	-0.000153551245	-0.00015238699	-0.000153575166	-0.000150541185	3.03398155e-06	4.578385e-06	0	100	0	0	3
9425	2174	0	3.68164062	-0.000153519809	-0.00015239822	-0.000153575166	-0.000150541185	3.03398155e-06	4.578385e-06	0	100	0	0	3
9430	2176	0	3.68359375	-0.00015349469	-0.000152409215	-0.000153575166	-0.000150541185	3.03398155e-06	4.578385e-06	0	100	0	0	3
9435	2177	0	3.68554688	-0.000153552624	-0.000152420979	-0.000153575166	-0.000150551104	3.02406198e-06	4.578385e-06	0	100	0	0	3
9440	2178	0	3.6875	-0.000153665155	-0.000152433143	-0.000153665155	-0.000150659581	3.00557343e-06	4.578385e-06	0	100	0	0	3
9445	2179	0	3.68945312	-0.000153650986	-0.000152444828	-0.000153665155	-0.000150708781	2.95637421e-06	4.578385e-06	0	100	0	0	3
9450	2181	0	3.69140625	-0.000153526465	-0.000152455545	-0.000153665155	-0.000150708781	2.95637421e-06	4.578385e-06	0	100	0	0	3
9455	2182	0	3.69335938	-0.000153584384	-0.000152466577	-0.000153665155	-0.000150708781	2.95637421e-06	4.578385e-06	0	100	0	0	3
9460	2183	0	3.6953125	-0.000153674753	-0.000152478078	-0.000153674753	-0.000150708781	2.96597246e-06	4.578385e-06	0	100	0	0	3
9465	2185	0	3.69726562	-0.000153699996	-0.000152489762	-0.000153699996	-0.000150851205	2.84879079e-06	4.578385e-06	0	100	0	0	3
9470	2186	0	3.69921875	-0.000153616807	-0.000152500474	-0.000153699996	-0.000150851205	2.84879079e-06	4.578385e-06	0	100	0	0	3
9475	2187	0	3.70117188	-0.000153609253	-0.000152511022	-0.000153699996	-0.000150851205	2.84879079e-06	4.578385e-06	0	100	0	0	3
9480	2189	0	3.703125	-0.000153685544	-0.000152521947	-0.000153699996	-0.000150851205	2.84879079e-06	4.578385e-06	0	100	0	0	3
9485	2190	0	3.70507812	-0.000153792261	-0.000152533436	-0.000153792261	-0.000150932009	2.86025167e-06	4.578385e-06	0	100	0	0	3
9490	2191	0	3.70703125	-0.000153748722	-0.000152544438	-0.000153792261	-0.000150982019	2.81024109e-06	4.578385e-06	0	100	0	0	3
9495	2193	0	3.70898438	-0.000153747256	-0.000152554931	-0.000153792261	-0.000150982019	2.81024109e-06	4.578385e-06	0	100	0	0	3
9500	2194	0	3.7109375	-0.000153691015	-0.000152565068	-0.000153792261	-0.000150982019	2.81024109e-06	4.578385e-06	0	100	0	0	3
9505	2197	0	3.71289062	-0.000153828227	-0.000152575963	-0.000153828227	-0.000150982019	2.8462075e-06	4.578385e-06	0	100	0	0	3
9510	2198	0	3.71484375	-0.000153865843	-0.000152587228	-0.000153865843	-0.000151105684	2.76015918e-06	4.578385e-06	0	100	0	0	3
9515	2199	0	3.71679688	-0.000153775252	-0.000152596984	-0.000153865843	-0.000151105684	2.76015918e-06	4.578385e-06	0	100	0	0	3
9520	2201	0	3.71875	-0.000153758844	-0.000152606509	-0.000153865843	-0.000151105684	2.76015918e-06	4.578385e-06	0	100	0	0	3
9525	2202	0	3.72070312	-0.000153807995	-0.000152616833	-0.000153865843	-0.000151105684	2.76015918e-06	4.578385e-06	0	100	0	0	3
9530	2203	0	3.72265625	-0.000153910281	-0.000152627788	-0.000153910281	-0.000151131119	2.77916167e-06	4.578385e-06	0	100	0	0	3
9535	2205	0	3.72460938	-0.000153918936	-0.000152638249	-0.000153918936	-0.000151131119	2.78781702e-06	4.578385e-06	0	100	0	0	3
9540	2206	0	3.7265625	-0.000153772635	-0.000152647864	-0.000153918936	-0.000151131119	2.78781702e-06	4.578385e-06	0	100	0	0	3
9545	2207	0	3.72851562	-0.000153836907	-0.000152657469	-0.000153918936	-0.000151131119	2.78781702e-06	4.578385e-06	0	100	0	0	3
9550	2208	0	3.73046875	-0.000153871888	-0.000152667898	-0.000153918936	-0.000151131119	2.78781702e-06	4.578385e-06	0	100	0	0	3
9555	2210	0	3.73242188	-0.000154003342	-0.000152679117	-0.000154003342	-0.000151262358	2.74098379e-06	4.578385e-06	0	100	0	0	3
9560	2211	0	3.734375	-0.000153990067	-0.000152689319	-0.000154003342	-0.000151262358	2.74098379e-06	4.578385e-06	0	100	0	0	3
9565	2212	0	3.73632812	-0.000153884024	-0.000152698858	-0.000154003342	-0.000151262358	2.74098379e-06	4.578385e-06	0	100	0	0	3
9570	2214	0	3.73828125	-0.000153853321	-0.000152708231	-0.000154003342	-0.000151262358	2.74098379e-06	4.578385e-06	0	100	0	0	3
9575	2215	0	3.74023438	-0.000154050423	-0.000152719122	-0.000154050423	-0.000151360721	2.68970211e-06	4.578385e-06	0	100	0	0	3
9580	2217	0	3.7421875	-0.000154065393	-0.000152729687	-0.000154065393	-0.000151376767	2.68862655e-06	4.578385e-06	0	100	0	0	3
9585	2218	0	3.74414062	-0.000153979885	-0.000152739319	-0.000154065393	-0.000151376767	2.68862655e-06	4.578385e-06	0	100	0	0	3
9590	2219	0	3.74609375	-0.000153888272	-0.000152748366	-0.000154065393	-0.000151376767	2.68862655e-06	4.578385e-06	0	100	0	0	3
9595	2221	0	3.74804688	-0.000153996322	-0.000152758063	-0.000154065393	-0.000151376767	2.68862655e-06	4.578385e-06	0	100	0	0	3
9600	2222	0	3.75	-0.000154130619	-0.00015276882	-0.000154130619	-0.000151518727	2.61189173e-06	4.578385e-06	0	100	0	0	3
9605	2224	0	3.75195312	-0.000154121547	-0.000152778942	-0.000154130619	-0.000151518727	2.61189173e-06	4.578385e-06	0	100	0	0	3
9610	2226	0	3.75390625	-0.000153977465	-0.00015278787	-0.000154130619	-0.000151518727	2.61189173e-06	4.578385e-06	0	100	0	0	3
9615	2227	0	3.75585938	-0.000153947671	-0.000152796963	-0.000154130619	-0.000151518727	2.61189173e-06	4.578385e-06	0	100	0	0	3
9620	2228	0	3.7578125	-0.000154071582	-0.000152806935	-0.000154130619	-0.000151527556	2.60306286e-06	4.578385e-06	0	100	0	0	3
9625	2230	0	3.75976562	-0.000154236619	-0.000152817489	-0.000154236619	-0.000151527556	2.70906293e-06	4.578385e-06	0	100	0	0	3
9630	2231	0	3.76171875	-0.000154055343	-0.000152826825	-0.000154236619	-0.000151527556	2.70906293e-06	4.578385e-06	0	100	0	0	3
9635	2232	0	3.76367188	-0.00015404594	-0.000152835502	-0.000154236619	-0.000151527556	2.70906293e-06	4.578385e-06	0	100	0	0	3
9640	2234	0	3.765625	-0.000154086926	-0.000152844685	-0.000154236619	-0.000151527556	2.70906293e-06	4.578385e-06	0	100	0	0	3
9645	2235	0	3.76757812	-0.000154196489	-0.000152855111	-0.000154236619	-0.000151593032	2.64358726e-06	4.578385e-06	0	100	0	0	3
9650	2237	0	3.76953125	-0.000154250455	-0.000152865491	-0.000154250455	-0.000151726767	2.5236875e-06	4.578385e-06	0	100	0	0	3
9655	2238	0	3.77148438	-0.000154187947	-0.000152874847	-0.000154250455	-0.000151726767	2.5236875e-06	4.578385e-06	0	100	0	0	3
9660	2239	0	3.7734375	-0.000154061541	-0.000152883611	-0.000154250455	-0.000151726767	2.5236875e-06	4.578385e-06	0	100	0	0	3
9665	2241	0	3.77539062	-0.00015422989	-0.00015289328	-0.000154250455	-0.000151726767	2.5236875e-06	4.578385e-06	0	100	0	0	3
9670	2242	0	3.77734375	-0.000154291194	-0.000152903297	-0.000154291194	-0.000151779694	2.51149931e-06	4.578385e-06	0	100	0	0	3
9675	2243	0	3.77929688	-0.000154336588	-0.000152913285	-0.000154336588	-0.000151815258	2.52133068e-06	4.578385e-06	0	100	0	0	3
9680	2245	0	3.78125	-0.000154161979	-0.000152922097	-0.000154336588	-0.000151815258	2.52133068e-06	4.578385e-06	0	100	0	0	3
9685	2246	0	3.78320312	-0.000154208995	-0.00015293094	-0.000154336588	-0.000151815258	2.52133068e-06	4.578385e-06	0	100	0	0	3
9690	2247	0	3.78515625	-0.000154285044	-0.000152940482	-0.000154336588	-0.000151815258	2.52133068e-06	4.578385e-06	0	100	0	0	3
9695	2249	0	3.78710938	-0.000154359921	-0.000152950422	-0.000154359921	-0.000151894166	2.46575561e-06	4.578385e-06	0	100	0	0	3
9700	2250	0	3.7890625	-0.000154321134	-0.000152959578	-0.000154359921	-0.000151894166	2.46575561e-06	4.578385e-06	0	100	0	0	3
9705	2253	0	3.79101562	-0.000154229755	-0.000152968219	-0.000154359921	-0.000151894166	2.46575561e-06	4.578385e-06	0	100	0	0	3
9710	2254	0	3.79296875	-0.000154272629	-0.000152977195	-0.000154359921	-0.000151894166	2.46575561e-06	4.578385e-06	0	100	0	0	3
9715	2255	0	3.79492188	-0.000154444003	-0.000152987156	-0.000154444003	-0.000151902437	2.54156597e-06	4.578385e-06	0	100	0	0	3
9720	2257	0	3.796875	-0.000154416396	-0.000152996976	-0.000154444003	-0.000151949746	2.49425774e-06	4.578385e-06	0	100	0	0	3
9725	2258	0	3.79882812	-0.000154329077	-0.000153006011	-0.000154444003	-0.000151949746	2.49425774e-06	4.578385e-06	0	100	0	0	3
9730	2260	0	3.80078125	-0.000154256388	-0.00015301453	-0.000154444003	-0.000151949746	2.49425774e-06	4.578385e-06	0	100	0	0	3
9735	2261	0	3.80273438	-0.000154382865	-0.000153024024	-0.000154444003	-0.000151949746	2.49425774e-06	4.578385e-06	0	100	0	0	3
9740	2262	0	3.8046875	-0.000154477351	-0.000153033898	-0.000154477351	-0.000151962485	2.51486534e-06	4.578385e-06	0	100	0	0	3
9745	2264	0	3.80664062	-0.000154522961	-0.0001530438	-0.000154522961	-0.000151962485	2.56047586e-06	4.578385e-06	0	100	0	0	3
9750	2265	0	3.80859375	-0.0001543056	-0.000153052441	-0.000154522961	-0.000151962485	2.56047586e-06	4.578385e-06	0	100	0	0	3
9755	2266	0	3.81054688	-0.000154344448	-0.000153061196	-0.000154522961	-0.000151962485	2.56047586e-06	4.578385e-06	0	100	0	0	3
9760	2267	0	3.8125	-0.000154446717	-0.0001530709	-0.000154522961	-0.000151981003	2.54195791e-06	4.578385e-06	0	100	0	0	3
9765	2269	0	3.81445312	-0.000154520168	-0.000153080818	-0.000154522961	-0.000152025943	2.49701794e-06	4.578385e-06	0	100	0	0	3
9770	2270	0	3.81640625	-0.000154508099	-0.000153090325	-0.000154522961	-0.000152025943	2.49701794e-06	4.578385e-06	0	100	0	0	3
9775	2271	0	3.81835938	-0.000154416079	-0.000153098857	-0.000154522961	-0.000152025943	2.49701794e-06	4.578385e-06	0	100	0	0	3
