Iteration	CPUTime	PhysTime	Travels	Value	AvValue	MinValue	MaxValue	Delta	Criteria	PrevAvRefValue	Progress	CriteriaType	CriteriaVarType	CriteriaPercentage
1	1	0	0.000390625	1	1	1	1	0	0	0	0	0	0	3
5	2	0	0.001953125	0.999994004	0.999997002	0.999994004	1	2.99783142e-06	0	0	0	0	0	3
10	3	0	0.00390625	0.999996865	0.999996956	0.999994004	1	3.04369724e-06	0	0	0	0	0	3
15	5	0	0.005859375	0.999983988	0.999993714	0.999983988	1	6.28580484e-06	0	0	0	0	0	3
20	6	0	0.0078125	0.999994654	0.999993902	0.999983988	1	6.28580484e-06	0	0	0	0	0	3
25	7	0	0.009765625	0.999996267	0.999994296	0.999983988	1	6.28580484e-06	0	0	0	0	0	3
30	8	0	0.01171875	0.999997963	0.99999482	0.999983988	1	6.28580484e-06	0	0	0	0	0	3
35	9	0	0.013671875	0.999998833	0.999995322	0.999983988	1	6.28580484e-06	0	0	0	0	0	3
40	11	0	0.015625	0.999998909	0.99999572	0.999983988	1	6.28580484e-06	0	0	0	0	0	3
45	12	0	0.017578125	0.999999101	0.999996058	0.999983988	1	6.28580484e-06	0	0	0	0	0	3
50	13	0	0.01953125	0.999999343	0.999996357	0.999983988	1	6.28580484e-06	0	0	0	0	0	3
55	15	0	0.021484375	0.999999194	0.999996593	0.999983988	1	6.28580484e-06	0	0	0	0	0	3
60	17	0	0.0234375	0.999999467	0.999996814	0.999983988	1	6.28580484e-06	0	0	0	0	0	3
65	20	0	0.025390625	0.999999349	0.999996996	0.999983988	1	6.28580484e-06	0	0	0	0	0	3
70	23	0	0.02734375	0.99999946	0.99999716	0.999983988	1	6.28580484e-06	0	0	0	0	0	3
75	25	0	0.029296875	0.999999137	0.999997283	0.999983988	1	6.28580484e-06	0	0	0	0	0	3
80	28	0	0.03125	0.999999003	0.999997385	0.999983988	1	6.28580484e-06	0	0	0	0	0	3
85	30	0	0.033203125	0.999999039	0.999997477	0.999983988	1	6.28580484e-06	0	0	0	0	0	3
90	33	0	0.03515625	0.999999178	0.999997566	0.999983988	1	6.28580484e-06	0	0	0	0	0	3
95	35	0	0.037109375	0.999999034	0.999997639	0.999983988	1	6.28580484e-06	0	0	0	0	0	3
100	37	0	0.0390625	0.999998622	0.999997686	0.999983988	1	6.28580484e-06	0	0	0	0	0	3
105	40	0	0.041015625	0.999919516	0.999994133	0.999919516	1	6.28580484e-06	0	0	0	0	0	3
110	43	0	0.04296875	0.999777993	0.999984736	0.999777993	1	1.52643427e-05	0	0	0	0	0	3
115	45	0	0.044921875	0.999580966	0.999967912	0.999580966	1	3.20880605e-05	0	0	0	0	0	3
120	48	0	0.046875	0.999381427	0.999944453	0.999381427	1	5.5547463e-05	0	0	0	0	0	3
125	50	0	0.048828125	0.999071783	0.999910888	0.999071783	1	8.91116658e-05	0	0	0	0	0	3
130	52	0	0.05078125	0.998722626	0.999866879	0.998722626	1	0.000133121372	0	0	0	0	0	3
135	54	0	0.052734375	0.998389162	0.999814103	0.998389162	1	0.000185896965	0	0	0	0	0	3
140	57	0	0.0546875	0.998041809	0.999752989	0.998041809	1	0.000247010559	0	0	0	0	0	3
145	59	0	0.056640625	0.997583739	0.999680681	0.997583739	1	0.000319318909	0	0	0	0	0	3
150	61	0	0.05859375	0.997141745	0.99959878	0.997141745	1	0.000401220085	0	0	0	0	0	3
155	63	0	0.060546875	0.996668598	0.999507212	0.996668598	1	0.000492788283	0	0	0	0	0	3
160	65	0	0.0625	0.996059957	0.999402749	0.996059957	1	0.000597250557	0	0	0	0	0	3
165	67	0	0.064453125	0.995398027	0.999284963	0.995398027	1	0.000715036509	0	0	0	0	0	3
170	70	0	0.06640625	0.999887738	0.999302186	0.995398027	1	0.000715036509	0	0	0	0	0	3
175	72	0	0.068359375	0.999697142	0.999313157	0.995398027	1	0.000715036509	0	0	0	0	0	3
180	74	0	0.0703125	0.999452852	0.999316932	0.995398027	1	0.000715036509	0	0	0	0	0	3
185	76	0	0.072265625	0.999210422	0.999314129	0.995398027	1	0.000715036509	0	0	0	0	0	3
190	78	0	0.07421875	0.999057912	0.99930756	0.995398027	1	0.000715036509	0	0	0	0	0	3
195	81	0	0.076171875	0.998941051	0.999298397	0.995398027	1	0.000715036509	0	0	0	0	0	3
200	83	0	0.078125	0.998828403	0.999286934	0.995398027	1	0.000715036509	0	0	0	0	0	3
205	86	0	0.080078125	0.998677486	0.999272423	0.995398027	1	0.000727577006	0	0	0	0	0	3
210	91	0	0.08203125	0.998450653	0.999253312	0.995398027	1	0.000746687933	0	0	0	0	0	3
215	93	0	0.083984375	0.998183747	0.999229004	0.995398027	1	0.00077099624	0	0	0	0	0	3
220	95	0	0.0859375	0.997840329	0.999198144	0.995398027	1	0.000801855689	0	0	0	0	0	3
225	97	0	0.087890625	0.997428931	0.999159683	0.995398027	1	0.000840316837	0	0	0	0	0	3
230	99	0	0.08984375	0.997032834	0.999114431	0.995398027	1	0.000885568954	0	0	0	0	0	3
235	101	0	0.091796875	0.99659128	0.999061865	0.995398027	1	0.000938134611	0	0	0	0	0	3
240	104	0	0.09375	0.996021967	0.998999827	0.995398027	1	0.00100017335	0	0	0	0	0	3
245	106	0	0.095703125	0.995443685	0.998928704	0.995398027	1	0.00107129618	0	0	0	0	0	3
250	108	0	0.09765625	0.994864405	0.998849012	0.994864405	1	0.00115098831	0	0	0	0	0	3
255	110	0	0.099609375	0.994289175	0.998761323	0.994289175	1	0.00123867748	0	0	0	0	0	3
260	112	0	0.1015625	0.993655749	0.998664991	0.993655749	1	0.00133500905	0	0	0	0	0	3
265	114	0	0.103515625	0.993023132	0.998560512	0.993023132	1	0.00143948793	0	0	0	0	0	3
270	116	0	0.10546875	0.992368669	0.998447933	0.992368669	1	0.00155206688	0	0	0	0	0	3
275	118	0	0.107421875	0.991723768	0.998327859	0.991723768	1	0.00167214126	0	0	0	0	0	3
280	120	0	0.109375	0.991053663	0.998200241	0.991053663	1	0.00179975874	0	0	0	0	0	3
285	122	0	0.111328125	0.990310561	0.998064212	0.990310561	1	0.00193578772	0	0	0	0	0	3
290	125	0	0.11328125	0.989589162	0.997920567	0.989589162	1	0.00207943263	0	0	0	0	0	3
295	127	0	0.115234375	0.988876194	0.997769828	0.988876194	1	0.00223017218	0	0	0	0	0	3
300	129	0	0.1171875	0.988201208	0.997612965	0.988201208	1	0.00238703481	0	0	0	0	0	3
305	132	0	0.119140625	0.9875551	0.997450742	0.9875551	1	0.00254925845	0	0	0	0	0	3
310	134	0	0.12109375	0.986903477	0.997283325	0.986903477	1	0.00271667534	0	0	0	0	0	3
315	136	0	0.123046875	0.986273497	0.997111296	0.986273497	1	0.00288870391	0	0	0	0	0	3
320	138	0	0.125	0.985650328	0.996934974	0.985650328	1	0.00306502649	0	0	0	0	0	3
325	140	0	0.126953125	0.985056184	0.996754992	0.985056184	1	0.00324500815	0	0	0	0	0	3
330	142	0	0.12890625	0.984466724	0.996571585	0.984466724	1	0.00342841513	0	0	0	0	0	3
335	144	0	0.130859375	0.992634781	0.996513691	0.984466724	1	0.0034863093	0	0	0	0	0	3
340	146	0	0.1328125	0.992232552	0.996451645	0.984466724	1	0.0035483548	0	0	0	0	0	3
345	148	0	0.134765625	0.991938075	0.996387166	0.984466724	1	0.00361283437	0	0	0	0	0	3
350	150	0	0.13671875	0.9915686	0.996319299	0.984466724	1	0.00368070149	0	0	0	0	0	3
355	152	0	0.138671875	0.991101664	0.996246831	0.984466724	1	0.00375316863	0	0	0	0	0	3
360	154	0	0.140625	0.990539259	0.996168645	0.984466724	1	0.00383135456	0	0	0	0	0	3
365	156	0	0.142578125	0.989893967	0.996083852	0.984466724	1	0.00391614752	0	0	0	0	0	3
370	158	0	0.14453125	0.989213359	0.995992246	0.984466724	1	0.00400775409	0	0	0	0	0	3
375	160	0	0.146484375	0.988546373	0.995894274	0.984466724	1	0.0041057261	0	0	0	0	0	3
380	162	0	0.1484375	0.987915938	0.995790659	0.984466724	1	0.00420934086	0	0	0	0	0	3
385	164	0	0.150390625	0.987298886	0.99568179	0.984466724	1	0.00431820974	0	0	0	0	0	3
390	166	0	0.15234375	0.986695064	0.995568034	0.984466724	1	0.00443196578	0	0	0	0	0	3
395	168	0	0.154296875	0.986098961	0.995449671	0.984466724	1	0.00455032919	0	0	0	0	0	3
400	170	0	0.15625	0.985524518	0.995327138	0.984466724	1	0.00467286194	0	0	0	0	0	3
405	173	0	0.158203125	0.984971879	0.995200854	0.984466724	1	0.00479914559	0	0	0	0	0	3
410	175	0	0.16015625	0.984431754	0.995071106	0.984431754	1	0.00492889378	0	0	0	0	0	3
415	177	0	0.162109375	0.98391226	0.994938263	0.98391226	1	0.00506173719	0	0	0	0	0	3
420	179	0	0.1640625	0.983406171	0.994802591	0.983406171	1	0.00519740886	0	0	0	0	0	3
425	181	0	0.166015625	0.982893174	0.99466411	0.982893174	1	0.00533589045	0	0	0	0	0	3
430	183	0	0.16796875	0.982387589	0.994523	0.982387589	1	0.00547699988	0	0	0	0	0	3
435	185	0	0.169921875	0.981888372	0.994379425	0.981888372	1	0.0056205752	0	0	0	0	0	3
440	187	0	0.171875	0.981398725	0.994233574	0.981398725	1	0.00576642575	0	0	0	0	0	3
445	189	0	0.173828125	0.980931068	0.994085769	0.980931068	1	0.00591423138	0	0	0	0	0	3
450	191	0	0.17578125	0.980491375	0.99393638	0.980491375	1	0.00606362032	0	0	0	0	0	3
455	192	0	0.177734375	0.980080454	0.993785772	0.980080454	1	0.00621422821	0	0	0	0	0	3
460	195	0	0.1796875	0.979703927	0.993634354	0.979703927	1	0.00636564589	0	0	0	0	0	3
465	196	0	0.181640625	0.979341868	0.993482306	0.979341868	1	0.00651769362	0	0	0	0	0	3
470	198	0	0.18359375	0.979001947	0.993329882	0.979001947	1	0.00667011845	0	0	0	0	0	3
475	200	0	0.185546875	0.978673233	0.993177208	0.978673233	1	0.00682279187	0	0	0	0	0	3
480	202	0	0.1875	0.97835261	0.993024377	0.97835261	1	0.00697562278	0	0	0	0	0	3
485	204	0	0.189453125	0.978042875	0.992871505	0.978042875	1	0.00712849525	0	0	0	0	0	3
490	205	0	0.19140625	0.977752769	0.99271879	0.977752769	1	0.00728120976	0	0	0	0	0	3
495	207	0	0.193359375	0.977483089	0.992566433	0.977483089	1	0.00743356677	0	0	0	0	0	3
500	209	0	0.1953125	0.977233734	0.992414624	0.977233734	1	0.00758537568	0	0	0	0	0	3
505	212	0	0.197265625	0.98205947	0.992313103	0.977233734	1	0.0076868968	0	0	0	0	0	3
510	214	0	0.19921875	0.981763303	0.992210678	0.977233734	1	0.00778932204	0	0	0	0	0	3
515	216	0	0.201171875	0.981537295	0.992108049	0.977233734	1	0.00789195073	0	0	0	0	0	3
520	218	0	0.203125	0.981279045	0.992004916	0.977233734	1	0.0079950841	0	0	0	0	0	3
525	219	0	0.205078125	0.980977753	0.991900886	0.977233734	1	0.00809911394	0	0	0	0	0	3
530	221	0	0.20703125	0.980628327	0.991795535	0.977233734	1	0.00820446495	0	0	0	0	0	3
535	223	0	0.208984375	0.980265465	0.991688775	0.977233734	1	0.00831122486	0	0	0	0	0	3
540	225	0	0.2109375	0.979907339	0.991580689	0.977233734	1	0.00841931143	0	0	0	0	0	3
545	227	0	0.212890625	0.979551262	0.99147133	0.977233734	1	0.00852866986	0	0	0	0	0	3
550	228	0	0.21484375	0.979189963	0.991360687	0.977233734	1	0.0086393128	0	0	0	0	0	3
555	230	0	0.216796875	0.978862528	0.991249096	0.977233734	1	0.00875090351	0	0	0	0	0	3
560	232	0	0.21875	0.978555803	0.991136766	0.977233734	1	0.00886323354	0	0	0	0	0	3
565	233	0	0.220703125	0.978271486	0.991023913	0.977233734	1	0.00897608688	0	0	0	0	0	3
570	235	0	0.22265625	0.978006401	0.990910717	0.977233734	1	0.00908928264	0	0	0	0	0	3
575	236	0	0.224609375	0.977760727	0.990797355	0.977233734	1	0.00920264463	0	0	0	0	0	3
580	238	0	0.2265625	0.977531475	0.990683972	0.977233734	1	0.00931602822	0	0	0	0	0	3
585	240	0	0.228515625	0.977306107	0.9905706	0.977233734	1	0.00942939996	0	0	0	0	0	3
590	241	0	0.23046875	0.977095191	0.990457361	0.977095191	1	0.00954263869	0	0	0	0	0	3
595	243	0	0.232421875	0.976900044	0.990344384	0.976900044	1	0.00965561633	0	0	0	0	0	3
600	244	0	0.234375	0.976715996	0.990231752	0.976715996	1	0.00976824764	0	0	0	0	0	3
605	247	0	0.236328125	0.976535604	0.990119489	0.976535604	1	0.00988051115	0	0	0	0	0	3
610	248	0	0.23828125	0.976367218	0.990007682	0.976367218	1	0.00999231822	0	0	0	0	0	3
615	250	0	0.240234375	0.976222207	0.989896509	0.976222207	1	0.0101034914	0	0	0	0	0	3
620	252	0	0.2421875	0.976090367	0.989786059	0.976090367	1	0.0102139405	0	0	0	0	0	3
625	253	0	0.244140625	0.975968063	0.989676393	0.975968063	1	0.0103236072	0	0	0	0	0	3
630	254	0	0.24609375	0.97585238	0.989567542	0.97585238	1	0.0104324577	0	0	0	0	0	3
635	256	0	0.248046875	0.97574971	0.989459591	0.97574971	1	0.0105404095	0	0	0	0	0	3
640	258	0	0.25	0.975656251	0.989352588	0.975656251	1	0.0106474121	0	0	0	0	0	3
645	259	0	0.251953125	0.975566506	0.989246541	0.975566506	1	0.0107534589	0	0	0	0	0	3
650	260	0	0.25390625	0.975499357	0.989141601	0.975499357	1	0.0108583992	0	0	0	0	0	3
655	262	0	0.255859375	0.975441546	0.989037812	0.975441546	1	0.0109621875	0	0	0	0	0	3
660	263	0	0.2578125	0.975394017	0.988935228	0.975394017	1	0.0110647725	0	0	0	0	0	3
665	264	0	0.259765625	0.975352466	0.988833864	0.975352466	1	0.0111661364	0	0	0	0	0	3
670	266	0	0.26171875	0.977740608	0.988751691	0.975352466	1	0.0112483086	0	0	0	0	0	3
675	267	0	0.263671875	0.977633889	0.988669943	0.975352466	1	0.0113300572	0	0	0	0	0	3
680	269	0	0.265625	0.977569094	0.988588915	0.975352466	1	0.0114110853	0	0	0	0	0	3
685	270	0	0.267578125	0.977498522	0.98850855	0.975352466	1	0.0114914504	0	0	0	0	0	3
690	271	0	0.26953125	0.977397874	0.988428617	0.975352466	1	0.0115713833	0	0	0	0	0	3
695	272	0	0.271484375	0.977274993	0.988348948	0.975352466	1	0.0116510521	0	0	0	0	0	3
700	274	0	0.2734375	0.977148234	0.98826951	0.975352466	1	0.0117304898	0	0	0	0	0	3
705	276	0	0.275390625	0.977022023	0.988190303	0.975352466	1	0.0118096974	0	0	0	0	0	3
710	277	0	0.27734375	0.976915053	0.988111455	0.975352466	1	0.0118885453	0	0	0	0	0	3
715	278	0	0.279296875	0.976820318	0.988033044	0.975352466	1	0.011966956	0	0	0	0	0	3
720	279	0	0.28125	0.976734178	0.987955121	0.975352466	1	0.0120448792	0	0	0	0	0	3
725	281	0	0.283203125	0.97665088	0.987877694	0.975352466	1	0.0121223055	0	0	0	0	0	3
730	282	0	0.28515625	0.976575277	0.987800807	0.975352466	1	0.0121991927	0	0	0	0	0	3
735	283	0	0.287109375	0.976509542	0.987724515	0.975352466	1	0.012275485	0	0	0	0	0	3
740	284	0	0.2890625	0.976454374	0.987648876	0.975352466	1	0.0123511236	0	0	0	0	0	3
745	285	0	0.291015625	0.976415233	0.987573985	0.975352466	1	0.0124260145	0	0	0	0	0	3
750	286	0	0.29296875	0.976389262	0.987499914	0.975352466	1	0.0125000855	0	0	0	0	0	3
755	288	0	0.294921875	0.976378355	0.987426746	0.975352466	1	0.0125732537	0	0	0	0	0	3
760	289	0	0.296875	0.976388826	0.987354603	0.975352466	1	0.012645397	0	0	0	0	0	3
765	290	0	0.298828125	0.976411488	0.987283544	0.975352466	1	0.0127164562	0	0	0	0	0	3
770	291	0	0.30078125	0.97645681	0.987213694	0.975352466	1	0.0127863061	0	0	0	0	0	3
775	292	0	0.302734375	0.976528722	0.987145201	0.975352466	1	0.0128547995	0	0	0	0	0	3
780	293	0	0.3046875	0.976640586	0.987078292	0.975352466	1	0.0129217078	0	0	0	0	0	3
785	294	0	0.306640625	0.976780707	0.987013118	0.975352466	1	0.0129868824	0	0	0	0	0	3
790	295	0	0.30859375	0.976960098	0.986949891	0.975352466	1	0.013050109	0	0	0	0	0	3
795	296	0	0.310546875	0.977172819	0.986888784	0.975352466	1	0.0131112157	0	0	0	0	0	3
800	297	0	0.3125	0.977413772	0.986829933	0.975352466	1	0.0131700667	0	0	0	0	0	3
805	299	0	0.314453125	0.977679427	0.986773449	0.975352466	1	0.0132265513	0	0	0	0	0	3
810	300	0	0.31640625	0.977983944	0.986719525	0.975352466	1	0.0132804746	0	0	0	0	0	3
815	301	0	0.318359375	0.978321828	0.98666832	0.975352466	1	0.0133316801	0	0	0	0	0	3
820	302	0	0.3203125	0.978679121	0.986619901	0.975352466	1	0.0133800995	0	0	0	0	0	3
825	303	0	0.322265625	0.979037569	0.986574224	0.975352466	1	0.0134257762	0	0	0	0	0	3
830	304	0	0.32421875	0.979381929	0.986531156	0.975352466	1	0.0134688438	0	0	0	0	0	3
835	305	0	0.326171875	0.979690021	0.986490435	0.975352466	1	0.0135095648	0	0	0	0	0	3
840	306	0	0.328125	0.980478322	0.986454861	0.975352466	1	0.0135451395	0	0	0	0	0	3
845	307	0	0.330078125	0.980650286	0.986420716	0.975352466	1	0.013579284	0	0	0	0	0	3
850	307	0	0.33203125	0.980681994	0.986387156	0.975352466	1	0.0136128438	0	0	0	0	0	3
855	308	0	0.333984375	0.980567722	0.986353322	0.975352466	1	0.0136466777	0	0	0	0	0	3
860	309	0	0.3359375	0.980311263	0.986318397	0.975352466	1	0.0136816029	0	0	0	0	0	3
865	310	0	0.337890625	0.979915944	0.986281601	0.975352466	1	0.0137183986	0	0	0	0	0	3
870	311	0	0.33984375	0.979380404	0.986242166	0.975352466	1	0.0137578341	0	0	0	0	0	3
875	312	0	0.341796875	0.978715705	0.986199402	0.975352466	1	0.013800598	0	0	0	0	0	3
880	313	0	0.34375	0.977929204	0.986152678	0.975352466	1	0.0138473223	0	0	0	0	0	3
885	314	0	0.345703125	0.977023352	0.986101389	0.975352466	1	0.0138986107	0	0	0	0	0	3
890	315	0	0.34765625	0.97600733	0.986044998	0.975352466	1	0.0139550021	0	0	0	0	0	3
895	315	0	0.349609375	0.974905274	0.985983111	0.974905274	1	0.0140168894	0	0	0	0	0	3
900	316	0	0.3515625	0.973750496	0.985915527	0.973750496	1	0.0140844729	0	0	0	0	0	3
905	318	0	0.353515625	0.972558445	0.985842137	0.972558445	1	0.0141578635	0	0	0	0	0	3
910	319	0	0.35546875	0.971322431	0.985762794	0.971322431	1	0.0142372061	0	0	0	0	0	3
915	320	0	0.357421875	0.970052021	0.985677409	0.970052021	1	0.0143225908	0	0	0	0	0	3
920	321	0	0.359375	0.96883624	0.985586376	0.96883624	1	0.0144136241	0	0	0	0	0	3
925	321	0	0.361328125	0.967668842	0.985490045	0.967668842	1	0.0145099549	0	0	0	0	0	3
930	322	0	0.36328125	0.966583087	0.985388938	0.966583087	1	0.0146110617	0	0	0	0	0	3
935	323	0	0.365234375	0.965615886	0.985283763	0.965615886	1	0.0147162375	0	0	0	0	0	3
940	324	0	0.3671875	0.96478702	0.985175314	0.96478702	1	0.0148246858	0	0	0	0	0	3
945	325	0	0.369140625	0.964162688	0.985064721	0.964162688	1	0.0149352786	0	0	0	0	0	3
950	325	0	0.37109375	0.963746749	0.984953109	0.963746749	1	0.015046891	0	0	0	0	0	3
955	326	0	0.373046875	0.963520507	0.984841481	0.963520507	1	0.0151585192	0	0	0	0	0	3
960	327	0	0.375	0.963437154	0.984730578	0.963437154	1	0.0152694224	0	0	0	0	0	3
965	328	0	0.376953125	0.963568709	0.984621496	0.963437154	1	0.0153785042	0	0	0	0	0	3
970	329	0	0.37890625	0.963904338	0.984515254	0.963437154	1	0.015484746	0	0	0	0	0	3
975	329	0	0.380859375	0.964422724	0.984412741	0.963437154	1	0.015587259	0	0	0	0	0	3
980	330	0	0.3828125	0.9651698	0.984315061	0.963437154	1	0.0156849389	0	0	0	0	0	3
985	331	0	0.384765625	0.966190051	0.984223521	0.963437154	1	0.0157764793	0	0	0	0	0	3
990	332	0	0.38671875	0.967567898	0.984139824	0.963437154	1	0.0158601759	0	0	0	0	0	3
995	333	0	0.388671875	0.969378255	0.984066016	0.963437154	1	0.0159339838	0	0	0	0	0	3
1000	333	0	0.390625	0.971519372	0.984003595	0.963437154	1	0.0159964049	0	0	0	0	0	3
1005	335	0	0.392578125	0.973911037	0.983953632	0.963437154	1	0.016046368	0	0	0	0	0	3
1010	336	0	0.39453125	0.976054531	0.98391472	0.963437154	1	0.0160852799	0	0	0	0	0	3
1015	337	0	0.396484375	0.977866505	0.983885072	0.963437154	1	0.016114928	0	0	0	0	0	3
1020	338	0	0.3984375	0.979255946	0.983862491	0.963437154	1	0.0161375091	0	0	0	0	0	3
1025	339	0	0.400390625	0.980277665	0.983845089	0.963437154	1	0.0161549111	0	0	0	0	0	3
1030	339	0	0.40234375	0.980915973	0.983830939	0.963437154	1	0.0161690615	0	0	0	0	0	3
1035	340	0	0.404296875	0.981165485	0.983818124	0.963437154	1	0.0161818761	0	0	0	0	0	3
1040	341	0	0.40625	0.981040794	0.983804835	0.963437154	1	0.0161951648	0	0	0	0	0	3
1045	342	0	0.408203125	0.980581457	0.983789486	0.963437154	1	0.0162105142	0	0	0	0	0	3
1050	343	0	0.41015625	0.979831185	0.983770726	0.963437154	1	0.0162292739	0	0	0	0	0	3
1055	343	0	0.412109375	0.97878557	0.983747211	0.963437154	1	0.0162527888	0	0	0	0	0	3
1060	344	0	0.4140625	0.977518687	0.983717969	0.963437154	1	0.0162820307	0	0	0	0	0	3
1065	345	0	0.416015625	0.976180451	0.983682747	0.963437154	1	0.0163172528	0	0	0	0	0	3
1070	346	0	0.41796875	0.974906856	0.983641929	0.963437154	1	0.0163580709	0	0	0	0	0	3
1075	347	0	0.419921875	0.973814088	0.98359643	0.963437154	1	0.0164035701	0	0	0	0	0	3
1080	347	0	0.421875	0.973019657	0.983547689	0.963437154	1	0.016452311	0	0	0	0	0	3
1085	348	0	0.423828125	0.972633506	0.983497624	0.963437154	1	0.0165023761	0	0	0	0	0	3
1090	349	0	0.42578125	0.972707723	0.983448355	0.963437154	1	0.016551645	0	0	0	0	0	3
1095	350	0	0.427734375	0.973226146	0.98340189	0.963437154	1	0.0165981096	0	0	0	0	0	3
1100	351	0	0.4296875	0.974128879	0.983359931	0.963437154	1	0.0166400689	0	0	0	0	0	3
1105	352	0	0.431640625	0.975333575	0.983323776	0.963437154	1	0.0166762237	0	0	0	0	0	3
1110	353	0	0.43359375	0.97675186	0.983294306	0.963437154	1	0.0167056942	0	0	0	0	0	3
1115	354	0	0.435546875	0.978297381	0.983271998	0.963437154	1	0.0167280019	0	0	0	0	0	3
1120	355	0	0.4375	0.979890605	0.98325697	0.963437154	1	0.0167430303	0	0	0	0	0	3
1125	356	0	0.439453125	0.98145496	0.983248996	0.963437154	1	0.0167510038	0	0	0	0	0	3
1130	356	0	0.44140625	0.982919454	0.983247544	0.963437154	1	0.0167524555	0	0	0	0	0	3
1135	357	0	0.443359375	0.984263848	0.983252002	0.963437154	1	0.0167524555	0	0	0	0	0	3
1140	358	0	0.4453125	0.98544956	0.983261598	0.963437154	1	0.0167524555	0	0	0	0	0	3
1145	359	0	0.447265625	0.986455942	0.983275487	0.963437154	1	0.0167524555	0	0	0	0	0	3
1150	360	0	0.44921875	0.987277341	0.983292811	0.963437154	1	0.0167524555	0	0	0	0	0	3
1155	361	0	0.451171875	0.987913905	0.983312729	0.963437154	1	0.0167524555	0	0	0	0	0	3
1160	361	0	0.453125	0.988367598	0.983334424	0.963437154	1	0.0167524555	0	0	0	0	0	3
1165	362	0	0.455078125	0.988643694	0.983357113	0.963437154	1	0.0167524555	0	0	0	0	0	3
1170	363	0	0.45703125	0.986729972	0.983371466	0.963437154	1	0.0167524555	0	0	0	0	0	3
1175	364	0	0.458984375	0.986314151	0.983383935	0.963437154	1	0.0167524555	0	0	0	0	0	3
1180	365	0	0.4609375	0.985577917	0.983393192	0.963437154	1	0.0167524555	0	0	0	0	0	3
1185	366	0	0.462890625	0.984613096	0.983398318	0.963437154	1	0.0167524555	0	0	0	0	0	3
1190	366	0	0.46484375	0.98384764	0.983400198	0.963437154	1	0.0167524555	0	0	0	0	0	3
1195	367	0	0.466796875	0.983445782	0.983400388	0.963437154	1	0.0167524555	0	0	0	0	0	3
1200	368	0	0.46875	0.983224777	0.983399659	0.963437154	1	0.0167524555	0	0	0	0	0	3
1205	370	0	0.470703125	0.982935432	0.983397741	0.963437154	1	0.0167524555	0	0	0	0	0	3
1210	371	0	0.47265625	0.982693448	0.983394842	0.963437154	1	0.0167524555	0	0	0	0	0	3
1215	372	0	0.474609375	0.982410346	0.983390808	0.963437154	1	0.0167524555	0	0	0	0	0	3
1220	373	0	0.4765625	0.981984804	0.983385069	0.963437154	1	0.0167524555	0	0	0	0	0	3
1225	374	0	0.478515625	0.98135102	0.9833768	0.963437154	1	0.0167524555	0	0	0	0	0	3
1230	374	0	0.48046875	0.980608494	0.983365593	0.963437154	1	0.0167524555	0	0	0	0	0	3
1235	375	0	0.482421875	0.979843729	0.983351392	0.963437154	1	0.0167524555	0	0	0	0	0	3
1240	376	0	0.484375	0.979154417	0.983334536	0.963437154	1	0.0167524555	0	0	0	0	0	3
1245	377	0	0.486328125	0.978626453	0.983315704	0.963437154	1	0.0167524555	0	0	0	0	0	3
1250	378	0	0.48828125	0.978472367	0.983296408	0.963437154	1	0.0167524555	0	0	0	0	0	3
1255	379	0	0.490234375	0.978875334	0.983278864	0.963437154	1	0.0167524555	0	0	0	0	0	3
1260	380	0	0.4921875	0.979926089	0.983265612	0.963437154	1	0.0167524555	0	0	0	0	0	3
1265	380	0	0.494140625	0.981550184	0.983258858	0.963437154	1	0.0167524555	0	0	0	0	0	3
1270	381	0	0.49609375	0.983560864	0.983260042	0.963437154	1	0.0167524555	0	0	0	0	0	3
1275	382	0	0.498046875	0.985718003	0.983269644	0.963437154	1	0.0167524555	0	0	0	0	0	3
1280	383	0	0.5	0.987619513	0.983286569	0.963437154	1	0.0167524555	0	0	0	0	0	3
1285	384	0	0.501953125	0.989095797	0.983178711	0.963437154	0.999999467	0.0168189748	0	0	0	0	0	3
1290	385	0	0.50390625	0.990149929	0.983140247	0.963437154	0.999999467	0.0168574394	0	0	0	0	0	3
1295	385	0	0.505859375	0.990800251	0.983104373	0.963437154	0.999999467	0.0168933134	0	0	0	0	0	3
1300	386	0	0.5078125	0.991071099	0.983069515	0.963437154	0.999999467	0.016928171	0	0	0	0	0	3
1305	388	0	0.509765625	0.99100056	0.983034376	0.963437154	0.999999467	0.0169633105	0	0	0	0	0	3
1310	389	0	0.51171875	0.990669713	0.982997937	0.963437154	0.999999467	0.016999749	0	0	0	0	0	3
1315	390	0	0.513671875	0.990235178	0.982959798	0.963437154	0.999999467	0.0170378883	0	0	0	0	0	3
1320	391	0	0.515625	0.989833904	0.982920091	0.963437154	0.999999467	0.0170775953	0	0	0	0	0	3
1325	392	0	0.517578125	0.98963489	0.982879606	0.963437154	0.999999467	0.0171180805	0	0	0	0	0	3
1330	392	0	0.51953125	0.989744288	0.982839547	0.963437154	0.999999467	0.0171581393	0	0	0	0	0	3
1335	393	0	0.521484375	0.990174696	0.98280117	0.963437154	0.999999467	0.0171965163	0	0	0	0	0	3
1340	394	0	0.5234375	0.982927477	0.982734482	0.963437154	0.99999946	0.0172632037	0	0	0	0	0	3
1345	395	0	0.525390625	0.982955874	0.982667906	0.963437154	0.99999946	0.0173297798	0	0	0	0	0	3
1350	396	0	0.52734375	0.981386487	0.982595199	0.963437154	0.999999178	0.0174024867	0	0	0	0	0	3
1355	397	0	0.529296875	0.980014985	0.982517136	0.963437154	0.999999178	0.0174805498	0	0	0	0	0	3
1360	397	0	0.53125	0.980089817	0.982439366	0.963437154	0.999999178	0.0175583201	0	0	0	0	0	3
1365	398	0	0.533203125	0.982049765	0.982369252	0.963437154	0.999999178	0.0176284345	0	0	0	0	0	3
1370	399	0	0.53515625	0.983525397	0.982304901	0.963437154	0.999999034	0.0176927852	0	0	0	0	0	3
1375	400	0	0.537109375	0.982815977	0.98223778	0.963437154	0.999998622	0.0177599065	0	0	0	0	0	3
1380	401	0	0.5390625	0.980075106	0.982159954	0.963437154	0.999919516	0.0178341795	0	0	0	0	0	3
1385	402	0	0.541015625	0.97539448	0.982064153	0.963437154	0.999887738	0.0179205831	0	0	0	0	0	3
1390	402	0	0.54296875	0.968274651	0.981941093	0.963437154	0.999887738	0.0180268193	0	0	0	0	0	3
1395	403	0	0.544921875	0.959933799	0.981786221	0.959933799	0.999887738	0.0181582316	0	0	0	0	0	3
1400	404	0	0.546875	0.95217133	0.981601806	0.95217133	0.999887738	0.0183090819	0	0	0	0	0	3
1405	406	0	0.548828125	0.945686745	0.981393271	0.945686745	0.999887738	0.0184736075	0	0	0	0	0	3
1410	407	0	0.55078125	0.940634588	0.981166365	0.940634588	0.999887738	0.0186477383	0	0	0	0	0	3
1415	408	0	0.552734375	0.937815668	0.98092975	0.937815668	0.999887738	0.0188232399	0	0	0	0	0	3
1420	409	0	0.5546875	0.938426802	0.980696878	0.937815668	0.999887738	0.0189838027	0	0	0	0	0	3
1425	410	0	0.556640625	0.943221886	0.980484527	0.937815668	0.999887738	0.0191142525	0	0	0	0	0	3
1430	410	0	0.55859375	0.952097025	0.980308572	0.937815668	0.999887738	0.0191986402	0	0	0	0	0	3
1435	411	0	0.560546875	0.963402225	0.980178625	0.937815668	0.999887738	0.0192241247	0	0	0	0	0	3
1440	412	0	0.5625	0.974906016	0.980095992	0.937815668	0.999887738	0.01922094	0	0	0	0	0	3
1445	413	0	0.564453125	0.982908471	0.980047205	0.937815668	0.999887738	0.0192697274	0	0	0	0	0	3
1450	414	0	0.56640625	0.983191693	0.979981986	0.937815668	0.999697142	0.0193349463	0	0	0	0	0	3
1455	415	0	0.568359375	0.977925143	0.979896939	0.937815668	0.999452852	0.0194199932	0	0	0	0	0	3
1460	416	0	0.5703125	0.968864492	0.979777453	0.937815668	0.999210422	0.0195366761	0	0	0	0	0	3
1465	416	0	0.572265625	0.960158925	0.979624908	0.937815668	0.999057912	0.0196826513	0	0	0	0	0	3
1470	417	0	0.57421875	0.952905938	0.979444627	0.937815668	0.998941051	0.0198537697	0	0	0	0	0	3
1475	418	0	0.576171875	0.94676605	0.979240819	0.937815668	0.998828403	0.0200461151	0	0	0	0	0	3
1480	419	0	0.578125	0.940222384	0.979011889	0.937815668	0.998677486	0.0202605342	0	0	0	0	0	3
1485	420	0	0.580078125	0.932683536	0.9787541	0.932683536	0.998450653	0.0204992121	0	0	0	0	0	3
1490	421	0	0.58203125	0.925920145	0.978470778	0.925920145	0.998183747	0.0207582261	0	0	0	0	0	3
1495	422	0	0.583984375	0.922106038	0.978173599	0.922106038	0.997840329	0.0210245452	0	0	0	0	0	3
1500	422	0	0.5859375	0.922340295	0.977878677	0.922106038	0.997428931	0.0212810061	0	0	0	0	0	3
1505	425	0	0.587890625	0.97075158	0.977774469	0.922106038	0.997032834	0.0213399623	0	0	0	0	0	3
1510	425	0	0.58984375	0.965152343	0.977649936	0.922106038	0.99659128	0.0214119299	0	0	0	0	0	3
1515	426	0	0.591796875	0.962313833	0.977516039	0.922106038	0.996021967	0.0214837874	0	0	0	0	0	3
1520	427	0	0.59375	0.957479527	0.977365483	0.922106038	0.995443685	0.021563221	0	0	0	0	0	3
1525	428	0	0.595703125	0.951634371	0.977194353	0.922106038	0.994864405	0.021654659	0	0	0	0	0	3
1530	429	0	0.59765625	0.945494248	0.977001501	0.922106038	0.994289175	0.021759822	0	0	0	0	0	3
1535	430	0	0.599609375	0.938739234	0.976784509	0.922106038	0.993655749	0.0218804824	0	0	0	0	0	3
1540	431	0	0.6015625	0.928316972	0.976529279	0.922106038	0.993023132	0.0220312331	0	0	0	0	0	3
1545	431	0	0.603515625	0.916288621	0.976229535	0.916288621	0.992634781	0.0222183983	0	0	0	0	0	3
1550	432	0	0.60546875	0.906792676	0.975895254	0.906792676	0.992634781	0.0224326052	0	0	0	0	0	3
1555	433	0	0.607421875	0.901529751	0.975542933	0.901529751	0.992634781	0.0226573081	0	0	0	0	0	3
1560	434	0	0.609375	0.899129178	0.975183853	0.899129178	0.992634781	0.0228803591	0	0	0	0	0	3
1565	435	0	0.611328125	0.897748776	0.974822284	0.897748776	0.992634781	0.0230982837	0	0	0	0	0	3
1570	436	0	0.61328125	0.897541993	0.974462724	0.897541993	0.992634781	0.0233071034	0	0	0	0	0	3
1575	437	0	0.615234375	0.898990159	0.974111607	0.897541993	0.992634781	0.0235013581	0	0	0	0	0	3
1580	437	0	0.6171875	0.901519929	0.973773008	0.897541993	0.992634781	0.0236777332	0	0	0	0	0	3
1585	438	0	0.619140625	0.904704331	0.973449373	0.897541993	0.992634781	0.0238339521	0	0	0	0	0	3
1590	439	0	0.62109375	0.908410101	0.973142758	0.897541993	0.992634781	0.0239685383	0	0	0	0	0	3
1595	440	0	0.623046875	0.912083781	0.972852954	0.897541993	0.992634781	0.0240820193	0	0	0	0	0	3
1600	441	0	0.625	0.912891894	0.972568742	0.897541993	0.992634781	0.0241862502	0	0	0	0	0	3
1605	443	0	0.626953125	0.911050104	0.972279655	0.897541993	0.992634781	0.0242919295	0	0	0	0	0	3
1610	444	0	0.62890625	0.908201058	0.971981743	0.897541993	0.992634781	0.0245319481	0	0	0	0	0	3
1615	445	0	0.630859375	0.905230704	0.97164032	0.897541993	0.992232552	0.0248113248	0	0	0	0	0	3
1620	446	0	0.6328125	0.902873394	0.971291261	0.897541993	0.991938075	0.0250959044	0	0	0	0	0	3
1625	446	0	0.634765625	0.901023898	0.970936128	0.897541993	0.9915686	0.0253831708	0	0	0	0	0	3
1630	447	0	0.63671875	0.899587536	0.970576827	0.897541993	0.991101664	0.0256700047	0	0	0	0	0	3
1635	448	0	0.638671875	0.898286163	0.970214266	0.897541993	0.991071099	0.0259543793	0	0	0	0	0	3
1640	449	0	0.640625	0.896773939	0.969847995	0.896773939	0.991071099	0.0262358571	0	0	0	0	0	3
1645	450	0	0.642578125	0.895010932	0.969477358	0.895010932	0.991071099	0.0265148874	0	0	0	0	0	3
1650	451	0	0.64453125	0.892876826	0.969101044	0.892876826	0.991071099	0.02679323	0	0	0	0	0	3
1655	452	0	0.646484375	0.890220371	0.968716958	0.890220371	0.991071099	0.0270737012	0	0	0	0	0	3
1660	453	0	0.6484375	0.88686982	0.968322247	0.88686982	0.991071099	0.0273595437	0	0	0	0	0	3
1665	453	0	0.650390625	0.882505695	0.967912898	0.882505695	0.991071099	0.0276551361	0	0	0	0	0	3
1670	454	0	0.65234375	0.877037842	0.96748455	0.877037842	0.991071099	0.0279651212	0	0	0	0	0	3
1675	455	0	0.654296875	0.872246955	0.967039815	0.872246955	0.991071099	0.0282873228	0	0	0	0	0	3
1680	456	0	0.65625	0.865228185	0.966569908	0.865228185	0.991071099	0.0286309467	0	0	0	0	0	3
1685	457	0	0.658203125	0.855232806	0.966063114	0.855232806	0.991071099	0.0290079918	0	0	0	0	0	3
1690	458	0	0.66015625	0.85031436	0.965539218	0.85031436	0.991071099	0.0293990444	0	0	0	0	0	3
1695	458	0	0.662109375	0.83763683	0.96496783	0.83763683	0.991071099	0.0298347612	0	0	0	0	0	3
1700	459	0	0.6640625	0.829275053	0.964365755	0.829275053	0.991071099	0.0302983543	0	0	0	0	0	3
1705	461	0	0.666015625	0.821405676	0.963734945	0.821405676	0.991071099	0.0307880554	0	0	0	0	0	3
1710	462	0	0.66796875	0.811041519	0.963065624	0.811041519	0.991071099	0.0313138006	0	0	0	0	0	3
1715	463	0	0.669921875	0.810378725	0.962395665	0.810378725	0.991071099	0.0318379096	0	0	0	0	0	3
1720	464	0	0.671875	0.801102281	0.961691382	0.801102281	0.991071099	0.032394387	0	0	0	0	0	3
1725	465	0	0.673828125	0.790267544	0.960946602	0.790267544	0.991071099	0.0329897774	0	0	0	0	0	3
1730	466	0	0.67578125	0.789946337	0.960202286	0.789946337	0.991071099	0.0335834861	0	0	0	0	0	3
1735	466	0	0.677734375	0.787140874	0.959448615	0.787140874	0.991071099	0.0341857387	0	0	0	0	0	3
1740	467	0	0.6796875	0.780274529	0.958669594	0.780274529	0.991071099	0.034812712	0	0	0	0	0	3
1745	468	0	0.681640625	0.786652317	0.957916901	0.780274529	0.991071099	0.0354129808	0	0	0	0	0	3
1750	469	0	0.68359375	0.77486751	0.957119501	0.77486751	0.991071099	0.0360577075	0	0	0	0	0	3
1755	470	0	0.685546875	0.773864806	0.956319468	0.773864806	0.991071099	0.0367049095	0	0	0	0	0	3
1760	471	0	0.6875	0.769346651	0.955503038	0.769346651	0.991071099	0.0373684665	0	0	0	0	0	3
1765	472	0	0.689453125	0.764189051	0.954667672	0.764189051	0.991071099	0.0380511185	0	0	0	0	0	3
1770	472	0	0.69140625	0.755085163	0.953797876	0.755085163	0.991071099	0.0387685569	0	0	0	0	0	3
1775	473	0	0.693359375	0.75482255	0.952928109	0.75482255	0.991071099	0.0394865157	0	0	0	0	0	3
1780	474	0	0.6953125	0.752683361	0.952050959	0.752683361	0.991071099	0.0402621445	0	0	0	0	0	3
1785	475	0	0.697265625	0.748730135	0.951139516	0.748730135	0.991071099	0.0410711619	0	0	0	0	0	3
1790	476	0	0.69921875	0.744123798	0.950211237	0.744123798	0.991071099	0.0418968126	0	0	0	0	0	3
1795	477	0	0.701171875	0.732939912	0.949240153	0.732939912	0.991071099	0.0427647627	0	0	0	0	0	3
1800	478	0	0.703125	0.733439488	0.94827203	0.732939912	0.991071099	0.0436288561	0	0	0	0	0	3
1805	479	0	0.705078125	0.730709123	0.947294418	0.730709123	0.991071099	0.044501117	0	0	0	0	0	3
1810	480	0	0.70703125	0.741840958	0.946361655	0.730709123	0.991071099	0.0453271202	0	0	0	0	0	3
1815	481	0	0.708984375	0.723113691	0.945357156	0.723113691	0.991071099	0.0462235328	0	0	0	0	0	3
1820	482	0	0.7109375	0.733243638	0.944393626	0.723113691	0.991071099	0.0470777044	0	0	0	0	0	3
1825	483	0	0.712890625	0.727975284	0.943410907	0.723113691	0.991071099	0.0479497801	0	0	0	0	0	3
1830	484	0	0.71484375	0.723571997	0.942412399	0.723113691	0.991071099	0.0488366971	0	0	0	0	0	3
1835	485	0	0.716796875	0.717615678	0.941391904	0.717615678	0.991071099	0.0497448626	0	0	0	0	0	3
1840	485	0	0.71875	0.688429114	0.940258596	0.688429114	0.991071099	0.0507653166	0	0	0	0	0	3
1845	486	0	0.720703125	0.68082336	0.93909669	0.68082336	0.991071099	0.0518140276	0	0	0	0	0	3
1850	487	0	0.72265625	0.677915136	0.937924458	0.677915136	0.991071099	0.0528728971	0	0	0	0	0	3
1855	488	0	0.724609375	0.659635644	0.936681782	0.659635644	0.991071099	0.0540021896	0	0	0	0	0	3
1860	489	0	0.7265625	0.649123224	0.935398937	0.649123224	0.991071099	0.0551716626	0	0	0	0	0	3
1865	490	0	0.728515625	0.621938221	0.934010782	0.621938221	0.991071099	0.0564465797	0	0	0	0	0	3
1870	491	0	0.73046875	0.62567788	0.932638058	0.621938221	0.991071099	0.0577063259	0	0	0	0	0	3
1875	491	0	0.732421875	0.603244121	0.931178464	0.603244121	0.991071099	0.0590532881	0	0	0	0	0	3
1880	492	0	0.734375	0.601440902	0.929712546	0.601440902	0.991071099	0.0604069429	0	0	0	0	0	3
1885	493	0	0.736328125	0.588304525	0.928196018	0.588304525	0.991071099	0.0618116635	0	0	0	0	0	3
1890	494	0	0.73828125	0.572172335	0.926617132	0.572172335	0.991071099	0.0632793766	0	0	0	0	0	3
1895	495	0	0.740234375	0.572365842	0.925039568	0.572172335	0.991071099	0.0647464913	0	0	0	0	0	3
1900	496	0	0.7421875	0.570909996	0.923456832	0.570909996	0.991071099	0.0662195605	0	0	0	0	0	3
1905	498	0	0.744140625	0.523097225	0.921687806	0.523097225	0.991071099	0.0678797367	0	0	0	0	0	3
1910	498	0	0.74609375	0.526079816	0.919930881	0.523097225	0.991071099	0.069528709	0	0	0	0	0	3
1915	499	0	0.748046875	0.503884017	0.918087656	0.503884017	0.991071099	0.0712649317	0	0	0	0	0	3
1920	500	0	0.75	0.495938368	0.916213758	0.495938368	0.991071099	0.0730327829	0	0	0	0	0	3
1925	501	0	0.751953125	0.494120918	0.914333111	0.494120918	0.991071099	0.0748084894	0	0	0	0	0	3
1930	502	0	0.75390625	0.498237272	0.912468806	0.494120918	0.991071099	0.0765690062	0	0	0	0	0	3
1935	503	0	0.755859375	0.496578937	0.910598249	0.494120918	0.991071099	0.0783369783	0	0	0	0	0	3
1940	504	0	0.7578125	0.499568178	0.908739555	0.494120918	0.991071099	0.0800943091	0	0	0	0	0	3
1945	505	0	0.759765625	0.501291603	0.906887754	0.494120918	0.991071099	0.0818639371	0	0	0	0	0	3
1950	505	0	0.76171875	0.515831052	0.90508342	0.494120918	0.991071099	0.0835865227	0	0	0	0	0	3
1955	506	0	0.763671875	0.49681788	0.903205233	0.494120918	0.991071099	0.0853836822	0	0	0	0	0	3
1960	507	0	0.765625	0.499425803	0.901337485	0.494120918	0.991071099	0.0871710642	0	0	0	0	0	3
1965	508	0	0.767578125	0.502175124	0.899480753	0.494120918	0.991071099	0.0889478633	0	0	0	0	0	3
1970	509	0	0.76953125	0.498273486	0.897609174	0.494120918	0.991071099	0.0907397742	0	0	0	0	0	3
1975	510	0	0.771484375	0.614716908	0.896192931	0.494120918	0.991071099	0.0920765791	0	0	0	0	0	3
1980	511	0	0.7734375	0.788417559	0.895455702	0.494120918	0.991071099	0.0927346006	0	0	0	0	0	3
1985	512	0	0.775390625	0.858267361	0.894991817	0.494120918	0.991071099	0.0931196381	0	0	0	0	0	3
1990	513	0	0.77734375	0.894896799	0.894671433	0.494120918	0.991071099	0.0933616113	0	0	0	0	0	3
1995	513	0	0.779296875	0.917926752	0.89444138	0.494120918	0.991071099	0.093513741	0	0	0	0	0	3
2000	514	0	0.78125	0.933952024	0.894274262	0.494120918	0.991071099	0.0936034325	0	0	0	0	0	3
2005	516	0	0.783203125	0.984659549	0.894305546	0.494120918	0.991071099	0.0935265453	0	0	0	0	0	3
2010	517	0	0.78515625	0.986828773	0.894345599	0.494120918	0.991071099	0.093450253	0	0	0	0	0	3
2015	518	0	0.787109375	0.989751944	0.894397327	0.494120918	0.991071099	0.0933746145	0	0	0	0	0	3
2020	519	0	0.7890625	0.991381189	0.894455635	0.494120918	0.991381189	0.0932997235	0	0	0	0	0	3
2025	520	0	0.791015625	0.991452581	0.894514374	0.494120918	0.991452581	0.0932256525	0	0	0	0	0	3
2030	521	0	0.79296875	0.991312946	0.89457267	0.494120918	0.991452581	0.0931524843	0	0	0	0	0	3
2035	521	0	0.794921875	0.991456121	0.894631567	0.494120918	0.991456121	0.0930803411	0	0	0	0	0	3
2040	522	0	0.796875	0.992082452	0.894692871	0.494120918	0.992082452	0.0930092819	0	0	0	0	0	3
2045	523	0	0.798828125	0.992947301	0.894757464	0.494120918	0.992947301	0.092939432	0	0	0	0	0	3
2050	524	0	0.80078125	0.993739074	0.894824972	0.494120918	0.993739074	0.0928709386	0	0	0	0	0	3
2055	525	0	0.802734375	0.994356698	0.894894613	0.494120918	0.994356698	0.0928040302	0	0	0	0	0	3
2060	526	0	0.8046875	0.994912525	0.894965988	0.494120918	0.994912525	0.0927388556	0	0	0	0	0	3
2065	527	0	0.806640625	0.994550667	0.895035402	0.494120918	0.994912525	0.0926756291	0	0	0	0	0	3
2070	528	0	0.80859375	0.993001622	0.895098064	0.494120918	0.994912525	0.0926145224	0	0	0	0	0	3
2075	529	0	0.810546875	0.990959703	0.895151919	0.494120918	0.994912525	0.0925556714	0	0	0	0	0	3
2080	529	0	0.8125	0.988901583	0.895196793	0.494120918	0.994912525	0.0924991868	0	0	0	0	0	3
2085	530	0	0.814453125	0.987064845	0.895233455	0.494120918	0.994912525	0.0924452634	0	0	0	0	0	3
2090	531	0	0.81640625	0.98553823	0.895262964	0.494120918	0.994912525	0.0923940579	0	0	0	0	0	3
2095	532	0	0.818359375	0.984968477	0.895288927	0.494120918	0.994912525	0.0923456386	0	0	0	0	0	3
2100	533	0	0.8203125	0.985662687	0.895316207	0.494120918	0.994912525	0.0922999619	0	0	0	0	0	3
2105	535	0	0.822265625	0.987443001	0.895349041	0.494120918	0.994912525	0.0922568942	0	0	0	0	0	3
2110	536	0	0.82421875	0.989780414	0.89538966	0.494120918	0.994912525	0.0922161732	0	0	0	0	0	3
2115	537	0	0.826171875	0.992075242	0.895438039	0.494120918	0.994912525	0.0921805986	0	0	0	0	0	3
2120	537	0	0.828125	0.993735903	0.895489827	0.494120918	0.994912525	0.092146454	0	0	0	0	0	3
2125	538	0	0.830078125	0.994027036	0.89554208	0.494120918	0.994912525	0.0921128942	0	0	0	0	0	3
2130	539	0	0.83203125	0.993419056	0.895591834	0.494120918	0.994912525	0.0920790603	0	0	0	0	0	3
2135	540	0	0.833984375	0.992838881	0.895639768	0.494120918	0.994912525	0.0920441351	0	0	0	0	0	3
2140	541	0	0.8359375	0.992415943	0.895687052	0.494120918	0.994912525	0.0920073394	0	0	0	0	0	3
2145	542	0	0.837890625	0.992074804	0.895734548	0.494120918	0.994912525	0.091967904	0	0	0	0	0	3
2150	543	0	0.83984375	0.991520513	0.89578197	0.494120918	0.994912525	0.09192514	0	0	0	0	0	3
2155	544	0	0.841796875	0.990832426	0.895829301	0.494120918	0.994912525	0.0918784157	0	0	0	0	0	3
2160	545	0	0.84375	0.989886619	0.89587601	0.494120918	0.994912525	0.0918271274	0	0	0	0	0	3
2165	546	0	0.845703125	0.988432522	0.895920577	0.494120918	0.994912525	0.091770736	0	0	0	0	0	3
2170	547	0	0.84765625	0.986539374	0.895961717	0.494120918	0.994912525	0.0917088486	0	0	0	0	0	3
2175	548	0	0.849609375	0.988878174	0.896016299	0.494120918	0.994912525	0.0916412651	0	0	0	0	0	3
2180	548	0	0.8515625	0.988241866	0.896072906	0.494120918	0.994912525	0.0915678746	0	0	0	0	0	3
2185	549	0	0.853515625	0.988066528	0.896133484	0.494120918	0.994912525	0.0914885319	0	0	0	0	0	3
2190	550	0	0.85546875	0.987981188	0.896198558	0.494120918	0.994912525	0.0914031473	0	0	0	0	0	3
2195	551	0	0.857421875	0.987982349	0.896268598	0.494120918	0.994912525	0.0913121139	0	0	0	0	0	3
2200	552	0	0.859375	0.988398302	0.896345012	0.494120918	0.994912525	0.0912157831	0	0	0	0	0	3
2205	554	0	0.861328125	0.989235198	0.896429256	0.494120918	0.994912525	0.0911146764	0	0	0	0	0	3
2210	555	0	0.86328125	0.990425514	0.89652239	0.494120918	0.994912525	0.0910095006	0	0	0	0	0	3
2215	556	0	0.865234375	0.991979233	0.896625372	0.494120918	0.994912525	0.0909010522	0	0	0	0	0	3
2220	556	0	0.8671875	0.993848899	0.896738895	0.494120918	0.994912525	0.0907904594	0	0	0	0	0	3
2225	557	0	0.869140625	0.995348227	0.896860714	0.494120918	0.995348227	0.090678847	0	0	0	0	0	3
2230	558	0	0.87109375	0.993540859	0.896977097	0.494120918	0.995348227	0.0905672189	0	0	0	0	0	3
2235	559	0	0.873046875	0.991586452	0.897086729	0.494120918	0.995348227	0.0904563156	0	0	0	0	0	3
2240	560	0	0.875	0.98995023	0.897190296	0.494120918	0.995348227	0.0903472338	0	0	0	0	0	3
2245	561	0	0.876953125	0.988625345	0.897288174	0.494120918	0.995348227	0.090240992	0	0	0	0	0	3
2250	562	0	0.87890625	0.987507445	0.897380373	0.494120918	0.995348227	0.0901384791	0	0	0	0	0	3
2255	563	0	0.880859375	0.986821061	0.897467867	0.494120918	0.995348227	0.0900407992	0	0	0	0	0	3
2260	564	0	0.8828125	0.986809118	0.897552395	0.494120918	0.995348227	0.0899492587	0	0	0	0	0	3
2265	564	0	0.884765625	0.987616087	0.897636091	0.494120918	0.995348227	0.0898655621	0	0	0	0	0	3
2270	565	0	0.88671875	0.989167147	0.897720463	0.494120918	0.995348227	0.0897917543	0	0	0	0	0	3
2275	566	0	0.888671875	0.991165139	0.897805568	0.494120918	0.995348227	0.0897293332	0	0	0	0	0	3
2280	567	0	0.890625	0.99318582	0.897890202	0.494120918	0.995348227	0.08967937	0	0	0	0	0	3
2285	568	0	0.892578125	0.99476584	0.897971667	0.494120918	0.995348227	0.0896404582	0	0	0	0	0	3
2290	569	0	0.89453125	0.995048922	0.898045863	0.494120918	0.995348227	0.0896108101	0	0	0	0	0	3
2295	570	0	0.896484375	0.994362619	0.898110301	0.494120918	0.995348227	0.089588229	0	0	0	0	0	3
2300	571	0	0.8984375	0.993175874	0.898164676	0.494120918	0.995348227	0.0895708269	0	0	0	0	0	3
2305	573	0	0.900390625	0.99203663	0.89821061	0.494120918	0.995348227	0.0895566766	0	0	0	0	0	3
2310	574	0	0.90234375	0.991127457	0.898250498	0.494120918	0.995348227	0.0895438619	0	0	0	0	0	3
2315	575	0	0.904296875	0.99048433	0.8982869	0.494120918	0.995348227	0.0895305732	0	0	0	0	0	3
2320	575	0	0.90625	0.990049457	0.89832209	0.494120918	0.995348227	0.0895152238	0	0	0	0	0	3
2325	576	0	0.908203125	0.989659416	0.898357551	0.494120918	0.995348227	0.0894964641	0	0	0	0	0	3
2330	577	0	0.91015625	0.989228243	0.898394258	0.494120918	0.995348227	0.0894729492	0	0	0	0	0	3
2335	578	0	0.912109375	0.988825533	0.898433477	0.494120918	0.995348227	0.0894437073	0	0	0	0	0	3
2340	579	0	0.9140625	0.990080486	0.898482546	0.494120918	0.995348227	0.0894084853	0	0	0	0	0	3
2345	580	0	0.916015625	0.990058933	0.898536759	0.494120918	0.995348227	0.0893676672	0	0	0	0	0	3
2350	581	0	0.91796875	0.9898869	0.898595275	0.494120918	0.995348227	0.0893221679	0	0	0	0	0	3
2355	582	0	0.919921875	0.989802625	0.89865773	0.494120918	0.995348227	0.089273427	0	0	0	0	0	3
2360	582	0	0.921875	0.989860528	0.898723515	0.494120918	0.995348227	0.089223362	0	0	0	0	0	3
2365	583	0	0.923828125	0.990211176	0.898792177	0.494120918	0.995348227	0.089174093	0	0	0	0	0	3
2370	584	0	0.92578125	0.990781174	0.898862777	0.494120918	0.995348227	0.0891276284	0	0	0	0	0	3
2375	585	0	0.927734375	0.991514949	0.898934217	0.494120918	0.995348227	0.0891261257	0	0	0	0	0	3
2380	586	0	0.9296875	0.992649752	0.899006565	0.494120918	0.995348227	0.0891261257	0	0	0	0	0	3
2385	587	0	0.931640625	0.994124662	0.899079967	0.494120918	0.995348227	0.0891261257	0	0	0	0	0	3
2390	588	0	0.93359375	0.995596941	0.899153581	0.494120918	0.995596941	0.0891261257	0	0	0	0	0	3
2395	589	0	0.935546875	0.996111245	0.899223166	0.494120918	0.996111245	0.0891261257	0	0	0	0	0	3
2400	589	0	0.9375	0.994731625	0.899281139	0.494120918	0.996111245	0.0891261257	0	0	0	0	0	3
2405	591	0	0.939453125	0.993521594	0.899328274	0.494120918	0.996111245	0.0891261257	0	0	0	0	0	3
2410	592	0	0.94140625	0.992641241	0.89936625	0.494120918	0.996111245	0.0891261257	0	0	0	0	0	3
2415	593	0	0.943359375	0.99210525	0.899396881	0.494120918	0.996111245	0.0891261257	0	0	0	0	0	3
2420	594	0	0.9453125	0.991846498	0.899421869	0.494120918	0.996111245	0.0891261257	0	0	0	0	0	3
2425	595	0	0.947265625	0.991754613	0.899442566	0.494120918	0.996111245	0.0891261257	0	0	0	0	0	3
2430	596	0	0.94921875	0.99194474	0.899460799	0.494120918	0.996111245	0.0891261257	0	0	0	0	0	3
2435	597	0	0.951171875	0.992595858	0.899479087	0.494120918	0.996111245	0.0891261257	0	0	0	0	0	3
2440	597	0	0.953125	0.993667954	0.899499792	0.494120918	0.996111245	0.0891261257	0	0	0	0	0	3
2445	598	0	0.955078125	0.994787686	0.899523792	0.494120918	0.996111245	0.0891261257	0	0	0	0	0	3
2450	599	0	0.95703125	0.995514243	0.899558105	0.494120918	0.996111245	0.0891261257	0	0	0	0	0	3
2455	600	0	0.958984375	0.994831141	0.899591375	0.494120918	0.996111245	0.0891261257	0	0	0	0	0	3
2460	601	0	0.9609375	0.993721265	0.899623185	0.494120918	0.996111245	0.0891261257	0	0	0	0	0	3
2465	602	0	0.962890625	0.992580704	0.899654308	0.494120918	0.996111245	0.0891261257	0	0	0	0	0	3
2470	603	0	0.96484375	0.991539985	0.899684357	0.494120918	0.996111245	0.0891261257	0	0	0	0	0	3
2475	604	0	0.966796875	0.990652219	0.899712507	0.494120918	0.996111245	0.089125397	0	0	0	0	0	3
2480	605	0	0.96875	0.98994715	0.899738766	0.494120918	0.996111245	0.0891234788	0	0	0	0	0	3
2485	605	0	0.970703125	0.989402262	0.899764027	0.494120918	0.996111245	0.0891205804	0	0	0	0	0	3
2490	606	0	0.97265625	0.988945577	0.899788449	0.494120918	0.996111245	0.0891165456	0	0	0	0	0	3
2495	607	0	0.974609375	0.988528587	0.899812349	0.494120918	0.996111245	0.0891108068	0	0	0	0	0	3
2500	608	0	0.9765625	0.98811597	0.899836299	0.494120918	0.996111245	0.0891025383	0	0	0	0	0	3
2505	610	0	0.978515625	0.987679502	0.899861019	0.494120918	0.996111245	0.0890913306	0	0	0	0	0	3
2510	611	0	0.98046875	0.988304251	0.899891081	0.494120918	0.996111245	0.0890771295	0	0	0	0	0	3
2515	612	0	0.982421875	0.988083746	0.899923268	0.494120918	0.996111245	0.0890602742	0	0	0	0	0	3
2520	613	0	0.984375	0.98810379	0.899958227	0.494120918	0.996111245	0.0890414419	0	0	0	0	0	3
2525	614	0	0.986328125	0.988287498	0.899995965	0.494120918	0.996111245	0.0890221457	0	0	0	0	0	3
2530	615	0	0.98828125	0.988813613	0.900036361	0.494120918	0.996111245	0.0890123074	0	0	0	0	0	3
2535	615	0	0.990234375	0.989517707	0.900077933	0.494120918	0.996111245	0.0890123074	0	0	0	0	0	3
2540	616	0	0.9921875	0.990358105	0.900118683	0.494120918	0.996111245	0.0890123074	0	0	0	0	0	3
2545	617	0	0.994140625	0.991282721	0.9001567	0.494120918	0.996111245	0.0890123074	0	0	0	0	0	3
2550	618	0	0.99609375	0.992324387	0.900190933	0.494120918	0.996111245	0.0890123074	0	0	0	0	0	3
2555	619	0	0.998046875	0.99351025	0.900221371	0.494120918	0.996111245	0.0890123074	0	0	0	0	0	3
2560	620	0	1	0.994516168	0.900248311	0.494120918	0.996111245	0.0889044494	0.0151763565	0	17	0	0	3
2565	621	0	1.00195312	0.995168242	0.900272032	0.494120918	0.996111245	0.0888659848	0.0151763565	0	17	0	0	3
2570	622	0	1.00390625	0.995010193	0.900291017	0.494120918	0.996111245	0.0888301108	0.0151763565	0	17	0	0	3
2575	623	0	1.00585938	0.994760751	0.900306488	0.494120918	0.996111245	0.0887952532	0.0151763565	0	17	0	0	3
2580	623	0	1.0078125	0.9945986	0.900320267	0.494120918	0.996111245	0.0887601137	0.0151763565	0	17	0	0	3
2585	624	0	1.00976562	0.99455929	0.900334169	0.494120918	0.996111245	0.0887236753	0.0151763565	0	17.1	0	0	3
2590	625	0	1.01171875	0.994622408	0.900349609	0.494120918	0.996111245	0.088685536	0.0151763565	0	17.1	0	0	3
2595	626	0	1.01367188	0.99476105	0.900367288	0.494120918	0.996111245	0.0886458289	0.0151763565	0	17.1	0	0	3
2600	627	0	1.015625	0.99492857	0.900387189	0.494120918	0.996111245	0.0886053437	0.0151763565	0	17.1	0	0	3
2605	629	0	1.01757812	0.994785501	0.900407309	0.494120918	0.996111245	0.0885652849	0.0151763565	0	17.1	0	0	3
2610	630	0	1.01953125	0.994173049	0.900424609	0.494120918	0.996111245	0.088526908	0.0151763565	0	17.1	0	0	3
2615	631	0	1.02148438	0.993398437	0.900437201	0.494120918	0.996111245	0.0884602205	0.0151763565	0	17.1	0	0	3
2620	632	0	1.0234375	0.992499477	0.900474592	0.494120918	0.996111245	0.0883936444	0.0151763565	0	17.1	0	0	3
2625	633	0	1.02539062	0.99163817	0.900508507	0.494120918	0.996111245	0.0883209375	0.0151763565	0	17.1	0	0	3
2630	634	0	1.02734375	0.990853027	0.900545486	0.494120918	0.996111245	0.0882428744	0.0151763565	0	17.1	0	0	3
2635	635	0	1.02929688	0.990222246	0.900585358	0.494120918	0.996111245	0.0881651042	0.0151763565	0	17.2	0	0	3
2640	636	0	1.03125	0.989758896	0.900623128	0.494120918	0.996111245	0.0880949898	0.0151763565	0	17.2	0	0	3
2645	637	0	1.03320312	0.989419437	0.900651915	0.494120918	0.996111245	0.0880306391	0.0151763565	0	17.2	0	0	3
2650	637	0	1.03515625	0.989109462	0.900673728	0.494120918	0.996111245	0.0879635178	0.0151763565	0	17.2	0	0	3
2655	638	0	1.03710938	0.988804795	0.900697122	0.494120918	0.996111245	0.0878856915	0.0151763565	0	17.2	0	0	3
2660	639	0	1.0390625	0.988533931	0.900730164	0.494120918	0.996111245	0.0877898906	0.0151763565	0	17.2	0	0	3
2665	640	0	1.04101562	0.988322684	0.900780665	0.494120918	0.996111245	0.0876668307	0.0151763565	0	17.3	0	0	3
2670	641	0	1.04296875	0.988184096	0.900858436	0.494120918	0.996111245	0.0875119589	0.0151763565	0	17.3	0	0	3
2675	642	0	1.04492188	0.988208879	0.900968886	0.494120918	0.996111245	0.0873275445	0.0151763565	0	17.3	0	0	3
2680	643	0	1.046875	0.988336437	0.901110156	0.494120918	0.996111245	0.0871190092	0.0151763565	0	17.4	0	0	3
2685	644	0	1.04882812	0.98862096	0.901277868	0.494120918	0.996111245	0.0868921028	0.0151763565	0	17.4	0	0	3
2690	645	0	1.05078125	0.989053683	0.901467005	0.494120918	0.996111245	0.0866554876	0.0151763565	0	17.5	0	0	3
2695	646	0	1.05273438	0.989571931	0.901669178	0.494120918	0.996111245	0.0864226165	0.0151763565	0	17.5	0	0	3
2700	646	0	1.0546875	0.990147223	0.901871211	0.494120918	0.996111245	0.0862102655	0.0151763565	0	17.6	0	0	3
2705	649	0	1.05664062	0.990752568	0.902056877	0.494120918	0.996111245	0.0860343095	0.0151763565	0	17.6	0	0	3
2710	649	0	1.05859375	0.991335726	0.902210153	0.494120918	0.996111245	0.0859043628	0.0151763565	0	17.6	0	0	3
2715	650	0	1.06054688	0.9918597	0.902321315	0.494120918	0.996111245	0.0858217302	0.0151763565	0	17.6	0	0	3
2720	651	0	1.0625	0.99230623	0.902389285	0.494120918	0.996111245	0.0857729429	0.0151763565	0	17.6	0	0	3
2725	652	0	1.06445312	0.99265302	0.90242735	0.494120918	0.996111245	0.0857077239	0.0151763565	0	17.7	0	0	3
2730	653	0	1.06640625	0.992874012	0.902465171	0.494120918	0.996111245	0.0856226771	0.0151763565	0	17.7	0	0	3
2735	654	0	1.06835938	0.992981554	0.902523985	0.494120918	0.996111245	0.0855031913	0.0151763565	0	17.7	0	0	3
2740	655	0	1.0703125	0.992979577	0.902618185	0.494120918	0.996111245	0.0853506464	0.0151763565	0	17.7	0	0	3
2745	656	0	1.07226562	0.992877399	0.902745991	0.494120918	0.996111245	0.0851703652	0.0151763565	0	17.8	0	0	3
2750	657	0	1.07421875	0.992684981	0.902901378	0.494120918	0.996111245	0.0849665566	0.0151763565	0	17.8	0	0	3
2755	658	0	1.07617188	0.992416287	0.9030797	0.494120918	0.996111245	0.0847376269	0.0151763565	0	17.9	0	0	3
2760	659	0	1.078125	0.992090697	0.90328231	0.494120918	0.996111245	0.084479838	0.0151763565	0	17.9	0	0	3
2765	659	0	1.08007812	0.99172273	0.903512932	0.494120918	0.996111245	0.0841965157	0.0151763565	0	18	0	0	3
2770	660	0	1.08203125	0.991328648	0.903768434	0.494120918	0.996111245	0.0838993371	0.0151763565	0	18	0	0	3
2775	661	0	1.08398438	0.990951125	0.90403736	0.494120918	0.996111245	0.0836044151	0.0151763565	0	18.1	0	0	3
2780	662	0	1.0859375	0.990653808	0.90430421	0.494120918	0.996111245	0.0835002067	0.0151763565	0	18.1	0	0	3
2785	663	0	1.08789062	0.990446208	0.904381142	0.494120918	0.996111245	0.0833756736	0.0151763565	0	18.2	0	0	3
2790	664	0	1.08984375	0.990304617	0.904479393	0.494120918	0.996111245	0.0832417773	0.0151763565	0	18.2	0	0	3
2795	665	0	1.09179688	0.990207969	0.904588354	0.494120918	0.996111245	0.0830912209	0.0151763565	0	18.2	0	0	3
2800	666	0	1.09375	0.990142715	0.904715945	0.494120918	0.996111245	0.0829200907	0.0151763565	0	18.3	0	0	3
2805	668	0	1.09570312	0.990103449	0.904866215	0.494120918	0.996111245	0.0827272386	0.0151763565	0	18.3	0	0	3
2810	669	0	1.09765625	0.990091307	0.905040422	0.494120918	0.996111245	0.0825102466	0.0151763565	0	18.3	0	0	3
2815	670	0	1.09960938	0.990110606	0.905241092	0.494120918	0.996111245	0.082255017	0.0151763565	0	18.4	0	0	3
2820	671	0	1.1015625	0.990167124	0.905482694	0.494120918	0.996111245	0.0819552728	0.0151763565	0	18.5	0	0	3
2825	672	0	1.10351562	0.990273812	0.905771698	0.494120918	0.996111245	0.0816209916	0.0151763565	0	18.5	0	0	3
2830	672	0	1.10546875	0.990445538	0.906098467	0.494120918	0.996111245	0.0812686712	0.0151763565	0	18.6	0	0	3
2835	673	0	1.10742188	0.990679654	0.906446709	0.494120918	0.996111245	0.0809095912	0.0151763565	0	18.7	0	0	3
2840	674	0	1.109375	0.990012014	0.90680172	0.494120918	0.996111245	0.0805480217	0.0151763565	0	18.8	0	0	3
2845	675	0	1.11132812	0.989992585	0.907162048	0.494120918	0.996111245	0.0801884625	0.0151763565	0	18.9	0	0	3
2850	676	0	1.11328125	0.989902227	0.90752283	0.494120918	0.996111245	0.0798373452	0.0151763565	0	19	0	0	3
2855	677	0	1.11523438	0.989655415	0.907876991	0.494120918	0.996111245	0.0794987464	0.0151763565	0	19	0	0	3
2860	678	0	1.1171875	0.98964998	0.908221249	0.494120918	0.996111245	0.0791751106	0.0151763565	0	19.1	0	0	3
2865	679	0	1.11914062	0.98989637	0.90855403	0.494120918	0.996111245	0.0788684958	0.0151763565	0	19.2	0	0	3
2870	680	0	1.12109375	0.990137577	0.908873278	0.494120918	0.996111245	0.0785786923	0.0151763565	0	19.3	0	0	3
2875	681	0	1.12304688	0.990209374	0.909178456	0.494120918	0.996111245	0.0782944796	0.0151763565	0	19.3	0	0	3
2880	681	0	1.125	0.990138582	0.909480201	0.494120918	0.996111245	0.0780053934	0.0151763565	0	19.4	0	0	3
2885	682	0	1.12695312	0.99003738	0.909788745	0.494120918	0.996111245	0.0777074806	0.0151763565	0	19.5	0	0	3
2890	683	0	1.12890625	0.989868456	0.910107759	0.494120918	0.996111245	0.0773660585	0.0151763565	0	19.6	0	0	3
2895	684	0	1.13085938	0.989576673	0.910437235	0.494120918	0.996111245	0.0770169992	0.0151763565	0	19.7	0	0	3
2900	685	0	1.1328125	0.989166611	0.910774318	0.494120918	0.996111245	0.0766618657	0.0151763565	0	19.7	0	0	3
2905	687	0	1.13476562	0.988695996	0.911116787	0.494120918	0.996111245	0.0763025647	0.0151763565	0	19.8	0	0	3
2910	688	0	1.13671875	0.98821331	0.911462981	0.494120918	0.996111245	0.0759400042	0.0151763565	0	19.9	0	0	3
2915	689	0	1.13867188	0.987752469	0.911812459	0.494120918	0.996111245	0.0755737334	0.0151763565	0	20	0	0	3
2920	690	0	1.140625	0.98736422	0.912166328	0.494120918	0.996111245	0.0752030965	0.0151763565	0	20.1	0	0	3
2925	691	0	1.14257812	0.987124604	0.912526147	0.494120918	0.996111245	0.0748267819	0.0151763565	0	20.2	0	0	3
2930	692	0	1.14453125	0.987106717	0.912894232	0.494120918	0.996111245	0.074442696	0.0151763565	0	20.3	0	0	3
2935	693	0	1.14648438	0.987373065	0.913273735	0.494120918	0.996111245	0.0740479846	0.0151763565	0	20.4	0	0	3
2940	693	0	1.1484375	0.987924548	0.91366848	0.494120918	0.996111245	0.0736386362	0.0151763565	0	20.6	0	0	3
2945	694	0	1.15039062	0.9886631	0.914083157	0.494120918	0.996111245	0.0732102877	0.0151763565	0	20.7	0	0	3
2950	695	0	1.15234375	0.989520901	0.914522544	0.494120918	0.996111245	0.0727655533	0.0151763565	0	20.8	0	0	3
2955	696	0	1.15429688	0.990402872	0.914984091	0.494120918	0.996111245	0.0722956457	0.0151763565	0	20.9	0	0	3
2960	697	0	1.15625	0.991181322	0.915476095	0.494120918	0.996111245	0.0717888525	0.0151763565	0	21.1	0	0	3
2965	698	0	1.15820312	0.991844926	0.916009736	0.494120918	0.996111245	0.0712649564	0.0151763565	0	21.2	0	0	3
2970	699	0	1.16015625	0.992359346	0.916564599	0.494120918	0.996111245	0.070693568	0.0151763565	0	21.4	0	0	3
2975	700	0	1.16210938	0.992727366	0.917170422	0.494120918	0.996111245	0.0700914933	0.0151763565	0	21.6	0	0	3
2980	701	0	1.1640625	0.99298788	0.917809925	0.494120918	0.996111245	0.0694606828	0.0151763565	0	21.8	0	0	3
2985	702	0	1.16601562	0.993193718	0.918480972	0.494120918	0.996111245	0.0687913622	0.0151763565	0	22	0	0	3
2990	703	0	1.16796875	0.993388255	0.919193264	0.494120918	0.996111245	0.0681214026	0.0151763565	0	22.2	0	0	3
2995	704	0	1.16992188	0.99357878	0.919908889	0.494120918	0.996111245	0.0674171197	0.0151763565	0	22.5	0	0	3
3000	704	0	1.171875	0.993744022	0.920661396	0.494120918	0.996111245	0.0666723403	0.0151763565	0	22.7	0	0	3
3005	707	0	1.17382812	0.993874385	0.921456735	0.494120918	0.996111245	0.0659280237	0.0151763565	0	23	0	0	3
3010	707	0	1.17578125	0.99170938	0.922244872	0.494120918	0.996111245	0.0651743535	0.0151763565	0	23.2	0	0	3
3015	708	0	1.17773438	0.991089666	0.923041547	0.494120918	0.996111245	0.0643953324	0.0151763565	0	23.5	0	0	3
3020	709	0	1.1796875	0.989990524	0.92386075	0.494120918	0.996111245	0.0636426388	0.0151763565	0	23.8	0	0	3
3025	710	0	1.18164062	0.989035669	0.92465131	0.494120918	0.996111245	0.0628452387	0.0151763565	0	24.1	0	0	3
3030	711	0	1.18359375	0.98856012	0.925486047	0.494120918	0.996111245	0.0620452058	0.0151763565	0	24.4	0	0	3
3035	712	0	1.18554688	0.988148639	0.926323093	0.494120918	0.996111245	0.0612287762	0.0151763565	0	24.7	0	0	3
3040	713	0	1.1875	0.98795541	0.927177034	0.494120918	0.996111245	0.0603934097	0.0151763565	0	25.1	0	0	3
3045	714	0	1.18945312	0.987484585	0.928049282	0.494120918	0.996111245	0.0595236144	0.0151763565	0	25.4	0	0	3
3050	715	0	1.19140625	0.986850973	0.928954617	0.494120918	0.996111245	0.0586538467	0.0151763565	0	25.8	0	0	3
3055	716	0	1.19335938	0.986026576	0.929857758	0.494120918	0.996111245	0.0577766968	0.0151763565	0	26.2	0	0	3
3060	717	0	1.1953125	0.984832634	0.930764591	0.494120918	0.996111245	0.0568652541	0.0151763565	0	26.6	0	0	3
3065	717	0	1.19726562	0.983180353	0.931680412	0.494120918	0.996111245	0.0559369747	0.0151763565	0	27.1	0	0	3
3070	718	0	1.19921875	0.981507756	0.932607693	0.494120918	0.996111245	0.0549658912	0.0151763565	0	27.6	0	0	3
3075	719	0	1.20117188	0.980238084	0.933573702	0.494120918	0.996111245	0.053997768	0.0151763565	0	28.1	0	0	3
3080	720	0	1.203125	0.979315267	0.934534154	0.494120918	0.996111245	0.0530201561	0.0151763565	0	28.6	0	0	3
3085	721	0	1.20507812	0.978860746	0.935503496	0.494120918	0.996111245	0.052087393	0.0151763565	0	29.1	0	0	3
3090	722	0	1.20703125	0.979078578	0.936430206	0.494120918	0.996111245	0.0510828938	0.0151763565	0	29.7	0	0	3
3095	723	0	1.20898438	0.980212997	0.9374345	0.494120918	0.996111245	0.0501193638	0.0151763565	0	30.2	0	0	3
3100	724	0	1.2109375	0.982329114	0.93840749	0.494120918	0.996111245	0.0491366451	0.0151763565	0	30.8	0	0	3
3105	726	0	1.21289062	0.985119475	0.939411959	0.494120918	0.996111245	0.0481381374	0.0151763565	0	31.5	0	0	3
3110	727	0	1.21484375	0.988190471	0.940445625	0.494120918	0.996111245	0.0471176419	0.0151763565	0	32.2	0	0	3
3115	727	0	1.21679688	0.991106712	0.94151395	0.494120918	0.996111245	0.0472396877	0.0151763565	0	32.1	0	0	3
3120	728	0	1.21875	0.993490539	0.942705596	0.494120918	0.996111245	0.0484313339	0.0151763565	0	31.3	0	0	3
3125	729	0	1.22070312	0.994352586	0.943930319	0.494120918	0.996111245	0.0496560574	0.0151763565	0	30.5	0	0	3
3130	730	0	1.22265625	0.99483182	0.945168275	0.494120918	0.996111245	0.0508940132	0.0151763565	0	29.8	0	0	3
3135	731	0	1.22460938	0.995469757	0.946480127	0.494120918	0.996111245	0.0522058652	0.0151763565	0	29	0	0	3
3140	732	0	1.2265625	0.996156412	0.947835726	0.494120918	0.996156412	0.0535614636	0.0151763565	0	28.3	0	0	3
3145	733	0	1.22851562	0.996676601	0.949299547	0.494120918	0.996676601	0.0550252854	0.0151763565	0	27.5	0	0	3
3150	734	0	1.23046875	0.996791691	0.950749211	0.494120918	0.996791691	0.0564749487	0.0151763565	0	26.8	0	0	3
3155	735	0	1.23242188	0.9965518	0.952285569	0.494120918	0.996791691	0.0580113069	0.0151763565	0	26.1	0	0	3
3160	736	0	1.234375	0.996123239	0.953827297	0.494120918	0.996791691	0.0595530347	0.0151763565	0	25.4	0	0	3
3165	737	0	1.23632812	0.995555749	0.955418122	0.494120918	0.996791691	0.0611438598	0.0151763565	0	24.8	0	0	3
3170	737	0	1.23828125	0.994908733	0.957069436	0.494120918	0.996791691	0.0627951739	0.0151763565	0	24.1	0	0	3
3175	738	0	1.24023438	0.988728553	0.958695853	0.494120918	0.996791691	0.0644215907	0.0151763565	0	23.5	0	0	3
3180	739	0	1.2421875	0.984556388	0.960311659	0.494120918	0.996791691	0.066037397	0.0151763565	0	22.9	0	0	3
3185	740	0	1.24414062	0.983341257	0.962109487	0.494120918	0.996791691	0.0678352252	0.0151763565	0	22.3	0	0	3
3190	741	0	1.24609375	0.984040058	0.963898394	0.494120918	0.996791691	0.0696241324	0.0151763565	0	21.7	0	0	3
3195	742	0	1.24804688	0.984719689	0.965776659	0.494120918	0.996791691	0.0715023967	0.0151763565	0	21.2	0	0	3
3200	743	0	1.25	0.98508867	0.967687402	0.494120918	0.996791691	0.0734131401	0.0151763565	0	20.6	0	0	3
3205	745	0	1.25195312	0.984163797	0.969601632	0.496578937	0.996791691	0.0753273701	0.0151763565	0	20.1	0	0	3
3210	746	0	1.25390625	0.981912034	0.971490987	0.496578937	0.996791691	0.0772167246	0.0151763565	0	19.6	0	0	3
3215	747	0	1.25585938	0.979133453	0.973375965	0.49681788	0.996791691	0.0791017032	0.0151763565	0	19.1	0	0	3
3220	748	0	1.2578125	0.976606545	0.975239396	0.49681788	0.996791691	0.0809651343	0.0151763565	0	18.7	0	0	3
3225	749	0	1.25976562	0.974276396	0.977086993	0.49681788	0.996791691	0.0828127312	0.0151763565	0	18.3	0	0	3
3230	750	0	1.26171875	0.971589267	0.978867299	0.49681788	0.996791691	0.0845930367	0.0151763565	0	17.9	0	0	3
3235	751	0	1.26367188	0.968004455	0.980707871	0.498273486	0.996791691	0.0864336093	0.0151763565	0	17.5	0	0	3
3240	752	0	1.265625	0.965096873	0.982526899	0.498273486	0.996791691	0.0882526369	0.0151763565	0	17.1	0	0	3
3245	753	0	1.26757812	0.964068695	0.984331171	0.498273486	0.996791691	0.0900569087	0.0151763565	0	16.8	0	0	3
3250	754	0	1.26953125	0.964956577	0.986154151	0.614716908	0.996791691	0.0918798895	0.0151763565	0	16.5	0	0	3
3255	754	0	1.27148438	0.96762225	0.987532688	0.788417559	0.996791691	0.093258426	0.0151763565	0	16.2	0	0	3
3260	755	0	1.2734375	0.972162262	0.988250441	0.858267361	0.996791691	0.0939761787	0.0151763565	0	16.1	0	0	3
3265	756	0	1.27539062	0.978258745	0.988719157	0.894896799	0.996791691	0.0944448951	0.0151763565	0	16	0	0	3
3270	757	0	1.27734375	0.984878706	0.989070649	0.917926752	0.996791691	0.0788649391	0.0151763565	0	19.2	0	0	3
3275	758	0	1.27929688	0.990456896	0.98935397	0.933952024	0.996791691	0.0628396669	0.0151763565	0	24.1	0	0	3
3280	759	0	1.28125	0.988126933	0.98956559	0.964068695	0.996791691	0.0327229962	0.0151763565	0	46.3	0	0	3
3285	760	0	1.28320312	0.983453282	0.989560878	0.964068695	0.996791691	0.0327229962	0.0151763565	0	46.3	0	0	3
3290	761	0	1.28515625	0.979523789	0.989532343	0.964068695	0.996791691	0.0327229962	0.0151763565	0	46.3	0	0	3
3295	762	0	1.28710938	0.977845663	0.989485834	0.964068695	0.996791691	0.0327229962	0.0151763565	0	46.3	0	0	3
3300	763	0	1.2890625	0.978889252	0.989437038	0.964068695	0.996791691	0.0327229962	0.0151763565	0	46.3	0	0	3
3305	765	0	1.29101562	0.982265566	0.989401151	0.964068695	0.996791691	0.0327229962	0.0151763565	0	46.3	0	0	3
3310	766	0	1.29296875	0.986339679	0.989381724	0.964068695	0.996791691	0.0327229962	0.0151763565	0	46.3	0	0	3
3315	767	0	1.29492188	0.98954514	0.989374259	0.964068695	0.996791691	0.0327229962	0.0151763565	0	46.3	0	0	3
3320	768	0	1.296875	0.991555133	0.9893722	0.964068695	0.996791691	0.0327229962	0.0151763565	0	46.3	0	0	3
3325	769	0	1.29882812	0.992346482	0.989369853	0.964068695	0.996791691	0.0327229962	0.0151763565	0	46.3	0	0	3
3330	770	0	1.30078125	0.991955867	0.989362887	0.964068695	0.996791691	0.0327229962	0.0151763565	0	46.3	0	0	3
3335	770	0	1.30273438	0.989843583	0.989345258	0.964068695	0.996791691	0.0327229962	0.0151763565	0	46.3	0	0	3
3340	771	0	1.3046875	0.986545013	0.989312572	0.964068695	0.996791691	0.0327229962	0.0151763565	0	46.3	0	0	3
3345	772	0	1.30664062	0.958423677	0.989171451	0.958423677	0.996791691	0.0383680141	0.0151763565	0	39.5	0	0	3
3350	773	0	1.30859375	0.957106256	0.989031235	0.957106256	0.996791691	0.0396854354	0.0151763565	0	38.2	0	0	3
3355	774	0	1.31054688	0.964734009	0.988928791	0.957106256	0.996791691	0.0396854354	0.0151763565	0	38.2	0	0	3
3360	775	0	1.3125	0.972653036	0.98886532	0.957106256	0.996791691	0.0396854354	0.0151763565	0	38.2	0	0	3
3365	776	0	1.31445312	0.978823749	0.988833128	0.957106256	0.996791691	0.0396854354	0.0151763565	0	38.2	0	0	3
3370	777	0	1.31640625	0.983575511	0.988825461	0.957106256	0.996791691	0.0396854354	0.0151763565	0	38.2	0	0	3
3375	778	0	1.31835938	0.981978853	0.988813783	0.957106256	0.996791691	0.0396854354	0.0151763565	0	38.2	0	0	3
3380	779	0	1.3203125	0.976721271	0.988778855	0.957106256	0.996791691	0.0396854354	0.0151763565	0	38.2	0	0	3
3385	780	0	1.32226562	0.972393273	0.988720067	0.957106256	0.996791691	0.0396854354	0.0151763565	0	38.2	0	0	3
3390	781	0	1.32421875	0.969133955	0.988639417	0.957106256	0.996791691	0.0396854354	0.0151763565	0	38.2	0	0	3
3395	782	0	1.32617188	0.966593234	0.988539878	0.957106256	0.996791691	0.0396854354	0.0151763565	0	38.2	0	0	3
3400	783	0	1.328125	0.964458606	0.988425514	0.957106256	0.996791691	0.0396854354	0.0151763565	0	38.2	0	0	3
3405	785	0	1.33007812	0.962688667	0.988303098	0.957106256	0.996791691	0.0396854354	0.0151763565	0	38.2	0	0	3
3410	786	0	1.33203125	0.96243184	0.988182054	0.957106256	0.996791691	0.0396854354	0.0151763565	0	38.2	0	0	3
3415	787	0	1.33398438	0.964626897	0.988071851	0.957106256	0.996791691	0.0396854354	0.0151763565	0	38.2	0	0	3
3420	788	0	1.3359375	0.969096774	0.987980761	0.957106256	0.996791691	0.0396854354	0.0151763565	0	38.2	0	0	3
3425	789	0	1.33789062	0.975186734	0.987914792	0.957106256	0.996791691	0.0396854354	0.0151763565	0	38.2	0	0	3
3430	789	0	1.33984375	0.982047474	0.987877788	0.957106256	0.996791691	0.0396854354	0.0151763565	0	38.2	0	0	3
3435	790	0	1.34179688	0.988473486	0.987868573	0.957106256	0.996791691	0.0396854354	0.0151763565	0	38.2	0	0	3
3440	791	0	1.34375	0.990177661	0.98786971	0.957106256	0.996791691	0.0396854354	0.0151763565	0	38.2	0	0	3
3445	792	0	1.34570312	0.985304511	0.987857491	0.957106256	0.996791691	0.0396854354	0.0151763565	0	38.2	0	0	3
3450	793	0	1.34765625	0.97966739	0.987830648	0.957106256	0.996791691	0.0396854354	0.0151763565	0	38.2	0	0	3
3455	794	0	1.34960938	0.97626943	0.987781395	0.957106256	0.996791691	0.0396854354	0.0151763565	0	38.2	0	0	3
3460	795	0	1.3515625	0.975599924	0.987732012	0.957106256	0.996791691	0.0396854354	0.0151763565	0	38.2	0	0	3
3465	796	0	1.35351562	0.977726485	0.987691621	0.957106256	0.996791691	0.0396854354	0.0151763565	0	38.2	0	0	3
3470	797	0	1.35546875	0.981515875	0.987666366	0.957106256	0.996791691	0.0396854354	0.0151763565	0	38.2	0	0	3
3475	798	0	1.35742188	0.986007827	0.987658653	0.957106256	0.996791691	0.0396854354	0.0151763565	0	38.2	0	0	3
3480	799	0	1.359375	0.990815893	0.987668097	0.957106256	0.996791691	0.0396854354	0.0151763565	0	38.2	0	0	3
3485	800	0	1.36132812	0.994236052	0.987687631	0.957106256	0.996791691	0.0396854354	0.0151763565	0	38.2	0	0	3
3490	801	0	1.36328125	0.993966662	0.987701464	0.957106256	0.996791691	0.0396854354	0.0151763565	0	38.2	0	0	3
3495	802	0	1.36523438	0.992694041	0.987704256	0.957106256	0.996791691	0.0396854354	0.0151763565	0	38.2	0	0	3
3500	802	0	1.3671875	0.992741534	0.987699931	0.957106256	0.996791691	0.0396854354	0.0151763565	0	38.2	0	0	3
3505	805	0	1.36914062	0.991055983	0.987683164	0.957106256	0.996791691	0.0396854354	0.0151763565	0	38.2	0	0	3
3510	806	0	1.37109375	0.987473266	0.987659463	0.957106256	0.996791691	0.0396854354	0.0151763565	0	38.2	0	0	3
3515	806	0	1.37304688	0.985183854	0.987634452	0.957106256	0.996791691	0.0396854354	0.0151763565	0	38.2	0	0	3
3520	807	0	1.375	0.983970634	0.987611095	0.957106256	0.996791691	0.0396854354	0.0151763565	0	38.2	0	0	3
3525	808	0	1.37695312	0.984441124	0.98759475	0.957106256	0.996791691	0.0396854354	0.0151763565	0	38.2	0	0	3
3530	809	0	1.37890625	0.986429452	0.987590539	0.957106256	0.996791691	0.0396854354	0.0151763565	0	38.2	0	0	3
3535	810	0	1.38085938	0.98929909	0.987600219	0.957106256	0.996791691	0.0396854354	0.0151763565	0	38.2	0	0	3
3540	811	0	1.3828125	0.991305921	0.987617785	0.957106256	0.996791691	0.0396854354	0.0151763565	0	38.2	0	0	3
3545	812	0	1.38476562	0.990432536	0.987628786	0.957106256	0.996791691	0.0396854354	0.0151763565	0	38.2	0	0	3
3550	813	0	1.38671875	0.989093752	0.9876285	0.957106256	0.996791691	0.0396854354	0.0151763565	0	38.2	0	0	3
3555	814	0	1.38867188	0.987857478	0.987615579	0.957106256	0.996791691	0.0396854354	0.0151763565	0	38.2	0	0	3
3560	815	0	1.390625	0.986927254	0.987591131	0.957106256	0.996791691	0.0396854354	0.0151763565	0	38.2	0	0	3
3565	816	0	1.39257812	0.986407816	0.987558483	0.957106256	0.996791691	0.0396854354	0.0151763565	0	38.2	0	0	3
3570	817	0	1.39453125	0.986278538	0.987524224	0.957106256	0.996791691	0.0396854354	0.0151763565	0	38.2	0	0	3
3575	818	0	1.39648438	0.986633876	0.987494033	0.957106256	0.996791691	0.0396854354	0.0151763565	0	38.2	0	0	3
3580	819	0	1.3984375	0.987516022	0.987471924	0.957106256	0.996791691	0.0396854354	0.0151763565	0	38.2	0	0	3
3585	820	0	1.40039062	0.988712781	0.987458941	0.957106256	0.996791691	0.0396854354	0.0151763565	0	38.2	0	0	3
3590	821	0	1.40234375	0.989904777	0.987454165	0.957106256	0.996791691	0.0396854354	0.0151763565	0	38.2	0	0	3
3595	821	0	1.40429688	0.99100212	0.987456187	0.957106256	0.996791691	0.0396854354	0.0151763565	0	38.2	0	0	3
3600	822	0	1.40625	0.991902436	0.987463425	0.957106256	0.996791691	0.0396854354	0.0151763565	0	38.2	0	0	3
3605	824	0	1.40820312	0.992584631	0.987474852	0.957106256	0.996791691	0.0396854354	0.0151763565	0	38.2	0	0	3
3610	825	0	1.41015625	0.992998206	0.987489578	0.957106256	0.996791691	0.0396854354	0.0151763565	0	38.2	0	0	3
3615	826	0	1.41210938	0.993193891	0.987506642	0.957106256	0.996791691	0.0396854354	0.0151763565	0	38.2	0	0	3
3620	827	0	1.4140625	0.993294063	0.987519195	0.957106256	0.996791691	0.0396854354	0.0151763565	0	38.2	0	0	3
3625	828	0	1.41601562	0.993369918	0.987532129	0.957106256	0.996791691	0.0396854354	0.0151763565	0	38.2	0	0	3
3630	829	0	1.41796875	0.993513205	0.987546294	0.957106256	0.996791691	0.0396854354	0.0151763565	0	38.2	0	0	3
3635	830	0	1.41992188	0.993657916	0.987561354	0.957106256	0.996791691	0.0396854354	0.0151763565	0	38.2	0	0	3
3640	831	0	1.421875	0.993638295	0.987576111	0.957106256	0.996791691	0.0396854354	0.0151763565	0	38.2	0	0	3
3645	832	0	1.42382812	0.993239951	0.987587942	0.957106256	0.996791691	0.0396854354	0.0151763565	0	38.2	0	0	3
3650	833	0	1.42578125	0.992576436	0.987594955	0.957106256	0.996791691	0.0396854354	0.0151763565	0	38.2	0	0	3
3655	834	0	1.42773438	0.991940937	0.987596619	0.957106256	0.996791691	0.0396854354	0.0151763565	0	38.2	0	0	3
3660	835	0	1.4296875	0.991447648	0.987591923	0.957106256	0.996791691	0.0396854354	0.0151763565	0	38.2	0	0	3
3665	835	0	1.43164062	0.991169551	0.98758038	0.957106256	0.996791691	0.0396854354	0.0151763565	0	38.2	0	0	3
3670	836	0	1.43359375	0.991116684	0.987562879	0.957106256	0.996791691	0.0396854354	0.0151763565	0	38.2	0	0	3
3675	837	0	1.43554688	0.99277876	0.987549861	0.957106256	0.996791691	0.0396854354	0.0151763565	0	38.2	0	0	3
3680	838	0	1.4375	0.992951799	0.987542909	0.957106256	0.996791691	0.0396854354	0.0151763565	0	38.2	0	0	3
3685	839	0	1.43945312	0.993777126	0.987543907	0.957106256	0.996791691	0.0396854354	0.0151763565	0	38.2	0	0	3
3690	840	0	1.44140625	0.994274719	0.987550288	0.957106256	0.996791691	0.0396854354	0.0151763565	0	38.2	0	0	3
3695	841	0	1.44335938	0.994060495	0.987557925	0.957106256	0.996791691	0.0396854354	0.0151763565	0	38.2	0	0	3
3700	842	0	1.4453125	0.993687006	0.987565115	0.957106256	0.996791691	0.0396854354	0.0151763565	0	38.2	0	0	3
3705	844	0	1.44726562	0.99335378	0.987571361	0.957106256	0.996791691	0.0396854354	0.0151763565	0	38.2	0	0	3
3710	845	0	1.44921875	0.993107649	0.987575904	0.957106256	0.996791691	0.0396854354	0.0151763565	0	38.2	0	0	3
3715	846	0	1.45117188	0.993024183	0.987577577	0.957106256	0.996791691	0.0396854354	0.0151763565	0	38.2	0	0	3
3720	847	0	1.453125	0.993076302	0.987575266	0.957106256	0.996791691	0.0396854354	0.0151763565	0	38.2	0	0	3
3725	848	0	1.45507812	0.993253149	0.987569272	0.957106256	0.996791691	0.0396854354	0.0151763565	0	38.2	0	0	3
3730	849	0	1.45703125	0.993522046	0.98756149	0.957106256	0.996791691	0.0396854354	0.0151763565	0	38.2	0	0	3
3735	849	0	1.45898438	0.993795002	0.987557442	0.957106256	0.996791691	0.0396854354	0.0151763565	0	38.2	0	0	3
3740	850	0	1.4609375	0.993865497	0.987558006	0.957106256	0.996791691	0.0396854354	0.0151763565	0	38.2	0	0	3
3745	851	0	1.46289062	0.993805808	0.987562791	0.957106256	0.996791691	0.0396854354	0.0151763565	0	38.2	0	0	3
3750	852	0	1.46484375	0.993667537	0.987571102	0.957106256	0.996791691	0.0396854354	0.0151763565	0	38.2	0	0	3
3755	853	0	1.46679688	0.993561431	0.987582466	0.957106256	0.996791691	0.0396854354	0.0151763565	0	38.2	0	0	3
3760	854	0	1.46875	0.993607441	0.987596764	0.957106256	0.996791691	0.0396854354	0.0151763565	0	38.2	0	0	3
3765	855	0	1.47070312	0.993856067	0.987614162	0.957106256	0.996791691	0.0396854354	0.0151763565	0	38.2	0	0	3
3770	856	0	1.47265625	0.993978116	0.98763382	0.957106256	0.996791691	0.0396854354	0.0151763565	0	38.2	0	0	3
3775	857	0	1.47460938	0.993789164	0.987654369	0.957106256	0.996791691	0.0396854354	0.0151763565	0	38.2	0	0	3
3780	858	0	1.4765625	0.993532688	0.987675528	0.957106256	0.996791691	0.0396854354	0.0151763565	0	38.2	0	0	3
3785	859	0	1.47851562	0.993226596	0.987697197	0.957106256	0.996791691	0.0396854354	0.0151763565	0	38.2	0	0	3
3790	860	0	1.48046875	0.992911922	0.987715195	0.957106256	0.996791691	0.0396854354	0.0151763565	0	38.2	0	0	3
3795	861	0	1.48242188	0.992637322	0.987732983	0.957106256	0.996791691	0.0396854354	0.0151763565	0	38.2	0	0	3
3800	862	0	1.484375	0.992404574	0.987749783	0.957106256	0.996791691	0.0396854354	0.0151763565	0	38.2	0	0	3
3805	863	0	1.48632812	0.992242922	0.987765234	0.957106256	0.996791691	0.0396854354	0.0151763565	0	38.2	0	0	3
3810	864	0	1.48828125	0.992142103	0.987778236	0.957106256	0.996791691	0.0396854354	0.0151763565	0	38.2	0	0	3
3815	865	0	1.49023438	0.992070884	0.987788209	0.957106256	0.996791691	0.0396854354	0.0151763565	0	38.2	0	0	3
3820	866	0	1.4921875	0.991996444	0.987794609	0.957106256	0.996791691	0.0396854354	0.0151763565	0	38.2	0	0	3
3825	867	0	1.49414062	0.991896159	0.987797005	0.957106256	0.996791691	0.0396854354	0.0151763565	0	38.2	0	0	3
3830	868	0	1.49609375	0.991784718	0.987794897	0.957106256	0.996791691	0.0396854354	0.0151763565	0	38.2	0	0	3
3835	869	0	1.49804688	0.991681448	0.987787753	0.957106256	0.996791691	0.0396854354	0.0151763565	0	38.2	0	0	3
3840	870	0	1.5	0.991622679	0.98777645	0.957106256	0.996791691	0.0396854354	0.0151763565	0	38.2	0	0	3
3845	871	0	1.50195312	0.993047087	0.987768165	0.957106256	0.996791691	0.0396854354	0.0151763565	0	38.2	0	0	3
3850	872	0	1.50390625	0.993364629	0.987761737	0.957106256	0.996791691	0.0396854354	0.0151763565	0	38.2	0	0	3
3855	873	0	1.50585938	0.993946127	0.987758555	0.957106256	0.996791691	0.0396854354	0.0151763565	0	38.2	0	0	3
3860	874	0	1.5078125	0.994316785	0.987757454	0.957106256	0.996791691	0.0396854354	0.0151763565	0	38.2	0	0	3
3865	875	0	1.50976562	0.994346382	0.987756622	0.957106256	0.996791691	0.0396854354	0.0151763565	0	38.2	0	0	3
3870	876	0	1.51171875	0.994284423	0.987755302	0.957106256	0.996791691	0.0396854354	0.0151763565	0	38.2	0	0	3
3875	877	0	1.51367188	0.994369039	0.98775377	0.957106256	0.996791691	0.0396854354	0.0151763565	0	38.2	0	0	3
3880	878	0	1.515625	0.994517537	0.987752165	0.957106256	0.996791691	0.0396854354	0.0151763565	0	38.2	0	0	3
3885	879	0	1.51757812	0.994713514	0.987751884	0.957106256	0.996791691	0.0396854354	0.0151763565	0	38.2	0	0	3
3890	880	0	1.51953125	0.994676547	0.98775385	0.957106256	0.996791691	0.0396854354	0.0151763565	0	38.2	0	0	3
3895	881	0	1.52148438	0.994617512	0.987758612	0.957106256	0.996791691	0.0396854354	0.0151763565	0	38.2	0	0	3
3900	882	0	1.5234375	0.994557687	0.987766652	0.957106256	0.996791691	0.0396854354	0.0151763565	0	38.2	0	0	3
3905	883	0	1.52539062	0.99450197	0.987777839	0.957106256	0.996791691	0.0396854354	0.0151763565	0	38.2	0	0	3
3910	884	0	1.52734375	0.994406819	0.987791721	0.957106256	0.996791691	0.0396854354	0.0151763565	0	38.2	0	0	3
3915	885	0	1.52929688	0.994247931	0.987807446	0.957106256	0.996791691	0.0396854354	0.0151763565	0	38.2	0	0	3
3920	886	0	1.53125	0.994118948	0.987824478	0.957106256	0.996791691	0.0396854354	0.0151763565	0	38.2	0	0	3
3925	887	0	1.53320312	0.994130803	0.987842882	0.957106256	0.996791691	0.0396854354	0.0151763565	0	38.2	0	0	3
3930	888	0	1.53515625	0.994341491	0.987863319	0.957106256	0.996791691	0.0396854354	0.0151763565	0	38.2	0	0	3
3935	889	0	1.53710938	0.994701696	0.987886354	0.957106256	0.996791691	0.0396854354	0.0151763565	0	38.2	0	0	3
3940	890	0	1.5390625	0.995036311	0.987911754	0.957106256	0.996791691	0.0396854354	0.0151763565	0	38.2	0	0	3
3945	891	0	1.54101562	0.994983836	0.987937774	0.957106256	0.996791691	0.0396854354	0.0151763565	0	38.2	0	0	3
3950	892	0	1.54296875	0.99462017	0.987962915	0.957106256	0.996791691	0.0396854354	0.0151763565	0	38.2	0	0	3
3955	893	0	1.54492188	0.994034974	0.987985673	0.957106256	0.996791691	0.0396854354	0.0151763565	0	38.2	0	0	3
3960	894	0	1.546875	0.993418729	0.988005526	0.957106256	0.996791691	0.0396854354	0.0151763565	0	38.2	0	0	3
3965	895	0	1.54882812	0.992870678	0.988022126	0.957106256	0.996791691	0.0396854354	0.0151763565	0	38.2	0	0	3
3970	896	0	1.55078125	0.992483898	0.988035526	0.957106256	0.996791691	0.0396854354	0.0151763565	0	38.2	0	0	3
3975	897	0	1.55273438	0.992272345	0.988046074	0.957106256	0.996791691	0.0396854354	0.0151763565	0	38.2	0	0	3
3980	898	0	1.5546875	0.992207013	0.98805412	0.957106256	0.996791691	0.0396854354	0.0151763565	0	38.2	0	0	3
3985	899	0	1.55664062	0.992246963	0.988059958	0.957106256	0.996791691	0.0396854354	0.0151763565	0	38.2	0	0	3
3990	900	0	1.55859375	0.992342228	0.988063889	0.957106256	0.996791691	0.0396854354	0.0151763565	0	38.2	0	0	3
3995	901	0	1.56054688	0.992433519	0.988066131	0.957106256	0.996791691	0.0396854354	0.0151763565	0	38.2	0	0	3
4000	902	0	1.5625	0.992477705	0.988066801	0.957106256	0.996791691	0.0396854354	0.0151763565	0	38.2	0	0	3
4005	904	0	1.56445312	0.992439914	0.988065968	0.957106256	0.996791691	0.0396854354	0.0151763565	0	38.2	0	0	3
4010	905	0	1.56640625	0.993218497	0.988067314	0.957106256	0.996791691	0.0396854354	0.0151763565	0	38.2	0	0	3
4015	906	0	1.56835938	0.993395185	0.98806893	0.957106256	0.996791691	0.0396854354	0.0151763565	0	38.2	0	0	3
4020	907	0	1.5703125	0.993582549	0.988071285	0.957106256	0.996791691	0.0396854354	0.0151763565	0	38.2	0	0	3
4025	908	0	1.57226562	0.993798634	0.988074883	0.957106256	0.996791691	0.0396854354	0.0151763565	0	38.2	0	0	3
4030	909	0	1.57421875	0.99411857	0.988080483	0.957106256	0.996791691	0.0396854354	0.0151763565	0	38.2	0	0	3
4035	910	0	1.57617188	0.994476451	0.988088531	0.957106256	0.996791691	0.0396854354	0.0151763565	0	38.2	0	0	3
4040	911	0	1.578125	0.994577241	0.988098244	0.957106256	0.996791691	0.0396854354	0.0151763565	0	38.2	0	0	3
4045	912	0	1.58007812	0.994677376	0.988109786	0.957106256	0.996791691	0.0396854354	0.0151763565	0	38.2	0	0	3
4050	913	0	1.58203125	0.994892186	0.988123706	0.957106256	0.996791691	0.0396854354	0.0151763565	0	38.2	0	0	3
4055	914	0	1.58398438	0.995187673	0.988140255	0.957106256	0.996791691	0.0396854354	0.0151763565	0	38.2	0	0	3
4060	915	0	1.5859375	0.99513653	0.988157765	0.957106256	0.996791691	0.0396854354	0.0151763565	0	38.2	0	0	3
4065	915	0	1.58789062	0.995024582	0.98817565	0.957106256	0.996791691	0.0396854354	0.0151763565	0	38.2	0	0	3
4070	916	0	1.58984375	0.994966641	0.988193861	0.957106256	0.996791691	0.0396854354	0.0151763565	0	38.2	0	0	3
4075	917	0	1.59179688	0.994910426	0.98821223	0.957106256	0.996791691	0.0396854354	0.0151763565	0	38.2	0	0	3
4080	918	0	1.59375	0.994818695	0.988230495	0.957106256	0.996791691	0.0396854354	0.0151763565	0	38.2	0	0	3
4085	919	0	1.59570312	0.994763459	0.988248698	0.957106256	0.996791691	0.0396854354	0.0151763565	0	38.2	0	0	3
4090	920	0	1.59765625	0.994830569	0.988267211	0.957106256	0.996791691	0.0396854354	0.0151763565	0	38.2	0	0	3
4095	921	0	1.59960938	0.995031392	0.988286433	0.957106256	0.996791691	0.0396854354	0.0151763565	0	38.2	0	0	3
4100	922	0	1.6015625	0.995312665	0.988306533	0.957106256	0.996791691	0.0396854354	0.0151763565	0	38.2	0	0	3
4105	924	0	1.60351562	0.995575497	0.988327242	0.957106256	0.996791691	0.0396854354	0.0151763565	0	38.2	0	0	3
4110	925	0	1.60546875	0.995495039	0.988346967	0.957106256	0.996791691	0.0396854354	0.0151763565	0	38.2	0	0	3
4115	926	0	1.60742188	0.995110772	0.988364276	0.957106256	0.996791691	0.0396854354	0.0151763565	0	38.2	0	0	3
4120	927	0	1.609375	0.994600005	0.988382198	0.957106256	0.996791691	0.0396854354	0.0151763565	0	38.2	0	0	3
4125	928	0	1.61132812	0.994039482	0.988398006	0.957106256	0.996791691	0.0396854354	0.0151763565	0	38.2	0	0	3
4130	929	0	1.61328125	0.99351091	0.988412102	0.957106256	0.996791691	0.0396854354	0.0151763565	0	38.2	0	0	3
4135	930	0	1.61523438	0.993086368	0.988425505	0.957106256	0.996791691	0.0396854354	0.0151763565	0	38.2	0	0	3
4140	931	0	1.6171875	0.992763158	0.988437665	0.957106256	0.996791691	0.0396854354	0.0151763565	0	38.2	0	0	3
4145	932	0	1.61914062	0.992547283	0.988448021	0.957106256	0.996791691	0.0396854354	0.0151763565	0	38.2	0	0	3
4150	933	0	1.62109375	0.992443351	0.988457027	0.957106256	0.996791691	0.0396854354	0.0151763565	0	38.2	0	0	3
4155	934	0	1.62304688	0.992418854	0.988465658	0.957106256	0.996791691	0.0396854354	0.0151763565	0	38.2	0	0	3
4160	935	0	1.625	0.992395424	0.988474474	0.957106256	0.996791691	0.0396854354	0.0151763565	0	38.2	0	0	3
4165	936	0	1.62695312	0.992317009	0.988483379	0.957106256	0.996791691	0.0396854354	0.0151763565	0	38.2	0	0	3
4170	937	0	1.62890625	0.992160015	0.98849233	0.957106256	0.996791691	0.0396854354	0.0151763565	0	38.2	0	0	3
4175	938	0	1.63085938	0.991980066	0.988501719	0.957106256	0.996791691	0.0396854354	0.0151763565	0	38.2	0	0	3
4180	939	0	1.6328125	0.992654554	0.988515343	0.957106256	0.996791691	0.0396854354	0.0151763565	0	38.2	0	0	3
4185	940	0	1.63476562	0.992773752	0.988531272	0.957106256	0.996791691	0.0396854354	0.0151763565	0	38.2	0	0	3
4190	941	0	1.63671875	0.992917161	0.988549646	0.957106256	0.996791691	0.0396854354	0.0151763565	0	38.2	0	0	3
4195	942	0	1.63867188	0.993353003	0.988571524	0.957106256	0.996791691	0.0396854354	0.0151763565	0	38.2	0	0	3
4200	943	0	1.640625	0.993724405	0.988596368	0.957106256	0.996791691	0.0396854354	0.0151763565	0	38.2	0	0	3
4205	945	0	1.64257812	0.993922408	0.988622922	0.957106256	0.996791691	0.0396854354	0.0151763565	0	38.2	0	0	3
4210	946	0	1.64453125	0.994104654	0.988650258	0.957106256	0.996791691	0.0396854354	0.0151763565	0	38.2	0	0	3
4215	947	0	1.64648438	0.994339513	0.98867747	0.957106256	0.996791691	0.0396854354	0.0151763565	0	38.2	0	0	3
4220	948	0	1.6484375	0.994660155	0.988703781	0.957106256	0.996791691	0.0396854354	0.0151763565	0	38.2	0	0	3
4225	948	0	1.65039062	0.994973266	0.98872843	0.957106256	0.996791691	0.0396854354	0.0151763565	0	38.2	0	0	3
4230	949	0	1.65234375	0.995139735	0.988750379	0.957106256	0.996791691	0.0396854354	0.0151763565	0	38.2	0	0	3
4235	950	0	1.65429688	0.995175273	0.988769021	0.957106256	0.996791691	0.0396854354	0.0151763565	0	38.2	0	0	3
4240	951	0	1.65625	0.995244631	0.988784893	0.957106256	0.996791691	0.0396854354	0.0151763565	0	38.2	0	0	3
4245	952	0	1.65820312	0.995317804	0.988798459	0.957106256	0.996791691	0.0396854354	0.0151763565	0	38.2	0	0	3
4250	953	0	1.66015625	0.995386431	0.988810284	0.957106256	0.996791691	0.0396854354	0.0151763565	0	38.2	0	0	3
4255	954	0	1.66210938	0.995459446	0.988820956	0.957106256	0.996791691	0.0396854354	0.0151763565	0	38.2	0	0	3
4260	955	0	1.6640625	0.995530969	0.98883089	0.957106256	0.996791691	0.0396854354	0.0151763565	0	38.2	0	0	3
4265	956	0	1.66601562	0.995443867	0.98883968	0.957106256	0.996791691	0.0396854354	0.0151763565	0	38.2	0	0	3
4270	957	0	1.66796875	0.995235102	0.988846894	0.957106256	0.996791691	0.0396854354	0.0151763565	0	38.2	0	0	3
4275	958	0	1.66992188	0.994968406	0.988852322	0.957106256	0.996791691	0.0396854354	0.0151763565	0	38.2	0	0	3
4280	959	0	1.671875	0.994628586	0.988855777	0.957106256	0.996791691	0.0396854354	0.0151763565	0	38.2	0	0	3
4285	960	0	1.67382812	0.994217326	0.988857117	0.957106256	0.996791691	0.0396854354	0.0151763565	0	38.2	0	0	3
4290	961	0	1.67578125	0.993775218	0.988865187	0.957106256	0.996791691	0.0396854354	0.0151763565	0	38.2	0	0	3
4295	962	0	1.67773438	0.993342767	0.988873988	0.957106256	0.996791691	0.0396854354	0.0151763565	0	38.2	0	0	3
4300	963	0	1.6796875	0.992936301	0.988885495	0.957106256	0.996791691	0.0396854354	0.0151763565	0	38.2	0	0	3
4305	965	0	1.68164062	0.99262493	0.988899515	0.957106256	0.996791691	0.0396854354	0.0151763565	0	38.2	0	0	3
4310	966	0	1.68359375	0.992434972	0.988914652	0.957106256	0.996791691	0.0396854354	0.0151763565	0	38.2	0	0	3
4315	967	0	1.68554688	0.992348841	0.988931059	0.957106256	0.996791691	0.0396854354	0.0151763565	0	38.2	0	0	3
4320	968	0	1.6875	0.992288846	0.988947986	0.957106256	0.996791691	0.0396854354	0.0151763565	0	38.2	0	0	3
4325	969	0	1.68945312	0.992184283	0.988966344	0.957106256	0.996791691	0.0396854354	0.0151763565	0	38.2	0	0	3
4330	970	0	1.69140625	0.992047736	0.988986644	0.957106256	0.996791691	0.0396854354	0.0151763565	0	38.2	0	0	3
4335	971	0	1.69335938	0.991925919	0.989009688	0.957106256	0.996791691	0.0396854354	0.0151763565	0	38.2	0	0	3
4340	972	0	1.6953125	0.991864824	0.989037158	0.957106256	0.996791691	0.0396854354	0.0151763565	0	38.2	0	0	3
4345	973	0	1.69726562	0.992112935	0.989072051	0.957106256	0.996791691	0.0396854354	0.0151763565	0	38.2	0	0	3
4350	974	0	1.69921875	0.992350058	0.989114404	0.957106256	0.996791691	0.0396854354	0.0151763565	0	38.2	0	0	3
4355	975	0	1.70117188	0.992551102	0.989162501	0.957106256	0.996791691	0.0396854354	0.0151763565	0	38.2	0	0	3
4360	976	0	1.703125	0.992740942	0.989214945	0.957106256	0.996791691	0.0396854354	0.0151763565	0	38.2	0	0	3
4365	977	0	1.70507812	0.992955443	0.989270003	0.957106256	0.996791691	0.0396854354	0.0151763565	0	38.2	0	0	3
4370	978	0	1.70703125	0.993185401	0.989325108	0.957106256	0.996791691	0.0396854354	0.0151763565	0	38.2	0	0	3
4375	979	0	1.70898438	0.993393241	0.989376593	0.957106256	0.996791691	0.0396854354	0.0151763565	0	38.2	0	0	3
4380	980	0	1.7109375	0.993629884	0.989420737	0.957106256	0.996791691	0.0396854354	0.0151763565	0	38.2	0	0	3
4385	981	0	1.71289062	0.993874818	0.989454937	0.957106256	0.996791691	0.0396854354	0.0151763565	0	38.2	0	0	3
4390	982	0	1.71484375	0.994106205	0.989478045	0.957106256	0.996791691	0.0396854354	0.0151763565	0	38.2	0	0	3
4395	983	0	1.71679688	0.994306457	0.989490544	0.957106256	0.996791691	0.0396854354	0.0151763565	0	38.2	0	0	3
4400	984	0	1.71875	0.994444764	0.989494272	0.957106256	0.996791691	0.0396854354	0.0151763565	0	38.2	0	0	3
4405	986	0	1.72070312	0.994504351	0.989494865	0.957106256	0.996791691	0.0396854354	0.0151763565	0	38.2	0	0	3
4410	987	0	1.72265625	0.994506804	0.989493595	0.957106256	0.996791691	0.0396854354	0.0151763565	0	38.2	0	0	3
4415	988	0	1.72460938	0.994461422	0.989489656	0.957106256	0.996791691	0.0396854354	0.0151763565	0	38.2	0	0	3
4420	989	0	1.7265625	0.994374697	0.989482696	0.957106256	0.996791691	0.0396854354	0.0151763565	0	38.2	0	0	3
4425	990	0	1.72851562	0.994239174	0.989473175	0.957106256	0.996791691	0.0388163798	0.0151763565	0	39	0	0	3
4430	991	0	1.73046875	0.994070012	0.989462544	0.957106256	0.9965518	0.0372800216	0.0151763565	0	40.7	0	0	3
4435	992	0	1.73242188	0.993873331	0.989452081	0.957106256	0.996123239	0.0357382938	0.0151763565	0	42.4	0	0	3
4440	992	0	1.734375	0.993657786	0.98944245	0.957106256	0.995575497	0.0341474687	0.0151763565	0	44.4	0	0	3
4445	993	0	1.73632812	0.993427855	0.989434138	0.957106256	0.995575497	0.0324961546	0.0151763565	0	46.7	0	0	3
4450	994	0	1.73828125	0.993188338	0.989427418	0.957106256	0.995575497	0.0308697378	0.0151763565	0	49.1	0	0	3
4455	995	0	1.74023438	0.992951232	0.989443913	0.957106256	0.995575497	0.0292539316	0.0151763565	0	51.8	0	0	3
4460	996	0	1.7421875	0.992732687	0.989475851	0.957106256	0.995575497	0.0274561033	0.0151763565	0	55.2	0	0	3
4465	997	0	1.74414062	0.992544949	0.989511803	0.957106256	0.995575497	0.0256671961	0.0151763565	0	59.1	0	0	3
4470	998	0	1.74609375	0.992399634	0.989544458	0.957106256	0.995575497	0.0237889318	0.0151763565	0	63.7	0	0	3
4475	999	0	1.74804688	0.992300046	0.989574069	0.957106256	0.995575497	0.0218866666	0.0151763565	0	69.3	0	0	3
4480	1000	0	1.75	0.992242684	0.989602014	0.957106256	0.995575497	0.020000382	0.0151763565	0	75.8	0	0	3
4485	1001	0	1.75195312	0.992219754	0.989633483	0.957106256	0.995575497	0.018142496	0.0151763565	0	83.6	0	0	3
4490	1002	0	1.75390625	0.992221187	0.989673753	0.957106256	0.995575497	0.0162977876	0.0151763565	0	93.1	0	0	3
4495	1003	0	1.75585938	0.992251221	0.989724994	0.957106256	0.995575497	0.0144855977	0.0151763565	0	100	0	0	3
4500	1004	0	1.7578125	0.992317606	0.989786365	0.957106256	0.995575497	0.0126993722	0.0151763565	0	100	0	0	3
4505	1007	0	1.75976562	0.992413894	0.989857215	0.957106256	0.995575497	0.0109899163	0.0151763565	0	100	0	0	3
4510	1008	0	1.76171875	0.992258953	0.989937956	0.957106256	0.995575497	0.00923008469	0.0151763565	0	100	0	0	3
4515	1009	0	1.76367188	0.992291953	0.990032829	0.957106256	0.995575497	0.00750593011	0.0151763565	0	100	0	0	3
4520	1010	0	1.765625	0.992231366	0.990138823	0.957106256	0.995575497	0.00580765246	0.0151763565	0	100	0	0	3
4525	1011	0	1.76757812	0.992106393	0.990248345	0.957106256	0.995575497	0.00409419389	0.0151763565	0	100	0	0	3
4530	1012	0	1.76953125	0.992105822	0.990354397	0.957106256	0.995575497	0.00290023251	0.0151763565	0	100	0	0	3
4535	1013	0	1.77148438	0.992248429	0.990450593	0.957106256	0.995575497	0.00299642851	0.0151763565	0	100	0	0	3
4540	1014	0	1.7734375	0.992455478	0.990529863	0.957106256	0.995575497	0.00307569889	0.0151763565	0	100	0	0	3
4545	1015	0	1.77539062	0.992644701	0.990586059	0.957106256	0.995575497	0.00313189403	0.0151763565	0	100	0	0	3
4550	1016	0	1.77734375	0.992809191	0.990617037	0.957106256	0.995575497	0.00316287248	0.0151763565	0	100	0	0	3
4555	1017	0	1.77929688	0.992902605	0.990626591	0.957106256	0.995575497	0.00317242603	0.0151763565	0	100	0	0	3
4560	1018	0	1.78125	0.992916211	0.990645299	0.957106256	0.995575497	0.00319113415	0.0151763565	0	100	0	0	3
4565	1019	0	1.78320312	0.992857272	0.990682033	0.957106256	0.995575497	0.00322786849	0.0151763565	0	100	0	0	3
4570	1020	0	1.78515625	0.992745577	0.990733681	0.957106256	0.995575497	0.00327951609	0.0151763565	0	100	0	0	3
4575	1021	0	1.78710938	0.992590874	0.990791279	0.957106256	0.995575497	0.00333711457	0.0151763565	0	100	0	0	3
4580	1022	0	1.7890625	0.992402469	0.990844065	0.957106256	0.995575497	0.00338990058	0.0151763565	0	100	0	0	3
4585	1023	0	1.79101562	0.992202272	0.99088288	0.957106256	0.995575497	0.00342871584	0.0151763565	0	100	0	0	3
4590	1024	0	1.79296875	0.992017557	0.99090506	0.957106256	0.995575497	0.00345089505	0.0151763565	0	100	0	0	3
4595	1025	0	1.79492188	0.99188207	0.990914188	0.957106256	0.995575497	0.00346002368	0.0151763565	0	100	0	0	3
4600	1026	0	1.796875	0.991834463	0.990915279	0.957106256	0.995575497	0.00346111482	0.0151763565	0	100	0	0	3
4605	1029	0	1.79882812	0.99189081	0.990913499	0.957106256	0.995575497	0.00346111482	0.0151763565	0	100	0	0	3
4610	1030	0	1.80078125	0.99202188	0.990913757	0.957106256	0.995575497	0.00346111482	0.0151763565	0	100	0	0	3
4615	1031	0	1.80273438	0.992176695	0.990922871	0.957106256	0.995575497	0.00346870643	0.0151763565	0	100	0	0	3
4620	1032	0	1.8046875	0.992333987	0.990945484	0.957106256	0.995575497	0.00349131961	0.0151763565	0	100	0	0	3
4625	1033	0	1.80664062	0.992477387	0.991078506	0.957106256	0.995575497	0.00362434191	0.0151763565	0	100	0	0	3
4630	1034	0	1.80859375	0.992601481	0.99121716	0.96243184	0.995575497	0.00376299514	0.0151763565	0	100	0	0	3
4635	1035	0	1.81054688	0.992709094	0.991326437	0.96243184	0.995575497	0.00387227281	0.0151763565	0	100	0	0	3
4640	1036	0	1.8125	0.992806461	0.991405162	0.96243184	0.995575497	0.00395099713	0.0151763565	0	100	0	0	3
4645	1037	0	1.81445312	0.992900756	0.99146015	0.96243184	0.995575497	0.00400598543	0.0151763565	0	100	0	0	3
4650	1038	0	1.81640625	0.992998148	0.991496957	0.96243184	0.995575497	0.00404279261	0.0151763565	0	100	0	0	3
4655	1039	0	1.81835938	0.993101796	0.991540406	0.96243184	0.995575497	0.0040862416	0.0151763565	0	100	0	0	3
4660	1040	0	1.8203125	0.993211742	0.991604822	0.96243184	0.995575497	0.00415065751	0.0151763565	0	100	0	0	3
4665	1041	0	1.82226562	0.993317929	0.991686559	0.96243184	0.995575497	0.00423239444	0.0151763565	0	100	0	0	3
4670	1042	0	1.82421875	0.993407687	0.991781378	0.96243184	0.995575497	0.00432721371	0.0151763565	0	100	0	0	3
4675	1043	0	1.82617188	0.99347287	0.991886377	0.96243184	0.995575497	0.00443221229	0.0151763565	0	100	0	0	3
4680	1044	0	1.828125	0.99284487	0.991997261	0.96243184	0.995575497	0.00454309614	0.0151763565	0	100	0	0	3
4685	1045	0	1.83007812	0.992624067	0.992114196	0.96243184	0.995575497	0.00466003129	0.0151763565	0	100	0	0	3
4690	1046	0	1.83203125	0.992210632	0.992230519	0.964626897	0.995575497	0.0047763547	0.0151763565	0	100	0	0	3
4695	1047	0	1.83398438	0.991865479	0.99233692	0.969096774	0.995575497	0.00488275541	0.0151763565	0	100	0	0	3
4700	1048	0	1.8359375	0.991746261	0.992425395	0.975186734	0.995575497	0.00497122996	0.0151763565	0	100	0	0	3
4705	1050	0	1.83789062	0.991821407	0.992490374	0.975599924	0.995575497	0.00503620916	0.0151763565	0	100	0	0	3
4710	1051	0	1.83984375	0.991952748	0.992529066	0.975599924	0.995575497	0.00507490163	0.0151763565	0	100	0	0	3
4715	1052	0	1.84179688	0.991981165	0.992542768	0.975599924	0.995575497	0.00508860351	0.0151763565	0	100	0	0	3
4720	1053	0	1.84375	0.99192332	0.992549587	0.975599924	0.995575497	0.00509542248	0.0151763565	0	100	0	0	3
4725	1054	0	1.84570312	0.991752772	0.992574776	0.975599924	0.995575497	0.005120611	0.0151763565	0	100	0	0	3
4730	1055	0	1.84765625	0.99148109	0.992620923	0.975599924	0.995575497	0.00516675827	0.0151763565	0	100	0	0	3
4735	1056	0	1.84960938	0.991113784	0.992678909	0.975599924	0.995575497	0.00522474403	0.0151763565	0	100	0	0	3
4740	1057	0	1.8515625	0.990700677	0.992737896	0.977726485	0.995575497	0.00528373135	0.0151763565	0	100	0	0	3
4745	1058	0	1.85351562	0.990334765	0.992787147	0.981515875	0.995575497	0.00533298244	0.0151763565	0	100	0	0	3
4750	1059	0	1.85546875	0.990034291	0.992820422	0.983970634	0.995575497	0.0053662575	0.0151763565	0	100	0	0	3
4755	1060	0	1.85742188	0.989827157	0.992835341	0.983970634	0.995575497	0.00538117676	0.0151763565	0	100	0	0	3
4760	1061	0	1.859375	0.9897665	0.992831242	0.983970634	0.995575497	0.00538117676	0.0151763565	0	100	0	0	3
4765	1062	0	1.86132812	0.98988051	0.992814228	0.983970634	0.995575497	0.00538117676	0.0151763565	0	100	0	0	3
4770	1063	0	1.86328125	0.990186607	0.992799462	0.983970634	0.995575497	0.00538117676	0.0151763565	0	100	0	0	3
4775	1064	0	1.86523438	0.990688281	0.992791627	0.983970634	0.995575497	0.00538117676	0.0151763565	0	100	0	0	3
4780	1065	0	1.8671875	0.991331759	0.992786121	0.983970634	0.995575497	0.00538117676	0.0151763565	0	100	0	0	3
4785	1066	0	1.86914062	0.991983258	0.992789743	0.983970634	0.995575497	0.00538117676	0.0151763565	0	100	0	0	3
4790	1067	0	1.87109375	0.992643798	0.99280994	0.983970634	0.995575497	0.00538117676	0.0151763565	0	100	0	0	3
4795	1068	0	1.87304688	0.993239661	0.992841408	0.983970634	0.995575497	0.00538724351	0.0151763565	0	100	0	0	3
4800	1069	0	1.875	0.993711413	0.992879458	0.984441124	0.995575497	0.00542529343	0.0151763565	0	100	0	0	3
4805	1071	0	1.87695312	0.994037005	0.992916942	0.986278538	0.995575497	0.00546277734	0.0151763565	0	100	0	0	3
4810	1072	0	1.87890625	0.994216162	0.992947359	0.986278538	0.995575497	0.00549319418	0.0151763565	0	100	0	0	3
4815	1072	0	1.88085938	0.994273942	0.992966792	0.986278538	0.995575497	0.0055126272	0.0151763565	0	100	0	0	3
4820	1073	0	1.8828125	0.994251341	0.992978297	0.986278538	0.995575497	0.00552413274	0.0151763565	0	100	0	0	3
4825	1074	0	1.88476562	0.994188166	0.992992968	0.986278538	0.995575497	0.00553880317	0.0151763565	0	100	0	0	3
4830	1075	0	1.88671875	0.994137948	0.993012672	0.986278538	0.995575497	0.00555850706	0.0151763565	0	100	0	0	3
4835	1076	0	1.88867188	0.994146991	0.99303724	0.986278538	0.995575497	0.00558307547	0.0151763565	0	100	0	0	3
4840	1077	0	1.890625	0.994198562	0.993065644	0.986278538	0.995575497	0.00561147901	0.0151763565	0	100	0	0	3
4845	1078	0	1.89257812	0.993435447	0.993093095	0.986278538	0.995575497	0.0056389307	0.0151763565	0	100	0	0	3
4850	1079	0	1.89453125	0.993169161	0.993120012	0.986633876	0.995575497	0.0056658472	0.0151763565	0	100	0	0	3
4855	1080	0	1.89648438	0.992959467	0.993144721	0.987516022	0.995575497	0.00569055654	0.0151763565	0	100	0	0	3
4860	1081	0	1.8984375	0.992566277	0.993164449	0.988712781	0.995575497	0.0057102841	0.0151763565	0	100	0	0	3
4865	1082	0	1.90039062	0.992183858	0.993178008	0.9897665	0.995575497	0.00572384299	0.0151763565	0	100	0	0	3
4870	1083	0	1.90234375	0.991902341	0.993185811	0.9897665	0.995575497	0.00572962336	0.0151763565	0	100	0	0	3
4875	1084	0	1.90429688	0.99166335	0.993188393	0.9897665	0.995575497	0.00572496809	0.0151763565	0	100	0	0	3
4880	1085	0	1.90625	0.991438326	0.993186581	0.9897665	0.995575497	0.00571354148	0.0151763565	0	100	0	0	3
4885	1086	0	1.90820312	0.991187201	0.993181122	0.9897665	0.995575497	0.00569881506	0.0151763565	0	100	0	0	3
4890	1087	0	1.91015625	0.990884152	0.993172864	0.9897665	0.995575497	0.00568175116	0.0151763565	0	100	0	0	3
4895	1088	0	1.91210938	0.990502923	0.993162352	0.9897665	0.995575497	0.00566919812	0.0151763565	0	100	0	0	3
4900	1089	0	1.9140625	0.990039148	0.993149638	0.9897665	0.995575497	0.00565626459	0.0151763565	0	100	0	0	3
4905	1092	0	1.91601562	0.989544479	0.993134695	0.989544479	0.995575497	0.00564548487	0.0151763565	0	100	0	0	3
4910	1093	0	1.91796875	0.989123097	0.993117546	0.989123097	0.995575497	0.00564548487	0.0151763565	0	100	0	0	3
4915	1094	0	1.91992188	0.988846935	0.993098753	0.988846935	0.995575497	0.00564548487	0.0151763565	0	100	0	0	3
4920	1095	0	1.921875	0.988729103	0.993079576	0.988729103	0.995575497	0.00564548487	0.0151763565	0	100	0	0	3
4925	1096	0	1.92382812	0.988812599	0.993062282	0.988729103	0.995575497	0.00564548487	0.0151763565	0	100	0	0	3
4930	1097	0	1.92578125	0.989126861	0.993048807	0.988729103	0.995575497	0.00564548487	0.0151763565	0	100	0	0	3
4935	1098	0	1.92773438	0.989675636	0.993039958	0.988729103	0.995575497	0.00564548487	0.0151763565	0	100	0	0	3
4940	1099	0	1.9296875	0.990452108	0.993036069	0.988729103	0.995575497	0.00564548487	0.0151763565	0	100	0	0	3
4945	1100	0	1.93164062	0.991401792	0.993036977	0.988729103	0.995575497	0.00564548487	0.0151763565	0	100	0	0	3
4950	1101	0	1.93359375	0.992388315	0.993041944	0.988729103	0.995575497	0.00564548487	0.0151763565	0	100	0	0	3
4955	1102	0	1.93554688	0.993328952	0.993044093	0.988729103	0.995575497	0.00564548487	0.0151763565	0	100	0	0	3
4960	1103	0	1.9375	0.994103416	0.993048592	0.988729103	0.995575497	0.0056444867	0.0151763565	0	100	0	0	3
4965	1104	0	1.93945312	0.994625128	0.993051904	0.988729103	0.995575497	0.00563810593	0.0151763565	0	100	0	0	3
4970	1105	0	1.94140625	0.99494789	0.993054534	0.988729103	0.995575497	0.00563095114	0.0151763565	0	100	0	0	3
4975	1106	0	1.94335938	0.995070883	0.99305848	0.988729103	0.995575497	0.00563095114	0.0151763565	0	100	0	0	3
4980	1107	0	1.9453125	0.995022273	0.993063696	0.988729103	0.995575497	0.00563095114	0.0151763565	0	100	0	0	3
4985	1108	0	1.94726562	0.994858687	0.993069575	0.988729103	0.995575497	0.00563095114	0.0151763565	0	100	0	0	3
4990	1109	0	1.94921875	0.994653105	0.993075612	0.988729103	0.995575497	0.00563095114	0.0151763565	0	100	0	0	3
4995	1110	0	1.95117188	0.994486399	0.993081324	0.988729103	0.995575497	0.00563095114	0.0151763565	0	100	0	0	3
5000	1111	0	1.953125	0.994395984	0.993086479	0.988729103	0.995575497	0.00563095114	0.0151763565	0	100	0	0	3
5005	1113	0	1.95507812	0.994370723	0.993090844	0.988729103	0.995575497	0.00563095114	0.0151763565	0	100	0	0	3
5010	1114	0	1.95703125	0.994353913	0.993094094	0.988729103	0.995575497	0.00563095114	0.0151763565	0	100	0	0	3
5015	1115	0	1.95898438	0.993490285	0.993092903	0.988729103	0.995575497	0.00563038774	0.0151763565	0	100	0	0	3
5020	1116	0	1.9609375	0.993179646	0.993090224	0.988729103	0.995575497	0.00562560217	0.0151763565	0	100	0	0	3
5025	1117	0	1.96289062	0.993138673	0.993087618	0.988729103	0.995575497	0.00561729142	0.0151763565	0	100	0	0	3
5030	1118	0	1.96484375	0.992906705	0.993084646	0.988729103	0.995575497	0.00560592731	0.0151763565	0	100	0	0	3
5035	1119	0	1.96679688	0.992570864	0.993080777	0.988729103	0.995575497	0.0055916293	0.0151763565	0	100	0	0	3
5040	1120	0	1.96875	0.992344786	0.993075845	0.988729103	0.995575497	0.00557423162	0.0151763565	0	100	0	0	3
5045	1121	0	1.97070312	0.992125923	0.993069086	0.988729103	0.995575497	0.00555457327	0.0151763565	0	100	0	0	3
5050	1122	0	1.97265625	0.991822809	0.993060667	0.988729103	0.995575497	0.00553402414	0.0151763565	0	100	0	0	3
5055	1123	0	1.97460938	0.991405304	0.993051355	0.988729103	0.995575497	0.00551286508	0.0151763565	0	100	0	0	3
5060	1124	0	1.9765625	0.990903861	0.993041086	0.988729103	0.995575497	0.00549119675	0.0151763565	0	100	0	0	3
5065	1125	0	1.97851562	0.99046512	0.993030299	0.988729103	0.995575497	0.00547319803	0.0151763565	0	100	0	0	3
5070	1126	0	1.98046875	0.990125339	0.993019414	0.988729103	0.995575497	0.00545541062	0.0151763565	0	100	0	0	3
5075	1127	0	1.98242188	0.989836685	0.993008474	0.988729103	0.995575497	0.00543861069	0.0151763565	0	100	0	0	3
5080	1128	0	1.984375	0.98966767	0.992997783	0.988729103	0.995575497	0.00543650982	0.0151763565	0	100	0	0	3
5085	1129	0	1.98632812	0.989708464	0.992987883	0.988729103	0.995575497	0.00543650982	0.0151763565	0	100	0	0	3
5090	1130	0	1.98828125	0.989929061	0.992979238	0.988729103	0.995575497	0.00543650982	0.0151763565	0	100	0	0	3
5095	1131	0	1.99023438	0.990288156	0.992972274	0.988729103	0.995575497	0.00543650982	0.0151763565	0	100	0	0	3
5100	1132	0	1.9921875	0.990790453	0.992967564	0.988729103	0.995575497	0.00543650982	0.0151763565	0	100	0	0	3
5105	1134	0	1.99414062	0.991439278	0.992965779	0.988729103	0.995575497	0.00543650982	0.0151763565	0	100	0	0	3
5110	1135	0	1.99609375	0.992184735	0.992967341	0.988729103	0.995575497	0.00543650982	0.0151763565	0	100	0	0	3
5115	1136	0	1.99804688	0.992968524	0.992972369	0.988729103	0.995575497	0.00543650982	0.0151763565	0	100	0	0	3
5120	1137	0	2	0.993673128	0.992980379	0.988729103	0.995575497	0.00543650982	0.0151763565	0	100	0	0	3
5125	1138	0	2.00195312	0.994237006	0.992985027	0.988729103	0.995575497	0.00543650982	0.0151763565	0	100	0	0	3
5130	1139	0	2.00390625	0.994660109	0.992990087	0.988729103	0.995575497	0.00543650982	0.0151763565	0	100	0	0	3
5135	1140	0	2.00585938	0.994897601	0.992993804	0.988729103	0.995575497	0.00543650982	0.0151763565	0	100	0	0	3
5140	1141	0	2.0078125	0.994976424	0.992996381	0.988729103	0.995575497	0.00543650982	0.0151763565	0	100	0	0	3
5145	1142	0	2.00976562	0.994908808	0.992998578	0.988729103	0.995575497	0.00543650982	0.0151763565	0	100	0	0	3
5150	1143	0	2.01171875	0.994728999	0.993000314	0.988729103	0.995575497	0.00543650982	0.0151763565	0	100	0	0	3
5155	1144	0	2.01367188	0.994504879	0.993000845	0.988729103	0.995575497	0.00543650982	0.0151763565	0	100	0	0	3
5160	1145	0	2.015625	0.994269826	0.992999877	0.988729103	0.995575497	0.00543650982	0.0151763565	0	100	0	0	3
5165	1146	0	2.01757812	0.994045815	0.992997269	0.988729103	0.995575497	0.00543454304	0.0151763565	0	100	0	0	3
5170	1147	0	2.01953125	0.993850861	0.992994044	0.988729103	0.995575497	0.00542978103	0.0151763565	0	100	0	0	3
5175	1148	0	2.02148438	0.993736102	0.992990601	0.988729103	0.995575497	0.00542174115	0.0151763565	0	100	0	0	3
5180	1149	0	2.0234375	0.993454834	0.992986293	0.988729103	0.995575497	0.00541055443	0.0151763565	0	100	0	0	3
5185	1150	0	2.02539062	0.993375713	0.992981893	0.988729103	0.995575497	0.00539667243	0.0151763565	0	100	0	0	3
5190	1151	0	2.02734375	0.993379404	0.99297788	0.988729103	0.995575497	0.00538094709	0.0151763565	0	100	0	0	3
5195	1152	0	2.02929688	0.993392485	0.992974538	0.988729103	0.995575497	0.00536391564	0.0151763565	0	100	0	0	3
5200	1153	0	2.03125	0.993319561	0.992971416	0.988729103	0.995575497	0.00534551187	0.0151763565	0	100	0	0	3
5205	1156	0	2.03320312	0.993163029	0.992967635	0.988729103	0.995575497	0.00532507425	0.0151763565	0	100	0	0	3
5210	1157	0	2.03515625	0.992935466	0.992962143	0.988729103	0.995575497	0.00530203948	0.0151763565	0	100	0	0	3
5215	1158	0	2.03710938	0.992691402	0.99295429	0.988729103	0.995575497	0.00527663956	0.0151763565	0	100	0	0	3
5220	1159	0	2.0390625	0.992447985	0.99294418	0.988729103	0.995575497	0.00525061944	0.0151763565	0	100	0	0	3
5225	1160	0	2.04101562	0.992242434	0.992933471	0.988729103	0.995575497	0.00522547852	0.0151763565	0	100	0	0	3
5230	1161	0	2.04296875	0.992090504	0.99292359	0.988729103	0.995575497	0.00520272034	0.0151763565	0	100	0	0	3
5235	1162	0	2.04492188	0.991994173	0.992915618	0.988729103	0.995575497	0.00518286763	0.0151763565	0	100	0	0	3
5240	1163	0	2.046875	0.991974977	0.992909978	0.988729103	0.995575497	0.00516626717	0.0151763565	0	100	0	0	3
5245	1164	0	2.04882812	0.992039708	0.992906732	0.988729103	0.995575497	0.0051528679	0.0151763565	0	100	0	0	3
5250	1165	0	2.05078125	0.992165835	0.99290549	0.988729103	0.995575497	0.0051423194	0.0151763565	0	100	0	0	3
5255	1166	0	2.05273438	0.992335542	0.992905736	0.988729103	0.995575497	0.00513427335	0.0151763565	0	100	0	0	3
5260	1167	0	2.0546875	0.992525041	0.992906979	0.988729103	0.995575497	0.00512843587	0.0151763565	0	100	0	0	3
5265	1168	0	2.05664062	0.992718181	0.992908819	0.988729103	0.995575497	0.00512450422	0.0151763565	0	100	0	0	3
5270	1169	0	2.05859375	0.992914401	0.992911055	0.988729103	0.995575497	0.00512242536	0.0151763565	0	100	0	0	3
5275	1170	0	2.06054688	0.993108714	0.992913692	0.988729103	0.995575497	0.00512242536	0.0151763565	0	100	0	0	3
5280	1171	0	2.0625	0.993318737	0.992916977	0.988729103	0.995575497	0.00512242536	0.0151763565	0	100	0	0	3
5285	1172	0	2.06445312	0.993543799	0.992921289	0.988729103	0.995575497	0.00512107972	0.0151763565	0	100	0	0	3
5290	1173	0	2.06640625	0.993784565	0.992923501	0.988729103	0.995575497	0.00511946397	0.0151763565	0	100	0	0	3
5295	1174	0	2.06835938	0.994004488	0.992925881	0.988729103	0.995575497	0.00511710861	0.0151763565	0	100	0	0	3
5300	1175	0	2.0703125	0.994166534	0.992928162	0.988729103	0.995575497	0.00511351004	0.0151763565	0	100	0	0	3
5305	1177	0	2.07226562	0.994252999	0.992929937	0.988729103	0.995575497	0.00510791008	0.0151763565	0	100	0	0	3
5310	1178	0	2.07421875	0.994253125	0.992930462	0.988729103	0.995575497	0.00509986257	0.0151763565	0	100	0	0	3
5315	1179	0	2.07617188	0.994168451	0.992929259	0.988729103	0.995575497	0.0050901495	0.0151763565	0	100	0	0	3
5320	1180	0	2.078125	0.994011845	0.992927051	0.988729103	0.995575497	0.00507860792	0.0151763565	0	100	0	0	3
5325	1181	0	2.08007812	0.993808932	0.992923658	0.988729103	0.995575497	0.00506468784	0.0151763565	0	100	0	0	3
5330	1182	0	2.08203125	0.993615215	0.99291867	0.988729103	0.995575497	0.00504813883	0.0151763565	0	100	0	0	3
5335	1184	0	2.08398438	0.993473794	0.992911975	0.988729103	0.995575497	0.00503062819	0.0151763565	0	100	0	0	3
5340	1185	0	2.0859375	0.993394843	0.992905172	0.988729103	0.995575497	0.00501274392	0.0151763565	0	100	0	0	3
5345	1186	0	2.08789062	0.993589693	0.992899567	0.988729103	0.995575497	0.00499453289	0.0151763565	0	100	0	0	3
5350	1187	0	2.08984375	0.993570739	0.992894114	0.988729103	0.995575497	0.00497616392	0.0151763565	0	100	0	0	3
5355	1188	0	2.09179688	0.993725628	0.992889486	0.988729103	0.995575497	0.00495789837	0.0151763565	0	100	0	0	3
5360	1189	0	2.09375	0.993787477	0.992885458	0.988729103	0.995575497	0.00493969521	0.0151763565	0	100	0	0	3
5365	1190	0	2.09570312	0.993696415	0.99288129	0.988729103	0.995575497	0.00492118246	0.0151763565	0	100	0	0	3
5370	1191	0	2.09765625	0.993559899	0.992876326	0.988729103	0.995575497	0.00490196065	0.0151763565	0	100	0	0	3
5375	1192	0	2.09960938	0.993473678	0.992870241	0.988729103	0.995575497	0.00488186088	0.0151763565	0	100	0	0	3
5380	1193	0	2.1015625	0.993433378	0.9928629	0.988729103	0.995575497	0.00486115117	0.0151763565	0	100	0	0	3
5385	1194	0	2.10351562	0.993402389	0.992854411	0.988729103	0.995530969	0.00484142656	0.0151763565	0	100	0	0	3
5390	1195	0	2.10546875	0.99337659	0.992846136	0.988729103	0.995530969	0.00482411751	0.0151763565	0	100	0	0	3
5395	1196	0	2.10742188	0.993375415	0.992839358	0.988729103	0.995530969	0.00480619566	0.0151763565	0	100	0	0	3
5400	1197	0	2.109375	0.993431218	0.992834792	0.988729103	0.995530969	0.00479038747	0.0151763565	0	100	0	0	3
5405	1199	0	2.11132812	0.993541442	0.992832847	0.988729103	0.995530969	0.00477629106	0.0151763565	0	100	0	0	3
5410	1200	0	2.11328125	0.993679291	0.992833504	0.988729103	0.995530969	0.0047628889	0.0151763565	0	100	0	0	3
5415	1201	0	2.11523438	0.993809985	0.992836331	0.988729103	0.995530969	0.00475072805	0.0151763565	0	100	0	0	3
5420	1202	0	2.1171875	0.993912776	0.992840822	0.988729103	0.995530969	0.00474037292	0.0151763565	0	100	0	0	3
5425	1203	0	2.11914062	0.993975049	0.992846399	0.988729103	0.995530969	0.00473136599	0.0151763565	0	100	0	0	3
5430	1204	0	2.12109375	0.994000676	0.992852482	0.988729103	0.995530969	0.00472273521	0.0151763565	0	100	0	0	3
5435	1205	0	2.12304688	0.99398545	0.992858602	0.988729103	0.995530969	0.00471391942	0.0151763565	0	100	0	0	3
5440	1206	0	2.125	0.993934016	0.992864612	0.988729103	0.995530969	0.00470501461	0.0151763565	0	100	0	0	3
5445	1207	0	2.12695312	0.993861731	0.992870646	0.988729103	0.995530969	0.00469606322	0.0151763565	0	100	0	0	3
5450	1208	0	2.12890625	0.993784628	0.992876992	0.988729103	0.995530969	0.00468667496	0.0151763565	0	100	0	0	3
5455	1209	0	2.13085938	0.993716806	0.992883776	0.988729103	0.995530969	0.00467305018	0.0151763565	0	100	0	0	3
5460	1210	0	2.1328125	0.993661967	0.992887711	0.988729103	0.995530969	0.00465712144	0.0151763565	0	100	0	0	3
5465	1211	0	2.13476562	0.993620981	0.992891021	0.988729103	0.995530969	0.00463874703	0.0151763565	0	100	0	0	3
5470	1212	0	2.13671875	0.99358926	0.992893646	0.988729103	0.995530969	0.00461686994	0.0151763565	0	100	0	0	3
5475	1213	0	2.13867188	0.993561426	0.99289446	0.988729103	0.995530969	0.00459202546	0.0151763565	0	100	0	0	3
5480	1214	0	2.140625	0.99353187	0.992893708	0.988729103	0.995530969	0.00456547154	0.0151763565	0	100	0	0	3
5485	1215	0	2.14257812	0.993496072	0.992892043	0.988729103	0.995530969	0.00453813585	0.0151763565	0	100	0	0	3
5490	1216	0	2.14453125	0.993449503	0.992889484	0.988729103	0.995530969	0.00451092317	0.0151763565	0	100	0	0	3
5495	1217	0	2.14648438	0.993394099	0.992885791	0.988729103	0.995530969	0.0044846122	0.0151763565	0	100	0	0	3
5500	1218	0	2.1484375	0.993336549	0.99288062	0.988729103	0.995530969	0.00445996311	0.0151763565	0	100	0	0	3
5505	1220	0	2.15039062	0.993290403	0.992874047	0.988729103	0.995530969	0.00443801454	0.0151763565	0	100	0	0	3
5510	1222	0	2.15234375	0.993268852	0.992866738	0.988729103	0.995530969	0.00441937235	0.0151763565	0	100	0	0	3
5515	1223	0	2.15429688	0.993668732	0.992860854	0.988729103	0.995530969	0.00440350005	0.0151763565	0	100	0	0	3
5520	1224	0	2.15625	0.993852011	0.992855414	0.988729103	0.995530969	0.00438993412	0.0151763565	0	100	0	0	3
5525	1225	0	2.15820312	0.993948753	0.992850066	0.988729103	0.995530969	0.00437810957	0.0151763565	0	100	0	0	3
5530	1226	0	2.16015625	0.994015365	0.99284471	0.988729103	0.995530969	0.00436743739	0.0151763565	0	100	0	0	3
5535	1227	0	2.16210938	0.994036119	0.99283915	0.988729103	0.995530969	0.00435750345	0.0151763565	0	100	0	0	3
5540	1228	0	2.1640625	0.994040884	0.99283333	0.988729103	0.995443867	0.0043487138	0.0151763565	0	100	0	0	3
5545	1229	0	2.16601562	0.994120054	0.992828158	0.988729103	0.995235102	0.00434149956	0.0151763565	0	100	0	0	3
5550	1230	0	2.16796875	0.994239388	0.992824269	0.988729103	0.995070883	0.00433607133	0.0151763565	0	100	0	0	3
5555	1231	0	2.16992188	0.994367379	0.992821921	0.988729103	0.995070883	0.00433261601	0.0151763565	0	100	0	0	3
5560	1232	0	2.171875	0.994503834	0.992821434	0.988729103	0.995070883	0.00433127639	0.0151763565	0	100	0	0	3
5565	1233	0	2.17382812	0.994636806	0.992823072	0.988729103	0.995070883	0.00432320671	0.0151763565	0	100	0	0	3
5570	1234	0	2.17578125	0.994752323	0.992826889	0.988729103	0.995070883	0.00431440553	0.0151763565	0	100	0	0	3
5575	1235	0	2.17773438	0.994833407	0.992832712	0.988729103	0.995070883	0.00430289859	0.0151763565	0	100	0	0	3
5580	1236	0	2.1796875	0.994862863	0.992840238	0.988729103	0.995070883	0.00428887804	0.0151763565	0	100	0	0	3
5585	1237	0	2.18164062	0.994855056	0.992848949	0.988729103	0.995070883	0.0042737419	0.0151763565	0	100	0	0	3
5590	1238	0	2.18359375	0.994833175	0.992858317	0.988729103	0.995070883	0.00425733486	0.0151763565	0	100	0	0	3
5595	1239	0	2.18554688	0.994807523	0.992867921	0.988729103	0.995070883	0.00424040738	0.0151763565	0	100	0	0	3
5600	1240	0	2.1875	0.994767274	0.992877603	0.988729103	0.995070883	0.00422204918	0.0151763565	0	100	0	0	3
5605	1242	0	2.18945312	0.994698107	0.992887422	0.988729103	0.995070883	0.00420174933	0.0151763565	0	100	0	0	3
5610	1244	0	2.19140625	0.9945841	0.99289733	0.988729103	0.995070883	0.00417870502	0.0151763565	0	100	0	0	3
5615	1245	0	2.19335938	0.994417413	0.992907062	0.988729103	0.995070883	0.00415123552	0.0151763565	0	100	0	0	3
5620	1246	0	2.1953125	0.994200951	0.992916188	0.988729103	0.995070883	0.00411634263	0.0151763565	0	100	0	0	3
5625	1247	0	2.19726562	0.993958385	0.992923397	0.988729103	0.995070883	0.00407398988	0.0151763565	0	100	0	0	3
5630	1248	0	2.19921875	0.993700023	0.99292867	0.988729103	0.995070883	0.00402589216	0.0151763565	0	100	0	0	3
5635	1249	0	2.20117188	0.993495425	0.992932359	0.988729103	0.995070883	0.00397344812	0.0151763565	0	100	0	0	3
5640	1250	0	2.203125	0.993363546	0.992934791	0.988729103	0.995070883	0.0039183907	0.0151763565	0	100	0	0	3
5645	1251	0	2.20507812	0.993297831	0.992936128	0.988729103	0.995070883	0.00386328593	0.0151763565	0	100	0	0	3
5650	1252	0	2.20703125	0.993279562	0.992936496	0.988729103	0.995070883	0.0038118006	0.0151763565	0	100	0	0	3
5655	1253	0	2.20898438	0.993287506	0.992936083	0.988729103	0.995070883	0.00376765696	0.0151763565	0	100	0	0	3
5660	1254	0	2.2109375	0.99330494	0.992934814	0.988729103	0.995070883	0.0037609756	0.0151763565	0	100	0	0	3
5665	1255	0	2.21289062	0.993335363	0.992932706	0.988729103	0.995070883	0.0037609756	0.0151763565	0	100	0	0	3
5670	1256	0	2.21484375	0.993364879	0.992929811	0.988729103	0.995070883	0.0037609756	0.0151763565	0	100	0	0	3
5675	1257	0	2.21679688	0.993380636	0.992926194	0.988729103	0.995070883	0.0037609756	0.0151763565	0	100	0	0	3
5680	1258	0	2.21875	0.993758591	0.992923514	0.988729103	0.995070883	0.0037609756	0.0151763565	0	100	0	0	3
5685	1259	0	2.22070312	0.993930372	0.992921272	0.988729103	0.995070883	0.0037609756	0.0151763565	0	100	0	0	3
5690	1260	0	2.22265625	0.993963359	0.992919149	0.988729103	0.995070883	0.0037609756	0.0151763565	0	100	0	0	3
5695	1261	0	2.22460938	0.994036974	0.992917491	0.988729103	0.995070883	0.0037609756	0.0151763565	0	100	0	0	3
5700	1262	0	2.2265625	0.994122848	0.992916507	0.988729103	0.995070883	0.0037609756	0.0151763565	0	100	0	0	3
5705	1264	0	2.22851562	0.994250236	0.99291655	0.988729103	0.995070883	0.0037609756	0.0151763565	0	100	0	0	3
5710	1265	0	2.23046875	0.994340823	0.992917608	0.988729103	0.995070883	0.0037609756	0.0151763565	0	100	0	0	3
5715	1266	0	2.23242188	0.99441974	0.992919743	0.988729103	0.995070883	0.0037609756	0.0151763565	0	100	0	0	3
5720	1267	0	2.234375	0.99453484	0.992923169	0.988729103	0.995070883	0.0037609756	0.0151763565	0	100	0	0	3
5725	1268	0	2.23632812	0.994688893	0.992928094	0.988729103	0.995070883	0.0037609756	0.0151763565	0	100	0	0	3
5730	1269	0	2.23828125	0.994865572	0.992934646	0.988729103	0.995070883	0.00374448076	0.0151763565	0	100	0	0	3
5735	1270	0	2.24023438	0.995043355	0.992942819	0.988729103	0.995070883	0.0037125421	0.0151763565	0	100	0	0	3
5740	1271	0	2.2421875	0.995182386	0.992952388	0.988729103	0.995182386	0.00367659017	0.0151763565	0	100	0	0	3
5745	1272	0	2.24414062	0.995251073	0.992962958	0.988729103	0.995251073	0.00364393558	0.0151763565	0	100	0	0	3
5750	1274	0	2.24609375	0.995247698	0.992974084	0.988729103	0.995251073	0.00361432481	0.0151763565	0	100	0	0	3
5755	1275	0	2.24804688	0.995202874	0.992985423	0.988729103	0.995251073	0.00358637944	0.0151763565	0	100	0	0	3
5760	1276	0	2.25	0.995146652	0.992996767	0.988729103	0.995251073	0.00355491086	0.0151763565	0	100	0	0	3
5765	1277	0	2.25195312	0.995090194	0.993007979	0.988729103	0.995251073	0.00351464073	0.0151763565	0	100	0	0	3
5770	1278	0	2.25390625	0.995018458	0.993018906	0.988729103	0.995251073	0.00346339944	0.0151763565	0	100	0	0	3
5775	1279	0	2.25585938	0.99491024	0.993029293	0.988729103	0.995251073	0.00340202811	0.0151763565	0	100	0	0	3
5780	1280	0	2.2578125	0.994747883	0.993038786	0.988729103	0.995251073	0.00333117851	0.0151763565	0	100	0	0	3
5785	1281	0	2.25976562	0.994515308	0.993046995	0.988729103	0.995251073	0.00325043755	0.0151763565	0	100	0	0	3
5790	1282	0	2.26171875	0.994229269	0.993054691	0.988729103	0.995251073	0.00315556451	0.0151763565	0	100	0	0	3
5795	1283	0	2.26367188	0.993906296	0.993060997	0.988729103	0.995251073	0.0030495704	0.0151763565	0	100	0	0	3
5800	1284	0	2.265625	0.993611677	0.993066389	0.988729103	0.995251073	0.00294004814	0.0151763565	0	100	0	0	3
5805	1286	0	2.26757812	0.993383185	0.993071377	0.988729103	0.995251073	0.0028339964	0.0151763565	0	100	0	0	3
5810	1287	0	2.26953125	0.993233096	0.99307578	0.988729103	0.995251073	0.00273780039	0.0151763565	0	100	0	0	3
5815	1288	0	2.27148438	0.993163278	0.993079354	0.988729103	0.995251073	0.00265853002	0.0151763565	0	100	0	0	3
5820	1289	0	2.2734375	0.99316657	0.993082131	0.988729103	0.995251073	0.00260233488	0.0151763565	0	100	0	0	3
5825	1290	0	2.27539062	0.993216031	0.993084363	0.988729103	0.995251073	0.00257135642	0.0151763565	0	100	0	0	3
5830	1291	0	2.27734375	0.99326827	0.993086156	0.988729103	0.995251073	0.00256180287	0.0151763565	0	100	0	0	3
5835	1292	0	2.27929688	0.993291393	0.993087675	0.988729103	0.995251073	0.00254309476	0.0151763565	0	100	0	0	3
5840	1293	0	2.28125	0.993277909	0.993089088	0.988729103	0.995251073	0.00250636042	0.0151763565	0	100	0	0	3
5845	1294	0	2.28320312	0.993257777	0.993090652	0.988729103	0.995251073	0.00245471281	0.0151763565	0	100	0	0	3
5850	1295	0	2.28515625	0.993680093	0.993094303	0.988729103	0.995251073	0.00239711433	0.0151763565	0	100	0	0	3
5855	1296	0	2.28710938	0.993802594	0.993099036	0.988729103	0.995251073	0.00234432833	0.0151763565	0	100	0	0	3
5860	1297	0	2.2890625	0.993815575	0.993104556	0.988729103	0.995251073	0.00230551307	0.0151763565	0	100	0	0	3
5865	1299	0	2.29101562	0.993919886	0.993111266	0.988729103	0.995251073	0.00228333386	0.0151763565	0	100	0	0	3
5870	1300	0	2.29296875	0.994112473	0.993119449	0.988729103	0.995251073	0.00227489406	0.0151763565	0	100	0	0	3
5875	1301	0	2.29492188	0.994209636	0.993128541	0.988729103	0.995251073	0.00227489406	0.0151763565	0	100	0	0	3
5880	1302	0	2.296875	0.994262706	0.993138026	0.988729103	0.995251073	0.00227489406	0.0151763565	0	100	0	0	3
5885	1303	0	2.29882812	0.994326124	0.993147539	0.988729103	0.995251073	0.0022746362	0.0151763565	0	100	0	0	3
5890	1304	0	2.30078125	0.994449606	0.993157022	0.988729103	0.995251073	0.00226552248	0.0151763565	0	100	0	0	3
5895	1305	0	2.30273438	0.994620813	0.99316657	0.988729103	0.995251073	0.0022429093	0.0151763565	0	100	0	0	3
5900	1306	0	2.3046875	0.994786082	0.993176148	0.988729103	0.995251073	0.00210988699	0.0151763565	0	100	0	0	3
5905	1309	0	2.30664062	0.994909369	0.993185648	0.988729103	0.995251073	0.00197123377	0.0151763565	0	100	0	0	3
5910	1310	0	2.30859375	0.994986918	0.993194966	0.988729103	0.995251073	0.00186852892	0.0151763565	0	100	0	0	3
5915	1311	0	2.31054688	0.995019524	0.993203991	0.988729103	0.995251073	0.00179882972	0.0151763565	0	100	0	0	3
5920	1312	0	2.3125	0.995015022	0.993212619	0.988729103	0.995251073	0.00175246861	0.0151763565	0	100	0	0	3
5925	1313	0	2.31445312	0.994980106	0.993220741	0.988729103	0.995251073	0.00172378389	0.0151763565	0	100	0	0	3
5930	1314	0	2.31640625	0.994923314	0.993228261	0.988729103	0.995251073	0.00168785508	0.0151763565	0	100	0	0	3
5935	1315	0	2.31835938	0.99484164	0.993235058	0.988729103	0.995251073	0.00163023544	0.0151763565	0	100	0	0	3
5940	1316	0	2.3203125	0.994716151	0.993240934	0.988729103	0.995251073	0.0015543751	0.0151763565	0	100	0	0	3
5945	1317	0	2.32226562	0.994546087	0.993245732	0.988729103	0.995251073	0.00146435333	0.0151763565	0	100	0	0	3
5950	1318	0	2.32421875	0.994330238	0.993249335	0.988729103	0.995251073	0.00136295846	0.0151763565	0	100	0	0	3
5955	1319	0	2.32617188	0.994085577	0.993251729	0.988729103	0.995251073	0.001254468	0.0151763565	0	100	0	0	3
5960	1320	0	2.328125	0.993834881	0.993255596	0.988729103	0.995251073	0.00114140008	0.0151763565	0	100	0	0	3
5965	1321	0	2.33007812	0.993600458	0.99325941	0.988729103	0.995251073	0.0010288907	0.0151763565	0	100	0	0	3
5970	1322	0	2.33203125	0.993401353	0.993264061	0.988729103	0.995251073	0.000927141246	0.0151763565	0	100	0	0	3
5975	1323	0	2.33398438	0.993243553	0.993269444	0.988729103	0.995251073	0.000844049791	0.0151763565	0	100	0	0	3
5980	1324	0	2.3359375	0.99315855	0.993274961	0.988729103	0.995251073	0.000784587355	0.0151763565	0	100	0	0	3
5985	1325	0	2.33789062	0.993142307	0.993280121	0.988729103	0.995251073	0.000751054644	0.0151763565	0	100	0	0	3
5990	1326	0	2.33984375	0.993163993	0.993284852	0.988729103	0.995251073	0.000742084197	0.0151763565	0	100	0	0	3
5995	1327	0	2.34179688	0.993186058	0.993289559	0.988729103	0.995251073	0.000739971831	0.0151763565	0	100	0	0	3
6000	1329	0	2.34375	0.99320549	0.993294567	0.988729103	0.995251073	0.00071979179	0.0151763565	0	100	0	0	3
6005	1331	0	2.34570312	0.993246892	0.993300404	0.988729103	0.995251073	0.000679480931	0.0151763565	0	100	0	0	3
6010	1332	0	2.34765625	0.993302606	0.993307519	0.988729103	0.995251073	0.000628610468	0.0151763565	0	100	0	0	3
6015	1333	0	2.34960938	0.993465359	0.993316705	0.988729103	0.995251073	0.00057880899	0.0151763565	0	100	0	0	3
6020	1334	0	2.3515625	0.993591616	0.993327998	0.988729103	0.995251073	0.000541877104	0.0151763565	0	100	0	0	3
6025	1335	0	2.35351562	0.993600177	0.993340753	0.988729103	0.995251073	0.000554632618	0.0151763565	0	100	0	0	3
6030	1336	0	2.35546875	0.993668578	0.99335495	0.988729103	0.995251073	0.000568829049	0.0151763565	0	100	0	0	3
6035	1337	0	2.35742188	0.993750862	0.993370277	0.988729103	0.995251073	0.000584156023	0.0151763565	0	100	0	0	3
6040	1338	0	2.359375	0.993813648	0.993386086	0.988729103	0.995251073	0.000599965194	0.0151763565	0	100	0	0	3
6045	1339	0	2.36132812	0.993875519	0.993401691	0.988729103	0.995251073	0.000615570699	0.0151763565	0	100	0	0	3
6050	1340	0	2.36328125	0.993947585	0.993416383	0.988729103	0.995251073	0.000630262017	0.0151763565	0	100	0	0	3
6055	1341	0	2.36523438	0.994035978	0.993429459	0.988729103	0.995251073	0.000643338957	0.0151763565	0	100	0	0	3
6060	1342	0	2.3671875	0.994135908	0.993440413	0.988729103	0.995251073	0.000650670499	0.0151763565	0	100	0	0	3
6065	1344	0	2.36914062	0.994232214	0.993449198	0.988729103	0.995251073	0.000639258093	0.0151763565	0	100	0	0	3
6070	1345	0	2.37109375	0.994304816	0.993455687	0.988729103	0.995251073	0.000634252705	0.0151763565	0	100	0	0	3
6075	1346	0	2.37304688	0.994352052	0.993460032	0.988729103	0.995251073	0.000638597985	0.0151763565	0	100	0	0	3
6080	1347	0	2.375	0.994377175	0.993462632	0.988729103	0.995251073	0.000641198618	0.0151763565	0	100	0	0	3
6085	1348	0	2.37695312	0.994376765	0.99346396	0.988729103	0.995251073	0.000642525803	0.0151763565	0	100	0	0	3
6090	1349	0	2.37890625	0.994350511	0.993464484	0.988729103	0.995251073	0.000643050602	0.0151763565	0	100	0	0	3
6095	1350	0	2.38085938	0.994302532	0.993464596	0.988729103	0.995251073	0.000643162283	0.0151763565	0	100	0	0	3
6100	1351	0	2.3828125	0.994234471	0.99346453	0.988729103	0.995251073	0.000643162283	0.0151763565	0	100	0	0	3
6105	1354	0	2.38476562	0.99415091	0.993464385	0.988729103	0.995251073	0.000643162283	0.0151763565	0	100	0	0	3
6110	1355	0	2.38671875	0.994051161	0.993464046	0.988729103	0.995251073	0.000643162283	0.0151763565	0	100	0	0	3
6115	1356	0	2.38867188	0.993940885	0.993463241	0.988729103	0.995251073	0.000643162283	0.0151763565	0	100	0	0	3
6120	1357	0	2.390625	0.993820167	0.993461762	0.988729103	0.995251073	0.000643162283	0.0151763565	0	100	0	0	3
6125	1358	0	2.39257812	0.993685768	0.99346274	0.988729103	0.995251073	0.000643162283	0.0151763565	0	100	0	0	3
6130	1359	0	2.39453125	0.99354075	0.993464192	0.988729103	0.995251073	0.000643162283	0.0151763565	0	100	0	0	3
6135	1360	0	2.39648438	0.99340832	0.993465945	0.988729103	0.995251073	0.000644511299	0.0151763565	0	100	0	0	3
6140	1361	0	2.3984375	0.993301712	0.993468818	0.988729103	0.995251073	0.000647384089	0.0151763565	0	100	0	0	3
6145	1362	0	2.40039062	0.993225989	0.993472889	0.988729103	0.995251073	0.000651454915	0.0151763565	0	100	0	0	3
6150	1363	0	2.40234375	0.993185495	0.993477901	0.988729103	0.995251073	0.000656467233	0.0151763565	0	100	0	0	3
6155	1364	0	2.40429688	0.993184829	0.993483844	0.988729103	0.995251073	0.000662410512	0.0151763565	0	100	0	0	3
6160	1366	0	2.40625	0.993216906	0.993490792	0.988729103	0.995251073	0.000669358091	0.0151763565	0	100	0	0	3
6165	1367	0	2.40820312	0.993270161	0.993498928	0.988729103	0.995251073	0.000677494653	0.0151763565	0	100	0	0	3
6170	1368	0	2.41015625	0.993329778	0.993508482	0.988729103	0.995251073	0.000687047877	0.0151763565	0	100	0	0	3
6175	1369	0	2.41210938	0.99338994	0.993519759	0.988729103	0.995251073	0.00069832529	0.0151763565	0	100	0	0	3
6180	1370	0	2.4140625	0.993373664	0.993532785	0.988729103	0.995251073	0.000711350745	0.0151763565	0	100	0	0	3
6185	1371	0	2.41601562	0.993438945	0.993547997	0.988729103	0.995251073	0.000726563505	0.0151763565	0	100	0	0	3
6190	1372	0	2.41796875	0.993407277	0.993564732	0.988729103	0.995251073	0.000743298585	0.0151763565	0	100	0	0	3
6195	1373	0	2.41992188	0.993342642	0.993582294	0.988729103	0.995251073	0.00076085994	0.0151763565	0	100	0	0	3
6200	1374	0	2.421875	0.993332964	0.993600278	0.988812599	0.995251073	0.00077884377	0.0151763565	0	100	0	0	3
6205	1376	0	2.42382812	0.99338049	0.993618121	0.989126861	0.995251073	0.000796687094	0.0151763565	0	100	0	0	3
6210	1377	0	2.42578125	0.993450868	0.993635012	0.98966767	0.995251073	0.000813577746	0.0151763565	0	100	0	0	3
6215	1378	0	2.42773438	0.993527271	0.993650057	0.98966767	0.995251073	0.000828623196	0.0151763565	0	100	0	0	3
6220	1379	0	2.4296875	0.993586805	0.993662302	0.98966767	0.995251073	0.000840868104	0.0151763565	0	100	0	0	3
6225	1380	0	2.43164062	0.993614857	0.993670947	0.98966767	0.995251073	0.000849512891	0.0151763565	0	100	0	0	3
6230	1381	0	2.43359375	0.993614379	0.993675736	0.98966767	0.995251073	0.000854302204	0.0151763565	0	100	0	0	3
6235	1382	0	2.43554688	0.993593446	0.993676769	0.98966767	0.995251073	0.000855335385	0.0151763565	0	100	0	0	3
6240	1384	0	2.4375	0.993558196	0.993674639	0.98966767	0.995251073	0.000855335385	0.0151763565	0	100	0	0	3
6245	1385	0	2.43945312	0.993513173	0.993670296	0.98966767	0.995251073	0.000855335385	0.0151763565	0	100	0	0	3
6250	1386	0	2.44140625	0.993458665	0.993664479	0.98966767	0.995251073	0.000855335385	0.0151763565	0	100	0	0	3
6255	1387	0	2.44335938	0.993401079	0.993657956	0.98966767	0.995251073	0.000855335385	0.0151763565	0	100	0	0	3
6260	1388	0	2.4453125	0.993346468	0.99365141	0.98966767	0.995251073	0.000855335385	0.0151763565	0	100	0	0	3
6265	1389	0	2.44726562	0.993304016	0.993645337	0.98966767	0.995251073	0.000855335385	0.0151763565	0	100	0	0	3
6270	1390	0	2.44921875	0.993283162	0.993639986	0.98966767	0.995251073	0.000855335385	0.0151763565	0	100	0	0	3
6275	1391	0	2.45117188	0.99328484	0.993635292	0.98966767	0.995251073	0.000855335385	0.0151763565	0	100	0	0	3
6280	1392	0	2.453125	0.993300924	0.993631014	0.98966767	0.995251073	0.000855335385	0.0151763565	0	100	0	0	3
6285	1393	0	2.45507812	0.993321795	0.993626917	0.98966767	0.995251073	0.000855335385	0.0151763565	0	100	0	0	3
6290	1394	0	2.45703125	0.993345061	0.993622976	0.98966767	0.995251073	0.000855335385	0.0151763565	0	100	0	0	3
6295	1395	0	2.45898438	0.993364935	0.993622487	0.98966767	0.995251073	0.000855335385	0.0151763565	0	100	0	0	3
6300	1397	0	2.4609375	0.993380445	0.993623271	0.98966767	0.995251073	0.000855335385	0.0151763565	0	100	0	0	3
6305	1399	0	2.46289062	0.993393051	0.993624265	0.98966767	0.995251073	0.000855335385	0.0151763565	0	100	0	0	3
6310	1400	0	2.46484375	0.993405328	0.993626212	0.98966767	0.995251073	0.000855335385	0.0151763565	0	100	0	0	3
6315	1401	0	2.46679688	0.993420801	0.993629532	0.98966767	0.995251073	0.000855335385	0.0151763565	0	100	0	0	3
6320	1402	0	2.46875	0.993442929	0.993633822	0.98966767	0.995251073	0.000855335385	0.0151763565	0	100	0	0	3
6325	1403	0	2.47070312	0.993473581	0.993639086	0.98966767	0.995251073	0.000855335385	0.0151763565	0	100	0	0	3
6330	1404	0	2.47265625	0.993511953	0.993645684	0.98966767	0.995251073	0.000855335385	0.0151763565	0	100	0	0	3
6335	1405	0	2.47460938	0.993553265	0.993654075	0.98966767	0.995251073	0.000855335385	0.0151763565	0	100	0	0	3
6340	1406	0	2.4765625	0.993590502	0.99366457	0.98966767	0.995251073	0.000855335385	0.0151763565	0	100	0	0	3
6345	1407	0	2.47851562	0.993616482	0.99367688	0.98966767	0.995251073	0.000855445834	0.0151763565	0	100	0	0	3
6350	1408	0	2.48046875	0.993463831	0.993689921	0.98966767	0.995251073	0.000868486819	0.0151763565	0	100	0	0	3
6355	1409	0	2.48242188	0.993403399	0.993703853	0.98966767	0.995251073	0.000882419293	0.0151763565	0	100	0	0	3
6360	1411	0	2.484375	0.993242962	0.993717819	0.989708464	0.995251073	0.000896385279	0.0151763565	0	100	0	0	3
6365	1412	0	2.48632812	0.993105773	0.99373109	0.989929061	0.995251073	0.000909656016	0.0151763565	0	100	0	0	3
6370	1413	0	2.48828125	0.993100416	0.993743478	0.990288156	0.995251073	0.000922044119	0.0151763565	0	100	0	0	3
6375	1414	0	2.49023438	0.993157218	0.993754685	0.990790453	0.995251073	0.000933251396	0.0151763565	0	100	0	0	3
6380	1415	0	2.4921875	0.993221491	0.993764181	0.991439278	0.995251073	0.00094274764	0.0151763565	0	100	0	0	3
6385	1416	0	2.49414062	0.993258622	0.993771288	0.991974977	0.995251073	0.000949854449	0.0151763565	0	100	0	0	3
6390	1417	0	2.49609375	0.993250808	0.993775453	0.991974977	0.995251073	0.000954018795	0.0151763565	0	100	0	0	3
6395	1418	0	2.49804688	0.993182774	0.99377629	0.991974977	0.995251073	0.000954855711	0.0151763565	0	100	0	0	3
6400	1419	0	2.5	0.993079286	0.99377397	0.991974977	0.995251073	0.000954855711	0.0151763565	0	100	0	0	3
6405	1421	0	2.50195312	0.992967812	0.993769012	0.991974977	0.995251073	0.000954855711	0.0151763565	0	100	0	0	3
6410	1422	0	2.50390625	0.99285905	0.993761977	0.991974977	0.995251073	0.000954855711	0.0151763565	0	100	0	0	3
6415	1423	0	2.50585938	0.992756875	0.993753614	0.991974977	0.995251073	0.000954855711	0.0151763565	0	100	0	0	3
6420	1425	0	2.5078125	0.992667136	0.993744594	0.991974977	0.995251073	0.000954855711	0.0151763565	0	100	0	0	3
6425	1426	0	2.50976562	0.992600815	0.993735578	0.991974977	0.995251073	0.000954855711	0.0151763565	0	100	0	0	3
6430	1427	0	2.51171875	0.992569911	0.993727144	0.991974977	0.995251073	0.000954855711	0.0151763565	0	100	0	0	3
6435	1428	0	2.51367188	0.992583777	0.99371964	0.991974977	0.995251073	0.000954855711	0.0151763565	0	100	0	0	3
6440	1429	0	2.515625	0.992650683	0.993713315	0.991974977	0.995251073	0.000954855711	0.0151763565	0	100	0	0	3
6445	1430	0	2.51757812	0.992769169	0.993708328	0.991974977	0.995251073	0.000954855711	0.0151763565	0	100	0	0	3
6450	1431	0	2.51953125	0.992926217	0.993704716	0.991974977	0.995251073	0.000954855711	0.0151763565	0	100	0	0	3
6455	1432	0	2.52148438	0.993105405	0.993702253	0.991974977	0.995251073	0.000954855711	0.0151763565	0	100	0	0	3
6460	1433	0	2.5234375	0.993284726	0.993701588	0.991974977	0.995251073	0.000954855711	0.0151763565	0	100	0	0	3
6465	1434	0	2.52539062	0.993449634	0.993701877	0.991974977	0.995251073	0.000954855711	0.0151763565	0	100	0	0	3
6470	1435	0	2.52734375	0.993585768	0.993702683	0.991974977	0.995251073	0.000954855711	0.0151763565	0	100	0	0	3
6475	1437	0	2.52929688	0.993684098	0.993703822	0.991974977	0.995251073	0.000954855711	0.0151763565	0	100	0	0	3
6480	1438	0	2.53125	0.993742612	0.993705475	0.991974977	0.995251073	0.000954855711	0.0151763565	0	100	0	0	3
6485	1439	0	2.53320312	0.993768359	0.993707839	0.991974977	0.995251073	0.000954855711	0.0151763565	0	100	0	0	3
6490	1440	0	2.53515625	0.993776991	0.993711127	0.991974977	0.995251073	0.000954855711	0.0151763565	0	100	0	0	3
6495	1441	0	2.53710938	0.993782868	0.99371539	0.991974977	0.995251073	0.000954855711	0.0151763565	0	100	0	0	3
6500	1442	0	2.5390625	0.993795317	0.993720653	0.991974977	0.995251073	0.000954855711	0.0151763565	0	100	0	0	3
6505	1444	0	2.54101562	0.993813976	0.993726792	0.991974977	0.995251073	0.000954855711	0.0151763565	0	100	0	0	3
6510	1445	0	2.54296875	0.99383779	0.993733617	0.991974977	0.995251073	0.000954855711	0.0151763565	0	100	0	0	3
6515	1446	0	2.54492188	0.993602027	0.993739898	0.991974977	0.995251073	0.000954855711	0.0151763565	0	100	0	0	3
6520	1448	0	2.546875	0.993595829	0.993746229	0.992039708	0.995251073	0.000954855711	0.0151763565	0	100	0	0	3
6525	1449	0	2.54882812	0.993472734	0.993751827	0.992165835	0.995251073	0.000954855711	0.0151763565	0	100	0	0	3
6530	1450	0	2.55078125	0.993310866	0.9937563	0.992335542	0.995251073	0.000954855711	0.0151763565	0	100	0	0	3
6535	1451	0	2.55273438	0.993216488	0.993759741	0.992525041	0.995251073	0.000954855711	0.0151763565	0	100	0	0	3
6540	1452	0	2.5546875	0.9931257	0.993762087	0.992569911	0.995251073	0.000954855711	0.0151763565	0	100	0	0	3
6545	1453	0	2.55664062	0.993058319	0.993763416	0.992569911	0.995251073	0.000954855711	0.0151763565	0	100	0	0	3
6550	1454	0	2.55859375	0.993028704	0.993763863	0.992569911	0.995251073	0.000954855711	0.0151763565	0	100	0	0	3
6555	1455	0	2.56054688	0.993007918	0.993763469	0.992569911	0.995251073	0.000954855711	0.0151763565	0	100	0	0	3
6560	1456	0	2.5625	0.992947317	0.993762018	0.992569911	0.995251073	0.000954855711	0.0151763565	0	100	0	0	3
6565	1457	0	2.56445312	0.992843816	0.993759284	0.992569911	0.995251073	0.000954855711	0.0151763565	0	100	0	0	3
6570	1458	0	2.56640625	0.992719559	0.993755124	0.992569911	0.995251073	0.000954855711	0.0151763565	0	100	0	0	3
6575	1459	0	2.56835938	0.992600749	0.99374964	0.992569911	0.995251073	0.000954855711	0.0151763565	0	100	0	0	3
6580	1461	0	2.5703125	0.992504141	0.993743146	0.992504141	0.995251073	0.000954855711	0.0151763565	0	100	0	0	3
6585	1462	0	2.57226562	0.992431056	0.99373603	0.992431056	0.995251073	0.000954855711	0.0151763565	0	100	0	0	3
6590	1463	0	2.57421875	0.992380339	0.993728714	0.992380339	0.995251073	0.000954855711	0.0151763565	0	100	0	0	3
6595	1464	0	2.57617188	0.992360646	0.993721652	0.992360646	0.995251073	0.000954855711	0.0151763565	0	100	0	0	3
6600	1465	0	2.578125	0.99238537	0.993715299	0.992360646	0.995251073	0.000954855711	0.0151763565	0	100	0	0	3
6605	1468	0	2.58007812	0.992467923	0.99371006	0.992360646	0.995251073	0.000954855711	0.0151763565	0	100	0	0	3
6610	1469	0	2.58203125	0.992613438	0.993706147	0.992360646	0.995251073	0.000954855711	0.0151763565	0	100	0	0	3
6615	1470	0	2.58398438	0.992826004	0.993703617	0.992360646	0.995251073	0.000954855711	0.0151763565	0	100	0	0	3
6620	1471	0	2.5859375	0.993078209	0.99370238	0.992360646	0.995251073	0.000954855711	0.0151763565	0	100	0	0	3
6625	1472	0	2.58789062	0.993341	0.993701409	0.992360646	0.995251073	0.000954855711	0.0151763565	0	100	0	0	3
6630	1473	0	2.58984375	0.99358223	0.993701453	0.992360646	0.995251073	0.000954855711	0.0151763565	0	100	0	0	3
6635	1474	0	2.59179688	0.993783248	0.993701678	0.992360646	0.995251073	0.000954855711	0.0151763565	0	100	0	0	3
6640	1476	0	2.59375	0.993921927	0.993702204	0.992360646	0.995251073	0.000954855711	0.0151763565	0	100	0	0	3
6645	1477	0	2.59570312	0.993994339	0.993703367	0.992360646	0.995251073	0.000954855711	0.0151763565	0	100	0	0	3
6650	1478	0	2.59765625	0.994011231	0.99370513	0.992360646	0.995251073	0.000954855711	0.0151763565	0	100	0	0	3
6655	1479	0	2.59960938	0.993994033	0.993707163	0.992360646	0.995251073	0.000954855711	0.0151763565	0	100	0	0	3
6660	1480	0	2.6015625	0.99396764	0.99370925	0.992360646	0.995251073	0.000954855711	0.0151763565	0	100	0	0	3
6665	1481	0	2.60351562	0.993948518	0.993711383	0.992360646	0.995251073	0.000954855711	0.0151763565	0	100	0	0	3
6670	1482	0	2.60546875	0.993940632	0.993713587	0.992360646	0.995251073	0.000954855711	0.0151763565	0	100	0	0	3
6675	1483	0	2.60742188	0.993940318	0.993715793	0.992360646	0.995251073	0.000954855711	0.0151763565	0	100	0	0	3
6680	1484	0	2.609375	0.993937646	0.993717772	0.992360646	0.995251073	0.000954855711	0.0151763565	0	100	0	0	3
6685	1485	0	2.61132812	0.993724393	0.993718486	0.992360646	0.995251073	0.000954855711	0.0151763565	0	100	0	0	3
6690	1486	0	2.61328125	0.993600606	0.993718179	0.992360646	0.995251073	0.000954855711	0.0151763565	0	100	0	0	3
6695	1488	0	2.61523438	0.993534058	0.993717101	0.992360646	0.995251073	0.000954855711	0.0151763565	0	100	0	0	3
6700	1489	0	2.6171875	0.993433328	0.993715228	0.992360646	0.995251073	0.000954855711	0.0151763565	0	100	0	0	3
6705	1491	0	2.61914062	0.99328002	0.993712513	0.992360646	0.995251073	0.000954855711	0.0151763565	0	100	0	0	3
6710	1492	0	2.62109375	0.993157739	0.99370922	0.992360646	0.995251073	0.000954855711	0.0151763565	0	100	0	0	3
6715	1493	0	2.62304688	0.993087356	0.993705712	0.992360646	0.995251073	0.000954855711	0.0151763565	0	100	0	0	3
6720	1494	0	2.625	0.993044143	0.993702236	0.992360646	0.995251073	0.000954855711	0.0151763565	0	100	0	0	3
6725	1495	0	2.62695312	0.992982837	0.993698803	0.992360646	0.995251073	0.000954855711	0.0151763565	0	100	0	0	3
6730	1496	0	2.62890625	0.992885772	0.993695292	0.992360646	0.995251073	0.000954855711	0.0151763565	0	100	0	0	3
6735	1497	0	2.63085938	0.992790121	0.993691672	0.992360646	0.995251073	0.000954855711	0.0151763565	0	100	0	0	3
6740	1498	0	2.6328125	0.992712738	0.993687964	0.992360646	0.995251073	0.000954855711	0.0151763565	0	100	0	0	3
6745	1500	0	2.63476562	0.992650954	0.993684175	0.992360646	0.995251073	0.000954855711	0.0151763565	0	100	0	0	3
6750	1501	0	2.63671875	0.992624304	0.993680406	0.992360646	0.995251073	0.000954855711	0.0151763565	0	100	0	0	3
6755	1502	0	2.63867188	0.992627919	0.993676759	0.992360646	0.995251073	0.000954855711	0.0151763565	0	100	0	0	3
6760	1503	0	2.640625	0.9926523	0.993673323	0.992360646	0.995251073	0.000954855711	0.0151763565	0	100	0	0	3
6765	1504	0	2.64257812	0.992697528	0.993670204	0.992360646	0.995251073	0.000954855711	0.0151763565	0	100	0	0	3
6770	1505	0	2.64453125	0.992771641	0.993667556	0.992360646	0.995251073	0.000954855711	0.0151763565	0	100	0	0	3
6775	1506	0	2.64648438	0.992882143	0.993665556	0.992360646	0.995251073	0.000954855711	0.0151763565	0	100	0	0	3
6780	1507	0	2.6484375	0.993035804	0.993664381	0.992360646	0.995251073	0.000954855711	0.0151763565	0	100	0	0	3
6785	1509	0	2.65039062	0.993221851	0.993664114	0.992360646	0.995251073	0.000954855711	0.0151763565	0	100	0	0	3
6790	1510	0	2.65234375	0.993436126	0.993664767	0.992360646	0.995251073	0.000954855711	0.0151763565	0	100	0	0	3
6795	1511	0	2.65429688	0.99364302	0.993664667	0.992360646	0.995251073	0.000954855711	0.0151763565	0	100	0	0	3
6800	1512	0	2.65625	0.993818624	0.993664536	0.992360646	0.995251073	0.000954855711	0.0151763565	0	100	0	0	3
6805	1514	0	2.65820312	0.993943956	0.993664517	0.992360646	0.995251073	0.000954855711	0.0151763565	0	100	0	0	3
6810	1515	0	2.66015625	0.994017642	0.993664526	0.992360646	0.995251073	0.000954855711	0.0151763565	0	100	0	0	3
6815	1516	0	2.66210938	0.994043501	0.993664555	0.992360646	0.995251073	0.000954855711	0.0151763565	0	100	0	0	3
6820	1517	0	2.6640625	0.994032484	0.993664522	0.992360646	0.995251073	0.000954855711	0.0151763565	0	100	0	0	3
6825	1518	0	2.66601562	0.993998859	0.993664049	0.992360646	0.995251073	0.000954855711	0.0151763565	0	100	0	0	3
6830	1520	0	2.66796875	0.993960049	0.993662958	0.992360646	0.995251073	0.000954855711	0.0151763565	0	100	0	0	3
6835	1521	0	2.66992188	0.993922368	0.993661219	0.992360646	0.995251073	0.000954855711	0.0151763565	0	100	0	0	3
6840	1522	0	2.671875	0.99388761	0.993658812	0.992360646	0.995251073	0.000953217118	0.0151763565	0	100	0	0	3
6845	1523	0	2.67382812	0.993854907	0.993655758	0.992360646	0.995251073	0.000949400304	0.0151763565	0	100	0	0	3
6850	1524	0	2.67578125	0.99374141	0.993651809	0.992360646	0.995251073	0.000943577493	0.0151763565	0	100	0	0	3
6855	1525	0	2.67773438	0.993704441	0.993647399	0.992360646	0.995251073	0.000936051861	0.0151763565	0	100	0	0	3
6860	1526	0	2.6796875	0.993670346	0.993642741	0.992360646	0.995251073	0.000927340431	0.0151763565	0	100	0	0	3
6865	1527	0	2.68164062	0.993615116	0.993637897	0.992360646	0.995251073	0.00091797245	0.0151763565	0	100	0	0	3
6870	1528	0	2.68359375	0.993548148	0.993632878	0.992360646	0.995251073	0.000908368222	0.0151763565	0	100	0	0	3
6875	1529	0	2.68554688	0.993468969	0.993627649	0.992360646	0.995251073	0.000898686862	0.0151763565	0	100	0	0	3
6880	1530	0	2.6875	0.993389309	0.993622266	0.992360646	0.995251073	0.000888867236	0.0151763565	0	100	0	0	3
6885	1531	0	2.68945312	0.993309016	0.99361684	0.992360646	0.995251073	0.000878959564	0.0151763565	0	100	0	0	3
6890	1532	0	2.69140625	0.993233105	0.993611563	0.992360646	0.995251073	0.000869227162	0.0151763565	0	100	0	0	3
6895	1534	0	2.69335938	0.993168423	0.993606684	0.992360646	0.995251073	0.000860101664	0.0151763565	0	100	0	0	3
6900	1535	0	2.6953125	0.993120755	0.993602464	0.992360646	0.995251073	0.00085978246	0.0151763565	0	100	0	0	3
6905	1537	0	2.69726562	0.99310093	0.993599115	0.992360646	0.995251073	0.00085978246	0.0151763565	0	100	0	0	3
6910	1538	0	2.69921875	0.993110332	0.993596812	0.992360646	0.995251073	0.00085978246	0.0151763565	0	100	0	0	3
6915	1539	0	2.70117188	0.993139001	0.993595419	0.992360646	0.995251073	0.00085978246	0.0151763565	0	100	0	0	3
6920	1541	0	2.703125	0.993176689	0.993594689	0.992360646	0.995251073	0.00085978246	0.0151763565	0	100	0	0	3
6925	1542	0	2.70507812	0.993218018	0.993594378	0.992360646	0.995251073	0.00085978246	0.0151763565	0	100	0	0	3
6930	1543	0	2.70703125	0.993259091	0.993594298	0.992360646	0.995251073	0.00085978246	0.0151763565	0	100	0	0	3
6935	1544	0	2.70898438	0.993299408	0.993594344	0.992360646	0.995251073	0.00085978246	0.0151763565	0	100	0	0	3
6940	1545	0	2.7109375	0.9933433	0.993594494	0.992360646	0.995251073	0.00085978246	0.0151763565	0	100	0	0	3
6945	1546	0	2.71289062	0.993395718	0.99359473	0.992360646	0.995251073	0.00085978246	0.0151763565	0	100	0	0	3
6950	1547	0	2.71484375	0.993463404	0.993595115	0.992360646	0.995251073	0.00085978246	0.0151763565	0	100	0	0	3
6955	1548	0	2.71679688	0.993548653	0.993595771	0.992360646	0.995251073	0.00085978246	0.0151763565	0	100	0	0	3
6960	1550	0	2.71875	0.993644584	0.993595326	0.992360646	0.995251073	0.00085978246	0.0151763565	0	100	0	0	3
6965	1551	0	2.72070312	0.993735332	0.993594564	0.992360646	0.995251073	0.00085978246	0.0151763565	0	100	0	0	3
6970	1552	0	2.72265625	0.993812454	0.993593974	0.992360646	0.995251073	0.00085978246	0.0151763565	0	100	0	0	3
6975	1553	0	2.72460938	0.993867735	0.993593313	0.992360646	0.995251073	0.00085978246	0.0151763565	0	100	0	0	3
6980	1554	0	2.7265625	0.993895932	0.993592427	0.992360646	0.995251073	0.00085973925	0.0151763565	0	100	0	0	3
6985	1555	0	2.72851562	0.993898281	0.993591052	0.992360646	0.995251073	0.000858681394	0.0151763565	0	100	0	0	3
6990	1556	0	2.73046875	0.993877908	0.993589244	0.992360646	0.995251073	0.000856546984	0.0151763565	0	100	0	0	3
6995	1557	0	2.73242188	0.993839948	0.993586979	0.992360646	0.995251073	0.000853120992	0.0151763565	0	100	0	0	3
7000	1558	0	2.734375	0.99378835	0.993584063	0.992360646	0.995251073	0.000848195062	0.0151763565	0	100	0	0	3
7005	1560	0	2.73632812	0.993733549	0.993580331	0.992360646	0.995251073	0.000841643368	0.0151763565	0	100	0	0	3
7010	1561	0	2.73828125	0.993693723	0.993575754	0.992360646	0.995251073	0.000833471014	0.0151763565	0	100	0	0	3
7015	1563	0	2.74023438	0.993713759	0.99357056	0.992360646	0.995251073	0.000823901876	0.0151763565	0	100	0	0	3
7020	1564	0	2.7421875	0.993704638	0.993564787	0.992360646	0.995251073	0.000813331082	0.0151763565	0	100	0	0	3
7025	1565	0	2.74414062	0.993741664	0.993558891	0.992360646	0.995247698	0.000802205833	0.0151763565	0	100	0	0	3
7030	1566	0	2.74609375	0.99377122	0.993553124	0.992360646	0.995202874	0.000790866663	0.0151763565	0	100	0	0	3
7035	1567	0	2.74804688	0.993751381	0.993547454	0.992360646	0.995146652	0.000779523037	0.0151763565	0	100	0	0	3
7040	1568	0	2.75	0.993700834	0.993541806	0.992360646	0.995090194	0.000768310381	0.0151763565	0	100	0	0	3
7045	1569	0	2.75195312	0.993645595	0.993536163	0.992360646	0.995019524	0.000757383542	0.0151763565	0	100	0	0	3
7050	1570	0	2.75390625	0.993596297	0.993530608	0.992360646	0.995019524	0.000746996751	0.0151763565	0	100	0	0	3
7055	1571	0	2.75585938	0.99355988	0.993525333	0.992360646	0.995019524	0.00073750348	0.0151763565	0	100	0	0	3
7060	1572	0	2.7578125	0.993534301	0.993520592	0.992360646	0.995019524	0.000729294834	0.0151763565	0	100	0	0	3
7065	1573	0	2.75976562	0.993526984	0.993516732	0.992360646	0.995019524	0.00072159829	0.0151763565	0	100	0	0	3
7070	1574	0	2.76171875	0.993539653	0.993514038	0.992360646	0.995019524	0.000715292263	0.0151763565	0	100	0	0	3
7075	1576	0	2.76367188	0.993572465	0.993512734	0.992360646	0.995019524	0.000709900424	0.0151763565	0	100	0	0	3
7080	1577	0	2.765625	0.993623949	0.993512782	0.992360646	0.995019524	0.000704912957	0.0151763565	0	100	0	0	3
7085	1578	0	2.76757812	0.993684856	0.99351396	0.992360646	0.995019524	0.000700509541	0.0151763565	0	100	0	0	3
7090	1579	0	2.76953125	0.993738598	0.993515935	0.992360646	0.995019524	0.00069693591	0.0151763565	0	100	0	0	3
7095	1580	0	2.77148438	0.993774031	0.993518321	0.992360646	0.995019524	0.000694158207	0.0151763565	0	100	0	0	3
7100	1581	0	2.7734375	0.993794272	0.993520773	0.992360646	0.995019524	0.000691926448	0.0151763565	0	100	0	0	3
7105	1584	0	2.77539062	0.993795682	0.993523037	0.992360646	0.995019524	0.000690133171	0.0151763565	0	100	0	0	3
7110	1585	0	2.77734375	0.993774872	0.993525016	0.992360646	0.995019524	0.000688614466	0.0151763565	0	100	0	0	3
7115	1586	0	2.77929688	0.993739835	0.993526768	0.992360646	0.995019524	0.000687201586	0.0151763565	0	100	0	0	3
7120	1587	0	2.78125	0.99370628	0.993528441	0.992360646	0.995019524	0.000685637113	0.0151763565	0	100	0	0	3
7125	1588	0	2.78320312	0.993682517	0.9935301	0.992360646	0.995019524	0.000681986659	0.0151763565	0	100	0	0	3
7130	1589	0	2.78515625	0.993673586	0.993530075	0.992360646	0.995019524	0.000677253379	0.0151763565	0	100	0	0	3
7135	1590	0	2.78710938	0.993675307	0.993529577	0.992360646	0.995019524	0.000671733433	0.0151763565	0	100	0	0	3
7140	1591	0	2.7890625	0.99368371	0.993529062	0.992360646	0.995019524	0.000665024007	0.0151763565	0	100	0	0	3
7145	1593	0	2.79101562	0.99369141	0.99352817	0.992360646	0.995019524	0.000656840741	0.0151763565	0	100	0	0	3
7150	1594	0	2.79296875	0.993692925	0.993526531	0.992360646	0.995019524	0.000647748687	0.0151763565	0	100	0	0	3
7155	1595	0	2.79492188	0.993682376	0.993524471	0.992360646	0.995019524	0.000638263362	0.0151763565	0	100	0	0	3
7160	1596	0	2.796875	0.993658024	0.993522109	0.992360646	0.995019524	0.000628750416	0.0151763565	0	100	0	0	3
7165	1597	0	2.79882812	0.993625768	0.993519373	0.992360646	0.995019524	0.000619267112	0.0151763565	0	100	0	0	3
7170	1598	0	2.80078125	0.9935876	0.993516006	0.992360646	0.995019524	0.000609719779	0.0151763565	0	100	0	0	3
7175	1599	0	2.80273438	0.99355555	0.993511845	0.992360646	0.995019524	0.000600141281	0.0151763565	0	100	0	0	3
7180	1600	0	2.8046875	0.993536624	0.993506964	0.992360646	0.995019524	0.000590641352	0.0151763565	0	100	0	0	3
7185	1601	0	2.80664062	0.993638828	0.993502001	0.992360646	0.995019524	0.000581323239	0.0151763565	0	100	0	0	3
7190	1603	0	2.80859375	0.993697496	0.993496965	0.992360646	0.995019524	0.000572298123	0.0151763565	0	100	0	0	3
7195	1604	0	2.81054688	0.993781261	0.993492128	0.992360646	0.995015022	0.000563670929	0.0151763565	0	100	0	0	3
7200	1605	0	2.8125	0.993840987	0.993487542	0.992360646	0.994980106	0.000555548468	0.0151763565	0	100	0	0	3
7205	1607	0	2.81445312	0.993870372	0.993483207	0.992360646	0.994923314	0.000548028286	0.0151763565	0	100	0	0	3
7210	1608	0	2.81640625	0.9938996	0.993479208	0.992360646	0.99484164	0.00054123202	0.0151763565	0	100	0	0	3
7215	1609	0	2.81835938	0.993924822	0.993475626	0.992360646	0.994716151	0.000535355424	0.0151763565	0	100	0	0	3
7220	1610	0	2.8203125	0.993942416	0.993472604	0.992360646	0.994546087	0.000530557933	0.0151763565	0	100	0	0	3
7225	1611	0	2.82226562	0.99397399	0.993470369	0.992360646	0.994377175	0.000526954221	0.0151763565	0	100	0	0	3
7230	1613	0	2.82421875	0.994010322	0.99346912	0.992360646	0.994377175	0.000524560833	0.0151763565	0	100	0	0	3
7235	1614	0	2.82617188	0.994045795	0.993468964	0.992360646	0.994377175	0.0005206936	0.0151763565	0	100	0	0	3
7240	1615	0	2.828125	0.994087593	0.993469951	0.992360646	0.994377175	0.000516879573	0.0151763565	0	100	0	0	3
7245	1616	0	2.83007812	0.994136055	0.993472044	0.992360646	0.994377175	0.000512228318	0.0151763565	0	100	0	0	3
7250	1617	0	2.83203125	0.994182908	0.993475096	0.992360646	0.994377175	0.000506845217	0.0151763565	0	100	0	0	3
7255	1618	0	2.83398438	0.994219463	0.993478909	0.992360646	0.994377175	0.00050132846	0.0151763565	0	100	0	0	3
7260	1619	0	2.8359375	0.994241627	0.993483139	0.992360646	0.994377175	0.000496168694	0.0151763565	0	100	0	0	3
7265	1620	0	2.83789062	0.994249575	0.993487465	0.992360646	0.994377175	0.000491437268	0.0151763565	0	100	0	0	3
7270	1622	0	2.83984375	0.994232658	0.993491639	0.992360646	0.994377175	0.000486730656	0.0151763565	0	100	0	0	3
7275	1623	0	2.84179688	0.994180365	0.993495523	0.992360646	0.994377175	0.000481722178	0.0151763565	0	100	0	0	3
7280	1624	0	2.84375	0.994093104	0.99349899	0.992360646	0.994377175	0.000475885771	0.0151763565	0	100	0	0	3
7285	1625	0	2.84570312	0.993988354	0.993501887	0.992360646	0.994377175	0.000468770475	0.0151763565	0	100	0	0	3
7290	1626	0	2.84765625	0.993878831	0.993504138	0.992360646	0.994377175	0.000459584636	0.0151763565	0	100	0	0	3
7295	1627	0	2.84960938	0.993779629	0.993505365	0.992360646	0.994377175	0.000448291906	0.0151763565	0	100	0	0	3
7300	1629	0	2.8515625	0.993701598	0.993505795	0.992360646	0.994377175	0.000435536392	0.0151763565	0	100	0	0	3
7305	1631	0	2.85351562	0.993642266	0.993505959	0.992360646	0.994377175	0.000421339961	0.0151763565	0	100	0	0	3
7310	1632	0	2.85546875	0.993602786	0.993505702	0.992360646	0.994377175	0.000406012987	0.0151763565	0	100	0	0	3
7315	1633	0	2.85742188	0.993575845	0.993505019	0.992360646	0.994377175	0.000390203816	0.0151763565	0	100	0	0	3
7320	1634	0	2.859375	0.99356157	0.993504034	0.992360646	0.994377175	0.00037459831	0.0151763565	0	100	0	0	3
7325	1636	0	2.86132812	0.99355308	0.993502774	0.992360646	0.994377175	0.000359906992	0.0151763565	0	100	0	0	3
7330	1637	0	2.86328125	0.993546629	0.993501208	0.992360646	0.994377175	0.000346830053	0.0151763565	0	100	0	0	3
7335	1638	0	2.86523438	0.99354041	0.993499272	0.992360646	0.994377175	0.000335876343	0.0151763565	0	100	0	0	3
7340	1639	0	2.8671875	0.993535017	0.993496925	0.992360646	0.994377175	0.000327091358	0.0151763565	0	100	0	0	3
7345	1640	0	2.86914062	0.993533295	0.993494195	0.992360646	0.994377175	0.000320603006	0.0151763565	0	100	0	0	3
7350	1641	0	2.87109375	0.993681028	0.993491758	0.992360646	0.994377175	0.000316257726	0.0151763565	0	100	0	0	3
7355	1643	0	2.87304688	0.993701402	0.993489217	0.992360646	0.994377175	0.000314527077	0.0151763565	0	100	0	0	3
7360	1644	0	2.875	0.993762685	0.993486816	0.992360646	0.994376765	0.000314527077	0.0151763565	0	100	0	0	3
7365	1645	0	2.87695312	0.993808151	0.993484595	0.992360646	0.994350511	0.000314527077	0.0151763565	0	100	0	0	3
7370	1646	0	2.87890625	0.993869354	0.993482716	0.992360646	0.994302532	0.000314527077	0.0151763565	0	100	0	0	3
7375	1647	0	2.88085938	0.993936152	0.993481284	0.992360646	0.994249575	0.000314527077	0.0151763565	0	100	0	0	3
7380	1648	0	2.8828125	0.993999967	0.993480368	0.992360646	0.994249575	0.000314527077	0.0151763565	0	100	0	0	3
7385	1650	0	2.88476562	0.994041519	0.993479941	0.992360646	0.994249575	0.000314527077	0.0151763565	0	100	0	0	3
7390	1651	0	2.88671875	0.994089794	0.993480092	0.992360646	0.994249575	0.000314527077	0.0151763565	0	100	0	0	3
7395	1652	0	2.88867188	0.994150053	0.993480909	0.992360646	0.994249575	0.000314527077	0.0151763565	0	100	0	0	3
7400	1653	0	2.890625	0.994215861	0.993482455	0.992360646	0.994249575	0.000313549263	0.0151763565	0	100	0	0	3
7405	1655	0	2.89257812	0.99427776	0.993484767	0.992360646	0.99427776	0.000312097744	0.0151763565	0	100	0	0	3
7410	1656	0	2.89453125	0.994330894	0.993487854	0.992360646	0.994330894	0.000310344412	0.0151763565	0	100	0	0	3
7415	1658	0	2.89648438	0.994368296	0.993491604	0.992360646	0.994368296	0.000307471622	0.0151763565	0	100	0	0	3
7420	1659	0	2.8984375	0.994386705	0.993495842	0.992360646	0.994386705	0.000307325355	0.0151763565	0	100	0	0	3
7425	1660	0	2.90039062	0.994386749	0.993500376	0.992360646	0.994386749	0.000307325355	0.0151763565	0	100	0	0	3
7430	1661	0	2.90234375	0.994373379	0.993505016	0.992360646	0.994386749	0.000307325355	0.0151763565	0	100	0	0	3
7435	1662	0	2.90429688	0.994348345	0.993509561	0.992360646	0.994386749	0.000307325355	0.0151763565	0	100	0	0	3
7440	1663	0	2.90625	0.994308099	0.993513824	0.992360646	0.994386749	0.000307325355	0.0151763565	0	100	0	0	3
7445	1665	0	2.90820312	0.994249951	0.993517651	0.992360646	0.994386749	0.000307325355	0.0151763565	0	100	0	0	3
7450	1666	0	2.91015625	0.994173209	0.993520946	0.992360646	0.994386749	0.000307325355	0.0151763565	0	100	0	0	3
7455	1667	0	2.91210938	0.994076402	0.993523627	0.992360646	0.994386749	0.000307325355	0.0151763565	0	100	0	0	3
7460	1668	0	2.9140625	0.993960324	0.993525919	0.992360646	0.994386749	0.000307325355	0.0151763565	0	100	0	0	3
7465	1669	0	2.91601562	0.993825988	0.993527431	0.992360646	0.994386749	0.000307325355	0.0151763565	0	100	0	0	3
7470	1670	0	2.91796875	0.993693617	0.993528549	0.992360646	0.994386749	0.000307325355	0.0151763565	0	100	0	0	3
7475	1671	0	2.91992188	0.993583249	0.993529489	0.992360646	0.994386749	0.000307325355	0.0151763565	0	100	0	0	3
7480	1673	0	2.921875	0.993507962	0.993530173	0.992360646	0.994386749	0.000307325355	0.0151763565	0	100	0	0	3
7485	1674	0	2.92382812	0.993470712	0.993530525	0.992360646	0.994386749	0.000307325355	0.0151763565	0	100	0	0	3
7490	1675	0	2.92578125	0.993463568	0.993530575	0.992360646	0.994386749	0.000307325355	0.0151763565	0	100	0	0	3
7495	1676	0	2.92773438	0.993474285	0.993530368	0.992360646	0.994386749	0.000307325355	0.0151763565	0	100	0	0	3
7500	1677	0	2.9296875	0.993493408	0.993530003	0.992360646	0.994386749	0.000307325355	0.0151763565	0	100	0	0	3
7505	1679	0	2.93164062	0.99351414	0.99352961	0.992360646	0.994386749	0.000307325355	0.0151763565	0	100	0	0	3
7510	1681	0	2.93359375	0.993542382	0.993529328	0.992360646	0.994386749	0.000307325355	0.0151763565	0	100	0	0	3
7515	1682	0	2.93554688	0.993573465	0.99352925	0.992360646	0.994386749	0.000307325355	0.0151763565	0	100	0	0	3
7520	1683	0	2.9375	0.993715977	0.993529867	0.992360646	0.994386749	0.000307325355	0.0151763565	0	100	0	0	3
7525	1684	0	2.93945312	0.993774148	0.993530886	0.992360646	0.994386749	0.000307325355	0.0151763565	0	100	0	0	3
7530	1685	0	2.94140625	0.993773342	0.993532115	0.992360646	0.994386749	0.000307325355	0.0151763565	0	100	0	0	3
7535	1686	0	2.94335938	0.993809234	0.99353371	0.992360646	0.994386749	0.000307325355	0.0151763565	0	100	0	0	3
7540	1687	0	2.9453125	0.993887564	0.993535823	0.992360646	0.994386749	0.000307325355	0.0151763565	0	100	0	0	3
7545	1688	0	2.94726562	0.993943171	0.99353832	0.992360646	0.994386749	0.000307325355	0.0151763565	0	100	0	0	3
7550	1690	0	2.94921875	0.9939746	0.993541021	0.992360646	0.994386749	0.000307325355	0.0151763565	0	100	0	0	3
7555	1691	0	2.95117188	0.994014731	0.993543872	0.992360646	0.994386749	0.000307325355	0.0151763565	0	100	0	0	3
7560	1692	0	2.953125	0.994073048	0.993546888	0.992360646	0.994386749	0.000307325355	0.0151763565	0	100	0	0	3
7565	1693	0	2.95507812	0.99413468	0.993550063	0.992360646	0.994386749	0.000307325355	0.0151763565	0	100	0	0	3
7570	1694	0	2.95703125	0.994195757	0.993553386	0.992360646	0.994386749	0.000307325355	0.0151763565	0	100	0	0	3
7575	1695	0	2.95898438	0.994248033	0.993556836	0.992360646	0.994386749	0.000307325355	0.0151763565	0	100	0	0	3
7580	1697	0	2.9609375	0.994285727	0.993560372	0.992360646	0.994386749	0.000307325355	0.0151763565	0	100	0	0	3
7585	1698	0	2.96289062	0.994306953	0.993563942	0.992360646	0.994386749	0.000307325355	0.0151763565	0	100	0	0	3
7590	1699	0	2.96484375	0.994309856	0.993567476	0.992360646	0.994386749	0.000307325355	0.0151763565	0	100	0	0	3
7595	1700	0	2.96679688	0.994295618	0.993570893	0.992360646	0.994386749	0.000307325355	0.0151763565	0	100	0	0	3
7600	1701	0	2.96875	0.994265699	0.993574107	0.992360646	0.994386749	0.000307325355	0.0151763565	0	100	0	0	3
7605	1703	0	2.97070312	0.994222252	0.993577031	0.992360646	0.994386749	0.000307325355	0.0151763565	0	100	0	0	3
7610	1705	0	2.97265625	0.994169184	0.993579599	0.992360646	0.994386749	0.000307325355	0.0151763565	0	100	0	0	3
7615	1706	0	2.97460938	0.994105556	0.993581756	0.992360646	0.994386749	0.000307325355	0.0151763565	0	100	0	0	3
7620	1707	0	2.9765625	0.994029578	0.993583471	0.992360646	0.994386749	0.000307325355	0.0151763565	0	100	0	0	3
7625	1708	0	2.97851562	0.993944136	0.993584751	0.992360646	0.994386749	0.000307325355	0.0151763565	0	100	0	0	3
7630	1709	0	2.98046875	0.993849731	0.993586258	0.992360646	0.994386749	0.000307325355	0.0151763565	0	100	0	0	3
7635	1710	0	2.98242188	0.993746415	0.993587598	0.992360646	0.994386749	0.000307325355	0.0151763565	0	100	0	0	3
7640	1711	0	2.984375	0.99363995	0.993589149	0.992360646	0.994386749	0.000307325355	0.0151763565	0	100	0	0	3
7645	1712	0	2.98632812	0.993552426	0.993590894	0.992360646	0.994386749	0.000307325355	0.0151763565	0	100	0	0	3
7650	1714	0	2.98828125	0.993499765	0.993592454	0.992360646	0.994386749	0.000307325355	0.0151763565	0	100	0	0	3
7655	1715	0	2.99023438	0.993480903	0.993593718	0.992360646	0.994386749	0.000307325355	0.0151763565	0	100	0	0	3
7660	1716	0	2.9921875	0.993484752	0.993594746	0.992360646	0.994386749	0.000307325355	0.0151763565	0	100	0	0	3
7665	1717	0	2.99414062	0.993499541	0.993595688	0.992360646	0.994386749	0.000307325355	0.0151763565	0	100	0	0	3
7670	1718	0	2.99609375	0.993522003	0.993596747	0.992360646	0.994386749	0.000307325355	0.0151763565	0	100	0	0	3
7675	1719	0	2.99804688	0.993552941	0.993598193	0.992360646	0.994386749	0.000305005658	0.0151763565	0	100	0	0	3
7680	1721	0	3	0.993587794	0.993600179	0.992360646	0.994386749	0.000300047868	0.0151763565	0	100	0	0	3
7685	1722	0	3.00195312	0.993656157	0.993602868	0.992360646	0.994386749	0.000294898444	0.0151763565	0	100	0	0	3
7690	1723	0	3.00390625	0.993685028	0.993606095	0.992360646	0.994386749	0.000294898444	0.0151763565	0	100	0	0	3
7695	1724	0	3.00585938	0.99369552	0.993609761	0.992360646	0.994386749	0.000294898444	0.0151763565	0	100	0	0	3
7700	1725	0	3.0078125	0.993732423	0.993613922	0.992360646	0.994386749	0.000294898444	0.0151763565	0	100	0	0	3
7705	1728	0	3.00976562	0.993785906	0.993618552	0.992360646	0.994386749	0.000294898444	0.0151763565	0	100	0	0	3
7710	1729	0	3.01171875	0.993822625	0.993623445	0.992360646	0.994386749	0.000294898444	0.0151763565	0	100	0	0	3
7715	1730	0	3.01367188	0.993848552	0.993628386	0.992360646	0.994386749	0.000294898444	0.0151763565	0	100	0	0	3
7720	1732	0	3.015625	0.993879311	0.993633185	0.992360646	0.994386749	0.000294898444	0.0151763565	0	100	0	0	3
7725	1733	0	3.01757812	0.993921644	0.993637687	0.992360646	0.994386749	0.000294898444	0.0151763565	0	100	0	0	3
7730	1734	0	3.01953125	0.993969712	0.993641763	0.992360646	0.994386749	0.000294898444	0.0151763565	0	100	0	0	3
7735	1735	0	3.02148438	0.99400941	0.993645294	0.992360646	0.994386749	0.000294898444	0.0151763565	0	100	0	0	3
7740	1736	0	3.0234375	0.99403727	0.993648234	0.992360646	0.994386749	0.000294898444	0.0151763565	0	100	0	0	3
7745	1738	0	3.02539062	0.994053104	0.993650591	0.992360646	0.994386749	0.000294898444	0.0151763565	0	100	0	0	3
7750	1739	0	3.02734375	0.99405655	0.99365243	0.992360646	0.994386749	0.000294898444	0.0151763565	0	100	0	0	3
7755	1740	0	3.02929688	0.994048747	0.993653855	0.992360646	0.994386749	0.000294898444	0.0151763565	0	100	0	0	3
7760	1741	0	3.03125	0.994032216	0.993654986	0.992360646	0.994386749	0.000294898444	0.0151763565	0	100	0	0	3
7765	1742	0	3.03320312	0.994008936	0.993655926	0.992360646	0.994386749	0.000294898444	0.0151763565	0	100	0	0	3
7770	1743	0	3.03515625	0.993980536	0.993656721	0.992360646	0.994386749	0.000294898444	0.0151763565	0	100	0	0	3
7775	1744	0	3.03710938	0.993947813	0.993657365	0.992360646	0.994386749	0.000294898444	0.0151763565	0	100	0	0	3
7780	1746	0	3.0390625	0.99391138	0.993657818	0.992360646	0.994386749	0.000294898444	0.0151763565	0	100	0	0	3
7785	1747	0	3.04101562	0.993871066	0.993658041	0.992360646	0.994386749	0.000294898444	0.0151763565	0	100	0	0	3
7790	1748	0	3.04296875	0.993826523	0.993657997	0.992360646	0.994386749	0.000294898444	0.0151763565	0	100	0	0	3
7795	1749	0	3.04492188	0.99377711	0.993658681	0.992360646	0.994386749	0.000294898444	0.0151763565	0	100	0	0	3
7800	1750	0	3.046875	0.993720066	0.993659167	0.992360646	0.994386749	0.000294898444	0.0151763565	0	100	0	0	3
7805	1753	0	3.04882812	0.993656655	0.993659885	0.992360646	0.994386749	0.000294898444	0.0151763565	0	100	0	0	3
7810	1754	0	3.05078125	0.993595235	0.993660996	0.992360646	0.994386749	0.000294898444	0.0151763565	0	100	0	0	3
7815	1755	0	3.05273438	0.993546919	0.993662287	0.992360646	0.994386749	0.000294898444	0.0151763565	0	100	0	0	3
7820	1756	0	3.0546875	0.993520519	0.993663829	0.992360646	0.994386749	0.000294898444	0.0151763565	0	100	0	0	3
7825	1757	0	3.05664062	0.993518406	0.993665626	0.992360646	0.994386749	0.000294898444	0.0151763565	0	100	0	0	3
7830	1759	0	3.05859375	0.993535488	0.993667606	0.992360646	0.994386749	0.00029450471	0.0151763565	0	100	0	0	3
7835	1760	0	3.06054688	0.99356234	0.993669771	0.992360646	0.994386749	0.000293053852	0.0151763565	0	100	0	0	3
7840	1761	0	3.0625	0.993589527	0.99367228	0.992360646	0.994386749	0.000290319539	0.0151763565	0	100	0	0	3
7845	1762	0	3.06445312	0.993609951	0.993675273	0.992360646	0.994386749	0.00028615936	0.0151763565	0	100	0	0	3
7850	1763	0	3.06640625	0.993603199	0.993678724	0.992360646	0.994386749	0.000280676005	0.0151763565	0	100	0	0	3
7855	1765	0	3.06835938	0.993616127	0.993682691	0.992360646	0.994386749	0.000274182282	0.0151763565	0	100	0	0	3
7860	1766	0	3.0703125	0.993610887	0.993687014	0.992360646	0.994386749	0.000267065316	0.0151763565	0	100	0	0	3
7865	1767	0	3.07226562	0.993599363	0.993691578	0.992360646	0.994386749	0.000259749746	0.0151763565	0	100	0	0	3
7870	1768	0	3.07421875	0.993589586	0.993696301	0.992360646	0.994386749	0.000252688006	0.0151763565	0	100	0	0	3
7875	1769	0	3.07617188	0.993592709	0.993701114	0.99238537	0.994386749	0.000249522021	0.0151763565	0	100	0	0	3
7880	1770	0	3.078125	0.993614704	0.993705916	0.992467923	0.994386749	0.000249522021	0.0151763565	0	100	0	0	3
7885	1772	0	3.08007812	0.993648943	0.99371053	0.992613438	0.994386749	0.000249522021	0.0151763565	0	100	0	0	3
7890	1773	0	3.08203125	0.993679251	0.993714693	0.992624304	0.994386749	0.000249522021	0.0151763565	0	100	0	0	3
7895	1774	0	3.08398438	0.993699014	0.993718103	0.992624304	0.994386749	0.000249522021	0.0151763565	0	100	0	0	3
7900	1775	0	3.0859375	0.993707272	0.99372056	0.992624304	0.994386749	0.000251596145	0.0151763565	0	100	0	0	3
7905	1778	0	3.08789062	0.993705917	0.993721986	0.992624304	0.994386749	0.000253021605	0.0151763565	0	100	0	0	3
7910	1779	0	3.08984375	0.99369592	0.99372243	0.992624304	0.994386749	0.000253465705	0.0151763565	0	100	0	0	3
7915	1780	0	3.09179688	0.993678208	0.99372202	0.992624304	0.994386749	0.000253465705	0.0151763565	0	100	0	0	3
7920	1781	0	3.09375	0.993655201	0.993720978	0.992624304	0.994386749	0.000253465705	0.0151763565	0	100	0	0	3
7925	1782	0	3.09570312	0.993629274	0.993719552	0.992624304	0.994386749	0.000253465705	0.0151763565	0	100	0	0	3
7930	1783	0	3.09765625	0.993606517	0.993717971	0.992624304	0.994386749	0.000253465705	0.0151763565	0	100	0	0	3
7935	1784	0	3.09960938	0.993591192	0.993716397	0.992624304	0.994386749	0.000253465705	0.0151763565	0	100	0	0	3
7940	1786	0	3.1015625	0.99358416	0.993714899	0.992624304	0.994386749	0.000253465705	0.0151763565	0	100	0	0	3
7945	1787	0	3.10351562	0.993584186	0.993713476	0.992624304	0.994386749	0.000253465705	0.0151763565	0	100	0	0	3
7950	1788	0	3.10546875	0.993587844	0.993712098	0.992624304	0.994386749	0.000253465705	0.0151763565	0	100	0	0	3
7955	1789	0	3.10742188	0.993591792	0.993710736	0.992624304	0.994386749	0.000253465705	0.0151763565	0	100	0	0	3
7960	1790	0	3.109375	0.993593761	0.993709393	0.992624304	0.994386749	0.000253465705	0.0151763565	0	100	0	0	3
7965	1792	0	3.11132812	0.99359295	0.99370888	0.992624304	0.994386749	0.000253465705	0.0151763565	0	100	0	0	3
7970	1793	0	3.11328125	0.993589944	0.993708838	0.992624304	0.994386749	0.000253465705	0.0151763565	0	100	0	0	3
7975	1794	0	3.11523438	0.993586389	0.993709043	0.992624304	0.994386749	0.000253465705	0.0151763565	0	100	0	0	3
7980	1795	0	3.1171875	0.993584411	0.993709633	0.992624304	0.994386749	0.000253465705	0.0151763565	0	100	0	0	3
7985	1796	0	3.11914062	0.993586435	0.99371083	0.992624304	0.994386749	0.000253465705	0.0151763565	0	100	0	0	3
7990	1798	0	3.12109375	0.993593719	0.993712533	0.992624304	0.994386749	0.000253465705	0.0151763565	0	100	0	0	3
7995	1799	0	3.12304688	0.993606413	0.99371456	0.992624304	0.994386749	0.000253465705	0.0151763565	0	100	0	0	3
8000	1800	0	3.125	0.993622172	0.993716818	0.992624304	0.994386749	0.000253465705	0.0151763565	0	100	0	0	3
8005	1802	0	3.12695312	0.99363881	0.993719381	0.992624304	0.994386749	0.000253465705	0.0151763565	0	100	0	0	3
8010	1803	0	3.12890625	0.993653178	0.993722378	0.992624304	0.994386749	0.000253465705	0.0151763565	0	100	0	0	3
8015	1805	0	3.13085938	0.993663373	0.993725789	0.992624304	0.994386749	0.000256825182	0.0151763565	0	100	0	0	3
8020	1806	0	3.1328125	0.993621974	0.993729341	0.992624304	0.994386749	0.000260376886	0.0151763565	0	100	0	0	3
8025	1807	0	3.13476562	0.993624333	0.993733143	0.992624304	0.994386749	0.000264179146	0.0151763565	0	100	0	0	3
8030	1809	0	3.13671875	0.993573736	0.993736852	0.992627919	0.994386749	0.000267887863	0.0151763565	0	100	0	0	3
8035	1810	0	3.13867188	0.993531221	0.993740381	0.9926523	0.994386749	0.00027141639	0.0151763565	0	100	0	0	3
8040	1811	0	3.140625	0.993498437	0.993743686	0.992697528	0.994386749	0.000274721613	0.0151763565	0	100	0	0	3
8045	1812	0	3.14257812	0.993491206	0.993746786	0.992771641	0.994386749	0.000277821917	0.0151763565	0	100	0	0	3
8050	1814	0	3.14453125	0.993504148	0.993749647	0.992882143	0.994386749	0.000280683273	0.0151763565	0	100	0	0	3
8055	1815	0	3.14648438	0.993519145	0.993752136	0.993035804	0.994386749	0.000283171565	0.0151763565	0	100	0	0	3
8060	1816	0	3.1484375	0.993521815	0.993754034	0.99310093	0.994386749	0.000285070045	0.0151763565	0	100	0	0	3
8065	1817	0	3.15039062	0.993503381	0.993755134	0.99310093	0.994386749	0.000286169772	0.0151763565	0	100	0	0	3
8070	1818	0	3.15234375	0.993468946	0.993755262	0.99310093	0.994386749	0.000286297975	0.0151763565	0	100	0	0	3
8075	1820	0	3.15429688	0.993431786	0.993754437	0.99310093	0.994386749	0.000286297975	0.0151763565	0	100	0	0	3
8080	1821	0	3.15625	0.993397703	0.993752793	0.99310093	0.994386749	0.000286297975	0.0151763565	0	100	0	0	3
8085	1822	0	3.15820312	0.993365899	0.993750535	0.99310093	0.994386749	0.000286297975	0.0151763565	0	100	0	0	3
8090	1823	0	3.16015625	0.993336953	0.993747876	0.99310093	0.994386749	0.000286297975	0.0151763565	0	100	0	0	3
8095	1825	0	3.16210938	0.993316327	0.993745035	0.99310093	0.994386749	0.000286297975	0.0151763565	0	100	0	0	3
8100	1826	0	3.1640625	0.993309199	0.99374221	0.99310093	0.994386749	0.000286297975	0.0151763565	0	100	0	0	3
8105	1828	0	3.16601562	0.993317204	0.993739547	0.99310093	0.994386749	0.000286297975	0.0151763565	0	100	0	0	3
8110	1829	0	3.16796875	0.993340475	0.993737127	0.99310093	0.994386749	0.000286297975	0.0151763565	0	100	0	0	3
8115	1830	0	3.16992188	0.993378068	0.993735001	0.99310093	0.994386749	0.000286297975	0.0151763565	0	100	0	0	3
8120	1832	0	3.171875	0.993425856	0.993733197	0.99310093	0.994386749	0.000286297975	0.0151763565	0	100	0	0	3
8125	1833	0	3.17382812	0.993479744	0.993731732	0.99310093	0.994386749	0.000286297975	0.0151763565	0	100	0	0	3
8130	1834	0	3.17578125	0.993534854	0.993730925	0.99310093	0.994386749	0.000286297975	0.0151763565	0	100	0	0	3
8135	1836	0	3.17773438	0.993583608	0.993730453	0.99310093	0.994386749	0.000286297975	0.0151763565	0	100	0	0	3
8140	1837	0	3.1796875	0.993621112	0.99373026	0.99310093	0.994386749	0.000286297975	0.0151763565	0	100	0	0	3
8145	1838	0	3.18164062	0.993647555	0.993730387	0.99310093	0.994386749	0.000286297975	0.0151763565	0	100	0	0	3
8150	1839	0	3.18359375	0.993663942	0.99373084	0.99310093	0.994386749	0.000286297975	0.0151763565	0	100	0	0	3
8155	1840	0	3.18554688	0.993673634	0.993731639	0.99310093	0.994386749	0.000286297975	0.0151763565	0	100	0	0	3
8160	1842	0	3.1875	0.993680318	0.993732776	0.99310093	0.994386749	0.000286297975	0.0151763565	0	100	0	0	3
8165	1843	0	3.18945312	0.9936865	0.99373425	0.99310093	0.994386749	0.000286297975	0.0151763565	0	100	0	0	3
8170	1844	0	3.19140625	0.993691985	0.993736043	0.99310093	0.994386749	0.000286297975	0.0151763565	0	100	0	0	3
8175	1845	0	3.19335938	0.993697181	0.993738108	0.99310093	0.994386749	0.000286297975	0.0151763565	0	100	0	0	3
8180	1847	0	3.1953125	0.993701253	0.993740376	0.99310093	0.994386749	0.000286297975	0.0151763565	0	100	0	0	3
8185	1848	0	3.19726562	0.993616096	0.993742388	0.993110332	0.994386749	0.000286297975	0.0151763565	0	100	0	0	3
8190	1849	0	3.19921875	0.993649858	0.993744496	0.993139001	0.994386749	0.000286297975	0.0151763565	0	100	0	0	3
8195	1850	0	3.20117188	0.993605861	0.993746319	0.993176689	0.994386749	0.000286297975	0.0151763565	0	100	0	0	3
8200	1852	0	3.203125	0.993560035	0.993747817	0.993218018	0.994386749	0.000286297975	0.0151763565	0	100	0	0	3
8205	1854	0	3.20507812	0.993510349	0.993748959	0.993259091	0.994386749	0.000286297975	0.0151763565	0	100	0	0	3
8210	1855	0	3.20703125	0.993450575	0.993749707	0.993299408	0.994386749	0.000286297975	0.0151763565	0	100	0	0	3
8215	1856	0	3.20898438	0.993427791	0.993750208	0.993309199	0.994386749	0.000286297975	0.0151763565	0	100	0	0	3
8220	1858	0	3.2109375	0.993435154	0.993750567	0.993309199	0.994386749	0.000286297975	0.0151763565	0	100	0	0	3
8225	1859	0	3.21289062	0.993436536	0.993750726	0.993309199	0.994386749	0.000286297975	0.0151763565	0	100	0	0	3
8230	1860	0	3.21484375	0.993415892	0.993750541	0.993309199	0.994386749	0.000286297975	0.0151763565	0	100	0	0	3
8235	1861	0	3.21679688	0.993373837	0.993749858	0.993309199	0.994386749	0.000286297975	0.0151763565	0	100	0	0	3
8240	1862	0	3.21875	0.993326411	0.993748615	0.993309199	0.994386749	0.000286297975	0.0151763565	0	100	0	0	3
8245	1864	0	3.22070312	0.99328892	0.993746871	0.99328892	0.994386749	0.000286297975	0.0151763565	0	100	0	0	3
8250	1865	0	3.22265625	0.993263107	0.993744725	0.993263107	0.994386749	0.000286297975	0.0151763565	0	100	0	0	3
8255	1866	0	3.22460938	0.993243612	0.993742287	0.993243612	0.994386749	0.000286297975	0.0151763565	0	100	0	0	3
8260	1867	0	3.2265625	0.993230045	0.993739686	0.993230045	0.994386749	0.000286297975	0.0151763565	0	100	0	0	3
8265	1869	0	3.22851562	0.993227456	0.993737066	0.993227456	0.994386749	0.000286297975	0.0151763565	0	100	0	0	3
8270	1870	0	3.23046875	0.993239882	0.993734574	0.993227456	0.994386749	0.000286297975	0.0151763565	0	100	0	0	3
8275	1871	0	3.23242188	0.993268082	0.99373234	0.993227456	0.994386749	0.000286297975	0.0151763565	0	100	0	0	3
8280	1872	0	3.234375	0.99331145	0.993730477	0.993227456	0.994386749	0.000286297975	0.0151763565	0	100	0	0	3
8285	1874	0	3.23632812	0.993369537	0.993729055	0.993227456	0.994386749	0.000286297975	0.0151763565	0	100	0	0	3
8290	1875	0	3.23828125	0.993438968	0.99372806	0.993227456	0.994386749	0.000286297975	0.0151763565	0	100	0	0	3
8295	1876	0	3.24023438	0.993514356	0.993727281	0.993227456	0.994386749	0.000286297975	0.0151763565	0	100	0	0	3
8300	1877	0	3.2421875	0.993586124	0.993726818	0.993227456	0.994386749	0.000286297975	0.0151763565	0	100	0	0	3
8305	1880	0	3.24414062	0.993646891	0.993726448	0.993227456	0.994386749	0.000286297975	0.0151763565	0	100	0	0	3
8310	1881	0	3.24609375	0.993692063	0.993726139	0.993227456	0.994386749	0.000286297975	0.0151763565	0	100	0	0	3
8315	1882	0	3.24804688	0.99371761	0.993726007	0.993227456	0.994386749	0.000286297975	0.0151763565	0	100	0	0	3
8320	1883	0	3.25	0.993726964	0.993726109	0.993227456	0.994386749	0.000286297975	0.0151763565	0	100	0	0	3
8325	1885	0	3.25195312	0.993726724	0.993726426	0.993227456	0.994386749	0.000286297975	0.0151763565	0	100	0	0	3
8330	1886	0	3.25390625	0.993722679	0.993726919	0.993227456	0.994386749	0.000286297975	0.0151763565	0	100	0	0	3
8335	1887	0	3.25585938	0.993716869	0.993727533	0.993227456	0.994386749	0.000286297975	0.0151763565	0	100	0	0	3
8340	1888	0	3.2578125	0.993711747	0.993728226	0.993227456	0.994386749	0.000286297975	0.0151763565	0	100	0	0	3
8345	1889	0	3.25976562	0.993708975	0.993728937	0.993227456	0.994386749	0.000286297975	0.0151763565	0	100	0	0	3
8350	1891	0	3.26171875	0.993707194	0.993729591	0.993227456	0.994386749	0.000286297975	0.0151763565	0	100	0	0	3
8355	1892	0	3.26367188	0.993651925	0.993729901	0.993227456	0.994386749	0.000286297975	0.0151763565	0	100	0	0	3
8360	1893	0	3.265625	0.993637035	0.993729953	0.993227456	0.994386749	0.000286297975	0.0151763565	0	100	0	0	3
8365	1894	0	3.26757812	0.993604888	0.99372964	0.993227456	0.994386749	0.000286297975	0.0151763565	0	100	0	0	3
8370	1895	0	3.26953125	0.993549018	0.9937289	0.993227456	0.994386749	0.000286297975	0.0151763565	0	100	0	0	3
8375	1897	0	3.27148438	0.993479535	0.993727749	0.993227456	0.994386749	0.000286297975	0.0151763565	0	100	0	0	3
8380	1898	0	3.2734375	0.993442918	0.993726377	0.993227456	0.994386749	0.000286297975	0.0151763565	0	100	0	0	3
8385	1899	0	3.27539062	0.993439564	0.993724986	0.993227456	0.994386749	0.000286297975	0.0151763565	0	100	0	0	3
8390	1900	0	3.27734375	0.993438413	0.993723671	0.993227456	0.994386749	0.000286297975	0.0151763565	0	100	0	0	3
8395	1902	0	3.27929688	0.993419726	0.993722421	0.993227456	0.994386749	0.000286297975	0.0151763565	0	100	0	0	3
8400	1903	0	3.28125	0.993384459	0.993721164	0.993227456	0.994386749	0.000286297975	0.0151763565	0	100	0	0	3
8405	1905	0	3.28320312	0.993349324	0.993719862	0.993227456	0.994386749	0.000286297975	0.0151763565	0	100	0	0	3
8410	1906	0	3.28515625	0.993323154	0.993718493	0.993227456	0.994386749	0.000286297975	0.0151763565	0	100	0	0	3
8415	1907	0	3.28710938	0.993310787	0.99371707	0.993227456	0.994386749	0.000286297975	0.0151763565	0	100	0	0	3
8420	1908	0	3.2890625	0.993307384	0.9937156	0.993227456	0.994386749	0.000286297975	0.0151763565	0	100	0	0	3
8425	1910	0	3.29101562	0.993308933	0.993714105	0.993227456	0.994386749	0.000286297975	0.0151763565	0	100	0	0	3
8430	1911	0	3.29296875	0.993315553	0.993712631	0.993227456	0.994386749	0.000286297975	0.0151763565	0	100	0	0	3
8435	1912	0	3.29492188	0.993327981	0.993711247	0.993227456	0.994386749	0.000286297975	0.0151763565	0	100	0	0	3
8440	1913	0	3.296875	0.993347182	0.993710033	0.993227456	0.994386749	0.000286297975	0.0151763565	0	100	0	0	3
8445	1914	0	3.29882812	0.993374413	0.993709051	0.993227456	0.994386749	0.000286297975	0.0151763565	0	100	0	0	3
8450	1916	0	3.30078125	0.993413113	0.993708369	0.993227456	0.994386749	0.000286297975	0.0151763565	0	100	0	0	3
8455	1917	0	3.30273438	0.993462283	0.993708005	0.993227456	0.994386749	0.000286297975	0.0151763565	0	100	0	0	3
8460	1918	0	3.3046875	0.993521328	0.993707945	0.993227456	0.994386749	0.000286297975	0.0151763565	0	100	0	0	3
8465	1919	0	3.30664062	0.993585216	0.993707736	0.993227456	0.994386749	0.000286297975	0.0151763565	0	100	0	0	3
8470	1921	0	3.30859375	0.993645173	0.993707531	0.993227456	0.994386749	0.000286297975	0.0151763565	0	100	0	0	3
8475	1922	0	3.31054688	0.99369274	0.993707186	0.993227456	0.994386749	0.000286297975	0.0151763565	0	100	0	0	3
8480	1923	0	3.3125	0.993723351	0.993706726	0.993227456	0.994386749	0.000286297975	0.0151763565	0	100	0	0	3
8485	1924	0	3.31445312	0.993738195	0.99370621	0.993227456	0.994386749	0.000286297975	0.0151763565	0	100	0	0	3
8490	1926	0	3.31640625	0.993740256	0.993705587	0.993227456	0.994386749	0.000286297975	0.0151763565	0	100	0	0	3
8495	1927	0	3.31835938	0.993733337	0.993704839	0.993227456	0.994386749	0.000286297975	0.0151763565	0	100	0	0	3
8500	1928	0	3.3203125	0.993721733	0.993703977	0.993227456	0.994386749	0.000286297975	0.0151763565	0	100	0	0	3
8505	1931	0	3.32226562	0.993710037	0.993702946	0.993227456	0.994386749	0.000286297975	0.0151763565	0	100	0	0	3
8510	1932	0	3.32421875	0.993698758	0.993701729	0.993227456	0.994386749	0.000286297975	0.0151763565	0	100	0	0	3
8515	1933	0	3.32617188	0.993689841	0.993700339	0.993227456	0.994386749	0.000285310819	0.0151763565	0	100	0	0	3
8520	1934	0	3.328125	0.99365367	0.993698644	0.993227456	0.994386749	0.000283218644	0.0151763565	0	100	0	0	3
8525	1935	0	3.33007812	0.993647099	0.993696734	0.993227456	0.994386749	0.000280165695	0.0151763565	0	100	0	0	3
8530	1937	0	3.33203125	0.993629634	0.993694573	0.993227456	0.994386749	0.000276353548	0.0151763565	0	100	0	0	3
8535	1938	0	3.33398438	0.993606871	0.99369218	0.993227456	0.994386749	0.000275321027	0.0151763565	0	100	0	0	3
8540	1939	0	3.3359375	0.993588011	0.993689626	0.993227456	0.994386749	0.000275321027	0.0151763565	0	100	0	0	3
8545	1940	0	3.33789062	0.99357457	0.99368699	0.993227456	0.994386749	0.000275321027	0.0151763565	0	100	0	0	3
8550	1942	0	3.33984375	0.993552767	0.993684334	0.993227456	0.994386749	0.000275321027	0.0151763565	0	100	0	0	3
8555	1943	0	3.34179688	0.993523853	0.993681769	0.993227456	0.994386749	0.000275321027	0.0151763565	0	100	0	0	3
8560	1944	0	3.34375	0.993490294	0.993679415	0.993227456	0.994386749	0.000275321027	0.0151763565	0	100	0	0	3
8565	1945	0	3.34570312	0.993459025	0.993677347	0.993227456	0.994386749	0.000275321027	0.0151763565	0	100	0	0	3
8570	1946	0	3.34765625	0.993438325	0.993675626	0.993227456	0.994386749	0.000275321027	0.0151763565	0	100	0	0	3
8575	1948	0	3.34960938	0.993431755	0.993674267	0.993227456	0.994386749	0.000275321027	0.0151763565	0	100	0	0	3
8580	1949	0	3.3515625	0.993435884	0.993673229	0.993227456	0.994386749	0.000275321027	0.0151763565	0	100	0	0	3
8585	1950	0	3.35351562	0.993446795	0.993672466	0.993227456	0.994386749	0.000275321027	0.0151763565	0	100	0	0	3
8590	1952	0	3.35546875	0.993460098	0.993671908	0.993227456	0.994386749	0.000275321027	0.0151763565	0	100	0	0	3
8595	1953	0	3.35742188	0.993473115	0.993671507	0.993227456	0.994386749	0.000275321027	0.0151763565	0	100	0	0	3
8600	1954	0	3.359375	0.99348465	0.993671207	0.993227456	0.994386749	0.000275321027	0.0151763565	0	100	0	0	3
8605	1956	0	3.36132812	0.993494507	0.993670978	0.993227456	0.994386749	0.000275321027	0.0151763565	0	100	0	0	3
8610	1958	0	3.36328125	0.993504106	0.993670812	0.993227456	0.994386749	0.000275321027	0.0151763565	0	100	0	0	3
8615	1959	0	3.36523438	0.993516534	0.993670719	0.993227456	0.994386749	0.000275321027	0.0151763565	0	100	0	0	3
8620	1960	0	3.3671875	0.993535552	0.993670721	0.993227456	0.994386749	0.000275321027	0.0151763565	0	100	0	0	3
8625	1961	0	3.36914062	0.993562602	0.993670835	0.993227456	0.994386749	0.000275321027	0.0151763565	0	100	0	0	3
8630	1963	0	3.37109375	0.993596451	0.993670505	0.993227456	0.994386749	0.000275321027	0.0151763565	0	100	0	0	3
8635	1964	0	3.37304688	0.993633039	0.993670238	0.993227456	0.994386749	0.000275321027	0.0151763565	0	100	0	0	3
8640	1965	0	3.375	0.993665394	0.993669858	0.993227456	0.994386749	0.000275321027	0.0151763565	0	100	0	0	3
8645	1966	0	3.37695312	0.993690169	0.993669397	0.993227456	0.994386749	0.000275321027	0.0151763565	0	100	0	0	3
8650	1968	0	3.37890625	0.993705335	0.993668756	0.993227456	0.994386749	0.000275321027	0.0151763565	0	100	0	0	3
8655	1969	0	3.38085938	0.99371015	0.993667873	0.993227456	0.994386749	0.000275321027	0.0151763565	0	100	0	0	3
8660	1970	0	3.3828125	0.993706363	0.993666726	0.993227456	0.994386749	0.000275321027	0.0151763565	0	100	0	0	3
8665	1971	0	3.38476562	0.993696326	0.993665378	0.993227456	0.994386749	0.000275170116	0.0151763565	0	100	0	0	3
8670	1973	0	3.38671875	0.99368215	0.993663786	0.993227456	0.994386749	0.000274353055	0.0151763565	0	100	0	0	3
8675	1974	0	3.38867188	0.993666603	0.993661897	0.993227456	0.994386749	0.000272807374	0.0151763565	0	100	0	0	3
8680	1975	0	3.390625	0.99365073	0.99365969	0.993227456	0.994386749	0.000270494906	0.0151763565	0	100	0	0	3
8685	1977	0	3.39257812	0.993647374	0.993657227	0.993227456	0.994386749	0.000267408408	0.0151763565	0	100	0	0	3
8690	1978	0	3.39453125	0.993638	0.993654521	0.993227456	0.994386749	0.000263658504	0.0151763565	0	100	0	0	3
8695	1979	0	3.39648438	0.993646092	0.993651699	0.993227456	0.994386749	0.000259420248	0.0151763565	0	100	0	0	3
8700	1980	0	3.3984375	0.993657309	0.99364885	0.993227456	0.994386749	0.00025488603	0.0151763565	0	100	0	0	3
8705	1982	0	3.40039062	0.993658092	0.993646004	0.993227456	0.994373379	0.000250245855	0.0151763565	0	100	0	0	3
8710	1983	0	3.40234375	0.993647171	0.993643167	0.993227456	0.994348345	0.000245700874	0.0151763565	0	100	0	0	3
8715	1985	0	3.40429688	0.993629351	0.993640359	0.993227456	0.994309856	0.000241438402	0.0151763565	0	100	0	0	3
8720	1986	0	3.40625	0.993609588	0.99363763	0.993227456	0.994309856	0.000237611096	0.0151763565	0	100	0	0	3
8725	1987	0	3.40820312	0.993591656	0.993635059	0.993227456	0.994309856	0.000234316441	0.0151763565	0	100	0	0	3
8730	1988	0	3.41015625	0.993578815	0.993632737	0.993227456	0.994309856	0.000231634951	0.0151763565	0	100	0	0	3
8735	1989	0	3.41210938	0.9935742	0.993630775	0.993227456	0.994309856	0.000229343311	0.0151763565	0	100	0	0	3
8740	1991	0	3.4140625	0.993577659	0.99362928	0.993227456	0.994309856	0.000227831427	0.0151763565	0	100	0	0	3
8745	1992	0	3.41601562	0.99358823	0.993628351	0.993227456	0.994309856	0.000226712912	0.0151763565	0	100	0	0	3
8750	1993	0	3.41796875	0.993602711	0.993627996	0.993227456	0.994309856	0.000226011938	0.0151763565	0	100	0	0	3
8755	1995	0	3.41992188	0.993618833	0.993628135	0.993227456	0.994309856	0.000226011938	0.0151763565	0	100	0	0	3
8760	1996	0	3.421875	0.993634715	0.99362863	0.993227456	0.994309856	0.000226011938	0.0151763565	0	100	0	0	3
8765	1997	0	3.42382812	0.993647282	0.99362932	0.993227456	0.994309856	0.000226011938	0.0151763565	0	100	0	0	3
8770	1999	0	3.42578125	0.993655505	0.99363007	0.993227456	0.994309856	0.000226011938	0.0151763565	0	100	0	0	3
8775	2000	0	3.42773438	0.993658158	0.993630788	0.993227456	0.994309856	0.000226011938	0.0151763565	0	100	0	0	3
8780	2001	0	3.4296875	0.993655169	0.99363142	0.993227456	0.994309856	0.000226011938	0.0151763565	0	100	0	0	3
8785	2002	0	3.43164062	0.993647227	0.99363194	0.993227456	0.994309856	0.000226011938	0.0151763565	0	100	0	0	3
8790	2004	0	3.43359375	0.993636097	0.993632306	0.993227456	0.994309856	0.000226011938	0.0151763565	0	100	0	0	3
8795	2005	0	3.43554688	0.993629507	0.993632525	0.993227456	0.994309856	0.000225395607	0.0151763565	0	100	0	0	3
8800	2006	0	3.4375	0.993630053	0.993632189	0.993227456	0.994309856	0.000224376171	0.0151763565	0	100	0	0	3
8805	2009	0	3.43945312	0.993637263	0.993631655	0.993227456	0.994309856	0.000223146964	0.0151763565	0	100	0	0	3
8810	2010	0	3.44140625	0.993646792	0.99363116	0.993227456	0.994309856	0.000221552611	0.0151763565	0	100	0	0	3
8815	2011	0	3.44335938	0.993654516	0.993630556	0.993227456	0.994309856	0.000219438957	0.0151763565	0	100	0	0	3
8820	2012	0	3.4453125	0.993658393	0.993629661	0.993227456	0.994309856	0.000216942258	0.0151763565	0	100	0	0	3
8825	2014	0	3.44726562	0.993657277	0.993628544	0.993227456	0.994309856	0.000214241331	0.0151763565	0	100	0	0	3
8830	2015	0	3.44921875	0.993651059	0.99362728	0.993227456	0.994309856	0.000211390193	0.0151763565	0	100	0	0	3
8835	2016	0	3.45117188	0.993640801	0.993625819	0.993227456	0.994309856	0.000208374084	0.0151763565	0	100	0	0	3
8840	2017	0	3.453125	0.993627647	0.99362408	0.993227456	0.994309856	0.000205198751	0.0151763565	0	100	0	0	3
8845	2019	0	3.45507812	0.993614331	0.993622047	0.993227456	0.994309856	0.000201875722	0.0151763565	0	100	0	0	3
8850	2020	0	3.45703125	0.993604923	0.993619739	0.993227456	0.994309856	0.000198426119	0.0151763565	0	100	0	0	3
8855	2021	0	3.45898438	0.993626467	0.993617311	0.993227456	0.994309856	0.000194889863	0.0151763565	0	100	0	0	3
8860	2023	0	3.4609375	0.993639444	0.993614787	0.993227456	0.994309856	0.000191319933	0.0151763565	0	100	0	0	3
8865	2024	0	3.46289062	0.993666794	0.993612286	0.993227456	0.994309856	0.000187786619	0.0151763565	0	100	0	0	3
8870	2025	0	3.46484375	0.993678302	0.993609819	0.993227456	0.994295618	0.000184369366	0.0151763565	0	100	0	0	3
8875	2026	0	3.46679688	0.99368301	0.993607426	0.993227456	0.994265699	0.000181155423	0.0151763565	0	100	0	0	3
8880	2028	0	3.46875	0.993683899	0.993605153	0.993227456	0.994222252	0.000178230925	0.0151763565	0	100	0	0	3
8885	2029	0	3.47070312	0.993683355	0.993603048	0.993227456	0.994169184	0.000175663616	0.0151763565	0	100	0	0	3
8890	2030	0	3.47265625	0.993685843	0.99360116	0.993227456	0.994105556	0.000173506227	0.0151763565	0	100	0	0	3
8895	2031	0	3.47460938	0.993693787	0.993599552	0.993227456	0.99405655	0.000171791089	0.0151763565	0	100	0	0	3
8900	2033	0	3.4765625	0.993705544	0.993598286	0.993227456	0.99405655	0.000170511188	0.0151763565	0	100	0	0	3
8905	2035	0	3.47851562	0.993718811	0.993597406	0.993227456	0.99405655	0.000169003768	0.0151763565	0	100	0	0	3
8910	2036	0	3.48046875	0.993732462	0.993596948	0.993227456	0.99405655	0.00016766386	0.0151763565	0	100	0	0	3
8915	2037	0	3.48242188	0.993747399	0.993596951	0.993227456	0.99405655	0.000166113127	0.0151763565	0	100	0	0	3
8920	2039	0	3.484375	0.993763346	0.993597433	0.993227456	0.99405655	0.00016436839	0.0151763565	0	100	0	0	3
8925	2040	0	3.48632812	0.993778572	0.993598317	0.993227456	0.99405655	0.00016280843	0.0151763565	0	100	0	0	3
8930	2041	0	3.48828125	0.993790791	0.993599454	0.993227456	0.99405655	0.000161544038	0.0151763565	0	100	0	0	3
8935	2043	0	3.49023438	0.993797875	0.993600692	0.993227456	0.99405655	0.000160515675	0.0151763565	0	100	0	0	3
8940	2044	0	3.4921875	0.993798216	0.993601916	0.993227456	0.99405655	0.000159574585	0.0151763565	0	100	0	0	3
8945	2045	0	3.49414062	0.993790675	0.993603054	0.993227456	0.99405655	0.00015851523	0.0151763565	0	100	0	0	3
8950	2046	0	3.49609375	0.993773821	0.993604037	0.993227456	0.99405655	0.000158314538	0.0151763565	0	100	0	0	3
8955	2048	0	3.49804688	0.993747828	0.993604799	0.993227456	0.99405655	0.000158314538	0.0151763565	0	100	0	0	3
8960	2049	0	3.5	0.993717261	0.993605304	0.993227456	0.99405655	0.000158314538	0.0151763565	0	100	0	0	3
8965	2050	0	3.50195312	0.99368747	0.993605427	0.993227456	0.99405655	0.000158314538	0.0151763565	0	100	0	0	3
8970	2052	0	3.50390625	0.993662862	0.99360534	0.993227456	0.99405655	0.000158314538	0.0151763565	0	100	0	0	3
8975	2053	0	3.50585938	0.993645499	0.993605145	0.993227456	0.99405655	0.000158314538	0.0151763565	0	100	0	0	3
8980	2054	0	3.5078125	0.9936347	0.993604763	0.993227456	0.99405655	0.000158314538	0.0151763565	0	100	0	0	3
8985	2056	0	3.50976562	0.993628888	0.993604149	0.993227456	0.99405655	0.000158314538	0.0151763565	0	100	0	0	3
8990	2057	0	3.51171875	0.993626123	0.993603382	0.993227456	0.99405655	0.000158314538	0.0151763565	0	100	0	0	3
8995	2058	0	3.51367188	0.993624301	0.993602506	0.993227456	0.99405655	0.000158314538	0.0151763565	0	100	0	0	3
9000	2059	0	3.515625	0.993622046	0.993601501	0.993227456	0.99405655	0.000158314538	0.0151763565	0	100	0	0	3
9005	2062	0	3.51757812	0.993618744	0.993600318	0.993227456	0.99405655	0.000158314538	0.0151763565	0	100	0	0	3
9010	2063	0	3.51953125	0.993614649	0.993598931	0.993227456	0.99405655	0.000158314538	0.0151763565	0	100	0	0	3
9015	2064	0	3.52148438	0.993611192	0.993597375	0.993227456	0.99405655	0.000158314538	0.0151763565	0	100	0	0	3
9020	2066	0	3.5234375	0.993653344	0.993595876	0.993227456	0.99405655	0.000159386602	0.0151763565	0	100	0	0	3
9025	2067	0	3.52539062	0.993646485	0.993594287	0.993227456	0.99405655	0.000160974961	0.0151763565	0	100	0	0	3
9030	2068	0	3.52734375	0.993682312	0.993592825	0.993227456	0.994048747	0.000162436828	0.0151763565	0	100	0	0	3
9035	2069	0	3.52929688	0.993720429	0.993591543	0.993227456	0.994032216	0.00016371932	0.0151763565	0	100	0	0	3
9040	2071	0	3.53125	0.993761825	0.993590487	0.993227456	0.994008936	0.000164775535	0.0151763565	0	100	0	0	3
9045	2072	0	3.53320312	0.993807018	0.993589698	0.993227456	0.993980536	0.000165564275	0.0151763565	0	100	0	0	3
9050	2073	0	3.53515625	0.993837761	0.99358914	0.993227456	0.993947813	0.000166121992	0.0151763565	0	100	0	0	3
9055	2075	0	3.53710938	0.993851726	0.993588765	0.993227456	0.99391138	0.000166497332	0.0151763565	0	100	0	0	3
9060	2076	0	3.5390625	0.9938507	0.993588528	0.993227456	0.993871066	0.000166734364	0.0151763565	0	100	0	0	3
9065	2077	0	3.54101562	0.993843039	0.993588418	0.993227456	0.993851726	0.000166843843	0.0151763565	0	100	0	0	3
9070	2079	0	3.54296875	0.993834116	0.993588448	0.993227456	0.993851726	0.000166843843	0.0151763565	0	100	0	0	3
9075	2080	0	3.54492188	0.993828602	0.993588649	0.993227456	0.993851726	0.000166843843	0.0151763565	0	100	0	0	3
9080	2081	0	3.546875	0.993829839	0.993589078	0.993227456	0.993851726	0.000166843843	0.0151763565	0	100	0	0	3
9085	2082	0	3.54882812	0.993837302	0.993589784	0.993227456	0.993851726	0.000166843843	0.0151763565	0	100	0	0	3
9090	2084	0	3.55078125	0.993845687	0.993590762	0.993227456	0.993851726	0.000166843843	0.0151763565	0	100	0	0	3
9095	2085	0	3.55273438	0.993851745	0.993591953	0.993227456	0.993851745	0.000166843843	0.0151763565	0	100	0	0	3
9100	2086	0	3.5546875	0.993852266	0.993593249	0.993227456	0.993852266	0.000166843843	0.0151763565	0	100	0	0	3
9105	2089	0	3.55664062	0.993846519	0.99359453	0.993227456	0.993852266	0.000166843843	0.0151763565	0	100	0	0	3
9110	2090	0	3.55859375	0.993834221	0.993595697	0.993227456	0.993852266	0.000166843843	0.0151763565	0	100	0	0	3
9115	2092	0	3.56054688	0.993814598	0.993596683	0.993227456	0.993852266	0.000166843843	0.0151763565	0	100	0	0	3
9120	2093	0	3.5625	0.993787136	0.993597454	0.993227456	0.993852266	0.000166843843	0.0151763565	0	100	0	0	3
9125	2094	0	3.56445312	0.993752502	0.993598011	0.993227456	0.993852266	0.000166843843	0.0151763565	0	100	0	0	3
9130	2096	0	3.56640625	0.99371354	0.993598442	0.993227456	0.993852266	0.000166843843	0.0151763565	0	100	0	0	3
9135	2097	0	3.56835938	0.993675001	0.993598672	0.993227456	0.993852266	0.000166843843	0.0151763565	0	100	0	0	3
9140	2098	0	3.5703125	0.993641627	0.993598792	0.993227456	0.993852266	0.000166843843	0.0151763565	0	100	0	0	3
9145	2099	0	3.57226562	0.993615749	0.993598856	0.993227456	0.993852266	0.000166843843	0.0151763565	0	100	0	0	3
9150	2101	0	3.57421875	0.993598935	0.993598893	0.993227456	0.993852266	0.000166843843	0.0151763565	0	100	0	0	3
9155	2102	0	3.57617188	0.993591254	0.993598887	0.993227456	0.993852266	0.000166843843	0.0151763565	0	100	0	0	3
9160	2103	0	3.578125	0.993590307	0.993598792	0.993227456	0.993852266	0.000166843843	0.0151763565	0	100	0	0	3
9165	2104	0	3.58007812	0.993593036	0.993598574	0.993227456	0.993852266	0.000166843843	0.0151763565	0	100	0	0	3
9170	2106	0	3.58203125	0.993597638	0.993598255	0.993227456	0.993852266	0.000166843843	0.0151763565	0	100	0	0	3
9175	2107	0	3.58398438	0.993602704	0.993597878	0.993227456	0.993852266	0.000166843843	0.0151763565	0	100	0	0	3
9180	2108	0	3.5859375	0.993607649	0.993597489	0.993227456	0.993852266	0.000166843843	0.0151763565	0	100	0	0	3
9185	2109	0	3.58789062	0.993611941	0.993597122	0.993227456	0.993852266	0.000166843843	0.0151763565	0	100	0	0	3
9190	2111	0	3.58984375	0.993636458	0.99359689	0.993227456	0.993852266	0.000166843843	0.0151763565	0	100	0	0	3
9195	2112	0	3.59179688	0.993657077	0.993596807	0.993227456	0.993852266	0.000166843843	0.0151763565	0	100	0	0	3
9200	2113	0	3.59375	0.993687661	0.993596934	0.993227456	0.993852266	0.000166843843	0.0151763565	0	100	0	0	3
9205	2116	0	3.59570312	0.993734534	0.993597345	0.993227456	0.993852266	0.000166843843	0.0151763565	0	100	0	0	3
9210	2117	0	3.59765625	0.993785302	0.993598044	0.993227456	0.993852266	0.000166843843	0.0151763565	0	100	0	0	3
9215	2118	0	3.59960938	0.993823147	0.99359895	0.993227456	0.993852266	0.000166843843	0.0151763565	0	100	0	0	3
9220	2119	0	3.6015625	0.993843996	0.993599965	0.993227456	0.993852266	0.000166843843	0.0151763565	0	100	0	0	3
9225	2121	0	3.60351562	0.993855622	0.993601025	0.993227456	0.993855622	0.000166843843	0.0151763565	0	100	0	0	3
9230	2122	0	3.60546875	0.993862465	0.993602098	0.993227456	0.993862465	0.000166843843	0.0151763565	0	100	0	0	3
9235	2123	0	3.60742188	0.993863601	0.99360316	0.993227456	0.993863601	0.000166843843	0.0151763565	0	100	0	0	3
9240	2124	0	3.609375	0.993857464	0.99360419	0.993227456	0.993863601	0.000166843843	0.0151763565	0	100	0	0	3
9245	2126	0	3.61132812	0.993845641	0.993605177	0.993227456	0.993863601	0.000166843843	0.0151763565	0	100	0	0	3
9250	2127	0	3.61328125	0.993833133	0.993606127	0.993227456	0.993863601	0.000166843843	0.0151763565	0	100	0	0	3
9255	2128	0	3.61523438	0.993824576	0.993607057	0.993227456	0.993863601	0.000166843843	0.0151763565	0	100	0	0	3
9260	2130	0	3.6171875	0.993819309	0.993607975	0.993227456	0.993863601	0.000166843843	0.0151763565	0	100	0	0	3
9265	2131	0	3.61914062	0.993814205	0.993608864	0.993227456	0.993863601	0.000166843843	0.0151763565	0	100	0	0	3
9270	2132	0	3.62109375	0.993807528	0.9936097	0.993227456	0.993863601	0.000166843843	0.0151763565	0	100	0	0	3
9275	2133	0	3.62304688	0.993798339	0.993610449	0.993227456	0.993863601	0.000166843843	0.0151763565	0	100	0	0	3
9280	2135	0	3.625	0.993785302	0.993611087	0.993227456	0.993863601	0.000166843843	0.0151763565	0	100	0	0	3
9285	2136	0	3.62695312	0.993766956	0.993611587	0.993227456	0.993863601	0.000166843843	0.0151763565	0	100	0	0	3
9290	2137	0	3.62890625	0.993742692	0.993611937	0.993227456	0.993863601	0.000166843843	0.0151763565	0	100	0	0	3
9295	2138	0	3.63085938	0.993713122	0.993612131	0.993227456	0.993863601	0.000166843843	0.0151763565	0	100	0	0	3
9300	2140	0	3.6328125	0.993680252	0.993612359	0.993227456	0.993863601	0.000166843843	0.0151763565	0	100	0	0	3
9305	2142	0	3.63476562	0.993646778	0.993612446	0.993227456	0.993863601	0.000166843843	0.0151763565	0	100	0	0	3
9310	2143	0	3.63671875	0.993615331	0.993612609	0.993227456	0.993863601	0.000166843843	0.0151763565	0	100	0	0	3
9315	2145	0	3.63867188	0.993590356	0.99361284	0.993227456	0.993863601	0.000166843843	0.0151763565	0	100	0	0	3
9320	2146	0	3.640625	0.993576411	0.993613145	0.993227456	0.993863601	0.000166843843	0.0151763565	0	100	0	0	3
9325	2147	0	3.64257812	0.993573089	0.993613464	0.993227456	0.993863601	0.000166843843	0.0151763565	0	100	0	0	3
9330	2149	0	3.64453125	0.99357804	0.993613753	0.993227456	0.993863601	0.000166843843	0.0151763565	0	100	0	0	3
9335	2150	0	3.64648438	0.993588747	0.993614025	0.993227456	0.993863601	0.000166843843	0.0151763565	0	100	0	0	3
9340	2151	0	3.6484375	0.993601468	0.993614336	0.993227456	0.993863601	0.000166843843	0.0151763565	0	100	0	0	3
9345	2153	0	3.65039062	0.993612855	0.993614764	0.993227456	0.993863601	0.000166843843	0.0151763565	0	100	0	0	3
9350	2154	0	3.65234375	0.993620948	0.993615357	0.993227456	0.993863601	0.000166018708	0.0151763565	0	100	0	0	3
9355	2155	0	3.65429688	0.993638343	0.993616164	0.993227456	0.993863601	0.000164374484	0.0151763565	0	100	0	0	3
9360	2156	0	3.65625	0.993633284	0.993617085	0.993227456	0.993863601	0.000162308147	0.0151763565	0	100	0	0	3
9365	2158	0	3.65820312	0.993637136	0.993618144	0.993227456	0.993863601	0.000162308147	0.0151763565	0	100	0	0	3
9370	2159	0	3.66015625	0.993650169	0.993619368	0.993227456	0.993863601	0.000162308147	0.0151763565	0	100	0	0	3
9375	2160	0	3.66210938	0.993667293	0.993620739	0.993227456	0.993863601	0.000162308147	0.0151763565	0	100	0	0	3
9380	2162	0	3.6640625	0.993680933	0.993622191	0.993227456	0.993863601	0.000162308147	0.0151763565	0	100	0	0	3
9385	2163	0	3.66601562	0.993690236	0.993623648	0.993227456	0.993863601	0.000162308147	0.0151763565	0	100	0	0	3
9390	2164	0	3.66796875	0.993699001	0.993625048	0.993227456	0.993863601	0.000162308147	0.0151763565	0	100	0	0	3
9395	2165	0	3.66992188	0.993710192	0.993626346	0.993227456	0.993863601	0.000162308147	0.0151763565	0	100	0	0	3
9400	2167	0	3.671875	0.993722283	0.993627504	0.993227456	0.993863601	0.000162308147	0.0151763565	0	100	0	0	3
9405	2169	0	3.67382812	0.993733185	0.993628494	0.993227456	0.993863601	0.000162308147	0.0151763565	0	100	0	0	3
9410	2170	0	3.67578125	0.993739931	0.993629295	0.993227456	0.993863601	0.000162308147	0.0151763565	0	100	0	0	3
9415	2172	0	3.67773438	0.993741308	0.993629911	0.993227456	0.993863601	0.000162308147	0.0151763565	0	100	0	0	3
9420	2173	0	3.6796875	0.993737728	0.993630366	0.993227456	0.993863601	0.000162308147	0.0151763565	0	100	0	0	3
9425	2174	0	3.68164062	0.993730876	0.993630692	0.993227456	0.993863601	0.000162308147	0.0151763565	0	100	0	0	3
9430	2176	0	3.68359375	0.993722614	0.993630921	0.993227456	0.993863601	0.000162308147	0.0151763565	0	100	0	0	3
9435	2177	0	3.68554688	0.993714541	0.993631081	0.993227456	0.993863601	0.000162308147	0.0151763565	0	100	0	0	3
9440	2178	0	3.6875	0.993707349	0.993631186	0.993227456	0.993863601	0.000162308147	0.0151763565	0	100	0	0	3
9445	2179	0	3.68945312	0.99370043	0.993631241	0.993227456	0.993863601	0.000162308147	0.0151763565	0	100	0	0	3
9450	2181	0	3.69140625	0.993692373	0.993631242	0.993227456	0.993863601	0.000162308147	0.0151763565	0	100	0	0	3
9455	2182	0	3.69335938	0.993682491	0.993631185	0.993227456	0.993863601	0.000162308147	0.0151763565	0	100	0	0	3
9460	2183	0	3.6953125	0.993669874	0.993631062	0.993227456	0.993863601	0.000162308147	0.0151763565	0	100	0	0	3
9465	2185	0	3.69726562	0.993654078	0.993631211	0.993227456	0.993863601	0.000162308147	0.0151763565	0	100	0	0	3
9470	2186	0	3.69921875	0.993636558	0.993631159	0.993227456	0.993863601	0.000162308147	0.0151763565	0	100	0	0	3
9475	2187	0	3.70117188	0.993619571	0.993631212	0.993227456	0.993863601	0.000162308147	0.0151763565	0	100	0	0	3
9480	2189	0	3.703125	0.993605297	0.993631389	0.993227456	0.993863601	0.000162308147	0.0151763565	0	100	0	0	3
9485	2190	0	3.70507812	0.993595503	0.993631722	0.993227456	0.993863601	0.000162308147	0.0151763565	0	100	0	0	3
9490	2191	0	3.70703125	0.993591143	0.993632271	0.993227456	0.993863601	0.000162308147	0.0151763565	0	100	0	0	3
9495	2193	0	3.70898438	0.993592427	0.993632914	0.993227456	0.993863601	0.000162308147	0.0151763565	0	100	0	0	3
9500	2194	0	3.7109375	0.993598642	0.993633552	0.993227456	0.993863601	0.000162308147	0.0151763565	0	100	0	0	3
9505	2197	0	3.71289062	0.993607683	0.993634221	0.993227456	0.993863601	0.000162122552	0.0151763565	0	100	0	0	3
9510	2198	0	3.71484375	0.993616838	0.993635006	0.993227456	0.993863601	0.000161439681	0.0151763565	0	100	0	0	3
9515	2199	0	3.71679688	0.993623829	0.993635982	0.993227456	0.993863601	0.000160196819	0.0151763565	0	100	0	0	3
9520	2201	0	3.71875	0.99362183	0.993637136	0.993227456	0.993863601	0.00015845302	0.0151763565	0	100	0	0	3
9525	2202	0	3.72070312	0.993625734	0.993638452	0.993227456	0.993863601	0.000156307134	0.0151763565	0	100	0	0	3
9530	2203	0	3.72265625	0.993623567	0.99363986	0.993227456	0.993863601	0.000153869153	0.0151763565	0	100	0	0	3
9535	2205	0	3.72460938	0.993619202	0.993641327	0.993227456	0.993863601	0.000151268032	0.0151763565	0	100	0	0	3
9540	2206	0	3.7265625	0.993616473	0.993642837	0.993227456	0.993863601	0.000148647622	0.0151763565	0	100	0	0	3
9545	2207	0	3.72851562	0.99361696	0.993644358	0.993239882	0.993863601	0.000146155335	0.0151763565	0	100	0	0	3
9550	2208	0	3.73046875	0.993622413	0.993645853	0.993268082	0.993863601	0.000143921481	0.0151763565	0	100	0	0	3
9555	2210	0	3.73242188	0.993631598	0.993647273	0.993307384	0.993863601	0.000142058588	0.0151763565	0	100	0	0	3
9560	2211	0	3.734375	0.993641469	0.993648562	0.993307384	0.993863601	0.000141534244	0.0151763565	0	100	0	0	3
9565	2212	0	3.73632812	0.993649335	0.993649655	0.993307384	0.993863601	0.000141534244	0.0151763565	0	100	0	0	3
9570	2214	0	3.73828125	0.993653725	0.993650494	0.993307384	0.993863601	0.000141534244	0.0151763565	0	100	0	0	3
9575	2215	0	3.74023438	0.993654235	0.99365104	0.993307384	0.993863601	0.000141534244	0.0151763565	0	100	0	0	3
9580	2217	0	3.7421875	0.993651175	0.993651294	0.993307384	0.993863601	0.000141534244	0.0151763565	0	100	0	0	3
9585	2218	0	3.74414062	0.993644844	0.993651286	0.993307384	0.993863601	0.000141534244	0.0151763565	0	100	0	0	3
9590	2219	0	3.74609375	0.99363633	0.993651068	0.993307384	0.993863601	0.000141534244	0.0151763565	0	100	0	0	3
9595	2221	0	3.74804688	0.993627195	0.993650715	0.993307384	0.993863601	0.000141534244	0.0151763565	0	100	0	0	3
9600	2222	0	3.75	0.993618953	0.993650293	0.993307384	0.993863601	0.000141534244	0.0151763565	0	100	0	0	3
9605	2224	0	3.75195312	0.993612976	0.993649849	0.993307384	0.993863601	0.000141534244	0.0151763565	0	100	0	0	3
9610	2226	0	3.75390625	0.993610468	0.993649411	0.993307384	0.993863601	0.000141534244	0.0151763565	0	100	0	0	3
9615	2227	0	3.75585938	0.993611314	0.993648998	0.993307384	0.993863601	0.000141534244	0.0151763565	0	100	0	0	3
9620	2228	0	3.7578125	0.993614146	0.993648617	0.993307384	0.993863601	0.000141534244	0.0151763565	0	100	0	0	3
9625	2230	0	3.75976562	0.993617222	0.993648259	0.993307384	0.993863601	0.000141534244	0.0151763565	0	100	0	0	3
9630	2231	0	3.76171875	0.993619343	0.993647915	0.993307384	0.993863601	0.000141534244	0.0151763565	0	100	0	0	3
9635	2232	0	3.76367188	0.993620162	0.993647791	0.993307384	0.993863601	0.000141534244	0.0151763565	0	100	0	0	3
9640	2234	0	3.765625	0.993619837	0.993647724	0.993307384	0.993863601	0.000141221869	0.0151763565	0	100	0	0	3
9645	2235	0	3.76757812	0.993618959	0.993647779	0.993307384	0.993863601	0.000140481324	0.0151763565	0	100	0	0	3
9650	2237	0	3.76953125	0.993618401	0.99364805	0.993307384	0.993863601	0.000139330951	0.0151763565	0	100	0	0	3
9655	2238	0	3.77148438	0.993619086	0.993648595	0.993307384	0.993863601	0.000137958475	0.0151763565	0	100	0	0	3
9660	2239	0	3.7734375	0.993621712	0.993649294	0.993307384	0.993863601	0.000136567393	0.0151763565	0	100	0	0	3
9665	2241	0	3.77539062	0.993626241	0.993650023	0.993307384	0.993863601	0.000135253102	0.0151763565	0	100	0	0	3
9670	2242	0	3.77734375	0.993631898	0.993650779	0.993307384	0.993863601	0.000134002676	0.0151763565	0	100	0	0	3
9675	2243	0	3.77929688	0.993637473	0.993651629	0.993307384	0.993863601	0.000132745563	0.0151763565	0	100	0	0	3
9680	2245	0	3.78125	0.993641744	0.993652634	0.993307384	0.993863601	0.000131444027	0.0151763565	0	100	0	0	3
9685	2246	0	3.78320312	0.993643891	0.993653785	0.993307384	0.993863601	0.000130075152	0.0151763565	0	100	0	0	3
9690	2247	0	3.78515625	0.993629142	0.99365498	0.993307384	0.993863601	0.000128651245	0.0151763565	0	100	0	0	3
9695	2249	0	3.78710938	0.993631515	0.993656233	0.993307384	0.993863601	0.000127181222	0.0151763565	0	100	0	0	3
9700	2250	0	3.7890625	0.993616548	0.993657441	0.993308933	0.993863601	0.000125687172	0.0151763565	0	100	0	0	3
9705	2253	0	3.79101562	0.993601198	0.993658582	0.993315553	0.993863601	0.00012421306	0.0151763565	0	100	0	0	3
9710	2254	0	3.79296875	0.993584963	0.993659635	0.993327981	0.993863601	0.000122828701	0.0151763565	0	100	0	0	3
9715	2255	0	3.79492188	0.993576084	0.993660604	0.993347182	0.993863601	0.000121614476	0.0151763565	0	100	0	0	3
9720	2257	0	3.796875	0.993576432	0.993661499	0.993374413	0.993863601	0.00012063262	0.0151763565	0	100	0	0	3
9725	2258	0	3.79882812	0.993580004	0.993662303	0.993413113	0.993863601	0.000119951029	0.0151763565	0	100	0	0	3
9730	2260	0	3.80078125	0.993582309	0.993662963	0.993431755	0.993863601	0.000119586704	0.0151763565	0	100	0	0	3
9735	2261	0	3.80273438	0.993580545	0.993663425	0.993431755	0.993863601	0.000119526954	0.0151763565	0	100	0	0	3
9740	2262	0	3.8046875	0.993574698	0.993663634	0.993431755	0.993863601	0.000119317529	0.0151763565	0	100	0	0	3
9745	2264	0	3.80664062	0.993566649	0.993663561	0.993431755	0.993863601	0.000119113143	0.0151763565	0	100	0	0	3
9750	2265	0	3.80859375	0.993557517	0.993663219	0.993431755	0.993863601	0.000118767356	0.0151763565	0	100	0	0	3
9755	2266	0	3.81054688	0.993547678	0.993662652	0.993431755	0.993863601	0.00011830784	0.0151763565	0	100	0	0	3
9760	2267	0	3.8125	0.993537688	0.993661927	0.993431755	0.993863601	0.000117791523	0.0151763565	0	100	0	0	3
9765	2269	0	3.81445312	0.993528851	0.993661109	0.993431755	0.993863601	0.000117169087	0.0151763565	0	100	0	0	3
9770	2270	0	3.81640625	0.993523007	0.993660261	0.993431755	0.993863601	0.000116421096	0.0151763565	0	100	0	0	3
9775	2271	0	3.81835938	0.993521849	0.993659435	0.993431755	0.993863601	0.000115559053	0.0151763565	0	100	0	0	3
