Iteration	CPUTime	PhysTime	Travels	Value	AvValue	MinValue	MaxValue	Delta	Criteria	PrevAvRefValue	Progress	CriteriaType	CriteriaVarType	CriteriaPercentage
1	1	0	0.000390625	169.189607	169.189607	169.189607	169.189607	0	0	0	0	0	0	3
5	2	0	0.001953125	169.209166	169.199386	169.189607	169.209166	0.00977935539	0	0	0	0	0	3
10	3	0	0.00390625	169.209166	169.202646	169.189607	169.209166	0.0130391347	0	0	0	0	0	3
15	5	0	0.005859375	169.209165	169.204276	169.189607	169.209166	0.0146687415	0	0	0	0	0	3
20	6	0	0.0078125	169.209166	169.205254	169.189607	169.209166	0.01564672	0	0	0	0	0	3
25	7	0	0.009765625	169.209166	169.205906	169.189607	169.209166	0.0162987188	0	0	0	0	0	3
30	8	0	0.01171875	169.209166	169.206371	169.189607	169.209166	0.0167644314	0	0	0	0	0	3
35	9	0	0.013671875	169.209166	169.206721	169.189607	169.209166	0.017113712	0	0	0	0	0	3
40	11	0	0.015625	169.209166	169.206992	169.189607	169.209166	0.0173853698	0	0	0	0	0	3
45	12	0	0.017578125	169.209166	169.20721	169.189607	169.209166	0.0176026939	0	0	0	0	0	3
50	13	0	0.01953125	169.209166	169.207388	169.189607	169.209166	0.0177805027	0	0	0	0	0	3
55	15	0	0.021484375	169.209166	169.207536	169.189607	169.209166	0.017928676	0	0	0	0	0	3
60	17	0	0.0234375	169.209166	169.207661	169.189607	169.209166	0.0180540521	0	0	0	0	0	3
65	20	0	0.025390625	169.209166	169.207769	169.189607	169.209166	0.0181615168	0	0	0	0	0	3
70	23	0	0.02734375	169.209166	169.207862	169.189607	169.209166	0.0182546521	0	0	0	0	0	3
75	25	0	0.029296875	169.209166	169.207943	169.189607	169.209166	0.0183361452	0	0	0	0	0	3
80	28	0	0.03125	169.209166	169.208015	169.189607	169.209166	0.0184080498	0	0	0	0	0	3
85	30	0	0.033203125	169.209166	169.208079	169.189607	169.209166	0.0184719656	0	0	0	0	0	3
90	33	0	0.03515625	169.209166	169.208136	169.189607	169.209166	0.018529153	0	0	0	0	0	3
95	35	0	0.037109375	169.209166	169.208188	169.189607	169.209166	0.018580621	0	0	0	0	0	3
100	37	0	0.0390625	169.209166	169.208234	169.189607	169.209166	0.0186271866	0	0	0	0	0	3
105	40	0	0.041015625	169.218274	169.208691	169.189607	169.218274	0.0190835559	0	0	0	0	0	3
110	43	0	0.04296875	169.234607	169.209817	169.189607	169.234607	0.020210352	0	0	0	0	0	3
115	45	0	0.044921875	169.257269	169.211795	169.189607	169.257269	0.0221875188	0	0	0	0	0	3
120	48	0	0.046875	169.281238	169.214572	169.189607	169.281238	0.0249652445	0	0	0	0	0	3
125	50	0	0.048828125	169.318671	169.218576	169.189607	169.318671	0.0289690343	0	0	0	0	0	3
130	52	0	0.05078125	169.359939	169.223812	169.189607	169.359939	0.0342046988	0	0	0	0	0	3
135	54	0	0.052734375	169.399368	169.230082	169.189607	169.399368	0.0404745478	0	0	0	0	0	3
140	57	0	0.0546875	169.446752	169.237553	169.189607	169.446752	0.0479459317	0	0	0	0	0	3
145	59	0	0.056640625	169.50229	169.246378	169.189607	169.50229	0.0567704937	0	0	0	0	0	3
150	61	0	0.05859375	169.556531	169.256382	169.189607	169.556531	0.0667754423	0	0	0	0	0	3
155	63	0	0.060546875	169.630026	169.268059	169.189607	169.630026	0.0784518041	0	0	0	0	0	3
160	65	0	0.0625	169.719014	169.281724	169.189607	169.719014	0.0921171138	0	0	0	0	0	3
165	67	0	0.064453125	169.812517	169.297336	169.189607	169.812517	0.107728662	0	0	0	0	0	3
170	70	0	0.06640625	206.471272	170.359448	169.189607	206.471272	1.16984112	0	0	0	0	0	3
175	72	0	0.068359375	206.497149	171.363273	169.189607	206.497149	2.17366616	0	0	0	0	0	3
180	74	0	0.0703125	206.531815	172.313774	169.189607	206.531815	3.12416729	0	0	0	0	0	3
185	76	0	0.072265625	206.56586	173.215145	169.189607	206.56586	4.02553797	0	0	0	0	0	3
190	78	0	0.07421875	206.587288	174.070841	169.189607	206.587288	4.88123394	0	0	0	0	0	3
195	81	0	0.076171875	206.604498	174.884182	169.189607	206.604498	5.69457537	0	0	0	0	0	3
200	83	0	0.078125	206.620326	175.658235	169.189607	206.620326	6.46862766	0	0	0	0	0	3
205	86	0	0.080078125	206.643587	176.395981	169.189607	206.643587	7.20637414	0	0	0	0	0	3
210	91	0	0.08203125	206.678075	177.100216	169.189607	206.678075	7.91060888	0	0	0	0	0	3
215	93	0	0.083984375	206.716464	177.773312	169.189607	206.716464	8.58370542	0	0	0	0	0	3
220	95	0	0.0859375	206.774347	178.41778	169.189607	206.774347	9.22817285	0	0	0	0	0	3
225	97	0	0.087890625	206.835147	179.035549	169.189607	206.835147	9.84594169	0	0	0	0	0	3
230	99	0	0.08984375	206.89583	179.628321	169.189607	206.89583	10.4387136	0	0	0	0	0	3
235	101	0	0.091796875	206.984062	180.198232	169.189607	206.984062	11.0086249	0	0	0	0	0	3
240	104	0	0.09375	207.077919	180.746797	169.189607	207.077919	11.5571899	0	0	0	0	0	3
245	106	0	0.095703125	207.173731	181.275336	169.189607	207.173731	12.0857286	0	0	0	0	0	3
250	108	0	0.09765625	207.278695	181.785205	169.189607	207.278695	12.5955984	0	0	0	0	0	3
255	110	0	0.099609375	207.39157	182.277636	169.189607	207.39157	13.0880285	0	0	0	0	0	3
260	112	0	0.1015625	207.517602	182.753861	169.189607	207.517602	13.5642543	0	0	0	0	0	3
265	114	0	0.103515625	207.646631	183.214839	169.189607	207.646631	14.0252315	0	0	0	0	0	3
270	116	0	0.10546875	207.801229	183.661864	169.189607	207.801229	14.4722568	0	0	0	0	0	3
275	118	0	0.107421875	207.956339	184.095694	169.189607	207.956339	14.9060867	0	0	0	0	0	3
280	120	0	0.109375	208.11452	184.517077	169.189607	208.11452	15.3274696	0	0	0	0	0	3
285	122	0	0.111328125	208.274751	184.926692	169.189607	208.274751	15.7370847	0	0	0	0	0	3
290	125	0	0.11328125	208.439199	185.325209	169.189607	208.439199	16.1356018	0	0	0	0	0	3
295	127	0	0.115234375	208.606541	185.713231	169.189607	208.606541	16.523624	0	0	0	0	0	3
300	129	0	0.1171875	208.786306	186.091478	169.189607	208.786306	16.9018711	0	0	0	0	0	3
305	132	0	0.119140625	208.971122	186.460505	169.189607	208.971122	17.2708976	0	0	0	0	0	3
310	134	0	0.12109375	209.151634	186.820681	169.189607	209.151634	17.6310743	0	0	0	0	0	3
315	136	0	0.123046875	209.333904	187.17245	169.189607	209.333904	17.9828434	0	0	0	0	0	3
320	138	0	0.125	209.517751	187.516224	169.189607	209.517751	18.3266172	0	0	0	0	0	3
325	140	0	0.126953125	209.705353	187.852423	169.189607	209.705353	18.6628161	0	0	0	0	0	3
330	142	0	0.12890625	209.893259	188.181391	169.189607	209.893259	18.9917838	0	0	0	0	0	3
335	144	0	0.130859375	227.470408	188.759171	169.189607	227.470408	19.5695635	0	0	0	0	0	3
340	146	0	0.1328125	227.578083	189.321763	169.189607	227.578083	20.1321564	0	0	0	0	0	3
345	148	0	0.134765625	227.657341	189.869415	169.189607	227.657341	20.6798076	0	0	0	0	0	3
350	150	0	0.13671875	227.746566	190.402896	169.189607	227.746566	21.2132886	0	0	0	0	0	3
355	152	0	0.138671875	227.86198	190.923161	169.189607	227.86198	21.7335536	0	0	0	0	0	3
360	154	0	0.140625	228.001727	191.431086	169.189607	228.001727	22.2414792	0	0	0	0	0	3
365	156	0	0.142578125	228.160367	191.927428	169.189607	228.160367	22.7378208	0	0	0	0	0	3
370	158	0	0.14453125	228.326705	192.412752	169.189607	228.326705	23.2231445	0	0	0	0	0	3
375	160	0	0.146484375	228.499806	192.887581	169.189607	228.499806	23.6979742	0	0	0	0	0	3
380	162	0	0.1484375	228.68259	193.352451	169.189607	228.68259	24.1628444	0	0	0	0	0	3
385	164	0	0.150390625	228.86995	193.807804	169.189607	228.86995	24.618197	0	0	0	0	0	3
390	166	0	0.15234375	229.053492	194.253952	169.189607	229.053492	25.0643449	0	0	0	0	0	3
395	168	0	0.154296875	229.237926	194.691252	169.189607	229.237926	25.5016446	0	0	0	0	0	3
400	170	0	0.15625	229.426323	195.12008	169.189607	229.426323	25.9304726	0	0	0	0	0	3
405	173	0	0.158203125	229.614247	195.54074	169.189607	229.614247	26.3511332	0	0	0	0	0	3
410	175	0	0.16015625	229.80649	195.953581	169.189607	229.80649	26.7639736	0	0	0	0	0	3
415	177	0	0.162109375	230.000096	196.358896	169.189607	230.000096	27.1692892	0	0	0	0	0	3
420	179	0	0.1640625	230.199629	196.757023	169.189607	230.199629	27.5674155	0	0	0	0	0	3
425	181	0	0.166015625	230.396443	197.148179	169.189607	230.396443	27.9585715	0	0	0	0	0	3
430	183	0	0.16796875	230.594675	197.532621	169.189607	230.594675	28.343014	0	0	0	0	0	3
435	185	0	0.169921875	230.796127	197.910615	169.189607	230.796127	28.7210084	0	0	0	0	0	3
440	187	0	0.171875	230.993064	198.282328	169.189607	230.993064	29.0927213	0	0	0	0	0	3
445	189	0	0.173828125	231.1888	198.647956	169.189607	231.1888	29.4583488	0	0	0	0	0	3
450	191	0	0.17578125	231.385928	199.007714	169.189607	231.385928	29.8181067	0	0	0	0	0	3
455	192	0	0.177734375	231.585155	199.361816	169.189607	231.585155	30.1722093	0	0	0	0	0	3
460	195	0	0.1796875	231.788687	199.710492	169.189607	231.788687	30.5208854	0	0	0	0	0	3
465	196	0	0.181640625	231.988622	200.053877	169.189607	231.988622	30.8642697	0	0	0	0	0	3
470	198	0	0.18359375	232.188274	200.392134	169.189607	232.188274	31.2025265	0	0	0	0	0	3
475	200	0	0.185546875	232.383513	200.725377	169.189607	232.383513	31.5357701	0	0	0	0	0	3
480	202	0	0.1875	232.576379	201.053738	169.189607	232.576379	31.8641309	0	0	0	0	0	3
485	204	0	0.189453125	232.772188	201.377396	169.189607	232.772188	32.1877886	0	0	0	0	0	3
490	205	0	0.19140625	232.966936	201.696482	169.189607	232.966936	32.5068748	0	0	0	0	0	3
495	207	0	0.193359375	233.161189	202.011129	169.189607	233.161189	32.8215219	0	0	0	0	0	3
500	209	0	0.1953125	233.354818	202.321463	169.189607	233.354818	33.1318555	0	0	0	0	0	3
505	212	0	0.197265625	243.381017	202.724007	169.189607	243.381017	33.5344001	0	0	0	0	0	3
510	214	0	0.19921875	243.526816	203.120151	169.189607	243.526816	33.9305439	0	0	0	0	0	3
515	216	0	0.201171875	243.662016	203.509977	169.189607	243.662016	34.3203695	0	0	0	0	0	3
520	218	0	0.203125	243.807444	203.893762	169.189607	243.807444	34.7041549	0	0	0	0	0	3
525	219	0	0.205078125	243.972117	204.27186	169.189607	243.972117	35.0822526	0	0	0	0	0	3
530	221	0	0.20703125	244.149806	204.644551	169.189607	244.149806	35.4549437	0	0	0	0	0	3
535	223	0	0.208984375	244.332745	205.012034	169.189607	244.332745	35.822427	0	0	0	0	0	3
540	225	0	0.2109375	244.517739	205.374472	169.189607	244.517739	36.1848646	0	0	0	0	0	3
545	227	0	0.212890625	244.700865	205.731984	169.189607	244.700865	36.5423773	0	0	0	0	0	3
550	228	0	0.21484375	244.881691	206.084684	169.189607	244.881691	36.8950774	0	0	0	0	0	3
555	230	0	0.216796875	245.067687	206.432747	169.189607	245.067687	37.2431399	0	0	0	0	0	3
560	232	0	0.21875	245.254213	206.7763	169.189607	245.254213	37.5866927	0	0	0	0	0	3
565	233	0	0.220703125	245.441946	207.115472	169.189607	245.441946	37.925865	0	0	0	0	0	3
570	235	0	0.22265625	245.629996	207.450381	169.189607	245.629996	38.2607739	0	0	0	0	0	3
575	236	0	0.224609375	245.818605	207.781142	169.189607	245.818605	38.5915345	0	0	0	0	0	3
580	238	0	0.2265625	246.006748	208.107856	169.189607	246.006748	38.918249	0	0	0	0	0	3
585	240	0	0.228515625	246.191915	208.430602	169.189607	246.191915	39.2409953	0	0	0	0	0	3
590	241	0	0.23046875	246.377087	208.74948	169.189607	246.377087	39.5598733	0	0	0	0	0	3
595	243	0	0.232421875	246.561735	209.064582	169.189607	246.561735	39.8749754	0	0	0	0	0	3
600	244	0	0.234375	246.74424	209.375985	169.189607	246.74424	40.1863776	0	0	0	0	0	3
605	247	0	0.236328125	246.923819	209.683754	169.189607	246.923819	40.4941467	0	0	0	0	0	3
610	248	0	0.23828125	247.102734	209.987973	169.189607	247.102734	40.7983661	0	0	0	0	0	3
615	250	0	0.240234375	247.283754	210.288746	169.189607	247.283754	41.0991385	0	0	0	0	0	3
620	252	0	0.2421875	247.463483	210.586143	169.189607	247.463483	41.3965364	0	0	0	0	0	3
625	253	0	0.244140625	247.640595	210.880226	169.189607	247.640595	41.6906193	0	0	0	0	0	3
630	254	0	0.24609375	247.814075	211.171044	169.189607	247.814075	41.981437	0	0	0	0	0	3
635	256	0	0.248046875	247.986405	211.458664	169.189607	247.986405	42.269057	0	0	0	0	0	3
640	258	0	0.25	248.156231	211.743141	169.189607	248.156231	42.5535343	0	0	0	0	0	3
645	259	0	0.251953125	248.322645	212.024522	169.189607	248.322645	42.8349151	0	0	0	0	0	3
650	260	0	0.25390625	248.492386	212.302903	169.189607	248.492386	43.1132957	0	0	0	0	0	3
655	262	0	0.255859375	248.660853	212.578342	169.189607	248.660853	43.3887348	0	0	0	0	0	3
660	263	0	0.2578125	248.827861	212.850895	169.189607	248.827861	43.6612875	0	0	0	0	0	3
665	264	0	0.259765625	248.991625	213.120602	169.189607	248.991625	43.9309945	0	0	0	0	0	3
670	266	0	0.26171875	255.383886	213.433663	169.189607	255.383886	44.2440559	0	0	0	0	0	3
675	267	0	0.263671875	255.543799	213.743296	169.189607	255.543799	44.5536892	0	0	0	0	0	3
680	269	0	0.265625	255.67935	214.049399	169.189607	255.67935	44.8597918	0	0	0	0	0	3
685	270	0	0.267578125	255.817468	214.352066	169.189607	255.817468	45.162459	0	0	0	0	0	3
690	271	0	0.26953125	255.961451	214.651414	169.189607	255.961451	45.461807	0	0	0	0	0	3
695	272	0	0.271484375	256.115419	214.947586	169.189607	256.115419	45.7579785	0	0	0	0	0	3
700	274	0	0.2734375	256.27393	215.24068	169.189607	256.27393	46.0510732	0	0	0	0	0	3
705	276	0	0.275390625	256.432298	215.530762	169.189607	256.432298	46.341155	0	0	0	0	0	3
710	277	0	0.27734375	256.595152	215.817926	169.189607	256.595152	46.6283185	0	0	0	0	0	3
715	278	0	0.279296875	256.759909	216.102245	169.189607	256.759909	46.9126379	0	0	0	0	0	3
720	279	0	0.28125	256.925251	216.383783	169.189607	256.925251	47.1941758	0	0	0	0	0	3
725	281	0	0.283203125	257.089278	216.662588	169.189607	257.089278	47.4729806	0	0	0	0	0	3
730	282	0	0.28515625	257.253672	216.938717	169.189607	257.253672	47.7491104	0	0	0	0	0	3
735	283	0	0.287109375	257.418189	217.212227	169.189607	257.418189	48.0226204	0	0	0	0	0	3
740	284	0	0.2890625	257.582458	217.483169	169.189607	257.582458	48.2935615	0	0	0	0	0	3
745	285	0	0.291015625	257.74799	217.751601	169.189607	257.74799	48.5619937	0	0	0	0	0	3
750	286	0	0.29296875	257.913096	218.017571	169.189607	257.913096	48.8279638	0	0	0	0	0	3
755	288	0	0.294921875	258.077641	218.281124	169.189607	258.077641	49.0915169	0	0	0	0	0	3
760	289	0	0.296875	258.242758	218.542311	169.189607	258.242758	49.3527041	0	0	0	0	0	3
765	290	0	0.298828125	258.404115	218.801154	169.189607	258.404115	49.6115469	0	0	0	0	0	3
770	291	0	0.30078125	258.561573	219.057673	169.189607	258.561573	49.8680658	0	0	0	0	0	3
775	292	0	0.302734375	258.715506	219.31189	169.189607	258.715506	50.1222827	0	0	0	0	0	3
780	293	0	0.3046875	258.867468	219.563836	169.189607	258.867468	50.374229	0	0	0	0	0	3
785	294	0	0.306640625	259.011191	219.813503	169.189607	259.011191	50.6238958	0	0	0	0	0	3
790	295	0	0.30859375	259.148316	220.060892	169.189607	259.148316	50.8712846	0	0	0	0	0	3
795	296	0	0.310546875	259.281609	220.306021	169.189607	259.281609	51.1164141	0	0	0	0	0	3
800	297	0	0.3125	259.412389	220.548918	169.189607	259.412389	51.3593108	0	0	0	0	0	3
805	299	0	0.314453125	259.537806	220.78959	169.189607	259.537806	51.5999829	0	0	0	0	0	3
810	300	0	0.31640625	259.65734	221.028042	169.189607	259.65734	51.8384354	0	0	0	0	0	3
815	301	0	0.318359375	259.767607	221.264259	169.189607	259.767607	52.0746522	0	0	0	0	0	3
820	302	0	0.3203125	259.867847	221.49822	169.189607	259.867847	52.3086134	0	0	0	0	0	3
825	303	0	0.322265625	259.96036	221.72992	169.189607	259.96036	52.540313	0	0	0	0	0	3
830	304	0	0.32421875	260.047066	221.959364	169.189607	260.047066	52.769757	0	0	0	0	0	3
835	305	0	0.326171875	260.133083	222.186589	169.189607	260.133083	52.9969815	0	0	0	0	0	3
840	306	0	0.328125	264.288603	222.435713	169.189607	264.288603	53.2461058	0	0	0	0	0	3
845	307	0	0.330078125	264.376731	222.682425	169.189607	264.376731	53.4928177	0	0	0	0	0	3
850	307	0	0.33203125	264.492223	222.926927	169.189607	264.492223	53.7373195	0	0	0	0	0	3
855	308	0	0.333984375	264.644091	223.169468	169.189607	264.644091	53.9798611	0	0	0	0	0	3
860	309	0	0.3359375	264.834445	223.410306	169.189607	264.834445	54.2206991	0	0	0	0	0	3
865	310	0	0.337890625	265.064594	223.649699	169.189607	265.064594	54.4600916	0	0	0	0	0	3
870	311	0	0.33984375	265.33781	223.887916	169.189607	265.33781	54.6983094	0	0	0	0	0	3
875	312	0	0.341796875	265.651574	224.12521	169.189607	265.651574	54.9356029	0	0	0	0	0	3
880	313	0	0.34375	266.003247	224.361809	169.189607	266.003247	55.172202	0	0	0	0	0	3
885	314	0	0.345703125	266.391555	224.597931	169.189607	266.391555	55.4083241	0	0	0	0	0	3
890	315	0	0.34765625	266.817441	224.833794	169.189607	266.817441	55.6441873	0	0	0	0	0	3
895	315	0	0.349609375	267.281595	225.069615	169.189607	267.281595	55.8800084	0	0	0	0	0	3
900	316	0	0.3515625	267.785933	225.305617	169.189607	267.785933	56.1160102	0	0	0	0	0	3
905	318	0	0.353515625	268.337193	225.542054	169.189607	268.337193	56.3524474	0	0	0	0	0	3
910	319	0	0.35546875	268.945946	225.779234	169.189607	268.945946	56.5896272	0	0	0	0	0	3
915	320	0	0.357421875	269.619133	226.017495	169.189607	269.619133	56.8278875	0	0	0	0	0	3
920	321	0	0.359375	270.355301	226.257158	169.189607	270.355301	57.0675513	0	0	0	0	0	3
925	321	0	0.361328125	271.147579	226.498505	169.189607	271.147579	57.3088976	0	0	0	0	0	3
930	322	0	0.36328125	271.991507	226.741783	169.189607	271.991507	57.5521757	0	0	0	0	0	3
935	323	0	0.365234375	272.883469	226.987217	169.189607	272.883469	57.7976102	0	0	0	0	0	3
940	324	0	0.3671875	273.822192	227.235021	169.189607	273.822192	58.0454143	0	0	0	0	0	3
945	325	0	0.369140625	274.807092	227.485401	169.189607	274.807092	58.2957937	0	0	0	0	0	3
950	325	0	0.37109375	275.839354	227.738563	169.189607	275.839354	58.5489557	0	0	0	0	0	3
955	326	0	0.373046875	276.920862	227.994721	169.189607	276.920862	58.8051135	0	0	0	0	0	3
960	327	0	0.375	278.054626	228.254098	169.189607	278.054626	59.0644913	0	0	0	0	0	3
965	328	0	0.376953125	279.243823	228.516932	169.189607	279.243823	59.3273249	0	0	0	0	0	3
970	329	0	0.37890625	280.492747	228.783475	169.189607	280.492747	59.5938675	0	0	0	0	0	3
975	329	0	0.380859375	281.809275	229.054014	169.189607	281.809275	59.8644073	0	0	0	0	0	3
980	330	0	0.3828125	283.20668	229.328901	169.189607	283.20668	60.139294	0	0	0	0	0	3
985	331	0	0.384765625	284.709338	229.6086	169.189607	284.709338	60.4189931	0	0	0	0	0	3
990	332	0	0.38671875	286.356596	229.893766	169.189607	286.356596	60.704159	0	0	0	0	0	3
995	333	0	0.388671875	288.192796	230.185261	169.189607	288.192796	60.9956541	0	0	0	0	0	3
1000	333	0	0.390625	290.221615	230.483949	169.189607	290.221615	61.2943424	0	0	0	0	0	3
1005	335	0	0.392578125	293.283176	230.794837	169.189607	293.283176	61.6052297	0	0	0	0	0	3
1010	336	0	0.39453125	295.561214	231.113883	169.189607	295.561214	61.9242759	0	0	0	0	0	3
1015	337	0	0.396484375	297.890215	231.441218	169.189607	297.890215	62.2516108	0	0	0	0	0	3
1020	338	0	0.3984375	300.241165	231.776827	169.189607	300.241165	62.5872203	0	0	0	0	0	3
1025	339	0	0.400390625	302.591066	232.120586	169.189607	302.591066	62.9309788	0	0	0	0	0	3
1030	339	0	0.40234375	304.923376	232.47229	169.189607	304.923376	63.2826831	0	0	0	0	0	3
1035	340	0	0.404296875	307.226638	232.831686	169.189607	307.226638	63.642079	0	0	0	0	0	3
1040	341	0	0.40625	309.489192	233.198468	169.189607	309.489192	64.0088613	0	0	0	0	0	3
1045	342	0	0.408203125	311.698738	233.572279	169.189607	311.698738	64.3826721	0	0	0	0	0	3
1050	343	0	0.41015625	313.847113	233.952729	169.189607	313.847113	64.7631216	0	0	0	0	0	3
1055	343	0	0.412109375	315.926772	234.339399	169.189607	315.926772	65.1497916	0	0	0	0	0	3
1060	344	0	0.4140625	317.933736	234.73186	169.189607	317.933736	65.5422533	0	0	0	0	0	3
1065	345	0	0.416015625	319.868511	235.129695	169.189607	319.868511	65.9400881	0	0	0	0	0	3
1070	346	0	0.41796875	321.735149	235.532511	169.189607	321.735149	66.3429041	0	0	0	0	0	3
1075	347	0	0.419921875	323.540791	235.939957	169.189607	323.540791	66.7503499	0	0	0	0	0	3
1080	347	0	0.421875	325.295257	236.351733	169.189607	325.295257	67.1621255	0	0	0	0	0	3
1085	348	0	0.423828125	327.011948	236.767605	169.189607	327.011948	67.577998	0	0	0	0	0	3
1090	349	0	0.42578125	328.704658	237.187409	169.189607	328.704658	67.9978019	0	0	0	0	0	3
1095	350	0	0.427734375	330.383201	237.611026	169.189607	330.383201	68.4214191	0	0	0	0	0	3
1100	351	0	0.4296875	332.050408	238.038354	169.189607	332.050408	68.8487467	0	0	0	0	0	3
1105	352	0	0.431640625	333.702957	238.469275	169.189607	333.702957	69.2796683	0	0	0	0	0	3
1110	353	0	0.43359375	335.333974	238.903646	169.189607	335.333974	69.7140391	0	0	0	0	0	3
1115	354	0	0.435546875	336.935802	239.34129	169.189607	336.935802	70.1516827	0	0	0	0	0	3
1120	355	0	0.4375	338.501924	239.782004	169.189607	338.501924	70.5923966	0	0	0	0	0	3
1125	356	0	0.439453125	340.028528	240.225572	169.189607	340.028528	71.0359653	0	0	0	0	0	3
1130	356	0	0.44140625	341.514154	240.671778	169.189607	341.514154	71.4821705	0	0	0	0	0	3
1135	357	0	0.443359375	342.958449	241.120403	169.189607	342.958449	71.9307963	0	0	0	0	0	3
1140	358	0	0.4453125	344.36061	241.571234	169.189607	344.36061	72.3816269	0	0	0	0	0	3
1145	359	0	0.447265625	345.718183	242.024047	169.189607	345.718183	72.8344397	0	0	0	0	0	3
1150	360	0	0.44921875	347.026217	242.478602	169.189607	347.026217	73.2889945	0	0	0	0	0	3
1155	361	0	0.451171875	348.277194	242.93463	169.189607	348.277194	73.7450229	0	0	0	0	0	3
1160	361	0	0.453125	349.460898	243.391824	169.189607	349.460898	74.2022172	0	0	0	0	0	3
1165	362	0	0.455078125	350.565045	243.849829	169.189607	350.565045	74.6602224	0	0	0	0	0	3
1170	363	0	0.45703125	337.08183	244.246561	169.189607	350.565045	75.0569544	0	0	0	0	0	3
1175	364	0	0.458984375	338.075188	244.64414	169.189607	350.565045	75.4545333	0	0	0	0	0	3
1180	365	0	0.4609375	338.954089	245.042073	169.189607	350.565045	75.8524656	0	0	0	0	0	3
1185	366	0	0.462890625	339.557866	245.439198	169.189607	350.565045	76.2495908	0	0	0	0	0	3
1190	366	0	0.46484375	340.22441	245.835789	169.189607	350.565045	76.6461816	0	0	0	0	0	3
1195	367	0	0.466796875	340.935328	246.232037	169.189607	350.565045	77.0424297	0	0	0	0	0	3
1200	368	0	0.46875	341.473886	246.627231	169.189607	350.565045	77.4376241	0	0	0	0	0	3
1205	370	0	0.470703125	341.838584	247.020666	169.189607	350.565045	77.8310594	0	0	0	0	0	3
1210	371	0	0.47265625	342.124495	247.41204	169.189607	350.565045	78.2224332	0	0	0	0	0	3
1215	372	0	0.474609375	342.367132	247.8012	169.189607	350.565045	78.6115934	0	0	0	0	0	3
1220	373	0	0.4765625	342.591841	248.188101	169.189607	350.565045	78.998494	0	0	0	0	0	3
1225	374	0	0.478515625	342.827029	248.572812	169.189607	350.565045	79.3832051	0	0	0	0	0	3
1230	374	0	0.48046875	343.122263	248.955603	169.189607	350.565045	79.7659964	0	0	0	0	0	3
1235	375	0	0.482421875	343.520407	249.336913	169.189607	350.565045	80.1473061	0	0	0	0	0	3
1240	376	0	0.484375	344.057771	249.717318	169.189607	350.565045	80.5277111	0	0	0	0	0	3
1245	377	0	0.486328125	344.757063	250.097477	169.189607	350.565045	80.9078701	0	0	0	0	0	3
1250	378	0	0.48828125	345.659475	250.478202	169.189607	350.565045	81.2885952	0	0	0	0	0	3
1255	379	0	0.490234375	346.78054	250.860354	169.189607	350.565045	81.6707473	0	0	0	0	0	3
1260	380	0	0.4921875	348.09602	251.244685	169.189607	350.565045	82.055078	0	0	0	0	0	3
1265	380	0	0.494140625	349.551851	251.631721	169.189607	350.565045	82.4421141	0	0	0	0	0	3
1270	381	0	0.49609375	351.083073	252.021726	169.189607	351.083073	82.8321194	0	0	0	0	0	3
1275	382	0	0.498046875	352.626256	252.414713	169.189607	352.626256	83.2251058	0	0	0	0	0	3
1280	383	0	0.5	354.123839	252.810468	169.189607	354.123839	83.6208612	0	0	0	0	0	3
1285	384	0	0.501953125	355.531105	253.864932	169.209165	355.531105	84.6622861	0	0	0	0	0	3
1290	385	0	0.50390625	356.825819	254.59781	169.209165	356.825819	85.3935341	0	0	0	0	0	3
1295	385	0	0.505859375	357.992241	255.335244	169.209166	357.992241	86.12999	0	0	0	0	0	3
1300	386	0	0.5078125	359.027562	256.076722	169.209166	359.027562	86.8708161	0	0	0	0	0	3
1305	388	0	0.509765625	359.938745	256.821759	169.209166	359.938745	87.6153878	0	0	0	0	0	3
1310	389	0	0.51171875	360.736683	257.569914	169.209166	360.736683	88.3631929	0	0	0	0	0	3
1315	390	0	0.513671875	361.434886	258.320795	169.209166	361.434886	89.113803	0	0	0	0	0	3
1320	391	0	0.515625	362.049251	259.074077	169.209166	362.049251	89.8668672	0	0	0	0	0	3
1325	392	0	0.517578125	362.597423	259.8295	169.209166	362.597423	90.6221123	0	0	0	0	0	3
1330	392	0	0.51953125	363.096716	260.586873	169.209166	363.096716	91.3793374	0	0	0	0	0	3
1335	393	0	0.521484375	363.563205	261.346069	169.209166	363.563205	92.1384074	0	0	0	0	0	3
1340	394	0	0.5234375	339.580953	262.011583	169.209166	363.563205	92.8038148	0	0	0	0	0	3
1345	395	0	0.525390625	340.127636	262.679234	169.209166	363.563205	93.4713719	0	0	0	0	0	3
1350	396	0	0.52734375	340.565616	263.348595	169.209166	363.563205	94.1406516	0	0	0	0	0	3
1355	397	0	0.529296875	340.979327	264.019572	169.209166	363.563205	94.8115568	0	0	0	0	0	3
1360	397	0	0.53125	341.402371	264.692202	169.209166	363.563205	95.4841226	0	0	0	0	0	3
1365	398	0	0.533203125	341.849921	265.36658	169.209166	363.563205	96.1584434	0	0	0	0	0	3
1370	399	0	0.53515625	342.281483	266.042643	169.209166	363.563205	96.8344557	0	0	0	0	0	3
1375	400	0	0.537109375	342.601301	266.719956	169.209166	363.563205	97.5117221	0	0	0	0	0	3
1380	401	0	0.5390625	342.910185	267.398476	169.218274	363.563205	98.1897854	0	0	0	0	0	3
1385	402	0	0.541015625	343.293467	268.078457	169.234607	363.563205	98.8686398	0	0	0	0	0	3
1390	402	0	0.54296875	343.764261	268.760214	169.257269	363.563205	99.5484191	0	0	0	0	0	3
1395	403	0	0.544921875	344.309858	269.444013	169.281238	363.563205	100.229441	0	0	0	0	0	3
1400	404	0	0.546875	344.951193	270.130224	169.318671	363.563205	100.911648	0	0	0	0	0	3
1405	406	0	0.548828125	345.72277	270.819302	169.359939	363.563205	101.59549	0	0	0	0	0	3
1410	407	0	0.55078125	346.635334	271.511784	169.399368	363.563205	102.281703	0	0	0	0	0	3
1415	408	0	0.552734375	347.679188	272.20819	169.446752	363.563205	102.970637	0	0	0	0	0	3
1420	409	0	0.5546875	348.826241	272.908891	169.50229	363.563205	103.662513	0	0	0	0	0	3
1425	410	0	0.556640625	350.059211	273.614191	169.556531	363.563205	104.357809	0	0	0	0	0	3
1430	410	0	0.55859375	351.349019	274.324318	169.630026	363.563205	105.056259	0	0	0	0	0	3
1435	411	0	0.560546875	352.646963	275.039228	169.719014	363.563205	105.757504	0	0	0	0	0	3
1440	412	0	0.5625	353.916642	275.75875	169.812517	363.563205	106.461414	0	0	0	0	0	3
1445	413	0	0.564453125	355.142419	276.482695	206.471272	363.563205	106.123247	0	0	0	0	0	3
1450	414	0	0.56640625	356.316108	277.068026	206.497149	363.563205	105.704753	0	0	0	0	0	3
1455	415	0	0.568359375	357.425491	277.65759	206.531815	363.563205	105.343816	0	0	0	0	0	3
1460	416	0	0.5703125	358.453899	278.251036	206.56586	363.563205	105.035891	0	0	0	0	0	3
1465	416	0	0.572265625	359.394434	278.848022	206.587288	363.563205	104.777181	0	0	0	0	0	3
1470	417	0	0.57421875	360.245216	279.448249	206.604498	363.563205	104.564066	0	0	0	0	0	3
1475	418	0	0.576171875	360.992399	280.051327	206.620326	363.563205	104.393092	0	0	0	0	0	3
1480	419	0	0.578125	361.607831	280.656746	206.643587	363.563205	104.260765	0	0	0	0	0	3
1485	420	0	0.580078125	362.05903	281.263838	206.678075	363.563205	104.163622	0	0	0	0	0	3
1490	421	0	0.58203125	362.321169	281.871819	206.716464	363.563205	104.098506	0	0	0	0	0	3
1495	422	0	0.583984375	362.395977	282.479942	206.774347	363.563205	104.062162	0	0	0	0	0	3
1500	422	0	0.5859375	362.296991	283.087452	206.835147	363.563205	104.051904	0	0	0	0	0	3
1505	425	0	0.587890625	332.655871	283.578939	206.89583	363.563205	103.950619	0	0	0	0	0	3
1510	425	0	0.58984375	325.495579	284.04222	206.984062	363.563205	103.843988	0	0	0	0	0	3
1515	426	0	0.591796875	317.755533	284.474921	207.077919	363.563205	103.728124	0	0	0	0	0	3
1520	427	0	0.59375	311.045877	284.881046	207.173731	363.563205	103.60571	0	0	0	0	0	3
1525	428	0	0.595703125	306.405191	285.268669	207.278695	363.563205	103.483463	0	0	0	0	0	3
1530	429	0	0.59765625	303.545115	285.644709	207.39157	363.563205	103.367074	0	0	0	0	0	3
1535	430	0	0.599609375	301.952534	286.014088	207.517602	363.563205	103.260227	0	0	0	0	0	3
1540	431	0	0.6015625	301.278579	286.380342	207.646631	363.563205	103.165503	0	0	0	0	0	3
1545	431	0	0.603515625	301.249463	286.745978	207.801229	363.563205	103.084114	0	0	0	0	0	3
1550	432	0	0.60546875	301.635406	287.112518	207.956339	363.563205	103.016824	0	0	0	0	0	3
1555	433	0	0.607421875	302.293693	287.481023	208.11452	363.563205	102.963946	0	0	0	0	0	3
1560	434	0	0.609375	303.10709	287.852088	208.274751	363.563205	102.925396	0	0	0	0	0	3
1565	435	0	0.611328125	304.006031	288.226038	208.439199	363.563205	102.900829	0	0	0	0	0	3
1570	436	0	0.61328125	305.005664	288.603251	208.606541	363.563205	102.89002	0	0	0	0	0	3
1575	437	0	0.615234375	306.138994	288.984237	208.786306	363.563205	102.892759	0	0	0	0	0	3
1580	437	0	0.6171875	307.424402	289.369542	208.971122	363.563205	102.909037	0	0	0	0	0	3
1585	438	0	0.619140625	308.897554	289.75988	209.151634	363.563205	102.939198	0	0	0	0	0	3
1590	439	0	0.62109375	310.551807	290.155974	209.333904	363.563205	102.983524	0	0	0	0	0	3
1595	440	0	0.623046875	312.315564	290.558246	209.517751	363.563205	103.042022	0	0	0	0	0	3
1600	441	0	0.625	314.156196	290.96699	209.705353	363.563205	103.114567	0	0	0	0	0	3
1605	443	0	0.626953125	316.096671	291.382581	209.893259	363.563205	103.20119	0	0	0	0	0	3
1610	444	0	0.62890625	318.166456	291.805523	227.470408	363.563205	103.046353	0	0	0	0	0	3
1615	445	0	0.630859375	320.383746	292.168466	227.578083	363.563205	102.846703	0	0	0	0	0	3
1620	446	0	0.6328125	322.748882	292.540227	227.657341	363.563205	102.670812	0	0	0	0	0	3
1625	446	0	0.634765625	325.268909	292.921522	227.746566	363.563205	102.518627	0	0	0	0	0	3
1630	447	0	0.63671875	327.945423	293.312924	227.86198	363.563205	102.389763	0	0	0	0	0	3
1635	448	0	0.638671875	330.782794	293.714958	228.001727	363.563205	102.283872	0	0	0	0	0	3
1640	449	0	0.640625	333.805588	294.128255	228.160367	363.563205	102.200827	0	0	0	0	0	3
1645	450	0	0.642578125	337.001286	294.553415	228.326705	363.563205	102.140663	0	0	0	0	0	3
1650	451	0	0.64453125	340.287389	294.990761	228.499806	363.563205	102.10318	0	0	0	0	0	3
1655	452	0	0.646484375	343.588474	295.440326	228.68259	363.563205	102.087875	0	0	0	0	0	3
1660	453	0	0.6484375	346.891351	295.902079	228.86995	363.563205	102.094275	0	0	0	0	0	3
1665	453	0	0.650390625	350.177055	296.375935	229.053492	363.563205	102.121983	0	0	0	0	0	3
1670	454	0	0.65234375	353.377237	296.861575	229.237926	363.563205	102.170323	0	0	0	0	0	3
1675	455	0	0.654296875	356.29003	297.357872	229.426323	363.563205	102.237792	0	0	0	0	0	3
1680	456	0	0.65625	359.117748	297.864479	229.614247	363.563205	102.323739	0	0	0	0	0	3
1685	457	0	0.658203125	361.904071	298.381236	229.80649	363.563205	102.427655	0	0	0	0	0	3
1690	458	0	0.66015625	364.183151	298.906145	230.000096	364.183151	102.547249	0	0	0	0	0	3
1695	458	0	0.662109375	366.821897	299.440605	230.199629	366.821897	102.683583	0	0	0	0	0	3
1700	459	0	0.6640625	369.178841	299.983493	230.396443	369.178841	102.835314	0	0	0	0	0	3
1705	461	0	0.666015625	371.47345	300.534575	230.594675	371.47345	103.001954	0	0	0	0	0	3
1710	462	0	0.66796875	374.018214	301.094823	230.796127	374.018214	103.184207	0	0	0	0	0	3
1715	463	0	0.669921875	376.238291	301.662956	230.993064	376.238291	103.380628	0	0	0	0	0	3
1720	464	0	0.671875	378.728871	302.240049	231.1888	378.728871	103.592093	0	0	0	0	0	3
1725	465	0	0.673828125	381.471522	302.827091	231.385928	381.471522	103.819377	0	0	0	0	0	3
1730	466	0	0.67578125	383.485134	303.421229	231.585155	383.485134	104.059412	0	0	0	0	0	3
1735	466	0	0.677734375	385.785617	304.023574	231.788687	385.785617	104.313082	0	0	0	0	0	3
1740	467	0	0.6796875	387.821944	304.633079	231.988622	387.821944	104.579202	0	0	0	0	0	3
1745	468	0	0.681640625	389.393654	305.247943	232.188274	389.393654	104.855809	0	0	0	0	0	3
1750	469	0	0.68359375	391.414823	305.869921	232.383513	391.414823	105.144544	0	0	0	0	0	3
1755	470	0	0.685546875	392.63832	306.495917	232.576379	392.63832	105.442179	0	0	0	0	0	3
1760	471	0	0.6875	393.920963	307.126169	232.772188	393.920963	105.748773	0	0	0	0	0	3
1765	472	0	0.689453125	394.75991	307.758933	232.966936	394.75991	106.062452	0	0	0	0	0	3
1770	472	0	0.69140625	395.506154	308.393852	233.161189	395.506154	106.382723	0	0	0	0	0	3
1775	473	0	0.693359375	395.802968	309.029172	233.354818	395.802968	106.707709	0	0	0	0	0	3
1780	474	0	0.6953125	396.061258	309.664744	243.381017	396.061258	106.940737	0	0	0	0	0	3
1785	475	0	0.697265625	396.545553	310.263043	243.526816	396.545553	107.142892	0	0	0	0	0	3
1790	476	0	0.69921875	397.109311	310.862974	243.662016	397.109311	107.352998	0	0	0	0	0	3
1795	477	0	0.701171875	397.919307	311.465542	243.807444	397.919307	107.57178	0	0	0	0	0	3
1800	478	0	0.703125	398.761712	312.070832	243.972117	398.761712	107.798972	0	0	0	0	0	3
1805	479	0	0.705078125	399.708258	312.679176	244.149806	399.708258	108.034626	0	0	0	0	0	3
1810	480	0	0.70703125	400.275177	313.289041	244.332745	400.275177	108.277007	0	0	0	0	0	3
1815	481	0	0.708984375	401.470261	313.902859	244.517739	401.470261	108.528388	0	0	0	0	0	3
1820	482	0	0.7109375	401.576898	314.516372	244.700865	401.576898	108.784387	0	0	0	0	0	3
1825	483	0	0.712890625	402.478922	315.132692	244.881691	402.478922	109.048008	0	0	0	0	0	3
1830	484	0	0.71484375	402.454616	315.748212	245.067687	402.478922	109.315465	0	0	0	0	0	3
1835	485	0	0.716796875	402.574826	316.363474	245.254213	402.574826	109.587174	0	0	0	0	0	3
1840	485	0	0.71875	403.149685	316.980253	245.441946	403.149685	109.864781	0	0	0	0	0	3
1845	486	0	0.720703125	402.833773	317.595065	245.629996	403.149685	110.144684	0	0	0	0	0	3
1850	487	0	0.72265625	402.566408	318.208098	245.818605	403.149685	110.426956	0	0	0	0	0	3
1855	488	0	0.724609375	401.426128	318.81594	246.006748	403.149685	110.708084	0	0	0	0	0	3
1860	489	0	0.7265625	400.12008	319.417945	246.191915	403.149685	110.987342	0	0	0	0	0	3
1865	490	0	0.728515625	397.32881	320.008323	246.377087	403.149685	111.258843	0	0	0	0	0	3
1870	491	0	0.73046875	397.390327	320.598219	246.561735	403.149685	111.533636	0	0	0	0	0	3
1875	491	0	0.732421875	394.6071	321.176521	246.74424	403.149685	111.800536	0	0	0	0	0	3
1880	492	0	0.734375	391.808812	321.743179	246.923819	403.149685	112.059426	0	0	0	0	0	3
1885	493	0	0.736328125	388.060456	322.294494	247.102734	403.149685	112.306521	0	0	0	0	0	3
1890	494	0	0.73828125	382.987681	322.825295	247.283754	403.149685	112.536549	0	0	0	0	0	3
1895	495	0	0.740234375	382.090366	323.351883	247.463483	403.149685	112.76574	0	0	0	0	0	3
1900	496	0	0.7421875	378.572709	323.864029	247.640595	403.149685	112.983802	0	0	0	0	0	3
1905	498	0	0.744140625	363.794425	324.317755	247.814075	403.149685	113.146711	0	0	0	0	0	3
1910	498	0	0.74609375	365.612353	324.777904	247.986405	403.149685	113.31924	0	0	0	0	0	3
1915	499	0	0.748046875	355.807646	325.199081	248.156231	403.149685	113.45594	0	0	0	0	0	3
1920	500	0	0.75	348.490647	325.591012	248.322645	403.149685	113.56649	0	0	0	0	0	3
1925	501	0	0.751953125	352.569354	325.998226	248.492386	403.149685	113.695323	0	0	0	0	0	3
1930	502	0	0.75390625	352.713415	326.405339	248.660853	403.149685	113.826998	0	0	0	0	0	3
1935	503	0	0.755859375	343.350908	326.775222	248.827861	403.149685	113.924328	0	0	0	0	0	3
1940	504	0	0.7578125	337.696311	327.122365	248.991625	403.149685	114.001763	0	0	0	0	0	3
1945	505	0	0.759765625	339.629756	327.47642	255.383886	403.149685	114.042757	0	0	0	0	0	3
1950	505	0	0.76171875	346.003184	327.830402	255.543799	403.149685	114.087105	0	0	0	0	0	3
1955	506	0	0.763671875	332.125405	328.129548	255.67935	403.149685	114.08015	0	0	0	0	0	3
1960	507	0	0.765625	334.339934	328.436816	255.817468	403.149685	114.08475	0	0	0	0	0	3
1965	508	0	0.767578125	339.041906	328.761912	255.961451	403.149685	114.110498	0	0	0	0	0	3
1970	509	0	0.76953125	324.721394	329.030505	256.115419	403.149685	114.08292	0	0	0	0	0	3
1975	510	0	0.771484375	275.560776	329.106464	256.27393	403.149685	113.865784	0	0	0	0	0	3
1980	511	0	0.7734375	272.246366	329.168856	256.432298	403.149685	113.638094	0	0	0	0	0	3
1985	512	0	0.775390625	271.183437	329.226478	256.595152	403.149685	113.408552	0	0	0	0	0	3
1990	513	0	0.77734375	270.159301	329.279463	256.759909	403.149685	113.177218	0	0	0	0	0	3
1995	513	0	0.779296875	269.187046	329.328006	256.925251	403.149685	112.944223	0	0	0	0	0	3
2000	514	0	0.78125	268.276969	329.372349	257.089278	403.149685	112.709761	0	0	0	0	0	3
2005	516	0	0.783203125	281.111797	329.466187	257.253672	403.149685	112.527469	0	0	0	0	0	3
2010	517	0	0.78515625	280.268542	329.556089	257.418189	403.149685	112.343861	0	0	0	0	0	3
2015	518	0	0.787109375	279.579784	329.642657	257.582458	403.149685	112.159489	0	0	0	0	0	3
2020	519	0	0.7890625	278.989645	329.726279	257.74799	403.149685	111.974678	0	0	0	0	0	3
2025	520	0	0.791015625	278.522206	329.807428	257.913096	403.149685	111.789858	0	0	0	0	0	3
2030	521	0	0.79296875	278.183013	329.886608	258.077641	403.149685	111.605484	0	0	0	0	0	3
2035	521	0	0.794921875	278.024014	329.964523	258.242758	403.149685	111.422212	0	0	0	0	0	3
2040	522	0	0.796875	278.057178	330.041923	258.404115	403.149685	111.240769	0	0	0	0	0	3
2045	523	0	0.798828125	278.247193	330.119435	258.561573	403.149685	111.061763	0	0	0	0	0	3
2050	524	0	0.80078125	278.466849	330.19719	258.715506	403.149685	110.885301	0	0	0	0	0	3
2055	525	0	0.802734375	278.649333	330.275057	258.867468	403.149685	110.711221	0	0	0	0	0	3
2060	526	0	0.8046875	278.799108	330.352915	259.011191	403.149685	110.539412	0	0	0	0	0	3
2065	527	0	0.806640625	278.922775	330.430695	259.148316	403.149685	110.369803	0	0	0	0	0	3
2070	528	0	0.80859375	279.008276	330.508273	259.281609	403.149685	110.202251	0	0	0	0	0	3
2075	529	0	0.810546875	279.032153	330.585423	259.412389	403.149685	110.036505	0	0	0	0	0	3
2080	529	0	0.8125	278.972959	330.661832	259.537806	403.149685	109.872242	0	0	0	0	0	3
2085	530	0	0.814453125	278.834467	330.737209	259.65734	403.149685	109.709167	0	0	0	0	0	3
2090	531	0	0.81640625	278.625421	330.811303	259.767607	403.149685	109.547044	0	0	0	0	0	3
2095	532	0	0.818359375	278.349978	330.883891	259.867847	403.149685	109.38567	0	0	0	0	0	3
2100	533	0	0.8203125	278.008106	330.954751	259.96036	403.149685	109.224831	0	0	0	0	0	3
2105	535	0	0.822265625	277.594741	331.023635	260.047066	403.149685	109.064271	0	0	0	0	0	3
2110	536	0	0.82421875	277.112867	331.090299	260.133083	403.149685	108.90371	0	0	0	0	0	3
2115	537	0	0.826171875	276.55643	331.154452	264.288603	403.149685	108.718739	0	0	0	0	0	3
2120	537	0	0.828125	275.920279	331.199889	264.376731	403.149685	108.517464	0	0	0	0	0	3
2125	538	0	0.830078125	275.201325	331.242172	264.492223	403.149685	108.315246	0	0	0	0	0	3
2130	539	0	0.83203125	274.402905	331.280886	264.644091	403.149685	108.111418	0	0	0	0	0	3
2135	540	0	0.833984375	273.531855	331.315604	264.834445	403.149685	107.905297	0	0	0	0	0	3
2140	541	0	0.8359375	272.593136	331.345911	265.064594	403.149685	107.696212	0	0	0	0	0	3
2145	542	0	0.837890625	271.606168	331.371464	265.33781	403.149685	107.483547	0	0	0	0	0	3
2150	543	0	0.83984375	270.613847	331.392073	265.651574	403.149685	107.266863	0	0	0	0	0	3
2155	544	0	0.841796875	269.663012	331.407743	266.003247	403.149685	107.045934	0	0	0	0	0	3
2160	545	0	0.84375	268.791047	331.418633	266.391555	403.149685	106.820702	0	0	0	0	0	3
2165	546	0	0.845703125	268.030235	331.425034	266.817441	403.149685	106.59124	0	0	0	0	0	3
2170	547	0	0.84765625	267.412203	331.427357	267.281595	403.149685	106.357742	0	0	0	0	0	3
2175	548	0	0.849609375	280.265727	331.478077	267.412203	403.149685	106.172459	0	0	0	0	0	3
2180	548	0	0.8515625	279.834147	331.52514	267.412203	403.149685	105.983085	0	0	0	0	0	3
2185	549	0	0.853515625	279.675419	331.56943	267.412203	403.149685	105.790196	0	0	0	0	0	3
2190	550	0	0.85546875	279.673184	331.611333	267.412203	403.149685	105.593839	0	0	0	0	0	3
2195	551	0	0.857421875	279.764745	331.650964	267.412203	403.149685	105.393806	0	0	0	0	0	3
2200	552	0	0.859375	280.003172	331.688651	267.412203	403.149685	105.190147	0	0	0	0	0	3
2205	554	0	0.861328125	280.402545	331.724804	267.412203	403.149685	104.983021	0	0	0	0	0	3
2210	555	0	0.86328125	280.915467	331.759663	267.412203	403.149685	104.772446	0	0	0	0	0	3
2215	556	0	0.865234375	281.438698	331.793082	267.412203	403.149685	104.55806	0	0	0	0	0	3
2220	556	0	0.8671875	281.922724	331.824724	267.412203	403.149685	104.339324	0	0	0	0	0	3
2225	557	0	0.869140625	282.325577	331.854094	267.412203	403.149685	104.115531	0	0	0	0	0	3
2230	558	0	0.87109375	282.611327	331.880547	267.412203	403.149685	103.885826	0	0	0	0	0	3
2235	559	0	0.873046875	282.753188	331.903329	267.412203	403.149685	103.649231	0	0	0	0	0	3
2240	560	0	0.875	282.744482	331.921649	267.412203	403.149685	103.404717	0	0	0	0	0	3
2245	561	0	0.876953125	282.607994	331.93479	267.412203	403.149685	103.151316	0	0	0	0	0	3
2250	562	0	0.87890625	282.373652	331.942137	267.412203	403.149685	102.888123	0	0	0	0	0	3
2255	563	0	0.880859375	282.06571	331.943139	267.412203	403.149685	102.614238	0	0	0	0	0	3
2260	564	0	0.8828125	281.693373	331.937228	267.412203	403.149685	102.334539	0	0	0	0	0	3
2265	564	0	0.884765625	281.256828	331.923741	267.412203	403.149685	102.049373	0	0	0	0	0	3
2270	565	0	0.88671875	280.746967	331.901829	267.412203	403.149685	101.757878	0	0	0	0	0	3
2275	566	0	0.888671875	280.160503	331.870453	267.412203	403.149685	101.45919	0	0	0	0	0	3
2280	567	0	0.890625	279.497873	331.828563	267.412203	403.149685	101.148302	0	0	0	0	0	3
2285	568	0	0.892578125	278.75421	331.771809	267.412203	403.149685	100.829256	0	0	0	0	0	3
2290	569	0	0.89453125	277.934354	331.702954	267.412203	403.149685	100.501921	0	0	0	0	0	3
2295	570	0	0.896484375	277.056639	331.621573	267.412203	403.149685	100.166312	0	0	0	0	0	3
2300	571	0	0.8984375	276.146235	331.527452	267.412203	403.149685	99.8225533	0	0	0	0	0	3
2305	573	0	0.900390625	275.23044	331.420575	267.412203	403.149685	99.470849	0	0	0	0	0	3
2310	574	0	0.90234375	274.338852	331.301104	267.412203	403.149685	99.1114531	0	0	0	0	0	3
2315	575	0	0.904296875	273.500821	331.169363	267.412203	403.149685	98.7446707	0	0	0	0	0	3
2320	575	0	0.90625	272.745798	331.025834	267.412203	403.149685	98.3708599	0	0	0	0	0	3
2325	576	0	0.908203125	272.111698	330.871197	267.412203	403.149685	97.9904105	0	0	0	0	0	3
2330	577	0	0.91015625	271.63555	330.706308	267.412203	403.149685	97.6037405	0	0	0	0	0	3
2335	578	0	0.912109375	271.332011	330.53211	267.412203	403.149685	97.2112788	0	0	0	0	0	3
2340	579	0	0.9140625	281.097983	330.38822	267.412203	403.149685	96.813444	0	0	0	0	0	3
2345	580	0	0.916015625	280.988798	330.236346	267.412203	403.149685	96.4106279	0	0	0	0	0	3
2350	581	0	0.91796875	281.041888	330.077388	267.412203	403.149685	96.0031822	0	0	0	0	0	3
2355	582	0	0.919921875	281.328048	329.912495	267.412203	403.149685	95.5914066	0	0	0	0	0	3
2360	582	0	0.921875	281.780512	329.742515	267.412203	403.149685	95.175534	0	0	0	0	0	3
2365	583	0	0.923828125	282.416776	329.568315	267.412203	403.149685	94.7557301	0	0	0	0	0	3
2370	584	0	0.92578125	283.254301	329.390775	267.412203	403.149685	94.3321129	0	0	0	0	0	3
2375	585	0	0.927734375	284.189709	329.210331	267.412203	403.149685	93.9047854	0	0	0	0	0	3
2380	586	0	0.9296875	285.149078	329.027123	267.412203	403.149685	93.4738638	0	0	0	0	0	3
2385	587	0	0.931640625	286.056027	328.841002	267.412203	403.149685	93.0394929	0	0	0	0	0	3
2390	588	0	0.93359375	286.84885	328.651607	267.412203	403.149685	92.6018494	0	0	0	0	0	3
2395	589	0	0.935546875	287.485316	328.458441	267.412203	403.149685	92.1611354	0	0	0	0	0	3
2400	589	0	0.9375	287.94745	328.260963	267.412203	403.149685	91.7175667	0	0	0	0	0	3
2405	591	0	0.939453125	288.238178	328.058657	267.412203	403.149685	91.2713615	0	0	0	0	0	3
2410	592	0	0.94140625	288.375183	327.851083	267.412203	403.149685	90.8227358	0	0	0	0	0	3
2415	593	0	0.943359375	288.383027	327.637897	267.412203	403.149685	90.3719052	0	0	0	0	0	3
2420	594	0	0.9453125	288.280944	327.418836	267.412203	403.149685	89.9190924	0	0	0	0	0	3
2425	595	0	0.947265625	288.079955	327.193687	267.412203	403.149685	89.4645375	0	0	0	0	0	3
2430	596	0	0.94921875	287.788315	326.962289	267.412203	403.149685	89.0085091	0	0	0	0	0	3
2435	597	0	0.951171875	287.414968	326.724546	267.412203	403.149685	88.5513148	0	0	0	0	0	3
2440	597	0	0.953125	286.978534	326.480474	267.412203	403.149685	88.0933096	0	0	0	0	0	3
2445	598	0	0.955078125	286.52352	326.230312	267.412203	403.149685	87.6965777	0	0	0	0	0	3
2450	599	0	0.95703125	286.070936	326.031051	267.412203	403.149685	87.2989988	0	0	0	0	0	3
2455	600	0	0.958984375	285.630641	325.826189	267.412203	403.149685	86.9010665	0	0	0	0	0	3
2460	601	0	0.9609375	285.207919	325.616243	267.412203	403.149685	86.5039413	0	0	0	0	0	3
2465	602	0	0.962890625	284.805823	325.402368	267.412203	403.149685	86.1073504	0	0	0	0	0	3
2470	603	0	0.96484375	284.427282	325.18441	267.412203	403.149685	85.7111024	0	0	0	0	0	3
2475	604	0	0.966796875	284.077044	324.962308	267.412203	403.149685	85.315908	0	0	0	0	0	3
2480	605	0	0.96875	283.765912	324.736886	267.412203	403.149685	84.9224726	0	0	0	0	0	3
2485	605	0	0.970703125	283.511407	324.509045	267.412203	403.149685	84.5310988	0	0	0	0	0	3
2490	606	0	0.97265625	283.340183	324.279419	267.412203	403.149685	84.1419386	0	0	0	0	0	3
2495	607	0	0.974609375	283.270912	324.048575	267.412203	403.149685	83.7550381	0	0	0	0	0	3
2500	608	0	0.9765625	283.295108	323.816947	267.412203	403.149685	83.370327	0	0	0	0	0	3
2505	610	0	0.978515625	283.399597	323.584808	267.412203	403.149685	82.9875357	0	0	0	0	0	3
2510	611	0	0.98046875	288.929695	323.373119	267.412203	403.149685	82.606226	0	0	0	0	0	3
2515	612	0	0.982421875	289.121149	323.160621	267.412203	403.149685	82.2258209	0	0	0	0	0	3
2520	613	0	0.984375	289.513664	322.947559	267.412203	403.149685	81.845662	0	0	0	0	0	3
2525	614	0	0.986328125	290.075116	322.733957	267.412203	403.149685	81.4649369	0	0	0	0	0	3
2530	615	0	0.98828125	290.792806	322.519634	267.412203	403.149685	81.0827847	0	0	0	0	0	3
2535	615	0	0.990234375	291.657597	322.30431	267.412203	403.149685	80.698454	0	0	0	0	0	3
2540	616	0	0.9921875	292.607851	322.08756	267.412203	403.149685	80.3114179	0	0	0	0	0	3
2545	617	0	0.994140625	293.600889	321.869001	267.412203	403.149685	79.9214126	0	0	0	0	0	3
2550	618	0	0.99609375	294.574164	321.648263	267.412203	403.149685	79.5284262	0	0	0	0	0	3
2555	619	0	0.998046875	295.466925	321.424985	267.412203	403.149685	79.1326708	0	0	0	0	0	3
2560	620	0	1	296.238839	321.198871	267.412203	403.149685	78.0782068	7.01821562	0	8.9	0	0	3
2565	621	0	1.00195312	296.866735	320.969714	267.412203	403.149685	77.3453292	7.01821562	0	9	0	0	3
2570	622	0	1.00390625	297.341803	320.737354	267.412203	403.149685	76.6078953	7.01821562	0	9.1	0	0	3
2575	623	0	1.00585938	297.678139	320.501752	267.412203	403.149685	75.8664172	7.01821562	0	9.2	0	0	3
2580	623	0	1.0078125	297.895378	320.262955	267.412203	403.149685	75.1213798	7.01821562	0	9.3	0	0	3
2585	624	0	1.00976562	298.022077	320.021093	267.412203	403.149685	74.3732254	7.01821562	0	9.4	0	0	3
2590	625	0	1.01171875	298.080656	319.776343	267.412203	403.149685	73.6223437	7.01821562	0	9.5	0	0	3
2595	626	0	1.01367188	298.088699	319.528897	267.412203	403.149685	72.8690621	7.01821562	0	9.6	0	0	3
2600	627	0	1.015625	298.061022	319.278942	267.412203	403.149685	72.1136393	7.01821562	0	9.7	0	0	3
2605	629	0	1.01757812	298.002581	319.026619	267.412203	403.149685	71.356266	7.01821562	0	9.8	0	0	3
2610	630	0	1.01953125	297.92164	318.772029	267.412203	403.149685	70.5970705	7.01821562	0	9.9	0	0	3
2615	631	0	1.02148438	297.836978	318.515286	267.412203	403.149685	69.9315558	7.01821562	0	10	0	0	3
2620	632	0	1.0234375	297.762529	318.351932	267.412203	403.149685	69.2639055	7.01821562	0	10.1	0	0	3
2625	633	0	1.02539062	297.704939	318.186219	267.412203	403.149685	68.5945443	7.01821562	0	10.2	0	0	3
2630	634	0	1.02734375	297.668743	318.018653	267.412203	403.149685	67.9235672	7.01821562	0	10.3	0	0	3
2635	635	0	1.02929688	297.658232	317.84943	267.412203	403.149685	67.2509374	7.01821562	0	10.4	0	0	3
2640	636	0	1.03125	297.67603	317.678624	267.412203	403.149685	66.5765595	7.01821562	0	10.5	0	0	3
2645	637	0	1.03320312	297.724952	317.506261	267.412203	403.149685	65.9004958	7.01821562	0	10.6	0	0	3
2650	637	0	1.03515625	297.806942	317.332532	267.412203	403.149685	65.2231827	7.01821562	0	10.7	0	0	3
2655	638	0	1.03710938	297.926121	317.15802	267.412203	403.149685	64.5446631	7.01821562	0	10.8	0	0	3
2660	639	0	1.0390625	298.088574	316.982935	267.412203	403.149685	63.8646819	7.01821562	0	10.9	0	0	3
2665	640	0	1.04101562	298.302653	316.80719	267.412203	403.149685	63.1829254	7.01821562	0	11.1	0	0	3
2670	641	0	1.04296875	298.581676	316.630695	267.412203	403.149685	62.4991263	7.01821562	0	11.2	0	0	3
2675	642	0	1.04492188	299.296273	316.454861	267.412203	403.149685	61.8129155	7.01821562	0	11.3	0	0	3
2680	643	0	1.046875	299.754294	316.278311	267.412203	403.149685	61.123837	7.01821562	0	11.4	0	0	3
2685	644	0	1.04882812	300.322889	316.100967	267.412203	403.149685	60.431355	7.01821562	0	11.6	0	0	3
2690	645	0	1.05078125	300.989953	315.922665	267.412203	403.149685	59.7349494	7.01821562	0	11.7	0	0	3
2695	646	0	1.05273438	301.731596	315.743182	267.412203	403.149685	59.0342483	7.01821562	0	11.8	0	0	3
2700	646	0	1.0546875	302.517266	315.562288	267.412203	403.149685	58.3289478	7.01821562	0	12	0	0	3
2705	649	0	1.05664062	303.315794	315.379696	267.412203	403.149685	57.6188209	7.01821562	0	12.1	0	0	3
2710	649	0	1.05859375	304.097058	315.195118	267.412203	403.149685	56.903911	7.01821562	0	12.3	0	0	3
2715	650	0	1.06054688	304.833467	315.008347	267.412203	403.149685	56.184389	7.01821562	0	12.4	0	0	3
2720	651	0	1.0625	305.506038	314.819243	267.412203	403.149685	55.4604441	7.01821562	0	12.6	0	0	3
2725	652	0	1.06445312	306.102685	314.627682	267.412203	403.149685	54.8751127	7.01821562	0	12.7	0	0	3
2730	653	0	1.06640625	306.618495	314.43355	267.412203	403.149685	54.2855489	7.01821562	0	12.9	0	0	3
2735	654	0	1.06835938	307.054878	314.23679	267.412203	403.149685	53.6921032	7.01821562	0	13	0	0	3
2740	655	0	1.0703125	307.41888	314.037434	267.412203	403.149685	53.0951166	7.01821562	0	13.2	0	0	3
2745	656	0	1.07226562	307.723049	313.835593	267.412203	403.149685	52.4948903	7.01821562	0	13.3	0	0	3
2750	657	0	1.07421875	307.982908	313.631444	267.412203	403.149685	51.8918126	7.01821562	0	13.5	0	0	3
2755	658	0	1.07617188	308.214174	313.425279	267.412203	403.149685	51.2863926	7.01821562	0	13.6	0	0	3
2760	659	0	1.078125	308.431559	313.217559	267.412203	403.149685	50.6793011	7.01821562	0	13.8	0	0	3
2765	659	0	1.08007812	308.648179	313.008923	267.412203	403.149685	50.0713202	7.01821562	0	14	0	0	3
2770	660	0	1.08203125	308.875427	312.80015	267.412203	403.149685	49.4631971	7.01821562	0	14.1	0	0	3
2775	661	0	1.08398438	309.121214	312.592046	267.412203	403.149685	48.8556868	7.01821562	0	14.3	0	0	3
2780	662	0	1.0859375	309.390372	312.385379	267.412203	403.149685	48.3641996	7.01821562	0	14.5	0	0	3
2785	663	0	1.08789062	309.680673	312.295632	267.412203	403.149685	47.9009193	7.01821562	0	14.6	0	0	3
2790	664	0	1.08984375	309.983679	312.235039	267.412203	403.149685	47.4682183	7.01821562	0	14.7	0	0	3
2795	665	0	1.09179688	310.291231	312.205882	267.412203	403.149685	47.0620934	7.01821562	0	14.9	0	0	3
2800	666	0	1.09375	310.5982	312.204133	267.412203	403.149685	46.6744705	7.01821562	0	15	0	0	3
2805	668	0	1.09570312	310.903099	312.221703	267.412203	403.149685	46.2984298	7.01821562	0	15.1	0	0	3
2810	669	0	1.09765625	311.207512	312.251634	267.412203	403.149685	45.9290511	7.01821562	0	15.2	0	0	3
2815	670	0	1.09960938	311.514922	312.288987	267.412203	403.149685	45.5627973	7.01821562	0	15.4	0	0	3
2820	671	0	1.1015625	311.829707	312.330202	267.412203	403.149685	45.1971612	7.01821562	0	15.5	0	0	3
2825	672	0	1.10351562	312.157248	312.372811	267.412203	403.149685	44.8306215	7.01821562	0	15.6	0	0	3
2830	672	0	1.10546875	312.502993	312.415262	267.412203	403.149685	44.4621162	7.01821562	0	15.7	0	0	3
2835	673	0	1.10742188	312.869866	312.456576	267.412203	403.149685	44.0910514	7.01821562	0	15.9	0	0	3
2840	674	0	1.109375	308.340208	312.477017	267.412203	403.149685	43.7171011	7.01821562	0	16	0	0	3
2845	675	0	1.11132812	308.780917	312.495669	267.412203	403.149685	43.3398884	7.01821562	0	16.1	0	0	3
2850	676	0	1.11328125	309.210992	312.512096	267.412203	403.149685	42.9589022	7.01821562	0	16.3	0	0	3
2855	677	0	1.11523438	309.582273	312.525547	267.412203	403.149685	42.5735972	7.01821562	0	16.4	0	0	3
2860	678	0	1.1171875	310.013338	312.53566	267.412203	403.149685	42.1832595	7.01821562	0	16.6	0	0	3
2865	679	0	1.11914062	310.4979	312.541911	267.412203	403.149685	41.7871651	7.01821562	0	16.7	0	0	3
2870	680	0	1.12109375	310.950607	312.543469	267.412203	403.149685	41.384893	7.01821562	0	16.9	0	0	3
2875	681	0	1.12304688	311.349801	312.539696	267.412203	403.149685	40.9761491	7.01821562	0	17.1	0	0	3
2880	681	0	1.125	311.714932	312.53016	267.412203	403.149685	40.560558	7.01821562	0	17.3	0	0	3
2885	682	0	1.12695312	312.065262	312.514413	267.412203	403.149685	40.1376158	7.01821562	0	17.4	0	0	3
2890	683	0	1.12890625	312.407147	312.491915	267.412203	403.149685	39.7746731	7.01821562	0	17.6	0	0	3
2895	684	0	1.13085938	312.742349	312.462066	267.412203	403.149685	39.4029122	7.01821562	0	17.8	0	0	3
2900	685	0	1.1328125	313.076395	312.424283	267.412203	403.149685	39.021617	7.01821562	0	17.9	0	0	3
2905	687	0	1.13476562	313.416096	312.377983	267.412203	403.149685	38.6302152	7.01821562	0	18.1	0	0	3
2910	688	0	1.13671875	313.765947	312.322594	267.412203	403.149685	38.2281808	7.01821562	0	18.3	0	0	3
2915	689	0	1.13867188	314.129668	312.257543	267.412203	403.149685	37.8148844	7.01821562	0	18.5	0	0	3
2920	690	0	1.140625	314.510146	312.18217	267.412203	403.149685	37.3897246	7.01821562	0	18.7	0	0	3
2925	691	0	1.14257812	314.908381	312.09587	267.412203	403.149685	36.9523782	7.01821562	0	18.9	0	0	3
2930	692	0	1.14453125	315.324465	311.998358	267.412203	403.149685	36.5028131	7.01821562	0	19.2	0	0	3
2935	693	0	1.14648438	315.75918	311.88965	267.412203	403.149685	36.0410601	7.01821562	0	19.4	0	0	3
2940	693	0	1.1484375	316.212232	311.76981	267.412203	403.149685	35.5672042	7.01821562	0	19.7	0	0	3
2945	694	0	1.15039062	316.680063	311.638962	267.412203	403.149685	35.0815646	7.01821562	0	20	0	0	3
2950	695	0	1.15234375	317.157278	311.497478	267.412203	403.149685	34.5852673	7.01821562	0	20.2	0	0	3
2955	696	0	1.15429688	317.637175	311.34649	267.412203	403.149685	34.0786602	7.01821562	0	20.5	0	0	3
2960	697	0	1.15625	318.112383	311.186313	267.412203	403.149685	33.561903	7.01821562	0	20.9	0	0	3
2965	698	0	1.15820312	318.574327	311.017056	267.412203	403.149685	33.0369942	7.01821562	0	21.2	0	0	3
2970	699	0	1.16015625	319.014275	310.840615	267.412203	403.149685	32.502534	7.01821562	0	21.5	0	0	3
2975	700	0	1.16210938	319.425037	310.655471	267.412203	403.149685	31.9596465	7.01821562	0	21.9	0	0	3
2980	701	0	1.1640625	319.801558	310.462591	267.412203	403.149685	31.4085644	7.01821562	0	22.3	0	0	3
2985	702	0	1.16601562	320.140003	310.26207	267.412203	403.149685	30.8483162	7.01821562	0	22.7	0	0	3
2990	703	0	1.16796875	320.437247	310.052769	267.412203	403.149685	30.2801828	7.01821562	0	23.1	0	0	3
2995	704	0	1.16992188	320.690652	309.835786	267.412203	403.149685	29.7030898	7.01821562	0	23.6	0	0	3
3000	704	0	1.171875	320.898462	309.609886	267.412203	403.149685	29.1160479	7.01821562	0	24.1	0	0	3
3005	707	0	1.17382812	321.060446	309.373906	267.412203	403.149685	28.5219104	7.01821562	0	24.6	0	0	3
3010	707	0	1.17578125	312.466901	309.096491	267.412203	403.149685	27.9195648	7.01821562	0	25.1	0	0	3
3015	708	0	1.17773438	312.605445	308.810631	267.412203	403.149685	27.3100599	7.01821562	0	25.6	0	0	3
3020	709	0	1.1796875	312.660738	308.517032	267.412203	403.149685	26.6951965	7.01821562	0	26.2	0	0	3
3025	710	0	1.18164062	312.680955	308.217373	267.412203	403.149685	26.0732178	7.01821562	0	26.9	0	0	3
3030	711	0	1.18359375	312.677812	307.909807	267.412203	403.149685	25.4472225	7.01821562	0	27.5	0	0	3
3035	712	0	1.18554688	312.646483	307.597339	267.412203	403.149685	24.8169702	7.01821562	0	28.2	0	0	3
3040	713	0	1.1875	312.607198	307.279707	267.412203	403.149685	24.6634323	7.01821562	0	28.4	0	0	3
3045	714	0	1.18945312	312.59658	306.958756	267.412203	403.149685	24.9843828	7.01821562	0	28	0	0	3
3050	715	0	1.19140625	312.628129	306.635014	267.412203	403.149685	25.3081251	7.01821562	0	27.7	0	0	3
3055	716	0	1.19335938	312.713539	306.310446	267.412203	403.149685	25.6326932	7.01821562	0	27.3	0	0	3
3060	717	0	1.1953125	312.860199	305.985442	267.412203	403.149685	25.9576974	7.01821562	0	27	0	0	3
3065	717	0	1.19726562	313.077181	305.659393	267.412203	403.149685	26.2837457	7.01821562	0	26.7	0	0	3
3070	718	0	1.19921875	313.367075	305.332275	267.412203	403.149685	26.6108638	7.01821562	0	26.3	0	0	3
3075	719	0	1.20117188	313.72489	305.003391	267.412203	403.149685	26.9397482	7.01821562	0	26	0	0	3
3080	720	0	1.203125	314.133342	304.672811	267.412203	403.149685	27.2703278	7.01821562	0	25.7	0	0	3
3085	721	0	1.20507812	314.573536	304.340254	267.412203	403.149685	27.6028853	7.01821562	0	25.4	0	0	3
3090	722	0	1.20703125	315.030443	304.007267	267.412203	403.149685	27.9358726	7.01821562	0	25.1	0	0	3
3095	723	0	1.20898438	315.494899	303.671425	267.412203	403.149685	28.2717138	7.01821562	0	24.8	0	0	3
3100	724	0	1.2109375	315.964821	303.337003	267.412203	403.149685	28.606136	7.01821562	0	24.5	0	0	3
3105	726	0	1.21289062	316.437615	303.000904	267.412203	403.149685	28.9422349	7.01821562	0	24.2	0	0	3
3110	727	0	1.21484375	316.907962	302.666738	267.412203	403.149685	29.2764015	7.01821562	0	23.9	0	0	3
3115	727	0	1.21679688	317.373752	302.333921	267.412203	403.149685	29.6092182	7.01821562	0	23.7	0	0	3
3120	728	0	1.21875	317.832327	302.00065	267.412203	402.833773	29.9424891	7.01821562	0	23.4	0	0	3
3125	729	0	1.22070312	318.276512	301.670348	267.412203	402.566408	30.2727909	7.01821562	0	23.1	0	0	3
3130	730	0	1.22265625	318.696298	301.342731	267.412203	401.426128	30.6004085	7.01821562	0	22.9	0	0	3
3135	731	0	1.22460938	319.080192	301.021067	267.412203	400.12008	30.9220723	7.01821562	0	22.6	0	0	3
3140	732	0	1.2265625	319.417046	300.705821	267.412203	397.390327	31.2373186	7.01821562	0	22.4	0	0	3
3145	733	0	1.22851562	319.695218	300.402564	267.412203	397.390327	31.5405748	7.01821562	0	22.2	0	0	3
3150	734	0	1.23046875	319.904405	300.099885	267.412203	394.6071	31.8432542	7.01821562	0	22	0	0	3
3155	735	0	1.23242188	320.043332	299.80862	267.412203	391.808812	32.1345189	7.01821562	0	21.8	0	0	3
3160	736	0	1.234375	320.110328	299.528548	267.412203	388.060456	32.4145911	7.01821562	0	21.6	0	0	3
3165	737	0	1.23632812	320.108525	299.263111	267.412203	382.987681	32.6800283	7.01821562	0	21.4	0	0	3
3170	737	0	1.23828125	320.036911	299.017209	267.412203	382.090366	32.9259298	7.01821562	0	21.3	0	0	3
3175	738	0	1.24023438	310.799009	298.738727	267.412203	378.572709	33.2044116	7.01821562	0	21.1	0	0	3
3180	739	0	1.2421875	310.590764	298.473173	267.412203	365.612353	33.4699661	7.01821562	0	20.9	0	0	3
3185	740	0	1.24414062	310.29576	298.264194	267.412203	365.612353	33.6789452	7.01821562	0	20.8	0	0	3
3190	741	0	1.24609375	309.996405	298.046944	267.412203	355.807646	33.896195	7.01821562	0	20.7	0	0	3
3195	742	0	1.24804688	309.629649	297.866561	267.412203	352.713415	34.0765778	7.01821562	0	20.5	0	0	3
3200	743	0	1.25	309.153399	297.7129	267.412203	352.713415	34.230239	7.01821562	0	20.5	0	0	3
3205	745	0	1.25195312	308.728708	297.541648	267.412203	352.713415	34.4014915	7.01821562	0	20.4	0	0	3
3210	746	0	1.25390625	308.429896	297.368665	267.412203	346.003184	34.574474	7.01821562	0	20.2	0	0	3
3215	747	0	1.25585938	308.242576	297.231523	267.412203	346.003184	34.7116159	7.01821562	0	20.2	0	0	3
3220	748	0	1.2578125	308.141482	297.116075	267.412203	346.003184	34.8270645	7.01821562	0	20.1	0	0	3
3225	749	0	1.25976562	308.122284	296.992999	267.412203	346.003184	34.9501405	7.01821562	0	20	0	0	3
3230	750	0	1.26171875	308.194912	296.84531	267.412203	339.041906	35.0978291	7.01821562	0	19.9	0	0	3
3235	751	0	1.26367188	308.351014	296.752441	267.412203	339.041906	35.1906978	7.01821562	0	19.9	0	0	3
3240	752	0	1.265625	308.589852	296.651855	267.412203	339.041906	35.2912841	7.01821562	0	19.8	0	0	3
3245	753	0	1.26757812	308.904383	296.53413	267.412203	324.721394	35.4090088	7.01821562	0	19.8	0	0	3
3250	754	0	1.26953125	309.259814	296.473734	267.412203	321.060446	35.4694056	7.01821562	0	19.7	0	0	3
3255	754	0	1.27148438	309.619919	296.606777	267.412203	321.060446	35.4694056	7.01821562	0	19.7	0	0	3
3260	755	0	1.2734375	309.968326	296.754128	267.412203	321.060446	35.4694056	7.01821562	0	19.7	0	0	3
3265	756	0	1.27539062	310.302304	296.906937	267.412203	321.060446	35.4694056	7.01821562	0	19.7	0	0	3
3270	757	0	1.27734375	310.629001	297.065021	267.412203	321.060446	35.4694056	7.01821562	0	19.7	0	0	3
3275	758	0	1.27929688	310.955109	297.228178	267.412203	321.060446	35.4694056	7.01821562	0	19.7	0	0	3
3280	759	0	1.28125	311.283295	297.396171	267.412203	321.060446	35.4694056	7.01821562	0	19.7	0	0	3
3285	760	0	1.28320312	311.608987	297.515301	267.412203	321.060446	35.4694056	7.01821562	0	19.7	0	0	3
3290	761	0	1.28515625	311.922187	297.638948	267.412203	321.060446	35.4694056	7.01821562	0	19.7	0	0	3
3295	762	0	1.28710938	312.210055	297.76641	267.412203	321.060446	35.4694056	7.01821562	0	19.7	0	0	3
3300	763	0	1.2890625	312.458523	297.897148	267.412203	321.060446	35.4694056	7.01821562	0	19.7	0	0	3
3305	765	0	1.29101562	312.648073	298.030452	267.412203	321.060446	35.4694056	7.01821562	0	19.7	0	0	3
3310	766	0	1.29296875	312.767349	298.165547	267.412203	321.060446	35.4694056	7.01821562	0	19.7	0	0	3
3315	767	0	1.29492188	312.814547	298.301448	267.412203	321.060446	35.4694056	7.01821562	0	19.7	0	0	3
3320	768	0	1.296875	312.793703	298.437137	267.412203	321.060446	35.4694056	7.01821562	0	19.7	0	0	3
3325	769	0	1.29882812	312.71095	298.571761	267.412203	321.060446	35.4694056	7.01821562	0	19.7	0	0	3
3330	770	0	1.30078125	312.554653	298.704917	267.412203	321.060446	35.4694056	7.01821562	0	19.7	0	0	3
3335	770	0	1.30273438	312.309178	298.8364	267.412203	321.060446	35.4694056	7.01821562	0	19.7	0	0	3
3340	771	0	1.3046875	311.96894	298.96597	267.412203	321.060446	35.4694056	7.01821562	0	19.7	0	0	3
3345	772	0	1.30664062	305.78534	299.070902	267.412203	321.060446	35.4694056	7.01821562	0	19.7	0	0	3
3350	773	0	1.30859375	305.322848	299.173693	267.412203	321.060446	35.4694056	7.01821562	0	19.7	0	0	3
3355	774	0	1.31054688	304.882859	299.274673	267.412203	321.060446	35.4694056	7.01821562	0	19.7	0	0	3
3360	775	0	1.3125	304.38424	299.373935	267.412203	321.060446	35.4694056	7.01821562	0	19.7	0	0	3
3365	776	0	1.31445312	303.762179	299.471309	267.412203	321.060446	35.4694056	7.01821562	0	19.7	0	0	3
3370	777	0	1.31640625	303.198062	299.567296	267.412203	321.060446	35.4694056	7.01821562	0	19.7	0	0	3
3375	778	0	1.31835938	302.750466	299.662611	267.412203	321.060446	35.4694056	7.01821562	0	19.7	0	0	3
3380	779	0	1.3203125	302.403571	299.757905	267.412203	321.060446	35.4694056	7.01821562	0	19.7	0	0	3
3385	780	0	1.32226562	302.138533	299.853779	267.412203	321.060446	35.4694056	7.01821562	0	19.7	0	0	3
3390	781	0	1.32421875	301.96213	299.950847	267.412203	321.060446	35.4694056	7.01821562	0	19.7	0	0	3
3395	782	0	1.32617188	301.88657	300.049793	267.412203	321.060446	35.4694056	7.01821562	0	19.7	0	0	3
3400	783	0	1.328125	301.902247	300.151285	267.412203	321.060446	35.4694056	7.01821562	0	19.7	0	0	3
3405	785	0	1.33007812	301.979567	300.255887	267.412203	321.060446	35.4694056	7.01821562	0	19.7	0	0	3
3410	786	0	1.33203125	302.095882	300.364063	267.412203	321.060446	35.4694056	7.01821562	0	19.7	0	0	3
3415	787	0	1.33398438	302.229808	300.476164	267.412203	321.060446	35.4694056	7.01821562	0	19.7	0	0	3
3420	788	0	1.3359375	302.356165	300.592426	267.412203	321.060446	35.4694056	7.01821562	0	19.7	0	0	3
3425	789	0	1.33789062	302.466157	300.712973	267.412203	321.060446	35.4694056	7.01821562	0	19.7	0	0	3
3430	789	0	1.33984375	302.562116	300.837771	267.412203	321.060446	35.4694056	7.01821562	0	19.7	0	0	3
3435	790	0	1.34179688	302.648193	300.966619	267.412203	321.060446	35.4694056	7.01821562	0	19.7	0	0	3
3440	791	0	1.34375	302.731445	301.099199	267.412203	321.060446	35.4694056	7.01821562	0	19.7	0	0	3
3445	792	0	1.34570312	302.818088	301.235089	267.412203	321.060446	35.4694056	7.01821562	0	19.7	0	0	3
3450	793	0	1.34765625	302.907488	301.373743	271.332011	321.060446	35.4694056	7.01821562	0	19.7	0	0	3
3455	794	0	1.34960938	302.992852	301.46252	271.332011	321.060446	35.4694056	7.01821562	0	19.7	0	0	3
3460	795	0	1.3515625	303.06593	301.55327	271.332011	321.060446	35.4694056	7.01821562	0	19.7	0	0	3
3465	796	0	1.35351562	303.114363	301.644828	271.332011	321.060446	35.4694056	7.01821562	0	19.7	0	0	3
3470	797	0	1.35546875	303.130015	301.736456	271.332011	321.060446	35.4694056	7.01821562	0	19.7	0	0	3
3475	798	0	1.35742188	303.104268	301.827626	271.332011	321.060446	35.4694056	7.01821562	0	19.7	0	0	3
3480	799	0	1.359375	303.027366	301.917564	271.332011	321.060446	35.4694056	7.01821562	0	19.7	0	0	3
3485	800	0	1.36132812	302.892229	302.005415	271.332011	321.060446	35.4694056	7.01821562	0	19.7	0	0	3
3490	801	0	1.36328125	302.695071	302.090491	271.332011	321.060446	35.4694056	7.01821562	0	19.7	0	0	3
3495	802	0	1.36523438	302.440327	302.172529	271.332011	321.060446	35.4694056	7.01821562	0	19.7	0	0	3
3500	802	0	1.3671875	302.135933	302.251487	271.332011	321.060446	35.4694056	7.01821562	0	19.7	0	0	3
3505	805	0	1.36914062	301.785985	302.327504	271.332011	321.060446	35.4694056	7.01821562	0	19.7	0	0	3
3510	806	0	1.37109375	300.635721	302.397912	271.332011	321.060446	35.4694056	7.01821562	0	19.7	0	0	3
3515	806	0	1.37304688	300.2019	302.466071	271.332011	321.060446	35.4694056	7.01821562	0	19.7	0	0	3
3520	807	0	1.375	299.729092	302.532417	271.332011	321.060446	35.4694056	7.01821562	0	19.7	0	0	3
3525	808	0	1.37695312	299.24161	302.597392	271.332011	321.060446	35.4694056	7.01821562	0	19.7	0	0	3
3530	809	0	1.37890625	298.760594	302.661404	271.332011	321.060446	35.4694056	7.01821562	0	19.7	0	0	3
3535	810	0	1.38085938	298.289948	302.724779	271.332011	321.060446	35.4634942	7.01821562	0	19.7	0	0	3
3540	811	0	1.3828125	297.854822	302.78791	271.332011	321.060446	35.4500078	7.01821562	0	19.7	0	0	3
3545	812	0	1.38476562	297.476244	302.851267	271.332011	321.060446	35.4280952	7.01821562	0	19.8	0	0	3
3550	813	0	1.38671875	297.163258	302.915393	271.332011	321.060446	35.3967191	7.01821562	0	19.8	0	0	3
3555	814	0	1.38867188	296.916432	302.980846	271.332011	321.060446	35.3548295	7.01821562	0	19.8	0	0	3
3560	815	0	1.390625	296.728362	303.048153	271.332011	321.060446	35.2980757	7.01821562	0	19.8	0	0	3
3565	816	0	1.39257812	296.587675	303.117815	271.332011	321.060446	35.2292208	7.01821562	0	19.9	0	0	3
3570	817	0	1.39453125	296.482432	303.190268	271.332011	321.060446	35.1478396	7.01821562	0	19.9	0	0	3
3575	818	0	1.39648438	296.40039	303.26583	271.332011	321.060446	35.0537188	7.01821562	0	20	0	0	3
3580	819	0	1.3984375	296.327165	303.344661	271.332011	321.060446	34.9468413	7.01821562	0	20	0	0	3
3585	820	0	1.40039062	296.247418	303.426759	271.332011	321.060446	34.8273706	7.01821562	0	20.1	0	0	3
3590	821	0	1.40234375	296.147879	303.511951	271.332011	321.060446	34.6956291	7.01821562	0	20.2	0	0	3
3595	821	0	1.40429688	296.022225	303.599925	271.332011	321.060446	34.5521002	7.01821562	0	20.3	0	0	3
3600	822	0	1.40625	295.871369	303.690259	271.332011	321.060446	34.3974633	7.01821562	0	20.4	0	0	3
3605	824	0	1.40820312	295.702823	303.782412	271.332011	321.060446	34.2325744	7.01821562	0	20.5	0	0	3
3610	825	0	1.41015625	295.530633	303.875752	271.332011	321.060446	34.0583761	7.01821562	0	20.6	0	0	3
3615	826	0	1.41210938	295.365499	303.969633	280.988798	321.060446	33.9144865	7.01821562	0	20.6	0	0	3
3620	827	0	1.4140625	295.210051	304.024758	280.988798	321.060446	33.7626126	7.01821562	0	20.7	0	0	3
3625	828	0	1.41601562	295.06191	304.079731	281.041888	321.060446	33.6036545	7.01821562	0	20.8	0	0	3
3630	829	0	1.41796875	294.914977	304.133923	281.328048	321.060446	33.438761	7.01821562	0	20.9	0	0	3
3635	830	0	1.41992188	294.76126	304.186396	281.780512	321.060446	33.2687815	7.01821562	0	21	0	0	3
3640	831	0	1.421875	294.593729	304.236448	282.416776	321.060446	33.0945816	7.01821562	0	21.2	0	0	3
3645	832	0	1.42382812	294.408193	304.28329	283.254301	321.060446	32.9170412	7.01821562	0	21.3	0	0	3
3650	833	0	1.42578125	294.203759	304.326061	283.270912	321.060446	32.7365979	7.01821562	0	21.4	0	0	3
3655	834	0	1.42773438	293.981859	304.364311	283.270912	321.060446	32.5533895	7.01821562	0	21.5	0	0	3
3660	835	0	1.4296875	293.745814	304.397892	283.270912	321.060446	32.3672687	7.01821562	0	21.6	0	0	3
3665	835	0	1.43164062	293.500095	304.426971	283.270912	321.060446	32.1778737	7.01821562	0	21.8	0	0	3
3670	836	0	1.43359375	293.248992	304.451971	283.270912	321.060446	31.9847077	7.01821562	0	21.9	0	0	3
3675	837	0	1.43554688	296.220102	304.486092	283.270912	321.060446	31.7872293	7.01821562	0	22	0	0	3
3680	838	0	1.4375	295.941632	304.517319	283.270912	321.060446	31.5849233	7.01821562	0	22.2	0	0	3
3685	839	0	1.43945312	295.693099	304.54644	283.270912	321.060446	31.3773492	7.01821562	0	22.3	0	0	3
3690	840	0	1.44140625	295.457894	304.574107	283.270912	321.060446	31.1641639	7.01821562	0	22.5	0	0	3
3695	841	0	1.44335938	295.18299	304.600669	283.270912	321.060446	30.9451027	7.01821562	0	22.6	0	0	3
3700	842	0	1.4453125	294.888761	304.626481	283.270912	321.060446	30.7199534	7.01821562	0	22.8	0	0	3
3705	844	0	1.44726562	294.622111	304.652036	283.270912	321.060446	30.4885553	7.01821562	0	23	0	0	3
3710	845	0	1.44921875	294.390389	304.677825	283.270912	321.060446	30.2508123	7.01821562	0	23.2	0	0	3
3715	846	0	1.45117188	294.176663	304.704238	283.270912	321.060446	30.0067405	7.01821562	0	23.3	0	0	3
3720	847	0	1.453125	293.963094	304.731522	283.270912	321.060446	29.7565783	7.01821562	0	23.5	0	0	3
3725	848	0	1.45507812	293.751018	304.759754	283.270912	321.060446	29.557317	7.01821562	0	23.7	0	0	3
3730	849	0	1.45703125	293.544185	304.788946	283.270912	321.060446	29.3524555	7.01821562	0	23.9	0	0	3
3735	849	0	1.45898438	293.342684	304.819072	283.270912	321.060446	29.1425095	7.01821562	0	24	0	0	3
3740	850	0	1.4609375	293.142202	304.850065	283.270912	321.060446	28.9286344	7.01821562	0	24.2	0	0	3
3745	851	0	1.46289062	292.934295	304.881817	283.270912	321.060446	28.7106768	7.01821562	0	24.4	0	0	3
3750	852	0	1.46484375	292.710832	304.914174	283.270912	321.060446	28.4885742	7.01821562	0	24.6	0	0	3
3755	853	0	1.46679688	292.468123	304.946952	283.270912	321.060446	28.2631524	7.01821562	0	24.8	0	0	3
3760	854	0	1.46875	292.206714	304.979924	283.270912	321.060446	28.0353119	7.01821562	0	25	0	0	3
3765	855	0	1.47070312	291.929185	305.012806	283.270912	321.060446	27.8056856	7.01821562	0	25.2	0	0	3
3770	856	0	1.47265625	291.639561	305.045225	283.270912	321.060446	27.574841	7.01821562	0	25.4	0	0	3
3775	857	0	1.47460938	291.342887	305.076756	283.295108	321.060446	27.3432132	7.01821562	0	25.6	0	0	3
3780	858	0	1.4765625	291.044131	305.107026	283.399597	321.060446	27.1110748	7.01821562	0	25.8	0	0	3
3785	859	0	1.47851562	290.747417	305.135729	288.929695	321.060446	26.899385	7.01821562	0	26	0	0	3
3790	860	0	1.48046875	290.456079	305.141691	289.121149	321.060446	26.6868879	7.01821562	0	26.2	0	0	3
3795	861	0	1.48242188	290.173003	305.1458	289.513664	321.060446	26.473825	7.01821562	0	26.5	0	0	3
3800	862	0	1.484375	289.900699	305.147312	289.900699	321.060446	26.2602237	7.01821562	0	26.7	0	0	3
3805	863	0	1.48632812	289.641335	305.145617	289.641335	321.060446	26.0459007	7.01821562	0	26.9	0	0	3
3810	864	0	1.48828125	289.396901	305.140164	289.396901	321.060446	25.8305767	7.01821562	0	27.1	0	0	3
3815	865	0	1.49023438	289.169948	305.130447	289.169948	321.060446	25.6138261	7.01821562	0	27.4	0	0	3
3820	866	0	1.4921875	288.963222	305.11621	288.963222	321.060446	25.3952676	7.01821562	0	27.6	0	0	3
3825	867	0	1.49414062	288.779044	305.097375	288.779044	321.060446	25.1745297	7.01821562	0	27.8	0	0	3
3830	868	0	1.49609375	288.619722	305.074115	288.619722	321.060446	24.9512511	7.01821562	0	28.1	0	0	3
3835	869	0	1.49804688	288.487398	305.046852	288.487398	321.060446	24.7251378	7.01821562	0	28.3	0	0	3
3840	870	0	1.5	288.384258	305.01617	288.384258	321.060446	24.4959801	7.01821562	0	28.6	0	0	3
3845	871	0	1.50195312	293.317491	305.002305	288.384258	321.060446	24.2636207	7.01821562	0	28.9	0	0	3
3850	872	0	1.50390625	293.266285	304.986385	288.384258	321.060446	24.0280187	7.01821562	0	29.2	0	0	3
3855	873	0	1.50585938	293.235343	304.969031	288.384258	321.060446	23.7892211	7.01821562	0	29.5	0	0	3
3860	874	0	1.5078125	293.213366	304.950742	288.384258	321.060446	23.5473591	7.01821562	0	29.8	0	0	3
3865	875	0	1.50976562	293.186286	304.931852	288.384258	321.060446	23.302609	7.01821562	0	30.1	0	0	3
3870	876	0	1.51171875	293.159225	304.912627	288.384258	321.060446	23.055163	7.01821562	0	30.4	0	0	3
3875	877	0	1.51367188	293.15342	304.893349	288.384258	321.060446	22.8052089	7.01821562	0	30.7	0	0	3
3880	878	0	1.515625	293.145852	304.874149	288.384258	321.060446	22.5528853	7.01821562	0	31.1	0	0	3
3885	879	0	1.51757812	293.110156	304.855038	288.384258	321.060446	22.2982952	7.01821562	0	31.4	0	0	3
3890	880	0	1.51953125	293.03403	304.835946	288.384258	321.060446	22.0415521	7.01821562	0	31.8	0	0	3
3895	881	0	1.52148438	292.92098	304.816743	288.384258	321.060446	21.8781989	7.01821562	0	32	0	0	3
3900	882	0	1.5234375	292.772649	304.797251	288.384258	321.060446	21.7124853	7.01821562	0	32.3	0	0	3
3905	883	0	1.52539062	292.586714	304.777258	288.384258	321.060446	21.5449193	7.01821562	0	32.5	0	0	3
3910	884	0	1.52734375	292.365742	304.756543	288.384258	321.060446	21.3756963	7.01821562	0	32.8	0	0	3
3915	885	0	1.52929688	292.119102	304.734906	288.384258	321.060446	21.2048903	7.01821562	0	33	0	0	3
3920	886	0	1.53125	291.85817	304.71218	288.384258	321.060446	21.0325271	7.01821562	0	33.3	0	0	3
3925	887	0	1.53320312	291.592227	304.688224	288.384258	321.060446	20.8587985	7.01821562	0	33.6	0	0	3
3930	888	0	1.53515625	291.325663	304.662906	288.384258	321.060446	20.684286	7.01821562	0	33.9	0	0	3
3935	889	0	1.53710938	291.056864	304.636073	288.384258	321.060446	20.5092016	7.01821562	0	34.2	0	0	3
3940	890	0	1.5390625	290.780428	304.607526	288.384258	321.060446	20.3334563	7.01821562	0	34.5	0	0	3
3945	891	0	1.54101562	290.490475	304.57701	288.384258	321.060446	20.1569618	7.01821562	0	34.8	0	0	3
3950	892	0	1.54296875	290.186312	304.544215	288.384258	321.060446	19.9811275	7.01821562	0	35.1	0	0	3
3955	893	0	1.54492188	289.873414	304.507407	288.384258	321.060446	19.8045771	7.01821562	0	35.4	0	0	3
3960	894	0	1.546875	289.56019	304.467586	288.384258	321.060446	19.6272338	7.01821562	0	35.7	0	0	3
3965	895	0	1.54882812	289.255785	304.424356	288.384258	321.060446	19.4489315	7.01821562	0	36	0	0	3
3970	896	0	1.55078125	288.969565	304.377401	288.384258	321.060446	19.2694487	7.01821562	0	36.4	0	0	3
3975	897	0	1.55273438	288.71086	304.326539	288.384258	321.060446	19.0885543	7.01821562	0	36.7	0	0	3
3980	898	0	1.5546875	288.48836	304.271738	288.384258	321.060446	18.9059628	7.01821562	0	37.1	0	0	3
3985	899	0	1.55664062	288.308355	304.213115	288.308355	321.060446	18.7213849	7.01821562	0	37.4	0	0	3
3990	900	0	1.55859375	288.176345	304.150925	288.176345	321.060446	18.5346134	7.01821562	0	37.8	0	0	3
3995	901	0	1.56054688	288.096796	304.085548	288.096796	321.060446	18.3455095	7.01821562	0	38.2	0	0	3
4000	902	0	1.5625	288.065	304.017418	288.065	321.060446	18.153948	7.01821562	0	38.6	0	0	3
4005	904	0	1.56445312	288.076091	303.947002	288.065	321.060446	17.9598167	7.01821562	0	39	0	0	3
4010	905	0	1.56640625	292.950368	303.893611	288.065	321.060446	17.7630565	7.01821562	0	39.5	0	0	3
4015	906	0	1.56835938	293.006001	303.838733	288.065	321.060446	17.563701	7.01821562	0	39.9	0	0	3
4020	907	0	1.5703125	293.114151	303.782855	288.065	321.060446	17.3618596	7.01821562	0	40.4	0	0	3
4025	908	0	1.57226562	293.248813	303.726315	288.065	321.060446	17.15771	7.01821562	0	40.9	0	0	3
4030	909	0	1.57421875	293.42281	303.669439	288.065	321.060446	16.951545	7.01821562	0	41.4	0	0	3
4035	910	0	1.57617188	293.638589	303.612503	288.065	321.060446	16.7438252	7.01821562	0	41.9	0	0	3
4040	911	0	1.578125	293.851682	303.555551	288.065	321.060446	16.5351891	7.01821562	0	42.4	0	0	3
4045	912	0	1.58007812	294.043641	303.498502	288.065	321.060446	16.3264167	7.01821562	0	42.9	0	0	3
4050	913	0	1.58203125	294.19744	303.441166	288.065	321.060446	16.1183121	7.01821562	0	43.5	0	0	3
4055	914	0	1.58398438	294.302468	303.38328	288.065	321.060446	16.0697354	7.01821562	0	43.6	0	0	3
4060	915	0	1.5859375	294.353106	303.324541	288.065	321.060446	16.0697354	7.01821562	0	43.6	0	0	3
4065	915	0	1.58789062	294.346375	303.264641	288.065	321.060446	16.0697354	7.01821562	0	43.6	0	0	3
4070	916	0	1.58984375	294.290216	303.203339	288.065	321.060446	16.0697354	7.01821562	0	43.6	0	0	3
4075	917	0	1.59179688	294.191193	303.140448	288.065	321.060446	16.0697354	7.01821562	0	43.6	0	0	3
4080	918	0	1.59375	294.050981	303.07581	288.065	321.060446	16.0697354	7.01821562	0	43.6	0	0	3
4085	919	0	1.59570312	293.876138	303.009299	288.065	321.060446	16.0697354	7.01821562	0	43.6	0	0	3
4090	920	0	1.59765625	293.69039	302.940873	288.065	321.060446	16.0697354	7.01821562	0	43.6	0	0	3
4095	921	0	1.59960938	293.505533	302.870523	288.065	321.060446	16.0697354	7.01821562	0	43.6	0	0	3
4100	922	0	1.6015625	293.321702	302.798226	288.065	321.060446	16.0697354	7.01821562	0	43.6	0	0	3
4105	924	0	1.60351562	293.135873	302.723924	288.065	321.060446	16.0697354	7.01821562	0	43.6	0	0	3
4110	925	0	1.60546875	292.945971	302.64753	288.065	321.060446	16.0697354	7.01821562	0	43.6	0	0	3
4115	926	0	1.60742188	292.750888	302.56894	288.065	321.060446	16.0697354	7.01821562	0	43.6	0	0	3
4120	927	0	1.609375	292.549778	302.507259	288.065	321.060446	16.0697354	7.01821562	0	43.6	0	0	3
4125	928	0	1.61132812	292.343939	302.443052	288.065	321.060446	16.0697354	7.01821562	0	43.6	0	0	3
4130	929	0	1.61328125	292.137404	302.376358	288.065	321.060446	16.0697354	7.01821562	0	43.6	0	0	3
4135	930	0	1.61523438	291.936353	302.307428	288.065	321.060446	16.0697354	7.01821562	0	43.6	0	0	3
4140	931	0	1.6171875	291.749131	302.236084	288.065	321.060446	16.0697354	7.01821562	0	43.6	0	0	3
4145	932	0	1.61914062	291.586639	302.162212	288.065	321.060446	16.0697354	7.01821562	0	43.6	0	0	3
4150	933	0	1.62109375	291.460238	302.086078	288.065	321.060446	16.0659629	7.01821562	0	43.6	0	0	3
4155	934	0	1.62304688	291.383168	302.008083	288.065	321.060446	16.0564267	7.01821562	0	43.7	0	0	3
4160	935	0	1.625	291.357308	301.928561	288.065	321.060446	16.040679	7.01821562	0	43.7	0	0	3
4165	936	0	1.62695312	291.378306	301.847753	288.065	321.060446	16.0181817	7.01821562	0	43.8	0	0	3
4170	937	0	1.62890625	291.440142	301.76585	288.065	321.060446	15.9883325	7.01821562	0	43.8	0	0	3
4175	938	0	1.63085938	291.543062	301.68304	288.065	321.060446	15.9505494	7.01821562	0	43.9	0	0	3
4180	939	0	1.6328125	294.971532	301.612318	288.065	321.060446	15.9042493	7.01821562	0	44.1	0	0	3
4185	940	0	1.63476562	295.163946	301.541021	288.065	321.060446	15.8488607	7.01821562	0	44.2	0	0	3
4190	941	0	1.63671875	295.391187	301.469244	288.065	321.060446	15.7838095	7.01821562	0	44.4	0	0	3
4195	942	0	1.63867188	295.684804	301.397194	288.065	321.060446	15.7084366	7.01821562	0	44.6	0	0	3
4200	943	0	1.640625	296.023036	301.324979	288.065	321.060446	15.6221362	7.01821562	0	44.9	0	0	3
4205	945	0	1.64257812	296.354397	301.252502	288.065	321.060446	15.5246248	7.01821562	0	45.2	0	0	3
4210	946	0	1.64453125	296.674469	301.179651	288.065	321.060446	15.4159166	7.01821562	0	45.5	0	0	3
4215	947	0	1.64648438	296.959848	301.106216	288.065	321.060446	15.2960763	7.01821562	0	45.8	0	0	3
4220	948	0	1.6484375	297.195644	301.031932	288.065	321.060446	15.1652287	7.01821562	0	46.2	0	0	3
4225	948	0	1.65039062	297.379583	300.95654	288.065	321.060446	15.0237445	7.01821562	0	46.7	0	0	3
4230	949	0	1.65234375	297.509192	300.87979	288.065	321.060446	14.8727568	7.01821562	0	47.1	0	0	3
4235	950	0	1.65429688	297.5834	300.801455	288.065	321.060446	14.7125796	7.01821562	0	47.7	0	0	3
4240	951	0	1.65625	297.608469	300.721361	288.065	321.060446	14.5433227	7.01821562	0	48.2	0	0	3
4245	952	0	1.65820312	297.596579	300.639417	288.065	321.060446	14.3668818	7.01821562	0	48.8	0	0	3
4250	953	0	1.66015625	297.560843	300.555614	288.065	321.060446	14.1817378	7.01821562	0	49.4	0	0	3
4255	954	0	1.66210938	297.510304	300.47001	288.065	321.060446	13.9888578	7.01821562	0	50.1	0	0	3
4260	955	0	1.6640625	297.450449	300.382701	288.065	321.060446	13.7883366	7.01821562	0	50.8	0	0	3
4265	956	0	1.66601562	297.389708	300.293833	288.065	321.060446	13.5790359	7.01821562	0	51.6	0	0	3
4270	957	0	1.66796875	297.333165	300.203582	288.065	321.060446	13.3620529	7.01821562	0	52.5	0	0	3
4275	958	0	1.66992188	297.279911	300.112134	288.065	321.060446	13.1361529	7.01821562	0	53.4	0	0	3
4280	959	0	1.671875	297.226932	300.019667	288.065	321.060446	12.9001721	7.01821562	0	54.4	0	0	3
4285	960	0	1.67382812	297.17124	299.92635	288.065	320.110328	12.6227572	7.01821562	0	55.5	0	0	3
4290	961	0	1.67578125	297.111258	299.866367	288.065	320.110328	12.3368971	7.01821562	0	56.8	0	0	3
4295	962	0	1.67773438	297.047597	299.805594	288.065	320.110328	12.0432987	7.01821562	0	58.2	0	0	3
4300	963	0	1.6796875	296.983698	299.744356	288.065	320.110328	11.7436397	7.01821562	0	59.7	0	0	3
4305	965	0	1.68164062	296.926056	299.682813	288.065	320.110328	11.4360732	7.01821562	0	61.3	0	0	3
4310	966	0	1.68359375	296.883786	299.621118	288.065	320.110328	11.1236051	7.01821562	0	63	0	0	3
4315	967	0	1.68554688	296.865901	299.559475	288.065	320.110328	10.8059732	7.01821562	0	64.9	0	0	3
4320	968	0	1.6875	296.877665	299.498031	288.065	320.110328	10.4850227	7.01821562	0	66.9	0	0	3
4325	969	0	1.68945312	296.9187	299.43679	288.065	320.110328	10.1612804	7.01821562	0	69	0	0	3
4330	970	0	1.69140625	296.990964	299.375707	288.065	320.110328	9.83671234	7.01821562	0	71.3	0	0	3
4335	971	0	1.69335938	297.098232	299.31471	288.065	320.110328	9.51170821	7.01821562	0	73.7	0	0	3
4340	972	0	1.6953125	297.245989	299.253717	288.065	320.110328	9.18565988	7.01821562	0	76.4	0	0	3
4345	973	0	1.69726562	298.454122	299.196595	288.065	320.110328	8.85854177	7.01821562	0	79.2	0	0	3
4350	974	0	1.69921875	298.701058	299.139306	288.065	320.110328	8.67357808	7.01821562	0	80.9	0	0	3
4355	975	0	1.70117188	298.972779	299.081681	288.065	320.110328	8.67357808	7.01821562	0	80.9	0	0	3
4360	976	0	1.703125	299.270114	299.023621	288.065	320.110328	8.67357808	7.01821562	0	80.9	0	0	3
4365	977	0	1.70507812	299.582699	298.965063	288.065	320.110328	8.67357808	7.01821562	0	80.9	0	0	3
4370	978	0	1.70703125	299.902471	298.90597	288.065	320.110328	8.67357808	7.01821562	0	80.9	0	0	3
4375	979	0	1.70898438	300.215597	298.846285	288.065	320.110328	8.67357808	7.01821562	0	80.9	0	0	3
4380	980	0	1.7109375	300.50923	298.785911	288.065	320.110328	8.67357808	7.01821562	0	80.9	0	0	3
4385	981	0	1.71289062	300.771593	298.724716	288.065	320.110328	8.67357808	7.01821562	0	80.9	0	0	3
4390	982	0	1.71484375	300.9957	298.662559	288.065	320.110328	8.67357808	7.01821562	0	80.9	0	0	3
4395	983	0	1.71679688	301.180015	298.599302	288.065	320.110328	8.67357808	7.01821562	0	80.9	0	0	3
4400	984	0	1.71875	301.325829	298.534823	288.065	320.110328	8.67357808	7.01821562	0	80.9	0	0	3
4405	986	0	1.72070312	301.437787	298.469047	288.065	320.110328	8.67357808	7.01821562	0	80.9	0	0	3
4410	987	0	1.72265625	301.521663	298.401959	288.065	320.110328	8.67357808	7.01821562	0	80.9	0	0	3
4415	988	0	1.72460938	301.58739	298.333628	288.065	320.110328	8.67357808	7.01821562	0	80.9	0	0	3
4420	989	0	1.7265625	301.642785	298.264197	288.065	320.110328	8.67357808	7.01821562	0	80.9	0	0	3
4425	990	0	1.72851562	301.694565	298.193882	288.065	320.110328	8.67357808	7.01821562	0	80.9	0	0	3
4430	991	0	1.73046875	301.74911	298.122963	288.065	320.110328	8.67357808	7.01821562	0	80.9	0	0	3
4435	992	0	1.73242188	301.809956	298.051739	288.065	320.110328	8.67357808	7.01821562	0	80.9	0	0	3
4440	992	0	1.734375	301.878441	297.98052	288.065	320.108525	8.67357808	7.01821562	0	80.9	0	0	3
4445	993	0	1.73632812	301.953405	297.909602	288.065	320.036911	8.67357808	7.01821562	0	80.9	0	0	3
4450	994	0	1.73828125	302.031954	297.83927	288.065	312.814547	8.67357808	7.01821562	0	80.9	0	0	3
4455	995	0	1.74023438	302.110935	297.805332	288.065	312.814547	8.67357808	7.01821562	0	80.9	0	0	3
4460	996	0	1.7421875	302.188431	297.77251	288.065	312.814547	8.67357808	7.01821562	0	80.9	0	0	3
4465	997	0	1.74414062	302.264093	297.741137	288.065	312.814547	8.67357808	7.01821562	0	80.9	0	0	3
4470	998	0	1.74609375	302.338904	297.711225	288.065	312.814547	8.67357808	7.01821562	0	80.9	0	0	3
4475	999	0	1.74804688	302.415289	297.683044	288.065	312.814547	8.67357808	7.01821562	0	80.9	0	0	3
4480	1000	0	1.75	302.496946	297.657042	288.065	312.814547	8.67357808	7.01821562	0	80.9	0	0	3
4485	1001	0	1.75195312	302.588232	297.633056	288.065	312.814547	8.67357808	7.01821562	0	80.9	0	0	3
4490	1002	0	1.75390625	302.693246	297.610647	288.065	312.814547	8.67357808	7.01821562	0	80.9	0	0	3
4495	1003	0	1.75585938	302.815407	297.589447	288.065	312.814547	8.67357808	7.01821562	0	80.9	0	0	3
4500	1004	0	1.7578125	302.957423	297.569197	288.065	312.814547	8.67357808	7.01821562	0	80.9	0	0	3
4505	1007	0	1.75976562	303.119911	297.549656	288.065	312.814547	8.67357808	7.01821562	0	80.9	0	0	3
4510	1008	0	1.76171875	301.968337	297.525334	288.065	312.814547	8.67357808	7.01821562	0	80.9	0	0	3
4515	1009	0	1.76367188	302.182572	297.501238	288.065	312.814547	8.67357808	7.01821562	0	80.9	0	0	3
4520	1010	0	1.765625	302.389588	297.477018	288.065	312.814547	8.67357808	7.01821562	0	80.9	0	0	3
4525	1011	0	1.76757812	302.587591	297.452343	288.065	312.814547	8.67357808	7.01821562	0	80.9	0	0	3
4530	1012	0	1.76953125	302.807788	297.42714	288.065	312.814547	8.54053456	7.01821562	0	82.1	0	0	3
4535	1013	0	1.77148438	303.034517	297.401416	288.065	312.814547	8.39318315	7.01821562	0	83.6	0	0	3
4540	1014	0	1.7734375	303.246654	297.375159	288.065	312.814547	8.24037507	7.01821562	0	85.1	0	0	3
4545	1015	0	1.77539062	303.442444	297.348363	288.065	312.814547	8.0822903	7.01821562	0	86.8	0	0	3
4550	1016	0	1.77734375	303.624176	297.321	288.065	312.814547	7.91913381	7.01821562	0	88.6	0	0	3
4555	1017	0	1.77929688	303.791222	297.293017	288.065	312.814547	7.85429508	7.01821562	0	89.3	0	0	3
4560	1018	0	1.78125	303.944134	297.264348	288.065	312.814547	7.88296367	7.01821562	0	89	0	0	3
4565	1019	0	1.78320312	304.085098	297.234958	288.065	312.814547	7.91235387	7.01821562	0	88.6	0	0	3
4570	1020	0	1.78515625	304.216187	297.204856	288.065	312.814547	7.94245543	7.01821562	0	88.3	0	0	3
4575	1021	0	1.78710938	304.33912	297.17411	288.065	312.814547	7.97320127	7.01821562	0	88	0	0	3
4580	1022	0	1.7890625	304.457038	297.142855	288.065	312.814547	8.00445707	7.01821562	0	87.6	0	0	3
4585	1023	0	1.79101562	304.574989	297.111319	288.065	312.814547	8.03599255	7.01821562	0	87.3	0	0	3
4590	1024	0	1.79296875	304.69812	297.079799	288.065	312.814547	8.06751298	7.01821562	0	86.9	0	0	3
4595	1025	0	1.79492188	304.831115	297.048613	288.065	312.793703	8.09869826	7.01821562	0	86.6	0	0	3
4600	1026	0	1.796875	304.976638	297.018078	288.065	312.71095	8.12923367	7.01821562	0	86.3	0	0	3
4605	1029	0	1.79882812	305.134963	296.988484	288.065	312.554653	8.15882737	7.01821562	0	86	0	0	3
4610	1030	0	1.80078125	305.302139	296.960154	288.065	312.309178	8.1871575	7.01821562	0	85.7	0	0	3
4615	1031	0	1.80273438	305.47232	296.933448	288.065	311.96894	8.21386398	7.01821562	0	85.4	0	0	3
4620	1032	0	1.8046875	305.640572	296.908727	288.065	305.78534	8.23858417	7.01821562	0	85.1	0	0	3
4625	1033	0	1.80664062	305.803924	296.9088	288.065	305.803924	8.23858417	7.01821562	0	85.1	0	0	3
4630	1034	0	1.80859375	305.961279	296.911294	288.065	305.961279	8.23858417	7.01821562	0	85.1	0	0	3
4635	1035	0	1.81054688	306.112626	296.916098	288.065	306.112626	8.23858417	7.01821562	0	85.1	0	0	3
4640	1036	0	1.8125	306.258377	296.923419	288.065	306.258377	8.23858417	7.01821562	0	85.1	0	0	3
4645	1037	0	1.81445312	306.398732	296.933718	288.065	306.398732	8.23858417	7.01821562	0	85.1	0	0	3
4650	1038	0	1.81640625	306.533354	296.946746	288.065	306.533354	8.23858417	7.01821562	0	85.1	0	0	3
4655	1039	0	1.81835938	306.661474	296.962023	288.065	306.661474	8.23858417	7.01821562	0	85.1	0	0	3
4660	1040	0	1.8203125	306.781851	296.979126	288.065	306.781851	8.23858417	7.01821562	0	85.1	0	0	3
4665	1041	0	1.82226562	306.893216	296.997699	288.065	306.893216	8.23858417	7.01821562	0	85.1	0	0	3
4670	1042	0	1.82421875	306.994398	297.017356	288.065	306.994398	8.23858417	7.01821562	0	85.1	0	0	3
4675	1043	0	1.82617188	307.08472	297.037662	288.065	307.08472	8.23858417	7.01821562	0	85.1	0	0	3
4680	1044	0	1.828125	304.212832	297.046687	288.065	307.08472	8.23858417	7.01821562	0	85.1	0	0	3
4685	1045	0	1.83007812	304.30518	297.055772	288.065	307.08472	8.23858417	7.01821562	0	85.1	0	0	3
4690	1046	0	1.83203125	304.366299	297.064641	288.065	307.08472	8.23858417	7.01821562	0	85.1	0	0	3
4695	1047	0	1.83398438	304.424714	297.073214	288.065	307.08472	8.23858417	7.01821562	0	85.1	0	0	3
4700	1048	0	1.8359375	304.479241	297.081508	288.065	307.08472	8.23858417	7.01821562	0	85.1	0	0	3
4705	1050	0	1.83789062	304.529078	297.089566	288.065	307.08472	8.23858417	7.01821562	0	85.1	0	0	3
4710	1051	0	1.83984375	304.582144	297.097457	288.065	307.08472	8.23858417	7.01821562	0	85.1	0	0	3
4715	1052	0	1.84179688	304.637081	297.105226	288.065	307.08472	8.23858417	7.01821562	0	85.1	0	0	3
4720	1053	0	1.84375	304.694187	297.112893	288.065	307.08472	8.23858417	7.01821562	0	85.1	0	0	3
4725	1054	0	1.84570312	304.757284	297.120468	288.065	307.08472	8.23858417	7.01821562	0	85.1	0	0	3
4730	1055	0	1.84765625	304.83466	297.127996	288.065	307.08472	8.23858417	7.01821562	0	85.1	0	0	3
4735	1056	0	1.84960938	304.931062	297.135567	288.065	307.08472	8.23858417	7.01821562	0	85.1	0	0	3
4740	1057	0	1.8515625	305.047013	297.143306	288.065	307.08472	8.23858417	7.01821562	0	85.1	0	0	3
4745	1058	0	1.85351562	305.180403	297.151376	288.065	307.08472	8.23858417	7.01821562	0	85.1	0	0	3
4750	1059	0	1.85546875	305.327747	297.159961	288.065	307.08472	8.23858417	7.01821562	0	85.1	0	0	3
4755	1060	0	1.85742188	305.485464	297.169262	288.065	307.08472	8.23858417	7.01821562	0	85.1	0	0	3
4760	1061	0	1.859375	305.650241	297.179508	288.065	307.08472	8.23858417	7.01821562	0	85.1	0	0	3
4765	1062	0	1.86132812	305.820167	297.190945	288.065	307.08472	8.23858417	7.01821562	0	85.1	0	0	3
4770	1063	0	1.86328125	305.995534	297.203838	288.065	307.08472	8.23858417	7.01821562	0	85.1	0	0	3
4775	1064	0	1.86523438	306.177744	297.218437	288.065	307.08472	8.23858417	7.01821562	0	85.1	0	0	3
4780	1065	0	1.8671875	306.366453	297.234962	288.065	307.08472	8.23858417	7.01821562	0	85.1	0	0	3
4785	1066	0	1.86914062	306.559493	297.253609	288.065	307.08472	8.23858417	7.01821562	0	85.1	0	0	3
4790	1067	0	1.87109375	306.753174	297.277505	288.065	307.08472	8.23858417	7.01821562	0	85.1	0	0	3
4795	1068	0	1.87304688	306.942706	297.303837	288.065	307.08472	8.23858417	7.01821562	0	85.1	0	0	3
4800	1069	0	1.875	307.122743	297.332718	288.065	307.122743	8.23858417	7.01821562	0	85.1	0	0	3
4805	1071	0	1.87695312	307.288183	297.36415	288.065	307.288183	8.23858417	7.01821562	0	85.1	0	0	3
4810	1072	0	1.87890625	307.434661	297.398033	288.065	307.434661	8.23858417	7.01821562	0	85.1	0	0	3
4815	1072	0	1.88085938	307.559041	297.43424	288.065	307.559041	8.23858417	7.01821562	0	85.1	0	0	3
4820	1073	0	1.8828125	307.659397	297.47254	288.065	307.659397	8.23858417	7.01821562	0	85.1	0	0	3
4825	1074	0	1.88476562	307.734717	297.512612	288.065	307.734717	8.23858417	7.01821562	0	85.1	0	0	3
4830	1075	0	1.88671875	307.784034	297.554099	288.065	307.784034	8.23858417	7.01821562	0	85.1	0	0	3
4835	1076	0	1.88867188	307.806783	297.59664	288.065	307.806783	8.23858417	7.01821562	0	85.1	0	0	3
4840	1077	0	1.890625	307.802423	297.639898	288.065	307.806783	8.23858417	7.01821562	0	85.1	0	0	3
4845	1078	0	1.89257812	304.398863	297.67041	288.065	307.806783	8.23858417	7.01821562	0	85.1	0	0	3
4850	1079	0	1.89453125	304.364535	297.7012	288.065	307.806783	8.23858417	7.01821562	0	85.1	0	0	3
4855	1080	0	1.89648438	304.295058	297.732038	288.065	307.806783	8.23858417	7.01821562	0	85.1	0	0	3
4860	1081	0	1.8984375	304.219737	297.762868	288.065	307.806783	8.23858417	7.01821562	0	85.1	0	0	3
4865	1082	0	1.90039062	304.121542	297.793627	288.065	307.806783	8.23858417	7.01821562	0	85.1	0	0	3
4870	1083	0	1.90234375	303.986672	297.824247	288.065	307.806783	8.23858417	7.01821562	0	85.1	0	0	3
4875	1084	0	1.90429688	303.871317	297.854908	288.065	307.806783	8.23858417	7.01821562	0	85.1	0	0	3
4880	1085	0	1.90625	303.794284	297.885856	288.065	307.806783	8.23858417	7.01821562	0	85.1	0	0	3
4885	1086	0	1.90820312	303.748361	297.917284	288.065	307.806783	8.23858417	7.01821562	0	85.1	0	0	3
4890	1087	0	1.91015625	303.727099	297.949302	288.065	307.806783	8.23858417	7.01821562	0	85.1	0	0	3
4895	1088	0	1.91210938	303.732349	297.981985	288.065	307.806783	8.23858417	7.01821562	0	85.1	0	0	3
4900	1089	0	1.9140625	303.765349	298.015404	288.065	307.806783	8.23858417	7.01821562	0	85.1	0	0	3
4905	1092	0	1.91601562	303.823854	298.04963	288.065	307.806783	8.23858417	7.01821562	0	85.1	0	0	3
4910	1093	0	1.91796875	303.909912	298.084767	288.065	307.806783	8.23858417	7.01821562	0	85.1	0	0	3
4915	1094	0	1.91992188	304.021071	298.120938	288.065	307.806783	8.23858417	7.01821562	0	85.1	0	0	3
4920	1095	0	1.921875	304.147077	298.158256	288.065	307.806783	8.23858417	7.01821562	0	85.1	0	0	3
4925	1096	0	1.92382812	304.27994	298.196817	288.065	307.806783	8.23858417	7.01821562	0	85.1	0	0	3
4930	1097	0	1.92578125	304.415228	298.236706	288.065	307.806783	8.23858417	7.01821562	0	85.1	0	0	3
4935	1098	0	1.92773438	304.551982	298.277995	288.065	307.806783	8.23858417	7.01821562	0	85.1	0	0	3
4940	1099	0	1.9296875	304.692548	298.320756	288.065	307.806783	8.23858417	7.01821562	0	85.1	0	0	3
4945	1100	0	1.93164062	304.839741	298.365051	288.065	307.806783	8.23858417	7.01821562	0	85.1	0	0	3
4950	1101	0	1.93359375	304.992684	298.410925	288.065	307.806783	8.23858417	7.01821562	0	85.1	0	0	3
4955	1102	0	1.93554688	305.14763	298.445798	288.065	307.806783	8.23858417	7.01821562	0	85.1	0	0	3
4960	1103	0	1.9375	305.299034	298.482351	288.065	307.806783	8.23858417	7.01821562	0	85.1	0	0	3
4965	1104	0	1.93945312	305.44078	298.520428	288.065	307.806783	8.23858417	7.01821562	0	85.1	0	0	3
4970	1105	0	1.94140625	305.566788	298.559915	288.065	307.806783	8.23858417	7.01821562	0	85.1	0	0	3
4975	1106	0	1.94335938	305.671394	298.600886	288.065	307.806783	8.23858417	7.01821562	0	85.1	0	0	3
4980	1107	0	1.9453125	305.751221	298.643317	288.065	307.806783	8.23858417	7.01821562	0	85.1	0	0	3
4985	1108	0	1.94726562	305.805161	298.687001	288.065	307.806783	8.23858417	7.01821562	0	85.1	0	0	3
4990	1109	0	1.94921875	305.831582	298.731693	288.065	307.806783	8.23858417	7.01821562	0	85.1	0	0	3
4995	1110	0	1.95117188	305.827768	298.777205	288.065	307.806783	8.23858417	7.01821562	0	85.1	0	0	3
5000	1111	0	1.953125	305.792098	298.823412	288.065	307.806783	8.23858417	7.01821562	0	85.1	0	0	3
5005	1113	0	1.95507812	305.72163	298.870173	288.065	307.806783	8.23858417	7.01821562	0	85.1	0	0	3
5010	1114	0	1.95703125	305.614489	298.917322	288.065	307.806783	8.23858417	7.01821562	0	85.1	0	0	3
5015	1115	0	1.95898438	302.978492	298.954962	288.065	307.806783	8.23858417	7.01821562	0	85.1	0	0	3
5020	1116	0	1.9609375	302.822155	298.992774	288.065	307.806783	8.23858417	7.01821562	0	85.1	0	0	3
5025	1117	0	1.96289062	302.672464	299.030814	288.065	307.806783	8.23858417	7.01821562	0	85.1	0	0	3
5030	1118	0	1.96484375	302.491706	299.069021	288.065	307.806783	8.23858417	7.01821562	0	85.1	0	0	3
5035	1119	0	1.96679688	302.268823	299.107305	288.065	307.806783	8.23858417	7.01821562	0	85.1	0	0	3
5040	1120	0	1.96875	302.064453	299.145811	288.065	307.806783	8.23858417	7.01821562	0	85.1	0	0	3
5045	1121	0	1.97070312	301.898144	299.184753	288.065	307.806783	8.23858417	7.01821562	0	85.1	0	0	3
5050	1122	0	1.97265625	301.768232	299.224318	288.065	307.806783	8.23858417	7.01821562	0	85.1	0	0	3
5055	1123	0	1.97460938	301.667574	299.264649	288.065	307.806783	8.23858417	7.01821562	0	85.1	0	0	3
5060	1124	0	1.9765625	301.595964	299.305867	288.065	307.806783	8.23858417	7.01821562	0	85.1	0	0	3
5065	1125	0	1.97851562	301.559091	299.3481	288.065	307.806783	8.23858417	7.01821562	0	85.1	0	0	3
5070	1126	0	1.98046875	301.5563	299.39146	288.065	307.806783	8.23858417	7.01821562	0	85.1	0	0	3
5075	1127	0	1.98242188	301.578307	299.436012	288.065	307.806783	8.23858417	7.01821562	0	85.1	0	0	3
5080	1128	0	1.984375	301.619352	299.481788	288.065	307.806783	8.23688971	7.01821562	0	85.2	0	0	3
5085	1129	0	1.98632812	301.676004	299.528798	288.065	307.806783	8.23143696	7.01821562	0	85.2	0	0	3
5090	1130	0	1.98828125	301.740368	299.577015	288.065	307.806783	8.22171958	7.01821562	0	85.3	0	0	3
5095	1131	0	1.99023438	301.805681	299.626373	288.065	307.806783	8.20748274	7.01821562	0	85.5	0	0	3
5100	1132	0	1.9921875	301.868708	299.676785	288.065	307.806783	8.18864741	7.01821562	0	85.7	0	0	3
5105	1134	0	1.99414062	301.929244	299.728153	288.065	307.806783	8.16538787	7.01821562	0	85.9	0	0	3
5110	1135	0	1.99609375	301.99066	299.780384	288.065	307.806783	8.1381241	7.01821562	0	86.2	0	0	3
5115	1136	0	1.99804688	302.055681	299.833385	288.065	307.806783	8.10744214	7.01821562	0	86.5	0	0	3
5120	1137	0	2	302.123663	299.887054	288.065	307.806783	8.09357791	7.01821562	0	86.7	0	0	3
5125	1138	0	2.00195312	302.190634	299.921715	288.065	307.806783	8.07765791	7.01821562	0	86.8	0	0	3
5130	1139	0	2.00390625	302.251367	299.956813	288.065	307.806783	8.06030324	7.01821562	0	87	0	0	3
5135	1140	0	2.00585938	302.301503	299.992228	288.065	307.806783	8.04201413	7.01821562	0	87.2	0	0	3
5140	1141	0	2.0078125	302.338036	300.027871	288.065	307.806783	8.02312433	7.01821562	0	87.4	0	0	3
5145	1142	0	2.00976562	302.358233	300.063699	288.065	307.806783	8.00389999	7.01821562	0	87.6	0	0	3
5150	1143	0	2.01171875	302.358995	300.099635	288.065	307.806783	7.98462155	7.01821562	0	87.8	0	0	3
5155	1144	0	2.01367188	302.337262	300.13551	288.065	307.806783	7.96542167	7.01821562	0	88.1	0	0	3
5160	1145	0	2.015625	302.286877	300.171217	288.065	307.806783	7.94631064	7.01821562	0	88.3	0	0	3
5165	1146	0	2.01757812	302.202939	300.206736	288.065	307.806783	7.92721842	7.01821562	0	88.5	0	0	3
5170	1147	0	2.01953125	302.086281	300.242096	288.065	307.806783	7.9080153	7.01821562	0	88.7	0	0	3
5175	1148	0	2.02148438	301.94625	300.277351	288.065	307.806783	7.88852358	7.01821562	0	88.9	0	0	3
5180	1149	0	2.0234375	300.951188	300.309298	288.065	307.806783	7.86853051	7.01821562	0	89.1	0	0	3
5185	1150	0	2.02539062	300.778087	300.341296	288.065	307.806783	7.84781567	7.01821562	0	89.4	0	0	3
5190	1151	0	2.02734375	300.600374	300.373462	288.065	307.806783	7.82617844	7.01821562	0	89.6	0	0	3
5195	1152	0	2.02929688	300.410037	300.405849	288.065	307.806783	7.80345242	7.01821562	0	89.9	0	0	3
5200	1153	0	2.03125	300.215597	300.438495	288.065	307.806783	7.77949647	7.01821562	0	90.2	0	0	3
5205	1156	0	2.03320312	300.026423	300.471441	288.065	307.806783	7.75417897	7.01821562	0	90.5	0	0	3
5210	1157	0	2.03515625	299.849449	300.504737	288.065	307.806783	7.72734593	7.01821562	0	90.8	0	0	3
5215	1158	0	2.03710938	299.692193	300.538469	288.065	307.806783	7.69879849	7.01821562	0	91.1	0	0	3
5220	1159	0	2.0390625	299.558892	300.57276	288.065	307.806783	7.66828217	7.01821562	0	91.5	0	0	3
5225	1160	0	2.04101562	299.453474	300.607772	288.065	307.806783	7.63548777	7.01821562	0	91.9	0	0	3
5230	1161	0	2.04296875	299.375376	300.643666	288.065	307.806783	7.59867973	7.01821562	0	92.3	0	0	3
5235	1162	0	2.04492188	299.31965	300.680566	288.065	307.806783	7.55885901	7.01821562	0	92.8	0	0	3
5240	1163	0	2.046875	299.281142	300.718538	288.065	307.806783	7.51562813	7.01821562	0	93.3	0	0	3
5245	1164	0	2.04882812	299.255167	300.757598	288.065	307.806783	7.46867349	7.01821562	0	93.9	0	0	3
5250	1165	0	2.05078125	299.236804	300.797705	288.065	307.806783	7.41781124	7.01821562	0	94.6	0	0	3
5255	1166	0	2.05273438	299.220754	300.838759	288.065	307.806783	7.36301083	7.01821562	0	95.3	0	0	3
5260	1167	0	2.0546875	299.201755	300.880608	288.065	307.806783	7.30438802	7.01821562	0	96	0	0	3
5265	1168	0	2.05664062	299.176407	300.923061	288.065	307.806783	7.24219773	7.01821562	0	96.9	0	0	3
5270	1169	0	2.05859375	299.143767	300.965903	288.065	307.806783	7.17682011	7.01821562	0	97.7	0	0	3
5275	1170	0	2.06054688	299.106619	301.00891	288.065	307.806783	7.10869105	7.01821562	0	98.7	0	0	3
5280	1171	0	2.0625	299.067749	301.05189	288.076091	307.806783	7.03827467	7.01821562	0	99.7	0	0	3
5285	1172	0	2.06445312	299.03069	301.094681	291.357308	307.806783	6.98488355	7.01821562	0	100	0	0	3
5290	1173	0	2.06640625	298.997629	301.118303	291.357308	307.806783	6.93000513	7.01821562	0	100	0	0	3
5295	1174	0	2.06835938	298.967859	301.141592	291.357308	307.806783	6.87412728	7.01821562	0	100	0	0	3
5300	1175	0	2.0703125	298.938935	301.164345	291.357308	307.806783	6.8175873	7.01821562	0	100	0	0	3
5305	1177	0	2.07226562	298.907443	301.186449	291.357308	307.806783	6.76071192	7.01821562	0	100	0	0	3
5310	1178	0	2.07421875	298.869037	301.207723	291.357308	307.806783	6.70377604	7.01821562	0	100	0	0	3
5315	1179	0	2.07617188	298.819614	301.227961	291.357308	307.806783	6.6468234	7.01821562	0	100	0	0	3
5320	1180	0	2.078125	298.755855	301.247118	291.357308	307.806783	6.58977442	7.01821562	0	100	0	0	3
5325	1181	0	2.08007812	298.677235	301.265218	291.357308	307.806783	6.53243853	7.01821562	0	100	0	0	3
5330	1182	0	2.08203125	298.585843	301.282361	291.357308	307.806783	6.47455281	7.01821562	0	100	0	0	3
5335	1184	0	2.08398438	298.48518	301.298699	291.357308	307.806783	6.41581349	7.01821562	0	100	0	0	3
5340	1185	0	2.0859375	298.377326	301.314419	291.357308	307.806783	6.35591389	7.01821562	0	100	0	0	3
5345	1186	0	2.08789062	299.019237	301.332672	291.357308	307.806783	6.2946113	7.01821562	0	100	0	0	3
5350	1187	0	2.08984375	298.889383	301.350638	291.357308	307.806783	6.23172052	7.01821562	0	100	0	0	3
5355	1188	0	2.09179688	298.774119	301.36854	291.357308	307.806783	6.16708295	7.01821562	0	100	0	0	3
5360	1189	0	2.09375	298.658279	301.386537	291.357308	307.806783	6.10057138	7.01821562	0	100	0	0	3
5365	1190	0	2.09570312	298.525529	301.404699	291.357308	307.806783	6.03214513	7.01821562	0	100	0	0	3
5370	1191	0	2.09765625	298.386531	301.423043	291.357308	307.806783	5.96179595	7.01821562	0	100	0	0	3
5375	1192	0	2.09960938	298.257686	301.441606	291.357308	307.806783	5.88949905	7.01821562	0	100	0	0	3
5380	1193	0	2.1015625	298.143063	301.46044	291.357308	307.806783	5.8151968	7.01821562	0	100	0	0	3
5385	1194	0	2.10351562	298.038593	301.479591	291.357308	307.806783	5.73880219	7.01821562	0	100	0	0	3
5390	1195	0	2.10546875	297.941602	301.499105	291.357308	307.806783	5.66021243	7.01821562	0	100	0	0	3
5395	1196	0	2.10742188	297.852448	301.519033	291.357308	307.806783	5.59853106	7.01821562	0	100	0	0	3
5400	1197	0	2.109375	297.77297	301.539436	291.357308	307.806783	5.53432412	7.01821562	0	100	0	0	3
5405	1199	0	2.11132812	297.702946	301.56037	291.357308	307.806783	5.46763041	7.01821562	0	100	0	0	3
5410	1200	0	2.11328125	297.638895	301.58186	291.357308	307.806783	5.39870104	7.01821562	0	100	0	0	3
5415	1201	0	2.11523438	297.574895	301.603885	291.357308	307.806783	5.32735648	7.01821562	0	100	0	0	3
5420	1202	0	2.1171875	297.505898	301.626373	291.357308	307.806783	5.25348436	7.01821562	0	100	0	0	3
5425	1203	0	2.11914062	297.428991	301.649194	291.357308	307.806783	5.17735011	7.01821562	0	100	0	0	3
5430	1204	0	2.12109375	297.343311	301.672175	291.357308	307.806783	5.09935545	7.01821562	0	100	0	0	3
5435	1205	0	2.12304688	297.24905	301.695089	291.357308	307.806783	5.01983348	7.01821562	0	100	0	0	3
5440	1206	0	2.125	297.148118	301.717709	291.378306	307.806783	4.93902506	7.01821562	0	100	0	0	3
5445	1207	0	2.12695312	297.044162	301.739841	291.440142	307.806783	4.8571227	7.01821562	0	100	0	0	3
5450	1208	0	2.12890625	296.940975	301.761329	291.543062	307.806783	4.8526016	7.01821562	0	100	0	0	3
5455	1209	0	2.13085938	296.841104	301.782025	294.971532	307.806783	4.87329708	7.01821562	0	100	0	0	3
5460	1210	0	2.1328125	296.745689	301.788955	295.163946	307.806783	4.88022738	7.01821562	0	100	0	0	3
5465	1211	0	2.13476562	296.654857	301.794779	295.391187	307.806783	4.88605125	7.01821562	0	100	0	0	3
5470	1212	0	2.13671875	296.568202	301.799376	295.684804	307.806783	4.89064897	7.01821562	0	100	0	0	3
5475	1213	0	2.13867188	296.48513	301.802503	296.023036	307.806783	4.89377524	7.01821562	0	100	0	0	3
5480	1214	0	2.140625	296.405103	301.803995	296.354397	307.806783	4.89526769	7.01821562	0	100	0	0	3
5485	1215	0	2.14257812	296.327773	301.803891	296.327773	307.806783	4.89526769	7.01821562	0	100	0	0	3
5490	1216	0	2.14453125	296.253086	301.802245	296.253086	307.806783	4.89526769	7.01821562	0	100	0	0	3
5495	1217	0	2.14648438	296.18142	301.799204	296.18142	307.806783	4.89526769	7.01821562	0	100	0	0	3
5500	1218	0	2.1484375	296.113872	301.794979	296.113872	307.806783	4.89526769	7.01821562	0	100	0	0	3
5505	1220	0	2.15039062	296.051724	301.789792	296.051724	307.806783	4.89526769	7.01821562	0	100	0	0	3
5510	1222	0	2.15234375	295.995923	301.783881	295.995923	307.806783	4.89526769	7.01821562	0	100	0	0	3
5515	1223	0	2.15429688	297.655675	301.784163	295.995923	307.806783	4.89526769	7.01821562	0	100	0	0	3
5520	1224	0	2.15625	297.612269	301.784178	295.995923	307.806783	4.89526769	7.01821562	0	100	0	0	3
5525	1225	0	2.15820312	297.584404	301.78413	295.995923	307.806783	4.89526769	7.01821562	0	100	0	0	3
5530	1226	0	2.16015625	297.548524	301.784082	295.995923	307.806783	4.89526769	7.01821562	0	100	0	0	3
5535	1227	0	2.16210938	297.505938	301.784065	295.995923	307.806783	4.89526769	7.01821562	0	100	0	0	3
5540	1228	0	2.1640625	297.461598	301.784109	295.995923	307.806783	4.89526769	7.01821562	0	100	0	0	3
5545	1229	0	2.16601562	297.428561	301.78426	295.995923	307.806783	4.89526769	7.01821562	0	100	0	0	3
5550	1230	0	2.16796875	297.401289	301.784526	295.995923	307.806783	4.89526769	7.01821562	0	100	0	0	3
5555	1231	0	2.16992188	297.366929	301.784866	295.995923	307.806783	4.89526769	7.01821562	0	100	0	0	3
5560	1232	0	2.171875	297.321494	301.785236	295.995923	307.806783	4.89526769	7.01821562	0	100	0	0	3
5565	1233	0	2.17382812	297.264053	301.785598	295.995923	307.806783	4.89526769	7.01821562	0	100	0	0	3
5570	1234	0	2.17578125	297.196365	301.785931	295.995923	307.806783	4.89526769	7.01821562	0	100	0	0	3
5575	1235	0	2.17773438	297.121721	301.78622	295.995923	307.806783	4.89526769	7.01821562	0	100	0	0	3
5580	1236	0	2.1796875	297.041722	301.786447	295.995923	307.806783	4.89526769	7.01821562	0	100	0	0	3
5585	1237	0	2.18164062	296.955941	301.786564	295.995923	307.806783	4.89526769	7.01821562	0	100	0	0	3
5590	1238	0	2.18359375	296.86425	301.786487	295.995923	307.806783	4.89526769	7.01821562	0	100	0	0	3
5595	1239	0	2.18554688	296.767763	301.786104	295.995923	307.806783	4.89526769	7.01821562	0	100	0	0	3
5600	1240	0	2.1875	296.667923	301.785285	295.995923	307.806783	4.89526769	7.01821562	0	100	0	0	3
5605	1242	0	2.18945312	296.56531	301.783904	295.995923	307.806783	4.89526769	7.01821562	0	100	0	0	3
5610	1244	0	2.19140625	296.459541	301.781828	295.995923	307.806783	4.89526769	7.01821562	0	100	0	0	3
5615	1245	0	2.19335938	296.349708	301.778904	295.995923	307.806783	4.89526769	7.01821562	0	100	0	0	3
5620	1246	0	2.1953125	296.236081	301.774959	295.995923	307.806783	4.89526769	7.01821562	0	100	0	0	3
5625	1247	0	2.19726562	296.120506	301.765844	295.995923	307.806783	4.89526769	7.01821562	0	100	0	0	3
5630	1248	0	2.19921875	296.006047	301.755316	295.995923	307.806783	4.89526769	7.01821562	0	100	0	0	3
5635	1249	0	2.20117188	295.896456	301.7433	295.896456	307.806783	4.89526769	7.01821562	0	100	0	0	3
5640	1250	0	2.203125	295.795221	301.729726	295.795221	307.806783	4.89526769	7.01821562	0	100	0	0	3
5645	1251	0	2.20507812	295.705149	301.714579	295.705149	307.806783	4.89526769	7.01821562	0	100	0	0	3
5650	1252	0	2.20703125	295.628351	301.697883	295.628351	307.806783	4.89526769	7.01821562	0	100	0	0	3
5655	1253	0	2.20898438	295.566225	301.679722	295.566225	307.806783	4.89526769	7.01821562	0	100	0	0	3
5660	1254	0	2.2109375	295.519675	301.660231	295.519675	307.806783	4.89526769	7.01821562	0	100	0	0	3
5665	1255	0	2.21289062	295.489535	301.639598	295.489535	307.806783	4.89526769	7.01821562	0	100	0	0	3
5670	1256	0	2.21484375	295.475682	301.618036	295.475682	307.806783	4.89526769	7.01821562	0	100	0	0	3
5675	1257	0	2.21679688	295.476996	301.595758	295.475682	307.806783	4.89526769	7.01821562	0	100	0	0	3
5680	1258	0	2.21875	297.381114	301.580349	295.475682	307.806783	4.89526769	7.01821562	0	100	0	0	3
5685	1259	0	2.22070312	297.389166	301.564534	295.475682	307.806783	4.89526769	7.01821562	0	100	0	0	3
5690	1260	0	2.22265625	297.434012	301.548567	295.475682	307.806783	4.89526769	7.01821562	0	100	0	0	3
5695	1261	0	2.22460938	297.474494	301.532501	295.475682	307.806783	4.89526769	7.01821562	0	100	0	0	3
5700	1262	0	2.2265625	297.516086	301.516381	295.475682	307.806783	4.89526769	7.01821562	0	100	0	0	3
5705	1264	0	2.22851562	297.567802	301.500261	295.475682	307.806783	4.89526769	7.01821562	0	100	0	0	3
5710	1265	0	2.23046875	297.617947	301.484123	295.475682	307.806783	4.89526769	7.01821562	0	100	0	0	3
5715	1266	0	2.23242188	297.665795	301.467935	295.475682	307.806783	4.89526769	7.01821562	0	100	0	0	3
5720	1267	0	2.234375	297.701329	301.451618	295.475682	307.806783	4.89526769	7.01821562	0	100	0	0	3
5725	1268	0	2.23632812	297.718221	301.435075	295.475682	307.806783	4.89526769	7.01821562	0	100	0	0	3
5730	1269	0	2.23828125	297.715032	301.418212	295.475682	307.806783	4.89526769	7.01821562	0	100	0	0	3
5735	1270	0	2.24023438	297.693141	301.400955	295.475682	307.806783	4.89526769	7.01821562	0	100	0	0	3
5740	1271	0	2.2421875	297.655373	301.383247	295.475682	307.806783	4.89526769	7.01821562	0	100	0	0	3
5745	1272	0	2.24414062	297.602701	301.365039	295.475682	307.806783	4.89526769	7.01821562	0	100	0	0	3
5750	1274	0	2.24609375	297.536076	301.346278	295.475682	307.806783	4.89526769	7.01821562	0	100	0	0	3
5755	1275	0	2.24804688	297.461727	301.326928	295.475682	307.806783	4.89526769	7.01821562	0	100	0	0	3
5760	1276	0	2.25	297.385896	301.306963	295.475682	307.806783	4.89526769	7.01821562	0	100	0	0	3
5765	1277	0	2.25195312	297.311673	301.286351	295.475682	307.806783	4.89526769	7.01821562	0	100	0	0	3
5770	1278	0	2.25390625	297.239154	301.265046	295.475682	307.806783	4.89526769	7.01821562	0	100	0	0	3
5775	1279	0	2.25585938	297.166893	301.242982	295.475682	307.806783	4.89526769	7.01821562	0	100	0	0	3
5780	1280	0	2.2578125	297.092984	301.220074	295.475682	307.806783	4.89526769	7.01821562	0	100	0	0	3
5785	1281	0	2.25976562	297.015412	301.196228	295.475682	307.806783	4.89526769	7.01821562	0	100	0	0	3
5790	1282	0	2.26171875	296.933156	301.17656	295.475682	307.806783	4.89526769	7.01821562	0	100	0	0	3
5795	1283	0	2.26367188	296.847503	301.155719	295.475682	307.806783	4.89526769	7.01821562	0	100	0	0	3
5800	1284	0	2.265625	296.761509	301.133735	295.475682	307.806783	4.89526769	7.01821562	0	100	0	0	3
5805	1286	0	2.26757812	296.679729	301.110657	295.475682	307.806783	4.89526769	7.01821562	0	100	0	0	3
5810	1287	0	2.26953125	296.606938	301.086435	295.475682	307.806783	4.89526769	7.01821562	0	100	0	0	3
5815	1288	0	2.27148438	296.547845	301.061097	295.475682	307.806783	4.89526769	7.01821562	0	100	0	0	3
5820	1289	0	2.2734375	296.506861	301.034769	295.475682	307.806783	4.89526769	7.01821562	0	100	0	0	3
5825	1290	0	2.27539062	296.48647	301.007597	295.475682	307.806783	4.89526769	7.01821562	0	100	0	0	3
5830	1291	0	2.27734375	296.485463	300.979712	295.475682	307.806783	4.89526769	7.01821562	0	100	0	0	3
5835	1292	0	2.27929688	296.501616	300.951237	295.475682	307.806783	4.89526769	7.01821562	0	100	0	0	3
5840	1293	0	2.28125	296.534293	300.922292	295.475682	307.806783	4.89526769	7.01821562	0	100	0	0	3
5845	1294	0	2.28320312	296.583974	300.892991	295.475682	307.806783	4.89526769	7.01821562	0	100	0	0	3
5850	1295	0	2.28515625	298.043015	300.868877	295.475682	307.806783	4.89526769	7.01821562	0	100	0	0	3
5855	1296	0	2.28710938	298.126633	300.844609	295.475682	307.806783	4.89526769	7.01821562	0	100	0	0	3
5860	1297	0	2.2890625	298.215025	300.820227	295.475682	307.806783	4.89526769	7.01821562	0	100	0	0	3
5865	1299	0	2.29101562	298.307817	300.795745	295.475682	307.806783	4.89526769	7.01821562	0	100	0	0	3
5870	1300	0	2.29296875	298.414046	300.771198	295.475682	307.806783	4.89526769	7.01821562	0	100	0	0	3
5875	1301	0	2.29492188	298.518993	300.746541	295.475682	307.806783	4.89526769	7.01821562	0	100	0	0	3
5880	1302	0	2.296875	298.620345	300.721712	295.475682	307.806783	4.89526769	7.01821562	0	100	0	0	3
5885	1303	0	2.29882812	298.707047	300.696603	295.475682	307.806783	4.89526769	7.01821562	0	100	0	0	3
5890	1304	0	2.30078125	298.773264	300.6711	295.475682	307.806783	4.89526769	7.01821562	0	100	0	0	3
5895	1305	0	2.30273438	298.817045	300.645103	295.475682	307.806783	4.89526769	7.01821562	0	100	0	0	3
5900	1306	0	2.3046875	298.838326	300.618531	295.475682	307.806783	4.89519509	7.01821562	0	100	0	0	3
5905	1309	0	2.30664062	298.839971	300.591328	295.475682	307.806783	4.89270122	7.01821562	0	100	0	0	3
5910	1310	0	2.30859375	298.826585	300.563458	295.475682	307.806783	4.88789744	7.01821562	0	100	0	0	3
5915	1311	0	2.31054688	298.803317	300.534906	295.475682	307.806783	4.88057659	7.01821562	0	100	0	0	3
5920	1312	0	2.3125	298.773271	300.505668	295.475682	307.806783	4.87027756	7.01821562	0	100	0	0	3
5925	1313	0	2.31445312	298.740116	300.475751	295.475682	307.806783	4.85724907	7.01821562	0	100	0	0	3
5930	1314	0	2.31640625	298.707189	300.44518	295.475682	307.806783	4.8419717	7.01821562	0	100	0	0	3
5935	1315	0	2.31835938	298.676574	300.413989	295.475682	307.806783	4.82486904	7.01821562	0	100	0	0	3
5940	1316	0	2.3203125	298.648342	300.382218	295.475682	307.806783	4.80629606	7.01821562	0	100	0	0	3
5945	1317	0	2.32226562	298.621742	300.349907	295.475682	307.806783	4.78663877	7.01821562	0	100	0	0	3
5950	1318	0	2.32421875	298.595457	300.317099	295.475682	307.806783	4.76633349	7.01821562	0	100	0	0	3
5955	1319	0	2.32617188	298.567729	300.28383	295.475682	307.806783	4.75730777	7.01821562	0	100	0	0	3
5960	1320	0	2.328125	298.537477	300.26166	295.475682	307.806783	4.74822335	7.01821562	0	100	0	0	3
5965	1321	0	2.33007812	298.505396	300.239005	295.475682	307.806783	4.73935453	7.01821562	0	100	0	0	3
5970	1322	0	2.33203125	298.473674	300.215987	295.475682	307.806783	4.73078067	7.01821562	0	100	0	0	3
5975	1323	0	2.33398438	298.446259	300.192633	295.475682	307.806783	4.72248741	7.01821562	0	100	0	0	3
5980	1324	0	2.3359375	298.427529	300.168994	295.475682	307.806783	4.71442912	7.01821562	0	100	0	0	3
5985	1325	0	2.33789062	298.420628	300.145133	295.475682	307.806783	4.70653839	7.01821562	0	100	0	0	3
5990	1326	0	2.33984375	298.426899	300.121089	295.475682	307.806783	4.6987693	7.01821562	0	100	0	0	3
5995	1327	0	2.34179688	298.446743	300.096908	295.475682	307.806783	4.69110234	7.01821562	0	100	0	0	3
6000	1329	0	2.34375	298.481188	300.072638	295.475682	307.806783	4.68352735	7.01821562	0	100	0	0	3
6005	1331	0	2.34570312	298.53239	300.048322	295.475682	307.806783	4.67599934	7.01821562	0	100	0	0	3
6010	1332	0	2.34765625	298.599073	300.023965	295.475682	307.806783	4.66842821	7.01821562	0	100	0	0	3
6015	1333	0	2.34960938	299.225038	300.001675	295.475682	307.806783	4.6606896	7.01821562	0	100	0	0	3
6020	1334	0	2.3515625	299.311399	299.979271	295.475682	307.806783	4.65261914	7.01821562	0	100	0	0	3
6025	1335	0	2.35351562	299.40889	299.956726	295.475682	307.806783	4.64403425	7.01821562	0	100	0	0	3
6030	1336	0	2.35546875	299.51607	299.934024	295.475682	307.806783	4.6347327	7.01821562	0	100	0	0	3
6035	1337	0	2.35742188	299.625849	299.911135	295.475682	307.806783	4.62448709	7.01821562	0	100	0	0	3
6040	1338	0	2.359375	299.736914	299.888036	295.475682	307.806783	4.61304983	7.01821562	0	100	0	0	3
6045	1339	0	2.36132812	299.847253	299.864704	295.475682	307.806783	4.6001574	7.01821562	0	100	0	0	3
6050	1340	0	2.36328125	299.949788	299.841088	295.475682	307.806783	4.58555812	7.01821562	0	100	0	0	3
6055	1341	0	2.36523438	300.038687	299.817107	295.475682	307.806783	4.56903265	7.01821562	0	100	0	0	3
6060	1342	0	2.3671875	300.110402	299.792669	295.475682	307.806783	4.55038613	7.01821562	0	100	0	0	3
6065	1344	0	2.36914062	300.164785	299.76769	295.475682	307.806783	4.52648983	7.01821562	0	100	0	0	3
6070	1345	0	2.37109375	300.20409	299.742108	295.475682	307.806783	4.50015856	7.01821562	0	100	0	0	3
6075	1346	0	2.37304688	300.231826	299.715893	295.475682	307.806783	4.47127711	7.01821562	0	100	0	0	3
6080	1347	0	2.375	300.251108	299.689051	295.475682	307.806783	4.43984519	7.01821562	0	100	0	0	3
6085	1348	0	2.37695312	300.264715	299.661616	295.475682	307.806783	4.40596211	7.01821562	0	100	0	0	3
6090	1349	0	2.37890625	300.275811	299.633651	295.475682	307.806783	4.36975472	7.01821562	0	100	0	0	3
6095	1350	0	2.38085938	300.287055	299.605245	295.475682	307.806783	4.3314556	7.01821562	0	100	0	0	3
6100	1351	0	2.3828125	300.300295	299.576499	295.475682	307.806783	4.29138344	7.01821562	0	100	0	0	3
6105	1354	0	2.38476562	300.316206	299.54752	295.475682	307.806783	4.24989603	7.01821562	0	100	0	0	3
6110	1355	0	2.38671875	300.334764	299.518421	295.475682	307.806783	4.2073556	7.01821562	0	100	0	0	3
6115	1356	0	2.38867188	300.355084	299.489313	295.475682	307.802423	4.16409754	7.01821562	0	100	0	0	3
6120	1357	0	2.390625	300.376245	299.460305	295.475682	305.831582	4.13358509	7.01821562	0	100	0	0	3
6125	1358	0	2.39257812	300.397343	299.444674	295.475682	305.831582	4.10279563	7.01821562	0	100	0	0	3
6130	1359	0	2.39453125	300.417716	299.429257	295.475682	305.831582	4.07195708	7.01821562	0	100	0	0	3
6135	1360	0	2.39648438	300.437167	299.414187	295.475682	305.831582	4.04112672	7.01821562	0	100	0	0	3
6140	1361	0	2.3984375	300.456332	299.399486	295.475682	305.831582	4.01036842	7.01821562	0	100	0	0	3
6145	1362	0	2.40039062	300.476528	299.385247	295.475682	305.831582	3.97974814	7.01821562	0	100	0	0	3
6150	1363	0	2.40234375	300.500333	299.371629	295.475682	305.831582	3.94908762	7.01821562	0	100	0	0	3
6155	1364	0	2.40429688	300.530649	299.358579	295.475682	305.831582	3.91813873	7.01821562	0	100	0	0	3
6160	1366	0	2.40625	300.569035	299.345981	295.475682	305.831582	3.88671085	7.01821562	0	100	0	0	3
6165	1367	0	2.40820312	300.616112	299.333746	295.475682	305.831582	3.85469341	7.01821562	0	100	0	0	3
6170	1368	0	2.41015625	300.671153	299.321808	295.475682	305.831582	3.8220104	7.01821562	0	100	0	0	3
6175	1369	0	2.41210938	300.732655	299.310091	295.475682	305.831582	3.78859127	7.01821562	0	100	0	0	3
6180	1370	0	2.4140625	300.457096	299.297168	295.475682	305.831582	3.75436492	7.01821562	0	100	0	0	3
6185	1371	0	2.41601562	300.534023	299.284317	295.475682	305.831582	3.71922846	7.01821562	0	100	0	0	3
6190	1372	0	2.41796875	300.610291	299.271428	295.475682	305.831582	3.68305732	7.01821562	0	100	0	0	3
6195	1373	0	2.41992188	300.686835	299.258403	295.475682	305.831582	3.64573956	7.01821562	0	100	0	0	3
6200	1374	0	2.421875	300.766802	299.245199	295.475682	305.831582	3.60717805	7.01821562	0	100	0	0	3
6205	1376	0	2.42382812	300.848596	299.231796	295.475682	305.831582	3.56728949	7.01821562	0	100	0	0	3
6210	1377	0	2.42578125	300.928524	299.218176	295.475682	305.831582	3.52599995	7.01821562	0	100	0	0	3
6215	1378	0	2.42773438	301.003886	299.204316	295.475682	305.831582	3.48323927	7.01821562	0	100	0	0	3
6220	1379	0	2.4296875	301.073252	299.190178	295.475682	305.831582	3.43894378	7.01821562	0	100	0	0	3
6225	1380	0	2.43164062	301.136273	299.175711	295.475682	305.831582	3.39306998	7.01821562	0	100	0	0	3
6230	1381	0	2.43359375	301.193269	299.16087	295.475682	305.831582	3.35819682	7.01821562	0	100	0	0	3
6235	1382	0	2.43554688	301.243648	299.14562	295.475682	305.831582	3.32164447	7.01821562	0	100	0	0	3
6240	1384	0	2.4375	301.288634	299.129954	295.475682	305.831582	3.28356759	7.01821562	0	100	0	0	3
6245	1385	0	2.43945312	301.3289	299.113892	295.475682	305.831582	3.24407972	7.01821562	0	100	0	0	3
6250	1386	0	2.44140625	301.366955	299.097487	295.475682	305.831582	3.20310939	7.01821562	0	100	0	0	3
6255	1387	0	2.44335938	301.404944	299.080821	295.475682	305.831582	3.16067791	7.01821562	0	100	0	0	3
6260	1388	0	2.4453125	301.444876	299.063999	295.475682	305.831582	3.11699412	7.01821562	0	100	0	0	3
6265	1389	0	2.44726562	301.488203	299.047136	295.475682	305.831582	3.07230196	7.01821562	0	100	0	0	3
6270	1390	0	2.44921875	301.5359	299.030356	295.475682	305.827768	3.02678983	7.01821562	0	100	0	0	3
6275	1391	0	2.45117188	301.587791	299.013794	295.475682	305.792098	2.98058278	7.01821562	0	100	0	0	3
6280	1392	0	2.453125	301.642534	298.997584	295.475682	305.72163	2.93382258	7.01821562	0	100	0	0	3
6285	1393	0	2.45507812	301.698792	298.98187	295.475682	305.614489	2.88667295	7.01821562	0	100	0	0	3
6290	1394	0	2.45703125	301.75432	298.966791	295.475682	302.978492	2.84903308	7.01821562	0	100	0	0	3
6295	1395	0	2.45898438	301.808744	298.962222	295.475682	302.822155	2.84177309	7.01821562	0	100	0	0	3
6300	1397	0	2.4609375	301.861722	298.95847	295.475682	302.672464	2.84552478	7.01821562	0	100	0	0	3
6305	1399	0	2.46289062	301.913068	298.955504	295.475682	302.491706	2.84849117	7.01821562	0	100	0	0	3
6310	1400	0	2.46484375	301.962751	298.953438	295.475682	302.358995	2.8505574	7.01821562	0	100	0	0	3
6315	1401	0	2.46679688	302.010866	298.95243	295.475682	302.358995	2.85156505	7.01821562	0	100	0	0	3
6320	1402	0	2.46875	302.057535	298.952403	295.475682	302.358995	2.85159207	7.01821562	0	100	0	0	3
6325	1403	0	2.47070312	302.102733	298.953202	295.475682	302.358995	2.85159207	7.01821562	0	100	0	0	3
6330	1404	0	2.47265625	302.146203	298.954679	295.475682	302.358995	2.85159207	7.01821562	0	100	0	0	3
6335	1405	0	2.47460938	302.187552	298.95671	295.475682	302.358995	2.85159207	7.01821562	0	100	0	0	3
6340	1406	0	2.4765625	302.226407	298.959173	295.475682	302.358995	2.85159207	7.01821562	0	100	0	0	3
6345	1407	0	2.47851562	302.2625	298.96192	295.475682	302.358995	2.85159207	7.01821562	0	100	0	0	3
6350	1408	0	2.48046875	301.33443	298.961054	295.475682	302.358995	2.85159207	7.01821562	0	100	0	0	3
6355	1409	0	2.48242188	301.372905	298.960251	295.475682	302.358995	2.85159207	7.01821562	0	100	0	0	3
6360	1411	0	2.484375	301.3996	298.959393	295.475682	302.358995	2.85159207	7.01821562	0	100	0	0	3
6365	1412	0	2.48632812	301.427315	298.958421	295.475682	302.358995	2.85159207	7.01821562	0	100	0	0	3
6370	1413	0	2.48828125	301.451881	298.957294	295.475682	302.358995	2.85159207	7.01821562	0	100	0	0	3
6375	1414	0	2.49023438	301.476334	298.956008	295.475682	302.358995	2.85159207	7.01821562	0	100	0	0	3
6380	1415	0	2.4921875	301.503566	298.954582	295.475682	302.358995	2.85159207	7.01821562	0	100	0	0	3
6385	1416	0	2.49414062	301.530485	298.953024	295.475682	302.358995	2.85159207	7.01821562	0	100	0	0	3
6390	1417	0	2.49609375	301.5581	298.951334	295.475682	302.358995	2.85266089	7.01821562	0	100	0	0	3
6395	1418	0	2.49804688	301.589133	298.949512	295.475682	302.358995	2.85448335	7.01821562	0	100	0	0	3
6400	1419	0	2.5	301.624905	298.947564	295.475682	302.358995	2.85643162	7.01821562	0	100	0	0	3
6405	1421	0	2.50195312	301.665178	298.945511	295.475682	302.358995	2.85848418	7.01821562	0	100	0	0	3
6410	1422	0	2.50390625	301.709391	298.943394	295.475682	302.358995	2.86060128	7.01821562	0	100	0	0	3
6415	1423	0	2.50585938	301.756797	298.941266	295.475682	302.358995	2.86272903	7.01821562	0	100	0	0	3
6420	1425	0	2.5078125	301.806831	298.939191	295.475682	302.358995	2.86480405	7.01821562	0	100	0	0	3
6425	1426	0	2.50976562	301.859238	298.937242	295.475682	302.358995	2.86675325	7.01821562	0	100	0	0	3
6430	1427	0	2.51171875	301.914149	298.935504	295.475682	302.337262	2.86849093	7.01821562	0	100	0	0	3
6435	1428	0	2.51367188	301.972069	298.934078	295.475682	302.286877	2.86991747	7.01821562	0	100	0	0	3
6440	1429	0	2.515625	302.033355	298.933087	295.475682	302.2625	2.87090779	7.01821562	0	100	0	0	3
6445	1430	0	2.51757812	302.097637	298.932676	295.475682	302.2625	2.87131912	7.01821562	0	100	0	0	3
6450	1431	0	2.51953125	302.163743	298.932979	295.475682	302.2625	2.87131912	7.01821562	0	100	0	0	3
6455	1432	0	2.52148438	302.230499	298.934089	295.475682	302.2625	2.87131912	7.01821562	0	100	0	0	3
6460	1433	0	2.5234375	302.296961	298.939346	295.475682	302.296961	2.87131912	7.01821562	0	100	0	0	3
6465	1434	0	2.52539062	302.362091	298.945533	295.475682	302.362091	2.87131912	7.01821562	0	100	0	0	3
6470	1435	0	2.52734375	302.424594	298.952659	295.475682	302.424594	2.87131912	7.01821562	0	100	0	0	3
6475	1437	0	2.52929688	302.482992	298.960757	295.475682	302.482992	2.87131912	7.01821562	0	100	0	0	3
6480	1438	0	2.53125	302.535788	298.96982	295.475682	302.535788	2.87131912	7.01821562	0	100	0	0	3
6485	1439	0	2.53320312	302.581734	298.979802	295.475682	302.581734	2.87131912	7.01821562	0	100	0	0	3
6490	1440	0	2.53515625	302.619812	298.990623	295.475682	302.619812	2.87131912	7.01821562	0	100	0	0	3
6495	1441	0	2.53710938	302.64932	299.002175	295.475682	302.64932	2.87131912	7.01821562	0	100	0	0	3
6500	1442	0	2.5390625	302.669951	299.014327	295.475682	302.669951	2.87131912	7.01821562	0	100	0	0	3
6505	1444	0	2.54101562	302.681753	299.026938	295.475682	302.681753	2.87131912	7.01821562	0	100	0	0	3
6510	1445	0	2.54296875	302.685141	299.039866	295.475682	302.685141	2.87131912	7.01821562	0	100	0	0	3
6515	1446	0	2.54492188	301.525572	299.048483	295.475682	302.685141	2.87131912	7.01821562	0	100	0	0	3
6520	1448	0	2.546875	301.525272	299.05725	295.475682	302.685141	2.87131912	7.01821562	0	100	0	0	3
6525	1449	0	2.54882812	301.511148	299.066062	295.475682	302.685141	2.87131912	7.01821562	0	100	0	0	3
6530	1450	0	2.55078125	301.492849	299.074875	295.475682	302.685141	2.87131912	7.01821562	0	100	0	0	3
6535	1451	0	2.55273438	301.464958	299.083641	295.475682	302.685141	2.87131912	7.01821562	0	100	0	0	3
6540	1452	0	2.5546875	301.426674	299.092332	295.475682	302.685141	2.87131912	7.01821562	0	100	0	0	3
6545	1453	0	2.55664062	301.396369	299.101004	295.475682	302.685141	2.87131912	7.01821562	0	100	0	0	3
6550	1454	0	2.55859375	301.376431	299.109725	295.475682	302.685141	2.87131912	7.01821562	0	100	0	0	3
6555	1455	0	2.56054688	301.364198	299.118544	295.475682	302.685141	2.87131912	7.01821562	0	100	0	0	3
6560	1456	0	2.5625	301.360232	299.127499	295.475682	302.685141	2.87131912	7.01821562	0	100	0	0	3
6565	1457	0	2.56445312	301.365691	299.13662	295.475682	302.685141	2.87131912	7.01821562	0	100	0	0	3
6570	1458	0	2.56640625	301.380934	299.14593	295.475682	302.685141	2.87131912	7.01821562	0	100	0	0	3
6575	1459	0	2.56835938	301.405507	299.155452	295.475682	302.685141	2.87131912	7.01821562	0	100	0	0	3
6580	1461	0	2.5703125	301.438739	299.165217	295.475682	302.685141	2.87131912	7.01821562	0	100	0	0	3
6585	1462	0	2.57226562	301.478422	299.17526	295.475682	302.685141	2.87131912	7.01821562	0	100	0	0	3
6590	1463	0	2.57421875	301.522045	299.185623	295.475682	302.685141	2.87131912	7.01821562	0	100	0	0	3
6595	1464	0	2.57617188	301.567781	299.196358	295.475682	302.685141	2.87131912	7.01821562	0	100	0	0	3
6600	1465	0	2.578125	301.615097	299.207527	295.475682	302.685141	2.87131912	7.01821562	0	100	0	0	3
6605	1468	0	2.58007812	301.664065	299.219194	295.475682	302.685141	2.87131912	7.01821562	0	100	0	0	3
6610	1469	0	2.58203125	301.715863	299.231421	295.475682	302.685141	2.87131912	7.01821562	0	100	0	0	3
6615	1470	0	2.58398438	301.76913	299.244249	295.475682	302.685141	2.87131912	7.01821562	0	100	0	0	3
6620	1471	0	2.5859375	301.824365	299.257714	295.475682	302.685141	2.87131912	7.01821562	0	100	0	0	3
6625	1472	0	2.58789062	301.880808	299.268892	295.475682	302.685141	2.87131912	7.01821562	0	100	0	0	3
6630	1473	0	2.58984375	301.937134	299.280797	295.475682	302.685141	2.87131912	7.01821562	0	100	0	0	3
6635	1474	0	2.59179688	301.991411	299.293365	295.475682	302.685141	2.87131912	7.01821562	0	100	0	0	3
6640	1476	0	2.59375	302.041348	299.30658	295.475682	302.685141	2.87131912	7.01821562	0	100	0	0	3
6645	1477	0	2.59570312	302.084625	299.320482	295.475682	302.685141	2.87131912	7.01821562	0	100	0	0	3
6650	1478	0	2.59765625	302.119121	299.335063	295.475682	302.685141	2.87131912	7.01821562	0	100	0	0	3
6655	1479	0	2.59960938	302.14346	299.350242	295.475682	302.685141	2.87131912	7.01821562	0	100	0	0	3
6660	1480	0	2.6015625	302.156471	299.365919	295.475682	302.685141	2.87131912	7.01821562	0	100	0	0	3
6665	1481	0	2.60351562	302.15742	299.382008	295.475682	302.685141	2.87131912	7.01821562	0	100	0	0	3
6670	1482	0	2.60546875	302.14622	299.398432	295.475682	302.685141	2.87131912	7.01821562	0	100	0	0	3
6675	1483	0	2.60742188	302.123546	299.415116	295.475682	302.685141	2.87131912	7.01821562	0	100	0	0	3
6680	1484	0	2.609375	302.090007	299.43198	295.475682	302.685141	2.87131912	7.01821562	0	100	0	0	3
6685	1485	0	2.61132812	301.139502	299.445404	295.475682	302.685141	2.87131912	7.01821562	0	100	0	0	3
6690	1486	0	2.61328125	301.091738	299.458892	295.475682	302.685141	2.87131912	7.01821562	0	100	0	0	3
6695	1488	0	2.61523438	301.042656	299.472437	295.475682	302.685141	2.87131912	7.01821562	0	100	0	0	3
6700	1489	0	2.6171875	300.980046	299.486008	295.475682	302.685141	2.87131912	7.01821562	0	100	0	0	3
6705	1491	0	2.61914062	300.906796	299.499594	295.475682	302.685141	2.87131912	7.01821562	0	100	0	0	3
6710	1492	0	2.62109375	300.842353	299.513262	295.475682	302.685141	2.87131912	7.01821562	0	100	0	0	3
6715	1493	0	2.62304688	300.789596	299.527092	295.475682	302.685141	2.87131912	7.01821562	0	100	0	0	3
6720	1494	0	2.625	300.746174	299.541147	295.475682	302.685141	2.87131912	7.01821562	0	100	0	0	3
6725	1495	0	2.62695312	300.712548	299.555476	295.475682	302.685141	2.87131912	7.01821562	0	100	0	0	3
6730	1496	0	2.62890625	300.690378	299.570123	295.475682	302.685141	2.87131912	7.01821562	0	100	0	0	3
6735	1497	0	2.63085938	300.680768	299.585121	295.475682	302.685141	2.87131912	7.01821562	0	100	0	0	3
6740	1498	0	2.6328125	300.681954	299.600497	295.475682	302.685141	2.87131912	7.01821562	0	100	0	0	3
6745	1500	0	2.63476562	300.691855	299.616267	295.475682	302.685141	2.87131912	7.01821562	0	100	0	0	3
6750	1501	0	2.63671875	300.709194	299.632443	295.475682	302.685141	2.87131912	7.01821562	0	100	0	0	3
6755	1502	0	2.63867188	300.730854	299.649027	295.475682	302.685141	2.87131912	7.01821562	0	100	0	0	3
6760	1503	0	2.640625	300.753808	299.666015	295.475682	302.685141	2.87121513	7.01821562	0	100	0	0	3
6765	1504	0	2.64257812	300.776372	299.683392	295.475682	302.685141	2.8695691	7.01821562	0	100	0	0	3
6770	1505	0	2.64453125	300.79803	299.701146	295.475682	302.685141	2.86652837	7.01821562	0	100	0	0	3
6775	1506	0	2.64648438	300.819086	299.719261	295.475682	302.685141	2.86230269	7.01821562	0	100	0	0	3
6780	1507	0	2.6484375	300.840522	299.737725	295.475682	302.685141	2.85711574	7.01821562	0	100	0	0	3
6785	1509	0	2.65039062	300.863696	299.756522	295.475682	302.685141	2.85388763	7.01821562	0	100	0	0	3
6790	1510	0	2.65234375	300.889297	299.775636	295.475682	302.685141	2.85388763	7.01821562	0	100	0	0	3
6795	1511	0	2.65429688	300.916562	299.788374	295.475682	302.685141	2.85388763	7.01821562	0	100	0	0	3
6800	1512	0	2.65625	300.943843	299.801388	295.475682	302.685141	2.85388763	7.01821562	0	100	0	0	3
6805	1514	0	2.65820312	300.969037	299.814609	295.475682	302.685141	2.85388763	7.01821562	0	100	0	0	3
6810	1515	0	2.66015625	300.989494	299.828051	295.475682	302.685141	2.85388763	7.01821562	0	100	0	0	3
6815	1516	0	2.66210938	301.003431	299.841713	295.475682	302.685141	2.85388763	7.01821562	0	100	0	0	3
6820	1517	0	2.6640625	301.009192	299.855571	295.475682	302.685141	2.85388763	7.01821562	0	100	0	0	3
6825	1518	0	2.66601562	301.005326	299.869542	295.475682	302.685141	2.85388763	7.01821562	0	100	0	0	3
6830	1520	0	2.66796875	300.991102	299.883565	295.475682	302.685141	2.85388763	7.01821562	0	100	0	0	3
6835	1521	0	2.66992188	300.9658	299.897623	295.475682	302.685141	2.85388763	7.01821562	0	100	0	0	3
6840	1522	0	2.671875	300.92928	299.911716	295.475682	302.685141	2.85388763	7.01821562	0	100	0	0	3
6845	1523	0	2.67382812	300.882205	299.925849	295.475682	302.685141	2.85388763	7.01821562	0	100	0	0	3
6850	1524	0	2.67578125	300.449647	299.938558	295.475682	302.685141	2.85388763	7.01821562	0	100	0	0	3
6855	1525	0	2.67773438	300.391459	299.95133	295.475682	302.685141	2.85388763	7.01821562	0	100	0	0	3
6860	1526	0	2.6796875	300.329905	299.964174	295.475682	302.685141	2.85388763	7.01821562	0	100	0	0	3
6865	1527	0	2.68164062	300.262398	299.97709	295.475682	302.685141	2.85381132	7.01821562	0	100	0	0	3
6870	1528	0	2.68359375	300.195068	299.990101	295.475682	302.685141	2.85342797	7.01821562	0	100	0	0	3
6875	1529	0	2.68554688	300.129874	300.003235	295.475682	302.685141	2.85260866	7.01821562	0	100	0	0	3
6880	1530	0	2.6875	300.066538	300.01651	295.475682	302.685141	2.85122823	7.01821562	0	100	0	0	3
6885	1531	0	2.68945312	300.007659	300.029957	295.475682	302.685141	2.84915236	7.01821562	0	100	0	0	3
6890	1532	0	2.69140625	299.957495	300.043621	295.475682	302.685141	2.84622844	7.01821562	0	100	0	0	3
6895	1534	0	2.69335938	299.918583	300.057562	295.475682	302.685141	2.84228348	7.01821562	0	100	0	0	3
6900	1535	0	2.6953125	299.890562	300.071837	295.475682	302.685141	2.8331678	7.01821562	0	100	0	0	3
6905	1537	0	2.69726562	299.871881	300.086491	295.475682	302.685141	2.82264041	7.01821562	0	100	0	0	3
6910	1538	0	2.69921875	299.860659	300.101548	295.475682	302.685141	2.81062352	7.01821562	0	100	0	0	3
6915	1539	0	2.70117188	299.854811	300.11701	295.475682	302.685141	2.79704972	7.01821562	0	100	0	0	3
6920	1541	0	2.703125	299.852031	300.132857	295.475682	302.685141	2.78190305	7.01821562	0	100	0	0	3
6925	1542	0	2.70507812	299.849841	300.149048	295.475682	302.685141	2.76520727	7.01821562	0	100	0	0	3
6930	1543	0	2.70703125	299.846209	300.165524	295.475682	302.685141	2.74704566	7.01821562	0	100	0	0	3
6935	1544	0	2.70898438	299.840008	300.182218	295.475682	302.685141	2.72755521	7.01821562	0	100	0	0	3
6940	1545	0	2.7109375	299.831257	300.19906	295.475682	302.685141	2.70692217	7.01821562	0	100	0	0	3
6945	1546	0	2.71289062	299.820691	300.215979	295.475682	302.685141	2.6853596	7.01821562	0	100	0	0	3
6950	1547	0	2.71484375	299.809787	300.232909	295.476996	302.685141	2.66308219	7.01821562	0	100	0	0	3
6955	1548	0	2.71679688	299.800204	300.249796	296.485463	302.685141	2.64767314	7.01821562	0	100	0	0	3
6960	1550	0	2.71875	299.793023	300.259218	296.485463	302.685141	2.63185822	7.01821562	0	100	0	0	3
6965	1551	0	2.72070312	299.788058	300.268589	296.485463	302.685141	2.61589084	7.01821562	0	100	0	0	3
6970	1552	0	2.72265625	299.783964	300.277768	296.485463	302.685141	2.59982484	7.01821562	0	100	0	0	3
6975	1553	0	2.72460938	299.779301	300.286771	296.485463	302.685141	2.58370492	7.01821562	0	100	0	0	3
6980	1554	0	2.7265625	299.772284	300.295584	296.485463	302.685141	2.56758475	7.01821562	0	100	0	0	3
6985	1555	0	2.72851562	299.76135	300.304153	296.485463	302.685141	2.5514474	7.01821562	0	100	0	0	3
6990	1556	0	2.73046875	299.744951	300.312462	296.485463	302.685141	2.53525926	7.01821562	0	100	0	0	3
6995	1557	0	2.73242188	299.721946	300.320493	296.485463	302.685141	2.51894242	7.01821562	0	100	0	0	3
7000	1558	0	2.734375	299.691585	300.328268	296.485463	302.685141	2.50239873	7.01821562	0	100	0	0	3
7005	1560	0	2.73632812	299.654535	300.335832	296.485463	302.685141	2.48553576	7.01821562	0	100	0	0	3
7010	1561	0	2.73828125	299.613042	300.343246	296.485463	302.685141	2.46827875	7.01821562	0	100	0	0	3
7015	1563	0	2.74023438	299.742572	300.351251	296.485463	302.685141	2.45057149	7.01821562	0	100	0	0	3
7020	1564	0	2.7421875	299.693588	300.359213	296.485463	302.685141	2.43236293	7.01821562	0	100	0	0	3
7025	1565	0	2.74414062	299.648863	300.367206	296.485463	302.685141	2.41360188	7.01821562	0	100	0	0	3
7030	1566	0	2.74609375	299.604128	300.375284	296.485463	302.685141	2.39425203	7.01821562	0	100	0	0	3
7035	1567	0	2.74804688	299.553814	300.383456	296.485463	302.685141	2.37428699	7.01821562	0	100	0	0	3
7040	1568	0	2.75	299.5013	300.39172	296.485463	302.685141	2.35367543	7.01821562	0	100	0	0	3
7045	1569	0	2.75195312	299.451541	300.400079	296.485463	302.685141	2.33237039	7.01821562	0	100	0	0	3
7050	1570	0	2.75390625	299.406402	300.408544	296.485463	302.685141	2.31030588	7.01821562	0	100	0	0	3
7055	1571	0	2.75585938	299.36588	300.417134	296.485463	302.685141	2.28739791	7.01821562	0	100	0	0	3
7060	1572	0	2.7578125	299.329416	300.42587	296.485463	302.685141	2.26355221	7.01821562	0	100	0	0	3
7065	1573	0	2.75976562	299.297063	300.434783	296.485463	302.685141	2.24388354	7.01821562	0	100	0	0	3
7070	1574	0	2.76171875	299.269069	300.443908	296.485463	302.685141	2.22304342	7.01821562	0	100	0	0	3
7075	1576	0	2.76367188	299.245121	300.453273	296.485463	302.685141	2.20105874	7.01821562	0	100	0	0	3
7080	1577	0	2.765625	299.224201	300.462893	296.485463	302.685141	2.17798116	7.01821562	0	100	0	0	3
7085	1578	0	2.76757812	299.204776	300.472757	296.485463	302.685141	2.15375909	7.01821562	0	100	0	0	3
7090	1579	0	2.76953125	299.184883	300.482827	296.485463	302.685141	2.12842053	7.01821562	0	100	0	0	3
7095	1580	0	2.77148438	299.164091	300.493047	296.485463	302.685141	2.10209321	7.01821562	0	100	0	0	3
7100	1581	0	2.7734375	299.140157	300.503333	296.485463	302.685141	2.07492143	7.01821562	0	100	0	0	3
7105	1584	0	2.77539062	299.112787	300.513592	296.485463	302.685141	2.04703584	7.01821562	0	100	0	0	3
7110	1585	0	2.77734375	299.081814	300.523734	296.501616	302.685141	2.01856081	7.01821562	0	100	0	0	3
7115	1586	0	2.77929688	299.048366	300.533682	296.534293	302.685141	1.98961612	7.01821562	0	100	0	0	3
7120	1587	0	2.78125	299.014477	300.54337	296.583974	302.685141	1.96031486	7.01821562	0	100	0	0	3
7125	1588	0	2.78320312	298.981663	300.552736	298.043015	302.685141	1.93620091	7.01821562	0	100	0	0	3
7130	1589	0	2.78515625	298.950332	300.556281	298.126633	302.685141	1.91193338	7.01821562	0	100	0	0	3
7135	1590	0	2.78710938	298.921342	300.559385	298.215025	302.685141	1.88755051	7.01821562	0	100	0	0	3
7140	1591	0	2.7890625	298.894263	300.562038	298.307817	302.685141	1.86306937	7.01821562	0	100	0	0	3
7145	1593	0	2.79101562	298.868779	300.564229	298.414046	302.685141	1.83852221	7.01821562	0	100	0	0	3
7150	1594	0	2.79296875	298.843774	300.565908	298.420628	302.685141	1.81386548	7.01821562	0	100	0	0	3
7155	1595	0	2.79492188	298.818866	300.567079	298.420628	302.685141	1.78903621	7.01821562	0	100	0	0	3
7160	1596	0	2.796875	298.793881	300.567757	298.420628	302.685141	1.76392716	7.01821562	0	100	0	0	3
7165	1597	0	2.79882812	298.768439	300.567997	298.420628	302.685141	1.73842375	7.01821562	0	100	0	0	3
7170	1598	0	2.80078125	298.743187	300.56788	298.420628	302.685141	1.71242658	7.01821562	0	100	0	0	3
7175	1599	0	2.80273438	298.718452	300.567494	298.420628	302.685141	1.6858553	7.01821562	0	100	0	0	3
7180	1600	0	2.8046875	298.695155	300.566935	298.420628	302.685141	1.65865236	7.01821562	0	100	0	0	3
7185	1601	0	2.80664062	299.218151	300.568412	298.420628	302.685141	1.63573644	7.01821562	0	100	0	0	3
7190	1603	0	2.80859375	299.195372	300.569853	298.420628	302.685141	1.63717701	7.01821562	0	100	0	0	3
7195	1604	0	2.81054688	299.182558	300.571334	298.420628	302.685141	1.63865842	7.01821562	0	100	0	0	3
7200	1605	0	2.8125	299.163753	300.57286	298.420628	302.685141	1.64018374	7.01821562	0	100	0	0	3
7205	1607	0	2.81445312	299.140288	300.574423	298.420628	302.685141	1.64174691	7.01821562	0	100	0	0	3
7210	1608	0	2.81640625	299.11979	300.576035	298.420628	302.685141	1.64335863	7.01821562	0	100	0	0	3
7215	1609	0	2.81835938	299.104343	300.577706	298.420628	302.685141	1.6450296	7.01821562	0	100	0	0	3
7220	1610	0	2.8203125	299.090379	300.579432	298.420628	302.685141	1.64675631	7.01821562	0	100	0	0	3
7225	1611	0	2.82226562	299.074193	300.5812	298.420628	302.685141	1.6485237	7.01821562	0	100	0	0	3
7230	1613	0	2.82421875	299.053727	300.58299	298.420628	302.685141	1.65031382	7.01821562	0	100	0	0	3
7235	1614	0	2.82617188	299.029726	300.584795	298.420628	302.685141	1.65211849	7.01821562	0	100	0	0	3
7240	1615	0	2.828125	299.004564	300.586619	298.420628	302.685141	1.65394305	7.01821562	0	100	0	0	3
7245	1616	0	2.83007812	298.979132	300.58847	298.420628	302.685141	1.65579358	7.01821562	0	100	0	0	3
7250	1617	0	2.83203125	298.952524	300.59034	298.420628	302.685141	1.65766409	7.01821562	0	100	0	0	3
7255	1618	0	2.83398438	298.924084	300.592207	298.420628	302.685141	1.65953059	7.01821562	0	100	0	0	3
7260	1619	0	2.8359375	298.893866	300.594028	298.420628	302.685141	1.66135222	7.01821562	0	100	0	0	3
7265	1620	0	2.83789062	298.861584	300.595751	298.426899	302.685141	1.66307471	7.01821562	0	100	0	0	3
7270	1622	0	2.83984375	298.828336	300.597319	298.446743	302.685141	1.66464282	7.01821562	0	100	0	0	3
7275	1623	0	2.84179688	298.793739	300.598674	298.481188	302.685141	1.66599827	7.01821562	0	100	0	0	3
7280	1624	0	2.84375	298.758142	300.599756	298.53239	302.685141	1.66708012	7.01821562	0	100	0	0	3
7285	1625	0	2.84570312	298.721537	300.600495	298.599073	302.685141	1.66781898	7.01821562	0	100	0	0	3
7290	1626	0	2.84765625	298.684274	300.600828	298.684274	302.685141	1.66815179	7.01821562	0	100	0	0	3
7295	1627	0	2.84960938	298.646707	300.598569	298.646707	302.685141	1.66815179	7.01821562	0	100	0	0	3
7300	1629	0	2.8515625	298.609823	300.595828	298.609823	302.685141	1.66815179	7.01821562	0	100	0	0	3
7305	1631	0	2.85351562	298.574097	300.592567	298.574097	302.685141	1.66815179	7.01821562	0	100	0	0	3
7310	1632	0	2.85546875	298.54087	300.588758	298.54087	302.685141	1.66815179	7.01821562	0	100	0	0	3
7315	1633	0	2.85742188	298.510902	300.584403	298.510902	302.685141	1.66815179	7.01821562	0	100	0	0	3
7320	1634	0	2.859375	298.485132	300.579513	298.485132	302.685141	1.66815179	7.01821562	0	100	0	0	3
7325	1636	0	2.86132812	298.463835	300.574109	298.463835	302.685141	1.66815179	7.01821562	0	100	0	0	3
7330	1637	0	2.86328125	298.447389	300.56824	298.447389	302.685141	1.66815179	7.01821562	0	100	0	0	3
7335	1638	0	2.86523438	298.435886	300.561979	298.435886	302.685141	1.66815179	7.01821562	0	100	0	0	3
7340	1639	0	2.8671875	298.429324	300.555412	298.429324	302.685141	1.66815179	7.01821562	0	100	0	0	3
7345	1640	0	2.86914062	298.42772	300.548627	298.42772	302.685141	1.66815179	7.01821562	0	100	0	0	3
7350	1641	0	2.87109375	299.086577	300.544262	298.42772	302.685141	1.66815179	7.01821562	0	100	0	0	3
7355	1643	0	2.87304688	299.082923	300.539774	298.42772	302.685141	1.66815179	7.01821562	0	100	0	0	3
7360	1644	0	2.875	299.097855	300.535269	298.42772	302.685141	1.66815179	7.01821562	0	100	0	0	3
7365	1645	0	2.87695312	299.109933	300.530758	298.42772	302.685141	1.66815179	7.01821562	0	100	0	0	3
7370	1646	0	2.87890625	299.117267	300.526233	298.42772	302.685141	1.66815179	7.01821562	0	100	0	0	3
7375	1647	0	2.88085938	299.127574	300.521703	298.42772	302.685141	1.66815179	7.01821562	0	100	0	0	3
7380	1648	0	2.8828125	299.142568	300.517181	298.42772	302.685141	1.66815179	7.01821562	0	100	0	0	3
7385	1650	0	2.88476562	299.15731	300.512654	298.42772	302.685141	1.66815179	7.01821562	0	100	0	0	3
7390	1651	0	2.88671875	299.165907	300.508088	298.42772	302.685141	1.66815179	7.01821562	0	100	0	0	3
7395	1652	0	2.88867188	299.167361	300.503449	298.42772	302.685141	1.66815179	7.01821562	0	100	0	0	3
7400	1653	0	2.890625	299.16099	300.498702	298.42772	302.685141	1.66815179	7.01821562	0	100	0	0	3
7405	1655	0	2.89257812	299.149207	300.493826	298.42772	302.685141	1.66815179	7.01821562	0	100	0	0	3
7410	1656	0	2.89453125	299.133309	300.488809	298.42772	302.685141	1.66815179	7.01821562	0	100	0	0	3
7415	1658	0	2.89648438	299.113548	300.483638	298.42772	302.685141	1.66815179	7.01821562	0	100	0	0	3
7420	1659	0	2.8984375	299.089793	300.4783	298.42772	302.685141	1.66815179	7.01821562	0	100	0	0	3
7425	1660	0	2.90039062	299.063107	300.472779	298.42772	302.685141	1.66815179	7.01821562	0	100	0	0	3
7430	1661	0	2.90234375	299.035092	300.467056	298.42772	302.685141	1.66815179	7.01821562	0	100	0	0	3
7435	1662	0	2.90429688	299.007029	300.461104	298.42772	302.685141	1.66815179	7.01821562	0	100	0	0	3
7440	1663	0	2.90625	298.979346	300.454894	298.42772	302.685141	1.66815179	7.01821562	0	100	0	0	3
7445	1665	0	2.90820312	298.951988	300.448394	298.42772	302.685141	1.66815179	7.01821562	0	100	0	0	3
7450	1666	0	2.91015625	298.92418	300.44157	298.42772	302.685141	1.66815179	7.01821562	0	100	0	0	3
7455	1667	0	2.91210938	298.895623	300.434394	298.42772	302.685141	1.66815179	7.01821562	0	100	0	0	3
7460	1668	0	2.9140625	298.865992	300.428178	298.42772	302.685141	1.66815179	7.01821562	0	100	0	0	3
7465	1669	0	2.91601562	298.835942	300.421545	298.42772	302.685141	1.66815179	7.01821562	0	100	0	0	3
7470	1670	0	2.91796875	298.806244	300.414498	298.42772	302.685141	1.66815179	7.01821562	0	100	0	0	3
7475	1671	0	2.91992188	298.778179	300.407043	298.42772	302.685141	1.66815179	7.01821562	0	100	0	0	3
7480	1673	0	2.921875	298.75287	300.399176	298.42772	302.685141	1.66815179	7.01821562	0	100	0	0	3
7485	1674	0	2.92382812	298.732039	300.390908	298.42772	302.685141	1.66815179	7.01821562	0	100	0	0	3
7490	1675	0	2.92578125	298.71722	300.38227	298.42772	302.685141	1.66815179	7.01821562	0	100	0	0	3
7495	1676	0	2.92773438	298.7093	300.373307	298.42772	302.685141	1.66815179	7.01821562	0	100	0	0	3
7500	1677	0	2.9296875	298.708722	300.36407	298.42772	302.685141	1.66815179	7.01821562	0	100	0	0	3
7505	1679	0	2.93164062	298.714486	300.35461	298.42772	302.685141	1.66815179	7.01821562	0	100	0	0	3
7510	1681	0	2.93359375	298.726118	300.344973	298.42772	302.685141	1.66815179	7.01821562	0	100	0	0	3
7515	1682	0	2.93554688	298.743598	300.335207	298.42772	302.685141	1.66815179	7.01821562	0	100	0	0	3
7520	1683	0	2.9375	299.276947	300.327349	298.42772	302.685141	1.66815179	7.01821562	0	100	0	0	3
7525	1684	0	2.93945312	299.303871	300.319439	298.42772	302.685141	1.66815179	7.01821562	0	100	0	0	3
7530	1685	0	2.94140625	299.33616	300.311506	298.42772	302.685141	1.66815179	7.01821562	0	100	0	0	3
7535	1686	0	2.94335938	299.366757	300.303544	298.42772	302.685141	1.66815179	7.01821562	0	100	0	0	3
7540	1687	0	2.9453125	299.399872	300.295556	298.42772	302.685141	1.66815179	7.01821562	0	100	0	0	3
7545	1688	0	2.94726562	299.434487	300.287534	298.42772	302.685141	1.66815179	7.01821562	0	100	0	0	3
7550	1690	0	2.94921875	299.468478	300.279458	298.42772	302.685141	1.66815179	7.01821562	0	100	0	0	3
7555	1691	0	2.95117188	299.497793	300.271294	298.42772	302.685141	1.66815179	7.01821562	0	100	0	0	3
7560	1692	0	2.953125	299.518788	300.262998	298.42772	302.685141	1.66815179	7.01821562	0	100	0	0	3
7565	1693	0	2.95507812	299.530642	300.254528	298.42772	302.685141	1.66815179	7.01821562	0	100	0	0	3
7570	1694	0	2.95703125	299.534995	300.245859	298.42772	302.685141	1.66815179	7.01821562	0	100	0	0	3
7575	1695	0	2.95898438	299.533745	300.236972	298.42772	302.685141	1.66815179	7.01821562	0	100	0	0	3
7580	1697	0	2.9609375	299.52772	300.227855	298.42772	302.685141	1.66815179	7.01821562	0	100	0	0	3
7585	1698	0	2.96289062	299.5178	300.218499	298.42772	302.685141	1.66815179	7.01821562	0	100	0	0	3
7590	1699	0	2.96484375	299.50505	300.208898	298.42772	302.685141	1.66815179	7.01821562	0	100	0	0	3
7595	1700	0	2.96679688	299.490865	300.199055	298.42772	302.685141	1.66815179	7.01821562	0	100	0	0	3
7600	1701	0	2.96875	299.4765	300.188972	298.42772	302.685141	1.66815179	7.01821562	0	100	0	0	3
7605	1703	0	2.97070312	299.462948	300.178661	298.42772	302.685141	1.66815179	7.01821562	0	100	0	0	3
7610	1705	0	2.97265625	299.450763	300.168132	298.42772	302.685141	1.66815179	7.01821562	0	100	0	0	3
7615	1706	0	2.97460938	299.439441	300.157397	298.42772	302.685141	1.66815179	7.01821562	0	100	0	0	3
7620	1707	0	2.9765625	299.428163	300.146466	298.42772	302.685141	1.66815179	7.01821562	0	100	0	0	3
7625	1708	0	2.97851562	299.416144	300.135348	298.42772	302.685141	1.66815179	7.01821562	0	100	0	0	3
7630	1709	0	2.98046875	299.403108	300.127803	298.42772	302.685141	1.66815179	7.01821562	0	100	0	0	3
7635	1710	0	2.98242188	299.389569	300.120056	298.42772	302.685141	1.66815179	7.01821562	0	100	0	0	3
7640	1711	0	2.984375	299.376192	300.112152	298.42772	302.685141	1.66815179	7.01821562	0	100	0	0	3
7645	1712	0	2.98632812	299.364431	300.104094	298.42772	302.685141	1.66815179	7.01821562	0	100	0	0	3
7650	1714	0	2.98828125	299.356083	300.095907	298.42772	302.685141	1.66815179	7.01821562	0	100	0	0	3
7655	1715	0	2.99023438	299.352555	300.087611	298.42772	302.685141	1.66815179	7.01821562	0	100	0	0	3
7660	1716	0	2.9921875	299.354487	300.079216	298.42772	302.685141	1.66815179	7.01821562	0	100	0	0	3
7665	1717	0	2.99414062	299.362236	300.070747	298.42772	302.685141	1.66815179	7.01821562	0	100	0	0	3
7670	1718	0	2.99609375	299.376253	300.062224	298.42772	302.685141	1.66815179	7.01821562	0	100	0	0	3
7675	1719	0	2.99804688	299.395525	300.053655	298.42772	302.685141	1.66815179	7.01821562	0	100	0	0	3
7680	1721	0	3	299.419339	300.04504	298.42772	302.685141	1.66815179	7.01821562	0	100	0	0	3
7685	1722	0	3.00195312	299.673086	300.037258	298.42772	302.685141	1.66815179	7.01821562	0	100	0	0	3
7690	1723	0	3.00390625	299.702025	300.029417	298.42772	302.685141	1.66815179	7.01821562	0	100	0	0	3
7695	1724	0	3.00585938	299.737337	300.021528	298.42772	302.685141	1.66815179	7.01821562	0	100	0	0	3
7700	1725	0	3.0078125	299.775079	300.013592	298.42772	302.685141	1.66815179	7.01821562	0	100	0	0	3
7705	1728	0	3.00976562	299.812544	300.005597	298.42772	302.685141	1.66815179	7.01821562	0	100	0	0	3
7710	1729	0	3.01171875	299.849549	299.997532	298.42772	302.685141	1.66815179	7.01821562	0	100	0	0	3
7715	1730	0	3.01367188	299.886281	299.989384	298.42772	302.685141	1.66815179	7.01821562	0	100	0	0	3
7720	1732	0	3.015625	299.920686	299.981132	298.42772	302.685141	1.66815179	7.01821562	0	100	0	0	3
7725	1733	0	3.01757812	299.949996	299.972742	298.42772	302.685141	1.66784921	7.01821562	0	100	0	0	3
7730	1734	0	3.01953125	299.973058	299.964185	298.42772	302.685141	1.66673886	7.01821562	0	100	0	0	3
7735	1735	0	3.02148438	299.989999	299.955433	298.42772	302.685141	1.66148193	7.01821562	0	100	0	0	3
7740	1736	0	3.0234375	300.001779	299.946468	298.42772	302.685141	1.65529442	7.01821562	0	100	0	0	3
7745	1738	0	3.02539062	300.00941	299.937277	298.42772	302.685141	1.64816856	7.01821562	0	100	0	0	3
7750	1739	0	3.02734375	300.013869	299.927861	298.42772	302.685141	1.64007108	7.01821562	0	100	0	0	3
7755	1740	0	3.02929688	300.016416	299.918225	298.42772	302.685141	1.63100783	7.01821562	0	100	0	0	3
7760	1741	0	3.03125	300.018393	299.908392	298.42772	302.685141	1.62102615	7.01821562	0	100	0	0	3
7765	1742	0	3.03320312	300.020922	299.898389	298.42772	302.685141	1.61020442	7.01821562	0	100	0	0	3
7770	1743	0	3.03515625	300.024769	299.888252	298.42772	302.685141	1.59865314	7.01821562	0	100	0	0	3
7775	1744	0	3.03710938	300.029981	299.87802	298.42772	302.685141	1.58650056	7.01821562	0	100	0	0	3
7780	1746	0	3.0390625	300.036262	299.867732	298.42772	302.685141	1.57389009	7.01821562	0	100	0	0	3
7785	1747	0	3.04101562	300.043038	299.857425	298.42772	302.685141	1.56096132	7.01821562	0	100	0	0	3
7790	1748	0	3.04296875	300.049631	299.84713	298.42772	302.15742	1.55234444	7.01821562	0	100	0	0	3
7795	1749	0	3.04492188	300.055505	299.841387	298.42772	302.15742	1.54357831	7.01821562	0	100	0	0	3
7800	1750	0	3.046875	300.060563	299.835666	298.42772	302.15742	1.53476588	7.01821562	0	100	0	0	3
7805	1753	0	3.04882812	300.065062	299.830017	298.42772	302.15742	1.5259532	7.01821562	0	100	0	0	3
7810	1754	0	3.05078125	300.069564	299.824457	298.42772	302.15742	1.51718679	7.01821562	0	100	0	0	3
7815	1755	0	3.05273438	300.074863	299.819027	298.42772	302.15742	1.50849569	7.01821562	0	100	0	0	3
7820	1756	0	3.0546875	300.081905	299.813774	298.42772	302.15742	1.49982397	7.01821562	0	100	0	0	3
7825	1757	0	3.05664062	300.091803	299.808678	298.42772	302.15742	1.49110262	7.01821562	0	100	0	0	3
7830	1759	0	3.05859375	300.105225	299.803713	298.42772	302.15742	1.48228395	7.01821562	0	100	0	0	3
7835	1760	0	3.06054688	300.122197	299.798861	298.42772	302.15742	1.47332894	7.01821562	0	100	0	0	3
7840	1761	0	3.0625	300.142337	299.794104	298.42772	302.15742	1.46420784	7.01821562	0	100	0	0	3
7845	1762	0	3.06445312	300.165108	299.789414	298.42772	302.15742	1.45489806	7.01821562	0	100	0	0	3
7850	1763	0	3.06640625	300.099947	299.78441	298.42772	302.15742	1.445376	7.01821562	0	100	0	0	3
7855	1765	0	3.06835938	300.128172	299.77942	298.42772	302.15742	1.43561114	7.01821562	0	100	0	0	3
7860	1766	0	3.0703125	300.155897	299.774409	298.42772	302.15742	1.42556825	7.01821562	0	100	0	0	3
7865	1767	0	3.07226562	300.183538	299.769351	298.42772	302.15742	1.41520493	7.01821562	0	100	0	0	3
7870	1768	0	3.07421875	300.21186	299.764233	298.42772	302.15742	1.40446991	7.01821562	0	100	0	0	3
7875	1769	0	3.07617188	300.240567	299.759049	298.42772	302.15742	1.39330099	7.01821562	0	100	0	0	3
7880	1770	0	3.078125	300.268579	299.753789	298.42772	302.15742	1.38163369	7.01821562	0	100	0	0	3
7885	1772	0	3.08007812	300.295087	299.748441	298.42772	302.15742	1.36940705	7.01821562	0	100	0	0	3
7890	1773	0	3.08203125	300.319542	299.742987	298.42772	302.15742	1.35657912	7.01821562	0	100	0	0	3
7895	1774	0	3.08398438	300.341683	299.737411	298.42772	302.15742	1.34311413	7.01821562	0	100	0	0	3
7900	1775	0	3.0859375	300.361175	299.731696	298.42772	302.15742	1.33193612	7.01821562	0	100	0	0	3
7905	1778	0	3.08789062	300.377887	299.725825	298.42772	302.15742	1.32003084	7.01821562	0	100	0	0	3
7910	1779	0	3.08984375	300.392064	299.719789	298.42772	302.15742	1.30746329	7.01821562	0	100	0	0	3
7915	1780	0	3.09179688	300.404397	299.71359	298.42772	302.15742	1.29424818	7.01821562	0	100	0	0	3
7920	1781	0	3.09375	300.415819	299.70724	298.42772	302.15742	1.28034546	7.01821562	0	100	0	0	3
7925	1782	0	3.09570312	300.427012	299.700765	298.42772	302.15742	1.26576504	7.01821562	0	100	0	0	3
7930	1783	0	3.09765625	300.438911	299.694202	298.42772	302.15742	1.25058623	7.01821562	0	100	0	0	3
7935	1784	0	3.09960938	300.452134	299.687595	298.42772	302.15742	1.23490886	7.01821562	0	100	0	0	3
7940	1786	0	3.1015625	300.466934	299.680995	298.42772	302.15742	1.21881969	7.01821562	0	100	0	0	3
7945	1787	0	3.10351562	300.48314	299.674455	298.42772	302.14622	1.2023954	7.01821562	0	100	0	0	3
7950	1788	0	3.10546875	300.50029	299.668026	298.42772	302.123546	1.18571143	7.01821562	0	100	0	0	3
7955	1789	0	3.10742188	300.517814	299.661754	298.42772	302.090007	1.168848	7.01821562	0	100	0	0	3
7960	1790	0	3.109375	300.53522	299.65568	298.42772	301.139502	1.15542395	7.01821562	0	100	0	0	3
7965	1792	0	3.11132812	300.552172	299.653386	298.42772	301.091738	1.14193628	7.01821562	0	100	0	0	3
7970	1793	0	3.11328125	300.568531	299.651342	298.42772	301.042656	1.12839034	7.01821562	0	100	0	0	3
7975	1794	0	3.11523438	300.584323	299.649552	298.42772	301.009192	1.11481945	7.01821562	0	100	0	0	3
7980	1795	0	3.1171875	300.59968	299.648066	298.42772	301.009192	1.10123427	7.01821562	0	100	0	0	3
7985	1796	0	3.11914062	300.614827	299.646925	298.42772	301.009192	1.08756614	7.01821562	0	100	0	0	3
7990	1798	0	3.12109375	300.629908	299.646096	298.42772	301.009192	1.07373588	7.01821562	0	100	0	0	3
7995	1799	0	3.12304688	300.64499	299.645531	298.42772	301.009192	1.05968098	7.01821562	0	100	0	0	3
8000	1800	0	3.125	300.659985	299.645194	298.42772	301.009192	1.04535135	7.01821562	0	100	0	0	3
8005	1802	0	3.12695312	300.674844	299.645047	298.42772	301.009192	1.03070524	7.01821562	0	100	0	0	3
8010	1803	0	3.12890625	300.689375	299.645043	298.42772	301.009192	1.01570656	7.01821562	0	100	0	0	3
8015	1805	0	3.13085938	300.703482	299.645132	298.42772	301.009192	1.00033052	7.01821562	0	100	0	0	3
8020	1806	0	3.1328125	300.409465	299.644067	298.42772	301.009192	0.984560995	7.01821562	0	100	0	0	3
8025	1807	0	3.13476562	300.42596	299.643028	298.42772	301.009192	0.968385248	7.01821562	0	100	0	0	3
8030	1809	0	3.13671875	300.43781	299.641968	298.42772	301.009192	0.958859425	7.01821562	0	100	0	0	3
8035	1810	0	3.13867188	300.448219	299.640864	298.42772	301.009192	0.95996347	7.01821562	0	100	0	0	3
8040	1811	0	3.140625	300.458477	299.639711	298.42772	301.009192	0.961117109	7.01821562	0	100	0	0	3
8045	1812	0	3.14257812	300.469474	299.638512	298.42772	301.009192	0.962315926	7.01821562	0	100	0	0	3
8050	1814	0	3.14453125	300.480187	299.63727	298.42772	301.009192	0.963557502	7.01821562	0	100	0	0	3
8055	1815	0	3.14648438	300.490894	299.635988	298.42772	301.009192	0.964839502	7.01821562	0	100	0	0	3
8060	1816	0	3.1484375	300.502701	299.634669	298.42772	301.009192	0.966159114	7.01821562	0	100	0	0	3
8065	1817	0	3.15039062	300.51586	299.63331	298.42772	301.009192	0.967517845	7.01821562	0	100	0	0	3
8070	1818	0	3.15234375	300.530022	299.631907	298.42772	301.009192	0.968921266	7.01821562	0	100	0	0	3
8075	1820	0	3.15429688	300.544701	299.630454	298.42772	301.009192	0.970373851	7.01821562	0	100	0	0	3
8080	1821	0	3.15625	300.559627	299.628953	298.42772	301.009192	0.971874696	7.01821562	0	100	0	0	3
8085	1822	0	3.15820312	300.574897	299.627413	298.42772	301.009192	0.973414308	7.01821562	0	100	0	0	3
8090	1823	0	3.16015625	300.590866	299.625856	298.42772	301.009192	0.974971452	7.01821562	0	100	0	0	3
8095	1825	0	3.16210938	300.607934	299.624311	298.42772	301.009192	0.976516363	7.01821562	0	100	0	0	3
8100	1826	0	3.1640625	300.626155	299.622815	298.42772	301.005326	0.978012602	7.01821562	0	100	0	0	3
8105	1828	0	3.16601562	300.645317	299.621409	298.42772	300.991102	0.979418887	7.01821562	0	100	0	0	3
8110	1829	0	3.16796875	300.665302	299.620136	298.42772	300.9658	0.980691543	7.01821562	0	100	0	0	3
8115	1830	0	3.16992188	300.685991	299.619043	298.42772	300.92928	0.981784546	7.01821562	0	100	0	0	3
8120	1832	0	3.171875	300.70708	299.618175	298.42772	300.882205	0.982652516	7.01821562	0	100	0	0	3
8125	1833	0	3.17382812	300.728474	299.617575	298.42772	300.728474	0.983253027	7.01821562	0	100	0	0	3
8130	1834	0	3.17578125	300.749918	299.618748	298.42772	300.749918	0.983253027	7.01821562	0	100	0	0	3
8135	1836	0	3.17773438	300.770876	299.62023	298.42772	300.770876	0.983253027	7.01821562	0	100	0	0	3
8140	1837	0	3.1796875	300.791035	299.622031	298.42772	300.791035	0.983253027	7.01821562	0	100	0	0	3
8145	1838	0	3.18164062	300.809939	299.62417	298.42772	300.809939	0.983253027	7.01821562	0	100	0	0	3
8150	1839	0	3.18359375	300.827163	299.626639	298.42772	300.827163	0.983253027	7.01821562	0	100	0	0	3
8155	1840	0	3.18554688	300.842404	299.629422	298.42772	300.842404	0.983253027	7.01821562	0	100	0	0	3
8160	1842	0	3.1875	300.855343	299.632504	298.42772	300.855343	0.983253027	7.01821562	0	100	0	0	3
8165	1843	0	3.18945312	300.865737	299.635856	298.42772	300.865737	0.983253027	7.01821562	0	100	0	0	3
8170	1844	0	3.19140625	300.873274	299.639433	298.42772	300.873274	0.983253027	7.01821562	0	100	0	0	3
8175	1845	0	3.19335938	300.877927	299.64318	298.42772	300.877927	0.983253027	7.01821562	0	100	0	0	3
8180	1847	0	3.1953125	300.879786	299.647044	298.42772	300.879786	0.983253027	7.01821562	0	100	0	0	3
8185	1848	0	3.19726562	300.49454	299.649477	298.42772	300.879786	0.983253027	7.01821562	0	100	0	0	3
8190	1849	0	3.19921875	300.497405	299.651964	298.42772	300.879786	0.983253027	7.01821562	0	100	0	0	3
8195	1850	0	3.20117188	300.493372	299.654458	298.42772	300.879786	0.983253027	7.01821562	0	100	0	0	3
8200	1852	0	3.203125	300.486356	299.656936	298.42772	300.879786	0.983253027	7.01821562	0	100	0	0	3
8205	1854	0	3.20507812	300.47684	299.659385	298.42772	300.879786	0.983253027	7.01821562	0	100	0	0	3
8210	1855	0	3.20703125	300.466254	299.661807	298.42772	300.879786	0.983253027	7.01821562	0	100	0	0	3
8215	1856	0	3.20898438	300.45784	299.664221	298.42772	300.879786	0.983253027	7.01821562	0	100	0	0	3
8220	1858	0	3.2109375	300.451398	299.666643	298.42772	300.879786	0.983253027	7.01821562	0	100	0	0	3
8225	1859	0	3.21289062	300.447267	299.669091	298.42772	300.879786	0.983253027	7.01821562	0	100	0	0	3
8230	1860	0	3.21484375	300.446501	299.671578	298.42772	300.879786	0.983253027	7.01821562	0	100	0	0	3
8235	1861	0	3.21679688	300.449498	299.674114	298.42772	300.879786	0.983253027	7.01821562	0	100	0	0	3
8240	1862	0	3.21875	300.455828	299.676703	298.42772	300.879786	0.983253027	7.01821562	0	100	0	0	3
8245	1864	0	3.22070312	300.465011	299.679348	298.42772	300.879786	0.983253027	7.01821562	0	100	0	0	3
8250	1865	0	3.22265625	300.476626	299.682053	298.42772	300.879786	0.983253027	7.01821562	0	100	0	0	3
8255	1866	0	3.22460938	300.490113	299.68483	298.42772	300.879786	0.983253027	7.01821562	0	100	0	0	3
8260	1867	0	3.2265625	300.504946	299.687692	298.42772	300.879786	0.983253027	7.01821562	0	100	0	0	3
8265	1869	0	3.22851562	300.520704	299.690658	298.42772	300.879786	0.983253027	7.01821562	0	100	0	0	3
8270	1870	0	3.23046875	300.537069	299.693752	298.42772	300.879786	0.983253027	7.01821562	0	100	0	0	3
8275	1871	0	3.23242188	300.553812	299.697002	298.42772	300.879786	0.983253027	7.01821562	0	100	0	0	3
8280	1872	0	3.234375	300.570894	299.700437	298.42772	300.879786	0.983253027	7.01821562	0	100	0	0	3
8285	1874	0	3.23632812	300.588453	299.704085	298.42772	300.879786	0.983253027	7.01821562	0	100	0	0	3
8290	1875	0	3.23828125	300.60668	299.707966	298.42772	300.879786	0.983253027	7.01821562	0	100	0	0	3
8295	1876	0	3.24023438	300.625605	299.711416	298.42772	300.879786	0.983253027	7.01821562	0	100	0	0	3
8300	1877	0	3.2421875	300.644977	299.715132	298.42772	300.879786	0.983253027	7.01821562	0	100	0	0	3
8305	1880	0	3.24414062	300.663891	299.719097	298.42772	300.879786	0.983253027	7.01821562	0	100	0	0	3
8310	1881	0	3.24609375	300.681638	299.723306	298.42772	300.879786	0.983253027	7.01821562	0	100	0	0	3
8315	1882	0	3.24804688	300.697176	299.727772	298.42772	300.879786	0.983253027	7.01821562	0	100	0	0	3
8320	1883	0	3.25	300.709835	299.732493	298.42772	300.879786	0.983253027	7.01821562	0	100	0	0	3
8325	1885	0	3.25195312	300.719047	299.737444	298.42772	300.879786	0.983253027	7.01821562	0	100	0	0	3
8330	1886	0	3.25390625	300.724436	299.742593	298.42772	300.879786	0.983253027	7.01821562	0	100	0	0	3
8335	1887	0	3.25585938	300.725607	299.747904	298.42772	300.879786	0.983253027	7.01821562	0	100	0	0	3
8340	1888	0	3.2578125	300.722537	299.753346	298.42772	300.879786	0.983253027	7.01821562	0	100	0	0	3
8345	1889	0	3.25976562	300.715505	299.758887	298.42772	300.879786	0.983253027	7.01821562	0	100	0	0	3
8350	1891	0	3.26171875	300.704846	299.764495	298.42772	300.879786	0.983253027	7.01821562	0	100	0	0	3
8355	1892	0	3.26367188	300.383276	299.768941	298.42772	300.879786	0.983253027	7.01821562	0	100	0	0	3
8360	1893	0	3.265625	300.368375	299.773411	298.42772	300.879786	0.983253027	7.01821562	0	100	0	0	3
8365	1894	0	3.26757812	300.349787	299.777883	298.42772	300.879786	0.983253027	7.01821562	0	100	0	0	3
8370	1895	0	3.26953125	300.328501	299.782351	298.42772	300.879786	0.983253027	7.01821562	0	100	0	0	3
8375	1897	0	3.27148438	300.306281	299.786812	298.42772	300.879786	0.983253027	7.01821562	0	100	0	0	3
8380	1898	0	3.2734375	300.286708	299.791291	298.42772	300.879786	0.983253027	7.01821562	0	100	0	0	3
8385	1899	0	3.27539062	300.269175	299.795808	298.42772	300.879786	0.983253027	7.01821562	0	100	0	0	3
8390	1900	0	3.27734375	300.254003	299.800387	298.42772	300.879786	0.983253027	7.01821562	0	100	0	0	3
8395	1902	0	3.27929688	300.242555	299.805052	298.42772	300.879786	0.983253027	7.01821562	0	100	0	0	3
8400	1903	0	3.28125	300.235611	299.809822	298.42772	300.879786	0.983253027	7.01821562	0	100	0	0	3
8405	1905	0	3.28320312	300.233113	299.81471	298.42772	300.879786	0.983253027	7.01821562	0	100	0	0	3
8410	1906	0	3.28515625	300.234132	299.819725	298.42772	300.879786	0.983253027	7.01821562	0	100	0	0	3
8415	1907	0	3.28710938	300.23828	299.82487	298.42772	300.879786	0.983253027	7.01821562	0	100	0	0	3
8420	1908	0	3.2890625	300.244818	299.830145	298.42772	300.879786	0.983253027	7.01821562	0	100	0	0	3
8425	1910	0	3.29101562	300.252732	299.835551	298.42772	300.879786	0.983253027	7.01821562	0	100	0	0	3
8430	1911	0	3.29296875	300.261093	299.841088	298.42772	300.879786	0.983253027	7.01821562	0	100	0	0	3
8435	1912	0	3.29492188	300.269194	299.846753	298.42772	300.879786	0.983253027	7.01821562	0	100	0	0	3
8440	1913	0	3.296875	300.276691	299.852545	298.42772	300.879786	0.983253027	7.01821562	0	100	0	0	3
8445	1914	0	3.29882812	300.283705	299.858464	298.42772	300.879786	0.983253027	7.01821562	0	100	0	0	3
8450	1916	0	3.30078125	300.290636	299.864509	298.42772	300.879786	0.983253027	7.01821562	0	100	0	0	3
8455	1917	0	3.30273438	300.298013	299.870679	298.42772	300.879786	0.983253027	7.01821562	0	100	0	0	3
8460	1918	0	3.3046875	300.30632	299.876973	298.42772	300.879786	0.983253027	7.01821562	0	100	0	0	3
8465	1919	0	3.30664062	300.315613	299.88126	298.42772	300.879786	0.983253027	7.01821562	0	100	0	0	3
8470	1921	0	3.30859375	300.325404	299.885674	298.42772	300.879786	0.983253027	7.01821562	0	100	0	0	3
8475	1922	0	3.31054688	300.33493	299.890175	298.42772	300.879786	0.983253027	7.01821562	0	100	0	0	3
8480	1923	0	3.3125	300.343224	299.894783	298.42772	300.879786	0.983253027	7.01821562	0	100	0	0	3
8485	1924	0	3.31445312	300.349392	299.899506	298.42772	300.879786	0.983253027	7.01821562	0	100	0	0	3
8490	1926	0	3.31640625	300.352719	299.904322	298.42772	300.879786	0.983253027	7.01821562	0	100	0	0	3
8495	1927	0	3.31835938	300.352564	299.909198	298.42772	300.879786	0.983253027	7.01821562	0	100	0	0	3
8500	1928	0	3.3203125	300.348559	299.914112	298.42772	300.879786	0.983253027	7.01821562	0	100	0	0	3
8505	1931	0	3.32226562	300.340705	299.91906	298.42772	300.879786	0.983253027	7.01821562	0	100	0	0	3
8510	1932	0	3.32421875	300.328979	299.924041	298.42772	300.879786	0.983253027	7.01821562	0	100	0	0	3
8515	1933	0	3.32617188	300.313868	299.929057	298.42772	300.879786	0.983253027	7.01821562	0	100	0	0	3
8520	1934	0	3.328125	300.155881	299.933555	298.42772	300.879786	0.983253027	7.01821562	0	100	0	0	3
8525	1935	0	3.33007812	300.136871	299.938077	298.42772	300.879786	0.983253027	7.01821562	0	100	0	0	3
8530	1937	0	3.33203125	300.114212	299.942615	298.42772	300.879786	0.983253027	7.01821562	0	100	0	0	3
8535	1938	0	3.33398438	300.090656	299.947172	298.42772	300.879786	0.983253027	7.01821562	0	100	0	0	3
8540	1939	0	3.3359375	300.068914	299.951762	298.42772	300.879786	0.983253027	7.01821562	0	100	0	0	3
8545	1940	0	3.33789062	300.048122	299.956397	298.42772	300.879786	0.983253027	7.01821562	0	100	0	0	3
8550	1942	0	3.33984375	300.026902	299.961079	298.42772	300.879786	0.983253027	7.01821562	0	100	0	0	3
8555	1943	0	3.34179688	300.006744	299.965817	298.42772	300.879786	0.983253027	7.01821562	0	100	0	0	3
8560	1944	0	3.34375	299.98958	299.970627	298.42772	300.879786	0.983253027	7.01821562	0	100	0	0	3
8565	1945	0	3.34570312	299.976575	299.97553	298.42772	300.879786	0.983253027	7.01821562	0	100	0	0	3
8570	1946	0	3.34765625	299.967749	299.980543	298.42772	300.879786	0.980993921	7.01821562	0	100	0	0	3
8575	1948	0	3.34960938	299.962482	299.985683	298.42772	300.879786	0.97825339	7.01821562	0	100	0	0	3
8580	1949	0	3.3515625	299.959899	299.990957	298.42772	300.879786	0.974992479	7.01821562	0	100	0	0	3
8585	1950	0	3.35351562	299.959232	299.996368	298.42772	300.879786	0.971183105	7.01821562	0	100	0	0	3
8590	1952	0	3.35546875	299.959544	300.001909	298.42772	300.879786	0.966827841	7.01821562	0	100	0	0	3
8595	1953	0	3.35742188	299.95987	300.007569	298.42772	300.879786	0.961938069	7.01821562	0	100	0	0	3
8600	1954	0	3.359375	299.959418	300.013328	298.42772	300.879786	0.956534093	7.01821562	0	100	0	0	3
8605	1956	0	3.36132812	299.957753	300.019164	298.42772	300.879786	0.95066535	7.01821562	0	100	0	0	3
8610	1958	0	3.36328125	299.954877	300.025052	298.42772	300.879786	0.94440441	7.01821562	0	100	0	0	3
8615	1959	0	3.36523438	299.951201	300.030972	298.42772	300.879786	0.937837698	7.01821562	0	100	0	0	3
8620	1960	0	3.3671875	299.947418	300.036902	298.42772	300.879786	0.931052288	7.01821562	0	100	0	0	3
8625	1961	0	3.36914062	299.944166	300.042825	298.708722	300.879786	0.926687002	7.01821562	0	100	0	0	3
8630	1963	0	3.37109375	299.941862	300.046166	298.708722	300.879786	0.922199101	7.01821562	0	100	0	0	3
8635	1964	0	3.37304688	299.940521	300.049516	298.708722	300.879786	0.917694208	7.01821562	0	100	0	0	3
8640	1965	0	3.375	299.939712	300.052805	298.708722	300.879786	0.913183341	7.01821562	0	100	0	0	3
8645	1966	0	3.37695312	299.938814	300.056043	298.708722	300.879786	0.908657779	7.01821562	0	100	0	0	3
8650	1968	0	3.37890625	299.937142	300.059245	298.708722	300.879786	0.904128556	7.01821562	0	100	0	0	3
8655	1969	0	3.38085938	299.934026	300.062395	298.708722	300.879786	0.899606186	7.01821562	0	100	0	0	3
8660	1970	0	3.3828125	299.929014	300.065467	298.708722	300.879786	0.89507925	7.01821562	0	100	0	0	3
8665	1971	0	3.38476562	299.921777	300.068454	298.708722	300.879786	0.8905134	7.01821562	0	100	0	0	3
8670	1973	0	3.38671875	299.912109	300.071369	298.708722	300.879786	0.885873857	7.01821562	0	100	0	0	3
8675	1974	0	3.38867188	299.900103	300.074231	298.708722	300.879786	0.881126768	7.01821562	0	100	0	0	3
8680	1975	0	3.390625	299.885913	300.077063	298.708722	300.879786	0.876251236	7.01821562	0	100	0	0	3
8685	1977	0	3.39257812	299.914537	300.080052	298.708722	300.879786	0.871234023	7.01821562	0	100	0	0	3
8690	1978	0	3.39453125	299.897313	300.083036	298.708722	300.879786	0.866063636	7.01821562	0	100	0	0	3
8695	1979	0	3.39648438	299.881226	300.086035	298.708722	300.879786	0.860725593	7.01821562	0	100	0	0	3
8700	1980	0	3.3984375	299.865239	300.089064	298.708722	300.879786	0.855204418	7.01821562	0	100	0	0	3
8705	1982	0	3.40039062	299.847951	300.09213	298.708722	300.879786	0.849480822	7.01821562	0	100	0	0	3
8710	1983	0	3.40234375	299.830001	300.095235	298.708722	300.879786	0.84352918	7.01821562	0	100	0	0	3
8715	1985	0	3.40429688	299.812669	300.098382	298.708722	300.879786	0.83731946	7.01821562	0	100	0	0	3
8720	1986	0	3.40625	299.79666	300.101575	298.708722	300.879786	0.830818973	7.01821562	0	100	0	0	3
8725	1987	0	3.40820312	299.782167	300.104818	298.708722	300.879786	0.82399486	7.01821562	0	100	0	0	3
8730	1988	0	3.41015625	299.769237	300.108119	298.708722	300.879786	0.816818955	7.01821562	0	100	0	0	3
8735	1989	0	3.41210938	299.75821	300.111488	298.708722	300.879786	0.810603704	7.01821562	0	100	0	0	3
8740	1991	0	3.4140625	299.749087	300.114938	298.708722	300.879786	0.803970575	7.01821562	0	100	0	0	3
8745	1992	0	3.41601562	299.741611	300.118476	298.708722	300.879786	0.796923514	7.01821562	0	100	0	0	3
8750	1993	0	3.41796875	299.735132	300.122104	298.708722	300.879786	0.789467827	7.01821562	0	100	0	0	3
8755	1995	0	3.41992188	299.729037	300.125818	298.708722	300.879786	0.781600903	7.01821562	0	100	0	0	3
8760	1996	0	3.421875	299.722815	300.129607	298.708722	300.879786	0.773333103	7.01821562	0	100	0	0	3
8765	1997	0	3.42382812	299.716	300.133451	298.708722	300.879786	0.764695197	7.01821562	0	100	0	0	3
8770	1999	0	3.42578125	299.70824	300.137322	298.708722	300.879786	0.755731969	7.01821562	0	100	0	0	3
8775	2000	0	3.42773438	299.699298	300.141189	298.708722	300.879786	0.746495523	7.01821562	0	100	0	0	3
8780	2001	0	3.4296875	299.689168	300.145019	298.714486	300.879786	0.737035415	7.01821562	0	100	0	0	3
8785	2002	0	3.43164062	299.678038	300.148783	298.726118	300.879786	0.727398105	7.01821562	0	100	0	0	3
8790	2004	0	3.43359375	299.666322	300.152456	298.743598	300.879786	0.717632287	7.01821562	0	100	0	0	3
8795	2005	0	3.43554688	299.655104	300.156016	299.276947	300.879786	0.709774134	7.01821562	0	100	0	0	3
8800	2006	0	3.4375	299.644933	300.157454	299.303871	300.879786	0.701863866	7.01821562	0	100	0	0	3
8805	2009	0	3.43945312	299.635969	300.158751	299.33616	300.879786	0.693931072	7.01821562	0	100	0	0	3
8810	2010	0	3.44140625	299.627877	300.15989	299.352555	300.879786	0.685969404	7.01821562	0	100	0	0	3
8815	2011	0	3.44335938	299.620245	300.160881	299.352555	300.879786	0.677981111	7.01821562	0	100	0	0	3
8820	2012	0	3.4453125	299.612786	300.161712	299.352555	300.879786	0.669958785	7.01821562	0	100	0	0	3
8825	2014	0	3.44726562	299.605218	300.162379	299.352555	300.879786	0.661882917	7.01821562	0	100	0	0	3
8830	2015	0	3.44921875	299.597338	300.162883	299.352555	300.879786	0.653718861	7.01821562	0	100	0	0	3
8835	2016	0	3.45117188	299.589073	300.163239	299.352555	300.879786	0.645422977	7.01821562	0	100	0	0	3
8840	2017	0	3.453125	299.580453	300.16348	299.352555	300.879786	0.636953644	7.01821562	0	100	0	0	3
8845	2019	0	3.45507812	299.57168	300.16364	299.352555	300.879786	0.628284406	7.01821562	0	100	0	0	3
8850	2020	0	3.45703125	299.563156	300.16375	299.352555	300.879786	0.619397691	7.01821562	0	100	0	0	3
8855	2021	0	3.45898438	299.729647	300.164516	299.352555	300.879786	0.610280497	7.01821562	0	100	0	0	3
8860	2023	0	3.4609375	299.721776	300.165274	299.352555	300.879786	0.600923983	7.01821562	0	100	0	0	3
8865	2024	0	3.46289062	299.717767	300.166055	299.352555	300.879786	0.591323587	7.01821562	0	100	0	0	3
8870	2025	0	3.46484375	299.711072	300.166859	299.352555	300.879786	0.581479831	7.01821562	0	100	0	0	3
8875	2026	0	3.46679688	299.702352	300.167686	299.352555	300.879786	0.571397666	7.01821562	0	100	0	0	3
8880	2028	0	3.46875	299.694436	300.168537	299.352555	300.879786	0.561086008	7.01821562	0	100	0	0	3
8885	2029	0	3.47070312	299.688244	300.169417	299.352555	300.879786	0.551842176	7.01821562	0	100	0	0	3
8890	2030	0	3.47265625	299.682639	300.170323	299.352555	300.879786	0.552747943	7.01821562	0	100	0	0	3
8895	2031	0	3.47460938	299.676275	300.171248	299.352555	300.879786	0.553673076	7.01821562	0	100	0	0	3
8900	2033	0	3.4765625	299.668737	300.172188	299.352555	300.879786	0.554612818	7.01821562	0	100	0	0	3
8905	2035	0	3.47851562	299.66053	300.173142	299.352555	300.879786	0.555567449	7.01821562	0	100	0	0	3
8910	2036	0	3.48046875	299.652179	300.174115	299.352555	300.879786	0.556540381	7.01821562	0	100	0	0	3
8915	2037	0	3.48242188	299.643807	300.175108	299.352555	300.879786	0.557533495	7.01821562	0	100	0	0	3
8920	2039	0	3.484375	299.635187	300.17612	299.352555	300.879786	0.558545195	7.01821562	0	100	0	0	3
8925	2040	0	3.48632812	299.626132	300.177142	299.352555	300.879786	0.559567461	7.01821562	0	100	0	0	3
8930	2041	0	3.48828125	299.616631	300.17816	299.352555	300.879786	0.560585227	7.01821562	0	100	0	0	3
8935	2043	0	3.49023438	299.606677	300.179153	299.354487	300.879786	0.56157789	7.01821562	0	100	0	0	3
8940	2044	0	3.4921875	299.596178	300.180097	299.362236	300.879786	0.562521998	7.01821562	0	100	0	0	3
8945	2045	0	3.49414062	299.585017	300.180967	299.376253	300.879786	0.563392236	7.01821562	0	100	0	0	3
8950	2046	0	3.49609375	299.573015	300.181736	299.395525	300.879786	0.56416084	7.01821562	0	100	0	0	3
8955	2048	0	3.49804688	299.560147	300.182379	299.419339	300.879786	0.564803896	7.01821562	0	100	0	0	3
8960	2049	0	3.5	299.54681	300.182877	299.54681	300.879786	0.565301828	7.01821562	0	100	0	0	3
8965	2050	0	3.50195312	299.533452	300.182331	299.533452	300.879786	0.565301828	7.01821562	0	100	0	0	3
8970	2052	0	3.50390625	299.520494	300.181622	299.520494	300.879786	0.565301828	7.01821562	0	100	0	0	3
8975	2053	0	3.50585938	299.508257	300.180727	299.508257	300.879786	0.565301828	7.01821562	0	100	0	0	3
8980	2054	0	3.5078125	299.496977	300.179641	299.496977	300.879786	0.565301828	7.01821562	0	100	0	0	3
8985	2056	0	3.50976562	299.486833	300.178369	299.486833	300.879786	0.565301828	7.01821562	0	100	0	0	3
8990	2057	0	3.51171875	299.477965	300.176917	299.477965	300.879786	0.565301828	7.01821562	0	100	0	0	3
8995	2058	0	3.51367188	299.47047	300.175293	299.47047	300.879786	0.565301828	7.01821562	0	100	0	0	3
9000	2059	0	3.515625	299.464416	300.173511	299.464416	300.879786	0.565301828	7.01821562	0	100	0	0	3
9005	2062	0	3.51757812	299.459867	300.171596	299.459867	300.879786	0.565301828	7.01821562	0	100	0	0	3
9010	2063	0	3.51953125	299.456878	300.16958	299.456878	300.879786	0.565301828	7.01821562	0	100	0	0	3
9015	2064	0	3.52148438	299.455511	300.167492	299.455511	300.879786	0.565301828	7.01821562	0	100	0	0	3
9020	2066	0	3.5234375	299.675887	300.166219	299.455511	300.879786	0.565301828	7.01821562	0	100	0	0	3
9025	2067	0	3.52539062	299.674002	300.164909	299.455511	300.879786	0.565301828	7.01821562	0	100	0	0	3
9030	2068	0	3.52734375	299.679364	300.163602	299.455511	300.879786	0.565301828	7.01821562	0	100	0	0	3
9035	2069	0	3.52929688	299.682919	300.162299	299.455511	300.879786	0.565301828	7.01821562	0	100	0	0	3
9040	2071	0	3.53125	299.683797	300.160992	299.455511	300.879786	0.565301828	7.01821562	0	100	0	0	3
9045	2072	0	3.53320312	299.68549	300.159682	299.455511	300.879786	0.565301828	7.01821562	0	100	0	0	3
9050	2073	0	3.53515625	299.689007	300.15837	299.455511	300.879786	0.565301828	7.01821562	0	100	0	0	3
9055	2075	0	3.53710938	299.693024	300.157054	299.455511	300.879786	0.565301828	7.01821562	0	100	0	0	3
9060	2076	0	3.5390625	299.695889	300.155724	299.455511	300.879786	0.565301828	7.01821562	0	100	0	0	3
9065	2077	0	3.54101562	299.696498	300.154371	299.455511	300.879786	0.565301828	7.01821562	0	100	0	0	3
9070	2079	0	3.54296875	299.695081	300.152986	299.455511	300.879786	0.565301828	7.01821562	0	100	0	0	3
9075	2080	0	3.54492188	299.691925	300.151566	299.455511	300.879786	0.565301828	7.01821562	0	100	0	0	3
9080	2081	0	3.546875	299.687303	300.150108	299.455511	300.879786	0.565301828	7.01821562	0	100	0	0	3
9085	2082	0	3.54882812	299.681226	300.148608	299.455511	300.879786	0.565301828	7.01821562	0	100	0	0	3
9090	2084	0	3.55078125	299.67372	300.147062	299.455511	300.879786	0.565301828	7.01821562	0	100	0	0	3
9095	2085	0	3.55273438	299.665365	300.145462	299.455511	300.879786	0.565301828	7.01821562	0	100	0	0	3
9100	2086	0	3.5546875	299.656583	300.143801	299.455511	300.879786	0.565301828	7.01821562	0	100	0	0	3
9105	2089	0	3.55664062	299.647712	300.142066	299.455511	300.879786	0.565301828	7.01821562	0	100	0	0	3
9110	2090	0	3.55859375	299.638845	300.140244	299.455511	300.879786	0.565301828	7.01821562	0	100	0	0	3
9115	2092	0	3.56054688	299.629845	300.138321	299.455511	300.879786	0.565301828	7.01821562	0	100	0	0	3
9120	2093	0	3.5625	299.620467	300.136283	299.455511	300.879786	0.565301828	7.01821562	0	100	0	0	3
9125	2094	0	3.56445312	299.61051	300.134116	299.455511	300.879786	0.565301828	7.01821562	0	100	0	0	3
9130	2096	0	3.56640625	299.599958	300.132163	299.455511	300.879786	0.565301828	7.01821562	0	100	0	0	3
9135	2097	0	3.56835938	299.589063	300.130057	299.455511	300.879786	0.565301828	7.01821562	0	100	0	0	3
9140	2098	0	3.5703125	299.578282	300.127801	299.455511	300.879786	0.565301828	7.01821562	0	100	0	0	3
9145	2099	0	3.57226562	299.568194	300.125397	299.455511	300.879786	0.565301828	7.01821562	0	100	0	0	3
9150	2101	0	3.57421875	299.5594	300.122849	299.455511	300.879786	0.565301828	7.01821562	0	100	0	0	3
9155	2102	0	3.57617188	299.552425	300.12016	299.455511	300.879786	0.565301828	7.01821562	0	100	0	0	3
9160	2103	0	3.578125	299.547626	300.117344	299.455511	300.879786	0.565301828	7.01821562	0	100	0	0	3
9165	2104	0	3.58007812	299.545145	300.114415	299.455511	300.879786	0.565301828	7.01821562	0	100	0	0	3
9170	2106	0	3.58203125	299.545073	300.11139	299.455511	300.879786	0.565301828	7.01821562	0	100	0	0	3
9175	2107	0	3.58398438	299.547388	300.108287	299.455511	300.879786	0.565301828	7.01821562	0	100	0	0	3
9180	2108	0	3.5859375	299.551999	300.105126	299.455511	300.879786	0.565301828	7.01821562	0	100	0	0	3
9185	2109	0	3.58789062	299.558646	300.101926	299.455511	300.879786	0.565301828	7.01821562	0	100	0	0	3
9190	2111	0	3.58984375	299.740177	300.099379	299.455511	300.879786	0.565301828	7.01821562	0	100	0	0	3
9195	2112	0	3.59179688	299.750214	300.096824	299.455511	300.879786	0.565301828	7.01821562	0	100	0	0	3
9200	2113	0	3.59375	299.761372	300.094268	299.455511	300.879786	0.565301828	7.01821562	0	100	0	0	3
9205	2116	0	3.59570312	299.770963	300.091705	299.455511	300.879786	0.565301828	7.01821562	0	100	0	0	3
9210	2117	0	3.59765625	299.780421	300.089133	299.455511	300.879786	0.565301828	7.01821562	0	100	0	0	3
9215	2118	0	3.59960938	299.790593	300.086548	299.455511	300.879786	0.565301828	7.01821562	0	100	0	0	3
9220	2119	0	3.6015625	299.801017	300.083947	299.455511	300.879786	0.565301828	7.01821562	0	100	0	0	3
9225	2121	0	3.60351562	299.810064	300.081318	299.455511	300.879786	0.565301828	7.01821562	0	100	0	0	3
9230	2122	0	3.60546875	299.816574	300.078647	299.455511	300.879786	0.565301828	7.01821562	0	100	0	0	3
9235	2123	0	3.60742188	299.820595	300.075924	299.455511	300.879786	0.565301828	7.01821562	0	100	0	0	3
9240	2124	0	3.609375	299.822736	300.073141	299.455511	300.879786	0.565301828	7.01821562	0	100	0	0	3
9245	2126	0	3.61132812	299.823326	300.070294	299.455511	300.879786	0.565301828	7.01821562	0	100	0	0	3
9250	2127	0	3.61328125	299.822267	300.067378	299.455511	300.879786	0.565301828	7.01821562	0	100	0	0	3
9255	2128	0	3.61523438	299.819594	300.064391	299.455511	300.879786	0.565301828	7.01821562	0	100	0	0	3
9260	2130	0	3.6171875	299.815734	300.061329	299.455511	300.879786	0.565301828	7.01821562	0	100	0	0	3
9265	2131	0	3.61914062	299.811367	300.05819	299.455511	300.879786	0.565301828	7.01821562	0	100	0	0	3
9270	2132	0	3.62109375	299.807115	300.054976	299.455511	300.879786	0.565301828	7.01821562	0	100	0	0	3
9275	2133	0	3.62304688	299.803289	300.051689	299.455511	300.879786	0.565301828	7.01821562	0	100	0	0	3
9280	2135	0	3.625	299.799849	300.048329	299.455511	300.879786	0.565301828	7.01821562	0	100	0	0	3
9285	2136	0	3.62695312	299.796496	300.044898	299.455511	300.879786	0.565301828	7.01821562	0	100	0	0	3
9290	2137	0	3.62890625	299.792848	300.041396	299.455511	300.879786	0.565301828	7.01821562	0	100	0	0	3
9295	2138	0	3.63085938	299.788588	300.037822	299.455511	300.879786	0.565301828	7.01821562	0	100	0	0	3
9300	2140	0	3.6328125	299.783585	300.035377	299.455511	300.879786	0.565301828	7.01821562	0	100	0	0	3
9305	2142	0	3.63476562	299.777909	300.032845	299.455511	300.879786	0.565301828	7.01821562	0	100	0	0	3
9310	2143	0	3.63671875	299.771946	300.030244	299.455511	300.879786	0.565301828	7.01821562	0	100	0	0	3
9315	2145	0	3.63867188	299.766468	300.027581	299.455511	300.879786	0.565301828	7.01821562	0	100	0	0	3
9320	2146	0	3.640625	299.762401	300.024862	299.455511	300.879786	0.565301828	7.01821562	0	100	0	0	3
9325	2147	0	3.64257812	299.760343	300.022092	299.455511	300.879786	0.565301828	7.01821562	0	100	0	0	3
9330	2149	0	3.64453125	299.760635	300.019281	299.455511	300.879786	0.565301828	7.01821562	0	100	0	0	3
9335	2150	0	3.64648438	299.76343	300.01644	299.455511	300.879786	0.565301828	7.01821562	0	100	0	0	3
9340	2151	0	3.6484375	299.768566	300.013572	299.455511	300.879786	0.565301828	7.01821562	0	100	0	0	3
9345	2153	0	3.65039062	299.77575	300.010681	299.455511	300.879786	0.565301828	7.01821562	0	100	0	0	3
9350	2154	0	3.65234375	299.784664	300.007769	299.455511	300.879786	0.565301828	7.01821562	0	100	0	0	3
9355	2155	0	3.65429688	299.872806	300.005145	299.455511	300.879786	0.565301828	7.01821562	0	100	0	0	3
9360	2156	0	3.65625	299.88288	300.002501	299.455511	300.879786	0.565301828	7.01821562	0	100	0	0	3
9365	2158	0	3.65820312	299.895769	299.999849	299.455511	300.879786	0.565301828	7.01821562	0	100	0	0	3
9370	2159	0	3.66015625	299.909475	299.997187	299.455511	300.879786	0.565301828	7.01821562	0	100	0	0	3
9375	2160	0	3.66210938	299.922577	299.99451	299.455511	300.879786	0.565301828	7.01821562	0	100	0	0	3
9380	2162	0	3.6640625	299.935116	299.99181	299.455511	300.879786	0.565301828	7.01821562	0	100	0	0	3
9385	2163	0	3.66601562	299.947267	299.989084	299.455511	300.879786	0.565301828	7.01821562	0	100	0	0	3
9390	2164	0	3.66796875	299.958379	299.986322	299.455511	300.879786	0.565301828	7.01821562	0	100	0	0	3
9395	2165	0	3.66992188	299.967612	299.983516	299.455511	300.879786	0.565301828	7.01821562	0	100	0	0	3
9400	2167	0	3.671875	299.974706	299.980655	299.455511	300.879786	0.565301828	7.01821562	0	100	0	0	3
9405	2169	0	3.67382812	299.979907	299.977731	299.455511	300.879786	0.564128892	7.01821562	0	100	0	0	3
9410	2170	0	3.67578125	299.983463	299.974737	299.455511	300.879786	0.562646791	7.01821562	0	100	0	0	3
9415	2172	0	3.67773438	299.985598	299.97167	299.455511	300.879786	0.560845502	7.01821562	0	100	0	0	3
9420	2173	0	3.6796875	299.986555	299.968527	299.455511	300.879786	0.558706667	7.01821562	0	100	0	0	3
9425	2174	0	3.68164062	299.986795	299.965312	299.455511	300.879786	0.556237548	7.01821562	0	100	0	0	3
9430	2176	0	3.68359375	299.986901	299.962029	299.455511	300.879786	0.553454227	7.01821562	0	100	0	0	3
9435	2177	0	3.68554688	299.987394	299.958689	299.455511	300.879786	0.55037296	7.01821562	0	100	0	0	3
9440	2178	0	3.6875	299.988558	299.955304	299.455511	300.879786	0.547021092	7.01821562	0	100	0	0	3
9445	2179	0	3.68945312	299.990384	299.951884	299.455511	300.879786	0.543443829	7.01821562	0	100	0	0	3
9450	2181	0	3.69140625	299.992641	299.948444	299.455511	300.879786	0.53969639	7.01821562	0	100	0	0	3
9455	2182	0	3.69335938	299.995059	299.944996	299.455511	300.879786	0.535832233	7.01821562	0	100	0	0	3
9460	2183	0	3.6953125	299.997276	299.941548	299.455511	300.725607	0.533399971	7.01821562	0	100	0	0	3
9465	2185	0	3.69726562	299.999024	299.939613	299.455511	300.725607	0.530912685	7.01821562	0	100	0	0	3
9470	2186	0	3.69921875	300.000286	299.937671	299.455511	300.725607	0.528418306	7.01821562	0	100	0	0	3
9475	2187	0	3.70117188	300.001172	299.935748	299.455511	300.725607	0.525940474	7.01821562	0	100	0	0	3
9480	2189	0	3.703125	300.001954	299.933856	299.455511	300.725607	0.523491258	7.01821562	0	100	0	0	3
9485	2190	0	3.70507812	300.003034	299.932005	299.455511	300.725607	0.521069207	7.01821562	0	100	0	0	3
9490	2191	0	3.70703125	300.004843	299.930203	299.455511	300.725607	0.518655801	7.01821562	0	100	0	0	3
9495	2193	0	3.70898438	300.007774	299.928445	299.455511	300.725607	0.516233376	7.01821562	0	100	0	0	3
9500	2194	0	3.7109375	300.012093	299.926729	299.455511	300.725607	0.513785813	7.01821562	0	100	0	0	3
9505	2197	0	3.71289062	300.017822	299.925051	299.455511	300.725607	0.511298649	7.01821562	0	100	0	0	3
9510	2198	0	3.71484375	300.024788	299.923404	299.455511	300.725607	0.508762347	7.01821562	0	100	0	0	3
9515	2199	0	3.71679688	300.032734	299.921776	299.455511	300.725607	0.506173266	7.01821562	0	100	0	0	3
9520	2201	0	3.71875	300.013403	299.920048	299.455511	300.725607	0.503528918	7.01821562	0	100	0	0	3
9525	2202	0	3.72070312	300.023158	299.918322	299.455511	300.725607	0.500823205	7.01821562	0	100	0	0	3
9530	2203	0	3.72265625	300.032609	299.916587	299.455511	300.725607	0.498046595	7.01821562	0	100	0	0	3
9535	2205	0	3.72460938	300.042067	299.914837	299.455511	300.725607	0.495184634	7.01821562	0	100	0	0	3
9540	2206	0	3.7265625	300.052016	299.913068	299.455511	300.725607	0.492218406	7.01821562	0	100	0	0	3
9545	2207	0	3.72851562	300.061942	299.911276	299.455511	300.725607	0.489124196	7.01821562	0	100	0	0	3
9550	2208	0	3.73046875	300.071389	299.909457	299.455511	300.725607	0.485874721	7.01821562	0	100	0	0	3
9555	2210	0	3.73242188	300.080225	299.907607	299.455511	300.725607	0.482439922	7.01821562	0	100	0	0	3
9560	2211	0	3.734375	300.088458	299.905722	299.455511	300.725607	0.478791805	7.01821562	0	100	0	0	3
9565	2212	0	3.73632812	300.096	299.903799	299.455511	300.725607	0.474910409	7.01821562	0	100	0	0	3
9570	2214	0	3.73828125	300.102641	299.90183	299.455511	300.725607	0.47146106	7.01821562	0	100	0	0	3
9575	2215	0	3.74023438	300.108283	299.899809	299.455511	300.725607	0.467744698	7.01821562	0	100	0	0	3
9580	2217	0	3.7421875	300.113011	299.897731	299.455511	300.725607	0.463779744	7.01821562	0	100	0	0	3
9585	2218	0	3.74414062	300.117067	299.895595	299.455511	300.725607	0.459570718	7.01821562	0	100	0	0	3
9590	2219	0	3.74609375	300.120772	299.893404	299.455511	300.725607	0.455104463	7.01821562	0	100	0	0	3
9595	2221	0	3.74804688	300.124456	299.891167	299.455511	300.725607	0.450383622	7.01821562	0	100	0	0	3
9600	2222	0	3.75	300.128388	299.888895	299.455511	300.725607	0.445432427	7.01821562	0	100	0	0	3
9605	2224	0	3.75195312	300.132781	299.886605	299.455511	300.725607	0.440283858	7.01821562	0	100	0	0	3
9610	2226	0	3.75390625	300.137782	299.884314	299.455511	300.725607	0.434972426	7.01821562	0	100	0	0	3
9615	2227	0	3.75585938	300.14336	299.882039	299.455511	300.722537	0.429530549	7.01821562	0	100	0	0	3
9620	2228	0	3.7578125	300.149314	299.8798	299.455511	300.715505	0.423989759	7.01821562	0	100	0	0	3
9625	2230	0	3.75976562	300.15536	299.877612	299.455511	300.704846	0.418381257	7.01821562	0	100	0	0	3
9630	2231	0	3.76171875	300.161257	299.875489	299.455511	300.383276	0.413935339	7.01821562	0	100	0	0	3
9635	2232	0	3.76367188	300.166861	299.874643	299.455511	300.368375	0.409465909	7.01821562	0	100	0	0	3
9640	2234	0	3.765625	300.172114	299.873877	299.455511	300.352719	0.404993209	7.01821562	0	100	0	0	3
9645	2235	0	3.76757812	300.177049	299.873202	299.455511	300.352719	0.400525952	7.01821562	0	100	0	0	3
9650	2237	0	3.76953125	300.181763	299.872629	299.455511	300.352719	0.396064272	7.01821562	0	100	0	0	3
9655	2238	0	3.77148438	300.186389	299.87216	299.455511	300.352719	0.391585558	7.01821562	0	100	0	0	3
9660	2239	0	3.7734375	300.191064	299.871787	299.455511	300.352719	0.387068417	7.01821562	0	100	0	0	3
9665	2241	0	3.77539062	300.195864	299.8715	299.455511	300.352719	0.382489552	7.01821562	0	100	0	0	3
9670	2242	0	3.77734375	300.200779	299.871293	299.455511	300.352719	0.377824754	7.01821562	0	100	0	0	3
9675	2243	0	3.77929688	300.205732	299.871149	299.455511	300.352719	0.3730547	7.01821562	0	100	0	0	3
9680	2245	0	3.78125	300.210607	299.871051	299.455511	300.352719	0.368166224	7.01821562	0	100	0	0	3
9685	2246	0	3.78320312	300.215307	299.870981	299.455511	300.352719	0.363151378	7.01821562	0	100	0	0	3
9690	2247	0	3.78515625	300.117971	299.870528	299.455511	300.352719	0.358007091	7.01821562	0	100	0	0	3
9695	2249	0	3.78710938	300.123425	299.870079	299.455511	300.352719	0.352731489	7.01821562	0	100	0	0	3
9700	2250	0	3.7890625	300.126452	299.869617	299.455511	300.352719	0.347325419	7.01821562	0	100	0	0	3
9705	2253	0	3.79101562	300.130017	299.869137	299.455511	300.352719	0.341789014	7.01821562	0	100	0	0	3
9710	2254	0	3.79296875	300.134126	299.868641	299.455511	300.352719	0.336123673	7.01821562	0	100	0	0	3
9715	2255	0	3.79492188	300.137967	299.868129	299.455511	300.352719	0.330331447	7.01821562	0	100	0	0	3
9720	2257	0	3.796875	300.141359	299.8676	299.455511	300.352719	0.324412439	7.01821562	0	100	0	0	3
9725	2258	0	3.79882812	300.144982	299.867058	299.455511	300.352719	0.318367715	7.01821562	0	100	0	0	3
9730	2260	0	3.80078125	300.14939	299.866507	299.455511	300.352719	0.3163701	7.01821562	0	100	0	0	3
9735	2261	0	3.80273438	300.154461	299.865946	299.455511	300.352719	0.316930853	7.01821562	0	100	0	0	3
9740	2262	0	3.8046875	300.159736	299.865373	299.455511	300.352719	0.317503444	7.01821562	0	100	0	0	3
9745	2264	0	3.80664062	300.164935	299.864785	299.455511	300.352719	0.31809203	7.01821562	0	100	0	0	3
9750	2265	0	3.80859375	300.170068	299.864178	299.455511	300.352719	0.318698809	7.01821562	0	100	0	0	3
9755	2266	0	3.81054688	300.175257	299.863554	299.455511	300.352719	0.319322533	7.01821562	0	100	0	0	3
9760	2267	0	3.8125	300.180583	299.862919	299.455511	300.352719	0.319957851	7.01821562	0	100	0	0	3
9765	2269	0	3.81445312	300.186069	299.862281	299.455511	300.352719	0.320595834	7.01821562	0	100	0	0	3
9770	2270	0	3.81640625	300.191747	299.861652	299.455511	300.352564	0.32122463	7.01821562	0	100	0	0	3
9775	2271	0	3.81835938	300.197704	299.861047	299.455511	300.348559	0.321829552	7.01821562	0	100	0	0	3
