Iteration	CPUTime	PhysTime	Travels	Value	AvValue	MinValue	MaxValue	Delta	Criteria	PrevAvRefValue	Progress	CriteriaType	CriteriaVarType	CriteriaPercentage
1	1	0	0.000390625	0.0759688298	0.0759688298	0.0759688298	0.0759688298	0	0	0	0	0	0	3
5	2	0	0.001953125	0.0759740442	0.075971437	0.0759688298	0.0759740442	2.60721197e-06	0	0	0	0	0	3
10	3	0	0.00390625	0.0759741122	0.0759723287	0.0759688298	0.0759741122	3.49895217e-06	0	0	0	0	0	3
15	5	0	0.005859375	0.0759785067	0.0759738732	0.0759688298	0.0759785067	5.04343639e-06	0	0	0	0	0	3
20	6	0	0.0078125	0.0759743424	0.0759739671	0.0759688298	0.0759785067	5.13727815e-06	0	0	0	0	0	3
25	7	0	0.009765625	0.0759740367	0.0759739787	0.0759688298	0.0759785067	5.14888095e-06	0	0	0	0	0	3
30	8	0	0.01171875	0.0759740596	0.0759739902	0.0759688298	0.0759785067	5.16044807e-06	0	0	0	0	0	3
35	9	0	0.013671875	0.0759741766	0.0759740135	0.0759688298	0.0759785067	5.18374669e-06	0	0	0	0	0	3
40	11	0	0.015625	0.0759743498	0.0759740509	0.0759688298	0.0759785067	5.22111106e-06	0	0	0	0	0	3
45	12	0	0.017578125	0.0759744337	0.0759740892	0.0759688298	0.0759785067	5.2593933e-06	0	0	0	0	0	3
50	13	0	0.01953125	0.0759745114	0.0759741276	0.0759688298	0.0759785067	5.2977735e-06	0	0	0	0	0	3
55	15	0	0.021484375	0.0759745404	0.075974162	0.0759688298	0.0759785067	5.33217725e-06	0	0	0	0	0	3
60	17	0	0.0234375	0.0759746123	0.0759741966	0.0759688298	0.0759785067	5.36681707e-06	0	0	0	0	0	3
65	20	0	0.025390625	0.0759746382	0.0759742282	0.0759688298	0.0759785067	5.39836205e-06	0	0	0	0	0	3
70	23	0	0.02734375	0.075974681	0.0759742583	0.0759688298	0.0759785067	5.42855399e-06	0	0	0	0	0	3
75	25	0	0.029296875	0.0759747024	0.0759742861	0.0759688298	0.0759785067	5.45630551e-06	0	0	0	0	0	3
80	28	0	0.03125	0.0759747707	0.0759743146	0.0759688298	0.0759785067	5.48481016e-06	0	0	0	0	0	3
85	30	0	0.033203125	0.0759747281	0.0759743376	0.0759688298	0.0759785067	5.50778333e-06	0	0	0	0	0	3
90	33	0	0.03515625	0.0759747629	0.07597436	0.0759688298	0.0759785067	5.53016857e-06	0	0	0	0	0	3
95	35	0	0.037109375	0.0759748124	0.0759743826	0.0759688298	0.0759785067	5.55279256e-06	0	0	0	0	0	3
100	37	0	0.0390625	0.0759748673	0.0759744057	0.0759688298	0.0759785067	5.57587491e-06	0	0	0	0	0	3
105	40	0	0.041015625	0.0759687105	0.0759741468	0.0759687105	0.0759785067	5.57587491e-06	0	0	0	0	0	3
110	43	0	0.04296875	0.0759576465	0.0759734294	0.0759576465	0.0759785067	5.57587491e-06	0	0	0	0	0	3
115	45	0	0.044921875	0.0759423575	0.0759721347	0.0759423575	0.0759785067	5.57587491e-06	0	0	0	0	0	3
120	48	0	0.046875	0.0759262298	0.0759702985	0.0759262298	0.0759785067	5.57587491e-06	0	0	0	0	0	3
125	50	0	0.048828125	0.0759009815	0.0759676325	0.0759009815	0.0759785067	6.77317436e-06	0	0	0	0	0	3
130	52	0	0.05078125	0.075873241	0.0759641365	0.075873241	0.0759785067	1.02691545e-05	0	0	0	0	0	3
135	54	0	0.052734375	0.0758467713	0.0759599449	0.0758467713	0.0759785067	1.44607705e-05	0	0	0	0	0	3
140	57	0	0.0546875	0.0758149317	0.0759549444	0.0758149317	0.0759785067	1.94612239e-05	0	0	0	0	0	3
145	59	0	0.056640625	0.0757776208	0.0759490336	0.0757776208	0.0759785067	2.53720134e-05	0	0	0	0	0	3
150	61	0	0.05859375	0.0757411935	0.0759423291	0.0757411935	0.0759785067	3.20765334e-05	0	0	0	0	0	3
155	63	0	0.060546875	0.0756917163	0.0759344975	0.0756917163	0.0759785067	3.99081855e-05	0	0	0	0	0	3
160	65	0	0.0625	0.0756318839	0.0759253274	0.0756318839	0.0759785067	4.90782932e-05	0	0	0	0	0	3
165	67	0	0.064453125	0.0755690173	0.0759148477	0.0755690173	0.0759785067	5.95580007e-05	0	0	0	0	0	3
170	70	0	0.06640625	0.0839099478	0.0761432791	0.0755690173	0.0839099478	0.000228431434	0	0	0	0	0	3
175	72	0	0.068359375	0.0838950174	0.0763586052	0.0755690173	0.0839099478	0.000443757498	0	0	0	0	0	3
180	74	0	0.0703125	0.0838741981	0.0765617293	0.0755690173	0.0839099478	0.000646881631	0	0	0	0	0	3
185	76	0	0.072265625	0.0838536999	0.0767536233	0.0755690173	0.0839099478	0.000838775594	0	0	0	0	0	3
190	78	0	0.07421875	0.0838408299	0.0769353465	0.0755690173	0.0839099478	0.00102049884	0	0	0	0	0	3
195	81	0	0.076171875	0.0838295035	0.0771077004	0.0755690173	0.0839099478	0.00119285277	0	0	0	0	0	3
200	83	0	0.078125	0.0838200234	0.0772714156	0.0755690173	0.0839099478	0.00135656796	0	0	0	0	0	3
205	86	0	0.080078125	0.0838063358	0.077427009	0.0755690173	0.0839099478	0.0015121613	0	0	0	0	0	3
210	91	0	0.08203125	0.0837856157	0.0775748835	0.0755690173	0.0839099478	0.00166003587	0	0	0	0	0	3
215	93	0	0.083984375	0.0837622946	0.0777155065	0.0755690173	0.0839099478	0.00180065885	0	0	0	0	0	3
220	95	0	0.0859375	0.0837270124	0.0778490955	0.0755690173	0.0839099478	0.00193424787	0	0	0	0	0	3
225	97	0	0.087890625	0.0836899719	0.0779760711	0.0755690173	0.0839099478	0.00206122345	0	0	0	0	0	3
230	99	0	0.08984375	0.0836530483	0.0780968579	0.0755690173	0.0839099478	0.0021820102	0	0	0	0	0	3
235	101	0	0.091796875	0.0835990648	0.0782114872	0.0755690173	0.0839099478	0.00229663951	0	0	0	0	0	3
240	104	0	0.09375	0.0835416774	0.0783202666	0.0755690173	0.0839099478	0.0024054189	0	0	0	0	0	3
245	106	0	0.095703125	0.0834834348	0.0784235299	0.0755690173	0.0839099478	0.00250868226	0	0	0	0	0	3
250	108	0	0.09765625	0.0834194566	0.0785214893	0.0755690173	0.0839099478	0.00260664161	0	0	0	0	0	3
255	110	0	0.099609375	0.0833507228	0.0786143591	0.0755690173	0.0839099478	0.00269951149	0	0	0	0	0	3
260	112	0	0.1015625	0.0832739783	0.0787022765	0.0755690173	0.0839099478	0.00278742883	0	0	0	0	0	3
265	114	0	0.103515625	0.0831954148	0.0787854828	0.0755690173	0.0839099478	0.00287063509	0	0	0	0	0	3
270	116	0	0.10546875	0.0831012429	0.0788639511	0.0755690173	0.0839099478	0.00294910346	0	0	0	0	0	3
275	118	0	0.107421875	0.0830068986	0.0789379323	0.0755690173	0.0839099478	0.00302308467	0	0	0	0	0	3
280	120	0	0.109375	0.0829106252	0.0790076287	0.0755690173	0.0839099478	0.00309278103	0	0	0	0	0	3
285	122	0	0.111328125	0.082813205	0.0790732421	0.0755690173	0.0839099478	0.00315839442	0	0	0	0	0	3
290	125	0	0.11328125	0.0827132108	0.0791349365	0.0755690173	0.0839099478	0.0032200888	0	0	0	0	0	3
295	127	0	0.115234375	0.0826115262	0.0791928796	0.0755690173	0.0839099478	0.00327803197	0	0	0	0	0	3
300	129	0	0.1171875	0.0825023177	0.0792471327	0.0755690173	0.0839099478	0.00333228505	0	0	0	0	0	3
305	132	0	0.119140625	0.0823900904	0.0792978256	0.0755690173	0.0839099478	0.00338297791	0	0	0	0	0	3
310	134	0	0.12109375	0.0822805512	0.0793451704	0.0755690173	0.0839099478	0.00343032276	0	0	0	0	0	3
315	136	0	0.123046875	0.0821699301	0.0793893073	0.0755690173	0.0839099478	0.00347445963	0	0	0	0	0	3
320	138	0	0.125	0.0820584273	0.0794303707	0.0755690173	0.0839099478	0.00351552302	0	0	0	0	0	3
325	140	0	0.126953125	0.0819446232	0.0794684654	0.0755690173	0.0839099478	0.00355361775	0	0	0	0	0	3
330	142	0	0.12890625	0.0818306808	0.0795037224	0.0755690173	0.0839099478	0.0035888747	0	0	0	0	0	3
335	144	0	0.130859375	0.0869918511	0.0796138419	0.0755690173	0.0869918511	0.00369899424	0	0	0	0	0	3
340	146	0	0.1328125	0.086929786	0.0797198701	0.0755690173	0.0869918511	0.00380502242	0	0	0	0	0	3
345	148	0	0.134765625	0.0868837782	0.0798222116	0.0755690173	0.0869918511	0.00390736396	0	0	0	0	0	3
350	150	0	0.13671875	0.0868318181	0.0799209385	0.0755690173	0.0869918511	0.00400609081	0	0	0	0	0	3
355	152	0	0.138671875	0.0867646901	0.0800159906	0.0755690173	0.0869918511	0.00410114292	0	0	0	0	0	3
360	154	0	0.140625	0.0866831983	0.0801073222	0.0755690173	0.0869918511	0.00419247453	0	0	0	0	0	3
365	156	0	0.142578125	0.0865907274	0.0801949358	0.0755690173	0.0869918511	0.00428008812	0	0	0	0	0	3
370	158	0	0.14453125	0.0864941816	0.0802789257	0.0755690173	0.0869918511	0.00436407806	0	0	0	0	0	3
375	160	0	0.146484375	0.0863937777	0.0803593843	0.0755690173	0.0869918511	0.00444453664	0	0	0	0	0	3
380	162	0	0.1484375	0.0862879918	0.0804363792	0.0755690173	0.0869918511	0.00452153154	0	0	0	0	0	3
385	164	0	0.150390625	0.0861792	0.0805100051	0.0755690173	0.0869918511	0.00459515745	0	0	0	0	0	3
390	166	0	0.15234375	0.0860728057	0.0805804203	0.0755690173	0.0869918511	0.00466557265	0	0	0	0	0	3
395	168	0	0.154296875	0.0859659178	0.080647739	0.0755690173	0.0869918511	0.00473289136	0	0	0	0	0	3
400	170	0	0.15625	0.0858567506	0.0807120478	0.0755690173	0.0869918511	0.00479720015	0	0	0	0	0	3
405	173	0	0.158203125	0.0857478383	0.0807734599	0.0755690173	0.0869918511	0.00485861223	0	0	0	0	0	3
410	175	0	0.16015625	0.0856364303	0.0808320499	0.0755690173	0.0869918511	0.00491720223	0	0	0	0	0	3
415	177	0	0.162109375	0.0855242132	0.080887909	0.0755690173	0.0869918511	0.00497306132	0	0	0	0	0	3
420	179	0	0.1640625	0.0854083317	0.0809410904	0.0755690173	0.0869918511	0.00502624276	0	0	0	0	0	3
425	181	0	0.166015625	0.0852943433	0.0809917096	0.0755690173	0.0869918511	0.00507686198	0	0	0	0	0	3
430	183	0	0.16796875	0.0851795745	0.081039846	0.0755690173	0.0869918511	0.00512499836	0	0	0	0	0	3
435	185	0	0.169921875	0.0850630261	0.081085564	0.0755690173	0.0869918511	0.00517071632	0	0	0	0	0	3
440	187	0	0.171875	0.0849491116	0.0811289746	0.0755690173	0.0869918511	0.00521412697	0	0	0	0	0	3
445	189	0	0.173828125	0.0848358893	0.0811701626	0.0755690173	0.0869918511	0.00525531491	0	0	0	0	0	3
450	191	0	0.17578125	0.0847218032	0.0812091916	0.0755690173	0.0869918511	0.00529434392	0	0	0	0	0	3
455	192	0	0.177734375	0.0846066102	0.0812461201	0.0755690173	0.0869918511	0.00533127239	0	0	0	0	0	3
460	195	0	0.1796875	0.0844889551	0.0812809892	0.0755690173	0.0869918511	0.00536614158	0	0	0	0	0	3
465	196	0	0.181640625	0.0843733748	0.081313887	0.0755690173	0.0869918511	0.0053990393	0	0	0	0	0	3
470	198	0	0.18359375	0.0842580337	0.081344878	0.0755690173	0.0869918511	0.00543003032	0	0	0	0	0	3
475	200	0	0.185546875	0.0841453035	0.0813740491	0.0755690173	0.0869918511	0.00545920142	0	0	0	0	0	3
480	202	0	0.1875	0.0840338562	0.0814014698	0.0755690173	0.0869918511	0.00548662211	0	0	0	0	0	3
485	204	0	0.189453125	0.0839208449	0.0814271777	0.0755690173	0.0869918511	0.00551233002	0	0	0	0	0	3
490	205	0	0.19140625	0.0838083825	0.0814512303	0.0755690173	0.0869918511	0.00553638259	0	0	0	0	0	3
495	207	0	0.193359375	0.0836962873	0.0814736808	0.0755690173	0.0869918511	0.00555883316	0	0	0	0	0	3
500	209	0	0.1953125	0.0835845168	0.0814945802	0.0755690173	0.0869918511	0.00557973253	0	0	0	0	0	3
505	212	0	0.197265625	0.0872752019	0.081551253	0.0755690173	0.0872752019	0.00563640529	0	0	0	0	0	3
510	214	0	0.19921875	0.0871935787	0.0816060328	0.0755690173	0.0872752019	0.00569118515	0	0	0	0	0	3
515	216	0	0.201171875	0.0871171687	0.0816590245	0.0755690173	0.0872752019	0.00574417684	0	0	0	0	0	3
520	218	0	0.203125	0.0870350714	0.081710225	0.0755690173	0.0872752019	0.00579537729	0	0	0	0	0	3
525	219	0	0.205078125	0.0869421511	0.0817595827	0.0755690173	0.0872752019	0.00584473508	0	0	0	0	0	3
530	221	0	0.20703125	0.0868419956	0.0818070819	0.0755690173	0.0872752019	0.00589223427	0	0	0	0	0	3
535	223	0	0.208984375	0.0867388243	0.0818527462	0.0755690173	0.0872752019	0.00593789855	0	0	0	0	0	3
540	225	0	0.2109375	0.0866347533	0.0818966178	0.0755690173	0.0872752019	0.00598177018	0	0	0	0	0	3
545	227	0	0.212890625	0.0865317923	0.0819387558	0.0755690173	0.0872752019	0.00602390813	0	0	0	0	0	3
550	228	0	0.21484375	0.0864302944	0.0819792201	0.0755690173	0.0872752019	0.00606437244	0	0	0	0	0	3
555	230	0	0.216796875	0.0863256272	0.0820180273	0.0755690173	0.0872752019	0.00610317964	0	0	0	0	0	3
560	232	0	0.21875	0.0862207633	0.0820552197	0.0755690173	0.0872752019	0.006140372	0	0	0	0	0	3
565	233	0	0.220703125	0.0861151897	0.0820908334	0.0755690173	0.0872752019	0.00617598577	0	0	0	0	0	3
570	235	0	0.22265625	0.086009431	0.0821249082	0.0755690173	0.0872752019	0.00621006053	0	0	0	0	0	3
575	236	0	0.224609375	0.0859033925	0.0821574813	0.0755690173	0.0872752019	0.00624263367	0	0	0	0	0	3
580	238	0	0.2265625	0.0857977251	0.0821885945	0.0755690173	0.0872752019	0.00627374687	0	0	0	0	0	3
585	240	0	0.228515625	0.0856936965	0.0822182988	0.0755690173	0.0872752019	0.00630345112	0	0	0	0	0	3
590	241	0	0.23046875	0.0855896788	0.0822466297	0.0755690173	0.0872752019	0.00633178204	0	0	0	0	0	3
595	243	0	0.232421875	0.0854859625	0.0822736241	0.0755690173	0.0872752019	0.00635877648	0	0	0	0	0	3
600	244	0	0.234375	0.0853834948	0.0822993256	0.0755690173	0.0872752019	0.00638447789	0	0	0	0	0	3
605	247	0	0.236328125	0.0852826916	0.0823237794	0.0755690173	0.0872752019	0.00640893171	0	0	0	0	0	3
610	248	0	0.23828125	0.0851823252	0.0823470196	0.0755690173	0.0872752019	0.00643217192	0	0	0	0	0	3
615	250	0	0.240234375	0.0850807219	0.0823690656	0.0755690173	0.0872752019	0.00645421791	0	0	0	0	0	3
620	252	0	0.2421875	0.0849799083	0.0823899523	0.0755690173	0.0872752019	0.00647510465	0	0	0	0	0	3
625	253	0	0.244140625	0.0848805809	0.0824097192	0.0755690173	0.0872752019	0.00649487155	0	0	0	0	0	3
630	254	0	0.24609375	0.0847833022	0.0824284088	0.0755690173	0.0872752019	0.00651356118	0	0	0	0	0	3
635	256	0	0.248046875	0.0846867294	0.082446052	0.0755690173	0.0872752019	0.00653120431	0	0	0	0	0	3
640	258	0	0.25	0.0845915561	0.0824626838	0.0755690173	0.0872752019	0.00654783612	0	0	0	0	0	3
645	259	0	0.251953125	0.0844983309	0.0824783426	0.0755690173	0.0872752019	0.00656349495	0	0	0	0	0	3
650	260	0	0.25390625	0.0844031991	0.0824930362	0.0755690173	0.0872752019	0.00657818851	0	0	0	0	0	3
655	262	0	0.255859375	0.0843088225	0.0825067921	0.0755690173	0.0872752019	0.00659194446	0	0	0	0	0	3
660	263	0	0.2578125	0.0842152796	0.0825196379	0.0755690173	0.0872752019	0.00660479023	0	0	0	0	0	3
665	264	0	0.259765625	0.0841236005	0.0825316078	0.0755690173	0.0872752019	0.0066167601	0	0	0	0	0	3
670	266	0	0.26171875	0.0868657424	0.0825637125	0.0755690173	0.0872752019	0.00664886481	0	0	0	0	0	3
675	267	0	0.263671875	0.0867774243	0.0825946956	0.0755690173	0.0872752019	0.00667984798	0	0	0	0	0	3
680	269	0	0.265625	0.0867027986	0.0826246818	0.0755690173	0.0872752019	0.00670983413	0	0	0	0	0	3
685	270	0	0.267578125	0.0866264832	0.0826536804	0.0755690173	0.0872752019	0.00673883269	0	0	0	0	0	3
690	271	0	0.26953125	0.0865470345	0.0826816901	0.0755690173	0.0872752019	0.00676684244	0	0	0	0	0	3
695	272	0	0.271484375	0.086462113	0.0827086931	0.0755690173	0.0872752019	0.00679384546	0	0	0	0	0	3
700	274	0	0.2734375	0.0863746022	0.0827346925	0.0755690173	0.0872752019	0.00681984481	0	0	0	0	0	3
705	276	0	0.275390625	0.086287321	0.082759711	0.0755690173	0.0872752019	0.00684486332	0	0	0	0	0	3
710	277	0	0.27734375	0.0861976537	0.0827837525	0.0755690173	0.0872752019	0.00686890488	0	0	0	0	0	3
715	278	0	0.279296875	0.0861068627	0.0828068297	0.0755690173	0.0872752019	0.00689198204	0	0	0	0	0	3
720	279	0	0.28125	0.0860157698	0.0828289603	0.0755690173	0.0872752019	0.00691411266	0	0	0	0	0	3
725	281	0	0.283203125	0.0859254331	0.082850169	0.0755690173	0.0872752019	0.00693532137	0	0	0	0	0	3
730	282	0	0.28515625	0.085834881	0.0828704732	0.0755690173	0.0872752019	0.00695562554	0	0	0	0	0	3
735	283	0	0.287109375	0.0857442933	0.0828898909	0.0755690173	0.0872752019	0.00697504324	0	0	0	0	0	3
740	284	0	0.2890625	0.0856538762	0.0829084411	0.0755690173	0.0872752019	0.00699359348	0	0	0	0	0	3
745	285	0	0.291015625	0.0855627425	0.0829261365	0.0755690173	0.0872752019	0.00701128882	0	0	0	0	0	3
750	286	0	0.29296875	0.0854718623	0.0829429956	0.0755690173	0.0872752019	0.00702814793	0	0	0	0	0	3
755	288	0	0.294921875	0.0853813084	0.0829590371	0.0755690173	0.0872752019	0.00704418946	0	0	0	0	0	3
760	289	0	0.296875	0.0852904786	0.0829742753	0.0755690173	0.0872752019	0.00705942764	0	0	0	0	0	3
765	290	0	0.298828125	0.0852017591	0.0829887395	0.0755690173	0.0872752019	0.00707389182	0	0	0	0	0	3
770	291	0	0.30078125	0.0851151925	0.0830024585	0.0755690173	0.0872752019	0.00708761087	0	0	0	0	0	3
775	292	0	0.302734375	0.0850305847	0.0830154593	0.0755690173	0.0872752019	0.00710061168	0	0	0	0	0	3
780	293	0	0.3046875	0.0849471216	0.0830277629	0.0755690173	0.0872752019	0.00711291526	0	0	0	0	0	3
785	294	0	0.306640625	0.0848682438	0.0830394115	0.0755690173	0.0872752019	0.00712456388	0	0	0	0	0	3
790	295	0	0.30859375	0.0847929827	0.0830504403	0.0755690173	0.0872752019	0.00713559263	0	0	0	0	0	3
795	296	0	0.310546875	0.0847198277	0.083060874	0.0755690173	0.0872752019	0.0071460263	0	0	0	0	0	3
800	297	0	0.3125	0.0846480637	0.0830707323	0.0755690173	0.0872752019	0.00715588462	0	0	0	0	0	3
805	299	0	0.314453125	0.0845792227	0.083080044	0.0755690173	0.0872752019	0.00716519629	0	0	0	0	0	3
810	300	0	0.31640625	0.084513589	0.0830888387	0.0755690173	0.0872752019	0.00717399104	0	0	0	0	0	3
815	301	0	0.318359375	0.084452983	0.0830971567	0.0755690173	0.0872752019	0.007182309	0	0	0	0	0	3
820	302	0	0.3203125	0.0843978665	0.0831050397	0.0755690173	0.0872752019	0.00719019209	0	0	0	0	0	3
825	303	0	0.322265625	0.0843469778	0.0831125213	0.0755690173	0.0872752019	0.00719767364	0	0	0	0	0	3
830	304	0	0.32421875	0.0842992626	0.0831196275	0.0755690173	0.0872752019	0.00720477988	0	0	0	0	0	3
835	305	0	0.326171875	0.0842519285	0.0831263674	0.0755690173	0.0872752019	0.00721151976	0	0	0	0	0	3
840	306	0	0.328125	0.0864123623	0.0831458112	0.0755690173	0.0872752019	0.00723096352	0	0	0	0	0	3
845	307	0	0.330078125	0.0863642032	0.0831647429	0.0755690173	0.0872752019	0.00724989524	0	0	0	0	0	3
850	307	0	0.33203125	0.0863012661	0.0831830851	0.0755690173	0.0872752019	0.00726823748	0	0	0	0	0	3
855	308	0	0.333984375	0.0862186867	0.083200734	0.0755690173	0.0872752019	0.00728588632	0	0	0	0	0	3
860	309	0	0.3359375	0.0861153315	0.0832175814	0.0755690173	0.0872752019	0.00730273371	0	0	0	0	0	3
865	310	0	0.337890625	0.0859904882	0.0832335176	0.0755690173	0.0872752019	0.00731866996	0	0	0	0	0	3
870	311	0	0.33984375	0.0858423954	0.0832484255	0.0755690173	0.0872752019	0.00733357783	0	0	0	0	0	3
875	312	0	0.341796875	0.0856724276	0.0832621982	0.0755690173	0.0872752019	0.00734735057	0	0	0	0	0	3
880	313	0	0.34375	0.0854820233	0.0832747396	0.0755690173	0.0872752019	0.00735989195	0	0	0	0	0	3
885	314	0	0.345703125	0.0852718937	0.0832859596	0.0755690173	0.0872752019	0.00737111192	0	0	0	0	0	3
890	315	0	0.34765625	0.0850415607	0.0832957674	0.0755690173	0.0872752019	0.00738091975	0	0	0	0	0	3
895	315	0	0.349609375	0.0847906876	0.0833040725	0.0755690173	0.0872752019	0.00738922486	0	0	0	0	0	3
900	316	0	0.3515625	0.0845182817	0.0833107809	0.0755690173	0.0872752019	0.0073959332	0	0	0	0	0	3
905	318	0	0.353515625	0.0842207701	0.0833157808	0.0755690173	0.0872752019	0.00740093314	0	0	0	0	0	3
910	319	0	0.35546875	0.0838925318	0.0833189324	0.0755690173	0.0872752019	0.00740408478	0	0	0	0	0	3
915	320	0	0.357421875	0.0835299126	0.0833200791	0.0755690173	0.0872752019	0.00740523141	0	0	0	0	0	3
920	321	0	0.359375	0.0831337786	0.083319072	0.0755690173	0.0872752019	0.00740523141	0	0	0	0	0	3
925	321	0	0.361328125	0.0827079192	0.0833157863	0.0755690173	0.0872752019	0.00740523141	0	0	0	0	0	3
930	322	0	0.36328125	0.0822548501	0.0833101128	0.0755690173	0.0872752019	0.00740523141	0	0	0	0	0	3
935	323	0	0.365234375	0.0817766367	0.083301956	0.0755690173	0.0872752019	0.00740523141	0	0	0	0	0	3
940	324	0	0.3671875	0.0812741028	0.0832912267	0.0755690173	0.0872752019	0.00740523141	0	0	0	0	0	3
945	325	0	0.369140625	0.0807477079	0.0832778397	0.0755690173	0.0872752019	0.00740523141	0	0	0	0	0	3
950	325	0	0.37109375	0.0801969786	0.0832617095	0.0755690173	0.0872752019	0.00740523141	0	0	0	0	0	3
955	326	0	0.373046875	0.0796210807	0.0832427479	0.0755690173	0.0872752019	0.00740523141	0	0	0	0	0	3
960	327	0	0.375	0.0790185987	0.0832208612	0.0755690173	0.0872752019	0.00740523141	0	0	0	0	0	3
965	328	0	0.376953125	0.0783880607	0.0831959498	0.0755690173	0.0872752019	0.00740523141	0	0	0	0	0	3
970	329	0	0.37890625	0.0777273893	0.0831679059	0.0755690173	0.0872752019	0.00740523141	0	0	0	0	0	3
975	329	0	0.380859375	0.077032754	0.0831366041	0.0755690173	0.0872752019	0.00740523141	0	0	0	0	0	3
980	330	0	0.3828125	0.0762973294	0.083101887	0.0755690173	0.0872752019	0.00740523141	0	0	0	0	0	3
985	331	0	0.384765625	0.0755087195	0.0830635377	0.0755087195	0.0872752019	0.00740523141	0	0	0	0	0	3
990	332	0	0.38671875	0.0746472939	0.083021245	0.0746472939	0.0872752019	0.00740523141	0	0	0	0	0	3
995	333	0	0.388671875	0.0736910815	0.0829745942	0.0736910815	0.0872752019	0.00740523141	0	0	0	0	0	3
1000	333	0	0.390625	0.0726403989	0.0829231803	0.0726403989	0.0872752019	0.00740523141	0	0	0	0	0	3
1005	335	0	0.392578125	0.0719670735	0.0828689421	0.0719670735	0.0872752019	0.00740523141	0	0	0	0	0	3
1010	336	0	0.39453125	0.0708011947	0.0828094951	0.0708011947	0.0872752019	0.00740523141	0	0	0	0	0	3
1015	337	0	0.396484375	0.0696142794	0.0827448126	0.0696142794	0.0872752019	0.00740523141	0	0	0	0	0	3
1020	338	0	0.3984375	0.0684200179	0.0826749356	0.0684200179	0.0872752019	0.00740523141	0	0	0	0	0	3
1025	339	0	0.400390625	0.0672300879	0.0825999606	0.0672300879	0.0872752019	0.00740523141	0	0	0	0	0	3
1030	339	0	0.40234375	0.0660526588	0.0825200219	0.0660526588	0.0872752019	0.00740523141	0	0	0	0	0	3
1035	340	0	0.404296875	0.0648940219	0.0824352816	0.0648940219	0.0872752019	0.00740523141	0	0	0	0	0	3
1040	341	0	0.40625	0.0637601093	0.0823459267	0.0637601093	0.0872752019	0.00740523141	0	0	0	0	0	3
1045	342	0	0.408203125	0.0626557743	0.082252164	0.0626557743	0.0872752019	0.00740523141	0	0	0	0	0	3
1050	343	0	0.41015625	0.0615852066	0.0821542164	0.0615852066	0.0872752019	0.00740523141	0	0	0	0	0	3
1055	343	0	0.412109375	0.0605518162	0.0820523183	0.0605518162	0.0872752019	0.00740523141	0	0	0	0	0	3
1060	344	0	0.4140625	0.0595573642	0.0819467081	0.0595573642	0.0872752019	0.00740523141	0	0	0	0	0	3
1065	345	0	0.416015625	0.0586015767	0.0818376187	0.0586015767	0.0872752019	0.00740523141	0	0	0	0	0	3
1070	346	0	0.41796875	0.0576826424	0.08172527	0.0576826424	0.0872752019	0.00740523141	0	0	0	0	0	3
1075	347	0	0.419921875	0.0567975246	0.0816098638	0.0567975246	0.0872752019	0.00740523141	0	0	0	0	0	3
1080	347	0	0.421875	0.0559420748	0.081491579	0.0559420748	0.0872752019	0.00740523141	0	0	0	0	0	3
1085	348	0	0.423828125	0.0551104758	0.0813705648	0.0551104758	0.0872752019	0.00740523141	0	0	0	0	0	3
1090	349	0	0.42578125	0.0542963827	0.0812469384	0.0542963827	0.0872752019	0.00740523141	0	0	0	0	0	3
1095	350	0	0.427734375	0.0534948989	0.0811207928	0.0534948989	0.0872752019	0.00740523141	0	0	0	0	0	3
1100	351	0	0.4296875	0.0527041369	0.0809922106	0.0527041369	0.0872752019	0.00740523141	0	0	0	0	0	3
1105	352	0	0.431640625	0.0519249527	0.080861277	0.0519249527	0.0872752019	0.00740523141	0	0	0	0	0	3
1110	353	0	0.43359375	0.0511598344	0.0807280867	0.0511598344	0.0872752019	0.00740523141	0	0	0	0	0	3
1115	354	0	0.435546875	0.0504116779	0.0805927456	0.0504116779	0.0872752019	0.00740523141	0	0	0	0	0	3
1120	355	0	0.4375	0.0496829361	0.0804553687	0.0496829361	0.0872752019	0.00740523141	0	0	0	0	0	3
1125	356	0	0.439453125	0.0489749059	0.0803160746	0.0489749059	0.0872752019	0.00740523141	0	0	0	0	0	3
1130	356	0	0.44140625	0.0482878977	0.0801749813	0.0482878977	0.0872752019	0.00740523141	0	0	0	0	0	3
1135	357	0	0.443359375	0.0476218085	0.0800322042	0.0476218085	0.0872752019	0.00740523141	0	0	0	0	0	3
1140	358	0	0.4453125	0.0469768151	0.0798878575	0.0469768151	0.0872752019	0.00740523141	0	0	0	0	0	3
1145	359	0	0.447265625	0.0463538968	0.0797420577	0.0463538968	0.0872752019	0.00740523141	0	0	0	0	0	3
1150	360	0	0.44921875	0.0457551796	0.0795949284	0.0457551796	0.0872752019	0.00740523141	0	0	0	0	0	3
1155	361	0	0.451171875	0.0451839475	0.0794466052	0.0451839475	0.0872752019	0.00740523141	0	0	0	0	0	3
1160	361	0	0.453125	0.044644674	0.0792972407	0.044644674	0.0872752019	0.00740523141	0	0	0	0	0	3
1165	362	0	0.455078125	0.0441427177	0.0791470077	0.0441427177	0.0872752019	0.00740523141	0	0	0	0	0	3
1170	363	0	0.45703125	0.0369956712	0.0789676403	0.0369956712	0.0872752019	0.00740523141	0	0	0	0	0	3
1175	364	0	0.458984375	0.036527692	0.07878781	0.036527692	0.0872752019	0.00740523141	0	0	0	0	0	3
1180	365	0	0.4609375	0.0361134649	0.0786077495	0.0361134649	0.0872752019	0.00740523141	0	0	0	0	0	3
1185	366	0	0.462890625	0.0358279513	0.0784280024	0.0358279513	0.0872752019	0.00740523141	0	0	0	0	0	3
1190	366	0	0.46484375	0.0355145047	0.078248448	0.0355145047	0.0872752019	0.00740523141	0	0	0	0	0	3
1195	367	0	0.466796875	0.0351820526	0.0780690047	0.0351820526	0.0872752019	0.00740523141	0	0	0	0	0	3
1200	368	0	0.46875	0.034930618	0.0778900072	0.034930618	0.0872752019	0.00740523141	0	0	0	0	0	3
1205	370	0	0.470703125	0.0347599606	0.0777117839	0.0347599606	0.0872752019	0.00740523141	0	0	0	0	0	3
1210	371	0	0.47265625	0.0346258105	0.0775344754	0.0346258105	0.0872752019	0.00740523141	0	0	0	0	0	3
1215	372	0	0.474609375	0.034511436	0.0773581514	0.034511436	0.0872752019	0.00740523141	0	0	0	0	0	3
1220	373	0	0.4765625	0.0344049155	0.0771828321	0.0344049155	0.0872752019	0.00740523141	0	0	0	0	0	3
1225	374	0	0.478515625	0.0342929418	0.077008483	0.0342929418	0.0872752019	0.00740523141	0	0	0	0	0	3
1230	374	0	0.48046875	0.0341529325	0.0768349787	0.0341529325	0.0872752019	0.00740523141	0	0	0	0	0	3
1235	375	0	0.482421875	0.0339654345	0.0766621177	0.0339654345	0.0872752019	0.00740523141	0	0	0	0	0	3
1240	376	0	0.484375	0.0337142074	0.0764896361	0.0337142074	0.0872752019	0.00740523141	0	0	0	0	0	3
1245	377	0	0.486328125	0.0333894253	0.0763172352	0.0333894253	0.0872752019	0.00740523141	0	0	0	0	0	3
1250	378	0	0.48828125	0.0329731919	0.0761445498	0.0329731919	0.0872752019	0.00740523141	0	0	0	0	0	3
1255	379	0	0.490234375	0.0324597819	0.0759711976	0.0324597819	0.0872752019	0.00740523141	0	0	0	0	0	3
1260	380	0	0.4921875	0.031861727	0.0757968518	0.031861727	0.0872752019	0.00752322725	0	0	0	0	0	3
1265	380	0	0.494140625	0.0312039819	0.0756212893	0.0312039819	0.0872752019	0.00769878973	0	0	0	0	0	3
1270	381	0	0.49609375	0.0305153895	0.0754444035	0.0305153895	0.0872752019	0.00787567561	0	0	0	0	0	3
1275	382	0	0.498046875	0.0298236113	0.0752661972	0.0298236113	0.0872752019	0.00805388183	0	0	0	0	0	3
1280	383	0	0.5	0.0291534657	0.0750867703	0.0291534657	0.0872752019	0.0082333088	0	0	0	0	0	3
1285	384	0	0.501953125	0.0285245524	0.0748979751	0.0285245524	0.0872752019	0.00842210393	0	0	0	0	0	3
1290	385	0	0.50390625	0.0279468516	0.0747103687	0.0279468516	0.0872752019	0.00860971041	0	0	0	0	0	3
1295	385	0	0.505859375	0.0274272795	0.0745207154	0.0274272795	0.0872752019	0.00879936364	0	0	0	0	0	3
1300	386	0	0.5078125	0.0269668104	0.0743292798	0.0269668104	0.0872752019	0.00899079932	0	0	0	0	0	3
1305	388	0	0.509765625	0.0265620055	0.074136264	0.0265620055	0.0872752019	0.00918381506	0	0	0	0	0	3
1310	389	0	0.51171875	0.0262077886	0.0739418645	0.0262077886	0.0872752019	0.00937821456	0	0	0	0	0	3
1315	390	0	0.513671875	0.0258981176	0.0737462549	0.0258981176	0.0872752019	0.00957382417	0	0	0	0	0	3
1320	391	0	0.515625	0.025626051	0.0735495819	0.025626051	0.0872752019	0.00977049721	0	0	0	0	0	3
1325	392	0	0.517578125	0.0253839594	0.0733519628	0.0253839594	0.0872752019	0.00996811625	0	0	0	0	0	3
1330	392	0	0.51953125	0.025164333	0.0731534856	0.025164333	0.0872752019	0.0101665935	0	0	0	0	0	3
1335	393	0	0.521484375	0.0249601181	0.0729542105	0.0249601181	0.0872752019	0.0103658686	0	0	0	0	0	3
1340	394	0	0.5234375	0.0136509191	0.0727107586	0.0136509191	0.0872752019	0.0106093205	0	0	0	0	0	3
1345	395	0	0.525390625	0.0133955688	0.0724663091	0.0133955688	0.0872752019	0.01085377	0	0	0	0	0	3
1350	396	0	0.52734375	0.0131885962	0.0722210509	0.0131885962	0.0872752019	0.0110990282	0	0	0	0	0	3
1355	397	0	0.529296875	0.0129931731	0.0719750293	0.0129931731	0.0872752019	0.0113450498	0	0	0	0	0	3
1360	397	0	0.53125	0.0127960904	0.0717282376	0.0127960904	0.0872752019	0.0115918415	0	0	0	0	0	3
1365	398	0	0.533203125	0.0125908775	0.0714806444	0.0125908775	0.0872752019	0.0118394346	0	0	0	0	0	3
1370	399	0	0.53515625	0.0123930936	0.0712322785	0.0123930936	0.0872752019	0.0120878005	0	0	0	0	0	3
1375	400	0	0.537109375	0.0122434513	0.0709833279	0.0122434513	0.0872752019	0.0123367512	0	0	0	0	0	3
1380	401	0	0.5390625	0.0120946638	0.0707337959	0.0120946638	0.0872752019	0.0125862832	0	0	0	0	0	3
1385	402	0	0.541015625	0.0119041103	0.0704835435	0.0119041103	0.0872752019	0.0128365356	0	0	0	0	0	3
1390	402	0	0.54296875	0.0116628658	0.070232392	0.0116628658	0.0872752019	0.013087687	0	0	0	0	0	3
1395	403	0	0.544921875	0.0113796338	0.0699801939	0.0113796338	0.0872752019	0.0133398852	0	0	0	0	0	3
1400	404	0	0.546875	0.011051181	0.0697267757	0.011051181	0.0872752019	0.0135933033	0	0	0	0	0	3
1405	406	0	0.548828125	0.0106669937	0.0694719555	0.0106669937	0.0872752019	0.0138481236	0	0	0	0	0	3
1410	407	0	0.55078125	0.0102264005	0.0692155225	0.0102264005	0.0872752019	0.0141045566	0	0	0	0	0	3
1415	408	0	0.552734375	0.00974021956	0.0689572938	0.00974021956	0.0872752019	0.0143627853	0	0	0	0	0	3
1420	409	0	0.5546875	0.00922706911	0.0686971849	0.00922706911	0.0872752019	0.0146228941	0	0	0	0	0	3
1425	410	0	0.556640625	0.0086965998	0.0684351497	0.0086965998	0.0872752019	0.0148849294	0	0	0	0	0	3
1430	410	0	0.55859375	0.0081541124	0.0681711377	0.0081541124	0.0872752019	0.0151489414	0	0	0	0	0	3
1435	411	0	0.560546875	0.00760633945	0.0679051792	0.00760633945	0.0872752019	0.0154148999	0	0	0	0	0	3
1440	412	0	0.5625	0.00705840002	0.067637314	0.00705840002	0.0872752019	0.0156827651	0	0	0	0	0	3
1445	413	0	0.564453125	0.00651571754	0.0673675745	0.00651571754	0.0872752019	0.0159525045	0	0	0	0	0	3
1450	414	0	0.56640625	0.00598691323	0.0670631877	0.00598691323	0.0872752019	0.0162568914	0	0	0	0	0	3
1455	415	0	0.568359375	0.00548231301	0.0667568881	0.00548231301	0.0872752019	0.016563191	0	0	0	0	0	3
1460	416	0	0.5703125	0.00501173996	0.0664488316	0.00501173996	0.0872752019	0.0168712475	0	0	0	0	0	3
1465	416	0	0.572265625	0.00457996478	0.0661391686	0.00457996478	0.0872752019	0.0171809105	0	0	0	0	0	3
1470	417	0	0.57421875	0.00418933767	0.0658280299	0.00418933767	0.0872752019	0.0174920492	0	0	0	0	0	3
1475	418	0	0.576171875	0.00384586529	0.0655155938	0.00384586529	0.0872752019	0.0178044852	0	0	0	0	0	3
1480	419	0	0.578125	0.00356070955	0.0652020809	0.00356070955	0.0872752019	0.0181179982	0	0	0	0	0	3
1485	420	0	0.580078125	0.00334799671	0.0648877905	0.00334799671	0.0872752019	0.0184322886	0	0	0	0	0	3
1490	421	0	0.58203125	0.00322136854	0.0645730864	0.00322136854	0.0872752019	0.0187469927	0	0	0	0	0	3
1495	422	0	0.583984375	0.00318305157	0.0642583237	0.00318305157	0.0872752019	0.0190617553	0	0	0	0	0	3
1500	422	0	0.5859375	0.00322850759	0.0639438765	0.00318305157	0.0872752019	0.0193762026	0	0	0	0	0	3
1505	425	0	0.587890625	-0.0109709358	0.0635741073	-0.0109709358	0.0872752019	0.0197459718	0	0	0	0	0	3
1510	425	0	0.58984375	-0.0145653802	0.0631904415	-0.0145653802	0.0872752019	0.0201296375	0	0	0	0	0	3
1515	426	0	0.591796875	-0.0178592226	0.0627941201	-0.0178592226	0.0872752019	0.020525959	0	0	0	0	0	3
1520	427	0	0.59375	-0.0202568879	0.062388657	-0.0202568879	0.0872752019	0.0209314221	0	0	0	0	0	3
1525	428	0	0.595703125	-0.0215396486	0.0619784105	-0.0215396486	0.0872752019	0.0213416685	0	0	0	0	0	3
1530	429	0	0.59765625	-0.0218532676	0.061567189	-0.0218532676	0.0872752019	0.0217528901	0	0	0	0	0	3
1535	430	0	0.599609375	-0.0214742113	0.0611577166	-0.0218532676	0.0872752019	0.0221623625	0	0	0	0	0	3
1540	431	0	0.6015625	-0.0207754957	0.0607512733	-0.0218532676	0.0872752019	0.0225688058	0	0	0	0	0	3
1545	431	0	0.603515625	-0.0201208833	0.060347694	-0.0218532676	0.0872752019	0.0229723851	0	0	0	0	0	3
1550	432	0	0.60546875	-0.019703301	0.0599461138	-0.0218532676	0.0872752019	0.0233739653	0	0	0	0	0	3
1555	433	0	0.607421875	-0.019623744	0.0595452128	-0.0218532676	0.0872752019	0.0237748663	0	0	0	0	0	3
1560	434	0	0.609375	-0.0199041763	0.0591435925	-0.0218532676	0.0872752019	0.0241764866	0	0	0	0	0	3
1565	435	0	0.611328125	-0.0204670618	0.058740154	-0.0218532676	0.0872752019	0.0245799251	0	0	0	0	0	3
1570	436	0	0.61328125	-0.0212733025	0.0583339566	-0.0218532676	0.0872752019	0.0249861224	0	0	0	0	0	3
1575	437	0	0.615234375	-0.022311314	0.0579241018	-0.022311314	0.0872752019	0.0253959773	0	0	0	0	0	3
1580	437	0	0.6171875	-0.0235419133	0.0575098665	-0.0235419133	0.0872752019	0.0258102126	0	0	0	0	0	3
1585	438	0	0.619140625	-0.024913998	0.0570907099	-0.024913998	0.0872752019	0.0262293691	0	0	0	0	0	3
1590	439	0	0.62109375	-0.0263610461	0.0566663287	-0.0263610461	0.0872752019	0.0266537504	0	0	0	0	0	3
1595	440	0	0.623046875	-0.0278329575	0.0562366299	-0.0278329575	0.0872752019	0.0270834492	0	0	0	0	0	3
1600	441	0	0.625	-0.029297954	0.055801644	-0.029297954	0.0872752019	0.027518435	0	0	0	0	0	3
1605	443	0	0.626953125	-0.0307498008	0.0553614315	-0.0307498008	0.0872752019	0.0279586476	0	0	0	0	0	3
1610	444	0	0.62890625	-0.0321916761	0.0549160316	-0.0321916761	0.0872752019	0.0284040475	0	0	0	0	0	3
1615	445	0	0.630859375	-0.0336327265	0.0544448419	-0.0336327265	0.0872752019	0.0288752372	0	0	0	0	0	3
1620	446	0	0.6328125	-0.0350407077	0.0539683946	-0.0350407077	0.0872752019	0.0293516845	0	0	0	0	0	3
1625	446	0	0.634765625	-0.0363523439	0.0534870035	-0.0363523439	0.0872752019	0.0298330756	0	0	0	0	0	3
1630	447	0	0.63671875	-0.0375286058	0.0530012206	-0.0375286058	0.0872752019	0.0303188585	0	0	0	0	0	3
1635	448	0	0.638671875	-0.0385597454	0.052511672	-0.0385597454	0.0872752019	0.030808407	0	0	0	0	0	3
1640	449	0	0.640625	-0.0394619809	0.0520189174	-0.0394619809	0.0872752019	0.0313011616	0	0	0	0	0	3
1645	450	0	0.642578125	-0.0402530082	0.0515234341	-0.0402530082	0.0872752019	0.031796645	0	0	0	0	0	3
1650	451	0	0.64453125	-0.0409103965	0.05102576	-0.0409103965	0.0872752019	0.0322943191	0	0	0	0	0	3
1655	452	0	0.646484375	-0.0414029083	0.0505265542	-0.0414029083	0.0872752019	0.0327935249	0	0	0	0	0	3
1660	453	0	0.6484375	-0.0417113856	0.0500265566	-0.0417113856	0.0872752019	0.0332935225	0	0	0	0	0	3
1665	453	0	0.650390625	-0.0417930486	0.049526665	-0.0417930486	0.0872752019	0.0337934141	0	0	0	0	0	3
1670	454	0	0.65234375	-0.0415977923	0.0490279517	-0.0417930486	0.0872752019	0.0342921274	0	0	0	0	0	3
1675	455	0	0.654296875	-0.0411940391	0.0485312331	-0.0417930486	0.0872752019	0.0347888459	0	0	0	0	0	3
1680	456	0	0.65625	-0.0404281005	0.0480379329	-0.0417930486	0.0872752019	0.0352821461	0	0	0	0	0	3
1685	457	0	0.658203125	-0.0392791877	0.0475495461	-0.0417930486	0.0872752019	0.035770533	0	0	0	0	0	3
1690	458	0	0.66015625	-0.0381898509	0.0470658497	-0.0417930486	0.0872752019	0.0362542294	0	0	0	0	0	3
1695	458	0	0.662109375	-0.0366142809	0.0465887462	-0.0417930486	0.0872752019	0.0367313329	0	0	0	0	0	3
1700	459	0	0.6640625	-0.0352037866	0.0461176051	-0.0417930486	0.0872752019	0.037202474	0	0	0	0	0	3
1705	461	0	0.666015625	-0.0338226882	0.0456523042	-0.0417930486	0.0872752019	0.0376677749	0	0	0	0	0	3
1710	462	0	0.66796875	-0.0323931428	0.0451930358	-0.0417930486	0.0872752019	0.0381270433	0	0	0	0	0	3
1715	463	0	0.669921875	-0.031469514	0.0447378306	-0.0417930486	0.0872752019	0.0385822485	0	0	0	0	0	3
1720	464	0	0.671875	-0.0303128995	0.0442875883	-0.0417930486	0.0872752019	0.0390324908	0	0	0	0	0	3
1725	465	0	0.673828125	-0.0292286037	0.0438420239	-0.0417930486	0.0872752019	0.0394780552	0	0	0	0	0	3
1730	466	0	0.67578125	-0.028644877	0.0433991853	-0.0417930486	0.0872752019	0.0399208938	0	0	0	0	0	3
1735	466	0	0.677734375	-0.0280637299	0.0429590668	-0.0417930486	0.0872752019	0.0403610123	0	0	0	0	0	3
1740	467	0	0.6796875	-0.0274544236	0.042521788	-0.0417930486	0.0872752019	0.0407982911	0	0	0	0	0	3
1745	468	0	0.681640625	-0.0273705722	0.0420852882	-0.0417930486	0.0872752019	0.0412347909	0	0	0	0	0	3
1750	469	0	0.68359375	-0.026759919	0.0416516243	-0.0417930486	0.0872752019	0.0416684548	0	0	0	0	0	3
1755	470	0	0.685546875	-0.0265634129	0.0412191684	-0.0417930486	0.0872752019	0.0421009107	0	0	0	0	0	3
1760	471	0	0.6875	-0.026316827	0.040788111	-0.0417930486	0.0872752019	0.0425319681	0	0	0	0	0	3
1765	472	0	0.689453125	-0.0260807859	0.0403584171	-0.0417930486	0.0872752019	0.0429616619	0	0	0	0	0	3
1770	472	0	0.69140625	-0.0257445283	0.0399304761	-0.0417930486	0.0872752019	0.043389603	0	0	0	0	0	3
1775	473	0	0.693359375	-0.0257058544	0.039503124	-0.0417930486	0.0872752019	0.0438169551	0	0	0	0	0	3
1780	474	0	0.6953125	-0.0256190227	0.0390765476	-0.0417930486	0.0872752019	0.0442435314	0	0	0	0	0	3
1785	475	0	0.697265625	-0.02545261	0.0386362046	-0.0417930486	0.0871935787	0.0446838744	0	0	0	0	0	3
1790	476	0	0.69921875	-0.0252236673	0.0381970748	-0.0417930486	0.0871171687	0.0451230043	0	0	0	0	0	3
1795	477	0	0.701171875	-0.0246947953	0.0377603093	-0.0417930486	0.0870350714	0.0455597698	0	0	0	0	0	3
1800	478	0	0.703125	-0.0244406313	0.0373248573	-0.0417930486	0.0869421511	0.0459952218	0	0	0	0	0	3
1805	479	0	0.705078125	-0.0239309959	0.0368917591	-0.0417930486	0.0868657424	0.04642832	0	0	0	0	0	3
1810	480	0	0.70703125	-0.0236603015	0.0364601095	-0.0417930486	0.0868657424	0.0468599696	0	0	0	0	0	3
1815	481	0	0.708984375	-0.0224313214	0.0360336636	-0.0417930486	0.0868657424	0.0472864155	0	0	0	0	0	3
1820	482	0	0.7109375	-0.021877224	0.0356097887	-0.0417930486	0.0868657424	0.0477102904	0	0	0	0	0	3
1825	483	0	0.712890625	-0.0207981487	0.0351905311	-0.0417930486	0.0868657424	0.048129548	0	0	0	0	0	3
1830	484	0	0.71484375	-0.0196318274	0.0347762259	-0.0417930486	0.0868657424	0.0485438531	0	0	0	0	0	3
1835	485	0	0.716796875	-0.0183424282	0.0343673664	-0.0417930486	0.0868657424	0.0489527127	0	0	0	0	0	3
1840	485	0	0.71875	-0.016477375	0.0339662018	-0.0417930486	0.0868657424	0.0493538773	0	0	0	0	0	3
1845	486	0	0.720703125	-0.015065718	0.0335709638	-0.0417930486	0.0868657424	0.0497491152	0	0	0	0	0	3
1850	487	0	0.72265625	-0.0137731561	0.0331811881	-0.0417930486	0.0868657424	0.050138891	0	0	0	0	0	3
1855	488	0	0.724609375	-0.0121709657	0.0327980851	-0.0417930486	0.0868657424	0.0505219939	0	0	0	0	0	3
1860	489	0	0.7265625	-0.0107762764	0.0324208429	-0.0417930486	0.0868657424	0.0508992361	0	0	0	0	0	3
1865	490	0	0.728515625	-0.00908438225	0.0320506161	-0.0417930486	0.0868657424	0.051269463	0	0	0	0	0	3
1870	491	0	0.73046875	-0.00818113899	0.0316843238	-0.0417930486	0.0868657424	0.0516357553	0	0	0	0	0	3
1875	491	0	0.732421875	-0.00685380315	0.0313236216	-0.0417930486	0.0868657424	0.0519964575	0	0	0	0	0	3
1880	492	0	0.734375	-0.00582426018	0.0309673413	-0.0417930486	0.0868657424	0.0523527378	0	0	0	0	0	3
1885	493	0	0.736328125	-0.00482074344	0.0306153748	-0.0417930486	0.0868657424	0.0527047043	0	0	0	0	0	3
1890	494	0	0.73828125	-0.00381516736	0.0302677283	-0.0417930486	0.0868657424	0.0530523508	0	0	0	0	0	3
1895	495	0	0.740234375	-0.0033436635	0.0299223206	-0.0417930486	0.0868657424	0.0533977585	0	0	0	0	0	3
1900	496	0	0.7421875	-0.00277418627	0.0295795311	-0.0417930486	0.0868657424	0.0537405479	0	0	0	0	0	3
1905	498	0	0.744140625	-0.00155420227	0.0292418953	-0.0417930486	0.0868657424	0.0540781838	0	0	0	0	0	3
1910	498	0	0.74609375	-0.00154014491	0.0289046943	-0.0417930486	0.0868657424	0.0544153848	0	0	0	0	0	3
1915	499	0	0.748046875	-0.00092800502	0.0285702617	-0.0417930486	0.0868657424	0.0547498173	0	0	0	0	0	3
1920	500	0	0.75	-0.000401877132	0.0282382561	-0.0417930486	0.0868657424	0.0550818229	0	0	0	0	0	3
1925	501	0	0.751953125	-0.000657176851	0.0279056174	-0.0417930486	0.0868657424	0.0554144616	0	0	0	0	0	3
1930	502	0	0.75390625	-0.000699176952	0.0275731863	-0.0417930486	0.0868657424	0.0557468928	0	0	0	0	0	3
1935	503	0	0.755859375	-0.000242297957	0.0272429085	-0.0417930486	0.0868657424	0.0560771706	0	0	0	0	0	3
1940	504	0	0.7578125	-0.000109222834	0.0269135159	-0.0417930486	0.0868657424	0.0564065632	0	0	0	0	0	3
1945	505	0	0.759765625	-0.000194592352	0.0265841479	-0.0417930486	0.0868657424	0.0567359311	0	0	0	0	0	3
1950	505	0	0.76171875	-0.00065352629	0.0262422758	-0.0417930486	0.0867774243	0.0570778033	0	0	0	0	0	3
1955	506	0	0.763671875	0.000164675532	0.0259039447	-0.0417930486	0.0867027986	0.0574161343	0	0	0	0	0	3
1960	507	0	0.765625	2.11354346e-05	0.0255653445	-0.0417930486	0.0866264832	0.0577547346	0	0	0	0	0	3
1965	508	0	0.767578125	-0.000131799603	0.025226445	-0.0417930486	0.0865470345	0.0580936341	0	0	0	0	0	3
1970	509	0	0.76953125	-3.22038405e-05	0.0248882448	-0.0417930486	0.086462113	0.0584318343	0	0	0	0	0	3
1975	510	0	0.771484375	0.000551493149	0.0245526564	-0.0417930486	0.0864123623	0.0587674226	0	0	0	0	0	3
1980	511	0	0.7734375	0.00117956761	0.0242198633	-0.0417930486	0.0864123623	0.0591002157	0	0	0	0	0	3
1985	512	0	0.775390625	0.00180125754	0.0238898397	-0.0417930486	0.0864123623	0.0594302394	0	0	0	0	0	3
1990	513	0	0.77734375	0.00239451106	0.0235624836	-0.0417930486	0.0864123623	0.0597575954	0	0	0	0	0	3
1995	513	0	0.779296875	0.00295069148	0.0232376548	-0.0417930486	0.0864123623	0.0600824242	0	0	0	0	0	3
2000	514	0	0.78125	0.00346536435	0.0229151923	-0.0417930486	0.0864123623	0.0604048868	0	0	0	0	0	3
2005	516	0	0.783203125	0.0122560599	0.0226274213	-0.0417930486	0.0864123623	0.0606926577	0	0	0	0	0	3
2010	517	0	0.78515625	0.0127009656	0.022341742	-0.0417930486	0.0864123623	0.0609783371	0	0	0	0	0	3
2015	518	0	0.787109375	0.0130640171	0.0220578346	-0.0417930486	0.0864123623	0.0612622444	0	0	0	0	0	3
2020	519	0	0.7890625	0.0133735926	0.0217754898	-0.0417930486	0.0864123623	0.0615445893	0	0	0	0	0	3
2025	520	0	0.791015625	0.0136180392	0.0214944558	-0.0417930486	0.0864123623	0.0618256233	0	0	0	0	0	3
2030	521	0	0.79296875	0.013796098	0.0212144723	-0.0417930486	0.0864123623	0.0621056067	0	0	0	0	0	3
2035	521	0	0.794921875	0.0138808361	0.0209351736	-0.0417930486	0.0864123623	0.0623849055	0	0	0	0	0	3
2040	522	0	0.796875	0.0138656326	0.0206561703	-0.0417930486	0.0864123623	0.0626639088	0	0	0	0	0	3
2045	523	0	0.798828125	0.0137679654	0.020377132	-0.0417930486	0.0864123623	0.062942947	0	0	0	0	0	3
2050	524	0	0.80078125	0.0136540635	0.020097987	-0.0417930486	0.0864123623	0.0632220921	0	0	0	0	0	3
2055	525	0	0.802734375	0.013559257	0.0198188021	-0.0417930486	0.0864123623	0.0635012769	0	0	0	0	0	3
2060	526	0	0.8046875	0.013481476	0.0195396395	-0.0417930486	0.0864123623	0.0637804396	0	0	0	0	0	3
2065	527	0	0.806640625	0.0134169548	0.0192605329	-0.0417930486	0.0864123623	0.0640595462	0	0	0	0	0	3
2070	528	0	0.80859375	0.0133714832	0.0189815426	-0.0417930486	0.0864123623	0.0643385364	0	0	0	0	0	3
2075	529	0	0.810546875	0.0133571873	0.0187027823	-0.0417930486	0.0864123623	0.0646172968	0	0	0	0	0	3
2080	529	0	0.8125	0.0133859667	0.0184244148	-0.0417930486	0.0864123623	0.0648956643	0	0	0	0	0	3
2085	530	0	0.814453125	0.0134565407	0.0181465918	-0.0417930486	0.0864123623	0.0651734873	0	0	0	0	0	3
2090	531	0	0.81640625	0.0135648351	0.0178694482	-0.0417930486	0.0864123623	0.0654506309	0	0	0	0	0	3
2095	532	0	0.818359375	0.0137095252	0.0175931066	-0.0417930486	0.0864123623	0.0657269725	0	0	0	0	0	3
2100	533	0	0.8203125	0.0138913195	0.0173176904	-0.0417930486	0.0864123623	0.0660023887	0	0	0	0	0	3
2105	535	0	0.822265625	0.014112495	0.0170433369	-0.0417930486	0.0864123623	0.0662767421	0	0	0	0	0	3
2110	536	0	0.82421875	0.0143702156	0.0167701766	-0.0417930486	0.0864123623	0.0665499025	0	0	0	0	0	3
2115	537	0	0.826171875	0.014666704	0.0164983593	-0.0417930486	0.0864123623	0.0668217198	0	0	0	0	0	3
2120	537	0	0.828125	0.0150043982	0.0162194219	-0.0417930486	0.0863642032	0.0671006571	0	0	0	0	0	3
2125	538	0	0.830078125	0.0153852427	0.0159421604	-0.0417930486	0.0863012661	0.0673779187	0	0	0	0	0	3
2130	539	0	0.83203125	0.0158080931	0.0156667964	-0.0417930486	0.0862186867	0.0676532827	0	0	0	0	0	3
2135	540	0	0.833984375	0.0162699093	0.015393559	-0.0417930486	0.0861153315	0.0679265201	0	0	0	0	0	3
2140	541	0	0.8359375	0.0167684513	0.0151226728	-0.0417930486	0.0859904882	0.0681974063	0	0	0	0	0	3
2145	542	0	0.837890625	0.0172936733	0.0148543258	-0.0417930486	0.0858423954	0.0684657532	0	0	0	0	0	3
2150	543	0	0.83984375	0.0178228766	0.0145886246	-0.0417930486	0.0856724276	0.0687314545	0	0	0	0	0	3
2155	544	0	0.841796875	0.018330873	0.0143255716	-0.0417930486	0.0854820233	0.0689945074	0	0	0	0	0	3
2160	545	0	0.84375	0.0187972117	0.0140650841	-0.0417930486	0.0852718937	0.069254995	0	0	0	0	0	3
2165	546	0	0.845703125	0.0192038624	0.0138070058	-0.0417930486	0.0850415607	0.0695130732	0	0	0	0	0	3
2170	547	0	0.84765625	0.019533212	0.0135511139	-0.0417930486	0.0847906876	0.0697689652	0	0	0	0	0	3
2175	548	0	0.849609375	0.0268386651	0.0133247388	-0.0417930486	0.0845182817	0.0699953403	0	0	0	0	0	3
2180	548	0	0.8515625	0.0270634625	0.0131003059	-0.0417930486	0.0842207701	0.0702197732	0	0	0	0	0	3
2185	549	0	0.853515625	0.0271449351	0.0128773534	-0.0417930486	0.0838925318	0.0704427257	0	0	0	0	0	3
2190	550	0	0.85546875	0.0271439266	0.0126556792	-0.0417930486	0.0835299126	0.0706643999	0	0	0	0	0	3
2195	551	0	0.857421875	0.0270941971	0.0124352271	-0.0417930486	0.0831337786	0.0708838449	0	0	0	0	0	3
2200	552	0	0.859375	0.0269691113	0.0122158339	-0.0417930486	0.0827079192	0.0710999524	0	0	0	0	0	3
2205	554	0	0.861328125	0.0267610781	0.0119972916	-0.0417930486	0.0822548501	0.0713128213	0	0	0	0	0	3
2210	555	0	0.86328125	0.0264948986	0.0117794793	-0.0417930486	0.0817766367	0.0715224768	0	0	0	0	0	3
2215	556	0	0.865234375	0.0262246293	0.0115624792	-0.0417930486	0.0812741028	0.0717287474	0	0	0	0	0	3
2220	556	0	0.8671875	0.0259750832	0.0113464674	-0.0417930486	0.0807477079	0.0719313723	0	0	0	0	0	3
2225	557	0	0.869140625	0.0257663442	0.0111316965	-0.0417930486	0.0801969786	0.0721300131	0	0	0	0	0	3
2230	558	0	0.87109375	0.0256160781	0.0109184898	-0.0417930486	0.0796210807	0.0723242581	0	0	0	0	0	3
2235	559	0	0.873046875	0.0255390325	0.0107072318	-0.0417930486	0.0790185987	0.0725136293	0	0	0	0	0	3
2240	560	0	0.875	0.0255403145	0.0104983323	-0.0417930486	0.0783880607	0.0726976175	0	0	0	0	0	3
2245	561	0	0.876953125	0.0256091218	0.0102921646	-0.0417930486	0.0777273893	0.0728757414	0	0	0	0	0	3
2250	562	0	0.87890625	0.025729938	0.0100890495	-0.0417930486	0.077032754	0.0730475546	0	0	0	0	0	3
2255	563	0	0.880859375	0.0258903397	0.00988927446	-0.0417930486	0.0762973294	0.0732126125	0	0	0	0	0	3
2260	564	0	0.8828125	0.0260860704	0.00969313673	-0.0417930486	0.0755087195	0.0733704009	0	0	0	0	0	3
2265	564	0	0.884765625	0.0263173101	0.00950098278	-0.0417930486	0.0746472939	0.0735202622	0	0	0	0	0	3
2270	565	0	0.88671875	0.0265884054	0.00931325275	-0.0417930486	0.0736910815	0.0736613414	0	0	0	0	0	3
2275	566	0	0.888671875	0.0269000284	0.0091304752	-0.0417930486	0.0726403989	0.073792705	0	0	0	0	0	3
2280	567	0	0.890625	0.0272510293	0.00895317298	-0.0417930486	0.0719670735	0.0739157691	0	0	0	0	0	3
2285	568	0	0.892578125	0.0276437212	0.00878003488	-0.0417930486	0.0708011947	0.0740294602	0	0	0	0	0	3
2290	569	0	0.89453125	0.0280757808	0.00861313873	-0.0417930486	0.0696142794	0.0741316739	0	0	0	0	0	3
2295	570	0	0.896484375	0.0285380679	0.00845268478	-0.0417930486	0.0684200179	0.0742222508	0	0	0	0	0	3
2300	571	0	0.8984375	0.0290179028	0.00829877027	-0.0417930486	0.0672300879	0.0743011903	0	0	0	0	0	3
2305	573	0	0.900390625	0.029501342	0.00815139236	-0.0417930486	0.0660526588	0.0743686296	0	0	0	0	0	3
2310	574	0	0.90234375	0.029972971	0.00801045608	-0.0417930486	0.0648940219	0.0744248255	0	0	0	0	0	3
2315	575	0	0.904296875	0.0304172779	0.00787578129	-0.0417930486	0.0637601093	0.0744701454	0	0	0	0	0	3
2320	575	0	0.90625	0.0308184663	0.007747103	-0.0417930486	0.0626557743	0.074505061	0	0	0	0	0	3
2325	576	0	0.908203125	0.0311559534	0.00762405683	-0.0417930486	0.0615852066	0.0745301595	0	0	0	0	0	3
2330	577	0	0.91015625	0.0314095564	0.00750618319	-0.0417930486	0.0605518162	0.0745461351	0	0	0	0	0	3
2335	578	0	0.912109375	0.0315712007	0.00739297766	-0.0417930486	0.0595573642	0.0745537305	0	0	0	0	0	3
2340	579	0	0.9140625	0.0368957556	0.00730445575	-0.0417930486	0.0586015767	0.074533163	0	0	0	0	0	3
2345	580	0	0.916015625	0.0369531202	0.00721989147	-0.0417930486	0.0576826424	0.0745053785	0	0	0	0	0	3
2350	581	0	0.91796875	0.0369244675	0.00713880485	-0.0417930486	0.0567975246	0.0744710589	0	0	0	0	0	3
2355	582	0	0.919921875	0.0367733019	0.00706058523	-0.0417930486	0.0559420748	0.0744309938	0	0	0	0	0	3
2360	582	0	0.921875	0.0365354605	0.00698477814	-0.0417930486	0.0551104758	0.0743857867	0	0	0	0	0	3
2365	583	0	0.923828125	0.0362024111	0.00691091852	-0.0417930486	0.0542963827	0.0743360199	0	0	0	0	0	3
2370	584	0	0.92578125	0.0357651979	0.00683853107	-0.0417930486	0.0534948989	0.0742822617	0	0	0	0	0	3
2375	585	0	0.927734375	0.0352782455	0.00676737227	-0.0417930486	0.0527041369	0.0742248384	0	0	0	0	0	3
2380	586	0	0.9296875	0.0347805128	0.00669735812	-0.0417930486	0.0519249527	0.0741639189	0	0	0	0	0	3
2385	587	0	0.931640625	0.0343112502	0.00662855459	-0.0417930486	0.0511598344	0.0740995321	0	0	0	0	0	3
2390	588	0	0.93359375	0.0339012812	0.00656113837	-0.0417930486	0.0504116779	0.0740316072	0	0	0	0	0	3
2395	589	0	0.935546875	0.0335714594	0.00649535626	-0.0417930486	0.0496829361	0.0739600124	0	0	0	0	0	3
2400	589	0	0.9375	0.0333308322	0.00643148086	-0.0417930486	0.0489749059	0.0738845937	0	0	0	0	0	3
2405	591	0	0.939453125	0.0331785065	0.00636977617	-0.0417930486	0.0482878977	0.0738052051	0	0	0	0	0	3
2410	592	0	0.94140625	0.0331061383	0.00631047242	-0.0417930486	0.0476218085	0.0737217318	0	0	0	0	0	3
2415	593	0	0.943359375	0.0331012985	0.00625375168	-0.0417930486	0.0469768151	0.0736341059	0	0	0	0	0	3
2420	594	0	0.9453125	0.0331538804	0.00619975584	-0.0417930486	0.0463538968	0.0735423019	0	0	0	0	0	3
2425	595	0	0.947265625	0.0332580548	0.00614860021	-0.0417930486	0.0457551796	0.0734463282	0	0	0	0	0	3
2430	596	0	0.94921875	0.0334097336	0.00610037581	-0.0417930486	0.0451839475	0.0733462294	0	0	0	0	0	3
2435	597	0	0.951171875	0.0336045234	0.00605514369	-0.0417930486	0.044644674	0.073242097	0	0	0	0	0	3
2440	597	0	0.953125	0.0338325343	0.00601290877	-0.0417930486	0.0441427177	0.0731340989	0	0	0	0	0	3
2445	598	0	0.955078125	0.0340698978	0.00597356181	-0.0417930486	0.0369956712	0.0729940785	0	0	0	0	0	3
2450	599	0	0.95703125	0.0343053493	0.00596305274	-0.0417930486	0.0369531202	0.0728247572	0	0	0	0	0	3
2455	600	0	0.958984375	0.0345337516	0.00595526391	-0.0417930486	0.0369531202	0.0726524855	0	0	0	0	0	3
2460	601	0	0.9609375	0.0347525376	0.00594994779	-0.0417930486	0.0369531202	0.0724780546	0	0	0	0	0	3
2465	602	0	0.962890625	0.0349603671	0.00594655879	-0.0417930486	0.0369531202	0.0723018892	0	0	0	0	0	3
2470	603	0	0.96484375	0.0351559553	0.00594515821	-0.0417930486	0.0369531202	0.0721238465	0	0	0	0	0	3
2475	604	0	0.966796875	0.0353370107	0.00594576351	-0.0417930486	0.0369531202	0.071944849	0	0	0	0	0	3
2480	605	0	0.96875	0.0354979798	0.00594797977	-0.0417930486	0.0369531202	0.0717666257	0	0	0	0	0	3
2485	605	0	0.970703125	0.0356297182	0.00595137726	-0.0417930486	0.0369531202	0.0715893172	0	0	0	0	0	3
2490	606	0	0.97265625	0.035718198	0.0059556444	-0.0417930486	0.0369531202	0.0714129932	0	0	0	0	0	3
2495	607	0	0.974609375	0.0357535534	0.00596049642	-0.0417930486	0.0369531202	0.0712376739	0	0	0	0	0	3
2500	608	0	0.9765625	0.0357400817	0.00596571191	-0.0417930486	0.0369531202	0.0710633248	0	0	0	0	0	3
2505	610	0	0.978515625	0.035684573	0.00597114797	-0.0417930486	0.0369531202	0.0708898205	0	0	0	0	0	3
2510	611	0	0.98046875	0.038389252	0.0059876961	-0.0417930486	0.038389252	0.0707169594	0	0	0	0	0	3
2515	612	0	0.982421875	0.0382895193	0.00600458705	-0.0417930486	0.038389252	0.0705444779	0	0	0	0	0	3
2520	613	0	0.984375	0.0380860994	0.00602166475	-0.0417930486	0.038389252	0.070372077	0	0	0	0	0	3
2525	614	0	0.986328125	0.0377958653	0.00603887741	-0.0417930486	0.038389252	0.0701993916	0	0	0	0	0	3
2530	615	0	0.98828125	0.0374260476	0.00605627138	-0.0417930486	0.038389252	0.0700260393	0	0	0	0	0	3
2535	615	0	0.990234375	0.0369814015	0.00607393395	-0.0417930486	0.038389252	0.0698516936	0	0	0	0	0	3
2540	616	0	0.9921875	0.0364939272	0.00609202849	-0.0417930486	0.038389252	0.0696761311	0	0	0	0	0	3
2545	617	0	0.994140625	0.0359856595	0.00611070692	-0.0417930486	0.038389252	0.0694992453	0	0	0	0	0	3
2550	618	0	0.99609375	0.0354885454	0.00613013331	-0.0417930486	0.038389252	0.069321039	0	0	0	0	0	3
2555	619	0	0.998046875	0.0350332395	0.00615048342	-0.0417930486	0.038389252	0.0691416121	0	0	0	0	0	3
2560	620	0	1	0.0346396095	0.00617191366	-0.0417930486	0.038389252	0.0689528169	0.0156172668	0	22.6	0	0	3
2565	621	0	1.00195312	0.0343193781	0.0061945497	-0.0417930486	0.038389252	0.0687652105	0.0154364846	0	22.4	0	0	3
2570	622	0	1.00390625	0.0340768215	0.0062184949	-0.0417930486	0.038389252	0.0685755572	0.0152932847	0	22.3	0	0	3
2575	623	0	1.00585938	0.033904875	0.006243798	-0.0417930486	0.038389252	0.0683841216	0.0151837247	0	22.2	0	0	3
2580	623	0	1.0078125	0.0337937083	0.00627046557	-0.0417930486	0.038389252	0.0681911058	0.0151025678	0	22.1	0	0	3
2585	624	0	1.00976562	0.0337289133	0.00629846131	-0.0417930486	0.038389252	0.0679967063	0.0150425556	0	22.1	0	0	3
2590	625	0	1.01171875	0.033698986	0.0063277238	-0.0417930486	0.038389252	0.0678010967	0.0149982751	0	22.1	0	0	3
2595	626	0	1.01367188	0.0336948963	0.00635817996	-0.0417930486	0.038389252	0.0676044237	0.01496564	0	22.1	0	0	3
2600	627	0	1.015625	0.0337088873	0.00638975354	-0.0417930486	0.038389252	0.0674068046	0.0149406223	0	22.1	0	0	3
2605	629	0	1.01757812	0.0337382365	0.00642238744	-0.0417930486	0.038389252	0.0672083274	0.0149212593	0	22.2	0	0	3
2610	630	0	1.01953125	0.0337788046	0.00645603772	-0.0417930486	0.038389252	0.0670090523	0.0149052416	0	22.2	0	0	3
2615	631	0	1.02148438	0.0338207137	0.00649064942	-0.0417930486	0.038389252	0.0667656003	0.0148885005	0	22.2	0	0	3
2620	632	0	1.0234375	0.0338572444	0.00656958038	-0.0417930486	0.038389252	0.0665211509	0.0148696313	0	22.3	0	0	3
2625	633	0	1.02539062	0.0338850051	0.00664961724	-0.0417930486	0.038389252	0.0662758927	0.01484925	0	22.4	0	0	3
2630	634	0	1.02734375	0.0339019602	0.00673052882	-0.0417930486	0.038389252	0.0660298711	0.0148283826	0	22.4	0	0	3
2635	635	0	1.02929688	0.0339060147	0.0068122196	-0.0417930486	0.038389252	0.0657830794	0.0148066076	0	22.5	0	0	3
2640	636	0	1.03125	0.0338958291	0.00689464046	-0.0417930486	0.038389252	0.0655354862	0.014782232	0	22.5	0	0	3
2645	637	0	1.03320312	0.0338700884	0.00697776238	-0.0417930486	0.038389252	0.0652871203	0.0147528432	0	22.5	0	0	3
2650	637	0	1.03515625	0.0338277295	0.00706149142	-0.0417930486	0.038389252	0.0650381697	0.0147164017	0	22.6	0	0	3
2655	638	0	1.03710938	0.0337661354	0.00714556441	-0.0417930486	0.038389252	0.0647886377	0.0146706482	0	22.6	0	0	3
2660	639	0	1.0390625	0.0336826575	0.00722989251	-0.0417930486	0.038389252	0.0645383853	0.0146137702	0	22.6	0	0	3
2665	640	0	1.04101562	0.0335730792	0.00731453692	-0.0417930486	0.038389252	0.0642872338	0.0145438005	0	22.6	0	0	3
2670	641	0	1.04296875	0.0334305172	0.00739956681	-0.0417930486	0.038389252	0.0640350357	0.0144578515	0	22.5	0	0	3
2675	642	0	1.04492188	0.0334287217	0.00748569606	-0.0417930486	0.038389252	0.0637816175	0.0144278847	0	22.6	0	0	3
2680	643	0	1.046875	0.0331960192	0.00757219933	-0.0417930486	0.038389252	0.0635267973	0.0142997492	0	22.5	0	0	3
2685	644	0	1.04882812	0.0329076039	0.00765907671	-0.0417930486	0.038389252	0.0632703643	0.0141464056	0	22.3	0	0	3
2690	645	0	1.05078125	0.0325699477	0.0077463562	-0.0417930486	0.038389252	0.0630121356	0.0139711056	0	22.1	0	0	3
2695	646	0	1.05273438	0.0321952876	0.0078340713	-0.0417930486	0.038389252	0.0627520267	0.0137795764	0	21.9	0	0	3
2700	646	0	1.0546875	0.0317988738	0.00792224242	-0.0417930486	0.038389252	0.0624899915	0.013578845	0	21.7	0	0	3
2705	649	0	1.05664062	0.031396587	0.00801091424	-0.0417930486	0.038389252	0.0622259795	0.0133762364	0	21.4	0	0	3
2710	649	0	1.05859375	0.0310034745	0.00810016956	-0.0417930486	0.038389252	0.061960021	0.0131785444	0	21.2	0	0	3
2715	650	0	1.06054688	0.0306331741	0.00819011814	-0.0417930486	0.038389252	0.0616921558	0.0129917713	0	21	0	0	3
2720	651	0	1.0625	0.0302952384	0.00828088704	-0.0417930486	0.038389252	0.0614224163	0.0128200697	0	20.8	0	0	3
2725	652	0	1.06445312	0.0299956231	0.00837260542	-0.0417930486	0.038389252	0.0611180295	0.0126660327	0	20.7	0	0	3
2730	653	0	1.06640625	0.0297366858	0.00846537797	-0.0417930486	0.038389252	0.0608117299	0.0125307552	0	20.6	0	0	3
2735	654	0	1.06835938	0.0295176476	0.00855926599	-0.0417930486	0.038389252	0.0605036734	0.0124138908	0	20.5	0	0	3
2740	655	0	1.0703125	0.0293349177	0.0086542784	-0.0417930486	0.038389252	0.0601940104	0.0123137308	0	20.4	0	0	3
2745	656	0	1.07226562	0.0291821639	0.00875038074	-0.0417930486	0.038389252	0.0598828717	0.0122273566	0	20.4	0	0	3
2750	657	0	1.07421875	0.0290515661	0.00884749882	-0.0417930486	0.038389252	0.0595704356	0.0121512841	0	20.3	0	0	3
2755	658	0	1.07617188	0.0289352139	0.00894550409	-0.0417930486	0.038389252	0.0592569227	0.0120820788	0	20.3	0	0	3
2760	659	0	1.078125	0.0288257394	0.00904419561	-0.0417930486	0.038389252	0.0589426323	0.0120165682	0	20.3	0	0	3
2765	659	0	1.08007812	0.0287166007	0.00914329172	-0.0417930486	0.038389252	0.0586279282	0.0119519109	0	20.3	0	0	3
2770	660	0	1.08203125	0.0286021557	0.00924243542	-0.0417930486	0.038389252	0.0583131655	0.0118855497	0	20.3	0	0	3
2775	661	0	1.08398438	0.0284785316	0.00934124589	-0.0417930486	0.038389252	0.0579987182	0.0118156693	0	20.3	0	0	3
2780	662	0	1.0859375	0.0283434295	0.00943935106	-0.0417930486	0.038389252	0.0576289491	0.0117411671	0	20.3	0	0	3
2785	663	0	1.08789062	0.0281980203	0.00959235479	-0.0417930486	0.038389252	0.0572452833	0.0116624871	0	20.3	0	0	3
2790	664	0	1.08984375	0.0280464773	0.00975880736	-0.0417930486	0.038389252	0.0568489619	0.011581378	0	20.3	0	0	3
2795	665	0	1.09179688	0.0278928221	0.00993752628	-0.0417930486	0.038389252	0.0564434988	0.0114995188	0	20.3	0	0	3
2800	666	0	1.09375	0.0277395843	0.0101250125	-0.0417930486	0.038389252	0.0560332523	0.0114179407	0	20.3	0	0	3
2805	668	0	1.09570312	0.0275874989	0.0103169154	-0.0417930486	0.038389252	0.0556220308	0.0113368972	0	20.3	0	0	3
2810	669	0	1.09765625	0.0274357882	0.0105094508	-0.0417930486	0.038389252	0.0552125584	0.011256046	0	20.3	0	0	3
2815	670	0	1.09960938	0.0272827363	0.0106999076	-0.0417930486	0.038389252	0.0548061151	0.0111746498	0	20.3	0	0	3
2820	671	0	1.1015625	0.0271261853	0.0108870236	-0.0417930486	0.038389252	0.0544025358	0.0110917823	0	20.3	0	0	3
2825	672	0	1.10351562	0.0269634946	0.0110709469	-0.0417930486	0.038389252	0.0540009556	0.0110063289	0	20.3	0	0	3
2830	672	0	1.10546875	0.0267919979	0.0112525692	-0.0417930486	0.038389252	0.0536000546	0.0109172561	0	20.3	0	0	3
2835	673	0	1.10742188	0.0266102597	0.0114331708	-0.0417930486	0.038389252	0.0531984343	0.0108241621	0	20.3	0	0	3
2840	674	0	1.109375	0.0239689968	0.0116045503	-0.0417930486	0.038389252	0.0527949958	0.00976088636	0	18.4	0	0	3
2845	675	0	1.11132812	0.0237484289	0.0117772671	-0.0417930486	0.038389252	0.0523887984	0.00965569828	0	18.4	0	0	3
2850	676	0	1.11328125	0.0235333399	0.011952293	-0.0417930486	0.038389252	0.0519789436	0.00955376181	0	18.3	0	0	3
2855	677	0	1.11523438	0.023347614	0.0121306482	-0.0417930486	0.038389252	0.0515647083	0.00946472437	0	18.3	0	0	3
2860	678	0	1.1171875	0.0231326307	0.0123129707	-0.0417930486	0.038389252	0.0511455517	0.00936400329	0	18.3	0	0	3
2865	679	0	1.11914062	0.0228915435	0.0124997111	-0.0417930486	0.038389252	0.0507211705	0.00925273781	0	18.2	0	0	3
2870	680	0	1.12109375	0.0226663941	0.0126912245	-0.0417930486	0.038389252	0.0502914717	0.00914815776	0	18.1	0	0	3
2875	681	0	1.12304688	0.0224676048	0.0128877111	-0.0417930486	0.038389252	0.0498564858	0.00905444447	0	18.1	0	0	3
2880	681	0	1.125	0.0222855705	0.0130892092	-0.0417930486	0.038389252	0.0494162732	0.00896761445	0	18.1	0	0	3
2885	682	0	1.12695312	0.0221109636	0.0132956966	-0.0417930486	0.038389252	0.0489708734	0.00888390725	0	18.1	0	0	3
2890	683	0	1.12890625	0.021940636	0.0135071509	-0.0417930486	0.038389252	0.0484996837	0.00880209783	0	18.1	0	0	3
2895	684	0	1.13085938	0.0217735916	0.0137235819	-0.0417930486	0.038389252	0.0480232364	0.0087219066	0	18.1	0	0	3
2900	685	0	1.1328125	0.0216070441	0.0139448621	-0.0417930486	0.038389252	0.0475418453	0.00864244161	0	18.1	0	0	3
2905	687	0	1.13476562	0.0214376936	0.0141706045	-0.0417930486	0.038389252	0.0470560624	0.00856251112	0	18.1	0	0	3
2910	688	0	1.13671875	0.0212633984	0.0144002607	-0.0417930486	0.038389252	0.0465665138	0.0084813869	0	18.2	0	0	3
2915	689	0	1.13867188	0.0210823791	0.0146332378	-0.0417930486	0.038389252	0.0460737592	0.0083985295	0	18.2	0	0	3
2920	690	0	1.140625	0.0208933173	0.0148690007	-0.0417930486	0.038389252	0.0455782759	0.00831374899	0	18.2	0	0	3
2925	691	0	1.14257812	0.0206958888	0.0151070823	-0.0417930486	0.038389252	0.0450806017	0.00822704493	0	18.2	0	0	3
2930	692	0	1.14453125	0.020490265	0.0153469286	-0.0417930486	0.038389252	0.0445813959	0.00813837874	0	18.2	0	0	3
2935	693	0	1.14648438	0.020276255	0.0155878629	-0.0417930486	0.038389252	0.0440813984	0.00804754572	0	18.2	0	0	3
2940	693	0	1.1484375	0.0200539818	0.0158291338	-0.0417930486	0.038389252	0.0435815068	0.0079546108	0	18.2	0	0	3
2945	694	0	1.15039062	0.0198249687	0.0160698292	-0.0415977923	0.038389252	0.0430827935	0.00786017876	0	18.2	0	0	3
2950	695	0	1.15234375	0.0195916137	0.0163088503	-0.0411940391	0.038389252	0.0425860749	0.00776470072	0	18.2	0	0	3
2955	696	0	1.15429688	0.0193570304	0.0165453779	-0.0404281005	0.038389252	0.0420927747	0.00766840478	0	18.2	0	0	3
2960	697	0	1.15625	0.0191247465	0.0167780063	-0.0392791877	0.038389252	0.0416043879	0.007571726	0	18.1	0	0	3
2965	698	0	1.15820312	0.0188989214	0.0170052645	-0.0381898509	0.038389252	0.0411206915	0.00747593313	0	18.1	0	0	3
2970	699	0	1.16015625	0.0186838254	0.0172274273	-0.0366142809	0.038389252	0.040643588	0.00738270772	0	18.1	0	0	3
2975	700	0	1.16210938	0.018482998	0.017442651	-0.0352037866	0.038389252	0.0401724469	0.00729375906	0	18.1	0	0	3
2980	701	0	1.1640625	0.0182989499	0.0176516461	-0.0338226882	0.038389252	0.039707146	0.00721054207	0	18.1	0	0	3
2985	702	0	1.16601562	0.0181335868	0.0178546003	-0.0323931428	0.038389252	0.0392478776	0.00713433505	0	18.1	0	0	3
2990	703	0	1.16796875	0.0179884483	0.0180514034	-0.031469514	0.038389252	0.0387926723	0.0070663339	0	18.2	0	0	3
2995	704	0	1.16992188	0.0178648045	0.0182441156	-0.0303128995	0.038389252	0.0383424301	0.00700741647	0	18.2	0	0	3
3000	704	0	1.171875	0.0177634612	0.0184319139	-0.0292286037	0.038389252	0.0378968657	0.00695802241	0	18.3	0	0	3
3005	707	0	1.17382812	0.0176844732	0.0186151681	-0.028644877	0.038389252	0.0374540271	0.00691807794	0	18.4	0	0	3
3010	707	0	1.17578125	0.0133028846	0.0187790265	-0.0280637299	0.038389252	0.0370139086	0.00522443045	0	14.1	0	0	3
3015	708	0	1.17773438	0.0132331787	0.0189403426	-0.0274544236	0.038389252	0.0365766298	0.00519280151	0	14.1	0	0	3
3020	709	0	1.1796875	0.0132048767	0.0190991679	-0.0273705722	0.038389252	0.03614013	0.00517840979	0	14.3	0	0	3
3025	710	0	1.18164062	0.0131940145	0.0192576234	-0.026759919	0.038389252	0.0357064661	0.00517146064	0	14.4	0	0	3
3030	711	0	1.18359375	0.0131951683	0.0194136979	-0.0265634129	0.038389252	0.0352740102	0.00516949336	0	14.6	0	0	3
3035	712	0	1.18554688	0.0132105717	0.019569065	-0.026316827	0.038389252	0.0348429528	0.00517319193	0	14.8	0	0	3
3040	713	0	1.1875	0.0132298323	0.0197235442	-0.0260807859	0.038389252	0.0344132589	0.00517834324	0	15	0	0	3
3045	714	0	1.18945312	0.0132342539	0.0198771186	-0.0257445283	0.038389252	0.0339853179	0.00517753384	0	15.2	0	0	3
3050	715	0	1.19140625	0.0132169967	0.020029312	-0.0257058544	0.038389252	0.0335579658	0.005168061	0	15.4	0	0	3
3055	716	0	1.19335938	0.0131726109	0.020181181	-0.0256190227	0.038389252	0.0331313894	0.00514779725	0	15.5	0	0	3
3060	717	0	1.1953125	0.0130972843	0.0203324166	-0.02545261	0.038389252	0.0326910464	0.00511536096	0	15.6	0	0	3
3065	717	0	1.19726562	0.0129864106	0.020482569	-0.0252236673	0.038389252	0.0322519166	0.00506904997	0	15.7	0	0	3
3070	718	0	1.19921875	0.0128395054	0.0206312533	-0.0246947953	0.038389252	0.0318151511	0.0050086859	0	15.7	0	0	3
3075	719	0	1.20117188	0.0126597758	0.0207771696	-0.0244406313	0.038389252	0.0313796991	0.00493556973	0	15.7	0	0	3
3080	720	0	1.203125	0.0124559574	0.0209212969	-0.0239309959	0.038389252	0.0309466009	0.00485336809	0	15.6	0	0	3
3085	721	0	1.20507812	0.0122375872	0.0210625804	-0.0236603015	0.038389252	0.0305149513	0.00476622399	0	15.6	0	0	3
3090	722	0	1.20703125	0.0120125469	0.0212019275	-0.0224313214	0.038389252	0.0300885054	0.00467758683	0	15.5	0	0	3
3095	723	0	1.20898438	0.0117858334	0.0213355882	-0.021877224	0.038389252	0.0296646305	0.00458931885	0	15.4	0	0	3
3100	724	0	1.2109375	0.0115584289	0.0214661963	-0.0207981487	0.038389252	0.0292453729	0.00450160065	0	15.3	0	0	3
3105	726	0	1.21289062	0.0113306093	0.0215916992	-0.0196318274	0.038389252	0.0288310677	0.00441444426	0	15.3	0	0	3
3110	727	0	1.21484375	0.0111035433	0.0217117593	-0.0183424282	0.038389252	0.0284222081	0.00432821409	0	15.2	0	0	3
3115	727	0	1.21679688	0.0108774345	0.0218258993	-0.016477375	0.038389252	0.0280210435	0.00424294538	0	15.1	0	0	3
3120	728	0	1.21875	0.0106536416	0.0219318799	-0.015065718	0.038389252	0.0276258056	0.0041588382	0	15	0	0	3
3125	729	0	1.22070312	0.0104362132	0.0220314968	-0.0137731561	0.038389252	0.0272360299	0.00407688442	0	14.9	0	0	3
3130	730	0	1.22265625	0.0102305663	0.0221252613	-0.0121709657	0.038389252	0.0268529269	0.00399848652	0	14.8	0	0	3
3135	731	0	1.22460938	0.0100425818	0.022212033	-0.0107762764	0.038389252	0.0264756847	0.00392545961	0	14.8	0	0	3
3140	732	0	1.2265625	0.00987773541	0.0222927127	-0.00908438225	0.038389252	0.0261054579	0.00387204752	0	14.8	0	0	3
3145	733	0	1.22851562	0.00974161613	0.0223662518	-0.00818113899	0.038389252	0.0257391656	0.00387204752	0	15	0	0	3
3150	734	0	1.23046875	0.00963919704	0.0224358625	-0.00685380315	0.038389252	0.0253784634	0.00387204752	0	15.2	0	0	3
3155	735	0	1.23242188	0.00957110531	0.0225000223	-0.00582426018	0.038389252	0.0250221831	0.00387204752	0	15.4	0	0	3
3160	736	0	1.234375	0.00953818842	0.0225600319	-0.00482074344	0.038389252	0.0246702166	0.00387204752	0	15.6	0	0	3
3165	737	0	1.23632812	0.00953891628	0.0226161243	-0.00381516736	0.038389252	0.0243225701	0.00387204752	0	15.9	0	0	3
3170	737	0	1.23828125	0.00957374329	0.0226684247	-0.0033436635	0.038389252	0.0239771624	0.00387204752	0	16.1	0	0	3
3175	738	0	1.24023438	0.0051578305	0.0227016337	-0.00277418627	0.038389252	0.0236343729	0.00387204752	0	16.3	0	0	3
3180	739	0	1.2421875	0.00525918184	0.022733014	-0.00155420227	0.038389252	0.0232967371	0.00387204752	0	16.6	0	0	3
3185	740	0	1.24414062	0.0054053793	0.0227601999	-0.00154014491	0.038389252	0.0229595361	0.00387204752	0	16.8	0	0	3
3190	741	0	1.24609375	0.00555506343	0.0227879155	-0.00092800502	0.038389252	0.0226251035	0.00387204752	0	17.1	0	0	3
3195	742	0	1.24804688	0.00573816616	0.0228139553	-0.000699176952	0.038389252	0.0222930979	0.00387204752	0	17.3	0	0	3
3200	743	0	1.25	0.00597613173	0.0228388694	-0.000699176952	0.038389252	0.0219604592	0.00387204752	0	17.6	0	0	3
3205	745	0	1.25195312	0.00618802577	0.0228656084	-0.000699176952	0.038389252	0.0216280281	0.00387204752	0	17.9	0	0	3
3210	746	0	1.25390625	0.0063354944	0.0228930876	-0.00065352629	0.038389252	0.0212977503	0.00387204752	0	18.1	0	0	3
3215	747	0	1.25585938	0.0064251855	0.0229191325	-0.00065352629	0.038389252	0.0209683577	0.00387204752	0	18.4	0	0	3
3220	748	0	1.2578125	0.00647068334	0.0229448352	-0.00065352629	0.038389252	0.0206389897	0.00387204752	0	18.7	0	0	3
3225	749	0	1.25976562	0.00647510595	0.0229708887	-0.00065352629	0.038389252	0.0202971176	0.00387204752	0	19	0	0	3
3230	750	0	1.26171875	0.0064333016	0.0229985717	-0.000131799603	0.038389252	0.0199587865	0.00387204752	0	19.4	0	0	3
3235	751	0	1.26367188	0.00634935784	0.0230227306	-0.000131799603	0.038389252	0.0196201863	0.00387204752	0	19.7	0	0	3
3240	752	0	1.265625	0.00622585388	0.0230469678	-0.000131799603	0.038389252	0.0192812867	0.00387204752	0	20	0	0	3
3245	753	0	1.26757812	0.00606795555	0.0230711856	-3.22038405e-05	0.038389252	0.0189430866	0.00387204752	0	20.4	0	0	3
3250	754	0	1.26953125	0.00589316188	0.0230943315	0.000551493149	0.038389252	0.0186074982	0.00387204752	0	20.8	0	0	3
3255	754	0	1.27148438	0.00571904381	0.0231145173	0.00117956761	0.038389252	0.0182747051	0.00387204752	0	21.1	0	0	3
3260	755	0	1.2734375	0.00555311142	0.0231316014	0.00180125754	0.038389252	0.0179446814	0.00387204752	0	21.5	0	0	3
3265	756	0	1.27539062	0.00539519266	0.0231456402	0.00239451106	0.038389252	0.0176173254	0.00387204752	0	21.9	0	0	3
3270	757	0	1.27734375	0.00523945314	0.0231567533	0.00295069148	0.038389252	0.0172924966	0.00387204752	0	22.3	0	0	3
3275	758	0	1.27929688	0.0050803368	0.0231650722	0.00346536435	0.038389252	0.017219914	0.00387204752	0	22.4	0	0	3
3280	759	0	1.28125	0.00491597777	0.0231707387	0.00491597777	0.038389252	0.0172255805	0.00387204752	0	22.4	0	0	3
3285	760	0	1.28320312	0.00475023844	0.023141419	0.00475023844	0.038389252	0.0172255805	0.00387204752	0	22.4	0	0	3
3290	761	0	1.28515625	0.00459087729	0.023109739	0.00459087729	0.038389252	0.0172255805	0.00387204752	0	22.4	0	0	3
3295	762	0	1.28710938	0.0044464904	0.0230760768	0.0044464904	0.038389252	0.0172255805	0.00387204752	0	22.4	0	0	3
3300	763	0	1.2890625	0.00432437021	0.0230407283	0.00432437021	0.038389252	0.0172255805	0.00387204752	0	22.4	0	0	3
3305	765	0	1.29101562	0.00423303215	0.0230040681	0.00423303215	0.038389252	0.0172255805	0.00387204752	0	22.4	0	0	3
3310	766	0	1.29296875	0.00417656945	0.0229664918	0.00417656945	0.038389252	0.0172255805	0.00387204752	0	22.4	0	0	3
3315	767	0	1.29492188	0.00415505698	0.0229285005	0.00415505698	0.038389252	0.0172255805	0.00387204752	0	22.4	0	0	3
3320	768	0	1.296875	0.00416646667	0.0228906131	0.00415505698	0.038389252	0.0172255805	0.00387204752	0	22.4	0	0	3
3325	769	0	1.29882812	0.00420804349	0.0228532697	0.00415505698	0.038389252	0.0172255805	0.00387204752	0	22.4	0	0	3
3330	770	0	1.30078125	0.00428575113	0.0228166747	0.00415505698	0.038389252	0.0172255805	0.00387204752	0	22.4	0	0	3
3335	770	0	1.30273438	0.00440720192	0.0227809245	0.00415505698	0.038389252	0.0172255805	0.00387204752	0	22.4	0	0	3
3340	771	0	1.3046875	0.00457487011	0.0227461331	0.00415505698	0.038389252	0.0172255805	0.00387204752	0	22.4	0	0	3
3345	772	0	1.30664062	0.00193900027	0.0227012973	0.00193900027	0.038389252	0.0172255805	0.00387204752	0	22.4	0	0	3
3350	773	0	1.30859375	0.00216835249	0.0226575351	0.00193900027	0.038389252	0.0172255805	0.00387204752	0	22.4	0	0	3
3355	774	0	1.31054688	0.00239419799	0.0226147109	0.00193900027	0.038389252	0.0172255805	0.00387204752	0	22.4	0	0	3
3360	775	0	1.3125	0.00265136389	0.0225727789	0.00193900027	0.038389252	0.0172255805	0.00387204752	0	22.4	0	0	3
3365	776	0	1.31445312	0.0029698812	0.0225318153	0.00193900027	0.038389252	0.0172255805	0.00387204752	0	22.4	0	0	3
3370	777	0	1.31640625	0.00325742484	0.022491552	0.00193900027	0.038389252	0.0172255805	0.00387204752	0	22.4	0	0	3
3375	778	0	1.31835938	0.00348296211	0.0224516045	0.00193900027	0.038389252	0.0172255805	0.00387204752	0	22.4	0	0	3
3380	779	0	1.3203125	0.0036541142	0.0224116154	0.00193900027	0.038389252	0.0172255805	0.00387204752	0	22.4	0	0	3
3385	780	0	1.32226562	0.00378210435	0.0223712623	0.00193900027	0.038389252	0.0172255805	0.00387204752	0	22.4	0	0	3
3390	781	0	1.32421875	0.00386595406	0.0223302301	0.00193900027	0.038389252	0.0172255805	0.00387204752	0	22.4	0	0	3
3395	782	0	1.32617188	0.00390015986	0.0222881732	0.00193900027	0.038389252	0.0172255805	0.00387204752	0	22.4	0	0	3
3400	783	0	1.328125	0.00388951896	0.0222447558	0.00193900027	0.038389252	0.0172255805	0.00387204752	0	22.4	0	0	3
3405	785	0	1.33007812	0.00384898525	0.0221996922	0.00193900027	0.038389252	0.0172255805	0.00387204752	0	22.4	0	0	3
3410	786	0	1.33203125	0.00379127402	0.0221527515	0.00193900027	0.038389252	0.0172255805	0.00387204752	0	22.4	0	0	3
3415	787	0	1.33398438	0.00372746583	0.0221037576	0.00193900027	0.038389252	0.0172255805	0.00387204752	0	22.4	0	0	3
3420	788	0	1.3359375	0.00366951597	0.0220525899	0.00193900027	0.038389252	0.0172255805	0.00387204752	0	22.4	0	0	3
3425	789	0	1.33789062	0.00362035336	0.0219991785	0.00193900027	0.038389252	0.0172255805	0.00387204752	0	22.4	0	0	3
3430	789	0	1.33984375	0.00357749881	0.0219435325	0.00193900027	0.038389252	0.0172255805	0.00387204752	0	22.4	0	0	3
3435	790	0	1.34179688	0.00353765335	0.0218857465	0.00193900027	0.038389252	0.0172255805	0.00387204752	0	22.4	0	0	3
3440	791	0	1.34375	0.00349638357	0.0218259776	0.00193900027	0.038389252	0.0172255805	0.00387204752	0	22.4	0	0	3
3445	792	0	1.34570312	0.00345045484	0.0217644409	0.00193900027	0.038389252	0.0172255805	0.00387204752	0	22.4	0	0	3
3450	793	0	1.34765625	0.00340165374	0.021701427	0.00193900027	0.038389252	0.0172255805	0.00387204752	0	22.4	0	0	3
3455	794	0	1.34960938	0.00335586522	0.0216096973	0.00193900027	0.038389252	0.0172255805	0.00387204752	0	22.4	0	0	3
3460	795	0	1.3515625	0.00331867432	0.0215169442	0.00193900027	0.038389252	0.0172255805	0.00387204752	0	22.4	0	0	3
3465	796	0	1.35351562	0.0032960057	0.0214237843	0.00193900027	0.038389252	0.0172255805	0.00387204752	0	22.4	0	0	3
3470	797	0	1.35546875	0.00329076049	0.0213306079	0.00193900027	0.038389252	0.0172255805	0.00387204752	0	22.4	0	0	3
3475	798	0	1.35742188	0.00330647583	0.0212376871	0.00193900027	0.038389252	0.0172255805	0.00387204752	0	22.4	0	0	3
3480	799	0	1.359375	0.0033473318	0.0211454145	0.00193900027	0.038389252	0.0172255805	0.00387204752	0	22.4	0	0	3
3485	800	0	1.36132812	0.00341633575	0.0210542241	0.00193900027	0.038389252	0.0172255805	0.00387204752	0	22.4	0	0	3
3490	801	0	1.36328125	0.00351575821	0.0209644619	0.00193900027	0.038389252	0.0172255805	0.00387204752	0	22.4	0	0	3
3495	802	0	1.36523438	0.00364418049	0.020876257	0.00193900027	0.038389252	0.0172255805	0.00387204752	0	22.4	0	0	3
3500	802	0	1.3671875	0.00379798935	0.0207896277	0.00193900027	0.038389252	0.0172255805	0.00387204752	0	22.4	0	0	3
3505	805	0	1.36914062	0.00397490301	0.0207045049	0.00193900027	0.038389252	0.0172255805	0.00387204752	0	22.4	0	0	3
3510	806	0	1.37109375	0.00378918358	0.0206192436	0.00193900027	0.038389252	0.0172255805	0.00387204752	0	22.4	0	0	3
3515	806	0	1.37304688	0.00400858678	0.0205351403	0.00193900027	0.038389252	0.0172255805	0.00387204752	0	22.4	0	0	3
3520	807	0	1.375	0.00424764336	0.0204519658	0.00193900027	0.038389252	0.0172255805	0.00387204752	0	22.4	0	0	3
3525	808	0	1.37695312	0.00449400436	0.0203694849	0.00193900027	0.038389252	0.0172255805	0.00387204752	0	22.4	0	0	3
3530	809	0	1.37890625	0.00474139634	0.0202874984	0.00193900027	0.038389252	0.0172255805	0.00387204752	0	22.4	0	0	3
3535	810	0	1.38085938	0.00498288084	0.0202058286	0.00193900027	0.038389252	0.0172255805	0.00387204752	0	22.4	0	0	3
3540	811	0	1.3828125	0.00520518688	0.0201242627	0.00193900027	0.038389252	0.0172255805	0.00387204752	0	22.4	0	0	3
3545	812	0	1.38476562	0.0053978151	0.0200425459	0.00193900027	0.038389252	0.0172255805	0.00387204752	0	22.4	0	0	3
3550	813	0	1.38671875	0.00555655324	0.0199603902	0.00193900027	0.038389252	0.0172255805	0.00387204752	0	22.4	0	0	3
3555	814	0	1.38867188	0.00568161597	0.0198775058	0.00193900027	0.038389252	0.0172255805	0.00387204752	0	22.4	0	0	3
3560	815	0	1.390625	0.00577704681	0.019793623	0.00193900027	0.038389252	0.0172255805	0.00387204752	0	22.4	0	0	3
3565	816	0	1.39257812	0.00584869771	0.0197084862	0.00193900027	0.038389252	0.0172255805	0.00387204752	0	22.4	0	0	3
3570	817	0	1.39453125	0.00590262447	0.0196218723	0.00193900027	0.038389252	0.0172255805	0.00387204752	0	22.4	0	0	3
3575	818	0	1.39648438	0.00594505231	0.0195336184	0.00193900027	0.038389252	0.0172255805	0.00387204752	0	22.4	0	0	3
3580	819	0	1.3984375	0.00598327881	0.0194436394	0.00193900027	0.038389252	0.0172255805	0.00387204752	0	22.4	0	0	3
3585	820	0	1.40039062	0.00602498488	0.0193519349	0.00193900027	0.038389252	0.0172255805	0.00387204752	0	22.4	0	0	3
3590	821	0	1.40234375	0.00607675358	0.0192585903	0.00193900027	0.038389252	0.0172255805	0.00387204752	0	22.4	0	0	3
3595	821	0	1.40429688	0.00614170035	0.0191637638	0.00193900027	0.038389252	0.0172255805	0.00387204752	0	22.4	0	0	3
3600	822	0	1.40625	0.00621932571	0.0190676734	0.00193900027	0.038389252	0.0172255805	0.00387204752	0	22.4	0	0	3
3605	824	0	1.40820312	0.00630586426	0.0189706027	0.00193900027	0.038389252	0.0172255805	0.00387204752	0	22.4	0	0	3
3610	825	0	1.41015625	0.00639424186	0.0188728867	0.00193900027	0.038389252	0.0172255805	0.00387204752	0	22.4	0	0	3
3615	826	0	1.41210938	0.00647900714	0.0187748703	0.00193900027	0.038389252	0.0172255805	0.00387204752	0	22.4	0	0	3
3620	827	0	1.4140625	0.00655880572	0.0186563666	0.00193900027	0.038389252	0.0172255805	0.00387204752	0	22.4	0	0	3
3625	828	0	1.41601562	0.00663484859	0.0185379358	0.00193900027	0.038389252	0.0172255805	0.00387204752	0	22.4	0	0	3
3630	829	0	1.41796875	0.00671024813	0.0184199115	0.00193900027	0.038389252	0.0172255805	0.00387204752	0	22.4	0	0	3
3635	830	0	1.41992188	0.00678907219	0.0183027856	0.00193900027	0.038389252	0.0172255805	0.00387204752	0	22.4	0	0	3
3640	831	0	1.421875	0.00687487362	0.018186924	0.00193900027	0.038389252	0.0172255805	0.00387204752	0	22.4	0	0	3
3645	832	0	1.42382812	0.00696975934	0.0180727339	0.00193900027	0.038389252	0.0172255805	0.00387204752	0	22.4	0	0	3
3650	833	0	1.42578125	0.00707421158	0.0179606597	0.00193900027	0.038389252	0.0172255805	0.00387204752	0	22.4	0	0	3
3655	834	0	1.42773438	0.00718758111	0.0178509306	0.00193900027	0.038389252	0.0172255805	0.00387204752	0	22.4	0	0	3
3660	835	0	1.4296875	0.00730828555	0.0177436172	0.00193900027	0.038389252	0.0172255805	0.00387204752	0	22.4	0	0	3
3665	835	0	1.43164062	0.00743413695	0.0176386285	0.00193900027	0.038389252	0.0172255805	0.00387204752	0	22.4	0	0	3
3670	836	0	1.43359375	0.00756298655	0.0175357445	0.00193900027	0.038389252	0.0172255805	0.00387204752	0	22.4	0	0	3
3675	837	0	1.43554688	0.00934566238	0.0174411125	0.00193900027	0.038389252	0.0172255805	0.00396721076	0	23	0	0	3
3680	838	0	1.4375	0.00948798347	0.0173479764	0.00193900027	0.038389252	0.0172255805	0.00403076333	0	23.3	0	0	3
3685	839	0	1.43945312	0.00961520131	0.0172559322	0.00193900027	0.038389252	0.0172255805	0.00408779868	0	23.7	0	0	3
3690	840	0	1.44140625	0.00973554943	0.0171646408	0.00193900027	0.038389252	0.0172255805	0.00414181062	0	24	0	0	3
3695	841	0	1.44335938	0.00987594824	0.0170739168	0.00193900027	0.038389252	0.0172255805	0.00420435711	0	24.4	0	0	3
3700	842	0	1.4453125	0.0100263234	0.0169835748	0.00193900027	0.038389252	0.0172255805	0.0042711919	0	24.7	0	0	3
3705	844	0	1.44726562	0.0101628426	0.0168933591	0.00193900027	0.038389252	0.0172255805	0.00433218226	0	25.1	0	0	3
3710	845	0	1.44921875	0.0102816329	0.016803015	0.00193900027	0.038389252	0.0172255805	0.00438570952	0	25.4	0	0	3
3715	846	0	1.45117188	0.0103912784	0.0167123382	0.00193900027	0.038389252	0.0172255805	0.0044354105	0	25.7	0	0	3
3720	847	0	1.453125	0.0105009465	0.0166211992	0.00193900027	0.038389252	0.0172255805	0.00448511073	0	26	0	0	3
3725	848	0	1.45507812	0.0106100346	0.0165295591	0.00193900027	0.038389252	0.0172255805	0.00453453567	0	26.3	0	0	3
3730	849	0	1.45703125	0.0107165634	0.0164374154	0.00193900027	0.038389252	0.0172255805	0.00458286504	0	26.6	0	0	3
3735	849	0	1.45898438	0.0108203836	0.0163447851	0.00193900027	0.038389252	0.0172255805	0.00463002309	0	26.8	0	0	3
3740	850	0	1.4609375	0.0109236426	0.0162517035	0.00193900027	0.038389252	0.0172255805	0.00467682922	0	27.1	0	0	3
3745	851	0	1.46289062	0.0110306396	0.016158228	0.00193900027	0.038389252	0.0172255805	0.00472503207	0	27.4	0	0	3
3750	852	0	1.46484375	0.0111455633	0.0160644374	0.00193900027	0.038389252	0.0172249752	0.00477639534	0	27.7	0	0	3
3755	853	0	1.46679688	0.0112703851	0.0159704271	0.00193900027	0.038389252	0.0172227589	0.00483169682	0	28	0	0	3
3760	854	0	1.46875	0.0114049152	0.0158763136	0.00193900027	0.038389252	0.0172193614	0.00489075802	0	28.4	0	0	3
3765	855	0	1.47070312	0.0115478529	0.0157822438	0.00193900027	0.038389252	0.0172150943	0.00495300847	0	28.7	0	0	3
3770	856	0	1.47265625	0.0116970644	0.0156884113	0.00193900027	0.038389252	0.0172102422	0.00501760568	0	29.1	0	0	3
3775	857	0	1.47460938	0.0118498881	0.0155950376	0.00193900027	0.038389252	0.0172050268	0.00508347197	0	29.5	0	0	3
3780	858	0	1.4765625	0.012003754	0.0155023175	0.00193900027	0.038389252	0.0171995907	0.0051494374	0	29.9	0	0	3
3785	859	0	1.47851562	0.012156569	0.0154104113	0.00193900027	0.038389252	0.0171830426	0.0052144864	0	30.3	0	0	3
3790	860	0	1.48046875	0.0123066671	0.0153085262	0.00193900027	0.0382895193	0.0171661516	0.0052780835	0	30.7	0	0	3
3795	861	0	1.48242188	0.0124526108	0.0152076007	0.00193900027	0.0380860994	0.0171490739	0.00534011077	0	31.1	0	0	3
3800	862	0	1.484375	0.0125931326	0.0151080188	0.00193900027	0.0377958653	0.0171318613	0.00540046432	0	31.5	0	0	3
3805	863	0	1.48632812	0.0127271114	0.015010094	0.00193900027	0.0374260476	0.0171144673	0.00545886872	0	31.8	0	0	3
3810	864	0	1.48828125	0.012853495	0.0149141075	0.00193900027	0.0369814015	0.0170968047	0.00551485519	0	32.2	0	0	3
3815	865	0	1.49023438	0.0129709253	0.0148203166	0.00193900027	0.0364939272	0.0170787102	0.00556783441	0	32.6	0	0	3
3820	866	0	1.4921875	0.0130779411	0.0147288479	0.00193900027	0.0359856595	0.0170600317	0.00561704567	0	32.9	0	0	3
3825	867	0	1.49414062	0.0131733254	0.0146397372	0.00193900027	0.0354885454	0.0170406054	0.00566166526	0	33.2	0	0	3
3830	868	0	1.49609375	0.0132558639	0.0145528908	0.00193900027	0.0350332395	0.0170202552	0.00570080655	0	33.4	0	0	3
3835	869	0	1.49804688	0.013324449	0.0144680908	0.00193900027	0.0346396095	0.016998825	0.00573368051	0	33.7	0	0	3
3840	870	0	1.5	0.013377985	0.0143850376	0.00193900027	0.0343193781	0.016976189	0.00575971527	0	33.9	0	0	3
3845	871	0	1.50195312	0.0160178995	0.0143135474	0.00193900027	0.0340768215	0.0169522438	0.00687778275	0	40.5	0	0	3
3850	872	0	1.50390625	0.016044218	0.0142431076	0.00193900027	0.0339060147	0.0169269407	0.00689005879	0	40.7	0	0	3
3855	873	0	1.50585938	0.0160599922	0.014173401	0.00193900027	0.0339060147	0.0169002731	0.00689695961	0	40.8	0	0	3
3860	874	0	1.5078125	0.0160710584	0.0141041719	0.00193900027	0.0339060147	0.0168722774	0.00690127226	0	40.9	0	0	3
3865	875	0	1.50976562	0.0160849283	0.0140352501	0.00193900027	0.0339060147	0.0168430149	0.00690664166	0	41	0	0	3
3870	876	0	1.51171875	0.0160989907	0.0139665001	0.00193900027	0.0339060147	0.0168125587	0.00691215002	0	41.1	0	0	3
3875	877	0	1.51367188	0.0161022798	0.013897779	0.00193900027	0.0339060147	0.0167809851	0.00691306752	0	41.1	0	0	3
3880	878	0	1.515625	0.0161065096	0.0138290197	0.00193900027	0.0339060147	0.0167483512	0.00691443926	0	41.2	0	0	3
3885	879	0	1.51757812	0.0161251495	0.0137602186	0.00193900027	0.0339060147	0.0167147009	0.00692206439	0	41.4	0	0	3
3890	880	0	1.51953125	0.016164571	0.013691413	0.00193900027	0.0339060147	0.0166800892	0.00693873482	0	41.5	0	0	3
3895	881	0	1.52148438	0.0162229919	0.0136226719	0.00193900027	0.0339060147	0.0166011583	0.00696365276	0	41.9	0	0	3
3900	882	0	1.5234375	0.0162995009	0.0135540869	0.00193900027	0.0339060147	0.0165211214	0.00699637447	0	42.3	0	0	3
3905	883	0	1.52539062	0.0163952521	0.0134857676	0.00193900027	0.0339060147	0.0164402098	0.00703733259	0	42.8	0	0	3
3910	884	0	1.52734375	0.0165089315	0.013417826	0.00193900027	0.0339060147	0.0163585191	0.00708591251	0	43.3	0	0	3
3915	885	0	1.52929688	0.0166357703	0.0133503642	0.00193900027	0.0338958291	0.0162760982	0.0071398865	0	43.8	0	0	3
3920	886	0	1.53125	0.0167700174	0.0132834665	0.00193900027	0.0338700884	0.0161929763	0.00719635687	0	44.4	0	0	3
3925	887	0	1.53320312	0.0169070129	0.0132172044	0.00193900027	0.0338277295	0.0161092472	0.00725298025	0	45	0	0	3
3930	888	0	1.53515625	0.0170445166	0.013151645	0.00193900027	0.0337661354	0.0160251743	0.00730855506	0	45.6	0	0	3
3935	889	0	1.53710938	0.0171832847	0.0130868683	0.00193900027	0.0336826575	0.0159408462	0.00736383877	0	46.1	0	0	3
3940	890	0	1.5390625	0.0173259877	0.013022975	0.00193900027	0.0335730792	0.0158562017	0.00742055665	0	46.7	0	0	3
3945	891	0	1.54101562	0.017475549	0.012960094	0.00193900027	0.0334305172	0.0157711719	0.00747996951	0	47.4	0	0	3
3950	892	0	1.54296875	0.017632259	0.0128983821	0.00193900027	0.0334287217	0.0156850426	0.00754184727	0	48	0	0	3
3955	893	0	1.54492188	0.0177933279	0.0128373063	0.00193900027	0.0331960192	0.0155985393	0.00760485341	0	48.7	0	0	3
3960	894	0	1.546875	0.0179545414	0.0127777693	0.00193900027	0.0329076039	0.015511662	0.00766786608	0	49.4	0	0	3
3965	895	0	1.54882812	0.01811133	0.0127199714	0.00193900027	0.0325699477	0.0154243825	0.00773014698	0	50.1	0	0	3
3970	896	0	1.55078125	0.0182589679	0.0126640691	0.00193900027	0.0321952876	0.0153366674	0.00779033978	0	50.7	0	0	3
3975	897	0	1.55273438	0.0183926727	0.0126101526	0.00193900027	0.0317988738	0.0152484962	0.00784631969	0	51.4	0	0	3
3980	898	0	1.5546875	0.0185079196	0.0125582348	0.00193900027	0.031396587	0.0151598244	0.00789577003	0	52	0	0	3
3985	899	0	1.55664062	0.0186013705	0.0125082535	0.00193900027	0.0310034745	0.0150705691	0.00793682817	0	52.6	0	0	3
3990	900	0	1.55859375	0.018670094	0.0124600763	0.00193900027	0.0306331741	0.0149806205	0.00796779068	0	53.1	0	0	3
3995	901	0	1.56054688	0.0187116799	0.0124135079	0.00193900027	0.0302952384	0.0148898516	0.00798714544	0	53.6	0	0	3
4000	902	0	1.5625	0.0187284754	0.0123683253	0.00193900027	0.0299956231	0.0147981332	0.00799536659	0	54	0	0	3
4005	904	0	1.56445312	0.0187229297	0.0123242913	0.00193900027	0.0297366858	0.0147053607	0.00799319153	0	54.3	0	0	3
4010	905	0	1.56640625	0.0211898507	0.0122909052	0.00193900027	0.0295176476	0.0146114727	0.00901923082	0	61.7	0	0	3
4015	906	0	1.56835938	0.0211613961	0.0122582636	0.00193900027	0.0293349177	0.0145164603	0.00900392766	0	62	0	0	3
4020	907	0	1.5703125	0.0211056214	0.0122261179	0.00193900027	0.0291821639	0.0144203579	0.00897572881	0	62.2	0	0	3
4025	908	0	1.57226562	0.0210361485	0.0121942976	0.00193900027	0.0290515661	0.0143232398	0.0089408481	0	62.4	0	0	3
4030	909	0	1.57421875	0.02094676	0.0121626382	0.00193900027	0.0289352139	0.0142252346	0.00889700205	0	62.5	0	0	3
4035	910	0	1.57617188	0.0208362875	0.0121310017	0.00193900027	0.0288257394	0.014126543	0.00884401028	0	62.6	0	0	3
4040	911	0	1.578125	0.0207272695	0.0120993671	0.00193900027	0.0287166007	0.0140274469	0.00879187212	0	62.6	0	0	3
4045	912	0	1.58007812	0.0206291474	0.0120677755	0.00193900027	0.0286021557	0.0139283032	0.00874467134	0	62.7	0	0	3
4050	913	0	1.58203125	0.0205505727	0.012036324	0.00193900027	0.0284785316	0.0138294928	0.00870602417	0	62.9	0	0	3
4055	914	0	1.58398438	0.0204969472	0.0120051459	0.00193900027	0.0283434295	0.0137313876	0.00867813336	0	63.1	0	0	3
4060	915	0	1.5859375	0.020471141	0.0119743948	0.00193900027	0.0281980203	0.0135783839	0.00866220998	0	63.7	0	0	3
4065	915	0	1.58789062	0.0204747291	0.0119442257	0.00193900027	0.0280464773	0.0134119313	0.00865894372	0	64.5	0	0	3
4070	916	0	1.58984375	0.0205036326	0.0119147614	0.00193900027	0.0278928221	0.0132332124	0.00866653572	0	65.4	0	0	3
4075	917	0	1.59179688	0.0205544432	0.0118860959	0.00193900027	0.0277395843	0.0130457262	0.00868345962	0	66.5	0	0	3
4080	918	0	1.59375	0.0206263127	0.0118583097	0.00193900027	0.0275874989	0.0128538232	0.00870913521	0	67.7	0	0	3
4085	919	0	1.59570312	0.0207159853	0.0118314678	0.00193900027	0.0274357882	0.0126612879	0.0087418022	0	69	0	0	3
4090	920	0	1.59765625	0.0208113749	0.0118055912	0.00193900027	0.0272827363	0.012470831	0.00877592586	0	70.3	0	0	3
4095	921	0	1.59960938	0.020906414	0.0117806837	0.00193900027	0.0271261853	0.0122837151	0.0088087083	0	71.7	0	0	3
4100	922	0	1.6015625	0.0210009662	0.0117567571	0.00193900027	0.0269634946	0.0120997917	0.00884048536	0	73	0	0	3
4105	924	0	1.60351562	0.0210965045	0.0117338391	0.00193900027	0.0267919979	0.0119181695	0.00887232981	0	74.4	0	0	3
4110	925	0	1.60546875	0.0211940204	0.011711972	0.00193900027	0.0266102597	0.0117375679	0.00890455671	0	75.8	0	0	3
4115	926	0	1.60742188	0.0212940332	0.0116912055	0.00193900027	0.0239689968	0.0115661883	0.00893697821	0	77.2	0	0	3
4120	927	0	1.609375	0.0213969895	0.0116811586	0.00193900027	0.0237484289	0.01148958	0.00896968054	0	78	0	0	3
4125	928	0	1.61132812	0.0215022915	0.0116723846	0.00193900027	0.0235333399	0.011498354	0.00900324727	0	78.3	0	0	3
4130	929	0	1.61328125	0.0216079699	0.0116648637	0.00193900027	0.023347614	0.011505875	0.00903815951	0	78.5	0	0	3
4135	930	0	1.61523438	0.0217109416	0.0116584704	0.00193900027	0.0231326307	0.0115122682	0.0090739036	0	78.8	0	0	3
4140	931	0	1.6171875	0.0218069637	0.011653292	0.00193900027	0.0228915435	0.0115174466	0.00910877766	0	79	0	0	3
4145	932	0	1.61914062	0.0218904349	0.0116493815	0.00193900027	0.0226663941	0.0115213572	0.00914013159	0	79.3	0	0	3
4150	933	0	1.62109375	0.0219555048	0.0116466045	0.00193900027	0.0224676048	0.0115241341	0.00916503135	0	79.5	0	0	3
4155	934	0	1.62304688	0.0219953082	0.0116447596	0.00193900027	0.0222855705	0.011525979	0.0091799227	0	79.6	0	0	3
4160	935	0	1.625	0.0220087575	0.0116436783	0.00193900027	0.0221109636	0.0115270603	0.00918370102	0	79.6	0	0	3
4165	936	0	1.62695312	0.0219979963	0.0116432371	0.00193900027	0.0220087575	0.0115275016	0.00917679203	0	79.6	0	0	3
4170	937	0	1.62890625	0.0219660746	0.0116433364	0.00193900027	0.0220087575	0.0115275016	0.00916020951	0	79.4	0	0	3
4175	938	0	1.63085938	0.0219129116	0.0116438806	0.00193900027	0.0220087575	0.0115275016	0.00913387168	0	79.2	0	0	3
4180	939	0	1.6328125	0.0235277348	0.0116513833	0.00193900027	0.0235277348	0.0115275016	0.00978176881	0	84.8	0	0	3
4185	940	0	1.63476562	0.023429268	0.0116591629	0.00193900027	0.0235277348	0.0115275016	0.00973312513	0	84.4	0	0	3
4190	941	0	1.63671875	0.0233128227	0.0116671685	0.00193900027	0.0235277348	0.0115275016	0.00967615945	0	83.9	0	0	3
4195	942	0	1.63867188	0.0231628161	0.0116752952	0.00193900027	0.0235277348	0.0115275016	0.00960464786	0	83.3	0	0	3
4200	943	0	1.640625	0.0229901281	0.0116834859	0.00193900027	0.0235277348	0.0115275016	0.00952359169	0	82.6	0	0	3
4205	945	0	1.64257812	0.0228210189	0.0116917872	0.00193900027	0.0235277348	0.0115275016	0.00944426569	0	81.9	0	0	3
4210	946	0	1.64453125	0.0226578154	0.0117002541	0.00193900027	0.0235277348	0.0115275016	0.0093676535	0	81.2	0	0	3
4215	947	0	1.64648438	0.0225124491	0.0117089893	0.00193900027	0.0235277348	0.0115275016	0.00929876182	0	80.6	0	0	3
4220	948	0	1.6484375	0.0223923141	0.0117181234	0.00193900027	0.0235277348	0.0115275016	0.00924065485	0	80.1	0	0	3
4225	948	0	1.65039062	0.0222987032	0.0117277864	0.00193900027	0.0235277348	0.0115275016	0.00919379215	0	79.7	0	0	3
4230	949	0	1.65234375	0.0222327295	0.0117381033	0.00193900027	0.0235277348	0.0115275016	0.0091585727	0	79.4	0	0	3
4235	950	0	1.65429688	0.0221949237	0.0117491888	0.00193900027	0.0235277348	0.0115275016	0.00913518158	0	79.2	0	0	3
4240	951	0	1.65625	0.0221822309	0.0117611321	0.00193900027	0.0235277348	0.0115275016	0.00912233662	0	79.1	0	0	3
4245	952	0	1.65820312	0.0221883207	0.0117739813	0.00193900027	0.0235277348	0.0115275016	0.00911728324	0	79	0	0	3
4250	953	0	1.66015625	0.0222065385	0.0117877419	0.00193900027	0.0235277348	0.0115275016	0.00911708596	0	79	0	0	3
4255	954	0	1.66210938	0.0222322918	0.0118023876	0.00193900027	0.0235277348	0.0115275016	0.00911956557	0	79.1	0	0	3
4260	955	0	1.6640625	0.0222627875	0.0118178713	0.00193900027	0.0235277348	0.0115275016	0.00912342599	0	79.1	0	0	3
4265	956	0	1.66601562	0.0222937049	0.0118341218	0.00193900027	0.0235277348	0.0115275016	0.00912712525	0	79.1	0	0	3
4270	957	0	1.66796875	0.0223224264	0.0118510514	0.00193900027	0.0235277348	0.0115275016	0.00912972287	0	79.1	0	0	3
4275	958	0	1.66992188	0.0223493903	0.0118685693	0.00193900027	0.0235277348	0.0115275016	0.00913128576	0	79.2	0	0	3
4280	959	0	1.671875	0.0223761102	0.0118865875	0.00193900027	0.0235277348	0.0115275016	0.00913224214	0	79.2	0	0	3
4285	960	0	1.67382812	0.0224041038	0.0119050235	0.00193900027	0.0235277348	0.0115275016	0.00913317358	0	79.2	0	0	3
4290	961	0	1.67578125	0.0224342011	0.0119406927	0.00193900027	0.0235277348	0.0115275016	0.00913481046	0	79.2	0	0	3
4295	962	0	1.67773438	0.0224661435	0.011976759	0.00193900027	0.0235277348	0.0115275016	0.00913773896	0	79.2	0	0	3
4300	963	0	1.6796875	0.0224982438	0.0120130612	0.00193900027	0.0235277348	0.0115275016	0.00914190282	0	79.3	0	0	3
4305	965	0	1.68164062	0.0225272566	0.0120495192	0.00193900027	0.0235277348	0.0115275016	0.00914623996	0	79.3	0	0	3
4310	966	0	1.68359375	0.0225485738	0.0120860559	0.00193900027	0.0235277348	0.0115275016	0.00914877464	0	79.3	0	0	3
4315	967	0	1.68554688	0.0225575849	0.0121225677	0.00193900027	0.0235277348	0.0115275016	0.00914730914	0	79.3	0	0	3
4320	968	0	1.6875	0.0225515198	0.0121589805	0.00193900027	0.0235277348	0.0115275016	0.00914026019	0	79.2	0	0	3
4325	969	0	1.68945312	0.0225304454	0.0121952938	0.00193900027	0.0235277348	0.0115275016	0.00912720597	0	79.1	0	0	3
4330	970	0	1.69140625	0.0224934125	0.0122315298	0.00193900027	0.0235277348	0.0115275016	0.00910735263	0	79	0	0	3
4335	971	0	1.69335938	0.0224385552	0.0122677249	0.00193900027	0.0235277348	0.0115275016	0.00907967696	0	78.7	0	0	3
4340	972	0	1.6953125	0.0223631093	0.0123039195	0.00193900027	0.0235277348	0.0115275016	0.00904304632	0	78.4	0	0	3
4345	973	0	1.69726562	0.022775015	0.0123421562	0.00193900027	0.0235277348	0.0115275016	0.00919728605	0	79.7	0	0	3
4350	974	0	1.69921875	0.0226491445	0.0123804751	0.00193900027	0.0235277348	0.0115275016	0.00913871791	0	79.2	0	0	3
4355	975	0	1.70117188	0.0225105489	0.0124189547	0.00193900027	0.0235277348	0.0115275016	0.0090746559	0	78.7	0	0	3
4360	976	0	1.703125	0.022359112	0.0124576389	0.00193900027	0.0235277348	0.0115275016	0.00900511188	0	78.1	0	0	3
4365	977	0	1.70507812	0.0222004085	0.0124965562	0.00193900027	0.0235277348	0.0115275016	0.00893252018	0	77.4	0	0	3
4370	978	0	1.70703125	0.0220385352	0.0125357202	0.00193900027	0.0235277348	0.0115275016	0.008858679	0	76.8	0	0	3
4375	979	0	1.70898438	0.0218801623	0.0125751512	0.00193900027	0.0235277348	0.0115275016	0.00878639279	0	76.2	0	0	3
4380	980	0	1.7109375	0.0217315515	0.01261489	0.00193900027	0.0235277348	0.0115275016	0.00871822266	0	75.6	0	0	3
4385	981	0	1.71289062	0.0215984405	0.0126549987	0.00193900027	0.0235277348	0.0115275016	0.00865644962	0	75	0	0	3
4390	982	0	1.71484375	0.021484493	0.0126955493	0.00193900027	0.0235277348	0.0115275016	0.00860251833	0	74.6	0	0	3
4395	983	0	1.71679688	0.0213907658	0.012736617	0.00193900027	0.0235277348	0.0115275016	0.00855688674	0	74.2	0	0	3
4400	984	0	1.71875	0.0213165481	0.0127782689	0.00193900027	0.0235277348	0.0115275016	0.00851933988	0	73.9	0	0	3
4405	986	0	1.72070312	0.021260014	0.0128205494	0.00193900027	0.0235277348	0.0115275016	0.00848918561	0	73.6	0	0	3
4410	987	0	1.72265625	0.0212178027	0.0128634683	0.00193900027	0.0235277348	0.0115275016	0.0084650555	0	73.4	0	0	3
4415	988	0	1.72460938	0.0211851931	0.0129069941	0.00193900027	0.0235277348	0.0115275016	0.00844500837	0	73.2	0	0	3
4420	989	0	1.7265625	0.0211575174	0.0129510558	0.00193900027	0.0235277348	0.0115275016	0.00842706047	0	73.1	0	0	3
4425	990	0	1.72851562	0.0211311236	0.012995546	0.00193900027	0.0235277348	0.0115275016	0.00840977988	0	72.9	0	0	3
4430	991	0	1.73046875	0.0211032935	0.0130403277	0.00193900027	0.0235277348	0.0115275016	0.00839210025	0	72.8	0	0	3
4435	992	0	1.73242188	0.0210722384	0.013085254	0.00193900027	0.0235277348	0.0115275016	0.00837323565	0	72.6	0	0	3
4440	992	0	1.734375	0.021037291	0.0131301723	0.00193900027	0.0235277348	0.0115275016	0.00835279879	0	72.4	0	0	3
4445	993	0	1.73632812	0.0209990487	0.0131749385	0.00193900027	0.0235277348	0.0115275016	0.00833088857	0	72.2	0	0	3
4450	994	0	1.73828125	0.0209589813	0.0132194121	0.00193900027	0.0235277348	0.0115275016	0.00830814608	0	72	0	0	3
4455	995	0	1.74023438	0.0209186919	0.0132809779	0.00193900027	0.0235277348	0.0115275016	0.00828531953	0	71.8	0	0	3
4460	996	0	1.7421875	0.0208791651	0.0133419935	0.00193900027	0.0235277348	0.0115275016	0.00826292627	0	71.6	0	0	3
4465	997	0	1.74414062	0.0208405972	0.0134022873	0.00193900027	0.0235277348	0.0115275016	0.00824117209	0	71.4	0	0	3
4470	998	0	1.74609375	0.0208025086	0.0134618476	0.00193900027	0.0235277348	0.0115275016	0.00821996388	0	71.3	0	0	3
4475	999	0	1.74804688	0.0207636886	0.0135205411	0.00193900027	0.0235277348	0.0115275016	0.0081988794	0	71.1	0	0	3
4480	1000	0	1.75	0.0207222689	0.0135781432	0.00193900027	0.0235277348	0.0115275016	0.00817710134	0	70.9	0	0	3
4485	1001	0	1.75195312	0.0206760427	0.013634737	0.00193900027	0.0235277348	0.0115275016	0.00815356532	0	70.7	0	0	3
4490	1002	0	1.75390625	0.0206229297	0.0136905473	0.00193900027	0.0235277348	0.0115275016	0.00812723208	0	70.5	0	0	3
4495	1003	0	1.75585938	0.0205612037	0.0137457661	0.00193900027	0.0235277348	0.0115275016	0.00809734776	0	70.2	0	0	3
4500	1004	0	1.7578125	0.020489504	0.0138005271	0.00193900027	0.0235277348	0.0115275016	0.00806340678	0	69.9	0	0	3
4505	1007	0	1.75976562	0.0204075142	0.0138549506	0.00193900027	0.0235277348	0.0115275016	0.00802530221	0	69.6	0	0	3
4510	1008	0	1.76171875	0.0196414114	0.0139065448	0.00193900027	0.0235277348	0.0115275016	0.00772406197	0	67	0	0	3
4515	1009	0	1.76367188	0.0195329955	0.0139580434	0.00193900027	0.0235277348	0.0115275016	0.00767583686	0	66.5	0	0	3
4520	1010	0	1.765625	0.0194282036	0.014009615	0.00193900027	0.0235277348	0.0115275016	0.0076292474	0	66.1	0	0	3
4525	1011	0	1.76757812	0.0193279842	0.014061412	0.00193900027	0.0235277348	0.0115275016	0.00758468288	0	65.7	0	0	3
4530	1012	0	1.76953125	0.0192167388	0.0141134572	0.00193900027	0.0235277348	0.0115275016	0.00753581434	0	65.3	0	0	3
4535	1013	0	1.77148438	0.0191023395	0.0141657357	0.00193900027	0.0235277348	0.0115275016	0.0074857082	0	64.9	0	0	3
4540	1014	0	1.7734375	0.0189953445	0.0142182445	0.00193900027	0.0235277348	0.0115275016	0.00743854329	0	64.5	0	0	3
4545	1015	0	1.77539062	0.0188965895	0.0142709843	0.00193900027	0.0235277348	0.0115275016	0.00739465459	0	64.1	0	0	3
4550	1016	0	1.77734375	0.0188049303	0.0143239744	0.00193900027	0.0235277348	0.0115275016	0.00735356482	0	63.7	0	0	3
4555	1017	0	1.77929688	0.0187206551	0.0143772569	0.00193900027	0.0235277348	0.0115275016	0.00731537005	0	63.4	0	0	3
4560	1018	0	1.78125	0.0186434589	0.0144308799	0.00193900027	0.0235277348	0.011498182	0.0072799769	0	63.3	0	0	3
4565	1019	0	1.78320312	0.0185722351	0.0144848721	0.00193900027	0.0235277348	0.011466502	0.00724706172	0	63.2	0	0	3
4570	1020	0	1.78515625	0.0185059443	0.0145392278	0.00193900027	0.0235277348	0.0114328397	0.00721631411	0	63.1	0	0	3
4575	1021	0	1.78710938	0.0184437227	0.0145939045	0.00193900027	0.0235277348	0.0113974912	0.00718742396	0	63	0	0	3
4580	1022	0	1.7890625	0.0183839962	0.0146488249	0.00193900027	0.0235277348	0.011360831	0.00715980386	0	63	0	0	3
4585	1023	0	1.79101562	0.0183242434	0.0147038687	0.00193900027	0.0235277348	0.0113232548	0.00713251877	0	62.9	0	0	3
4590	1024	0	1.79296875	0.0182619035	0.0147588896	0.00193900027	0.0235277348	0.0112852634	0.00710459802	0	62.9	0	0	3
4595	1025	0	1.79492188	0.0181946731	0.0148137318	0.00193900027	0.0235277348	0.0112473761	0.0070751279	0	62.9	0	0	3
4600	1026	0	1.796875	0.0181212673	0.0148682427	0.00193900027	0.0235277348	0.0112100326	0.00704352917	0	62.8	0	0	3
4605	1029	0	1.79882812	0.0180415835	0.01492228	0.00193900027	0.0235277348	0.0111734377	0.00700974681	0	62.7	0	0	3
4610	1030	0	1.80078125	0.0179575744	0.0149756856	0.00193900027	0.0235277348	0.0111376874	0.00697457718	0	62.6	0	0	3
4615	1031	0	1.80273438	0.0178721124	0.0150282829	0.00193900027	0.0235277348	0.011102896	0.00693915164	0	62.4	0	0	3
4620	1032	0	1.8046875	0.0177876293	0.0150798952	0.00193900027	0.0235277348	0.0110580602	0.00690432182	0	62.4	0	0	3
4625	1033	0	1.80664062	0.0177055968	0.0151414835	0.00216835249	0.0235277348	0.011014298	0.00687044369	0	62.3	0	0	3
4630	1034	0	1.80859375	0.0176265674	0.0152018671	0.00239419799	0.0235277348	0.0109714738	0.0068375464	0	62.3	0	0	3
4635	1035	0	1.81054688	0.0175505555	0.0152610717	0.00265136389	0.0235277348	0.0109295418	0.00680548925	0	62.2	0	0	3
4640	1036	0	1.8125	0.0174773666	0.0153189857	0.0029698812	0.0235277348	0.0108885783	0.00677411116	0	62.2	0	0	3
4645	1037	0	1.81445312	0.0174069103	0.0153753804	0.00325742484	0.0235277348	0.010848315	0.00674335703	0	62.1	0	0	3
4650	1038	0	1.81640625	0.0173393594	0.0154303879	0.00329076049	0.0235277348	0.0108083675	0.00671335259	0	62.1	0	0	3
4655	1039	0	1.81835938	0.0172750974	0.0154842635	0.00329076049	0.0235277348	0.0107683784	0.00668443249	0	62	0	0	3
4660	1040	0	1.8203125	0.0172147386	0.0155372346	0.00329076049	0.0235277348	0.0107280253	0.00665701142	0	62	0	0	3
4665	1041	0	1.82226562	0.0171589063	0.0155894878	0.00329076049	0.0235277348	0.010686993	0.00663143252	0	62	0	0	3
4670	1042	0	1.82421875	0.0171081752	0.0156412152	0.00329076049	0.0235277348	0.0106449362	0.00660794351	0	62	0	0	3
4675	1043	0	1.82617188	0.0170628728	0.0156926321	0.00329076049	0.0235277348	0.0106015187	0.00658670039	0	62.1	0	0	3
4680	1044	0	1.828125	0.0155245008	0.0157380812	0.00329076049	0.0235277348	0.0105564552	0.00599980581	0	56.8	0	0	3
4685	1045	0	1.83007812	0.0154776884	0.0157835058	0.00329076049	0.0235277348	0.0105095145	0.00597933497	0	56.8	0	0	3
4690	1046	0	1.83203125	0.0154466807	0.0158290348	0.00329076049	0.0235277348	0.0104605206	0.0059653593	0	57	0	0	3
4695	1047	0	1.83398438	0.0154170851	0.0158746973	0.00329076049	0.0235277348	0.0104093529	0.00595207985	0	57.1	0	0	3
4700	1048	0	1.8359375	0.0153895406	0.0159204787	0.00329076049	0.0235277348	0.0103559415	0.00593969372	0	57.3	0	0	3
4705	1050	0	1.83789062	0.0153644827	0.0159663542	0.00329076049	0.0235277348	0.0103002954	0.00592832095	0	57.5	0	0	3
4710	1051	0	1.83984375	0.0153378227	0.0160122929	0.00329076049	0.0235277348	0.0102425094	0.0059163003	0	57.7	0	0	3
4715	1052	0	1.84179688	0.0153100788	0.016058279	0.00329076049	0.0235277348	0.0101827406	0.00590380111	0	57.9	0	0	3
4720	1053	0	1.84375	0.0152811175	0.0161043131	0.00329076049	0.0235277348	0.0101212038	0.00589077762	0	58.2	0	0	3
4725	1054	0	1.84570312	0.0152490108	0.0161504012	0.00329076049	0.0235277348	0.0100581899	0.00587655553	0	58.4	0	0	3
4730	1055	0	1.84765625	0.0152096185	0.0161965261	0.00329076049	0.0235277348	0.00996646023	0.00585955943	0	58.7	0	0	3
4735	1056	0	1.84960938	0.015160596	0.0162426383	0.00329076049	0.0235277348	0.00987370716	0.00583886397	0	59.1	0	0	3
4740	1057	0	1.8515625	0.0151017285	0.0162886659	0.00329076049	0.0235277348	0.00978054727	0.00581445011	0	59.4	0	0	3
4745	1058	0	1.85351562	0.0150341393	0.0163345179	0.00329076049	0.0235277348	0.00968737084	0.00578684777	0	59.7	0	0	3
4750	1059	0	1.85546875	0.0149596216	0.0163800994	0.00330647583	0.0235277348	0.00959445006	0.00575685452	0	60	0	0	3
4755	1060	0	1.85742188	0.0148800135	0.0164253086	0.0033473318	0.0235277348	0.00950217748	0.00572523428	0	60.2	0	0	3
4760	1061	0	1.859375	0.0147970337	0.016470034	0.00341633575	0.0235277348	0.00941098708	0.00569264087	0	60.4	0	0	3
4765	1062	0	1.86132812	0.0147116985	0.0165141565	0.00351575821	0.0235277348	0.00932122482	0.00565950623	0	60.7	0	0	3
4770	1063	0	1.86328125	0.0146239002	0.0165575477	0.00364418049	0.0235277348	0.00923301994	0.00562581719	0	60.9	0	0	3
4775	1064	0	1.86523438	0.014532919	0.0166000818	0.00378918358	0.0235277348	0.00914639066	0.00559122298	0	61.1	0	0	3
4780	1065	0	1.8671875	0.0144388226	0.0166416475	0.00378918358	0.0235277348	0.00906126785	0.00555568958	0	61.3	0	0	3
4785	1066	0	1.86914062	0.0143425791	0.0166821463	0.00378918358	0.0235277348	0.00897600654	0.00551957251	0	61.4	0	0	3
4790	1067	0	1.87109375	0.0142459587	0.0167229931	0.00400858678	0.0235277348	0.00889190324	0.00548347027	0	61.6	0	0	3
4795	1068	0	1.87304688	0.0141513239	0.0167626131	0.00424764336	0.0235277348	0.00880872874	0.00544799153	0	61.8	0	0	3
4800	1069	0	1.875	0.0140613425	0.0168009479	0.00449400436	0.0235277348	0.00872624781	0.00541382834	0	62	0	0	3
4805	1071	0	1.87695312	0.0139785727	0.016837997	0.00474139634	0.0235277348	0.00864426132	0.00538169645	0	62.2	0	0	3
4810	1072	0	1.87890625	0.0139052148	0.0168737931	0.00498288084	0.0235277348	0.00856259156	0.00535241782	0	62.5	0	0	3
4815	1072	0	1.88085938	0.0138428617	0.0169084024	0.00520518688	0.0235277348	0.00848102561	0.00532684758	0	62.8	0	0	3
4820	1073	0	1.8828125	0.0137925055	0.0169419467	0.0053978151	0.0235277348	0.00839930883	0.00530559713	0	63.1	0	0	3
4825	1074	0	1.88476562	0.0137546691	0.0169745906	0.00555655324	0.0235277348	0.00831715316	0.00528907362	0	63.5	0	0	3
4830	1075	0	1.88671875	0.0137298625	0.0170065176	0.00568161597	0.0235277348	0.00823426874	0.00527759055	0	64	0	0	3
4835	1076	0	1.88867188	0.0137183947	0.0170379113	0.00577704681	0.0235277348	0.00815038599	0.00527138555	0	64.6	0	0	3
4840	1077	0	1.890625	0.0137205345	0.0170689405	0.00584869771	0.0235277348	0.00806524918	0.00527068227	0	65.3	0	0	3
4845	1078	0	1.89257812	0.0120393542	0.0170931228	0.00590262447	0.0235277348	0.00797863529	0.0046325051	0	58	0	0	3
4850	1079	0	1.89453125	0.0120564093	0.017117161	0.00594505231	0.0235277348	0.00789038132	0.0046386722	0	58.7	0	0	3
4855	1080	0	1.89648438	0.012091389	0.0171411701	0.00598327881	0.0235277348	0.00780040232	0.0046520485	0	59.6	0	0	3
4860	1081	0	1.8984375	0.0121293135	0.0171651781	0.00602498488	0.0235277348	0.0077086978	0.00466676577	0	60.5	0	0	3
4865	1082	0	1.90039062	0.0121786754	0.0171892159	0.00607675358	0.0235277348	0.0076153532	0.00468610321	0	61.5	0	0	3
4870	1083	0	1.90234375	0.0122464651	0.0172133164	0.00614170035	0.0235277348	0.00752052673	0.00471273819	0	62.6	0	0	3
4875	1084	0	1.90429688	0.0123044891	0.0172373898	0.00621932571	0.0235277348	0.00742443634	0.00473557896	0	63.7	0	0	3
4880	1085	0	1.90625	0.0123431263	0.0172613109	0.00630586426	0.0235277348	0.00732736568	0.00475083031	0	64.8	0	0	3
4885	1086	0	1.90820312	0.0123659191	0.0172849829	0.00639424186	0.0235277348	0.0072296496	0.00475993607	0	65.8	0	0	3
4890	1087	0	1.91015625	0.0123761604	0.0173083498	0.00647900714	0.0235277348	0.00713163322	0.00476421189	0	66.8	0	0	3
4895	1088	0	1.91210938	0.0123729771	0.0173313731	0.00655880572	0.0235277348	0.00701312951	0.00476331613	0	67.9	0	0	3
4900	1089	0	1.9140625	0.0123557814	0.0173540176	0.00663484859	0.0235277348	0.00689469876	0.00475697593	0	68.9	0	0	3
4905	1092	0	1.91601562	0.0123257133	0.0173762475	0.00671024813	0.0235277348	0.00677667447	0.00474563192	0	70	0	0	3
4910	1093	0	1.91796875	0.0122818649	0.0173980116	0.00678907219	0.0235277348	0.00665954857	0.00472900563	0	71	0	0	3
4915	1094	0	1.91992188	0.0122255585	0.0174192479	0.00687487362	0.0235277348	0.0065436869	0.0047076634	0	71.9	0	0	3
4920	1095	0	1.921875	0.0121619536	0.0174399006	0.00696975934	0.0235277348	0.00642949686	0.00468368345	0	72.8	0	0	3
4925	1096	0	1.92382812	0.0120951003	0.0174599214	0.00707421158	0.0235277348	0.00631742269	0.00465870913	0	73.7	0	0	3
4930	1097	0	1.92578125	0.0120272747	0.0174792693	0.00718758111	0.0235277348	0.00620769353	0.00463364947	0	74.6	0	0	3
4935	1098	0	1.92773438	0.0119589738	0.0174979076	0.00730828555	0.0235277348	0.00610038015	0.00460873307	0	75.5	0	0	3
4940	1099	0	1.9296875	0.0118889884	0.017515801	0.00743413695	0.0235277348	0.00599539142	0.00458339606	0	76.4	0	0	3
4945	1100	0	1.93164062	0.0118157949	0.0175329168	0.00756298655	0.0235277348	0.00589250746	0.00455692676	0	77.3	0	0	3
4950	1101	0	1.93359375	0.0117396656	0.017549232	0.00934566238	0.0235277348	0.00590599491	0.00452944541	0	76.6	0	0	3
4955	1102	0	1.93554688	0.0116623718	0.0175582816	0.00948798347	0.0235277348	0.00591504455	0.00450169025	0	76.1	0	0	3
4960	1103	0	1.9375	0.0115866786	0.0175664796	0.00961520131	0.0235277348	0.00592324258	0.00447457517	0	75.5	0	0	3
4965	1104	0	1.93945312	0.0115156824	0.0175739034	0.00973554943	0.0235277348	0.00593066633	0.00444896921	0	75	0	0	3
4970	1105	0	1.94140625	0.011452465	0.0175806101	0.00987594824	0.0235277348	0.00593737303	0.00442576412	0	74.5	0	0	3
4975	1106	0	1.94335938	0.0113998923	0.017586563	0.0100263234	0.0235277348	0.00594332594	0.00440597581	0	74.1	0	0	3
4980	1107	0	1.9453125	0.0113596818	0.0175917714	0.0101628426	0.0235277348	0.00594853437	0.00439043126	0	73.8	0	0	3
4985	1108	0	1.94726562	0.0113324185	0.0175963401	0.0102816329	0.0235277348	0.00595310303	0.00437955466	0	73.5	0	0	3
4990	1109	0	1.94921875	0.0113189564	0.0176003921	0.0103912784	0.0235277348	0.00595715507	0.00437384015	0	73.4	0	0	3
4995	1110	0	1.95117188	0.0113207004	0.0176040227	0.0105009465	0.0235277348	0.00596078563	0.00437394726	0	73.3	0	0	3
5000	1111	0	1.953125	0.0113384987	0.0176072944	0.0106100346	0.0235277348	0.00596405732	0.00438033277	0	73.4	0	0	3
5005	1113	0	1.95507812	0.0113738321	0.017610278	0.0107165634	0.0235277348	0.0059670409	0.00439373361	0	73.6	0	0	3
5010	1114	0	1.95703125	0.0114276184	0.0176130555	0.0108203836	0.0235277348	0.00596981846	0.00441456223	0	73.9	0	0	3
5015	1115	0	1.95898438	0.0102485697	0.0176108219	0.0102485697	0.0235277348	0.00596981846	0.0039651074	0	66.4	0	0	3
5020	1116	0	1.9609375	0.0103274242	0.0176084929	0.0102485697	0.0235277348	0.00596981846	0.00399640924	0	66.9	0	0	3
5025	1117	0	1.96289062	0.0104033203	0.0176060424	0.0102485697	0.0235277348	0.00596981846	0.00402672339	0	67.4	0	0	3
5030	1118	0	1.96484375	0.0104947049	0.0176035	0.0102485697	0.0235277348	0.00596981846	0.00406328474	0	68	0	0	3
5035	1119	0	1.96679688	0.0106072617	0.0176009097	0.0102485697	0.0235277348	0.00596981846	0.0041082909	0	68.8	0	0	3
5040	1120	0	1.96875	0.0107105704	0.0175981974	0.0102485697	0.0235277348	0.00596981846	0.00414975872	0	69.5	0	0	3
5045	1121	0	1.97070312	0.0107946153	0.0175952551	0.0102485697	0.0235277348	0.00596981846	0.00418367205	0	70	0	0	3
5050	1122	0	1.97265625	0.0108598369	0.0175919846	0.0102485697	0.0235277348	0.00596981846	0.00421023874	0	70.5	0	0	3
5055	1123	0	1.97460938	0.0109098623	0.0175883127	0.0102485697	0.0235277348	0.00596981846	0.0042309327	0	70.8	0	0	3
5060	1124	0	1.9765625	0.0109456922	0.0175841796	0.0102485697	0.0235277348	0.00596981846	0.0042461221	0	71.1	0	0	3
5065	1125	0	1.97851562	0.0109638318	0.0175795205	0.0102485697	0.0235277348	0.00596981846	0.0042544012	0	71.2	0	0	3
5070	1126	0	1.98046875	0.0109649094	0.0175742792	0.0102485697	0.0235277348	0.00596981846	0.00425596779	0	71.2	0	0	3
5075	1127	0	1.98242188	0.0109535996	0.0175684237	0.0102485697	0.0235277348	0.00596981846	0.00425267427	0	71.2	0	0	3
5080	1128	0	1.984375	0.0109327559	0.0175619379	0.0102485697	0.0235277348	0.00596981846	0.00424569351	0	71.1	0	0	3
5085	1129	0	1.98632812	0.0109042633	0.0175548174	0.0102485697	0.0235277348	0.00596981846	0.0042357881	0	70.9	0	0	3
5090	1130	0	1.98828125	0.0108721282	0.0175470777	0.0102485697	0.0235277348	0.00596981846	0.00422456757	0	70.7	0	0	3
5095	1131	0	1.99023438	0.0108396962	0.0175387526	0.0102485697	0.0235277348	0.00596981846	0.00421334339	0	70.5	0	0	3
5100	1132	0	1.9921875	0.0108084942	0.0175298875	0.0102485697	0.0235277348	0.00596981846	0.00420272102	0	70.3	0	0	3
5105	1134	0	1.99414062	0.0107784187	0.0175205324	0.0102485697	0.0235277348	0.00596981846	0.00419264522	0	70.2	0	0	3
5110	1135	0	1.99609375	0.0107479638	0.0175107359	0.0102485697	0.0235277348	0.00596981846	0.00418246752	0	70	0	0	3
5115	1136	0	1.99804688	0.0107156795	0.0175005454	0.0102485697	0.0235277348	0.00596981846	0.00417164181	0	69.8	0	0	3
5120	1137	0	2	0.0106818052	0.0174900135	0.0102485697	0.0235277348	0.00596981846	0.00416031085	0	69.6	0	0	3
5125	1138	0	2.00195312	0.0106483065	0.0174690385	0.0102485697	0.0235277348	0.00596981846	0.00414919274	0	69.5	0	0	3
5130	1139	0	2.00390625	0.0106178324	0.0174478417	0.0102485697	0.0235277348	0.00596981846	0.00413914137	0	69.3	0	0	3
5135	1140	0	2.00585938	0.0105926071	0.0174264847	0.0102485697	0.0235277348	0.00596981846	0.00413083764	0	69.1	0	0	3
5140	1141	0	2.0078125	0.0105741678	0.0174050125	0.0102485697	0.0235277348	0.00596981846	0.00412479521	0	69	0	0	3
5145	1142	0	2.00976562	0.0105639036	0.017383446	0.0102485697	0.0235277348	0.00596981846	0.00412160082	0	69	0	0	3
5150	1143	0	2.01171875	0.010563388	0.0173618225	0.0102485697	0.0235277348	0.00596981846	0.00412194783	0	69	0	0	3
5155	1144	0	2.01367188	0.0105742006	0.0173402285	0.0102485697	0.0235277348	0.00596981846	0.00412650962	0	69.1	0	0	3
5160	1145	0	2.015625	0.0105994747	0.0173187166	0.0102485697	0.0235277348	0.00596981846	0.00413666642	0	69.2	0	0	3
5165	1146	0	2.01757812	0.0106417174	0.017297297	0.0102485697	0.0235277348	0.00596981846	0.00415356772	0	69.5	0	0	3
5170	1147	0	2.01953125	0.0107005362	0.0172759531	0.0102485697	0.0235277348	0.00596981846	0.00417713152	0	69.9	0	0	3
5175	1148	0	2.02148438	0.0107712597	0.0172546572	0.0102485697	0.0235277348	0.00596981846	0.00420549407	0	70.4	0	0	3
5180	1149	0	2.0234375	0.010425244	0.0172317109	0.0102485697	0.0235277348	0.00596981846	0.00407316002	0	68.2	0	0	3
5185	1150	0	2.02539062	0.0105120499	0.0172087297	0.0102485697	0.0235277348	0.00596981846	0.00410811814	0	68.8	0	0	3
5190	1151	0	2.02734375	0.0106025277	0.0171856578	0.0102485697	0.0235277348	0.00596981846	0.00414469108	0	69.4	0	0	3
5195	1152	0	2.02929688	0.0106995205	0.0171624693	0.0102485697	0.0235277348	0.00596981846	0.00418397597	0	70	0	0	3
5200	1153	0	2.03125	0.0107983005	0.0171391423	0.0102485697	0.0235277348	0.00596981846	0.00422403932	0	70.7	0	0	3
5205	1156	0	2.03320312	0.0108942475	0.0171156549	0.0102485697	0.0235277348	0.00596981846	0.00426302112	0	71.4	0	0	3
5210	1157	0	2.03515625	0.0109837333	0.01709198	0.0102485697	0.0235277348	0.00596981846	0.00429953243	0	72	0	0	3
5215	1158	0	2.03710938	0.0110631299	0.0170680731	0.0102485697	0.0235277348	0.00596981846	0.00433216358	0	72.5	0	0	3
5220	1159	0	2.0390625	0.0111302768	0.0170438711	0.0102485697	0.0235277348	0.00596981846	0.00436001292	0	73	0	0	3
5225	1160	0	2.04101562	0.0111833149	0.0170192921	0.0102485697	0.0235277348	0.00596981846	0.00438226336	0	73.4	0	0	3
5230	1161	0	2.04296875	0.0112228739	0.0169942554	0.0102485697	0.0235277348	0.00596981846	0.00439915057	0	73.6	0	0	3
5235	1162	0	2.04492188	0.0112512705	0.0169687005	0.0102485697	0.0235277348	0.00596981846	0.00441164626	0	73.8	0	0	3
5240	1163	0	2.046875	0.0112708442	0.0169425923	0.0102485697	0.0235277348	0.00596981846	0.00442065849	0	74	0	0	3
5245	1164	0	2.04882812	0.0112840885	0.0169159234	0.0102485697	0.0235277348	0.00596981846	0.00442711673	0	74.1	0	0	3
5250	1165	0	2.05078125	0.0112935309	0.0168887147	0.0102485697	0.0235277348	0.00596981846	0.00443197987	0	74.2	0	0	3
5255	1166	0	2.05273438	0.0113018259	0.0168610161	0.0102485697	0.0235277348	0.00596981846	0.00443637622	0	74.3	0	0	3
5260	1167	0	2.0546875	0.0113116128	0.0168329055	0.0102485697	0.0235277348	0.00596981846	0.00444135916	0	74.3	0	0	3
5265	1168	0	2.05664062	0.0113246164	0.0168044807	0.0102485697	0.0235277348	0.00596981846	0.00444757344	0	74.5	0	0	3
5270	1169	0	2.05859375	0.0113412082	0.0167758522	0.0102485697	0.0235277348	0.00596981846	0.00445514655	0	74.6	0	0	3
5275	1170	0	2.06054688	0.011360599	0.016747137	0.0102485697	0.0235277348	0.00596981846	0.00446385826	0	74.7	0	0	3
5280	1171	0	2.0625	0.0113807226	0.0167184349	0.0102485697	0.0235277348	0.00596981846	0.00447294296	0	74.9	0	0	3
5285	1172	0	2.06445312	0.0113998728	0.0166898292	0.0102485697	0.0235277348	0.00596981846	0.00448174067	0	75	0	0	3
5290	1173	0	2.06640625	0.011417098	0.0166516544	0.0102485697	0.0235277348	0.00596981846	0.00448977732	0	75.2	0	0	3
5295	1174	0	2.06835938	0.0114325314	0.016613651	0.0102485697	0.0235277348	0.00596981846	0.0044970083	0	75.3	0	0	3
5300	1175	0	2.0703125	0.0114474435	0.0165759237	0.0102485697	0.0235277348	0.00596981846	0.00450393736	0	75.4	0	0	3
5305	1177	0	2.07226562	0.0114637291	0.0165385315	0.0102485697	0.0235277348	0.00596981846	0.0045113248	0	75.5	0	0	3
5310	1178	0	2.07421875	0.0114834573	0.0165015655	0.0102485697	0.0235277348	0.00596981846	0.00451997382	0	75.7	0	0	3
5315	1179	0	2.07617188	0.0115087291	0.0164651297	0.0102485697	0.0235277348	0.00596981846	0.00453065851	0	75.8	0	0	3
5320	1180	0	2.078125	0.0115411279	0.0164292463	0.0102485697	0.0235277348	0.00596981846	0.00454409048	0	76.1	0	0	3
5325	1181	0	2.08007812	0.0115811977	0.0163939028	0.0102485697	0.0235277348	0.00596981846	0.00456062511	0	76.3	0	0	3
5330	1182	0	2.08203125	0.0116275435	0.0163590472	0.0102485697	0.0235277348	0.00596981846	0.00457975882	0	76.7	0	0	3
5335	1184	0	2.08398438	0.0116788097	0.0163246013	0.0102485697	0.0235277348	0.00596981846	0.00460091373	0	77	0	0	3
5340	1185	0	2.0859375	0.0117337067	0.0162904707	0.0102485697	0.0235277348	0.00596981846	0.00462349592	0	77.4	0	0	3
5345	1186	0	2.08789062	0.0121760086	0.0162580539	0.0102485697	0.0235277348	0.00596981846	0.00479674308	0	80.3	0	0	3
5350	1187	0	2.08984375	0.0122417697	0.016225781	0.0102485697	0.0235277348	0.00596981846	0.00482364873	0	80.8	0	0	3
5355	1188	0	2.09179688	0.0123001825	0.0161935377	0.0102485697	0.0235277348	0.00596981846	0.00484765681	0	81.2	0	0	3
5360	1189	0	2.09375	0.012359005	0.0161612436	0.0102485697	0.0235277348	0.00596981846	0.00487178221	0	81.6	0	0	3
5365	1190	0	2.09570312	0.012426716	0.0161288636	0.0102485697	0.0235277348	0.00596981846	0.00489937911	0	82	0	0	3
5370	1191	0	2.09765625	0.0124976774	0.0160963882	0.0102485697	0.0235277348	0.00596981846	0.00492828557	0	82.5	0	0	3
5375	1192	0	2.09960938	0.0125633194	0.016063798	0.0102485697	0.0235277348	0.00596981846	0.00495518069	0	83	0	0	3
5380	1193	0	2.1015625	0.0126217485	0.0160310667	0.0102485697	0.0235277348	0.00596981846	0.00497928515	0	83.4	0	0	3
5385	1194	0	2.10351562	0.0126750448	0.0159981704	0.0102485697	0.0235277348	0.00596981846	0.00500132998	0	83.7	0	0	3
5390	1195	0	2.10546875	0.0127244743	0.0159650862	0.0102485697	0.0235277348	0.00596981846	0.00502177692	0	84.1	0	0	3
5395	1196	0	2.10742188	0.0127699354	0.015931789	0.0102485697	0.0235277348	0.00596981846	0.00504066069	0	84.4	0	0	3
5400	1197	0	2.109375	0.0128106066	0.0158982484	0.0102485697	0.0235277348	0.00596981846	0.00505768815	0	84.7	0	0	3
5405	1199	0	2.11132812	0.0128464431	0.0158644365	0.0102485697	0.0235277348	0.00596981846	0.00507275574	0	84.9	0	0	3
5410	1200	0	2.11328125	0.0128793125	0.0158303402	0.0102485697	0.0235277348	0.00596981846	0.0050865002	0	85.2	0	0	3
5415	1201	0	2.11523438	0.0129121311	0.0157959698	0.0102485697	0.0235277348	0.00596981846	0.00510008019	0	85.4	0	0	3
5420	1202	0	2.1171875	0.0129474768	0.0157613624	0.0102485697	0.0235277348	0.00596981846	0.00511461462	0	85.6	0	0	3
5425	1203	0	2.11914062	0.0129867926	0.0157265826	0.0102485697	0.0235277348	0.00596981846	0.00513067856	0	85.9	0	0	3
5430	1204	0	2.12109375	0.0130305485	0.0156917195	0.0102485697	0.0235277348	0.00596981846	0.00514839598	0	86.2	0	0	3
5435	1205	0	2.12304688	0.0130786511	0.0156568888	0.0102485697	0.0235277348	0.00596981846	0.00516768134	0	86.5	0	0	3
5440	1206	0	2.125	0.0131301303	0.0156222067	0.0102485697	0.0235277348	0.00596981846	0.00518816547	0	86.9	0	0	3
5445	1207	0	2.12695312	0.0131831392	0.0155877736	0.0102485697	0.0235277348	0.00596971909	0.00520916266	0	87.2	0	0	3
5450	1208	0	2.12890625	0.0132357628	0.0155536708	0.0102485697	0.0235277348	0.00596917487	0.00522987214	0	87.6	0	0	3
5455	1209	0	2.13085938	0.0132867135	0.0155199748	0.0102485697	0.0235277348	0.00596167217	0.00524977397	0	88	0	0	3
5460	1210	0	2.1328125	0.013335417	0.015480161	0.0102485697	0.023429268	0.00595389258	0.00526866361	0	88.4	0	0	3
5465	1211	0	2.13476562	0.0133818053	0.0154409131	0.0102485697	0.0233128227	0.00594588702	0.0052867409	0	88.9	0	0	3
5470	1212	0	2.13671875	0.0134260765	0.015402293	0.0102485697	0.0231628161	0.00593776031	0.005304227	0	89.3	0	0	3
5475	1213	0	2.13867188	0.0134685271	0.0153644247	0.0102485697	0.0229901281	0.00592956965	0.00532124967	0	89.7	0	0	3
5480	1214	0	2.140625	0.0135094248	0.0153273907	0.0102485697	0.0228210189	0.00592126836	0.00533784724	0	90.1	0	0	3
5485	1215	0	2.14257812	0.0135489403	0.0152911716	0.0102485697	0.022775015	0.00591280136	0.0053540688	0	90.5	0	0	3
5490	1216	0	2.14453125	0.0135870988	0.0152557391	0.0102485697	0.022775015	0.00590406623	0.00536994596	0	90.9	0	0	3
5495	1217	0	2.14648438	0.0136237081	0.0152210175	0.0102485697	0.022775015	0.00589493212	0.00538533207	0	91.3	0	0	3
5500	1218	0	2.1484375	0.0136582163	0.0151868999	0.0102485697	0.022775015	0.00588526909	0.00539986477	0	91.7	0	0	3
5505	1220	0	2.15039062	0.0136899803	0.0151532721	0.0102485697	0.022775015	0.00587495224	0.00541319021	0	92.1	0	0	3
5510	1222	0	2.15234375	0.0137185267	0.0151200135	0.0102485697	0.022775015	0.00586386672	0.0054251076	0	92.5	0	0	3
5515	1223	0	2.15429688	0.014631412	0.0150904685	0.0102485697	0.022775015	0.00585192342	0.00578097761	0	98.7	0	0	3
5520	1224	0	2.15625	0.0146536702	0.0150610601	0.0102485697	0.022775015	0.0058390742	0.00578992311	0	99.1	0	0	3
5525	1225	0	2.15820312	0.0146678798	0.0150316834	0.0102485697	0.022775015	0.0058253136	0.00579543083	0	99.4	0	0	3
5530	1226	0	2.16015625	0.0146861043	0.0150023067	0.0102485697	0.022775015	0.00581066792	0.00580236651	0	99.8	0	0	3
5535	1227	0	2.16210938	0.014707797	0.0149729141	0.0102485697	0.022775015	0.00579518418	0.00581067568	0	100	0	0	3
5540	1228	0	2.1640625	0.0147304372	0.0149434909	0.0102485697	0.022775015	0.00577893372	0.00581944454	0	100	0	0	3
5545	1229	0	2.16601562	0.0147474475	0.0149140133	0.0102485697	0.022775015	0.00576200412	0.00582603857	0	100	0	0	3
5550	1230	0	2.16796875	0.014761573	0.0148844787	0.0102485697	0.022775015	0.00574448621	0.00583142524	0	100	0	0	3
5555	1231	0	2.16992188	0.0147792902	0.014854908	0.0102485697	0.022775015	0.00572646805	0.00583818804	0	100	0	0	3
5560	1232	0	2.171875	0.014802648	0.0148253242	0.0102485697	0.022775015	0.00570803199	0.00584724964	0	100	0	0	3
5565	1233	0	2.17382812	0.0148321157	0.0147957461	0.0102485697	0.022775015	0.00567236279	0.00585883037	0	100	0	0	3
5570	1234	0	2.17578125	0.0148667915	0.0147661859	0.0102485697	0.022775015	0.00563629652	0.0058724813	0	100	0	0	3
5575	1235	0	2.17773438	0.0149049832	0.0147366501	0.0102485697	0.022775015	0.0055999943	0.00588739538	0	100	0	0	3
5580	1236	0	2.1796875	0.0149458638	0.0147071486	0.0102485697	0.022775015	0.00556353632	0.0059032719	0	100	0	0	3
5585	1237	0	2.18164062	0.0149896665	0.0146777049	0.0102485697	0.022775015	0.00552699958	0.00592024199	0	100	0	0	3
5590	1238	0	2.18359375	0.0150364754	0.0146483608	0.0102485697	0.022775015	0.00549048781	0.005938272	0	100	0	0	3
5595	1239	0	2.18554688	0.0150857365	0.0146191739	0.0102485697	0.022775015	0.00545407497	0.00595698472	0	100	0	0	3
5600	1240	0	2.1875	0.0151367166	0.0145902098	0.0102485697	0.022775015	0.00541776172	0.0059760107	0	100	0	0	3
5605	1242	0	2.18945312	0.0151891023	0.0145615327	0.0102485697	0.022775015	0.00538152572	0.00599539694	0	100	0	0	3
5610	1244	0	2.19140625	0.0152430711	0.0145332111	0.0102485697	0.022775015	0.00534533063	0.00601531979	0	100	0	0	3
5615	1245	0	2.19335938	0.0152990641	0.0145053224	0.0102485697	0.022775015	0.005309136	0.00603589052	0	100	0	0	3
5620	1246	0	2.1953125	0.0153569452	0.0144779546	0.0102485697	0.022775015	0.00527089926	0.00605693108	0	100	0	0	3
5625	1247	0	2.19726562	0.0154157916	0.0144492076	0.0102485697	0.0226491445	0.00523258036	0.00607817068	0	100	0	0	3
5630	1248	0	2.19921875	0.015474079	0.01442118	0.0102485697	0.0225105489	0.00519410078	0.00609929859	0	100	0	0	3
5635	1249	0	2.20117188	0.0155299323	0.014393912	0.0102485697	0.022359112	0.00515541658	0.00611987304	0	100	0	0	3
5640	1250	0	2.203125	0.0155815947	0.0143674373	0.0102485697	0.0222004085	0.00511649931	0.00613925712	0	100	0	0	3
5645	1251	0	2.20507812	0.0156276323	0.0143417624	0.0102485697	0.0220385352	0.00507733529	0.00615680016	0	100	0	0	3
5650	1252	0	2.20703125	0.0156669451	0.0143168734	0.0102485697	0.0218801623	0.00503790432	0.00617205546	0	100	0	0	3
5655	1253	0	2.20898438	0.0156987954	0.0142927274	0.0102485697	0.0217315515	0.00499816556	0.00618465606	0	100	0	0	3
5660	1254	0	2.2109375	0.0157227041	0.0142692554	0.0102485697	0.0215984405	0.00495805685	0.00619428219	0	100	0	0	3
5665	1255	0	2.21289062	0.0157382466	0.014246364	0.0102485697	0.021484493	0.00491750626	0.00620055915	0	100	0	0	3
5670	1256	0	2.21484375	0.0157454525	0.0142239458	0.0102485697	0.0213907658	0.00487643856	0.00620335855	0	100	0	0	3
5675	1257	0	2.21679688	0.0157448756	0.0142018916	0.0102485697	0.0213165481	0.00483478658	0.00620294902	0	100	0	0	3
5680	1258	0	2.21875	0.0167039089	0.0141838735	0.0102485697	0.021260014	0.00479250611	0.00657343893	0	100	0	0	3
5685	1259	0	2.22070312	0.0166999344	0.0141660607	0.0102485697	0.0212178027	0.00474958722	0.0065709935	0	100	0	0	3
5690	1260	0	2.22265625	0.0166770284	0.0141483233	0.0102485697	0.0211851931	0.00470606139	0.00656065763	0	100	0	0	3
5695	1261	0	2.22460938	0.0166562337	0.014130632	0.0102485697	0.0211575174	0.00466199975	0.00655094418	0	100	0	0	3
5700	1262	0	2.2265625	0.0166348971	0.0141129655	0.0102485697	0.0211311236	0.00461750948	0.00654097703	0	100	0	0	3
5705	1264	0	2.22851562	0.01660859	0.0140952994	0.0102485697	0.0211032935	0.00457272786	0.00652906449	0	100	0	0	3
5710	1265	0	2.23046875	0.0165831558	0.0140776426	0.0102485697	0.0210722384	0.00452780155	0.0065175167	0	100	0	0	3
5715	1266	0	2.23242188	0.0165589552	0.0140600126	0.0102485697	0.021037291	0.00448288318	0.00650640853	0	100	0	0	3
5720	1267	0	2.234375	0.0165409912	0.0140424489	0.0102485697	0.0209990487	0.00443811704	0.00649775432	0	100	0	0	3
5725	1268	0	2.23632812	0.0165325388	0.0140250016	0.0102485697	0.0209589813	0.00439364346	0.00649292234	0	100	0	0	3
5730	1269	0	2.23828125	0.0165343593	0.0140077179	0.0102485697	0.0209186919	0.00433207759	0.00649222945	0	100	0	0	3
5735	1270	0	2.24023438	0.0165456649	0.0139906358	0.0102485697	0.0208791651	0.00427106203	0.00649526787	0	100	0	0	3
5740	1271	0	2.2421875	0.0165650314	0.0139737837	0.0102485697	0.0208405972	0.00421076821	0.00650142476	0	100	0	0	3
5745	1272	0	2.24414062	0.0165919943	0.0139571876	0.0102485697	0.0208025086	0.00415120788	0.0065105803	0	100	0	0	3
5750	1274	0	2.24609375	0.0166260067	0.0139408731	0.0102485697	0.0207636886	0.00409251443	0.00652252316	0	100	0	0	3
5755	1275	0	2.24804688	0.0166639325	0.0139248585	0.0102485697	0.0207222689	0.00403491233	0.00653586022	0	100	0	0	3
5760	1276	0	2.25	0.0167025951	0.0139091566	0.0102485697	0.0206760427	0.00397831852	0.00654915125	0	100	0	0	3
5765	1277	0	2.25195312	0.0167404464	0.0138937832	0.0102485697	0.0206229297	0.00392250822	0.00656180051	0	100	0	0	3
5770	1278	0	2.25390625	0.0167774206	0.0138787617	0.0102485697	0.0205612037	0.0038672894	0.00657390844	0	100	0	0	3
5775	1279	0	2.25585938	0.0168142303	0.0138641251	0.0102485697	0.020489504	0.00381252838	0.00658585525	0	100	0	0	3
5780	1280	0	2.2578125	0.0168518277	0.0138499154	0.0102485697	0.0204075142	0.00376314013	0.00659793144	0	100	0	0	3
5785	1281	0	2.25976562	0.0168912239	0.0138361799	0.0102485697	0.0196414114	0.00377687564	0.00661040673	0	100	0	0	3
5790	1282	0	2.26171875	0.0169329495	0.0138255999	0.0102485697	0.0195329955	0.00378745557	0.00662357458	0	100	0	0	3
5795	1283	0	2.26367188	0.0169763809	0.0138156132	0.0102485697	0.0194282036	0.00379744235	0.00663747403	0	100	0	0	3
5800	1284	0	2.265625	0.0170199971	0.0138062061	0.0102485697	0.0193279842	0.00380684941	0.00665180057	0	100	0	0	3
5805	1286	0	2.26757812	0.0170615245	0.0137973527	0.0102485697	0.0192167388	0.00381570276	0.00666575045	0	100	0	0	3
5810	1287	0	2.26953125	0.0170985526	0.0137890786	0.0102485697	0.0191023395	0.00382397693	0.00667843051	0	100	0	0	3
5815	1288	0	2.27148438	0.0171286829	0.013781369	0.0102485697	0.0189953445	0.00383168652	0.0066889153	0	100	0	0	3
5820	1289	0	2.2734375	0.0171496539	0.0137741593	0.0102485697	0.0188965895	0.00383889625	0.00669621671	0	100	0	0	3
5825	1290	0	2.27539062	0.0171601657	0.0137673764	0.0102485697	0.0188049303	0.00384567916	0.00669961359	0	100	0	0	3
5830	1291	0	2.27734375	0.0171607934	0.0137609539	0.0102485697	0.0187206551	0.00385210157	0.00669909472	0	100	0	0	3
5835	1292	0	2.27929688	0.017152634	0.0137548289	0.0102485697	0.0186434589	0.00385822665	0.00669499814	0	100	0	0	3
5840	1293	0	2.28125	0.0171359925	0.0137489403	0.0102485697	0.0185722351	0.00386411519	0.00668744811	0	100	0	0	3
5845	1294	0	2.28320312	0.017110648	0.013743231	0.0102485697	0.0185059443	0.00386982452	0.0066763252	0	100	0	0	3
5850	1295	0	2.28515625	0.0177954561	0.0137404557	0.0102485697	0.0184437227	0.00387259986	0.00693639742	0	100	0	0	3
5855	1296	0	2.28710938	0.0177528472	0.0137377569	0.0102485697	0.0183839962	0.00387529859	0.00691763142	0	100	0	0	3
5860	1297	0	2.2890625	0.0177075995	0.0137351147	0.0102485697	0.0183242434	0.00387794077	0.00689765237	0	100	0	0	3
5865	1299	0	2.29101562	0.0176600498	0.0137325202	0.0102485697	0.0182619035	0.00388053527	0.00687670787	0	100	0	0	3
5870	1300	0	2.29296875	0.0176061415	0.0137299587	0.0102485697	0.0181946731	0.00388309685	0.00685323622	0	100	0	0	3
5875	1301	0	2.29492188	0.017552736	0.0137274511	0.0102485697	0.0181212673	0.00388560441	0.00682992927	0	100	0	0	3
5880	1302	0	2.296875	0.0175012426	0.0137250291	0.0102485697	0.0180415835	0.00388802638	0.00680735515	0	100	0	0	3
5885	1303	0	2.29882812	0.0174571646	0.0137227462	0.0102485697	0.0179575744	0.00389030927	0.00678774796	0	100	0	0	3
5890	1304	0	2.30078125	0.0174234805	0.0137206599	0.0102485697	0.0178721124	0.00389239557	0.00677229231	0	100	0	0	3
5895	1305	0	2.30273438	0.0174013284	0.0137188209	0.0102485697	0.0177954561	0.00389423457	0.00676137057	0	100	0	0	3
5900	1306	0	2.3046875	0.017390662	0.0137172703	0.0102485697	0.0177954561	0.00389578523	0.00675490693	0	100	0	0	3
5905	1309	0	2.30664062	0.0173898924	0.0137160371	0.0102485697	0.0177954561	0.00389701845	0.00675232516	0	100	0	0	3
5910	1310	0	2.30859375	0.017396733	0.0137151393	0.0102485697	0.0177954561	0.00389791624	0.00675277293	0	100	0	0	3
5915	1311	0	2.31054688	0.0174087	0.0137145852	0.0102485697	0.0177954561	0.00389847036	0.00675523624	0	100	0	0	3
5920	1312	0	2.3125	0.0174239648	0.0137143766	0.0102485697	0.0177954561	0.00389867896	0.00675889619	0	100	0	0	3
5925	1313	0	2.31445312	0.0174409412	0.0137145095	0.0102485697	0.0177954561	0.00389867896	0.00676304317	0	100	0	0	3
5930	1314	0	2.31640625	0.0174576477	0.0137149715	0.0102485697	0.0177954561	0.00389867896	0.00676692873	0	100	0	0	3
5935	1315	0	2.31835938	0.0174731617	0.0137157452	0.0102485697	0.0177954561	0.00389867896	0.00677025911	0	100	0	0	3
5940	1316	0	2.3203125	0.0174874325	0.0137168104	0.0102485697	0.0177954561	0.00389867896	0.00677303372	0	100	0	0	3
5945	1317	0	2.32226562	0.0175008289	0.0137181461	0.0102485697	0.0177954561	0.00389867896	0.0067753157	0	100	0	0	3
5950	1318	0	2.32421875	0.0175140204	0.0137197314	0.0102485697	0.0177954561	0.00389867896	0.00677726104	0	100	0	0	3
5955	1319	0	2.32617188	0.0175279082	0.013721548	0.0102485697	0.0177954561	0.00389867896	0.00677937446	0	100	0	0	3
5960	1320	0	2.328125	0.0175430561	0.0137294329	0.0102485697	0.0177954561	0.00389867896	0.0067819994	0	100	0	0	3
5965	1321	0	2.33007812	0.0175591982	0.0137375638	0.0102485697	0.0177954561	0.00389867896	0.00678518223	0	100	0	0	3
5970	1322	0	2.33203125	0.0175751187	0.013745878	0.0102485697	0.0177954561	0.00389867896	0.00678854574	0	100	0	0	3
5975	1323	0	2.33398438	0.0175889041	0.0137543617	0.0102485697	0.0177954561	0.00389867896	0.00679143237	0	100	0	0	3
5980	1324	0	2.3359375	0.0175983471	0.0137629899	0.0102485697	0.0177954561	0.00389867896	0.00679309823	0	100	0	0	3
5985	1325	0	2.33789062	0.017601845	0.0137717296	0.0102485697	0.0177954561	0.00389867896	0.0067928044	0	100	0	0	3
5990	1326	0	2.33984375	0.0175986862	0.0137805611	0.0102485697	0.0177954561	0.00389867896	0.00679014387	0	100	0	0	3
5995	1327	0	2.34179688	0.0175886384	0.0137894617	0.0102485697	0.0177954561	0.00389867896	0.00678479143	0	100	0	0	3
6000	1329	0	2.34375	0.0175711162	0.013798407	0.0102485697	0.0177954561	0.00389867896	0.00677648745	0	100	0	0	3
6005	1331	0	2.34570312	0.0175450912	0.0138073761	0.0102485697	0.0177954561	0.00389867896	0.00676483102	0	100	0	0	3
6010	1332	0	2.34765625	0.0175112083	0.0138163666	0.0102485697	0.0177954561	0.00389867896	0.00675000546	0	100	0	0	3
6015	1333	0	2.34960938	0.0177499221	0.0138264812	0.0102485697	0.0177954561	0.00389867896	0.00683795882	0	100	0	0	3
6020	1334	0	2.3515625	0.0177053171	0.0138366515	0.0102485697	0.0177954561	0.00389867896	0.00681850524	0	100	0	0	3
6025	1335	0	2.35351562	0.0176551454	0.0138468898	0.0102485697	0.0177954561	0.00389867896	0.00679673962	0	100	0	0	3
6030	1336	0	2.35546875	0.017601046	0.0138572078	0.0102485697	0.0177954561	0.00389867896	0.00677341864	0	100	0	0	3
6035	1337	0	2.35742188	0.0175456703	0.0138676206	0.0102485697	0.0177954561	0.00389867896	0.00674960507	0	100	0	0	3
6040	1338	0	2.359375	0.0174895623	0.0138781382	0.0102485697	0.0177954561	0.00389867896	0.00672545562	0	100	0	0	3
6045	1339	0	2.36132812	0.01743384	0.0138887716	0.0102485697	0.0177954561	0.00389867896	0.00670139944	0	100	0	0	3
6050	1340	0	2.36328125	0.0173820979	0.0138995458	0.0102485697	0.0177954561	0.00389867896	0.0066789569	0	100	0	0	3
6055	1341	0	2.36523438	0.0173371	0.0139104997	0.0102485697	0.0177954561	0.00389867896	0.00665917399	0	100	0	0	3
6060	1342	0	2.3671875	0.017300783	0.0139216792	0.0102485697	0.0177954561	0.00389867896	0.00664276323	0	100	0	0	3
6065	1344	0	2.36914062	0.0172732318	0.013933127	0.0102485697	0.0177954561	0.00389867896	0.0066296922	0	100	0	0	3
6070	1345	0	2.37109375	0.017253308	0.0139448745	0.0102485697	0.0177954561	0.00389867896	0.00661962802	0	100	0	0	3
6075	1346	0	2.37304688	0.0172392359	0.0139569367	0.0102485697	0.0177954561	0.00389867896	0.00661191874	0	100	0	0	3
6080	1347	0	2.375	0.0172294369	0.013969312	0.0102485697	0.0177954561	0.00389867896	0.00660592906	0	100	0	0	3
6085	1348	0	2.37695312	0.0172224995	0.0139819836	0.0102485697	0.0177954561	0.00389867896	0.00660107615	0	100	0	0	3
6090	1349	0	2.37890625	0.0172168174	0.0139949196	0.0102485697	0.0177954561	0.00389867896	0.00659666239	0	100	0	0	3
6095	1350	0	2.38085938	0.0172110409	0.0140080765	0.0102485697	0.0177954561	0.00389867896	0.00659224882	0	100	0	0	3
6100	1351	0	2.3828125	0.0172042856	0.0140214038	0.0102485697	0.0177954561	0.00389867896	0.00658751626	0	100	0	0	3
6105	1354	0	2.38476562	0.0171961019	0.0140348469	0.0102485697	0.0177954561	0.00389867896	0.00658221567	0	100	0	0	3
6110	1355	0	2.38671875	0.0171865528	0.0140483496	0.0102485697	0.0177954561	0.00389867896	0.00657635901	0	100	0	0	3
6115	1356	0	2.38867188	0.0171760898	0.0140618562	0.0102485697	0.0177954561	0.00389867896	0.00657003213	0	100	0	0	3
6120	1357	0	2.390625	0.0171652303	0.014075312	0.0102485697	0.0177954561	0.00389867896	0.00656355845	0	100	0	0	3
6125	1358	0	2.39257812	0.017154329	0.0140952924	0.0102485697	0.0177954561	0.00389867896	0.00655707355	0	100	0	0	3
6130	1359	0	2.39453125	0.0171437887	0.014115165	0.0102485697	0.0177954561	0.00389867896	0.00655078929	0	100	0	0	3
6135	1360	0	2.39648438	0.0171337249	0.0141348616	0.0102485697	0.0177954561	0.00389867896	0.00654476008	0	100	0	0	3
6140	1361	0	2.3984375	0.0171238311	0.0141543714	0.0102485697	0.0177954561	0.00389867896	0.00653890863	0	100	0	0	3
6145	1362	0	2.40039062	0.0171134459	0.0141736479	0.0102485697	0.0177954561	0.00389867896	0.00653307349	0	100	0	0	3
6150	1363	0	2.40234375	0.0171013158	0.0141926122	0.0102485697	0.0177954561	0.00389867896	0.00652669744	0	100	0	0	3
6155	1364	0	2.40429688	0.0170859561	0.0142112898	0.0102485697	0.0177954561	0.00389867896	0.00651913269	0	100	0	0	3
6160	1366	0	2.40625	0.0170664378	0.0142297402	0.0102485697	0.0177954561	0.00389867896	0.00650993759	0	100	0	0	3
6165	1367	0	2.40820312	0.017042558	0.0142480083	0.0102485697	0.0177954561	0.00389867896	0.00649908336	0	100	0	0	3
6170	1368	0	2.41015625	0.0170146281	0.0142661273	0.0102485697	0.0177954561	0.00389867896	0.00648667237	0	100	0	0	3
6175	1369	0	2.41210938	0.0169834175	0.0142841369	0.0102485697	0.0177954561	0.00389867896	0.00647298337	0	100	0	0	3
6180	1370	0	2.4140625	0.0167755115	0.0143014014	0.0102485697	0.0177954561	0.00389867896	0.00639308062	0	100	0	0	3
6185	1371	0	2.41601562	0.0167363357	0.0143186304	0.0102485697	0.0177954561	0.00389867896	0.00637630914	0	100	0	0	3
6190	1372	0	2.41796875	0.0166974763	0.0143358789	0.0102485697	0.0177954561	0.00389867896	0.00635968934	0	100	0	0	3
6195	1373	0	2.41992188	0.0166584833	0.014353195	0.0102485697	0.0177954561	0.00389867896	0.00634310258	0	100	0	0	3
6200	1374	0	2.421875	0.0166177924	0.0143706006	0.0102485697	0.0177954561	0.00389867896	0.0063258122	0	100	0	0	3
6205	1376	0	2.42382812	0.016576166	0.0143881048	0.0102485697	0.0177954561	0.00389867896	0.00630808513	0	100	0	0	3
6210	1377	0	2.42578125	0.0165355364	0.0144057152	0.0102485697	0.0177954561	0.00389867896	0.00629079364	0	100	0	0	3
6215	1378	0	2.42773438	0.0164971657	0.0144234425	0.0102485697	0.0177954561	0.00389867896	0.00627440116	0	100	0	0	3
6220	1379	0	2.4296875	0.0164618982	0.0144413054	0.0102485697	0.0177954561	0.00389867896	0.00625916823	0	100	0	0	3
6225	1380	0	2.43164062	0.0164298432	0.0144593291	0.0102485697	0.0177954561	0.00389867896	0.00624510739	0	100	0	0	3
6230	1381	0	2.43359375	0.0164009447	0.0144775372	0.0102485697	0.0177954561	0.00389867896	0.00623228474	0	100	0	0	3
6235	1382	0	2.43554688	0.0163751829	0.0144959466	0.0102485697	0.0177954561	0.00389867896	0.00622072196	0	100	0	0	3
6240	1384	0	2.4375	0.0163524763	0.014514563	0.0102485697	0.0177954561	0.00389867896	0.00621041344	0	100	0	0	3
6245	1385	0	2.43945312	0.0163319318	0.0145333765	0.0102485697	0.0177954561	0.00389867896	0.0062009892	0	100	0	0	3
6250	1386	0	2.44140625	0.0163126126	0.0145523614	0.0102485697	0.0177954561	0.00389867896	0.00619206186	0	100	0	0	3
6255	1387	0	2.44335938	0.0162933678	0.0145714766	0.0102485697	0.0177954561	0.00389867896	0.0061832773	0	100	0	0	3
6260	1388	0	2.4453125	0.0162731542	0.0145906698	0.0102485697	0.0177954561	0.00389867896	0.00617424284	0	100	0	0	3
6265	1389	0	2.44726562	0.0162512336	0.0146098839	0.0102485697	0.0177954561	0.00389867896	0.0061646371	0	100	0	0	3
6270	1390	0	2.44921875	0.0162271522	0.0146290566	0.0102485697	0.0177954561	0.00389867896	0.00615422103	0	100	0	0	3
6275	1391	0	2.45117188	0.0162010657	0.0146481205	0.0102485697	0.0177954561	0.00389867896	0.00614313092	0	100	0	0	3
6280	1392	0	2.453125	0.016173659	0.0146670079	0.0102485697	0.0177954561	0.00389867896	0.00613165387	0	100	0	0	3
6285	1393	0	2.45507812	0.016145727	0.0146856481	0.0102485697	0.0177954561	0.00389867896	0.00612009752	0	100	0	0	3
6290	1394	0	2.45703125	0.0161177036	0.0147039687	0.0102485697	0.0177954561	0.00389644531	0.00610850018	0	100	0	0	3
6295	1395	0	2.45898438	0.0160901408	0.0147267874	0.0103274242	0.0177954561	0.00389411634	0.00609706245	0	100	0	0	3
6300	1397	0	2.4609375	0.0160633076	0.0147491931	0.0104033203	0.0177954561	0.00389166587	0.00608586803	0	100	0	0	3
6305	1399	0	2.46289062	0.0160373001	0.0147712009	0.010425244	0.0177954561	0.00388912345	0.00607499399	0	100	0	0	3
6310	1400	0	2.46484375	0.0160121362	0.0147927533	0.010425244	0.0177954561	0.00388653313	0.00606434981	0	100	0	0	3
6315	1401	0	2.46679688	0.0159877726	0.014813771	0.010425244	0.0177954561	0.00388382084	0.00605381705	0	100	0	0	3
6320	1402	0	2.46875	0.0159641504	0.0148342928	0.010425244	0.0177954561	0.00388087851	0.00604346148	0	100	0	0	3
6325	1403	0	2.47070312	0.0159412827	0.0148543969	0.010425244	0.0177954561	0.00387760809	0.00603340189	0	100	0	0	3
6330	1404	0	2.47265625	0.0159192976	0.0148741605	0.010425244	0.0177954561	0.00387393611	0.00602370948	0	100	0	0	3
6335	1405	0	2.47460938	0.0158983882	0.0148936469	0.010425244	0.0177954561	0.00386980306	0.00601438507	0	100	0	0	3
6340	1406	0	2.4765625	0.0158787364	0.0149129166	0.010425244	0.0177954561	0.00386514393	0.00600545052	0	100	0	0	3
6345	1407	0	2.47851562	0.0158604741	0.0149320441	0.010425244	0.0177954561	0.00385990269	0.00599716524	0	100	0	0	3
6350	1408	0	2.48046875	0.0153511914	0.014949178	0.010425244	0.0177954561	0.00385404718	0.00580647192	0	100	0	0	3
6355	1409	0	2.48242188	0.0153305203	0.0149662754	0.010425244	0.0177954561	0.00384756133	0.00579767167	0	100	0	0	3
6360	1411	0	2.484375	0.0153162235	0.0149833983	0.010425244	0.0177954561	0.00384044083	0.00579130819	0	100	0	0	3
6365	1412	0	2.48632812	0.0153021325	0.0150005775	0.010425244	0.0177954561	0.00383270112	0.0057850576	0	100	0	0	3
6370	1413	0	2.48828125	0.0152899095	0.0150178344	0.010425244	0.0177954561	0.003824376	0.00577957722	0	100	0	0	3
6375	1414	0	2.49023438	0.0152776906	0.0150351703	0.010425244	0.0177954561	0.00381551098	0.00577415049	0	100	0	0	3
6380	1415	0	2.4921875	0.0152641433	0.0150525752	0.010425244	0.0177954561	0.00380615587	0.00576821553	0	100	0	0	3
6385	1416	0	2.49414062	0.0152507004	0.0150700451	0.010425244	0.0177954561	0.00379635939	0.00576221784	0	100	0	0	3
6390	1417	0	2.49609375	0.0152366844	0.0150875791	0.010425244	0.0177954561	0.00378616888	0.00575597512	0	100	0	0	3
6395	1418	0	2.49804688	0.0152210872	0.0151051784	0.010425244	0.0177954561	0.00377563693	0.00574918885	0	100	0	0	3
6400	1419	0	2.5	0.0152030372	0.0151228394	0.010425244	0.0177954561	0.00375466196	0.00574152256	0	100	0	0	3
6405	1421	0	2.50195312	0.015182641	0.0151405517	0.010425244	0.0177954561	0.00373346514	0.00573295146	0	100	0	0	3
6410	1422	0	2.50390625	0.0151602913	0.0151582957	0.010425244	0.0177954561	0.00371210816	0.00572365657	0	100	0	0	3
6415	1423	0	2.50585938	0.0151363119	0.0151760445	0.010425244	0.0177954561	0.00369063593	0.00571384493	0	100	0	0	3
6420	1425	0	2.5078125	0.0151110231	0.0151937666	0.010425244	0.0177954561	0.00366906943	0.00570364926	0	100	0	0	3
6425	1426	0	2.50976562	0.0150845003	0.0152114252	0.010425244	0.0177954561	0.00364744598	0.00569313434	0	100	0	0	3
6430	1427	0	2.51171875	0.015056655	0.015228977	0.010425244	0.0177954561	0.00362585192	0.00568218173	0	100	0	0	3
6435	1428	0	2.51367188	0.0150273341	0.0152463721	0.010425244	0.0177954561	0.00360434007	0.00567079076	0	100	0	0	3
6440	1429	0	2.515625	0.0149963678	0.0152635474	0.010425244	0.0177954561	0.00358292041	0.00565887305	0	100	0	0	3
6445	1430	0	2.51757812	0.0149639393	0.0152804311	0.010425244	0.0177954561	0.00356157653	0.00564653684	0	100	0	0	3
6450	1431	0	2.51953125	0.0149306209	0.0152969549	0.010425244	0.0177954561	0.0035402807	0.00563398646	0	100	0	0	3
6455	1432	0	2.52148438	0.0148969874	0.015313071	0.010425244	0.0177954561	0.00351733438	0.00562138727	0	100	0	0	3
6460	1433	0	2.5234375	0.0148635	0.0153304079	0.0105120499	0.0177954561	0.00349435312	0.00560885247	0	100	0	0	3
6465	1434	0	2.52539062	0.0148306722	0.0153472775	0.0106025277	0.0177954561	0.00347128123	0.00559658709	0	100	0	0	3
6470	1435	0	2.52734375	0.0147991495	0.0153636706	0.0106995205	0.0177954561	0.00344809276	0.00558470338	0	100	0	0	3
6475	1437	0	2.52929688	0.0147696739	0.0153795696	0.0107983005	0.0177954561	0.00342476574	0.00557328725	0	100	0	0	3
6480	1438	0	2.53125	0.0147430012	0.0153949786	0.0108942475	0.0177954561	0.00340127837	0.0055626458	0	100	0	0	3
6485	1439	0	2.53320312	0.0147197668	0.0154099221	0.0109837333	0.0177954561	0.00337760344	0.00555309368	0	100	0	0	3
6490	1440	0	2.53515625	0.0147004936	0.0154244407	0.0110631299	0.0177954561	0.00335369658	0.00554498948	0	100	0	0	3
6495	1441	0	2.53710938	0.0146855472	0.0154385907	0.0111302768	0.0177954561	0.00332949459	0.00553848329	0	100	0	0	3
6500	1442	0	2.5390625	0.0146750922	0.0154524377	0.0111833149	0.0177954561	0.00330491555	0.00553361617	0	100	0	0	3
6505	1444	0	2.54101562	0.014669107	0.015466054	0.0112228739	0.0177954561	0.00327987889	0.00553048365	0	100	0	0	3
6510	1445	0	2.54296875	0.0146673817	0.0154795091	0.0112512705	0.0177954561	0.00325432398	0.00552905183	0	100	0	0	3
6515	1446	0	2.54492188	0.0140846654	0.0154905771	0.0112708442	0.0177954561	0.00322821578	0.00531211705	0	100	0	0	3
6520	1448	0	2.546875	0.0140847947	0.0155015691	0.0112840885	0.0177954561	0.00320154687	0.00531177006	0	100	0	0	3
6525	1449	0	2.54882812	0.0140905517	0.0155125318	0.0112935309	0.0177954561	0.00317433813	0.00531365635	0	100	0	0	3
6530	1450	0	2.55078125	0.0140990621	0.0155234909	0.0113018259	0.0177954561	0.00314663951	0.00531664124	0	100	0	0	3
6535	1451	0	2.55273438	0.0141133045	0.0155344733	0.0113116128	0.0177954561	0.00311852894	0.00532191308	0	100	0	0	3
6540	1452	0	2.5546875	0.0141329069	0.015545494	0.0113246164	0.0177954561	0.00309010412	0.00532935321	0	100	0	0	3
6545	1453	0	2.55664062	0.01414834	0.0155565241	0.0113412082	0.0177954561	0.00306147566	0.00533512809	0	100	0	0	3
6550	1454	0	2.55859375	0.0141584569	0.015567529	0.011360599	0.0177954561	0.0030327605	0.0053388338	0	100	0	0	3
6555	1455	0	2.56054688	0.0141646269	0.0155784822	0.0113807226	0.0177954561	0.00300405834	0.00534106919	0	100	0	0	3
6560	1456	0	2.5625	0.0141665581	0.0155893644	0.0113998728	0.0177954561	0.00297545265	0.00534169774	0	100	0	0	3
6565	1457	0	2.56445312	0.0141636708	0.0156001605	0.011417098	0.0177954561	0.00293727783	0.00534056256	0	100	0	0	3
6570	1458	0	2.56640625	0.0141558994	0.0156108589	0.0114325314	0.0177954561	0.00289927446	0.00533751348	0	100	0	0	3
6575	1459	0	2.56835938	0.0141433113	0.0156214479	0.0114474435	0.0177954561	0.0028615472	0.00533260062	0	100	0	0	3
6580	1461	0	2.5703125	0.0141264513	0.0156319128	0.0114637291	0.0177954561	0.00282415494	0.00532616815	0	100	0	0	3
6585	1462	0	2.57226562	0.0141063635	0.0156422356	0.0114834573	0.0177954561	0.00278718891	0.00531859866	0	100	0	0	3
6590	1463	0	2.57421875	0.014084329	0.0156523952	0.0115087291	0.0177954561	0.00275075313	0.00531035223	0	100	0	0	3
6595	1464	0	2.57617188	0.0140612504	0.015662366	0.0115411279	0.0177954561	0.00271486977	0.00530170629	0	100	0	0	3
6600	1465	0	2.578125	0.0140374863	0.0156721174	0.0115811977	0.0177954561	0.00267952621	0.00529290884	0	100	0	0	3
6605	1468	0	2.58007812	0.0140129426	0.0156816164	0.0116275435	0.0177954561	0.00264467063	0.00528398768	0	100	0	0	3
6610	1469	0	2.58203125	0.0139874845	0.0156908349	0.0116788097	0.0177954561	0.00261022478	0.00527486667	0	100	0	0	3
6615	1470	0	2.58398438	0.0139606971	0.0156997486	0.0117337067	0.0177954561	0.00257609418	0.00526530875	0	100	0	0	3
6620	1471	0	2.5859375	0.0139329419	0.0157083393	0.0121760086	0.0177954561	0.0025436773	0.00525544221	0	100	0	0	3
6625	1472	0	2.58789062	0.0139045779	0.0157150916	0.0122417697	0.0177954561	0.0025114044	0.00524544469	0	100	0	0	3
6630	1473	0	2.58984375	0.0138762547	0.0157214763	0.0123001825	0.0177954561	0.00247916119	0.00523544176	0	100	0	0	3
6635	1474	0	2.59179688	0.0138489323	0.0157275261	0.012359005	0.0177954561	0.00244686702	0.00522570136	0	100	0	0	3
6640	1476	0	2.59375	0.01382376	0.0157332478	0.012426716	0.0177954561	0.00241448707	0.00521649578	0	100	0	0	3
6645	1477	0	2.59570312	0.0138019079	0.0157386196	0.0124976774	0.0177954561	0.00238201168	0.00520829198	0	100	0	0	3
6650	1478	0	2.59765625	0.0137844528	0.0157436461	0.0125633194	0.0177954561	0.00234942147	0.00520149508	0	100	0	0	3
6655	1479	0	2.59960938	0.0137721033	0.0157483679	0.0126217485	0.0177954561	0.00231669015	0.00519654231	0	100	0	0	3
6660	1480	0	2.6015625	0.0137654705	0.0157528356	0.0126750448	0.0177954561	0.00228379383	0.00519364275	0	100	0	0	3
6665	1481	0	2.60351562	0.0137649397	0.015757093	0.0127244743	0.0177954561	0.00225070966	0.00519302599	0	100	0	0	3
6670	1482	0	2.60546875	0.0137705627	0.0157611792	0.0127699354	0.0177954561	0.0022174124	0.00519476042	0	100	0	0	3
6675	1483	0	2.60742188	0.013782002	0.0157651326	0.0128106066	0.0177954561	0.00218387185	0.00519881868	0	100	0	0	3
6680	1484	0	2.609375	0.0137989413	0.0157689933	0.0128464431	0.0177954561	0.00215005994	0.0052050805	0	100	0	0	3
6685	1485	0	2.61132812	0.0133608925	0.0157710029	0.0128793125	0.0177954561	0.00211596362	0.00504229874	0	100	0	0	3
6690	1486	0	2.61328125	0.0133834201	0.015772972	0.0129121311	0.0177954561	0.00208159327	0.00505091284	0	100	0	0	3
6695	1488	0	2.61523438	0.0134082553	0.01577491	0.0129474768	0.0177954561	0.00206053348	0.00506048238	0	100	0	0	3
6700	1489	0	2.6171875	0.0134402221	0.0157768348	0.0129867926	0.0177954561	0.00206245826	0.00507287714	0	100	0	0	3
6705	1491	0	2.61914062	0.013477427	0.0157787514	0.0130305485	0.0177954561	0.0020643748	0.00508730973	0	100	0	0	3
6710	1492	0	2.62109375	0.0135102316	0.0157806251	0.0130786511	0.0177954561	0.00206624857	0.00510009424	0	100	0	0	3
6715	1493	0	2.62304688	0.0135369519	0.0157824154	0.0131301303	0.0177954561	0.0020680388	0.00511049218	0	100	0	0	3
6720	1494	0	2.625	0.0135589565	0.0157840905	0.0131831392	0.0177954561	0.00206971391	0.00511917488	0	100	0	0	3
6725	1495	0	2.62695312	0.0135760133	0.0157856251	0.0132357628	0.0177954561	0.00207124857	0.0051260008	0	100	0	0	3
6730	1496	0	2.62890625	0.0135872118	0.015786998	0.0132867135	0.0177954561	0.00207262142	0.00513058935	0	100	0	0	3
6735	1497	0	2.63085938	0.013592027	0.0157881906	0.013335417	0.0177954561	0.00207381405	0.00513265601	0	100	0	0	3
6740	1498	0	2.6328125	0.0135913606	0.0157891904	0.0133608925	0.0177954561	0.00207481383	0.00513267506	0	100	0	0	3
6745	1500	0	2.63476562	0.0135863263	0.0157899893	0.0133608925	0.0177954561	0.00207561274	0.00513109409	0	100	0	0	3
6750	1501	0	2.63671875	0.0135775706	0.0157905811	0.0133608925	0.0177954561	0.00207620451	0.00512810303	0	100	0	0	3
6755	1502	0	2.63867188	0.0135666004	0.0157909642	0.0133608925	0.0177954561	0.00207658761	0.00512427009	0	100	0	0	3
6760	1503	0	2.640625	0.0135549312	0.0157911419	0.0133608925	0.0177954561	0.00207676537	0.00512018068	0	100	0	0	3
6765	1504	0	2.64257812	0.0135434701	0.0157911206	0.0133608925	0.0177954561	0.00207676537	0.00511622379	0	100	0	0	3
6770	1505	0	2.64453125	0.0135324897	0.0157909072	0.0133608925	0.0177954561	0.00207676537	0.00511256798	0	100	0	0	3
6775	1506	0	2.64648438	0.0135218462	0.0157905093	0.0133608925	0.0177954561	0.00207676537	0.0051091231	0	100	0	0	3
6780	1507	0	2.6484375	0.013511043	0.0157899344	0.0133608925	0.0177954561	0.00207676537	0.00510559303	0	100	0	0	3
6785	1509	0	2.65039062	0.0134993805	0.0157891899	0.0133608925	0.0177954561	0.00207676537	0.00510183785	0	100	0	0	3
6790	1510	0	2.65234375	0.0134865307	0.0157882837	0.0133608925	0.0177954561	0.00207676537	0.00509771	0	100	0	0	3
6795	1511	0	2.65429688	0.013472785	0.0157837578	0.0133608925	0.0177954561	0.00207676537	0.0050933	0	100	0	0	3
6800	1512	0	2.65625	0.013458994	0.0157790911	0.0133608925	0.0177954561	0.00207676537	0.00508873425	0	100	0	0	3
6805	1514	0	2.65820312	0.0134462775	0.0157743192	0.0133608925	0.0177954561	0.00207676537	0.00508439206	0	100	0	0	3
6810	1515	0	2.66015625	0.0134358825	0.0157694355	0.0133608925	0.0177954561	0.00207676537	0.00508077001	0	100	0	0	3
6815	1516	0	2.66210938	0.013428776	0.0157644393	0.0133608925	0.0177954561	0.00207676537	0.00507825492	0	100	0	0	3
6820	1517	0	2.6640625	0.0134258136	0.0157593432	0.0133608925	0.0177954561	0.00207676537	0.00507715135	0	100	0	0	3
6825	1518	0	2.66601562	0.0134277481	0.0157541881	0.0133608925	0.0177954561	0.00207676537	0.00507780222	0	100	0	0	3
6830	1520	0	2.66796875	0.0134349664	0.015749006	0.0133608925	0.0177954561	0.00207676537	0.00508042701	0	100	0	0	3
6835	1521	0	2.66992188	0.0134478409	0.0157438051	0.0133608925	0.0177954561	0.00207676537	0.00508528065	0	100	0	0	3
6840	1522	0	2.671875	0.0134663944	0.0157385853	0.0133608925	0.0177954561	0.00207676537	0.00509231992	0	100	0	0	3
6845	1523	0	2.67382812	0.0134903381	0.015733344	0.0133608925	0.0177954561	0.00207676537	0.00510145317	0	100	0	0	3
6850	1524	0	2.67578125	0.0133255997	0.0157273237	0.0133255997	0.0177954561	0.00207676537	0.00504032215	0	100	0	0	3
6855	1525	0	2.67773438	0.0133551073	0.0157212695	0.0133255997	0.0177954561	0.00207676537	0.0050517356	0	100	0	0	3
6860	1526	0	2.6796875	0.0133863658	0.0157151777	0.0133255997	0.0177954561	0.00207676537	0.0050638861	0	100	0	0	3
6865	1527	0	2.68164062	0.0134206747	0.0157090489	0.0133255997	0.0177954561	0.00207676537	0.00507721663	0	100	0	0	3
6870	1528	0	2.68359375	0.0134548614	0.0157028707	0.0133255997	0.0177954561	0.00207676537	0.00509052419	0	100	0	0	3
6875	1529	0	2.68554688	0.0134878572	0.015696629	0.0133255997	0.0177954561	0.00207676537	0.00510339772	0	100	0	0	3
6880	1530	0	2.6875	0.0135199385	0.0156903134	0.0133255997	0.0177954561	0.00207676537	0.00511599687	0	100	0	0	3
6885	1531	0	2.68945312	0.0135496599	0.0156839093	0.0133255997	0.0177954561	0.00207676537	0.00512771627	0	100	0	0	3
6890	1532	0	2.69140625	0.0135749628	0.0156773933	0.0133255997	0.0177954561	0.00207676537	0.00513772329	0	100	0	0	3
6895	1534	0	2.69335938	0.0135946396	0.0156707354	0.0133255997	0.0177954561	0.00207676537	0.00514555264	0	100	0	0	3
6900	1535	0	2.6953125	0.013608818	0.0156639068	0.0133255997	0.0177954561	0.00207676537	0.00515132004	0	100	0	0	3
6905	1537	0	2.69726562	0.0136182916	0.0156568853	0.0133255997	0.0177954561	0.00207676537	0.00515532289	0	100	0	0	3
6910	1538	0	2.69921875	0.0136240111	0.0156496585	0.0133255997	0.0177954561	0.00207676537	0.00515786924	0	100	0	0	3
6915	1539	0	2.70117188	0.0136270265	0.0156422252	0.0133255997	0.0177954561	0.00207676537	0.00515932257	0	100	0	0	3
6920	1541	0	2.703125	0.0136284965	0.0156345959	0.0133255997	0.0177954561	0.00207676537	0.00516015132	0	100	0	0	3
6925	1542	0	2.70507812	0.0136296686	0.0156267914	0.0133255997	0.0177954561	0.00207676537	0.00516089756	0	100	0	0	3
6930	1543	0	2.70703125	0.0136315646	0.0156188407	0.0133255997	0.0177954561	0.00207676537	0.00516196245	0	100	0	0	3
6935	1544	0	2.70898438	0.0136347051	0.0156107778	0.0133255997	0.0177954561	0.00207676537	0.00516344664	0	100	0	0	3
6940	1545	0	2.7109375	0.0136391886	0.0156026391	0.0133255997	0.0177954561	0.00207676537	0.00516537609	0	100	0	0	3
6945	1546	0	2.71289062	0.0136445972	0.0155944608	0.0133255997	0.0177954561	0.00207676537	0.00516775363	0	100	0	0	3
6950	1547	0	2.71484375	0.0136501911	0.0155862762	0.0133255997	0.0177954561	0.00207676537	0.00517023161	0	100	0	0	3
6955	1548	0	2.71679688	0.0136551332	0.0155781131	0.0133255997	0.0177954561	0.00207676537	0.00517251137	0	100	0	0	3
6960	1550	0	2.71875	0.0136588738	0.0155662184	0.0133255997	0.0177954561	0.00207676537	0.00517427367	0	100	0	0	3
6965	1551	0	2.72070312	0.0136614945	0.0155543495	0.0133255997	0.0177954561	0.00207676537	0.00517559358	0	100	0	0	3
6970	1552	0	2.72265625	0.0136636026	0.0155425783	0.0133255997	0.0177954561	0.00207676537	0.00517668285	0	100	0	0	3
6975	1553	0	2.72460938	0.0136660319	0.0155308979	0.0133255997	0.0177954561	0.00207676537	0.00517784398	0	100	0	0	3
6980	1554	0	2.7265625	0.0136696228	0.0155193148	0.0133255997	0.0177954561	0.00207676537	0.00517938376	0	100	0	0	3
6985	1555	0	2.72851562	0.0136751673	0.0155078561	0.0133255997	0.0177954561	0.00207676537	0.00518155467	0	100	0	0	3
6990	1556	0	2.73046875	0.0136834508	0.0154965291	0.0133255997	0.0177954561	0.00207676537	0.00518471372	0	100	0	0	3
6995	1557	0	2.73242188	0.0136950545	0.015485342	0.0133255997	0.0177954561	0.00207676537	0.00518920966	0	100	0	0	3
7000	1558	0	2.734375	0.0137103588	0.0154742848	0.0133255997	0.0177954561	0.00207676537	0.00519511335	0	100	0	0	3
7005	1560	0	2.73632812	0.013729035	0.0154633337	0.0133255997	0.0177954561	0.00207676537	0.00520237613	0	100	0	0	3
7010	1561	0	2.73828125	0.0137499682	0.0154524571	0.0133255997	0.0177954561	0.00207676537	0.00521040379	0	100	0	0	3
7015	1563	0	2.74023438	0.013860574	0.0154419685	0.0133255997	0.0177954561	0.00207676537	0.00525197043	0	100	0	0	3
7020	1564	0	2.7421875	0.0138853583	0.015431501	0.0133255997	0.0177954561	0.00207676537	0.00526154981	0	100	0	0	3
7025	1565	0	2.74414062	0.0139080197	0.0154210167	0.0133255997	0.0177954561	0.00207676537	0.00527032376	0	100	0	0	3
7030	1566	0	2.74609375	0.013930671	0.0154104881	0.0133255997	0.0177954561	0.00207676537	0.00527906464	0	100	0	0	3
7035	1567	0	2.74804688	0.0139560831	0.0153999106	0.0133255997	0.0177954561	0.00207676537	0.00528883558	0	100	0	0	3
7040	1568	0	2.75	0.0139825651	0.0153892854	0.0133255997	0.0177954561	0.00207676537	0.00529904634	0	100	0	0	3
7045	1569	0	2.75195312	0.0140076437	0.0153786104	0.0133255997	0.0177954561	0.00207676537	0.00530875438	0	100	0	0	3
7050	1570	0	2.75390625	0.0140303333	0.0153678796	0.0133255997	0.0177954561	0.00207676537	0.00531756863	0	100	0	0	3
7055	1571	0	2.75585938	0.0140507562	0.0153570848	0.0133255997	0.0177954561	0.00207676537	0.0053254576	0	100	0	0	3
7060	1572	0	2.7578125	0.0140691388	0.0153462149	0.0133255997	0.0177954561	0.00207676537	0.00533259438	0	100	0	0	3
7065	1573	0	2.75976562	0.0140854634	0.0153352549	0.0133255997	0.0177954561	0.00207676537	0.00533901275	0	100	0	0	3
7070	1574	0	2.76171875	0.0140996116	0.0153241872	0.0133255997	0.0177954561	0.00207676537	0.00534455267	0	100	0	0	3
7075	1576	0	2.76367188	0.0141117423	0.0153129972	0.0133255997	0.0177954561	0.00207676537	0.00534933442	0	100	0	0	3
7080	1577	0	2.765625	0.0141223617	0.0153016783	0.0133255997	0.0177954561	0.00207676537	0.0053534025	0	100	0	0	3
7085	1578	0	2.76757812	0.0141322325	0.0152902358	0.0133255997	0.0177954561	0.00207676537	0.00535718453	0	100	0	0	3
7090	1579	0	2.76953125	0.0141423282	0.015278688	0.0133255997	0.0177954561	0.00207676537	0.00536107373	0	100	0	0	3
7095	1580	0	2.77148438	0.0141535119	0.0152670662	0.0133255997	0.0177954561	0.00207676537	0.00536528647	0	100	0	0	3
7100	1581	0	2.7734375	0.014165991	0.0152554113	0.0133255997	0.0177954561	0.00207676537	0.00536998539	0	100	0	0	3
7105	1584	0	2.77539062	0.0141800996	0.0152437704	0.0133255997	0.0177954561	0.00207676537	0.00537523352	0	100	0	0	3
7110	1585	0	2.77734375	0.0141960368	0.0152321893	0.0133255997	0.0177954561	0.00207676537	0.00538118475	0	100	0	0	3
7115	1586	0	2.77929688	0.0142131576	0.015220707	0.0133255997	0.0177954561	0.00207676537	0.00538753839	0	100	0	0	3
7120	1587	0	2.78125	0.0142304815	0.0152093574	0.0133255997	0.0177954561	0.00207676537	0.00539395818	0	100	0	0	3
7125	1588	0	2.78320312	0.0142473418	0.0151981726	0.0133255997	0.0177954561	0.00207676537	0.00540011653	0	100	0	0	3
7130	1589	0	2.78515625	0.0142632259	0.0151843748	0.0133255997	0.0177528472	0.00207676537	0.00540587299	0	100	0	0	3
7135	1590	0	2.78710938	0.0142780887	0.0151708015	0.0133255997	0.0177499221	0.00207676537	0.00541133652	0	100	0	0	3
7140	1591	0	2.7890625	0.014291952	0.0151574592	0.0133255997	0.0177499221	0.00207676537	0.00541642258	0	100	0	0	3
7145	1593	0	2.79101562	0.0143051048	0.0151443539	0.0133255997	0.0177499221	0.00207676537	0.00542135417	0	100	0	0	3
7150	1594	0	2.79296875	0.0143178103	0.0151315089	0.0133255997	0.0177499221	0.00207676537	0.00542604745	0	100	0	0	3
7155	1595	0	2.79492188	0.0143304556	0.0151189218	0.0133255997	0.0177499221	0.00207676537	0.00543083392	0	100	0	0	3
7160	1596	0	2.796875	0.014343295	0.0151065861	0.0133255997	0.0177499221	0.00207676537	0.0054357547	0	100	0	0	3
7165	1597	0	2.79882812	0.0143562618	0.0150944732	0.0133255997	0.0177499221	0.00207676537	0.00544077505	0	100	0	0	3
7170	1598	0	2.80078125	0.014369209	0.0150825424	0.0133255997	0.0177499221	0.00207676537	0.00544572598	0	100	0	0	3
7175	1599	0	2.80273438	0.0143817569	0.0150707472	0.0133255997	0.0177499221	0.00207676537	0.00545046151	0	100	0	0	3
7180	1600	0	2.8046875	0.0143936366	0.0150590401	0.0133255997	0.0177499221	0.00207676537	0.00545495454	0	100	0	0	3
7185	1601	0	2.80664062	0.0146875737	0.0150484842	0.0133255997	0.0177499221	0.00207676537	0.00556469477	0	100	0	0	3
7190	1603	0	2.80859375	0.0146982934	0.0150379434	0.0133255997	0.0177499221	0.00207676537	0.00556861574	0	100	0	0	3
7195	1604	0	2.81054688	0.0147041077	0.0150273786	0.0133255997	0.0177499221	0.00207676537	0.00557058137	0	100	0	0	3
7200	1605	0	2.8125	0.0147134062	0.0150167905	0.0133255997	0.0177499221	0.00207663244	0.00557381104	0	100	0	0	3
7205	1607	0	2.81445312	0.0147256936	0.015006184	0.0133255997	0.0177499221	0.00207617037	0.00557819282	0	100	0	0	3
7210	1608	0	2.81640625	0.0147365017	0.0149955545	0.0133255997	0.0177499221	0.00207539669	0.00558209953	0	100	0	0	3
7215	1609	0	2.81835938	0.0147446371	0.0149848962	0.0133255997	0.0177499221	0.00207433148	0.00558494968	0	100	0	0	3
7220	1610	0	2.8203125	0.0147520182	0.014974211	0.0133255997	0.0177499221	0.00207299584	0.00558746706	0	100	0	0	3
7225	1611	0	2.82226562	0.0147603269	0.014963506	0.0133255997	0.0177499221	0.00207141051	0.00559036563	0	100	0	0	3
7230	1613	0	2.82421875	0.0147708308	0.0149527904	0.0133255997	0.0177499221	0.00206959396	0.00559413599	0	100	0	0	3
7235	1614	0	2.82617188	0.0147831531	0.0149420687	0.0133255997	0.0177499221	0.00206170898	0.00559864831	0	100	0	0	3
7240	1615	0	2.828125	0.0147961386	0.0149313385	0.0133255997	0.0177499221	0.00205357808	0.00560334566	0	100	0	0	3
7245	1616	0	2.83007812	0.0148092715	0.0149205966	0.0133255997	0.0177499221	0.00204526387	0.00560801388	0	100	0	0	3
7250	1617	0	2.83203125	0.0148228588	0.0149098456	0.0133255997	0.0177499221	0.0020367802	0.00561285898	0	100	0	0	3
7255	1618	0	2.83398438	0.0148374266	0.0148990976	0.0133255997	0.0177499221	0.00202815205	0.00561802702	0	100	0	0	3
7260	1619	0	2.8359375	0.014853099	0.014888374	0.0133255997	0.0177499221	0.00201941236	0.00562361556	0	100	0	0	3
7265	1620	0	2.83789062	0.0148695417	0.014877701	0.0133255997	0.0177499221	0.00201058086	0.00562936547	0	100	0	0	3
7270	1622	0	2.83984375	0.0148866729	0.0148671072	0.0133255997	0.0177499221	0.00200168024	0.00563529176	0	100	0	0	3
7275	1623	0	2.84179688	0.014904213	0.0148566211	0.0133255997	0.0177499221	0.00199273493	0.00564137048	0	100	0	0	3
7280	1624	0	2.84375	0.0149223053	0.0148462742	0.0133255997	0.0177499221	0.00198376586	0.00564759053	0	100	0	0	3
7285	1625	0	2.84570312	0.0149408931	0.0148361016	0.0133255997	0.0177499221	0.00197477528	0.00565391163	0	100	0	0	3
7290	1626	0	2.84765625	0.0149598068	0.0148261351	0.0133255997	0.0177499221	0.00196466072	0.00566022037	0	100	0	0	3
7295	1627	0	2.84960938	0.0149788138	0.0148153105	0.0133255997	0.0177053171	0.00195449046	0.00566656313	0	100	0	0	3
7300	1629	0	2.8515625	0.0149976405	0.0148047336	0.0133255997	0.0176551454	0.00194425215	0.00567286309	0	100	0	0	3
7305	1631	0	2.85351562	0.0150157497	0.0147944235	0.0133255997	0.017601046	0.00193393409	0.00567905445	0	100	0	0	3
7310	1632	0	2.85546875	0.0150326797	0.0147843908	0.0133255997	0.0175456703	0.00192352136	0.00568491833	0	100	0	0	3
7315	1633	0	2.85742188	0.0150479001	0.0147746339	0.0133255997	0.0174895623	0.00191300367	0.0056902146	0	100	0	0	3
7320	1634	0	2.859375	0.0150610771	0.0147651476	0.0133255997	0.01743384	0.00190237031	0.00569492086	0	100	0	0	3
7325	1636	0	2.86132812	0.0150719133	0.0147559214	0.0133255997	0.0173820979	0.0018915961	0.00569882213	0	100	0	0	3
7330	1637	0	2.86328125	0.0150802871	0.0147469299	0.0133255997	0.0173371	0.00188064227	0.00570188666	0	100	0	0	3
7335	1638	0	2.86523438	0.0150861492	0.0147381371	0.0133255997	0.017300783	0.00186946273	0.00570391241	0	100	0	0	3
7340	1639	0	2.8671875	0.0150894999	0.0147294993	0.0133255997	0.0172732318	0.00185801487	0.00570499568	0	100	0	0	3
7345	1640	0	2.86914062	0.0150903307	0.0147209724	0.0133255997	0.017253308	0.00184626741	0.00570499766	0	100	0	0	3
7350	1641	0	2.87109375	0.0154227849	0.0147138219	0.0133255997	0.0172392359	0.00183420526	0.00582832475	0	100	0	0	3
7355	1643	0	2.87304688	0.0154239888	0.0147067311	0.0133255997	0.0172294369	0.00182182989	0.00582831079	0	100	0	0	3
7360	1644	0	2.875	0.0154157582	0.0146996464	0.0133255997	0.0172224995	0.0018091583	0.00582455526	0	100	0	0	3
7365	1645	0	2.87695312	0.0154093251	0.0146925637	0.0133255997	0.0172168174	0.00179622235	0.00582148538	0	100	0	0	3
7370	1646	0	2.87890625	0.0154055399	0.0146854884	0.0133255997	0.0172110409	0.0017830654	0.00581943671	0	100	0	0	3
7375	1647	0	2.88085938	0.0154002362	0.0146784149	0.0133255997	0.0172042856	0.00176973814	0.00581676288	0	100	0	0	3
7380	1648	0	2.8828125	0.0153925163	0.0146713377	0.0133255997	0.0171961019	0.00175629504	0.00581316567	0	100	0	0	3
7385	1650	0	2.88476562	0.0153850531	0.0146642633	0.0133255997	0.0171865528	0.00174279234	0.00580960504	0	100	0	0	3
7390	1651	0	2.88671875	0.0153801186	0.0146572069	0.0133255997	0.0171760898	0.00172928572	0.00580704985	0	100	0	0	3
7395	1652	0	2.88867188	0.0153794565	0.0146501888	0.0133255997	0.0171652303	0.00171582988	0.00580614026	0	100	0	0	3
7400	1653	0	2.890625	0.0153828043	0.0146432262	0.0133255997	0.017154329	0.00169584951	0.00580680319	0	100	0	0	3
7405	1655	0	2.89257812	0.0153891107	0.0146363308	0.0133255997	0.0171437887	0.00167597693	0.00580852754	0	100	0	0	3
7410	1656	0	2.89453125	0.0153975863	0.0146295097	0.0133255997	0.0171337249	0.00165628031	0.00581104797	0	100	0	0	3
7415	1658	0	2.89648438	0.015408042	0.0146227688	0.0133255997	0.0171238311	0.00163677047	0.00581433291	0	100	0	0	3
7420	1659	0	2.8984375	0.0154203329	0.0146161145	0.0133255997	0.0171134459	0.00161749403	0.00581832153	0	100	0	0	3
7425	1660	0	2.90039062	0.0154340913	0.0146095545	0.0133255997	0.0171013158	0.00159852977	0.00582282327	0	100	0	0	3
7430	1661	0	2.90234375	0.0154485163	0.0146030982	0.0133255997	0.0170859561	0.00157985216	0.00582743572	0	100	0	0	3
7435	1662	0	2.90429688	0.0154629131	0.0145967582	0.0133255997	0.0170664378	0.00156140172	0.00583194249	0	100	0	0	3
7440	1663	0	2.90625	0.0154769919	0.0145905495	0.0133255997	0.017042558	0.0015431336	0.00583636539	0	100	0	0	3
7445	1665	0	2.90820312	0.0154909264	0.0145844884	0.0133255997	0.0170146281	0.00152501459	0.00584066923	0	100	0	0	3
7450	1666	0	2.91015625	0.0155050435	0.0145785916	0.0133255997	0.0169834175	0.00150700506	0.00584490474	0	100	0	0	3
7455	1667	0	2.91210938	0.0155196982	0.0145728739	0.0133255997	0.0167755115	0.00148974049	0.00584924293	0	100	0	0	3
7460	1668	0	2.9140625	0.0155347219	0.0145680271	0.0133255997	0.0167363357	0.00147251149	0.0058537232	0	100	0	0	3
7465	1669	0	2.91601562	0.0155498606	0.0145633924	0.0133255997	0.0166974763	0.00145526301	0.00585823488	0	100	0	0	3
7470	1670	0	2.91796875	0.0155648511	0.0145589681	0.0133255997	0.0166584833	0.0014379469	0.00586276126	0	100	0	0	3
7475	1671	0	2.91992188	0.0155791943	0.0145547521	0.0133255997	0.0166177924	0.00142054128	0.00586720499	0	100	0	0	3
7480	1673	0	2.921875	0.0155920409	0.0145507453	0.0133255997	0.016576166	0.00140303711	0.00587132243	0	100	0	0	3
7485	1674	0	2.92382812	0.0156025965	0.0145469423	0.0133255997	0.0165355364	0.00138542672	0.00587470547	0	100	0	0	3
7490	1675	0	2.92578125	0.0156101893	0.0145433276	0.0133255997	0.0164971657	0.00136769941	0.00587714791	0	100	0	0	3
7495	1676	0	2.92773438	0.015614233	0.0145398787	0.0133255997	0.0164618982	0.00134983648	0.00587814237	0	100	0	0	3
7500	1677	0	2.9296875	0.0156145589	0.0145365688	0.0133255997	0.0164298432	0.00133181285	0.00587778941	0	100	0	0	3
7505	1679	0	2.93164062	0.0156116741	0.0145333728	0.0133255997	0.0164009447	0.00131360473	0.00587618122	0	100	0	0	3
7510	1681	0	2.93359375	0.0156057533	0.0145302666	0.0133255997	0.0163751829	0.00129519531	0.00587347496	0	100	0	0	3
7515	1682	0	2.93554688	0.0155968595	0.0145272263	0.0133255997	0.0163524763	0.00127657891	0.00586957211	0	100	0	0	3
7520	1683	0	2.9375	0.0158515027	0.0145252693	0.0133255997	0.0163319318	0.00126587259	0.00596298771	0	100	0	0	3
7525	1684	0	2.93945312	0.0158368698	0.0145233355	0.0133255997	0.0163126126	0.00126780643	0.00595656747	0	100	0	0	3
7530	1685	0	2.94140625	0.0158201743	0.0145214119	0.0133255997	0.0162933678	0.00126973002	0.0059494107	0	100	0	0	3
7535	1686	0	2.94335938	0.015804718	0.0145195031	0.0133255997	0.0162731542	0.00127163881	0.00594265762	0	100	0	0	3
7540	1687	0	2.9453125	0.0157881071	0.0145176084	0.0133255997	0.0162512336	0.00127353352	0.00593549525	0	100	0	0	3
7545	1688	0	2.94726562	0.0157707176	0.0145157314	0.0133255997	0.0162271522	0.00127541054	0.00592793648	0	100	0	0	3
7550	1690	0	2.94921875	0.0157536518	0.0145138818	0.0133255997	0.0162010657	0.00127726015	0.00592054691	0	100	0	0	3
7555	1691	0	2.95117188	0.0157389099	0.0145120765	0.0133255997	0.016173659	0.00127906544	0.00591406166	0	100	0	0	3
7560	1692	0	2.953125	0.0157283171	0.0145103369	0.0133255997	0.016145727	0.00128080506	0.00590919522	0	100	0	0	3
7565	1693	0	2.95507812	0.0157223847	0.0145086832	0.0133255997	0.0161177036	0.00128245874	0.00590600964	0	100	0	0	3
7570	1694	0	2.95703125	0.0157202445	0.0145071306	0.0133255997	0.0160901408	0.00128401132	0.00590423234	0	100	0	0	3
7575	1695	0	2.95898438	0.0157209283	0.0145056884	0.0133255997	0.0160633076	0.00128545355	0.00590358096	0	100	0	0	3
7580	1697	0	2.9609375	0.0157240102	0.014504363	0.0133255997	0.0160373001	0.00128677893	0.0059039455	0	100	0	0	3
7585	1698	0	2.96289062	0.0157290427	0.0145031589	0.0133255997	0.0160121362	0.00128798306	0.0059049493	0	100	0	0	3
7590	1699	0	2.96484375	0.0157354869	0.0145020782	0.0133255997	0.0159877726	0.00128906372	0.00590633805	0	100	0	0	3
7595	1700	0	2.96679688	0.0157426408	0.0145011207	0.0133255997	0.0159641504	0.00129002127	0.0059080894	0	100	0	0	3
7600	1701	0	2.96875	0.0157498696	0.0145002836	0.0133255997	0.0159412827	0.0012908583	0.00590981755	0	100	0	0	3
7605	1703	0	2.97070312	0.0157566241	0.0144995623	0.0133255997	0.0159192976	0.00129157963	0.00591137046	0	100	0	0	3
7610	1705	0	2.97265625	0.0157627255	0.0144989507	0.0133255997	0.0158983882	0.00129219124	0.00591256918	0	100	0	0	3
7615	1706	0	2.97460938	0.0157683762	0.0144984428	0.0133255997	0.0158787364	0.0012926991	0.00591344183	0	100	0	0	3
7620	1707	0	2.9765625	0.0157739906	0.0144980337	0.0133255997	0.0158604741	0.00129310826	0.00591438788	0	100	0	0	3
7625	1708	0	2.97851562	0.0157799622	0.0144977192	0.0133255997	0.0158515027	0.00129342276	0.00591537845	0	100	0	0	3
7630	1709	0	2.98046875	0.0157864298	0.0144994193	0.0133255997	0.0158515027	0.00129342276	0.00591654648	0	100	0	0	3
7635	1710	0	2.98242188	0.0157931815	0.0145012266	0.0133255997	0.0158515027	0.00129342276	0.00591787658	0	100	0	0	3
7640	1711	0	2.984375	0.0157998003	0.0145031156	0.0133255997	0.0158515027	0.00129342276	0.0059192847	0	100	0	0	3
7645	1712	0	2.98632812	0.0158056258	0.0145050823	0.0133255997	0.0158515027	0.00129342276	0.00592056547	0	100	0	0	3
7650	1714	0	2.98828125	0.0158097699	0.014507113	0.0133255997	0.0158515027	0.00129342276	0.00592132621	0	100	0	0	3
7655	1715	0	2.99023438	0.0158115247	0.0145091983	0.0133255997	0.0158515027	0.00129342276	0.00592122808	0	100	0	0	3
7660	1716	0	2.9921875	0.0158105551	0.0145113327	0.0133255997	0.0158515027	0.00129342276	0.00592017486	0	100	0	0	3
7665	1717	0	2.99414062	0.015806667	0.0145135045	0.0133255997	0.0158515027	0.00129342276	0.00591802052	0	100	0	0	3
7670	1718	0	2.99609375	0.0157996325	0.0145157035	0.0133255997	0.0158515027	0.00129342276	0.0059147741	0	100	0	0	3
7675	1719	0	2.99804688	0.0157899638	0.0145179257	0.0133255997	0.0158515027	0.00129342276	0.00591049666	0	100	0	0	3
7680	1721	0	3	0.0157780016	0.0145201716	0.0133255997	0.0158515027	0.00129342276	0.00590519401	0	100	0	0	3
7685	1722	0	3.00195312	0.0158793811	0.0145228933	0.0133255997	0.0158793811	0.00129342276	0.00594157188	0	100	0	0	3
7690	1723	0	3.00390625	0.0158648309	0.0145256454	0.0133255997	0.0158793811	0.00129342276	0.00593529975	0	100	0	0	3
7695	1724	0	3.00585938	0.0158470885	0.0145284219	0.0133255997	0.0158793811	0.00129342276	0.00592778104	0	100	0	0	3
7700	1725	0	3.0078125	0.0158279967	0.0145312225	0.0133255997	0.0158793811	0.00129342276	0.00591963058	0	100	0	0	3
7705	1728	0	3.00976562	0.0158090487	0.0145340528	0.0133255997	0.0158793811	0.00129342276	0.00591153185	0	100	0	0	3
7710	1729	0	3.01171875	0.0157903343	0.0145369187	0.0133255997	0.0158793811	0.00129342276	0.00590354905	0	100	0	0	3
7715	1730	0	3.01367188	0.0157718172	0.0145398269	0.0133255997	0.0158793811	0.00129342276	0.00589565815	0	100	0	0	3
7720	1732	0	3.015625	0.0157544195	0.014542788	0.0133255997	0.0158793811	0.00129342276	0.00588816605	0	100	0	0	3
7725	1733	0	3.01757812	0.0157395985	0.0145458179	0.0133255997	0.0158793811	0.00129342276	0.00588157419	0	100	0	0	3
7730	1734	0	3.01953125	0.0157279909	0.0145489327	0.0133255997	0.0158793811	0.00129342276	0.00587622124	0	100	0	0	3
7735	1735	0	3.02148438	0.0157194463	0.0145521454	0.0133255997	0.0158793811	0.00129342276	0.00587204176	0	100	0	0	3
7740	1736	0	3.0234375	0.0157134927	0.0145554657	0.0133255997	0.0158793811	0.00129342276	0.00586890673	0	100	0	0	3
7745	1738	0	3.02539062	0.0157096315	0.0145588991	0.0133255997	0.0158793811	0.00129342276	0.00586654777	0	100	0	0	3
7750	1739	0	3.02734375	0.0157073644	0.0145624468	0.0133255997	0.0158793811	0.00129342276	0.00586475261	0	100	0	0	3
7755	1740	0	3.02929688	0.015706056	0.0145661046	0.0133255997	0.0158793811	0.00129342276	0.00586329942	0	100	0	0	3
7760	1741	0	3.03125	0.0157050296	0.0145698625	0.0133255997	0.0158793811	0.00129342276	0.00586199852	0	100	0	0	3
7765	1742	0	3.03320312	0.0157037188	0.014573706	0.0133255997	0.0158793811	0.00129342276	0.00586064396	0	100	0	0	3
7770	1743	0	3.03515625	0.0157017918	0.0145776174	0.0133255997	0.0158793811	0.00129342276	0.00585904152	0	100	0	0	3
7775	1744	0	3.03710938	0.0156991224	0.0145815766	0.0133255997	0.0158793811	0.00129342276	0.00585701432	0	100	0	0	3
7780	1746	0	3.0390625	0.0156958976	0.0145855642	0.0133255997	0.0158793811	0.00129342276	0.00585484351	0	100	0	0	3
7785	1747	0	3.04101562	0.0156924158	0.0145895615	0.0133255997	0.0158793811	0.00129342276	0.00585273662	0	100	0	0	3
7790	1748	0	3.04296875	0.0156890201	0.0145935522	0.0133255997	0.0158793811	0.00129342276	0.00585039846	0	100	0	0	3
7795	1749	0	3.04492188	0.0156859823	0.0145998074	0.0133255997	0.0158793811	0.00129342276	0.0058482652	0	100	0	0	3
7800	1750	0	3.046875	0.0156833482	0.0146060517	0.0133255997	0.0158793811	0.00129342276	0.00584631139	0	100	0	0	3
7805	1753	0	3.04882812	0.0156809894	0.0146122644	0.0133255997	0.0158793811	0.00129342276	0.00584451117	0	100	0	0	3
7810	1754	0	3.05078125	0.0156786313	0.0146184346	0.0133255997	0.0158793811	0.00129342276	0.00584282288	0	100	0	0	3
7815	1755	0	3.05273438	0.015675884	0.0146245384	0.0133255997	0.0158793811	0.00129342276	0.00584105061	0	100	0	0	3
7820	1756	0	3.0546875	0.0156722753	0.0146305516	0.0133255997	0.0158793811	0.00129342276	0.00583883149	0	100	0	0	3
7825	1757	0	3.05664062	0.0156672434	0.0146364848	0.0133255997	0.0158793811	0.00129342276	0.00583625168	0	100	0	0	3
7830	1759	0	3.05859375	0.0156604443	0.0146423519	0.0133255997	0.0158793811	0.00129342276	0.00583303429	0	100	0	0	3
7835	1760	0	3.06054688	0.0156518548	0.0146481614	0.0133255997	0.0158793811	0.00129342276	0.00582911423	0	100	0	0	3
7840	1761	0	3.0625	0.015641656	0.0146539235	0.0133255997	0.0158793811	0.00129342276	0.00582453729	0	100	0	0	3
7845	1762	0	3.06445312	0.0156301128	0.0146596518	0.0133255997	0.0158793811	0.00129342276	0.00581939989	0	100	0	0	3
7850	1763	0	3.06640625	0.0155717861	0.0146651826	0.0133255997	0.0158793811	0.00129342276	0.00579719355	0	100	0	0	3
7855	1765	0	3.06835938	0.015557466	0.0146707066	0.0133255997	0.0158793811	0.00129342276	0.00579108987	0	100	0	0	3
7860	1766	0	3.0703125	0.0155433791	0.0146762415	0.0133255997	0.0158793811	0.00129342276	0.00578515838	0	100	0	0	3
7865	1767	0	3.07226562	0.0155293258	0.0146818	0.0133255997	0.0158793811	0.00129342276	0.00577905087	0	100	0	0	3
7870	1768	0	3.07421875	0.0155149271	0.0146873882	0.0133255997	0.0158793811	0.00129342276	0.00577294182	0	100	0	0	3
7875	1769	0	3.07617188	0.0155003395	0.0146930097	0.0133255997	0.0158793811	0.00129342276	0.00576673586	0	100	0	0	3
7880	1770	0	3.078125	0.015486113	0.0146986684	0.0133255997	0.0158793811	0.00129342276	0.00576060645	0	100	0	0	3
7885	1772	0	3.08007812	0.0154727084	0.0147043706	0.0133255997	0.0158793811	0.00129342276	0.00575491036	0	100	0	0	3
7890	1773	0	3.08203125	0.0154602897	0.0147101237	0.0133255997	0.0158793811	0.00129342276	0.00574947624	0	100	0	0	3
7895	1774	0	3.08398438	0.015449036	0.0147159375	0.0133255997	0.0158793811	0.00129342276	0.00574441943	0	100	0	0	3
7900	1775	0	3.0859375	0.0154391156	0.014721821	0.0133255997	0.0158793811	0.00129342276	0.00573998631	0	100	0	0	3
7905	1778	0	3.08789062	0.0154305961	0.014727782	0.0133255997	0.0158793811	0.00129342276	0.00573604816	0	100	0	0	3
7910	1779	0	3.08984375	0.0154233555	0.0147338254	0.0133255997	0.0158793811	0.00129342276	0.00573254149	0	100	0	0	3
7915	1780	0	3.09179688	0.0154170447	0.0147399508	0.0133255997	0.0158793811	0.00129342276	0.00572950044	0	100	0	0	3
7920	1781	0	3.09375	0.0154112469	0.014746152	0.0133255997	0.0158793811	0.00129342276	0.00572651308	0	100	0	0	3
7925	1782	0	3.09570312	0.0154055114	0.014752416	0.0133255997	0.0158793811	0.00129342276	0.00572375998	0	100	0	0	3
7930	1783	0	3.09765625	0.015399421	0.0147587245	0.0133255997	0.0158793811	0.00129342276	0.00572086886	0	100	0	0	3
7935	1784	0	3.09960938	0.0153926646	0.0147650548	0.0133255997	0.0158793811	0.00129342276	0.00571768346	0	100	0	0	3
7940	1786	0	3.1015625	0.0153851145	0.0147713816	0.0133255997	0.0158793811	0.00129342276	0.00571421589	0	100	0	0	3
7945	1787	0	3.10351562	0.0153768547	0.0147776781	0.0133255997	0.0158793811	0.00129342276	0.00571059207	0	100	0	0	3
7950	1788	0	3.10546875	0.015368117	0.0147839186	0.0133255997	0.0158793811	0.00129342276	0.00570675755	0	100	0	0	3
7955	1789	0	3.10742188	0.0153591872	0.0147900794	0.0133255997	0.0158793811	0.00129342276	0.00570293582	0	100	0	0	3
7960	1790	0	3.109375	0.0153503139	0.0147961395	0.0133255997	0.0158793811	0.00129342276	0.00569904433	0	100	0	0	3
7965	1792	0	3.11132812	0.0153416663	0.0148038769	0.0133255997	0.0158793811	0.00129342276	0.00569524382	0	100	0	0	3
7970	1793	0	3.11328125	0.015333317	0.0148114937	0.0133255997	0.0158793811	0.00129342276	0.00569167446	0	100	0	0	3
7975	1794	0	3.11523438	0.0153252545	0.0148189819	0.0133255997	0.0158793811	0.00129342276	0.00568815692	0	100	0	0	3
7980	1795	0	3.1171875	0.0153174145	0.0148263147	0.0133255997	0.0158793811	0.00129342276	0.00568467834	0	100	0	0	3
7985	1796	0	3.11914062	0.015309717	0.0148334721	0.0133255997	0.0158793811	0.00129342276	0.00568105554	0	100	0	0	3
7990	1798	0	3.12109375	0.015302076	0.0148404715	0.0133255997	0.0158793811	0.00129342276	0.00567764362	0	100	0	0	3
7995	1799	0	3.12304688	0.0152944418	0.0148473367	0.0133255997	0.0158793811	0.00129342276	0.00567422038	0	100	0	0	3
8000	1800	0	3.125	0.0152868037	0.0148540861	0.0133255997	0.0158793811	0.00129342276	0.005670676	0	100	0	0	3
8005	1802	0	3.12695312	0.0152792355	0.0148607393	0.0133255997	0.0158793811	0.00129342276	0.00566724669	0	100	0	0	3
8010	1803	0	3.12890625	0.0152718317	0.0148673199	0.0133255997	0.0158793811	0.00129342276	0.0056637523	0	100	0	0	3
8015	1805	0	3.13085938	0.0152646894	0.0148738537	0.0133255997	0.0158793811	0.00129342276	0.00566038998	0	100	0	0	3
8020	1806	0	3.1328125	0.0150987997	0.0148797421	0.0133255997	0.0158793811	0.00129342276	0.00559930823	0	100	0	0	3
8025	1807	0	3.13476562	0.0150904054	0.0148856174	0.0133255997	0.0158793811	0.00129342276	0.00559555488	0	100	0	0	3
8030	1809	0	3.13671875	0.0150843381	0.0148915033	0.0133255997	0.0158793811	0.00129342276	0.00559282354	0	100	0	0	3
8035	1810	0	3.13867188	0.0150790129	0.0148974111	0.0133255997	0.0158793811	0.00129342276	0.00559025296	0	100	0	0	3
8040	1811	0	3.140625	0.015073777	0.0149033441	0.0133255997	0.0158793811	0.00129340139	0.00558781262	0	100	0	0	3
8045	1812	0	3.14257812	0.0150681757	0.0149093	0.0133255997	0.0158793811	0.00129318807	0.0055852942	0	100	0	0	3
8050	1814	0	3.14453125	0.0150627201	0.0149152774	0.0133255997	0.0158793811	0.00129279018	0.00558274038	0	100	0	0	3
8055	1815	0	3.14648438	0.0150572618	0.0149212752	0.0133255997	0.0158793811	0.00129221528	0.00558014395	0	100	0	0	3
8060	1816	0	3.1484375	0.0150512347	0.0149272915	0.0133255997	0.0158793811	0.00129147075	0.00557739806	0	100	0	0	3
8065	1817	0	3.15039062	0.0150445042	0.0149333272	0.0133255997	0.0158793811	0.00129056452	0.00557438869	0	100	0	0	3
8070	1818	0	3.15234375	0.0150372503	0.0149393847	0.0133255997	0.0158793811	0.00128603863	0.00557118831	0	100	0	0	3
8075	1820	0	3.15429688	0.0150297268	0.0149454665	0.0133255997	0.0158793811	0.00128137192	0.0055678979	0	100	0	0	3
8080	1821	0	3.15625	0.0150220769	0.0149515723	0.0133255997	0.0158793811	0.00127660004	0.00556456995	0	100	0	0	3
8085	1822	0	3.15820312	0.015014254	0.0149576972	0.0133255997	0.0158793811	0.00127171636	0.00556121431	0	100	0	0	3
8090	1823	0	3.16015625	0.0150060786	0.0149638308	0.0133255997	0.0158793811	0.00126672019	0.0055577991	0	100	0	0	3
8095	1825	0	3.16210938	0.0149974143	0.0149699583	0.0133255997	0.0158793811	0.001261624	0.00555422764	0	100	0	0	3
8100	1826	0	3.1640625	0.0149881804	0.0149760612	0.0133255997	0.0158793811	0.00125646893	0.00555039301	0	100	0	0	3
8105	1828	0	3.16601562	0.0149784128	0.0149821185	0.0133255997	0.0158793811	0.00125128687	0.00554641336	0	100	0	0	3
8110	1829	0	3.16796875	0.0149682383	0.0149881079	0.0133255997	0.0158793811	0.00124608589	0.00554242611	0	100	0	0	3
8115	1830	0	3.16992188	0.0149577679	0.014994006	0.0133255997	0.0158793811	0.00124086615	0.00553835316	0	100	0	0	3
8120	1832	0	3.171875	0.0149470507	0.0149997898	0.0133255997	0.0158793811	0.00123562484	0.00553413852	0	100	0	0	3
8125	1833	0	3.17382812	0.0149361983	0.0150054377	0.0133255997	0.0158793811	0.00122960455	0.00552996085	0	100	0	0	3
8130	1834	0	3.17578125	0.0149253624	0.0150116868	0.0133551073	0.0158793811	0.00122355035	0.00552575682	0	100	0	0	3
8135	1836	0	3.17773438	0.0149147061	0.015017779	0.0133863658	0.0158793811	0.00121745856	0.00552167669	0	100	0	0	3
8140	1837	0	3.1796875	0.0149044709	0.0150237091	0.0134206747	0.0158793811	0.00121132969	0.00551765868	0	100	0	0	3
8145	1838	0	3.18164062	0.0148948653	0.0150294676	0.0134548614	0.0158793811	0.00120515151	0.00551374126	0	100	0	0	3
8150	1839	0	3.18359375	0.0148860831	0.0150350584	0.0134878572	0.0158793811	0.00119890979	0.00551010025	0	100	0	0	3
8155	1840	0	3.18554688	0.0148783049	0.0150404898	0.0135199385	0.0158793811	0.00119259425	0.00550675214	0	100	0	0	3
8160	1842	0	3.1875	0.0148716979	0.0150457701	0.0135496599	0.0158793811	0.00118619018	0.00550384616	0	100	0	0	3
8165	1843	0	3.18945312	0.0148664299	0.0150509137	0.0135749628	0.0158793811	0.00117967413	0.00550132237	0	100	0	0	3
8170	1844	0	3.19140625	0.0148625831	0.0150559435	0.0135946396	0.0158793811	0.00117301623	0.00549937386	0	100	0	0	3
8175	1845	0	3.19335938	0.0148602016	0.0150608871	0.013608818	0.0158793811	0.0011661876	0.00549799889	0	100	0	0	3
8180	1847	0	3.1953125	0.0148592452	0.0150657716	0.0136182916	0.0158793811	0.00115916612	0.00549723622	0	100	0	0	3
8185	1848	0	3.19726562	0.0146641888	0.0150698571	0.0136240111	0.0158793811	0.00115193929	0.00542568368	0	100	0	0	3
8190	1849	0	3.19921875	0.0146625603	0.015073914	0.0136270265	0.0158793811	0.00114450606	0.00542471098	0	100	0	0	3
8195	1850	0	3.20117188	0.0146645862	0.0150779669	0.0136284965	0.0158793811	0.00113687678	0.00542513156	0	100	0	0	3
8200	1852	0	3.203125	0.0146681353	0.015082028	0.0136296686	0.0158793811	0.00112907223	0.00542625374	0	100	0	0	3
8205	1854	0	3.20507812	0.0146729575	0.0150861034	0.0136315646	0.0158793811	0.00112112153	0.00542782275	0	100	0	0	3
8210	1855	0	3.20703125	0.0146783064	0.0150901922	0.0136347051	0.0158793811	0.00111305867	0.00542950909	0	100	0	0	3
8215	1856	0	3.20898438	0.0146825658	0.0150942854	0.0136391886	0.0158793811	0.00110491994	0.0054308146	0	100	0	0	3
8220	1858	0	3.2109375	0.0146858345	0.0150983739	0.0136445972	0.0158793811	0.00109674162	0.00543183306	0	100	0	0	3
8225	1859	0	3.21289062	0.014687921	0.0151024493	0.0136501911	0.0158793811	0.00108855701	0.00543244938	0	100	0	0	3
8230	1860	0	3.21484375	0.0146882808	0.0151065044	0.0136551332	0.0158793811	0.00108039395	0.00543226041	0	100	0	0	3
8235	1861	0	3.21679688	0.0146867135	0.015110534	0.0136588738	0.0158793811	0.00106849928	0.00543152023	0	100	0	0	3
8240	1862	0	3.21875	0.0146834456	0.0151145362	0.0136614945	0.0158793811	0.00105663038	0.00543001943	0	100	0	0	3
8245	1864	0	3.22070312	0.0146787316	0.0151185098	0.0136636026	0.0158793811	0.00104485918	0.00542799541	0	100	0	0	3
8250	1865	0	3.22265625	0.0146727894	0.0151224519	0.0136660319	0.0158793811	0.00103317871	0.0054256029	0	100	0	0	3
8255	1866	0	3.22460938	0.0146659016	0.0151263577	0.0136696228	0.0158793811	0.0010215956	0.00542282966	0	100	0	0	3
8260	1867	0	3.2265625	0.014658334	0.0151302198	0.0136751673	0.0158793811	0.00101013692	0.00541974995	0	100	0	0	3
8265	1869	0	3.22851562	0.0146503028	0.015134029	0.0136834508	0.0158793811	0.000998809949	0.00541671736	0	100	0	0	3
8270	1870	0	3.23046875	0.0146419739	0.0151377732	0.0136950545	0.0158793811	0.000987622837	0.00541351444	0	100	0	0	3
8275	1871	0	3.23242188	0.0146334648	0.0151414389	0.0137103588	0.0158793811	0.000976565679	0.00541021277	0	100	0	0	3
8280	1872	0	3.234375	0.0146247961	0.0151450109	0.013729035	0.0158793811	0.000965614492	0.00540698312	0	100	0	0	3
8285	1874	0	3.23632812	0.0146158963	0.0151484752	0.0137499682	0.0158793811	0.000954737964	0.00540362594	0	100	0	0	3
8290	1875	0	3.23828125	0.0146066666	0.0151518217	0.013860574	0.0158793811	0.000944249328	0.00540034415	0	100	0	0	3
8295	1876	0	3.24023438	0.0145970842	0.0151546986	0.0138853583	0.0158793811	0.000933781855	0.00539682707	0	100	0	0	3
8300	1877	0	3.2421875	0.0145873349	0.0151574407	0.0139080197	0.0158793811	0.000923297579	0.00539326303	0	100	0	0	3
8305	1880	0	3.24414062	0.0145777427	0.0151600568	0.013930671	0.0158793811	0.000912768924	0.00538963645	0	100	0	0	3
8310	1881	0	3.24609375	0.014568797	0.0151625495	0.0139560831	0.0158793811	0.000902191387	0.00538622458	0	100	0	0	3
8315	1882	0	3.24804688	0.0145608917	0.0151649121	0.0139825651	0.0158793811	0.00089156627	0.00538319374	0	100	0	0	3
8320	1883	0	3.25	0.0145544379	0.0151671459	0.0140076437	0.0158793811	0.000880891259	0.00538051671	0	100	0	0	3
8325	1885	0	3.25195312	0.0145497308	0.0151692635	0.0140303333	0.0158793811	0.00087016045	0.00537842544	0	100	0	0	3
8330	1886	0	3.25390625	0.014547019	0.0151712818	0.0140507562	0.0158793811	0.000859365629	0.00537705553	0	100	0	0	3
8335	1887	0	3.25585938	0.0145464052	0.0151732179	0.0140691388	0.0158793811	0.00084849575	0.00537644706	0	100	0	0	3
8340	1888	0	3.2578125	0.0145479111	0.0151750881	0.0140854634	0.0158793811	0.000837535748	0.00537675285	0	100	0	0	3
8345	1889	0	3.25976562	0.0145514784	0.0151769085	0.0140996116	0.0158793811	0.000826468023	0.00537779707	0	100	0	0	3
8350	1891	0	3.26171875	0.0145569043	0.0151786948	0.0141117423	0.0158793811	0.000815278028	0.00537945201	0	100	0	0	3
8355	1892	0	3.26367188	0.0144047596	0.0151798394	0.0141223617	0.0158793811	0.00080395914	0.00532395325	0	100	0	0	3
8360	1893	0	3.265625	0.0144122835	0.0151809719	0.0141322325	0.0158793811	0.000792516593	0.00532661219	0	100	0	0	3
8365	1894	0	3.26757812	0.0144217224	0.0151821027	0.0141423282	0.0158793811	0.000780968842	0.00532995398	0	100	0	0	3
8370	1895	0	3.26953125	0.0144324678	0.0151832361	0.0141535119	0.0158793811	0.00076934708	0.00533383711	0	100	0	0	3
8375	1897	0	3.27148438	0.0144437215	0.0151843697	0.014165991	0.0158793811	0.000757692147	0.00533792279	0	100	0	0	3
8380	1898	0	3.2734375	0.0144536459	0.0151854933	0.0141800996	0.0158793811	0.000746051264	0.00534148059	0	100	0	0	3
8385	1899	0	3.27539062	0.014462547	0.0151865967	0.0141960368	0.0158793811	0.000734470183	0.00534473314	0	100	0	0	3
8390	1900	0	3.27734375	0.0144702457	0.0151876678	0.0142131576	0.0158793811	0.000722987853	0.00534758478	0	100	0	0	3
8395	1902	0	3.27929688	0.0144760396	0.0151886947	0.0142304815	0.0158793811	0.000711638201	0.00534961118	0	100	0	0	3
8400	1903	0	3.28125	0.0144795353	0.0151896675	0.0142473418	0.0158793811	0.000700453411	0.00535080336	0	100	0	0	3
8405	1905	0	3.28320312	0.0144807755	0.0151905794	0.0142632259	0.0158793811	0.000692860218	0.00535120375	0	100	0	0	3
8410	1906	0	3.28515625	0.0144802349	0.0151914271	0.0142780887	0.0158793811	0.000693707909	0.00535090918	0	100	0	0	3
8415	1907	0	3.28710938	0.0144781175	0.0151922084	0.014291952	0.0158793811	0.000694489272	0.00535002785	0	100	0	0	3
8420	1908	0	3.2890625	0.0144747956	0.0151929227	0.0143051048	0.0158793811	0.000695203505	0.00534870462	0	100	0	0	3
8425	1910	0	3.29101562	0.0144707785	0.0151935698	0.0143178103	0.0158793811	0.000695850668	0.00534707371	0	100	0	0	3
8430	1911	0	3.29296875	0.0144665368	0.0151941508	0.0143304556	0.0158793811	0.00069643163	0.00534548063	0	100	0	0	3
8435	1912	0	3.29492188	0.0144624299	0.0151946663	0.014343295	0.0158793811	0.000696947155	0.00534398816	0	100	0	0	3
8440	1913	0	3.296875	0.0144586342	0.0151951169	0.0143562618	0.0158793811	0.000697397699	0.00534251705	0	100	0	0	3
8445	1914	0	3.29882812	0.0144550926	0.0151955029	0.014369209	0.0158793811	0.000697783757	0.00534114892	0	100	0	0	3
8450	1916	0	3.30078125	0.0144516043	0.0151958248	0.0143817569	0.0158793811	0.000698105613	0.00533990503	0	100	0	0	3
8455	1917	0	3.30273438	0.0144479009	0.0151960832	0.0143936366	0.0158793811	0.000698363988	0.00533860006	0	100	0	0	3
8460	1918	0	3.3046875	0.0144437346	0.0151962788	0.0144047596	0.0158793811	0.000698559683	0.00533723648	0	100	0	0	3
8465	1919	0	3.30664062	0.0144390702	0.0151953081	0.0144047596	0.0158793811	0.000698559683	0.00533553333	0	100	0	0	3
8470	1921	0	3.30859375	0.0144341489	0.0151942763	0.0144047596	0.0158793811	0.000698559683	0.00533373353	0	100	0	0	3
8475	1922	0	3.31054688	0.0144293771	0.0151932031	0.0144047596	0.0158793811	0.000698559683	0.00533198758	0	100	0	0	3
8480	1923	0	3.3125	0.0144252162	0.0151920774	0.0144047596	0.0158793811	0.000698559683	0.00533036727	0	100	0	0	3
8485	1924	0	3.31445312	0.0144220923	0.0151908915	0.0144047596	0.0158793811	0.000698559683	0.00532908809	0	100	0	0	3
8490	1926	0	3.31640625	0.0144203996	0.0151896567	0.0144047596	0.0158793811	0.000698559683	0.00532818884	0	100	0	0	3
8495	1927	0	3.31835938	0.0144204665	0.0151883904	0.0144047596	0.0158793811	0.000698559683	0.00532803334	0	100	0	0	3
8500	1928	0	3.3203125	0.0144224854	0.0151871032	0.0144047596	0.0158793811	0.000698559683	0.00532853428	0	100	0	0	3
8505	1931	0	3.32226562	0.0144264607	0.015185799	0.0144047596	0.0158793811	0.000698559683	0.00532984281	0	100	0	0	3
8510	1932	0	3.32421875	0.0144323526	0.0151844768	0.0144047596	0.0158793811	0.000698559683	0.00533180461	0	100	0	0	3
8515	1933	0	3.32617188	0.0144400227	0.0151831365	0.0144047596	0.0158793811	0.000698559683	0.00533444252	0	100	0	0	3
8520	1934	0	3.328125	0.0143777664	0.0151815022	0.0143777664	0.0158793811	0.000698559683	0.00531174785	0	100	0	0	3
8525	1935	0	3.33007812	0.0143874103	0.0151798543	0.0143777664	0.0158793811	0.000698559683	0.00531523079	0	100	0	0	3
8530	1937	0	3.33203125	0.0143989047	0.0151781982	0.0143777664	0.0158793811	0.000698559683	0.00531943717	0	100	0	0	3
8535	1938	0	3.33398438	0.0144108517	0.0151765319	0.0143777664	0.0158793811	0.000698559683	0.00532371993	0	100	0	0	3
8540	1939	0	3.3359375	0.0144218824	0.0151748475	0.0143777664	0.0158793811	0.000698559683	0.00532777383	0	100	0	0	3
8545	1940	0	3.33789062	0.0144324275	0.01517314	0.0143777664	0.0158793811	0.000698559683	0.0053315927	0	100	0	0	3
8550	1942	0	3.33984375	0.0144430421	0.0151714071	0.0143777664	0.0158793811	0.000698559683	0.00533546687	0	100	0	0	3
8555	1943	0	3.34179688	0.0144532386	0.0151696455	0.0143777664	0.0158793811	0.000698559683	0.00533925242	0	100	0	0	3
8560	1944	0	3.34375	0.0144619122	0.015167847	0.0143777664	0.0158793811	0.000698559683	0.00534238659	0	100	0	0	3
8565	1945	0	3.34570312	0.0144684816	0.0151660017	0.0143777664	0.0158793811	0.000698559683	0.00534478651	0	100	0	0	3
8570	1946	0	3.34765625	0.0144729433	0.0151640999	0.0143777664	0.0158793811	0.000698559683	0.00534639002	0	100	0	0	3
8575	1948	0	3.34960938	0.0144756145	0.0151621343	0.0143777664	0.0158793811	0.000698559683	0.00534736763	0	100	0	0	3
8580	1949	0	3.3515625	0.014476935	0.0151601002	0.0143777664	0.0158793811	0.000698559683	0.0053477661	0	100	0	0	3
8585	1950	0	3.35351562	0.0144772915	0.0151579969	0.0143777664	0.0158793811	0.000698559683	0.00534778144	0	100	0	0	3
8590	1952	0	3.35546875	0.0144771541	0.0151558269	0.0143777664	0.0158793811	0.000698559683	0.00534767279	0	100	0	0	3
8595	1953	0	3.35742188	0.0144770078	0.0151535968	0.0143777664	0.0158793811	0.000698559683	0.00534757674	0	100	0	0	3
8600	1954	0	3.359375	0.0144772521	0.0151513163	0.0143777664	0.0158793811	0.000698559683	0.00534756556	0	100	0	0	3
8605	1956	0	3.36132812	0.0144781075	0.0151489967	0.0143777664	0.0158793811	0.000698559683	0.00534782743	0	100	0	0	3
8610	1958	0	3.36328125	0.0144795756	0.0151466502	0.0143777664	0.0158793811	0.000698559683	0.00534825975	0	100	0	0	3
8615	1959	0	3.36523438	0.014481452	0.0151442881	0.0143777664	0.0158793811	0.000698559683	0.0053488779	0	100	0	0	3
8620	1960	0	3.3671875	0.0144833894	0.0151419205	0.0143777664	0.0158793811	0.000698559683	0.00534959891	0	100	0	0	3
8625	1961	0	3.36914062	0.0144850668	0.0151395561	0.0143777664	0.0158793811	0.000698559683	0.00535011573	0	100	0	0	3
8630	1963	0	3.37109375	0.0144862714	0.0151358979	0.0143777664	0.0158793811	0.000698559683	0.0053505534	0	100	0	0	3
8635	1964	0	3.37304688	0.014486992	0.0151322377	0.0143777664	0.0158793811	0.000698559683	0.00535076954	0	100	0	0	3
8640	1965	0	3.375	0.0144874401	0.0151286115	0.0143777664	0.0158793811	0.000698559683	0.00535086606	0	100	0	0	3
8645	1966	0	3.37695312	0.0144879258	0.0151250123	0.0143777664	0.0158793811	0.000698559683	0.00535096708	0	100	0	0	3
8650	1968	0	3.37890625	0.0144887932	0.0151214312	0.0143777664	0.0158793811	0.000698559683	0.00535119005	0	100	0	0	3
8655	1969	0	3.38085938	0.0144903802	0.0151178771	0.0143777664	0.0158793811	0.000698559683	0.00535156494	0	100	0	0	3
8660	1970	0	3.3828125	0.0144929178	0.0151143631	0.0143777664	0.0158793811	0.000698559683	0.00535231409	0	100	0	0	3
8665	1971	0	3.38476562	0.0144965753	0.0151108924	0.0143777664	0.0158793811	0.000698559683	0.00535351599	0	100	0	0	3
8670	1973	0	3.38671875	0.0145014595	0.0151074602	0.0143777664	0.0158793811	0.000698559683	0.0053551617	0	100	0	0	3
8675	1974	0	3.38867188	0.0145075252	0.0151040542	0.0143777664	0.0158793811	0.000698559683	0.00535726145	0	100	0	0	3
8680	1975	0	3.390625	0.0145146672	0.015100663	0.0143777664	0.0158793811	0.000698559683	0.00535969068	0	100	0	0	3
8685	1977	0	3.39257812	0.0145451265	0.0150973662	0.0143777664	0.0158793811	0.000698559683	0.00537073401	0	100	0	0	3
8690	1978	0	3.39453125	0.0145538467	0.0150940704	0.0143777664	0.0158793811	0.000698559683	0.00537384891	0	100	0	0	3
8695	1979	0	3.39648438	0.014562007	0.0150907655	0.0143777664	0.0158793811	0.000698559683	0.00537668824	0	100	0	0	3
8700	1980	0	3.3984375	0.014570119	0.0150874444	0.0143777664	0.0158793811	0.000698559683	0.00537952864	0	100	0	0	3
8705	1982	0	3.40039062	0.0145788791	0.0150841037	0.0143777664	0.0158793811	0.000698559683	0.00538262792	0	100	0	0	3
8710	1983	0	3.40234375	0.0145879629	0.0150807422	0.0143777664	0.0158793811	0.000698559683	0.0053859104	0	100	0	0	3
8715	1985	0	3.40429688	0.0145967272	0.0150773587	0.0143777664	0.0158793811	0.000698559683	0.00538906682	0	100	0	0	3
8720	1986	0	3.40625	0.0146048206	0.0150739517	0.0143777664	0.0158793811	0.000698559683	0.00539186189	0	100	0	0	3
8725	1987	0	3.40820312	0.0146121471	0.015070519	0.0143777664	0.0158793811	0.000698559683	0.00539443302	0	100	0	0	3
8730	1988	0	3.41015625	0.0146186345	0.0150670565	0.0143777664	0.0158793811	0.000698559683	0.00539677144	0	100	0	0	3
8735	1989	0	3.41210938	0.0146242189	0.0150635585	0.0143777664	0.0158793811	0.000698559683	0.00539873409	0	100	0	0	3
8740	1991	0	3.4140625	0.0146288483	0.0150600199	0.0143777664	0.0158793811	0.000698559683	0.00540033336	0	100	0	0	3
8745	1992	0	3.41601562	0.0146326528	0.0150564371	0.0143777664	0.0158793811	0.000698559683	0.00540150476	0	100	0	0	3
8750	1993	0	3.41796875	0.0146359562	0.0150528086	0.0143777664	0.0158793811	0.000698559683	0.00540265686	0	100	0	0	3
8755	1995	0	3.41992188	0.0146390655	0.0150491362	0.0143777664	0.0158793811	0.000698559683	0.0054036734	0	100	0	0	3
8760	1996	0	3.421875	0.0146422377	0.015045426	0.0143777664	0.0158793811	0.000698559683	0.00540465395	0	100	0	0	3
8765	1997	0	3.42382812	0.0146457053	0.0150416882	0.0143777664	0.0158793811	0.000698559683	0.00540569977	0	100	0	0	3
8770	1999	0	3.42578125	0.014649646	0.0150379361	0.0143777664	0.0158793811	0.000698559683	0.00540695496	0	100	0	0	3
8775	2000	0	3.42773438	0.0146541768	0.0150341858	0.0143777664	0.0158793811	0.000698559683	0.00540849398	0	100	0	0	3
8780	2001	0	3.4296875	0.0146593012	0.0150304544	0.0143777664	0.0158793811	0.000698559683	0.00541006323	0	100	0	0	3
8785	2002	0	3.43164062	0.0146649251	0.0150267561	0.0143777664	0.0158793811	0.000698559683	0.00541200475	0	100	0	0	3
8790	2004	0	3.43359375	0.0146707857	0.0150231039	0.0143777664	0.0158793811	0.000698559683	0.00541391705	0	100	0	0	3
8795	2005	0	3.43554688	0.0146764554	0.0150195086	0.0143777664	0.0158793811	0.000698559683	0.00541575213	0	100	0	0	3
8800	2006	0	3.4375	0.0146816049	0.0150149387	0.0143777664	0.0158793811	0.000698559683	0.00541738444	0	100	0	0	3
8805	2009	0	3.43945312	0.014686152	0.0150104437	0.0143777664	0.0158793811	0.000698559683	0.00541885947	0	100	0	0	3
8810	2010	0	3.44140625	0.0146902607	0.01500603	0.0143777664	0.0158793811	0.000698559683	0.00542014677	0	100	0	0	3
8815	2011	0	3.44335938	0.0146941345	0.0150016917	0.0143777664	0.0158793811	0.000698559683	0.00542130599	0	100	0	0	3
8820	2012	0	3.4453125	0.0146979165	0.0149974332	0.0143777664	0.0158793811	0.000698559683	0.0054225111	0	100	0	0	3
8825	2014	0	3.44726562	0.0147017467	0.0149932575	0.0143777664	0.0158793811	0.000698559683	0.00542380314	0	100	0	0	3
8830	2015	0	3.44921875	0.0147057281	0.0149891641	0.0143777664	0.0158793811	0.000698559683	0.00542505364	0	100	0	0	3
8835	2016	0	3.45117188	0.0147098988	0.0149851445	0.0143777664	0.0158793811	0.000698559683	0.00542638915	0	100	0	0	3
8840	2017	0	3.453125	0.0147142444	0.0149811833	0.0143777664	0.0158793811	0.000698559683	0.00542782098	0	100	0	0	3
8845	2019	0	3.45507812	0.0147186667	0.0149772625	0.0143777664	0.0158793811	0.000698559683	0.00542922584	0	100	0	0	3
8850	2020	0	3.45703125	0.014722967	0.0149733669	0.0143777664	0.0158793811	0.000698559683	0.0054306994	0	100	0	0	3
8855	2021	0	3.45898438	0.0148174537	0.0149698377	0.0143777664	0.0158793811	0.000698559683	0.00546481907	0	100	0	0	3
8860	2023	0	3.4609375	0.014821512	0.0149663123	0.0143777664	0.0158793811	0.000698559683	0.00546602991	0	100	0	0	3
8865	2024	0	3.46289062	0.0148235633	0.0149627753	0.0143777664	0.0158793811	0.000698559683	0.00546658731	0	100	0	0	3
8870	2025	0	3.46484375	0.0148269566	0.0149592263	0.0143777664	0.0158793811	0.000698559683	0.00546758396	0	100	0	0	3
8875	2026	0	3.46679688	0.0148313693	0.0149556667	0.0143777664	0.0158793811	0.000698559683	0.00546900288	0	100	0	0	3
8880	2028	0	3.46875	0.0148353796	0.0149520944	0.0143777664	0.0158793811	0.000698559683	0.00547018041	0	100	0	0	3
8885	2029	0	3.47070312	0.0148385244	0.0149485081	0.0143777664	0.0158793811	0.000698559683	0.00547108129	0	100	0	0	3
8890	2030	0	3.47265625	0.0148413748	0.0149449091	0.0143777664	0.0158793811	0.000698559683	0.00547191747	0	100	0	0	3
8895	2031	0	3.47460938	0.0148445811	0.0149413005	0.0143777664	0.0158793811	0.000698559683	0.00547286674	0	100	0	0	3
8900	2033	0	3.4765625	0.0148483834	0.0149376849	0.0143777664	0.0158793811	0.000698559683	0.00547400545	0	100	0	0	3
8905	2035	0	3.47851562	0.0148525547	0.0149340622	0.0143777664	0.0158793811	0.000696859533	0.00547528295	0	100	0	0	3
8910	2036	0	3.48046875	0.0148568021	0.0149304308	0.0143777664	0.0158793811	0.000695052263	0.00547656336	0	100	0	0	3
8915	2037	0	3.48242188	0.0148610617	0.0149267897	0.0143777664	0.0158793811	0.000693163291	0.00547795063	0	100	0	0	3
8920	2039	0	3.484375	0.0148654455	0.0149231399	0.0143777664	0.0158793811	0.00069119652	0.0054792763	0	100	0	0	3
8925	2040	0	3.48632812	0.0148700476	0.0149194853	0.0143777664	0.0158793811	0.000689165815	0.00548065039	0	100	0	0	3
8930	2041	0	3.48828125	0.014874871	0.0149158333	0.0143777664	0.0158793811	0.000687080526	0.00548210542	0	100	0	0	3
8935	2043	0	3.49023438	0.0148799186	0.0149121943	0.0143777664	0.0158793811	0.000684946105	0.00548362213	0	100	0	0	3
8940	2044	0	3.4921875	0.0148852336	0.0149085797	0.0143777664	0.0158793811	0.00068277436	0.0054853027	0	100	0	0	3
8945	2045	0	3.49414062	0.0148908734	0.0149050024	0.0143777664	0.0158793811	0.000680575344	0.00548699149	0	100	0	0	3
8950	2046	0	3.49609375	0.0148969098	0.0149014761	0.0143777664	0.0158793811	0.00067835317	0.00548882161	0	100	0	0	3
8955	2048	0	3.49804688	0.0149033616	0.0148980129	0.0143777664	0.0158793811	0.000676107215	0.00549077304	0	100	0	0	3
8960	2049	0	3.5	0.0149100712	0.0148946225	0.0143777664	0.0158793811	0.000673385574	0.0054927832	0	100	0	0	3
8965	2050	0	3.50195312	0.0149167906	0.0148908624	0.0143777664	0.0158648309	0.000670633466	0.00549482	0	100	0	0	3
8970	2052	0	3.50390625	0.0149233133	0.0148871846	0.0143777664	0.0158470885	0.000667856995	0.00549681309	0	100	0	0	3
8975	2053	0	3.50585938	0.0149294795	0.0148836002	0.0143777664	0.0158279967	0.000665056317	0.00549863577	0	100	0	0	3
8980	2054	0	3.5078125	0.0149351699	0.0148801126	0.0143777664	0.0158090487	0.00066222605	0.00550037825	0	100	0	0	3
8985	2056	0	3.50976562	0.014940292	0.014876719	0.0143777664	0.0157903343	0.000659360116	0.00550194238	0	100	0	0	3
8990	2057	0	3.51171875	0.0149447739	0.014873416	0.0143777664	0.0157718172	0.000656451979	0.00550335202	0	100	0	0	3
8995	2058	0	3.51367188	0.0149485637	0.0148702002	0.0143777664	0.0157544195	0.000653490839	0.00550451439	0	100	0	0	3
9000	2059	0	3.515625	0.0149516254	0.0148670643	0.0143777664	0.0157395985	0.000650460921	0.00550540867	0	100	0	0	3
9005	2062	0	3.51757812	0.0149539264	0.0148639952	0.0143777664	0.0157279909	0.000647346194	0.00550595496	0	100	0	0	3
9010	2063	0	3.51953125	0.0149554386	0.0148609775	0.0143777664	0.0157194463	0.000644133464	0.00550632705	0	100	0	0	3
9015	2064	0	3.52148438	0.0149561315	0.0148579958	0.0143777664	0.0157134927	0.00064081318	0.00550633709	0	100	0	0	3
9020	2066	0	3.5234375	0.0150677405	0.0148554733	0.0143777664	0.0157096315	0.000637379745	0.00554646733	0	100	0	0	3
9025	2067	0	3.52539062	0.0150686912	0.0148529696	0.0143777664	0.0157073644	0.000633832031	0.00554647668	0	100	0	0	3
9030	2068	0	3.52734375	0.0150660677	0.0148504645	0.0143777664	0.015706056	0.000630174288	0.00554508584	0	100	0	0	3
9035	2069	0	3.52929688	0.015064308	0.0148479577	0.0143777664	0.0157050296	0.000626416365	0.0055441247	0	100	0	0	3
9040	2071	0	3.53125	0.0150639054	0.0148454533	0.0143777664	0.0157037188	0.000622572803	0.00554364228	0	100	0	0	3
9045	2072	0	3.53320312	0.0150631026	0.0148429509	0.0143777664	0.0157017918	0.000618661482	0.00554293006	0	100	0	0	3
9050	2073	0	3.53515625	0.0150613751	0.0148404493	0.0143777664	0.0156991224	0.000614702203	0.0055418798	0	100	0	0	3
9055	2075	0	3.53710938	0.0150593793	0.0148379503	0.0143777664	0.0156958976	0.000610714682	0.00554072418	0	100	0	0	3
9060	2076	0	3.5390625	0.0150579378	0.0148354583	0.0143777664	0.0156924158	0.000606717382	0.0055397969	0	100	0	0	3
9065	2077	0	3.54101562	0.0150576224	0.0148329786	0.0143777664	0.0156890201	0.000602726607	0.00553926363	0	100	0	0	3
9070	2079	0	3.54296875	0.0150583845	0.0148305152	0.0143777664	0.0156859823	0.000596471463	0.00553912353	0	100	0	0	3
9075	2080	0	3.54492188	0.0150599746	0.0148280698	0.0143777664	0.0156833482	0.000590227113	0.00553933546	0	100	0	0	3
9080	2081	0	3.546875	0.0150623123	0.0148256439	0.0143777664	0.0156809894	0.000584014466	0.00553982063	0	100	0	0	3
9085	2082	0	3.54882812	0.0150653908	0.0148232392	0.0143777664	0.0156786313	0.000577844274	0.00554059561	0	100	0	0	3
9090	2084	0	3.55078125	0.0150691354	0.0148208584	0.0143777664	0.015675884	0.000571740448	0.00554146604	0	100	0	0	3
9095	2085	0	3.55273438	0.0150733647	0.0148185048	0.0143777664	0.0156722753	0.00056572729	0.00554257021	0	100	0	0	3
9100	2086	0	3.5546875	0.0150778068	0.0148161827	0.0143777664	0.0156672434	0.000559794074	0.00554375772	0	100	0	0	3
9105	2089	0	3.55664062	0.0150822892	0.0148138977	0.0143777664	0.0156604443	0.000553926936	0.00554502694	0	100	0	0	3
9110	2090	0	3.55859375	0.0150867628	0.0148116567	0.0143777664	0.0156518548	0.000548117452	0.00554618215	0	100	0	0	3
9115	2092	0	3.56054688	0.0150912948	0.0148094671	0.0143777664	0.015641656	0.000542355351	0.00554730729	0	100	0	0	3
9120	2093	0	3.5625	0.0150960075	0.0148073356	0.0143777664	0.0156301128	0.000536627062	0.0055484667	0	100	0	0	3
9125	2094	0	3.56445312	0.0151010037	0.0148052688	0.0143777664	0.0155717861	0.000531096254	0.00554979625	0	100	0	0	3
9130	2096	0	3.56640625	0.0151062946	0.0148034505	0.0143777664	0.015557466	0.000525572213	0.0055512029	0	100	0	0	3
9135	2097	0	3.56835938	0.0151117578	0.0148017094	0.0143777664	0.0155433791	0.000520037338	0.00555260621	0	100	0	0	3
9140	2098	0	3.5703125	0.015117168	0.0148000445	0.0143777664	0.0155293258	0.000514478892	0.00555402091	0	100	0	0	3
9145	2099	0	3.57226562	0.0151222377	0.0147984543	0.0143777664	0.0155149271	0.000508890618	0.0055554533	0	100	0	0	3
9150	2101	0	3.57421875	0.0151266643	0.0147969377	0.0143777664	0.0155003395	0.000503269176	0.00555670763	0	100	0	0	3
9155	2102	0	3.57617188	0.0151301833	0.0147954918	0.0143777664	0.015486113	0.000497610478	0.0055576323	0	100	0	0	3
9160	2103	0	3.578125	0.015132612	0.0147941109	0.0143777664	0.0154727084	0.000491908268	0.00555817637	0	100	0	0	3
9165	2104	0	3.58007812	0.0151338747	0.0147927873	0.0143777664	0.0154602897	0.000486155123	0.00555823858	0	100	0	0	3
9170	2106	0	3.58203125	0.0151339235	0.0147915125	0.0143777664	0.015449036	0.000480341299	0.00555803535	0	100	0	0	3
9175	2107	0	3.58398438	0.0151327503	0.014790277	0.0143777664	0.0154391156	0.000474457808	0.00555725151	0	100	0	0	3
9180	2108	0	3.5859375	0.0151304322	0.0147890712	0.0143777664	0.0154305961	0.000468496799	0.00555606153	0	100	0	0	3
9185	2109	0	3.58789062	0.0151270991	0.0147878856	0.0143777664	0.0154233555	0.000462453437	0.00555441629	0	100	0	0	3
9190	2111	0	3.58984375	0.0152133501	0.0147870653	0.0143777664	0.0154170447	0.000456327998	0.0055851249	0	100	0	0	3
9195	2112	0	3.59179688	0.0152083598	0.0147862501	0.0143777664	0.0154112469	0.000450126877	0.00558292776	0	100	0	0	3
9200	2113	0	3.59375	0.0152027982	0.0147854359	0.0143777664	0.0154055114	0.000443862801	0.00558043175	0	100	0	0	3
9205	2116	0	3.59570312	0.0151979849	0.0147846252	0.0143777664	0.015399421	0.000437554331	0.00557821248	0	100	0	0	3
9210	2117	0	3.59765625	0.0151932497	0.0147838199	0.0143777664	0.0153926646	0.000431224013	0.00557595654	0	100	0	0	3
9215	2118	0	3.59960938	0.0151881489	0.014783021	0.0143777664	0.0153851145	0.000424897279	0.00557354815	0	100	0	0	3
9220	2119	0	3.6015625	0.0151829102	0.0147822311	0.0143777664	0.0153768547	0.000418600736	0.00557118515	0	100	0	0	3
9225	2121	0	3.60351562	0.015178356	0.0147814557	0.0143777664	0.015368117	0.000414823113	0.00556901615	0	100	0	0	3
9230	2122	0	3.60546875	0.0151750704	0.0147807016	0.0143777664	0.0153591872	0.000415577202	0.0055673335	0	100	0	0	3
9235	2123	0	3.60742188	0.0151730332	0.0147799745	0.0143777664	0.0153503139	0.000416304366	0.00556610984	0	100	0	0	3
9240	2124	0	3.609375	0.0151719406	0.0147792777	0.0143777664	0.0153416663	0.000417001136	0.00556513803	0	100	0	0	3
9245	2126	0	3.61132812	0.0151716251	0.0147786135	0.0143777664	0.015333317	0.00041766536	0.00556458984	0	100	0	0	3
9250	2127	0	3.61328125	0.0151721427	0.0147779839	0.0143777664	0.0153252545	0.000418294947	0.00556433023	0	100	0	0	3
9255	2128	0	3.61523438	0.0151734787	0.014777391	0.0143777664	0.0153174145	0.000418887821	0.00556430279	0	100	0	0	3
9260	2130	0	3.6171875	0.0151754185	0.0147768364	0.0143777664	0.015309717	0.000419442492	0.0055645024	0	100	0	0	3
9265	2131	0	3.61914062	0.015177618	0.0147763203	0.0143777664	0.015302076	0.000419958504	0.00556489093	0	100	0	0	3
9270	2132	0	3.62109375	0.0151797603	0.0147758425	0.0143777664	0.0152944418	0.0004204363	0.00556518492	0	100	0	0	3
9275	2133	0	3.62304688	0.0151816861	0.0147754021	0.0143777664	0.0152868037	0.000420876752	0.00556533051	0	100	0	0	3
9280	2135	0	3.625	0.0151834133	0.0147749982	0.0143777664	0.0152792355	0.000421280621	0.00556548436	0	100	0	0	3
9285	2136	0	3.62695312	0.0151850898	0.0147746305	0.0143777664	0.0152718317	0.000421648377	0.00556554272	0	100	0	0	3
9290	2137	0	3.62890625	0.0151869088	0.0147742987	0.0143777664	0.0152646894	0.000421980108	0.00556563792	0	100	0	0	3
9295	2138	0	3.63085938	0.0151890306	0.0147740032	0.0143777664	0.0152133501	0.00042227565	0.0055658025	0	100	0	0	3
9300	2140	0	3.6328125	0.0151915244	0.0147743654	0.0143777664	0.0152133501	0.00042227565	0.0055660968	0	100	0	0	3
9305	2142	0	3.63476562	0.0151943575	0.0147747715	0.0143777664	0.0152133501	0.00042227565	0.00556664303	0	100	0	0	3
9310	2143	0	3.63671875	0.0151973373	0.0147752129	0.0143777664	0.0152133501	0.00042227565	0.00556721535	0	100	0	0	3
9315	2145	0	3.63867188	0.0152000801	0.0147756858	0.0143777664	0.0152133501	0.00042227565	0.00556781977	0	100	0	0	3
9320	2146	0	3.640625	0.0152021222	0.0147761871	0.0143777664	0.0152133501	0.00042227565	0.00556809758	0	100	0	0	3
9325	2147	0	3.64257812	0.0152031606	0.0147767144	0.0143777664	0.0152133501	0.00042227565	0.00556811082	0	100	0	0	3
9330	2149	0	3.64453125	0.0152030209	0.0147772625	0.0143777664	0.0152133501	0.00042227565	0.00556760385	0	100	0	0	3
9335	2150	0	3.64648438	0.0152016212	0.0147778264	0.0143777664	0.0152133501	0.00042227565	0.0055667768	0	100	0	0	3
9340	2151	0	3.6484375	0.015199039	0.0147784037	0.0143777664	0.0152133501	0.00042227565	0.0055654353	0	100	0	0	3
9345	2153	0	3.65039062	0.0151954183	0.0147789932	0.0143777664	0.0152133501	0.00042227565	0.00556365869	0	100	0	0	3
9350	2154	0	3.65234375	0.0151909164	0.0147795935	0.0143777664	0.0152133501	0.00042227565	0.00556162076	0	100	0	0	3
9355	2155	0	3.65429688	0.0152255716	0.0147803585	0.0143777664	0.0152255716	0.00042227565	0.00557363462	0	100	0	0	3
9360	2156	0	3.65625	0.0152205218	0.0147811337	0.0143777664	0.0152255716	0.00042227565	0.00557132795	0	100	0	0	3
9365	2158	0	3.65820312	0.0152139902	0.0147819139	0.0143777664	0.0152255716	0.00042227565	0.00556850916	0	100	0	0	3
9370	2159	0	3.66015625	0.0152070485	0.014782699	0.0143777664	0.0152255716	0.00042227565	0.00556538978	0	100	0	0	3
9375	2160	0	3.66210938	0.0152004147	0.0147834919	0.0143777664	0.0152255716	0.00042227565	0.00556252606	0	100	0	0	3
9380	2162	0	3.6640625	0.0151940655	0.0147842962	0.0143777664	0.0152255716	0.00042227565	0.00555973647	0	100	0	0	3
9385	2163	0	3.66601562	0.0151879144	0.0147851145	0.0143777664	0.0152255716	0.00042227565	0.00555702023	0	100	0	0	3
9390	2164	0	3.66796875	0.0151822894	0.0147859507	0.0143777664	0.0152255716	0.00042227565	0.00555438718	0	100	0	0	3
9395	2165	0	3.66992188	0.0151776154	0.0147868094	0.0143777664	0.0152255716	0.00042227565	0.0055521348	0	100	0	0	3
9400	2167	0	3.671875	0.0151740469	0.0147876961	0.0143777664	0.0152255716	0.00042227565	0.00555037505	0	100	0	0	3
9405	2169	0	3.67382812	0.0151714528	0.0147886151	0.0143777664	0.0152255716	0.00042227565	0.00554900535	0	100	0	0	3
9410	2170	0	3.67578125	0.0151696517	0.0147895694	0.0143777664	0.0152255716	0.00042227565	0.00554779781	0	100	0	0	3
9415	2172	0	3.67773438	0.0151685662	0.014790561	0.0143777664	0.0152255716	0.00042227565	0.00554695817	0	100	0	0	3
9420	2173	0	3.6796875	0.0151680726	0.0147915907	0.0143777664	0.0152255716	0.00042227565	0.00554627562	0	100	0	0	3
9425	2174	0	3.68164062	0.0151679392	0.0147926574	0.0143777664	0.0152255716	0.00042227565	0.00554582966	0	100	0	0	3
9430	2176	0	3.68359375	0.015167873	0.0147937581	0.0143777664	0.0152255716	0.00042227565	0.00554533233	0	100	0	0	3
9435	2177	0	3.68554688	0.0151676119	0.0147948882	0.0143777664	0.0152255716	0.00042227565	0.00554469946	0	100	0	0	3
9440	2178	0	3.6875	0.0151670124	0.0147960418	0.0143777664	0.0152255716	0.00042227565	0.00554401963	0	100	0	0	3
9445	2179	0	3.68945312	0.0151660782	0.0147972123	0.0143777664	0.0152255716	0.00042227565	0.00554325505	0	100	0	0	3
9450	2181	0	3.69140625	0.0151649239	0.0147983933	0.0143777664	0.0152255716	0.00042227565	0.00554233518	0	100	0	0	3
9455	2182	0	3.69335938	0.0151637204	0.014799579	0.0143777664	0.0152255716	0.00042227565	0.00554140639	0	100	0	0	3
9460	2183	0	3.6953125	0.0151626153	0.014800764	0.0143777664	0.0152255716	0.00042227565	0.00554046633	0	100	0	0	3
9465	2185	0	3.69726562	0.0151617099	0.0148027074	0.0143777664	0.0152255716	0.00042227565	0.00553964129	0	100	0	0	3
9470	2186	0	3.69921875	0.0151610492	0.0148046547	0.0143777664	0.0152255716	0.00042227565	0.00553893991	0	100	0	0	3
9475	2187	0	3.70117188	0.0151605797	0.0148065921	0.0143777664	0.0152255716	0.00042227565	0.00553832883	0	100	0	0	3
9480	2189	0	3.703125	0.0151601657	0.0148085141	0.0143777664	0.0152255716	0.00042227565	0.00553766976	0	100	0	0	3
9485	2190	0	3.70507812	0.015159605	0.0148104151	0.0143777664	0.0152255716	0.00042227565	0.00553703483	0	100	0	0	3
9490	2191	0	3.70703125	0.0151586815	0.0148122916	0.0143777664	0.0152255716	0.00042227565	0.00553628297	0	100	0	0	3
9495	2193	0	3.70898438	0.0151571951	0.0148141456	0.0143777664	0.0152255716	0.00042227565	0.00553545401	0	100	0	0	3
9500	2194	0	3.7109375	0.0151550113	0.0148159783	0.0143777664	0.0152255716	0.00042227565	0.00553416371	0	100	0	0	3
9505	2197	0	3.71289062	0.0151521157	0.0148177916	0.0143777664	0.0152255716	0.00042227565	0.00553268868	0	100	0	0	3
9510	2198	0	3.71484375	0.015148593	0.0148195897	0.0143777664	0.0152255716	0.00042227565	0.00553097242	0	100	0	0	3
9515	2199	0	3.71679688	0.0151445702	0.0148213782	0.0143777664	0.0152255716	0.00042227565	0.00552908458	0	100	0	0	3
9520	2201	0	3.71875	0.0151259542	0.0148231067	0.0143777664	0.0152255716	0.00042227565	0.00552201459	0	100	0	0	3
9525	2202	0	3.72070312	0.0151210098	0.0148248344	0.0143777664	0.0152255716	0.00042227565	0.00551973862	0	100	0	0	3
9530	2203	0	3.72265625	0.0151162134	0.0148265665	0.0143777664	0.0152255716	0.00042227565	0.00551755155	0	100	0	0	3
9535	2205	0	3.72460938	0.0151114113	0.0148283068	0.0143777664	0.0152255716	0.00042227565	0.00551539257	0	100	0	0	3
9540	2206	0	3.7265625	0.0151063622	0.0148300569	0.0143777664	0.0152255716	0.00042227565	0.00551308753	0	100	0	0	3
9545	2207	0	3.72851562	0.0151013261	0.0148318187	0.0143777664	0.0152255716	0.00042227565	0.00551092081	0	100	0	0	3
9550	2208	0	3.73046875	0.0150965342	0.0148335943	0.0143777664	0.0152255716	0.00042227565	0.00550865825	0	100	0	0	3
9555	2210	0	3.73242188	0.0150920543	0.0148353857	0.0143777664	0.0152255716	0.00042227565	0.00550662787	0	100	0	0	3
9560	2211	0	3.734375	0.0150878809	0.0148371946	0.0143777664	0.0152255716	0.00042227565	0.00550469643	0	100	0	0	3
9565	2212	0	3.73632812	0.0150840572	0.0148390233	0.0143777664	0.0152255716	0.00042227565	0.00550285982	0	100	0	0	3
9570	2214	0	3.73828125	0.0150806868	0.014840875	0.0143777664	0.0152255716	0.00042227565	0.00550113327	0	100	0	0	3
9575	2215	0	3.74023438	0.0150778192	0.0148427529	0.0143777664	0.0152255716	0.00042227565	0.00549971141	0	100	0	0	3
9580	2217	0	3.7421875	0.0150754112	0.0148446594	0.0143777664	0.0152255716	0.00042227565	0.0054983805	0	100	0	0	3
9585	2218	0	3.74414062	0.0150733411	0.0148465953	0.0143777664	0.0152255716	0.00042227565	0.00549724434	0	100	0	0	3
9590	2219	0	3.74609375	0.0150714471	0.0148485588	0.0143777664	0.0152255716	0.00042227565	0.00549617107	0	100	0	0	3
9595	2221	0	3.74804688	0.0150695637	0.0148505458	0.0143777664	0.0152255716	0.00042227565	0.00549508058	0	100	0	0	3
9600	2222	0	3.75	0.015067556	0.0148525502	0.0143777664	0.0152255716	0.00042227565	0.00549393248	0	100	0	0	3
9605	2224	0	3.75195312	0.0150653161	0.0148545642	0.0143777664	0.0152255716	0.00042227565	0.00549273445	0	100	0	0	3
9610	2226	0	3.75390625	0.0150627723	0.0148565788	0.0143777664	0.0152255716	0.00042227565	0.00549144803	0	100	0	0	3
9615	2227	0	3.75585938	0.0150599388	0.0148585848	0.0143777664	0.0152255716	0.00042227565	0.00549008104	0	100	0	0	3
9620	2228	0	3.7578125	0.0150569167	0.0148605731	0.0143777664	0.0152255716	0.00042227565	0.00548859532	0	100	0	0	3
9625	2230	0	3.75976562	0.0150538475	0.0148625355	0.0143777664	0.0152255716	0.00042227565	0.00548717877	0	100	0	0	3
9630	2231	0	3.76171875	0.0150508525	0.014864465	0.0143777664	0.0152255716	0.00042227565	0.00548561503	0	100	0	0	3
9635	2232	0	3.76367188	0.0150480047	0.0148669777	0.0143777664	0.0152255716	0.00042227565	0.00548434596	0	100	0	0	3
9640	2234	0	3.765625	0.0150453328	0.0148694505	0.0143777664	0.0152255716	0.00042227565	0.00548302147	0	100	0	0	3
9645	2235	0	3.76757812	0.0150428219	0.0148718767	0.0143777664	0.0152255716	0.00042227565	0.00548170821	0	100	0	0	3
9650	2237	0	3.76953125	0.0150404237	0.0148742515	0.0143777664	0.0152255716	0.00042227565	0.00548047212	0	100	0	0	3
9655	2238	0	3.77148438	0.0150380716	0.0148765732	0.0143777664	0.0152255716	0.00042227565	0.00547928581	0	100	0	0	3
9660	2239	0	3.7734375	0.0150356968	0.0148788468	0.0143777664	0.0152255716	0.00042227565	0.00547799693	0	100	0	0	3
9665	2241	0	3.77539062	0.015033261	0.0148810762	0.0143777664	0.0152255716	0.00042227565	0.005476763	0	100	0	0	3
9670	2242	0	3.77734375	0.0150307674	0.0148832657	0.0143777664	0.0152255716	0.00042227565	0.0054753852	0	100	0	0	3
9675	2243	0	3.77929688	0.0150282552	0.0148854228	0.0143777664	0.0152255716	0.00042227565	0.00547414373	0	100	0	0	3
9680	2245	0	3.78125	0.0150257806	0.0148875566	0.0143777664	0.0152255716	0.00042227565	0.00547281694	0	100	0	0	3
9685	2246	0	3.78320312	0.0150233926	0.0148896762	0.0143777664	0.0152255716	0.00042227565	0.00547162612	0	100	0	0	3
9690	2247	0	3.78515625	0.0149683293	0.0148915828	0.0143777664	0.0152255716	0.00042227565	0.00545142166	0	100	0	0	3
9695	2249	0	3.78710938	0.0149655626	0.0148934869	0.0143777664	0.0152255716	0.00042227565	0.00545006508	0	100	0	0	3
9700	2250	0	3.7890625	0.0149640126	0.0148953979	0.0143777664	0.0152255716	0.00042227565	0.00544921338	0	100	0	0	3
9705	2253	0	3.79101562	0.014962194	0.0148973175	0.0143777664	0.0152255716	0.00042227565	0.0054482299	0	100	0	0	3
9710	2254	0	3.79296875	0.0149600979	0.0148992455	0.0143777664	0.0152255716	0.00042227565	0.00544708683	0	100	0	0	3
9715	2255	0	3.79492188	0.0149581374	0.0149011818	0.0143777664	0.0152255716	0.00042227565	0.00544606309	0	100	0	0	3
9720	2257	0	3.796875	0.0149564075	0.0149031263	0.0143777664	0.0152255716	0.00042227565	0.00544506168	0	100	0	0	3
9725	2258	0	3.79882812	0.0149545642	0.0149050773	0.0143777664	0.0152255716	0.00042227565	0.00544410591	0	100	0	0	3
9730	2260	0	3.80078125	0.0149523235	0.0149070332	0.0143777664	0.0152255716	0.00042227565	0.00544297282	0	100	0	0	3
9735	2261	0	3.80273438	0.0149497441	0.0149089936	0.0143777664	0.0152255716	0.00042227565	0.00544169804	0	100	0	0	3
9740	2262	0	3.8046875	0.0149470556	0.0149109597	0.0143777664	0.0152255716	0.000421304933	0.00544033791	0	100	0	0	3
9745	2264	0	3.80664062	0.0149444023	0.0149129336	0.0143777664	0.0152255716	0.000420273119	0.0054390937	0	100	0	0	3
9750	2265	0	3.80859375	0.0149417809	0.0149149166	0.0143777664	0.0152255716	0.000419199953	0.00543773289	0	100	0	0	3
9755	2266	0	3.81054688	0.014939131	0.0149169078	0.0143777664	0.0152255716	0.00041807421	0.00543654288	0	100	0	0	3
9760	2267	0	3.8125	0.0149364115	0.0149189046	0.0143777664	0.0152255716	0.000416888268	0.00543520069	0	100	0	0	3
9765	2269	0	3.81445312	0.0149336119	0.0149209028	0.0143777664	0.0152255716	0.000415653494	0.00543385325	0	100	0	0	3
9770	2270	0	3.81640625	0.0149307171	0.0149228962	0.0143777664	0.0152255716	0.000414387202	0.00543256606	0	100	0	0	3
9775	2271	0	3.81835938	0.0149276851	0.0149248775	0.0143777664	0.0152255716	0.000413099965	0.00543125212	0	100	0	0	3
