Iteration	CPUTime	PhysTime	Travels	Value	AvValue	MinValue	MaxValue	Delta	Criteria	PrevAvRefValue	Progress	CriteriaType	CriteriaVarType	CriteriaPercentage
1	1	0	0.000390625	40.2126789	40.2126789	40.2126789	40.2126789	0	0	0	0	0	0	3
5	2	0	0.001953125	40.2273162	40.2199975	40.2126789	40.2273162	0.00731864443	0	0	0	0	0	3
10	3	0	0.00390625	40.2273701	40.2224551	40.2126789	40.2273701	0.00977616898	0	0	0	0	0	3
15	5	0	0.005859375	40.2308553	40.2245551	40.2126789	40.2308553	0.0118762375	0	0	0	0	0	3
20	6	0	0.0078125	40.2275527	40.2251546	40.2126789	40.2308553	0.0124757496	0	0	0	0	0	3
25	7	0	0.009765625	40.2273102	40.2255139	40.2126789	40.2308553	0.0128350105	0	0	0	0	0	3
30	8	0	0.01171875	40.2273284	40.2257731	40.2126789	40.2308553	0.0130942255	0	0	0	0	0	3
35	9	0	0.013671875	40.2274212	40.2259791	40.2126789	40.2308553	0.0133002338	0	0	0	0	0	3
40	11	0	0.015625	40.2275585	40.2261546	40.2126789	40.2308553	0.0134757236	0	0	0	0	0	3
45	12	0	0.017578125	40.2276251	40.2263017	40.2126789	40.2308553	0.0136227698	0	0	0	0	0	3
50	13	0	0.01953125	40.2276866	40.2264276	40.2126789	40.2308553	0.0137486781	0	0	0	0	0	3
55	15	0	0.021484375	40.2277097	40.2265344	40.2126789	40.2308553	0.0138555211	0	0	0	0	0	3
60	17	0	0.0234375	40.2277667	40.2266292	40.2126789	40.2308553	0.0139503115	0	0	0	0	0	3
65	20	0	0.025390625	40.2277873	40.2267119	40.2126789	40.2308553	0.0140330306	0	0	0	0	0	3
70	23	0	0.02734375	40.2278212	40.2267859	40.2126789	40.2308553	0.0141069831	0	0	0	0	0	3
75	25	0	0.029296875	40.2278381	40.2268516	40.2126789	40.2308553	0.0141727492	0	0	0	0	0	3
80	28	0	0.03125	40.2278923	40.2269129	40.2126789	40.2308553	0.0142339647	0	0	0	0	0	3
85	30	0	0.033203125	40.2278585	40.2269654	40.2126789	40.2308553	0.0142865034	0	0	0	0	0	3
90	33	0	0.03515625	40.2278861	40.2270139	40.2126789	40.2308553	0.0143349633	0	0	0	0	0	3
95	35	0	0.037109375	40.2279254	40.2270594	40.2126789	40.2308553	0.0143805419	0	0	0	0	0	3
100	37	0	0.0390625	40.2279689	40.2271027	40.2126789	40.2308553	0.014423852	0	0	0	0	0	3
105	40	0	0.041015625	40.2279602	40.2271417	40.2126789	40.2308553	0.0144628272	0	0	0	0	0	3
110	43	0	0.04296875	40.2278746	40.2271736	40.2126789	40.2308553	0.0144946929	0	0	0	0	0	3
115	45	0	0.044921875	40.2277568	40.2271979	40.2126789	40.2308553	0.0145189923	0	0	0	0	0	3
120	48	0	0.046875	40.2276028	40.2272141	40.2126789	40.2308553	0.0145351886	0	0	0	0	0	3
125	50	0	0.048828125	40.2273561	40.2272195	40.2126789	40.2308553	0.0145406526	0	0	0	0	0	3
130	52	0	0.05078125	40.2270846	40.2272145	40.2126789	40.2308553	0.0145406526	0	0	0	0	0	3
135	54	0	0.052734375	40.2267395	40.2271976	40.2126789	40.2308553	0.0145406526	0	0	0	0	0	3
140	57	0	0.0546875	40.2263231	40.2271674	40.2126789	40.2308553	0.0145406526	0	0	0	0	0	3
145	59	0	0.056640625	40.2258351	40.227123	40.2126789	40.2308553	0.0145406526	0	0	0	0	0	3
150	61	0	0.05859375	40.2252505	40.2270626	40.2126789	40.2308553	0.0145406526	0	0	0	0	0	3
155	63	0	0.060546875	40.2245419	40.2269838	40.2126789	40.2308553	0.0145406526	0	0	0	0	0	3
160	65	0	0.0625	40.2237844	40.2268869	40.2126789	40.2308553	0.0145406526	0	0	0	0	0	3
165	67	0	0.064453125	40.2228851	40.2267692	40.2126789	40.2308553	0.0145406526	0	0	0	0	0	3
170	70	0	0.06640625	73.1814805	41.1683324	40.2126789	73.1814805	0.955653478	0	0	0	0	0	3
175	72	0	0.068359375	73.182412	42.0576124	40.2126789	73.182412	1.84493347	0	0	0	0	0	3
180	74	0	0.0703125	73.1823813	42.8988223	40.2126789	73.182412	2.68614344	0	0	0	0	0	3
185	76	0	0.072265625	73.1821557	43.6957521	40.2126789	73.182412	3.48307326	0	0	0	0	0	3
190	78	0	0.07421875	73.1819291	44.451808	40.2126789	73.182412	4.23912908	0	0	0	0	0	3
195	81	0	0.076171875	73.1804307	45.1700235	40.2126789	73.182412	4.95734465	0	0	0	0	0	3
200	83	0	0.078125	73.1802581	45.8532	40.2126789	73.182412	5.6405211	0	0	0	0	0	3
205	86	0	0.080078125	73.1804939	46.5038498	40.2126789	73.182412	6.29117095	0	0	0	0	0	3
210	91	0	0.08203125	73.180432	47.1242355	40.2126789	73.182412	6.91155659	0	0	0	0	0	3
215	93	0	0.083984375	73.1799644	47.7164111	40.2126789	73.182412	7.50373224	0	0	0	0	0	3
220	95	0	0.0859375	73.1793266	48.2822537	40.2126789	73.182412	8.06957481	0	0	0	0	0	3
225	97	0	0.087890625	73.1785312	48.8234771	40.2126789	73.182412	8.61079823	0	0	0	0	0	3
230	99	0	0.08984375	73.1776281	49.3416505	40.2126789	73.182412	9.12897166	0	0	0	0	0	3
235	101	0	0.091796875	73.1762916	49.8382056	40.2126789	73.182412	9.62552668	0	0	0	0	0	3
240	104	0	0.09375	73.1747685	50.314462	40.2126789	73.182412	10.1017831	0	0	0	0	0	3
245	106	0	0.095703125	73.1734734	50.7716422	40.2126789	73.182412	10.5589633	0	0	0	0	0	3
250	108	0	0.09765625	73.1718473	51.2108619	40.2126789	73.182412	10.998183	0	0	0	0	0	3
255	110	0	0.099609375	73.1701069	51.6331551	40.2126789	73.182412	11.4204762	0	0	0	0	0	3
260	112	0	0.1015625	73.1681892	52.0394765	40.2126789	73.182412	11.8267976	0	0	0	0	0	3
265	114	0	0.103515625	73.1660494	52.4307093	40.2126789	73.182412	12.2180304	0	0	0	0	0	3
270	116	0	0.10546875	73.1637123	52.807673	40.2126789	73.182412	12.5949941	0	0	0	0	0	3
275	118	0	0.107421875	73.1612838	53.1711303	40.2126789	73.182412	12.9584514	0	0	0	0	0	3
280	120	0	0.109375	73.1585275	53.5217864	40.2126789	73.182412	13.3091075	0	0	0	0	0	3
285	122	0	0.111328125	73.1556646	53.8603016	40.2126789	73.182412	13.6476227	0	0	0	0	0	3
290	125	0	0.11328125	73.1525734	54.1872892	40.2126789	73.182412	13.9746103	0	0	0	0	0	3
295	127	0	0.115234375	73.1493627	54.5033238	40.2126789	73.182412	14.2906449	0	0	0	0	0	3
300	129	0	0.1171875	73.1460331	54.808942	40.2126789	73.182412	14.5962631	0	0	0	0	0	3
305	132	0	0.119140625	73.142565	55.1046456	40.2126789	73.182412	14.8919667	0	0	0	0	0	3
310	134	0	0.12109375	73.138947	55.3909043	40.2126789	73.182412	15.1782254	0	0	0	0	0	3
315	136	0	0.123046875	73.1351194	55.6681577	40.2126789	73.182412	15.4554788	0	0	0	0	0	3
320	138	0	0.125	73.1312064	55.93682	40.2126789	73.182412	15.7241411	0	0	0	0	0	3
325	140	0	0.126953125	73.1271036	56.1972788	40.2126789	73.182412	15.9845999	0	0	0	0	0	3
330	142	0	0.12890625	73.1228853	56.4498998	40.2126789	73.182412	16.2372209	0	0	0	0	0	3
335	144	0	0.130859375	96.1147173	57.0332059	40.2126789	96.1147173	16.820527	0	0	0	0	0	3
340	146	0	0.1328125	96.1132774	57.5995838	40.2126789	96.1147173	17.3869049	0	0	0	0	0	3
345	148	0	0.134765625	96.1109428	58.149746	40.2126789	96.1147173	17.9370672	0	0	0	0	0	3
350	150	0	0.13671875	96.1082921	58.6843735	40.2126789	96.1147173	18.4716946	0	0	0	0	0	3
355	152	0	0.138671875	96.1057537	59.2041149	40.2126789	96.1147173	18.991436	0	0	0	0	0	3
360	154	0	0.140625	96.102571	59.7095732	40.2126789	96.1147173	19.4968943	0	0	0	0	0	3
365	156	0	0.142578125	96.0988801	60.2013205	40.2126789	96.1147173	19.9886417	0	0	0	0	0	3
370	158	0	0.14453125	96.095357	60.6799077	40.2126789	96.1147173	20.4672288	0	0	0	0	0	3
375	160	0	0.146484375	96.0915997	61.145851	40.2126789	96.1147173	20.9331721	0	0	0	0	0	3
380	162	0	0.1484375	96.0880149	61.5996453	40.2126789	96.1147173	21.3869665	0	0	0	0	0	3
385	164	0	0.150390625	96.0836095	62.0417475	40.2126789	96.1147173	21.8290686	0	0	0	0	0	3
390	166	0	0.15234375	96.0792328	62.4726017	40.2126789	96.1147173	22.2599228	0	0	0	0	0	3
395	168	0	0.154296875	96.0746815	62.8926277	40.2126789	96.1147173	22.6799488	0	0	0	0	0	3
400	170	0	0.15625	96.0699785	63.3022246	40.2126789	96.1147173	23.0895457	0	0	0	0	0	3
405	173	0	0.158203125	96.0650343	63.7017711	40.2126789	96.1147173	23.4890922	0	0	0	0	0	3
410	175	0	0.16015625	96.0599409	64.0916285	40.2126789	96.1147173	23.8789497	0	0	0	0	0	3
415	177	0	0.162109375	96.0546409	64.4721406	40.2126789	96.1147173	24.2594617	0	0	0	0	0	3
420	179	0	0.1640625	96.0488184	64.8436309	40.2126789	96.1147173	24.630952	0	0	0	0	0	3
425	181	0	0.166015625	96.0433319	65.2064181	40.2126789	96.1147173	24.9937393	0	0	0	0	0	3
430	183	0	0.16796875	96.0377689	65.5608015	40.2126789	96.1147173	25.3481226	0	0	0	0	0	3
435	185	0	0.169921875	96.0322199	65.9070676	40.2126789	96.1147173	25.6943887	0	0	0	0	0	3
440	187	0	0.171875	96.0265175	66.2454884	40.2126789	96.1147173	26.0328095	0	0	0	0	0	3
445	189	0	0.173828125	96.0206739	66.5763238	40.2126789	96.1147173	26.3636449	0	0	0	0	0	3
450	191	0	0.17578125	96.0146222	66.8998216	40.2126789	96.1147173	26.6871427	0	0	0	0	0	3
455	192	0	0.177734375	96.0086584	67.216222	40.2126789	96.1147173	27.0035431	0	0	0	0	0	3
460	195	0	0.1796875	96.0026759	67.5257537	40.2126789	96.1147173	27.3130748	0	0	0	0	0	3
465	196	0	0.181640625	95.9965446	67.8286345	40.2126789	96.1147173	27.6159556	0	0	0	0	0	3
470	198	0	0.18359375	95.9904492	68.1250746	40.2126789	96.1147173	27.9123958	0	0	0	0	0	3
475	200	0	0.185546875	95.9843288	68.4152752	40.2126789	96.1147173	28.2025963	0	0	0	0	0	3
480	202	0	0.1875	95.9779673	68.6994267	40.2126789	96.1147173	28.4867478	0	0	0	0	0	3
485	204	0	0.189453125	95.9718105	68.9777163	40.2126789	96.1147173	28.7650374	0	0	0	0	0	3
490	205	0	0.19140625	95.9654739	69.2503199	40.2126789	96.1147173	29.037641	0	0	0	0	0	3
495	207	0	0.193359375	95.9592216	69.5174089	40.2126789	96.1147173	29.30473	0	0	0	0	0	3
500	209	0	0.1953125	95.9528579	69.779146	40.2126789	96.1147173	29.5664672	0	0	0	0	0	3
505	212	0	0.197265625	112.520008	70.1981741	40.2126789	112.520008	29.9854952	0	0	0	0	0	3
510	214	0	0.19921875	112.516438	70.609031	40.2126789	112.520008	30.3963521	0	0	0	0	0	3
515	216	0	0.201171875	112.511965	71.0119439	40.2126789	112.520008	30.799265	0	0	0	0	0	3
520	218	0	0.203125	112.507241	71.4071372	40.2126789	112.520008	31.1944583	0	0	0	0	0	3
525	219	0	0.205078125	112.501782	71.7948225	40.2126789	112.520008	31.5821436	0	0	0	0	0	3
530	221	0	0.20703125	112.495609	72.1752037	40.2126789	112.520008	31.9625248	0	0	0	0	0	3
535	223	0	0.208984375	112.488809	72.5484778	40.2126789	112.520008	32.3357989	0	0	0	0	0	3
540	225	0	0.2109375	112.482258	72.9148428	40.2126789	112.520008	32.7021639	0	0	0	0	0	3
545	227	0	0.212890625	112.475659	73.2744866	40.2126789	112.520008	33.0618077	0	0	0	0	0	3
550	228	0	0.21484375	112.469265	73.6275927	40.2126789	112.520008	33.4149138	0	0	0	0	0	3
555	230	0	0.216796875	112.462364	73.9743317	40.2126789	112.520008	33.7616528	0	0	0	0	0	3
560	232	0	0.21875	112.455607	74.314874	40.2126789	112.520008	34.1021951	0	0	0	0	0	3
565	233	0	0.220703125	112.44875	74.6493816	40.2126789	112.520008	34.4367028	0	0	0	0	0	3
570	235	0	0.22265625	112.441829	74.9780116	40.2126789	112.520008	34.7653327	0	0	0	0	0	3
575	236	0	0.224609375	112.434936	75.3009161	40.2126789	112.520008	35.0882373	0	0	0	0	0	3
580	238	0	0.2265625	112.428207	75.6182434	40.2126789	112.520008	35.4055645	0	0	0	0	0	3
585	240	0	0.228515625	112.421336	75.930134	40.2126789	112.520008	35.7174551	0	0	0	0	0	3
590	241	0	0.23046875	112.414462	76.236725	40.2126789	112.520008	36.0240461	0	0	0	0	0	3
595	243	0	0.232421875	112.407572	76.5381487	40.2126789	112.520008	36.3254699	0	0	0	0	0	3
600	244	0	0.234375	112.400724	76.8345337	40.2126789	112.520008	36.6218548	0	0	0	0	0	3
605	247	0	0.236328125	112.393874	77.1260037	40.2126789	112.520008	36.9133248	0	0	0	0	0	3
610	248	0	0.23828125	112.387139	77.4126796	40.2126789	112.520008	37.2000007	0	0	0	0	0	3
615	250	0	0.240234375	112.380328	77.6946767	40.2126789	112.520008	37.4819978	0	0	0	0	0	3
620	252	0	0.2421875	112.373634	77.9721084	40.2126789	112.520008	37.7594295	0	0	0	0	0	3
625	253	0	0.244140625	112.366954	78.2450834	40.2126789	112.520008	38.0324045	0	0	0	0	0	3
630	254	0	0.24609375	112.360265	78.5137068	40.2126789	112.520008	38.3010279	0	0	0	0	0	3
635	256	0	0.248046875	112.353708	78.7780818	40.2126789	112.520008	38.565403	0	0	0	0	0	3
640	258	0	0.25	112.347137	79.0383071	40.2126789	112.520008	38.8256282	0	0	0	0	0	3
645	259	0	0.251953125	112.340625	79.2944788	40.2126789	112.520008	39.0817999	0	0	0	0	0	3
650	260	0	0.25390625	112.334113	79.5466897	40.2126789	112.520008	39.3340108	0	0	0	0	0	3
655	262	0	0.255859375	112.327702	79.7950307	40.2126789	112.520008	39.5823518	0	0	0	0	0	3
660	263	0	0.2578125	112.321344	80.0395895	40.2126789	112.520008	39.8269106	0	0	0	0	0	3
665	264	0	0.259765625	112.315072	80.2804513	40.2126789	112.520008	40.0677724	0	0	0	0	0	3
670	266	0	0.26171875	124.672272	80.6092796	40.2126789	124.672272	40.3966007	0	0	0	0	0	3
675	267	0	0.263671875	124.666173	80.9332273	40.2126789	124.672272	40.7205484	0	0	0	0	0	3
680	269	0	0.265625	124.661655	81.2524129	40.2126789	124.672272	41.039734	0	0	0	0	0	3
685	270	0	0.267578125	124.656386	81.5669345	40.2126789	124.672272	41.3542556	0	0	0	0	0	3
690	271	0	0.26953125	124.65069	81.8768895	40.2126789	124.672272	41.6642106	0	0	0	0	0	3
695	272	0	0.271484375	124.644322	82.1823712	40.2126789	124.672272	41.9696923	0	0	0	0	0	3
700	274	0	0.2734375	124.63736	82.4834704	40.2126789	124.672272	42.2707915	0	0	0	0	0	3
705	276	0	0.275390625	124.630518	82.7802806	40.2126789	124.672272	42.5676017	0	0	0	0	0	3
710	277	0	0.27734375	124.623848	83.072893	40.2126789	124.672272	42.8602141	0	0	0	0	0	3
715	278	0	0.279296875	124.61698	83.3613936	40.2126789	124.672272	43.1487147	0	0	0	0	0	3
720	279	0	0.28125	124.610104	83.6458674	40.2126789	124.672272	43.4331885	0	0	0	0	0	3
725	281	0	0.283203125	124.603228	83.9263973	40.2126789	124.672272	43.7137184	0	0	0	0	0	3
730	282	0	0.28515625	124.596303	84.2030633	40.2126789	124.672272	43.9903844	0	0	0	0	0	3
735	283	0	0.287109375	124.589434	84.4759442	40.2126789	124.672272	44.2632653	0	0	0	0	0	3
740	284	0	0.2890625	124.582632	84.7451166	40.2126789	124.672272	44.5324377	0	0	0	0	0	3
745	285	0	0.291015625	124.575809	85.0106546	40.2126789	124.672272	44.7979757	0	0	0	0	0	3
750	286	0	0.29296875	124.569065	85.2726308	40.2126789	124.672272	45.0599519	0	0	0	0	0	3
755	288	0	0.294921875	124.562435	85.5311163	40.2126789	124.672272	45.3184374	0	0	0	0	0	3
760	289	0	0.296875	124.556039	85.7861812	40.2126789	124.672272	45.5735023	0	0	0	0	0	3
765	290	0	0.298828125	124.549883	86.0378935	40.2126789	124.672272	45.8252147	0	0	0	0	0	3
770	291	0	0.30078125	124.544107	86.2863207	40.2126789	124.672272	46.0736418	0	0	0	0	0	3
775	292	0	0.302734375	124.538843	86.5315292	40.2126789	124.672272	46.3188503	0	0	0	0	0	3
780	293	0	0.3046875	124.534373	86.7735855	40.2126789	124.672272	46.5609066	0	0	0	0	0	3
785	294	0	0.306640625	124.530689	87.0125545	40.2126789	124.672272	46.7998757	0	0	0	0	0	3
790	295	0	0.30859375	124.527721	87.248499	40.2126789	124.672272	47.0358201	0	0	0	0	0	3
795	296	0	0.310546875	124.525214	87.4814784	40.2126789	124.672272	47.2687996	0	0	0	0	0	3
800	297	0	0.3125	124.523025	87.7115502	40.2126789	124.672272	47.4988713	0	0	0	0	0	3
805	299	0	0.314453125	124.521111	87.9387697	40.2126789	124.672272	47.7260908	0	0	0	0	0	3
810	300	0	0.31640625	124.519686	88.1631925	40.2126789	124.672272	47.9505136	0	0	0	0	0	3
815	301	0	0.318359375	124.518641	88.384872	40.2126789	124.672272	48.1721932	0	0	0	0	0	3
820	302	0	0.3203125	124.517928	88.6038603	40.2126789	124.672272	48.3911814	0	0	0	0	0	3
825	303	0	0.322265625	124.517318	88.8202064	40.2126789	124.672272	48.6075275	0	0	0	0	0	3
830	304	0	0.32421875	124.516659	89.0339576	40.2126789	124.672272	48.8212787	0	0	0	0	0	3
835	305	0	0.326171875	124.515592	89.2451578	40.2126789	124.672272	49.0324789	0	0	0	0	0	3
840	306	0	0.328125	133.875257	89.5092412	40.2126789	133.875257	49.2965624	0	0	0	0	0	3
845	307	0	0.330078125	133.873273	89.7702061	40.2126789	133.875257	49.5575272	0	0	0	0	0	3
850	307	0	0.33203125	133.868944	90.0280935	40.2126789	133.875257	49.8154146	0	0	0	0	0	3
855	308	0	0.333984375	133.861719	90.2829402	40.2126789	133.875257	50.0702613	0	0	0	0	0	3
860	309	0	0.3359375	133.851433	90.5347812	40.2126789	133.875257	50.3221023	0	0	0	0	0	3
865	310	0	0.337890625	133.837925	90.7836498	40.2126789	133.875257	50.5709709	0	0	0	0	0	3
870	311	0	0.33984375	133.820857	91.0295767	40.2126789	133.875257	50.8168978	0	0	0	0	0	3
875	312	0	0.341796875	133.800293	91.2725921	40.2126789	133.875257	51.0599132	0	0	0	0	0	3
880	313	0	0.34375	133.776263	91.5127259	40.2126789	133.875257	51.300047	0	0	0	0	0	3
885	314	0	0.345703125	133.748726	91.7500068	40.2126789	133.875257	51.5373279	0	0	0	0	0	3
890	315	0	0.34765625	133.717551	91.9844623	40.2126789	133.875257	51.7717834	0	0	0	0	0	3
895	315	0	0.349609375	133.68262	92.2161187	40.2126789	133.875257	52.0034399	0	0	0	0	0	3
900	316	0	0.3515625	133.643722	92.4450005	40.2126789	133.875257	52.2323216	0	0	0	0	0	3
905	318	0	0.353515625	133.600206	92.671128	40.2126789	133.875257	52.4584492	0	0	0	0	0	3
910	319	0	0.35546875	133.551083	92.8945158	40.2126789	133.875257	52.6818369	0	0	0	0	0	3
915	320	0	0.357421875	133.49559	93.1151738	40.2126789	133.875257	52.9024949	0	0	0	0	0	3
920	321	0	0.359375	133.433661	93.3331116	40.2126789	133.875257	53.1204327	0	0	0	0	0	3
925	321	0	0.361328125	133.365722	93.5483406	40.2126789	133.875257	53.3356618	0	0	0	0	0	3
930	322	0	0.36328125	133.292057	93.7608739	40.2126789	133.875257	53.548195	0	0	0	0	0	3
935	323	0	0.365234375	133.212854	93.9707248	40.2126789	133.875257	53.758046	0	0	0	0	0	3
940	324	0	0.3671875	133.128092	94.1779067	40.2126789	133.875257	53.9652278	0	0	0	0	0	3
945	325	0	0.369140625	133.037626	94.3824315	40.2126789	133.875257	54.1697526	0	0	0	0	0	3
950	325	0	0.37109375	132.941118	94.5843095	40.2126789	133.875257	54.3716306	0	0	0	0	0	3
955	326	0	0.373046875	132.838035	94.7835476	40.2126789	133.875257	54.5708687	0	0	0	0	0	3
960	327	0	0.375	132.727658	94.9801492	40.2126789	133.875257	54.7674703	0	0	0	0	0	3
965	328	0	0.376953125	132.609134	95.1741131	40.2126789	133.875257	54.9614342	0	0	0	0	0	3
970	329	0	0.37890625	132.481374	95.3654324	40.2126789	133.875257	55.1527535	0	0	0	0	0	3
975	329	0	0.380859375	132.343021	95.5540935	40.2126789	133.875257	55.3414146	0	0	0	0	0	3
980	330	0	0.3828125	132.191956	95.7400725	40.2126789	133.875257	55.5273936	0	0	0	0	0	3
985	331	0	0.384765625	132.024964	95.9233295	40.2126789	133.875257	55.7106507	0	0	0	0	0	3
990	332	0	0.38671875	131.83726	96.1038016	40.2126789	133.875257	55.8911227	0	0	0	0	0	3
995	333	0	0.388671875	131.621171	96.2813884	40.2126789	133.875257	56.0687095	0	0	0	0	0	3
1000	333	0	0.390625	131.368579	96.4559515	40.2126789	133.875257	56.2432727	0	0	0	0	0	3
1005	335	0	0.392578125	133.080707	96.6372622	40.2126789	133.875257	56.4245833	0	0	0	0	0	3
1010	336	0	0.39453125	132.742342	96.8151197	40.2126789	133.875257	56.6024409	0	0	0	0	0	3
1015	337	0	0.396484375	132.360826	96.9893634	40.2126789	133.875257	56.7766845	0	0	0	0	0	3
1020	338	0	0.3984375	131.938344	97.1598462	40.2126789	133.875257	56.9471674	0	0	0	0	0	3
1025	339	0	0.400390625	131.479744	97.3264477	40.2126789	133.875257	57.1137688	0	0	0	0	0	3
1030	339	0	0.40234375	130.989215	97.4890697	40.2126789	133.875257	57.2763909	0	0	0	0	0	3
1035	340	0	0.404296875	130.471153	97.6476375	40.2126789	133.875257	57.4349586	0	0	0	0	0	3
1040	341	0	0.40625	129.929426	97.8020958	40.2126789	133.875257	57.5894169	0	0	0	0	0	3
1045	342	0	0.408203125	129.366311	97.9524016	40.2126789	133.875257	57.7397227	0	0	0	0	0	3
1050	343	0	0.41015625	128.78602	98.0985324	40.2126789	133.875257	57.8858536	0	0	0	0	0	3
1055	343	0	0.412109375	128.192623	98.2404857	40.2126789	133.875257	58.0278068	0	0	0	0	0	3
1060	344	0	0.4140625	127.590131	98.3782775	40.2126789	133.875257	58.1655986	0	0	0	0	0	3
1065	345	0	0.416015625	126.982037	98.5119399	40.2126789	133.875257	58.299261	0	0	0	0	0	3
1070	346	0	0.41796875	126.371256	98.6415181	40.2126789	133.875257	58.4288392	0	0	0	0	0	3
1075	347	0	0.419921875	125.760236	98.7670677	40.2126789	133.875257	58.5543888	0	0	0	0	0	3
1080	347	0	0.421875	125.150507	98.8886504	40.2126789	133.875257	58.6759715	0	0	0	0	0	3
1085	348	0	0.423828125	124.541753	99.0063252	40.2126789	133.875257	58.7936463	0	0	0	0	0	3
1090	349	0	0.42578125	123.931343	99.1201381	40.2126789	133.875257	58.9074592	0	0	0	0	0	3
1095	350	0	0.427734375	123.315599	99.2301174	40.2126789	133.875257	59.0174385	0	0	0	0	0	3
1100	351	0	0.4296875	122.691852	99.3362791	40.2126789	133.875257	59.1236002	0	0	0	0	0	3
1105	352	0	0.431640625	122.05923	99.4386348	40.2126789	133.875257	59.2259559	0	0	0	0	0	3
1110	353	0	0.43359375	121.418543	99.5371994	40.2126789	133.875257	59.3245205	0	0	0	0	0	3
1115	354	0	0.435546875	120.77165	99.631996	40.2126789	133.875257	59.4193171	0	0	0	0	0	3
1120	355	0	0.4375	120.120798	99.7230574	40.2126789	133.875257	59.5103785	0	0	0	0	0	3
1125	356	0	0.439453125	119.467835	99.8104236	40.2126789	133.875257	59.5977447	0	0	0	0	0	3
1130	356	0	0.44140625	118.814117	99.8941403	40.2126789	133.875257	59.6814615	0	0	0	0	0	3
1135	357	0	0.443359375	118.160861	99.9742575	40.2126789	133.875257	59.7615787	0	0	0	0	0	3
1140	358	0	0.4453125	117.509715	100.050832	40.2126789	133.875257	59.8381527	0	0	0	0	0	3
1145	359	0	0.447265625	116.863272	100.123929	40.2126789	133.875257	59.9112503	0	0	0	0	0	3
1150	360	0	0.44921875	116.225476	100.193633	40.2126789	133.875257	59.9809539	0	0	0	0	0	3
1155	361	0	0.451171875	115.60176	100.260047	40.2126789	133.875257	60.0473683	0	0	0	0	0	3
1160	361	0	0.453125	114.999164	100.323305	40.2126789	133.875257	60.1106263	0	0	0	0	0	3
1165	362	0	0.455078125	114.426079	100.383573	40.2126789	133.875257	60.1708946	0	0	0	0	0	3
1170	363	0	0.45703125	85.9418006	100.322119	40.2126789	133.875257	60.1708946	0	0	0	0	0	3
1175	364	0	0.458984375	85.3794331	100.258803	40.2126789	133.875257	60.1708946	0	0	0	0	0	3
1180	365	0	0.4609375	84.8719781	100.193879	40.2126789	133.875257	60.1708946	0	0	0	0	0	3
1185	366	0	0.462890625	84.5156988	100.128005	40.2126789	133.875257	60.1708946	0	0	0	0	0	3
1190	366	0	0.46484375	84.1220621	100.061034	40.2126789	133.875257	60.1708946	0	0	0	0	0	3
1195	367	0	0.466796875	83.7014415	99.9928692	40.2126789	133.875257	60.1708946	0	0	0	0	0	3
1200	368	0	0.46875	83.3799724	99.923936	40.2126789	133.875257	60.1708946	0	0	0	0	0	3
1205	370	0	0.470703125	83.1593145	99.8546607	40.2126789	133.875257	60.1708946	0	0	0	0	0	3
1210	371	0	0.47265625	82.9842818	99.7852353	40.2126789	133.875257	60.1708946	0	0	0	0	0	3
1215	372	0	0.474609375	82.8335864	99.7157613	40.2126789	133.875257	60.1708946	0	0	0	0	0	3
1220	373	0	0.4765625	82.6918248	99.6462758	40.2126789	133.875257	60.1708946	0	0	0	0	0	3
1225	374	0	0.478515625	82.5415204	99.5767443	40.2126789	133.875257	60.1708946	0	0	0	0	0	3
1230	374	0	0.48046875	82.3533769	99.5070141	40.2126789	133.875257	60.1708946	0	0	0	0	0	3
1235	375	0	0.482421875	82.1014995	99.4368306	40.2126789	133.875257	60.1708946	0	0	0	0	0	3
1240	376	0	0.484375	81.7634401	99.3658531	40.2126789	133.875257	60.1708946	0	0	0	0	0	3
1245	377	0	0.486328125	81.3241143	99.2936861	40.2126789	133.875257	60.1708946	0	0	0	0	0	3
1250	378	0	0.48828125	80.7563287	99.2198321	40.2126789	133.875257	60.1708946	0	0	0	0	0	3
1255	379	0	0.490234375	80.0473829	99.143751	40.2126789	133.875257	60.1708946	0	0	0	0	0	3
1260	380	0	0.4921875	79.2082825	99.0649546	40.2126789	133.875257	60.1708946	0	0	0	0	0	3
1265	380	0	0.494140625	78.2667122	98.9830718	40.2126789	133.875257	60.1708946	0	0	0	0	0	3
1270	381	0	0.49609375	77.2576228	98.897874	40.2126789	133.875257	60.1708946	0	0	0	0	0	3
1275	382	0	0.498046875	76.2179029	98.8092803	40.2126789	133.875257	60.1708946	0	0	0	0	0	3
1280	383	0	0.5	75.184371	98.7173546	40.2126789	133.875257	60.1708946	0	0	0	0	0	3
1285	384	0	0.501953125	74.1902755	99.0785563	40.2228851	133.875257	60.1611184	0	0	0	0	0	3
1290	385	0	0.50390625	73.2565492	99.2075765	40.2228851	133.875257	60.1590183	0	0	0	0	0	3
1295	385	0	0.505859375	72.3999224	99.333237	40.2228851	133.875257	60.1584188	0	0	0	0	0	3
1300	386	0	0.5078125	71.6272682	99.4558921	40.2228851	133.875257	60.1580595	0	0	0	0	0	3
1305	388	0	0.509765625	70.9373601	99.5758532	40.2228851	133.875257	60.1578003	0	0	0	0	0	3
1310	389	0	0.51171875	70.3253515	99.6934236	40.2228851	133.875257	60.1575943	0	0	0	0	0	3
1315	390	0	0.513671875	69.7839737	99.8088789	40.2228851	133.875257	60.1574188	0	0	0	0	0	3
1320	391	0	0.515625	69.3036597	99.9224574	40.2228851	133.875257	60.1572718	0	0	0	0	0	3
1325	392	0	0.517578125	68.8729155	100.034353	40.2228851	133.875257	60.1571459	0	0	0	0	0	3
1330	392	0	0.51953125	68.4797523	100.144713	40.2228851	133.875257	60.157039	0	0	0	0	0	3
1335	393	0	0.521484375	68.1123561	100.253637	40.2228851	133.875257	60.1569442	0	0	0	0	0	3
1340	394	0	0.5234375	31.2317781	100.218497	31.2317781	133.875257	60.1568615	0	0	0	0	0	3
1345	395	0	0.525390625	30.7623468	100.181522	30.7623468	133.875257	60.1568043	0	0	0	0	0	3
1350	396	0	0.52734375	30.3777148	100.143045	30.3777148	133.875257	60.1568043	0	0	0	0	0	3
1355	397	0	0.529296875	30.0121181	100.10314	30.0121181	133.875257	60.1568043	0	0	0	0	0	3
1360	397	0	0.53125	29.642233	100.06179	29.642233	133.875257	60.1568043	0	0	0	0	0	3
1365	398	0	0.533203125	29.2559611	100.018931	29.2559611	133.875257	60.1568043	0	0	0	0	0	3
1370	399	0	0.53515625	28.8811508	99.9746076	28.8811508	133.875257	60.1568043	0	0	0	0	0	3
1375	400	0	0.537109375	28.5945149	99.9291646	28.5945149	133.875257	60.1568043	0	0	0	0	0	3
1380	401	0	0.5390625	28.3062591	99.8825955	28.3062591	133.875257	60.1568043	0	0	0	0	0	3
1385	402	0	0.541015625	27.932624	99.8345668	27.932624	133.875257	60.1568043	0	0	0	0	0	3
1390	402	0	0.54296875	27.4536306	99.7846674	27.4536306	133.875257	60.1568043	0	0	0	0	0	3
1395	403	0	0.544921875	26.8855632	99.7325495	26.8855632	133.875257	60.1568043	0	0	0	0	0	3
1400	404	0	0.546875	26.2225846	99.6778424	26.2225846	133.875257	60.1568043	0	0	0	0	0	3
1405	406	0	0.548828125	25.442871	99.6200905	25.442871	133.875257	60.1568043	0	0	0	0	0	3
1410	407	0	0.55078125	24.5423647	99.558822	24.5423647	133.875257	60.1568043	0	0	0	0	0	3
1415	408	0	0.552734375	23.5404762	99.4936413	23.5404762	133.875257	60.1568043	0	0	0	0	0	3
1420	409	0	0.5546875	22.4731029	99.4242928	22.4731029	133.875257	60.1568043	0	0	0	0	0	3
1425	410	0	0.556640625	21.3573859	99.3505879	21.3573859	133.875257	60.1568043	0	0	0	0	0	3
1430	410	0	0.55859375	20.1990643	99.2723606	20.1990643	133.875257	60.1568043	0	0	0	0	0	3
1435	411	0	0.560546875	19.0062268	99.1894766	19.0062268	133.875257	60.1568043	0	0	0	0	0	3
1440	412	0	0.5625	17.7866633	99.1018316	17.7866633	133.875257	60.1568043	0	0	0	0	0	3
1445	413	0	0.564453125	16.5530249	99.0093712	16.5530249	133.875257	59.2152411	0	0	0	0	0	3
1450	414	0	0.56640625	15.3279219	98.7833807	15.3279219	133.875257	58.3259611	0	0	0	0	0	3
1455	415	0	0.568359375	14.1388832	98.5527419	14.1388832	133.875257	57.4847511	0	0	0	0	0	3
1460	416	0	0.5703125	13.012807	98.3177045	13.012807	133.875257	56.6878213	0	0	0	0	0	3
1465	416	0	0.572265625	11.9651571	98.0785756	11.9651571	133.875257	55.9317655	0	0	0	0	0	3
1470	417	0	0.57421875	11.0056247	97.8356995	11.0056247	133.875257	55.2135499	0	0	0	0	0	3
1475	418	0	0.576171875	10.1526215	97.5894971	10.1526215	133.875257	54.5303735	0	0	0	0	0	3
1480	419	0	0.578125	9.43755276	97.3405021	9.43755276	133.875257	53.8797236	0	0	0	0	0	3
1485	420	0	0.580078125	8.89981341	97.0894057	8.89981341	133.875257	53.259338	0	0	0	0	0	3
1490	421	0	0.58203125	8.57779724	96.8370517	8.57779724	133.875257	52.6671623	0	0	0	0	0	3
1495	422	0	0.583984375	8.479908	96.5843171	8.479908	133.875257	52.1013197	0	0	0	0	0	3
1500	422	0	0.5859375	8.5955234	96.3320366	8.479908	133.875257	51.5600963	0	0	0	0	0	3
1505	425	0	0.587890625	-23.5529471	95.9541793	-23.5529471	133.875257	51.0419229	0	0	0	0	0	3
1510	425	0	0.58984375	-29.4225536	95.5533973	-29.4225536	133.875257	50.5453679	0	0	0	0	0	3
1515	426	0	0.591796875	-33.9417266	95.1349676	-33.9417266	133.875257	50.0691115	0	0	0	0	0	3
1520	427	0	0.59375	-36.6098846	94.7061212	-36.6098846	133.875257	49.6119313	0	0	0	0	0	3
1525	428	0	0.595703125	-37.5886783	94.2734566	-37.5886783	133.875257	49.1727116	0	0	0	0	0	3
1530	429	0	0.59765625	-37.2874217	93.8419751	-37.5886783	133.875257	48.7504184	0	0	0	0	0	3
1535	430	0	0.599609375	-36.1477853	93.4149521	-37.5886783	133.875257	48.344097	0	0	0	0	0	3
1540	431	0	0.6015625	-34.7396173	92.9934372	-37.5886783	133.875257	47.9528641	0	0	0	0	0	3
1545	431	0	0.603515625	-33.594591	92.5764034	-37.5886783	133.875257	47.5759005	0	0	0	0	0	3
1550	432	0	0.60546875	-32.9570609	92.1618692	-37.5886783	133.875257	47.2124431	0	0	0	0	0	3
1555	433	0	0.607421875	-32.9501243	91.7473715	-37.5886783	133.875257	46.861787	0	0	0	0	0	3
1560	434	0	0.609375	-33.5838674	91.330409	-37.5886783	133.875257	46.5232719	0	0	0	0	0	3
1565	435	0	0.611328125	-34.7076392	90.909068	-37.5886783	133.875257	46.1962842	0	0	0	0	0	3
1570	436	0	0.61328125	-36.2533067	90.4817012	-37.5886783	133.875257	45.8802497	0	0	0	0	0	3
1575	437	0	0.615234375	-38.2127486	90.046693	-38.2127486	133.875257	45.5746315	0	0	0	0	0	3
1580	437	0	0.6171875	-40.5290332	89.6026498	-40.5290332	133.875257	45.2789279	0	0	0	0	0	3
1585	438	0	0.619140625	-43.1135969	89.1485241	-43.1135969	133.875257	44.9926691	0	0	0	0	0	3
1590	439	0	0.62109375	-45.8342798	88.683785	-45.8342798	133.875257	44.7154158	0	0	0	0	0	3
1595	440	0	0.623046875	-48.5958969	88.2082732	-48.5958969	133.875257	44.4467535	0	0	0	0	0	3
1600	441	0	0.625	-51.3521138	87.7220102	-51.3521138	133.875257	44.1862946	0	0	0	0	0	3
1605	443	0	0.626953125	-54.1116877	87.2249837	-54.1116877	133.875257	43.9336737	0	0	0	0	0	3
1610	444	0	0.62890625	-56.8946863	86.7171026	-56.8946863	133.875257	43.3503675	0	0	0	0	0	3
1615	445	0	0.630859375	-59.7102825	86.1084112	-59.7102825	133.875257	42.7839897	0	0	0	0	0	3
1620	446	0	0.6328125	-62.4579684	85.4889922	-62.4579684	133.875257	42.2338274	0	0	0	0	0	3
1625	446	0	0.634765625	-64.975834	84.859747	-64.975834	133.875257	41.6992	0	0	0	0	0	3
1630	447	0	0.63671875	-67.1596627	84.2219816	-67.1596627	133.875257	41.1794586	0	0	0	0	0	3
1635	448	0	0.638671875	-68.995032	83.5770566	-68.995032	133.875257	40.6740003	0	0	0	0	0	3
1640	449	0	0.640625	-70.5505017	82.926068	-70.5505017	133.875257	40.1822529	0	0	0	0	0	3
1645	450	0	0.642578125	-71.8874413	82.2698715	-71.8874413	133.875257	39.7036657	0	0	0	0	0	3
1650	451	0	0.64453125	-72.9660403	81.6094754	-72.9660403	133.875257	39.2377224	0	0	0	0	0	3
1655	452	0	0.646484375	-73.7270335	80.9461214	-73.7270335	133.875257	38.7839281	0	0	0	0	0	3
1660	453	0	0.6484375	-74.1380861	80.2811756	-74.1380861	133.875257	38.341826	0	0	0	0	0	3
1665	453	0	0.650390625	-74.1151467	79.6163368	-74.1380861	133.875257	37.9109717	0	0	0	0	0	3
1670	454	0	0.65234375	-73.5544727	78.9537051	-74.1380861	133.875257	37.4909457	0	0	0	0	0	3
1675	455	0	0.654296875	-72.528724	78.295098	-74.1380861	133.875257	37.0813488	0	0	0	0	0	3
1680	456	0	0.65625	-70.8535228	77.6430531	-74.1380861	133.875257	36.6818024	0	0	0	0	0	3
1685	457	0	0.658203125	-68.5383524	77.0000711	-74.1380861	133.875257	36.2919449	0	0	0	0	0	3
1690	458	0	0.66015625	-66.1918731	76.366275	-74.1380861	133.875257	35.9114328	0	0	0	0	0	3
1695	458	0	0.662109375	-63.2074086	75.7441576	-74.1380861	133.875257	35.5399425	0	0	0	0	0	3
1700	459	0	0.6640625	-60.4711586	75.1327514	-74.1380861	133.875257	35.1771553	0	0	0	0	0	3
1705	461	0	0.666015625	-57.8642229	74.5315501	-74.1380861	133.875257	34.822772	0	0	0	0	0	3
1710	462	0	0.66796875	-55.3132102	73.9403353	-74.1380861	133.875257	34.4765058	0	0	0	0	0	3
1715	463	0	0.669921875	-53.5256459	73.3561249	-74.1380861	133.875257	34.1380851	0	0	0	0	0	3
1720	464	0	0.671875	-51.5692089	72.7795791	-74.1380861	133.875257	33.8072497	0	0	0	0	0	3
1725	465	0	0.673828125	-49.8131103	72.2099159	-74.1380861	133.875257	33.4837519	0	0	0	0	0	3
1730	466	0	0.67578125	-48.7785219	71.6443176	-74.1380861	133.875257	33.1673515	0	0	0	0	0	3
1735	466	0	0.677734375	-47.8274885	71.0824577	-74.1380861	133.875257	32.8578197	0	0	0	0	0	3
1740	467	0	0.6796875	-46.8905327	70.5242811	-74.1380861	133.875257	32.554939	0	0	0	0	0	3
1745	468	0	0.681640625	-46.6645039	69.9670114	-74.1380861	133.875257	32.2584988	0	0	0	0	0	3
1750	469	0	0.68359375	-45.799425	69.4131447	-74.1380861	133.875257	31.9682982	0	0	0	0	0	3
1755	470	0	0.685546875	-45.4705996	68.8605864	-74.1380861	133.875257	31.6841468	0	0	0	0	0	3
1760	471	0	0.6875	-45.0912153	68.3095349	-74.1380861	133.875257	32.0740386	0	0	0	0	0	3
1765	472	0	0.689453125	-44.7286691	67.7599236	-74.1380861	133.875257	32.6236498	0	0	0	0	0	3
1770	472	0	0.69140625	-44.2306106	67.2122827	-74.1380861	133.875257	33.1712908	0	0	0	0	0	3
1775	473	0	0.693359375	-44.1081	66.6651447	-74.1380861	133.875257	33.7184288	0	0	0	0	0	3
1780	474	0	0.6953125	-43.9197278	66.1187674	-74.1380861	133.875257	34.264806	0	0	0	0	0	3
1785	475	0	0.697265625	-43.6153158	65.5088638	-74.1380861	133.875257	34.8747096	0	0	0	0	0	3
1790	476	0	0.69921875	-43.1996344	64.9005979	-74.1380861	133.875257	35.4829756	0	0	0	0	0	3
1795	477	0	0.701171875	-42.3475778	64.2956778	-74.1380861	133.875257	36.0878956	0	0	0	0	0	3
1800	478	0	0.703125	-41.7880259	63.6929619	-74.1380861	133.875257	36.6906115	0	0	0	0	0	3
1805	479	0	0.705078125	-40.8165394	63.0940622	-74.1380861	133.875257	37.2895112	0	0	0	0	0	3
1810	480	0	0.70703125	-40.0683182	62.4981094	-74.1380861	133.875257	37.8854641	0	0	0	0	0	3
1815	481	0	0.708984375	-38.0253032	61.9101636	-74.1380861	133.875257	38.4734098	0	0	0	0	0	3
1820	482	0	0.7109375	-36.7927106	61.3270583	-74.1380861	133.875257	39.0565152	0	0	0	0	0	3
1825	483	0	0.712890625	-34.853854	60.7515524	-74.1380861	133.875257	39.6320211	0	0	0	0	0	3
1830	484	0	0.71484375	-32.7476666	60.1842987	-74.1380861	133.875257	40.1992747	0	0	0	0	0	3
1835	485	0	0.716796875	-30.4590359	59.626012	-74.1380861	133.875257	40.7575614	0	0	0	0	0	3
1840	485	0	0.71875	-27.4960527	59.0793258	-74.1380861	133.875257	41.3042476	0	0	0	0	0	3
1845	486	0	0.720703125	-25.0796477	58.5421055	-74.1380861	133.875257	41.8414679	0	0	0	0	0	3
1850	487	0	0.72265625	-22.84239	58.0136516	-74.1380861	133.875257	42.3699219	0	0	0	0	0	3
1855	488	0	0.724609375	-20.1837106	57.49561	-74.1380861	133.875257	42.8879635	0	0	0	0	0	3
1860	489	0	0.7265625	-17.8545466	56.986693	-74.1380861	133.875257	43.3968805	0	0	0	0	0	3
1865	490	0	0.728515625	-15.1520111	56.4883596	-74.1380861	133.875257	43.8952139	0	0	0	0	0	3
1870	491	0	0.73046875	-13.5411532	55.9963454	-74.1380861	133.875257	44.387228	0	0	0	0	0	3
1875	491	0	0.732421875	-11.3918262	55.512754	-74.1380861	133.875257	44.8708194	0	0	0	0	0	3
1880	492	0	0.734375	-9.70945173	55.0357612	-74.1380861	133.875257	45.3478123	0	0	0	0	0	3
1885	493	0	0.736328125	-8.07568089	54.565177	-74.1380861	133.875257	45.8183965	0	0	0	0	0	3
1890	494	0	0.73828125	-6.46966197	54.1008926	-74.1380861	133.875257	46.2826808	0	0	0	0	0	3
1895	495	0	0.740234375	-5.58602152	53.6400865	-74.1380861	133.875257	46.7434869	0	0	0	0	0	3
1900	496	0	0.7421875	-4.6192198	53.1830832	-74.1380861	133.875257	47.2004902	0	0	0	0	0	3
1905	498	0	0.744140625	-2.82514543	52.7331141	-74.1380861	133.875257	47.6504594	0	0	0	0	0	3
1910	498	0	0.74609375	-2.64359522	52.2838802	-74.1380861	133.875257	48.0996932	0	0	0	0	0	3
1915	499	0	0.748046875	-1.70285481	51.8383468	-74.1380861	133.875257	48.5452267	0	0	0	0	0	3
1920	500	0	0.75	-0.912160592	51.3959277	-74.1380861	133.875257	48.9876458	0	0	0	0	0	3
1925	501	0	0.751953125	-1.20117175	50.952405	-74.1380861	133.875257	49.4311684	0	0	0	0	0	3
1930	502	0	0.75390625	-1.24797462	50.508725	-74.1380861	133.875257	49.8748485	0	0	0	0	0	3
1935	503	0	0.755859375	-0.635139021	50.0674639	-74.1380861	133.875257	50.3161096	0	0	0	0	0	3
1940	504	0	0.7578125	-0.470510364	49.6268707	-74.1380861	133.875257	50.7567027	0	0	0	0	0	3
1945	505	0	0.759765625	-0.547901392	49.1859997	-74.1380861	133.875257	51.1975737	0	0	0	0	0	3
1950	505	0	0.76171875	-1.11875589	48.6946285	-74.1380861	133.875257	51.6889449	0	0	0	0	0	3
1955	506	0	0.763671875	-0.0386764655	48.2075002	-74.1380861	133.875257	52.1760732	0	0	0	0	0	3
1960	507	0	0.765625	-0.172688656	47.719866	-74.1380861	133.875257	52.6637074	0	0	0	0	0	3
1965	508	0	0.767578125	-0.271893403	47.231865	-74.1380861	133.875257	53.1517085	0	0	0	0	0	3
1970	509	0	0.76953125	-0.0566665215	46.7447268	-74.1380861	133.875257	53.6388466	0	0	0	0	0	3
1975	510	0	0.771484375	0.724692256	46.2606658	-74.1380861	133.875257	54.1229077	0	0	0	0	0	3
1980	511	0	0.7734375	1.54331968	45.7798297	-74.1380861	133.875257	54.6037437	0	0	0	0	0	3
1985	512	0	0.775390625	2.33679657	45.3021198	-74.1380861	133.875257	55.0814536	0	0	0	0	0	3
1990	513	0	0.77734375	3.07843122	44.8273331	-74.1380861	133.875257	55.5562404	0	0	0	0	0	3
1995	513	0	0.779296875	3.76000853	44.3552355	-74.1380861	133.875257	56.0283379	0	0	0	0	0	3
2000	514	0	0.78125	4.37904581	43.8855829	-74.1380861	133.875257	56.4979905	0	0	0	0	0	3
2005	516	0	0.783203125	17.4962163	43.4671962	-74.1380861	133.875257	56.9163773	0	0	0	0	0	3
2010	517	0	0.78515625	18.0024416	43.0508139	-74.1380861	133.875257	57.3327595	0	0	0	0	0	3
2015	518	0	0.787109375	18.4093511	42.636048	-74.1380861	133.875257	57.7475255	0	0	0	0	0	3
2020	519	0	0.7890625	18.7515718	42.2226454	-74.1380861	133.875257	58.1609281	0	0	0	0	0	3
2025	520	0	0.791015625	19.0187693	41.8103132	-74.1380861	133.875257	58.5732602	0	0	0	0	0	3
2030	521	0	0.79296875	19.2120765	41.3987625	-74.1380861	133.875257	58.984811	0	0	0	0	0	3
2035	521	0	0.794921875	19.3040298	40.9875968	-74.1380861	133.875257	59.3959766	0	0	0	0	0	3
2040	522	0	0.796875	19.2883423	40.5763949	-74.1380861	133.875257	59.8071786	0	0	0	0	0	3
2045	523	0	0.798828125	19.1834124	40.1648071	-74.1380861	133.875257	60.2187663	0	0	0	0	0	3
2050	524	0	0.80078125	19.0602131	39.7527606	-74.1380861	133.875257	60.6308128	0	0	0	0	0	3
2055	525	0	0.802734375	18.9572016	39.3403323	-74.1380861	133.875257	61.0432411	0	0	0	0	0	3
2060	526	0	0.8046875	18.8724227	38.9275904	-74.1380861	133.875257	61.4559831	0	0	0	0	0	3
2065	527	0	0.806640625	18.8018104	38.5145869	-74.1380861	133.875257	61.8689865	0	0	0	0	0	3
2070	528	0	0.80859375	18.751667	38.1013992	-74.1380861	133.875257	62.2821742	0	0	0	0	0	3
2075	529	0	0.810546875	18.7353836	37.6881577	-74.1380861	133.875257	62.6954158	0	0	0	0	0	3
2080	529	0	0.8125	18.7662949	37.2750455	-74.1380861	133.875257	63.108528	0	0	0	0	0	3
2085	530	0	0.814453125	18.8430602	36.8622406	-74.1380861	133.875257	63.5213329	0	0	0	0	0	3
2090	531	0	0.81640625	18.9610319	36.4499021	-74.1380861	133.875257	63.9336714	0	0	0	0	0	3
2095	532	0	0.818359375	19.1185511	36.038183	-74.1380861	133.875257	64.3453905	0	0	0	0	0	3
2100	533	0	0.8203125	19.3159812	35.6272379	-74.1380861	133.875257	64.7563356	0	0	0	0	0	3
2105	535	0	0.822265625	19.5548433	35.2172282	-74.1380861	133.875257	65.1663452	0	0	0	0	0	3
2110	536	0	0.82421875	19.8306918	34.8082986	-74.1380861	133.875257	65.5752748	0	0	0	0	0	3
2115	537	0	0.826171875	20.1444226	34.4005988	-74.1380861	133.875257	65.9829747	0	0	0	0	0	3
2120	537	0	0.828125	20.4971079	33.9577154	-74.1380861	133.873273	66.4258581	0	0	0	0	0	3
2125	538	0	0.830078125	20.8892153	33.5163714	-74.1380861	133.868944	66.867202	0	0	0	0	0	3
2130	539	0	0.83203125	21.3179258	33.076719	-74.1380861	133.861719	67.3068545	0	0	0	0	0	3
2135	540	0	0.833984375	21.7784506	32.6388937	-74.1380861	133.851433	67.7446797	0	0	0	0	0	3
2140	541	0	0.8359375	22.2667947	32.2030162	-74.1380861	133.837925	68.1805572	0	0	0	0	0	3
2145	542	0	0.837890625	22.7715631	31.7691632	-74.1380861	133.820857	68.6144102	0	0	0	0	0	3
2150	543	0	0.83984375	23.2702466	31.3373249	-74.1380861	133.800293	69.0462485	0	0	0	0	0	3
2155	544	0	0.841796875	23.7396671	30.9074006	-74.1380861	133.776263	69.4761728	0	0	0	0	0	3
2160	545	0	0.84375	24.1625739	30.4792221	-74.1380861	133.748726	69.9043513	0	0	0	0	0	3
2165	546	0	0.845703125	24.5248976	30.0525665	-74.1380861	133.717551	70.3310069	0	0	0	0	0	3
2170	547	0	0.84765625	24.8136186	29.6271606	-74.1380861	133.68262	70.7564129	0	0	0	0	0	3
2175	548	0	0.849609375	38.774094	29.2564241	-74.1380861	133.643722	71.1271493	0	0	0	0	0	3
2180	548	0	0.8515625	38.965513	28.8865874	-74.1380861	133.600206	71.4969861	0	0	0	0	0	3
2185	549	0	0.853515625	39.0336598	28.5171868	-74.1380861	133.551083	71.8663866	0	0	0	0	0	3
2190	550	0	0.85546875	39.0313853	28.1479692	-74.1380861	133.49559	72.2356042	0	0	0	0	0	3
2195	551	0	0.857421875	38.9880001	27.778799	-74.1380861	133.433661	72.6047745	0	0	0	0	0	3
2200	552	0	0.859375	38.8812742	27.4094537	-74.1380861	133.365722	72.9741197	0	0	0	0	0	3
2205	554	0	0.861328125	38.703509	27.0396794	-74.1380861	133.292057	73.343894	0	0	0	0	0	3
2210	555	0	0.86328125	38.4744395	26.6692981	-74.1380861	133.212854	73.7142753	0	0	0	0	0	3
2215	556	0	0.865234375	38.2400422	26.2983106	-74.1380861	133.128092	74.0852629	0	0	0	0	0	3
2220	556	0	0.8671875	38.0215376	25.9268006	-74.1380861	133.080707	74.4567729	0	0	0	0	0	3
2225	557	0	0.869140625	37.8363044	25.5549204	-74.1380861	133.080707	74.828653	0	0	0	0	0	3
2230	558	0	0.87109375	37.7005406	25.1828869	-74.1380861	133.080707	75.2006865	0	0	0	0	0	3
2235	559	0	0.873046875	37.6290719	24.8109769	-74.1380861	133.080707	75.5725965	0	0	0	0	0	3
2240	560	0	0.875	37.6281619	24.4394945	-74.1380861	133.080707	75.9440789	0	0	0	0	0	3
2245	561	0	0.876953125	37.6887357	24.0687117	-74.1380861	133.080707	76.3148618	0	0	0	0	0	3
2250	562	0	0.87890625	37.7964233	23.6988486	-74.1380861	133.080707	76.6847248	0	0	0	0	0	3
2255	563	0	0.880859375	37.9396203	23.3300853	-74.1380861	133.080707	77.0534881	0	0	0	0	0	3
2260	564	0	0.8828125	38.1142344	22.9625942	-74.1380861	133.080707	77.4209792	0	0	0	0	0	3
2265	564	0	0.884765625	38.3198766	22.5965587	-74.1380861	133.080707	77.7870147	0	0	0	0	0	3
2270	565	0	0.88671875	38.5591943	22.2321913	-74.1380861	133.080707	78.1513822	0	0	0	0	0	3
2275	566	0	0.888671875	38.8309482	21.8697295	-74.1380861	133.080707	78.513844	0	0	0	0	0	3
2280	567	0	0.890625	39.1322334	21.5094312	-74.1380861	133.080707	78.8741422	0	0	0	0	0	3
2285	568	0	0.892578125	39.463365	21.1437385	-74.1380861	132.742342	79.2398349	0	0	0	0	0	3
2290	569	0	0.89453125	39.8208915	20.7807641	-74.1380861	132.360826	79.6028094	0	0	0	0	0	3
2295	570	0	0.896484375	40.1960899	20.4207456	-74.1380861	131.938344	79.9628279	0	0	0	0	0	3
2300	571	0	0.8984375	40.5780037	20.0638693	-74.1380861	131.479744	80.3197042	0	0	0	0	0	3
2305	573	0	0.900390625	40.9554209	19.7102586	-74.1380861	130.989215	80.6733148	0	0	0	0	0	3
2310	574	0	0.90234375	41.3167537	19.3599756	-74.1380861	130.471153	81.0235979	0	0	0	0	0	3
2315	575	0	0.904296875	41.6511359	19.0130224	-74.1380861	129.929426	81.3705511	0	0	0	0	0	3
2320	575	0	0.90625	41.948158	18.6693455	-74.1380861	129.366311	81.7142279	0	0	0	0	0	3
2325	576	0	0.908203125	42.1943794	18.3288302	-74.1380861	128.78602	82.0547433	0	0	0	0	0	3
2330	577	0	0.91015625	42.3771204	17.9912954	-74.1380861	128.192623	82.392278	0	0	0	0	0	3
2335	578	0	0.912109375	42.4924973	17.6565293	-74.1380861	127.590131	82.7270441	0	0	0	0	0	3
2340	579	0	0.9140625	54.8589381	17.3724231	-74.1380861	126.982037	83.0111504	0	0	0	0	0	3
2345	580	0	0.916015625	54.8993676	17.0908502	-74.1380861	126.371256	83.2927233	0	0	0	0	0	3
2350	581	0	0.91796875	54.8784876	16.8115815	-74.1380861	125.760236	83.5719919	0	0	0	0	0	3
2355	582	0	0.919921875	54.7708302	16.5342792	-74.1380861	125.150507	83.8492943	0	0	0	0	0	3
2360	582	0	0.921875	54.6010189	16.2586952	-74.1380861	124.541753	84.1248782	0	0	0	0	0	3
2365	583	0	0.923828125	54.3614226	15.9845533	-74.1380861	123.931343	84.3990201	0	0	0	0	0	3
2370	584	0	0.92578125	54.0424184	15.7115497	-74.1380861	123.315599	84.6720237	0	0	0	0	0	3
2375	585	0	0.927734375	53.6808659	15.439539	-74.1380861	122.691852	84.9440344	0	0	0	0	0	3
2380	586	0	0.9296875	53.3045733	15.168495	-74.1380861	122.05923	85.2150785	0	0	0	0	0	3
2385	587	0	0.931640625	52.943172	14.8985104	-74.1380861	121.418543	85.4850631	0	0	0	0	0	3
2390	588	0	0.93359375	52.6213787	14.6297714	-74.1380861	120.77165	85.753802	0	0	0	0	0	3
2395	589	0	0.935546875	52.3575762	14.362529	-74.1380861	120.120798	86.0210445	0	0	0	0	0	3
2400	589	0	0.9375	52.1616811	14.0970637	-74.1380861	119.467835	86.2865098	0	0	0	0	0	3
2405	591	0	0.939453125	52.0357923	13.8336572	-74.1380861	118.814117	86.5499162	0	0	0	0	0	3
2410	592	0	0.94140625	51.9751935	13.5725677	-74.1380861	118.160861	86.8110057	0	0	0	0	0	3
2415	593	0	0.943359375	51.9705377	13.3140118	-74.1380861	117.509715	87.0695617	0	0	0	0	0	3
2420	594	0	0.9453125	52.013443	13.0581669	-74.1380861	116.863272	87.3254065	0	0	0	0	0	3
2425	595	0	0.947265625	52.0987249	12.8051804	-74.1380861	116.225476	87.578393	0	0	0	0	0	3
2430	596	0	0.94921875	52.2226673	12.5551695	-74.1380861	115.60176	87.828404	0	0	0	0	0	3
2435	597	0	0.951171875	52.3811983	12.3082141	-74.1380861	114.999164	88.0753593	0	0	0	0	0	3
2440	597	0	0.953125	52.5653582	12.0643321	-74.1380861	114.426079	88.3192414	0	0	0	0	0	3
2445	598	0	0.955078125	52.7548396	11.8234288	-74.1380861	85.9418006	88.4986903	0	0	0	0	0	3
2450	599	0	0.95703125	52.9402868	11.6945166	-74.1380861	85.3794331	88.564286	0	0	0	0	0	3
2455	600	0	0.958984375	53.1177537	11.5684945	-74.1380861	84.8719781	88.6851427	0	0	0	0	0	3
2460	601	0	0.9609375	53.2855982	11.4451102	-74.1380861	84.5156988	88.808527	0	0	0	0	0	3
2465	602	0	0.962890625	53.4432468	11.3237334	-74.1380861	84.1220621	88.9299037	0	0	0	0	0	3
2470	603	0	0.96484375	53.5901897	11.2044683	-74.1380861	83.7014415	89.0491689	0	0	0	0	0	3
2475	604	0	0.966796875	53.7251297	11.0873733	-74.1380861	83.3799724	89.1662638	0	0	0	0	0	3
2480	605	0	0.96875	53.8442809	10.9719995	-74.1380861	83.1593145	89.2816376	0	0	0	0	0	3
2485	605	0	0.970703125	53.9412024	10.8578663	-74.1380861	82.9842818	89.3957709	0	0	0	0	0	3
2490	606	0	0.97265625	54.005825	10.7446692	-74.1380861	82.8335864	89.508968	0	0	0	0	0	3
2495	607	0	0.974609375	54.0311541	10.6321597	-74.1380861	82.6918248	89.6214775	0	0	0	0	0	3
2500	608	0	0.9765625	54.0204287	10.520162	-74.1380861	82.5415204	89.7334751	0	0	0	0	0	3
2505	610	0	0.978515625	53.9785286	10.4085878	-74.1380861	82.3533769	89.8450493	0	0	0	0	0	3
2510	611	0	0.98046875	61.2981003	10.3263407	-74.1380861	82.1014995	89.9272965	0	0	0	0	0	3
2515	612	0	0.982421875	61.2235629	10.2447862	-74.1380861	81.7634401	90.0088509	0	0	0	0	0	3
2520	613	0	0.984375	61.0715891	10.1639587	-74.1380861	81.3241143	90.0896785	0	0	0	0	0	3
2525	614	0	0.986328125	60.8530666	10.0839936	-74.1380861	80.7563287	90.1696435	0	0	0	0	0	3
2530	615	0	0.98828125	60.5716298	10.0051472	-74.1380861	80.0473829	90.24849	0	0	0	0	0	3
2535	615	0	0.990234375	60.2279291	9.92772742	-74.1380861	79.2082825	90.3259097	0	0	0	0	0	3
2540	616	0	0.9921875	59.8442558	9.85208669	-74.1380861	78.2667122	90.4015504	0	0	0	0	0	3
2545	617	0	0.994140625	59.4363532	9.7785306	-74.1380861	77.2576228	90.4751065	0	0	0	0	0	3
2550	618	0	0.99609375	59.0294072	9.70732663	-74.1380861	76.2179029	90.5463105	0	0	0	0	0	3
2555	619	0	0.998046875	58.6494259	9.63869977	-74.1380861	75.184371	90.6149374	0	0	0	0	0	3
2560	620	0	1	58.3148359	9.57280315	-74.1380861	74.1902755	90.680834	6.24040031	0	6.8	0	0	3
2565	621	0	1.00195312	58.0382708	9.50970938	-74.1380861	73.2565492	90.7439278	6.24040031	0	6.8	0	0	3
2570	622	0	1.00390625	57.8259752	9.4494337	-74.1380861	72.3999224	90.8042034	6.24040031	0	6.8	0	0	3
2575	623	0	1.00585938	57.6739582	9.3919104	-74.1380861	71.6272682	90.8617267	6.24040031	0	6.8	0	0	3
2580	623	0	1.0078125	57.5750101	9.33701877	-74.1380861	70.9373601	90.9166184	6.24040031	0	6.8	0	0	3
2585	624	0	1.00976562	57.5171394	9.28459603	-74.1380861	70.3253515	90.9690411	6.24040031	0	6.8	0	0	3
2590	625	0	1.01171875	57.4903667	9.23445937	-74.1380861	69.7839737	91.0191778	6.24040031	0	6.8	0	0	3
2595	626	0	1.01367188	57.4866982	9.18642314	-74.1380861	69.3036597	91.067214	6.24040031	0	6.8	0	0	3
2600	627	0	1.015625	57.4990829	9.14031151	-74.1380861	68.8729155	91.1133256	6.24040031	0	6.8	0	0	3
2605	629	0	1.01757812	57.5248944	9.0959833	-74.1380861	68.4797523	91.1576538	6.24040031	0	6.8	0	0	3
2610	630	0	1.01953125	57.5603525	9.0533294	-74.1380861	68.1123561	91.2003077	6.24040031	0	6.8	0	0	3
2615	631	0	1.02148438	57.5964594	9.01225168	-74.1380861	61.2981003	91.2062449	6.24040031	0	6.8	0	0	3
2620	632	0	1.0234375	57.6275035	9.11535998	-74.1380861	61.2981003	91.1692705	6.24040031	0	6.8	0	0	3
2625	633	0	1.02539062	57.6505774	9.22039213	-74.1380861	61.2981003	91.1307935	6.24040031	0	6.8	0	0	3
2630	634	0	1.02734375	57.6641338	9.32697971	-74.1380861	61.2981003	91.0908884	6.24040031	0	6.8	0	0	3
2635	635	0	1.02929688	57.6664583	9.43500447	-74.1380861	61.2981003	91.0495381	6.24040031	0	6.8	0	0	3
2640	636	0	1.03125	57.6564042	9.54443483	-74.1380861	61.2981003	91.0066792	6.24040031	0	6.8	0	0	3
2645	637	0	1.03320312	57.6328332	9.65528198	-74.1380861	61.2981003	90.962356	6.24040031	0	6.8	0	0	3
2650	637	0	1.03515625	57.5946628	9.76744414	-74.1380861	61.2981003	90.916913	6.24040031	0	6.8	0	0	3
2655	638	0	1.03710938	57.5391873	9.88050927	-74.1380861	61.2981003	90.8703438	6.24040031	0	6.8	0	0	3
2660	639	0	1.0390625	57.4641633	9.99440733	-74.1380861	61.2981003	90.8223151	6.24040031	0	6.8	0	0	3
2665	640	0	1.04101562	57.3656558	10.1093801	-74.1380861	61.2981003	90.7724157	6.24040031	0	6.8	0	0	3
2670	641	0	1.04296875	57.2371098	10.2257218	-74.1380861	61.2981003	90.7202978	6.24040031	0	6.8	0	0	3
2675	642	0	1.04492188	57.5730716	10.3455949	-74.1380861	61.2981003	90.6655907	6.24040031	0	6.8	0	0	3
2680	643	0	1.046875	57.3610867	10.4672297	-74.1380861	61.2981003	90.6078388	6.24040031	0	6.8	0	0	3
2685	644	0	1.04882812	57.0959209	10.5908744	-74.1380861	61.2981003	90.5465704	6.24040031	0	6.8	0	0	3
2690	645	0	1.05078125	56.7819531	10.7168103	-74.1380861	61.2981003	90.4813896	6.24040031	0	6.8	0	0	3
2695	646	0	1.05273438	56.4289086	10.8452807	-74.1380861	61.2981003	90.4120411	6.24040031	0	6.9	0	0	3
2700	646	0	1.0546875	56.049736	10.9764395	-74.1380861	61.2981003	90.3383362	6.24040031	0	6.9	0	0	3
2705	649	0	1.05664062	55.6590169	11.1104302	-74.1380861	61.2981003	90.260109	6.24040031	0	6.9	0	0	3
2710	649	0	1.05859375	55.271303	11.2474311	-74.1380861	61.2981003	90.1772249	6.24040031	0	6.9	0	0	3
2715	650	0	1.06054688	54.9005599	11.3876434	-74.1380861	61.2981003	90.0895799	6.24040031	0	6.9	0	0	3
2720	651	0	1.0625	54.5574907	11.5312794	-74.1380861	61.2981003	89.9971195	6.24040031	0	6.9	0	0	3
2725	652	0	1.06445312	54.2494796	11.6785312	-74.1380861	61.2981003	89.771129	6.24040031	0	6.9	0	0	3
2730	653	0	1.06640625	53.980312	11.8295171	-74.1380861	61.2981003	89.5404903	6.24040031	0	6.9	0	0	3
2735	654	0	1.06835938	53.7504231	11.9842497	-74.1380861	61.2981003	89.3054529	6.24040031	0	6.9	0	0	3
2740	655	0	1.0703125	53.5570569	12.1426257	-74.1380861	61.2981003	89.066324	6.24040031	0	7	0	0	3
2745	656	0	1.07226562	53.3942632	12.3044581	-74.1380861	61.2981003	88.8234478	6.24040031	0	7	0	0	3
2750	657	0	1.07421875	53.2542033	12.4694916	-74.1380861	61.2981003	88.5772454	6.24040031	0	7	0	0	3
2755	658	0	1.07617188	53.1286961	12.6373669	-74.1380861	61.2981003	88.3282505	6.24040031	0	7	0	0	3
2760	659	0	1.078125	53.0099822	12.8075717	-74.1380861	61.2981003	88.077154	6.24040031	0	7	0	0	3
2765	659	0	1.08007812	52.891075	12.9794126	-74.1380861	61.2981003	87.8248	6.24040031	0	7.1	0	0	3
2770	660	0	1.08203125	52.7658741	13.1520222	-74.1380861	61.2981003	87.5720654	6.24040031	0	7.1	0	0	3
2775	661	0	1.08398438	52.6301266	13.324484	-74.1380861	61.2981003	87.3197849	6.24040031	0	7.1	0	0	3
2780	662	0	1.0859375	52.4812507	13.4959127	-74.1380861	61.2981003	86.9419276	6.24040031	0	7.1	0	0	3
2785	663	0	1.08789062	52.3203846	13.7922929	-74.1380861	61.2981003	86.5411456	6.24040031	0	7.2	0	0	3
2790	664	0	1.08984375	52.1519377	14.1109432	-74.1380861	61.2981003	86.1227159	6.24040031	0	7.2	0	0	3
2795	665	0	1.09179688	51.980243	14.4465759	-74.1380861	61.2981003	85.6938696	6.24040031	0	7.2	0	0	3
2800	666	0	1.09375	51.8080763	14.7919586	-74.1380861	61.2981003	85.2612049	6.24040031	0	7.3	0	0	3
2805	668	0	1.09570312	51.6362688	15.1404935	-74.1380861	61.2981003	84.8297234	6.24040031	0	7.3	0	0	3
2810	669	0	1.09765625	51.4639628	15.4871786	-74.1380861	61.2981003	84.4027004	6.24040031	0	7.3	0	0	3
2815	670	0	1.09960938	51.2892116	15.8287294	-74.1380861	61.2981003	83.9811855	6.24040031	0	7.4	0	0	3
2820	671	0	1.1015625	51.1095136	16.1640775	-74.1380861	61.2981003	83.5641518	6.24040031	0	7.4	0	0	3
2825	672	0	1.10351562	50.9217581	16.4942195	-74.1380861	61.2981003	83.1496175	6.24040031	0	7.5	0	0	3
2830	672	0	1.10546875	50.7227281	16.8210937	-74.1380861	61.2981003	82.7351198	6.24040031	0	7.5	0	0	3
2835	673	0	1.10742188	50.5105367	17.1471119	-74.1380861	61.2981003	82.3181573	6.24040031	0	7.5	0	0	3
2840	674	0	1.109375	43.6992035	17.4489989	-74.1380861	61.2981003	81.8968163	6.24040031	0	7.6	0	0	3
2845	675	0	1.11132812	43.437	17.7542514	-74.1380861	61.2981003	81.4694496	6.24040031	0	7.6	0	0	3
2850	676	0	1.11328125	43.1792759	18.0645349	-74.1380861	61.2981003	81.0344413	6.24040031	0	7.7	0	0	3
2855	677	0	1.11523438	42.9549962	18.3815964	-74.1380861	61.2981003	80.5903981	6.24040031	0	7.7	0	0	3
2860	678	0	1.1171875	42.6938444	18.7066858	-74.1380861	61.2981003	80.1362725	6.24040031	0	7.7	0	0	3
2865	679	0	1.11914062	42.3988218	19.0407187	-74.1380861	61.2981003	79.6715333	6.24040031	0	7.8	0	0	3
2870	680	0	1.12109375	42.1209049	19.3842936	-74.1380861	61.2981003	79.1960215	6.24040031	0	7.8	0	0	3
2875	681	0	1.12304688	41.8733707	19.7376892	-74.1380861	61.2981003	78.7097585	6.24040031	0	7.9	0	0	3
2880	681	0	1.125	41.6449248	20.1009589	-74.1380861	61.2981003	78.212732	6.24040031	0	7.9	0	0	3
2885	682	0	1.12695312	41.4243584	20.4741466	-74.1380861	61.2981003	77.7048509	6.24040031	0	8	0	0	3
2890	683	0	1.12890625	41.2078483	20.8573596	-74.1380861	61.2981003	77.0961595	6.24040031	0	8	0	0	3
2895	684	0	1.13085938	40.9941367	21.2507362	-74.1380861	61.2981003	76.4767405	6.24040031	0	8.1	0	0	3
2900	685	0	1.1328125	40.7796784	21.6540083	-74.1380861	61.2981003	75.8474953	6.24040031	0	8.2	0	0	3
2905	687	0	1.13476562	40.560255	22.0662586	-74.1380861	61.2981003	75.2097299	6.24040031	0	8.2	0	0	3
2910	688	0	1.13671875	40.3330553	22.4861521	-74.1380861	61.2981003	74.5648049	6.24040031	0	8.3	0	0	3
2915	689	0	1.13867188	40.095653	22.9122876	-74.1380861	61.2981003	73.9138164	6.24040031	0	8.4	0	0	3
2920	690	0	1.140625	39.846191	23.3435246	-74.1380861	61.2981003	73.2576198	6.24040031	0	8.5	0	0	3
2925	691	0	1.14257812	39.5841136	23.7789604	-74.1380861	61.2981003	72.5972237	6.24040031	0	8.5	0	0	3
2930	692	0	1.14453125	39.30953	24.2175368	-74.1380861	61.2981003	71.9338697	6.24040031	0	8.6	0	0	3
2935	693	0	1.14648438	39.022036	24.6579629	-74.1380861	61.2981003	71.268924	6.24040031	0	8.7	0	0	3
2940	693	0	1.1484375	38.7214936	25.0988206	-74.1151467	61.2981003	70.6040851	6.24040031	0	8.8	0	0	3
2945	694	0	1.15039062	38.4095486	25.5383702	-73.5544727	61.2981003	69.9414534	6.24040031	0	8.9	0	0	3
2950	695	0	1.15234375	38.0891044	25.9744779	-72.528724	61.2981003	69.2828464	6.24040031	0	9	0	0	3
2955	696	0	1.15429688	37.7642208	26.4053098	-70.8535228	61.2981003	68.6308014	6.24040031	0	9	0	0	3
2960	697	0	1.15625	37.4397434	26.8283303	-68.5383524	61.2981003	67.9878195	6.24040031	0	9.1	0	0	3
2965	698	0	1.15820312	37.1216064	27.2410645	-66.1918731	61.2981003	67.3540233	6.24040031	0	9.2	0	0	3
2970	699	0	1.16015625	36.8161152	27.6434395	-63.2074086	61.2981003	66.7319059	6.24040031	0	9.3	0	0	3
2975	700	0	1.16210938	36.5287176	28.0330337	-60.4711586	61.2981003	66.1204998	6.24040031	0	9.4	0	0	3
2980	701	0	1.1640625	36.2635065	28.4109035	-57.8642229	61.2981003	65.5192984	6.24040031	0	9.5	0	0	3
2985	702	0	1.16601562	36.0237488	28.7776534	-55.3132102	61.2981003	64.9280836	6.24040031	0	9.6	0	0	3
2990	703	0	1.16796875	35.812184	29.133612	-53.5256459	61.2981003	64.3438732	6.24040031	0	9.6	0	0	3
2995	704	0	1.16992188	35.6311261	29.4818806	-51.5692089	61.2981003	63.7673274	6.24040031	0	9.7	0	0	3
3000	704	0	1.171875	35.4821514	29.821925	-49.8131103	61.2981003	63.1976642	6.24040031	0	9.8	0	0	3
3005	707	0	1.17382812	35.3656657	30.1546546	-48.7785219	61.2981003	62.632066	6.24040031	0	9.9	0	0	3
3010	707	0	1.17578125	24.7634479	30.4419279	-47.8274885	61.2981003	62.070206	6.24040031	0	10	0	0	3
3015	708	0	1.17773438	24.6595504	30.7250804	-46.8905327	61.2981003	61.5120294	6.24040031	0	10.1	0	0	3
3020	709	0	1.1796875	24.6171057	31.0044071	-46.6645039	61.2981003	60.9547597	6.24040031	0	10.2	0	0	3
3025	710	0	1.18164062	24.6006065	31.2827865	-45.799425	61.2981003	60.400893	6.24040031	0	10.3	0	0	3
3030	711	0	1.18359375	24.6021614	31.5577927	-45.4705996	61.2981003	59.8483347	6.24040031	0	10.4	0	0	3
3035	712	0	1.18554688	24.6250287	31.8316037	-45.0912153	61.2981003	59.2972832	6.24040031	0	10.5	0	0	3
3040	713	0	1.1875	24.6535843	32.1040443	-44.7286691	61.2981003	58.7476719	6.24040031	0	10.6	0	0	3
3045	714	0	1.18945312	24.6598204	32.3750931	-44.2306106	61.2981003	58.200031	6.24040031	0	10.7	0	0	3
3050	715	0	1.19140625	24.6335192	32.6440936	-44.1081	61.2981003	57.652893	6.24040031	0	10.8	0	0	3
3055	716	0	1.19335938	24.5666464	32.9123544	-43.9197278	61.2981003	57.1065157	6.24040031	0	10.9	0	0	3
3060	717	0	1.1953125	24.4532681	33.1794364	-43.6153158	61.2981003	56.4966121	6.24040031	0	11	0	0	3
3065	717	0	1.19726562	24.2860797	33.4446762	-43.1996344	61.2981003	55.8883462	6.24040031	0	11.1	0	0	3
3070	718	0	1.19921875	24.0640525	33.707425	-42.3475778	61.2981003	55.2834261	6.24040031	0	11.2	0	0	3
3075	719	0	1.20117188	23.7914957	33.9657807	-41.7880259	61.2981003	54.6807102	6.24040031	0	11.4	0	0	3
3080	720	0	1.203125	23.480866	34.2207373	-40.8165394	61.2981003	54.0818105	6.24040031	0	11.5	0	0	3
3085	721	0	1.20507812	23.1460993	34.4705914	-40.0683182	61.2981003	53.4858577	6.24040031	0	11.6	0	0	3
3090	722	0	1.20703125	22.7990374	34.716167	-38.0253032	61.2981003	52.8979119	6.24040031	0	11.7	0	0	3
3095	723	0	1.20898438	22.44737	34.9523884	-36.7927106	61.2981003	52.3148066	6.24040031	0	11.9	0	0	3
3100	724	0	1.2109375	22.0925135	35.1824088	-34.853854	61.2981003	51.7393007	6.24040031	0	12	0	0	3
3105	726	0	1.21289062	21.7344799	35.403457	-32.7476666	61.2981003	51.172047	6.24040031	0	12.1	0	0	3
3110	727	0	1.21484375	21.3745931	35.614872	-30.4590359	61.2981003	50.6137603	6.24040031	0	12.3	0	0	3
3115	727	0	1.21679688	21.0129255	35.8159344	-27.4960527	61.2981003	50.0670742	6.24040031	0	12.4	0	0	3
3120	728	0	1.21875	20.6517478	36.0040117	-25.0796477	61.2981003	49.5298539	6.24040031	0	12.5	0	0	3
3125	729	0	1.22070312	20.2979448	36.181268	-22.84239	61.2981003	49.0013999	6.24040031	0	12.7	0	0	3
3130	730	0	1.22265625	19.9608257	36.348468	-20.1837106	61.2981003	48.4833583	6.24040031	0	12.8	0	0	3
3135	731	0	1.22460938	19.650608	36.5040708	-17.8545466	61.2981003	47.9744413	6.24040031	0	13	0	0	3
3140	732	0	1.2265625	19.3769658	36.6495064	-15.1520111	61.2981003	47.4761079	6.24040031	0	13.1	0	0	3
3145	733	0	1.22851562	19.1498542	36.7834981	-13.5411532	61.2981003	46.9840938	6.24040031	0	13.2	0	0	3
3150	734	0	1.23046875	18.978261	36.9105271	-11.3918262	61.2981003	46.5005024	6.24040031	0	13.4	0	0	3
3155	735	0	1.23242188	18.8638293	37.0287132	-9.70945173	61.2981003	46.0235095	6.24040031	0	13.5	0	0	3
3160	736	0	1.234375	18.8083939	37.140111	-8.07568089	61.2981003	45.5529253	6.24040031	0	13.6	0	0	3
3165	737	0	1.23632812	18.809576	37.2451316	-6.46966197	61.2981003	45.0886409	6.24040031	0	13.8	0	0	3
3170	737	0	1.23828125	18.8681233	37.3441073	-5.58602152	61.2981003	44.6278349	6.24040031	0	13.9	0	0	3
3175	738	0	1.24023438	9.42951552	37.4027617	-4.6192198	61.2981003	44.1708315	6.24040031	0	14.1	0	0	3
3180	739	0	1.2421875	9.599015	37.4583017	-2.82514543	61.2981003	43.7208624	6.24040031	0	14.2	0	0	3
3185	740	0	1.24414062	9.84290481	37.5077863	-2.64359522	61.2981003	43.2716286	6.24040031	0	14.4	0	0	3
3190	741	0	1.24609375	10.0915872	37.5575331	-1.70285481	61.2981003	42.8260951	6.24040031	0	14.5	0	0	3
3195	742	0	1.24804688	10.3940566	37.6047867	-1.24797462	61.2981003	42.383676	6.24040031	0	14.7	0	0	3
3200	743	0	1.25	10.7844231	37.6504764	-1.24797462	61.2981003	41.9401533	6.24040031	0	14.8	0	0	3
3205	745	0	1.25195312	11.1293464	37.6986425	-1.24797462	61.2981003	41.4964733	6.24040031	0	15	0	0	3
3210	746	0	1.25390625	11.3676457	37.7479223	-1.11875589	61.2981003	41.0552122	6.24040031	0	15.2	0	0	3
3215	747	0	1.25585938	11.5114708	37.79537	-1.11875589	61.2981003	40.614619	6.24040031	0	15.3	0	0	3
3220	748	0	1.2578125	11.5836829	37.8424567	-1.11875589	61.2981003	40.173748	6.24040031	0	15.5	0	0	3
3225	749	0	1.25976562	11.5898132	37.8898696	-1.11875589	61.2981003	39.6823768	6.24040031	0	15.7	0	0	3
3230	750	0	1.26171875	11.521589	37.939246	-0.271893403	61.2981003	39.1952485	6.24040031	0	15.9	0	0	3
3235	751	0	1.26367188	11.3852926	37.9838709	-0.271893403	61.2981003	38.7076144	6.24040031	0	16.1	0	0	3
3240	752	0	1.265625	11.1849446	38.0282366	-0.271893403	61.2981003	38.2196133	6.24040031	0	16.3	0	0	3
3245	753	0	1.26757812	10.9284389	38.0719879	-0.0566665215	61.2981003	37.7324752	6.24040031	0	16.5	0	0	3
3250	754	0	1.26953125	10.6435227	38.1137855	0.724692256	61.2981003	37.2484141	6.24040031	0	16.7	0	0	3
3255	754	0	1.27148438	10.3585159	38.1514176	1.54331968	61.2981003	36.767578	6.24040031	0	16.9	0	0	3
3260	755	0	1.2734375	10.0857243	38.1847864	2.33679657	61.2981003	36.2898682	6.24040031	0	17.1	0	0	3
3265	756	0	1.27539062	9.82481057	38.2140365	3.07843122	61.2981003	35.8150814	6.24040031	0	17.4	0	0	3
3270	757	0	1.27734375	9.56585709	38.239378	3.76000853	61.2981003	35.3429838	6.24040031	0	17.6	0	0	3
3275	758	0	1.27929688	9.2992518	38.2610156	4.37904581	61.2981003	34.8733313	6.24040031	0	17.8	0	0	3
3280	759	0	1.28125	9.02171311	38.2791511	9.02171311	61.2981003	34.4549445	6.24040031	0	18.1	0	0	3
3285	760	0	1.28320312	8.73994539	38.2449469	8.73994539	61.2981003	34.0385622	6.24040031	0	18.3	0	0	3
3290	761	0	1.28515625	8.4675923	38.2077014	8.4675923	61.2981003	33.6237963	6.24040031	0	18.5	0	0	3
3295	762	0	1.28710938	8.21988405	38.1678988	8.21988405	61.2981003	33.2103937	6.24040031	0	18.7	0	0	3
3300	763	0	1.2890625	8.0097779	38.1259386	8.0097779	61.2981003	32.7980615	6.24040031	0	19	0	0	3
3305	765	0	1.29101562	7.85230259	38.0823196	7.85230259	61.2981003	32.3865108	6.24040031	0	19.2	0	0	3
3310	766	0	1.29296875	7.75484026	38.0375648	7.75484026	61.2981003	31.9753451	6.24040031	0	19.5	0	0	3
3315	767	0	1.29492188	7.71776514	37.9923059	7.71776514	61.2981003	31.5641432	6.24040031	0	19.7	0	0	3
3320	768	0	1.296875	7.73769288	37.9471862	7.71776514	61.2981003	31.1525554	6.24040031	0	20	0	0	3
3325	769	0	1.29882812	7.80982523	37.9027581	7.71776514	61.2981003	30.740509	6.24040031	0	20.3	0	0	3
3330	770	0	1.30078125	7.94427475	37.8593365	7.71776514	61.2981003	30.3280807	6.24040031	0	20.5	0	0	3
3335	770	0	1.30273438	8.15363963	37.8171351	7.71776514	61.2981003	29.9153387	6.24040031	0	20.8	0	0	3
3340	771	0	1.3046875	8.44119863	37.7763881	7.71776514	61.2981003	29.5023352	6.24040031	0	21.1	0	0	3
3345	772	0	1.30664062	3.40088323	37.7162283	3.40088323	61.2981003	29.2668994	6.24040031	0	21.3	0	0	3
3350	773	0	1.30859375	3.78887904	37.6577799	3.40088323	61.2981003	29.2668994	6.24040031	0	21.3	0	0	3
3355	774	0	1.31054688	4.16856304	37.6008782	3.40088323	61.2981003	29.2668994	6.24040031	0	21.3	0	0	3
3360	775	0	1.3125	4.59761499	37.5455318	3.40088323	61.2981003	29.2668994	6.24040031	0	21.3	0	0	3
3365	776	0	1.31445312	5.12390207	37.4919414	3.40088323	61.2981003	29.2668994	6.24040031	0	21.3	0	0	3
3370	777	0	1.31640625	5.59419829	37.4397272	3.40088323	61.2981003	29.2668994	6.24040031	0	21.3	0	0	3
3375	778	0	1.31835938	5.9597122	37.3883255	3.40088323	61.2981003	29.2668994	6.24040031	0	21.3	0	0	3
3380	779	0	1.3203125	6.23487445	37.3372274	3.40088323	61.2981003	29.2668994	6.24040031	0	21.3	0	0	3
3385	780	0	1.32226562	6.43930437	37.2859948	3.40088323	61.2981003	29.2668994	6.24040031	0	21.3	0	0	3
3390	781	0	1.32421875	6.57257572	37.2342053	3.40088323	61.2981003	29.2668994	6.24040031	0	21.3	0	0	3
3395	782	0	1.32617188	6.6266252	37.1814014	3.40088323	61.2981003	29.2668994	6.24040031	0	21.3	0	0	3
3400	783	0	1.328125	6.60938499	37.1271525	3.40088323	61.2981003	29.2668994	6.24040031	0	21.3	0	0	3
3405	785	0	1.33007812	6.54464141	37.071119	3.40088323	61.2981003	29.2668994	6.24040031	0	21.3	0	0	3
3410	786	0	1.33203125	6.45264054	37.0130515	3.40088323	61.2981003	29.2668994	6.24040031	0	21.3	0	0	3
3415	787	0	1.33398438	6.35098627	36.9527879	3.40088323	61.2981003	29.2668994	6.24040031	0	21.3	0	0	3
3420	788	0	1.3359375	6.25870583	36.8902563	3.40088323	61.2981003	29.2668994	6.24040031	0	21.3	0	0	3
3425	789	0	1.33789062	6.1804118	36.8254471	3.40088323	61.2981003	29.2668994	6.24040031	0	21.3	0	0	3
3430	789	0	1.33984375	6.11204757	36.7584229	3.40088323	61.2981003	29.2668994	6.24040031	0	21.3	0	0	3
3435	790	0	1.34179688	6.048226	36.6893157	3.40088323	61.2981003	29.2668994	6.24040031	0	21.3	0	0	3
3440	791	0	1.34375	5.98173298	36.6182968	3.40088323	61.2981003	29.2668994	6.24040031	0	21.3	0	0	3
3445	792	0	1.34570312	5.90733075	36.545572	3.40088323	61.2981003	29.2668994	6.24040031	0	21.3	0	0	3
3450	793	0	1.34765625	5.8280285	36.4714095	3.40088323	61.2981003	29.2668994	6.24040031	0	21.3	0	0	3
3455	794	0	1.34960938	5.75358359	36.3424231	3.40088323	61.2981003	29.2668994	6.24040031	0	21.3	0	0	3
3460	795	0	1.3515625	5.69321393	36.2124532	3.40088323	61.2981003	29.2668994	6.24040031	0	21.3	0	0	3
3465	796	0	1.35351562	5.6565621	36.0820739	3.40088323	61.2981003	29.2668994	6.24040031	0	21.3	0	0	3
3470	797	0	1.35546875	5.64828383	35.9516712	3.40088323	61.2981003	29.2668994	6.24040031	0	21.3	0	0	3
3475	798	0	1.35742188	5.6740679	35.8215386	3.40088323	61.2981003	29.2668994	6.24040031	0	21.3	0	0	3
3480	799	0	1.359375	5.74057684	35.6920828	3.40088323	61.2981003	29.2668994	6.24040031	0	21.3	0	0	3
3485	800	0	1.36132812	5.85245877	35.5637584	3.40088323	61.2981003	29.2668994	6.24040031	0	21.3	0	0	3
3490	801	0	1.36328125	6.01309107	35.4369562	3.40088323	61.2981003	29.2668994	6.24040031	0	21.3	0	0	3
3495	802	0	1.36523438	6.2197818	35.3118771	3.40088323	61.2981003	29.2668994	6.24040031	0	21.3	0	0	3
3500	802	0	1.3671875	6.46619794	35.188614	3.40088323	61.2981003	29.2668994	6.24040031	0	21.3	0	0	3
3505	805	0	1.36914062	6.74806994	35.0671756	3.40088323	61.2981003	29.2668994	6.24040031	0	21.3	0	0	3
3510	806	0	1.37109375	6.37121053	34.9447954	3.40088323	61.2981003	29.2668994	6.24040031	0	21.3	0	0	3
3515	806	0	1.37304688	6.71612883	34.8240417	3.40088323	61.2981003	29.2668994	6.24040031	0	21.3	0	0	3
3520	807	0	1.375	7.08905635	34.7047484	3.40088323	61.2981003	29.2668994	6.24040031	0	21.3	0	0	3
3525	808	0	1.37695312	7.47028125	34.5867075	3.40088323	61.2981003	29.2668994	6.24040031	0	21.3	0	0	3
3530	809	0	1.37890625	7.8502919	34.4697305	3.40088323	61.2981003	29.2668994	6.24040031	0	21.3	0	0	3
3535	810	0	1.38085938	8.2181773	34.3536311	3.40088323	61.2981003	29.2668994	6.24040031	0	21.3	0	0	3
3540	811	0	1.3828125	8.55409857	34.2381618	3.40088323	61.2981003	29.2668994	6.24040031	0	21.3	0	0	3
3545	812	0	1.38476562	8.84301602	34.1230178	3.40088323	61.2981003	29.2668994	6.24040031	0	21.3	0	0	3
3550	813	0	1.38671875	9.07959882	34.0078631	3.40088323	61.2981003	29.2668994	6.24040031	0	21.3	0	0	3
3555	814	0	1.38867188	9.2650655	33.8923714	3.40088323	61.2981003	29.2668994	6.24040031	0	21.3	0	0	3
3560	815	0	1.390625	9.40607278	33.7762536	3.40088323	61.2981003	29.2668994	6.24040031	0	21.3	0	0	3
3565	816	0	1.39257812	9.51167994	33.6592548	3.40088323	61.2981003	29.2668994	6.24040031	0	21.3	0	0	3
3570	817	0	1.39453125	9.59104354	33.5411695	3.40088323	61.2981003	29.2668994	6.24040031	0	21.3	0	0	3
3575	818	0	1.39648438	9.65344322	33.4218623	3.40088323	61.2981003	29.2668994	6.24040031	0	21.3	0	0	3
3580	819	0	1.3984375	9.70964377	33.3012827	3.40088323	61.2981003	29.2668994	6.24040031	0	21.3	0	0	3
3585	820	0	1.40039062	9.7708898	33.1794682	3.40088323	61.2981003	29.2668994	6.24040031	0	21.3	0	0	3
3590	821	0	1.40234375	9.84674881	33.0565384	3.40088323	61.2981003	29.2668994	6.24040031	0	21.3	0	0	3
3595	821	0	1.40429688	9.94166636	32.9326733	3.40088323	61.2981003	29.2668994	6.24040031	0	21.3	0	0	3
3600	822	0	1.40625	10.0547823	32.8080898	3.40088323	61.2981003	29.2668994	6.24040031	0	21.3	0	0	3
3605	824	0	1.40820312	10.1805021	32.6830356	3.40088323	61.2981003	29.2668994	6.24040031	0	21.3	0	0	3
3610	825	0	1.41015625	10.3085038	32.5577676	3.40088323	61.2981003	29.2668994	6.24040031	0	21.3	0	0	3
3615	826	0	1.41210938	10.4309109	32.432527	3.40088323	61.2981003	29.2668994	6.24040031	0	21.3	0	0	3
3620	827	0	1.4140625	10.5458213	32.2594289	3.40088323	61.2981003	29.2668994	6.24040031	0	21.3	0	0	3
3625	828	0	1.41601562	10.6550294	32.0865995	3.40088323	61.2981003	29.2668994	6.24040031	0	21.3	0	0	3
3630	829	0	1.41796875	10.7630277	31.9142734	3.40088323	61.2981003	29.2668994	6.24040031	0	21.3	0	0	3
3635	830	0	1.41992188	10.8756212	31.7428078	3.40088323	61.2981003	29.2668994	6.24040031	0	21.3	0	0	3
3640	831	0	1.421875	10.9978142	31.5724828	3.40088323	61.2981003	29.2668994	6.24040031	0	21.3	0	0	3
3645	832	0	1.42382812	11.1324974	31.4036198	3.40088323	61.2981003	29.2668994	6.24040031	0	21.3	0	0	3
3650	833	0	1.42578125	11.2802289	31.23658	3.40088323	61.2981003	29.2668994	6.24040031	0	21.3	0	0	3
3655	834	0	1.42773438	11.4399646	31.0715765	3.40088323	61.2981003	29.2668994	6.24040031	0	21.3	0	0	3
3660	835	0	1.4296875	11.6093633	30.9087045	3.40088323	61.2981003	29.2668994	6.24040031	0	21.3	0	0	3
3665	835	0	1.43164062	11.7852662	30.7479315	3.40088323	61.2981003	29.2668994	6.24040031	0	21.3	0	0	3
3670	836	0	1.43359375	11.9646091	30.589116	3.40088323	61.2981003	29.2668994	6.24040031	0	21.3	0	0	3
3675	837	0	1.43554688	15.1780172	30.4438833	3.40088323	61.2981003	29.2668994	6.24040031	0	21.3	0	0	3
3680	838	0	1.4375	15.3742494	30.3001824	3.40088323	61.2981003	29.2668994	6.24040031	0	21.3	0	0	3
3685	839	0	1.43945312	15.5488801	30.1576554	3.40088323	61.2981003	29.2668994	6.24040031	0	21.3	0	0	3
3690	840	0	1.44140625	15.7133524	30.0160076	3.40088323	61.2981003	29.2668994	6.24040031	0	21.3	0	0	3
3695	841	0	1.44335938	15.90428	29.8751238	3.40088323	61.2981003	29.2668994	6.24040031	0	21.3	0	0	3
3700	842	0	1.4453125	16.1077547	29.7348672	3.40088323	61.2981003	29.2668994	6.24040031	0	21.3	0	0	3
3705	844	0	1.44726562	16.2916091	29.5949956	3.40088323	61.2981003	29.2668994	6.24040031	0	21.3	0	0	3
3710	845	0	1.44921875	16.4509079	29.4552622	3.40088323	61.2981003	29.2668994	6.24040031	0	21.3	0	0	3
3715	846	0	1.45117188	16.5973728	29.3154816	3.40088323	61.2981003	29.2668994	6.24040031	0	21.3	0	0	3
3720	847	0	1.453125	16.7433284	29.1755518	3.40088323	61.2981003	29.2668994	6.24040031	0	21.3	0	0	3
3725	848	0	1.45507812	16.8880027	29.035447	3.40088323	61.2981003	29.2668994	6.24040031	0	21.3	0	0	3
3730	849	0	1.45703125	17.0287831	28.8951677	3.40088323	61.2981003	29.2668994	6.24040031	0	21.3	0	0	3
3735	849	0	1.45898438	17.1654848	28.7547291	3.40088323	61.2981003	29.2668994	6.24040031	0	21.3	0	0	3
3740	850	0	1.4609375	17.3009392	28.6141641	3.40088323	61.2981003	29.2668994	6.24040031	0	21.3	0	0	3
3745	851	0	1.46289062	17.4407495	28.4735293	3.40088323	61.2981003	29.2668994	6.24040031	0	21.3	0	0	3
3750	852	0	1.46484375	17.5903028	28.3329047	3.40088323	61.2981003	29.2668994	6.24040031	0	21.3	0	0	3
3755	853	0	1.46679688	17.7520437	28.1923849	3.40088323	61.2981003	29.2668994	6.24040031	0	21.3	0	0	3
3760	854	0	1.46875	17.9255854	28.0520775	3.40088323	61.2981003	29.2668994	6.24040031	0	21.3	0	0	3
3765	855	0	1.47070312	18.1090931	27.9121083	3.40088323	61.2981003	29.2668994	6.24040031	0	21.3	0	0	3
3770	856	0	1.47265625	18.299669	27.7726311	3.40088323	61.2981003	29.2668994	6.24040031	0	21.3	0	0	3
3775	857	0	1.47460938	18.4937975	27.6338133	3.40088323	61.2981003	29.2668994	6.24040031	0	21.3	0	0	3
3780	858	0	1.4765625	18.6881653	27.4957967	3.40088323	61.2981003	29.2668994	6.24040031	0	21.3	0	0	3
3785	859	0	1.47851562	18.8801413	27.3586936	3.40088323	61.2981003	29.2668994	6.24040031	0	21.3	0	0	3
3790	860	0	1.48046875	19.0676914	27.1937311	3.40088323	61.2235629	29.2668994	6.24040031	0	21.3	0	0	3
3795	861	0	1.48242188	19.2491083	27.0297683	3.40088323	61.0715891	29.2668994	6.24040031	0	21.3	0	0	3
3800	862	0	1.484375	19.4229233	26.8670782	3.40088323	60.8530666	29.2668994	6.24040031	0	21.3	0	0	3
3805	863	0	1.48632812	19.5878656	26.7058861	3.40088323	60.5716298	29.2668994	6.24040031	0	21.3	0	0	3
3810	864	0	1.48828125	19.7427621	26.5463983	3.40088323	60.2279291	29.2668994	6.24040031	0	21.3	0	0	3
3815	865	0	1.49023438	19.886077	26.3888129	3.40088323	59.8442558	29.2668994	6.24040031	0	21.3	0	0	3
3820	866	0	1.4921875	20.0161669	26.2332345	3.40088323	59.4363532	29.2668994	6.24040031	0	21.3	0	0	3
3825	867	0	1.49414062	20.1317043	26.0797007	3.40088323	59.0294072	29.2668994	6.24040031	0	21.3	0	0	3
3830	868	0	1.49609375	20.2313672	25.9281458	3.40088323	58.6494259	29.2668994	6.24040031	0	21.3	0	0	3
3835	869	0	1.49804688	20.3139645	25.7783979	3.40088323	58.3148359	29.2668994	6.24040031	0	21.3	0	0	3
3840	870	0	1.5	20.3783207	25.6302084	3.40088323	58.0382708	29.2668994	6.24040031	0	21.3	0	0	3
3845	871	0	1.50195312	25.5224284	25.5031934	3.40088323	57.8259752	29.2668994	6.24040031	0	21.3	0	0	3
3850	872	0	1.50390625	25.5539209	25.3771307	3.40088323	57.6739582	29.2668994	6.24040031	0	21.3	0	0	3
3855	873	0	1.50585938	25.5727299	25.2517353	3.40088323	57.6664583	29.2668994	6.24040031	0	21.3	0	0	3
3860	874	0	1.5078125	25.585862	25.1267777	3.40088323	57.6664583	29.2668994	6.24040031	0	21.3	0	0	3
3865	875	0	1.50976562	25.6024121	25.0021108	3.40088323	57.6664583	29.2668994	6.24040031	0	21.3	0	0	3
3870	876	0	1.51171875	25.6192675	24.8776143	3.40088323	57.6664583	29.2668994	6.24040031	0	21.3	0	0	3
3875	877	0	1.51367188	25.6233223	24.753148	3.40088323	57.6664583	29.2668994	6.24040031	0	21.3	0	0	3
3880	878	0	1.515625	25.6285129	24.6286536	3.40088323	57.6664583	29.2668994	6.24040031	0	21.3	0	0	3
3885	879	0	1.51757812	25.6508704	24.5041456	3.40088323	57.6664583	29.2668994	6.24040031	0	21.3	0	0	3
3890	880	0	1.51953125	25.6979675	24.3796832	3.40088323	57.6664583	29.2668994	6.24040031	0	21.3	0	0	3
3895	881	0	1.52148438	25.7675876	24.2553517	3.40088323	57.6664583	29.1637911	6.24040031	0	21.3	0	0	3
3900	882	0	1.5234375	25.8584769	24.1312539	3.40088323	57.6664583	29.0587589	6.24040031	0	21.4	0	0	3
3905	883	0	1.52539062	25.9717993	24.0075087	3.40088323	57.6664583	28.9521714	6.24040031	0	21.5	0	0	3
3910	884	0	1.52734375	26.1057713	23.8842338	3.40088323	57.6664583	28.8441466	6.24040031	0	21.6	0	0	3
3915	885	0	1.52929688	26.2545671	23.7615311	3.40088323	57.6564042	28.7347162	6.24040031	0	21.7	0	0	3
3920	886	0	1.53125	26.4113168	23.63948	3.40088323	57.6328332	28.6238691	6.24040031	0	21.8	0	0	3
3925	887	0	1.53320312	26.5705448	23.5181429	3.40088323	57.5946628	28.5117069	6.24040031	0	21.8	0	0	3
3930	888	0	1.53515625	26.7296317	23.3975764	3.40088323	57.5730716	28.3986418	6.24040031	0	21.9	0	0	3
3935	889	0	1.53710938	26.8894069	23.2778507	3.40088323	57.5730716	28.2847437	6.24040031	0	22	0	0	3
3940	890	0	1.5390625	27.0528492	23.1590565	3.40088323	57.5730716	28.169771	6.24040031	0	22.1	0	0	3
3945	891	0	1.54101562	27.2231596	23.0413124	3.40088323	57.5730716	28.0534292	6.24040031	0	22.2	0	0	3
3950	892	0	1.54296875	27.4005061	22.9247632	3.40088323	57.5730716	27.9335562	6.24040031	0	22.3	0	0	3
3955	893	0	1.54492188	27.5816332	22.8076091	3.40088323	57.3610867	27.8119214	6.24040031	0	22.4	0	0	3
3960	894	0	1.546875	27.7618106	22.6919869	3.40088323	57.0959209	27.6882767	6.24040031	0	22.5	0	0	3
3965	895	0	1.54882812	27.9360421	22.5780812	3.40088323	56.7819531	27.5623408	6.24040031	0	22.6	0	0	3
3970	896	0	1.55078125	28.0992598	22.4660394	3.40088323	56.4289086	27.4338703	6.24040031	0	22.7	0	0	3
3975	897	0	1.55273438	28.2464081	22.3559515	3.40088323	56.049736	27.3027116	6.24040031	0	22.8	0	0	3
3980	898	0	1.5546875	28.3727638	22.2478383	3.40088323	55.6590169	27.1687209	6.24040031	0	22.9	0	0	3
3985	899	0	1.55664062	28.4749186	22.1416504	3.40088323	55.271303	27.0317199	6.24040031	0	23	0	0	3
3990	900	0	1.55859375	28.5499015	22.03727	3.40088323	54.9005599	26.8915077	6.24040031	0	23.2	0	0	3
3995	901	0	1.56054688	28.5952613	21.9345149	3.40088323	54.5574907	26.7478716	6.24040031	0	23.3	0	0	3
4000	902	0	1.5625	28.6136409	21.8331717	3.40088323	54.2494796	26.6006199	6.24040031	0	23.4	0	0	3
4005	904	0	1.56445312	28.6077158	21.7330086	3.40088323	53.980312	26.449634	6.24040031	0	23.5	0	0	3
4010	905	0	1.56640625	33.8709301	21.6544563	3.40088323	53.7504231	26.2949014	6.24040031	0	23.7	0	0	3
4015	906	0	1.56835938	33.8401297	21.5766817	3.40088323	53.5570569	26.1365254	6.24040031	0	23.8	0	0	3
4020	907	0	1.5703125	33.7794052	21.4994253	3.40088323	53.3942632	25.974693	6.24040031	0	24	0	0	3
4025	908	0	1.57226562	33.7035732	21.4225085	3.40088323	53.2542033	25.8096595	6.24040031	0	24.1	0	0	3
4030	909	0	1.57421875	33.6059124	21.3457574	3.40088323	53.1286961	25.6417842	6.24040031	0	24.3	0	0	3
4035	910	0	1.57617188	33.4849612	21.269024	3.40088323	53.0099822	25.4715794	6.24040031	0	24.4	0	0	3
4040	911	0	1.578125	33.365141	21.1922864	3.40088323	52.891075	25.2997385	6.24040031	0	24.6	0	0	3
4045	912	0	1.58007812	33.2569126	21.1155904	3.40088323	52.7658741	25.1271288	6.24040031	0	24.8	0	0	3
4050	913	0	1.58203125	33.1699728	21.0390439	3.40088323	52.6301266	24.954667	6.24040031	0	25	0	0	3
4055	914	0	1.58398438	33.1105057	20.9627954	3.40088323	52.4812507	24.7832384	6.24040031	0	25.1	0	0	3
4060	915	0	1.5859375	33.0818716	20.8870166	3.40088323	52.3203846	24.4868582	6.24040031	0	25.4	0	0	3
4065	915	0	1.58789062	33.0859413	20.8118821	3.40088323	52.1519377	24.1682078	6.24040031	0	25.8	0	0	3
4070	916	0	1.58984375	33.1181622	20.7375314	3.40088323	51.980243	23.8325752	6.24040031	0	26.1	0	0	3
4075	917	0	1.59179688	33.1746349	20.664072	3.40088323	51.8080763	23.4871925	6.24040031	0	26.5	0	0	3
4080	918	0	1.59375	33.2542857	20.5915962	3.40088323	51.6362688	23.1386575	6.24040031	0	26.9	0	0	3
4085	919	0	1.59570312	33.3533893	20.5201787	3.40088323	51.4639628	22.7919724	6.24040031	0	27.3	0	0	3
4090	920	0	1.59765625	33.4585073	20.4498449	3.40088323	51.2892116	22.4504217	6.24040031	0	27.7	0	0	3
4095	921	0	1.59960938	33.5629182	20.3806016	3.40088323	51.1095136	22.1150735	6.24040031	0	28.2	0	0	3
4100	922	0	1.6015625	33.6664413	20.3124646	3.40088323	50.9217581	21.7849315	6.24040031	0	28.6	0	0	3
4105	924	0	1.60351562	33.7706414	20.245468	3.40088323	50.7227281	21.4580573	6.24040031	0	29	0	0	3
4110	925	0	1.60546875	33.876541	20.1796626	3.40088323	50.5105367	21.1320391	6.24040031	0	29.5	0	0	3
4115	926	0	1.60742188	33.9846483	20.1151084	3.40088323	43.6992035	20.8301521	6.24040031	0	29.9	0	0	3
4120	927	0	1.609375	34.0954199	20.0775936	3.40088323	43.437	20.5248996	6.24040031	0	30.4	0	0	3
4125	928	0	1.61132812	34.208216	20.0415436	3.40088323	43.1792759	20.2146161	6.24040031	0	30.8	0	0	3
4130	929	0	1.61328125	34.3209635	20.0069409	3.40088323	42.9549962	19.8975546	6.24040031	0	31.3	0	0	3
4135	930	0	1.61523438	34.4304346	19.9736418	3.40088323	42.6938444	19.5724653	6.24040031	0	31.8	0	0	3
4140	931	0	1.6171875	34.5321987	19.9417604	3.40088323	42.3988218	19.2384324	6.24040031	0	32.4	0	0	3
4145	932	0	1.61914062	34.6204288	19.911376	3.40088323	42.1209049	18.8948574	6.24040031	0	33	0	0	3
4150	933	0	1.62109375	34.6890894	19.8823455	3.40088323	41.8733707	18.5414619	6.24040031	0	33.6	0	0	3
4155	934	0	1.62304688	34.7310769	19.8544459	3.40088323	41.6449248	18.4247052	6.24040031	0	33.8	0	0	3
4160	935	0	1.625	34.745302	19.8274942	3.40088323	41.4243584	18.4516568	6.24040031	0	33.8	0	0	3
4165	936	0	1.62695312	34.7340081	19.8013601	3.40088323	41.2078483	18.477791	6.24040031	0	33.7	0	0	3
4170	937	0	1.62890625	34.7003482	19.7759401	3.40088323	40.9941367	18.5032109	6.24040031	0	33.7	0	0	3
4175	938	0	1.63085938	34.6441813	19.7511356	3.40088323	40.7796784	18.5280154	6.24040031	0	33.6	0	0	3
4180	939	0	1.6328125	38.3880909	19.7417935	3.40088323	40.560255	18.5373576	6.24040031	0	33.6	0	0	3
4185	940	0	1.63476562	38.2838221	19.7329012	3.40088323	40.3330553	18.5462499	6.24040031	0	33.6	0	0	3
4190	941	0	1.63671875	38.1599032	19.7244123	3.40088323	40.095653	18.5547388	6.24040031	0	33.6	0	0	3
4195	942	0	1.63867188	37.9997214	19.7162251	3.40088323	39.846191	18.562926	6.24040031	0	33.6	0	0	3
4200	943	0	1.640625	37.8142281	19.7082877	3.40088323	39.5841136	18.5708634	6.24040031	0	33.6	0	0	3
4205	945	0	1.64257812	37.6314127	19.70066	3.40088323	39.30953	18.5784911	6.24040031	0	33.5	0	0	3
4210	946	0	1.64453125	37.4539407	19.6934116	3.40088323	39.022036	18.5857395	6.24040031	0	33.5	0	0	3
4215	947	0	1.64648438	37.294999	19.6866653	3.40088323	38.7214936	18.5924857	6.24040031	0	33.5	0	0	3
4220	948	0	1.6484375	37.1629775	19.6805774	3.40088323	38.4095486	18.5985737	6.24040031	0	33.5	0	0	3
4225	948	0	1.65039062	37.0597192	19.6753046	3.40088323	38.3880909	18.6038464	6.24040031	0	33.5	0	0	3
4230	949	0	1.65234375	36.9867156	19.6709984	3.40088323	38.3880909	18.6081527	6.24040031	0	33.5	0	0	3
4235	950	0	1.65429688	36.9447882	19.6677975	3.40088323	38.3880909	18.6113536	6.24040031	0	33.5	0	0	3
4240	951	0	1.65625	36.9307338	19.6658092	3.40088323	38.3880909	18.6133419	6.24040031	0	33.5	0	0	3
4245	952	0	1.65820312	36.9375171	19.6650901	3.40088323	38.3880909	18.614061	6.24040031	0	33.5	0	0	3
4250	953	0	1.66015625	36.9577474	19.6656433	3.40088323	38.3880909	18.614061	6.24040031	0	33.5	0	0	3
4255	954	0	1.66210938	36.9863137	19.6674308	3.40088323	38.3880909	18.614061	6.24040031	0	33.5	0	0	3
4260	955	0	1.6640625	37.0201007	19.6703863	3.40088323	38.3880909	18.614061	6.24040031	0	33.5	0	0	3
4265	956	0	1.66601562	37.0542962	19.6744118	3.40088323	38.3880909	18.614061	6.24040031	0	33.5	0	0	3
4270	957	0	1.66796875	37.0859906	19.6793876	3.40088323	38.3880909	18.614061	6.24040031	0	33.5	0	0	3
4275	958	0	1.66992188	37.1156596	19.6851866	3.40088323	38.3880909	18.614061	6.24040031	0	33.5	0	0	3
4280	959	0	1.671875	37.1449645	19.691682	3.40088323	38.3880909	18.614061	6.24040031	0	33.5	0	0	3
4285	960	0	1.67382812	37.1755753	19.6987519	3.40088323	38.3880909	18.614061	6.24040031	0	33.5	0	0	3
4290	961	0	1.67578125	37.2084157	19.7473651	3.40088323	38.3880909	18.614061	6.24040031	0	33.5	0	0	3
4295	962	0	1.67773438	37.2432261	19.7965201	3.40088323	38.3880909	18.614061	6.24040031	0	33.5	0	0	3
4300	963	0	1.6796875	37.2781886	19.8459774	3.40088323	38.3880909	18.614061	6.24040031	0	33.5	0	0	3
4305	965	0	1.68164062	37.3097852	19.8956227	3.40088323	38.3880909	18.614061	6.24040031	0	33.5	0	0	3
4310	966	0	1.68359375	37.3330039	19.9453525	3.40088323	38.3880909	18.614061	6.24040031	0	33.5	0	0	3
4315	967	0	1.68554688	37.3428074	19.9950313	3.40088323	38.3880909	18.614061	6.24040031	0	33.5	0	0	3
4320	968	0	1.6875	37.3361234	20.0445725	3.40088323	38.3880909	18.614061	6.24040031	0	33.5	0	0	3
4325	969	0	1.68945312	37.3129469	20.0939988	3.40088323	38.3880909	18.614061	6.24040031	0	33.5	0	0	3
4330	970	0	1.69140625	37.2722111	20.1433687	3.40088323	38.3880909	18.614061	6.24040031	0	33.5	0	0	3
4335	971	0	1.69335938	37.2118189	20.1927639	3.40088323	38.3880909	18.614061	6.24040031	0	33.5	0	0	3
4340	972	0	1.6953125	37.1286271	20.242277	3.40088323	38.3880909	18.614061	6.24040031	0	33.5	0	0	3
4345	973	0	1.69726562	38.2193727	20.2967039	3.40088323	38.3880909	18.614061	6.24040031	0	33.5	0	0	3
4350	974	0	1.69921875	38.0796712	20.3514524	3.40088323	38.3880909	18.614061	6.24040031	0	33.5	0	0	3
4355	975	0	1.70117188	37.9250183	20.4066615	3.40088323	38.3880909	18.614061	6.24040031	0	33.5	0	0	3
4360	976	0	1.703125	37.7551711	20.4624205	3.40088323	38.3880909	18.614061	6.24040031	0	33.5	0	0	3
4365	977	0	1.70507812	37.5763246	20.5187886	3.40088323	38.3880909	18.614061	6.24040031	0	33.5	0	0	3
4370	978	0	1.70703125	37.3930007	20.5757962	3.40088323	38.3880909	18.614061	6.24040031	0	33.5	0	0	3
4375	979	0	1.70898438	37.2126211	20.633473	3.40088323	38.3880909	18.614061	6.24040031	0	33.5	0	0	3
4380	980	0	1.7109375	37.0423552	20.6918708	3.40088323	38.3880909	18.614061	6.24040031	0	33.5	0	0	3
4385	981	0	1.71289062	36.8889244	20.7510679	3.40088323	38.3880909	18.614061	6.24040031	0	33.5	0	0	3
4390	982	0	1.71484375	36.7568855	20.8111549	3.40088323	38.3880909	18.614061	6.24040031	0	33.5	0	0	3
4395	983	0	1.71679688	36.6478465	20.8722289	3.40088323	38.3880909	18.614061	6.24040031	0	33.5	0	0	3
4400	984	0	1.71875	36.5611988	20.9343752	3.40088323	38.3880909	18.614061	6.24040031	0	33.5	0	0	3
4405	986	0	1.72070312	36.495174	20.9976456	3.40088323	38.3880909	18.614061	6.24040031	0	33.5	0	0	3
4410	987	0	1.72265625	36.4458206	21.0620401	3.40088323	38.3880909	18.614061	6.24040031	0	33.5	0	0	3
4415	988	0	1.72460938	36.4077871	21.1274978	3.40088323	38.3880909	18.614061	6.24040031	0	33.5	0	0	3
4420	989	0	1.7265625	36.3753942	21.1938979	3.40088323	38.3880909	18.614061	6.24040031	0	33.5	0	0	3
4425	990	0	1.72851562	36.3442804	21.2610637	3.40088323	38.3880909	18.614061	6.24040031	0	33.5	0	0	3
4430	991	0	1.73046875	36.3114247	21.3287713	3.40088323	38.3880909	18.614061	6.24040031	0	33.5	0	0	3
4435	992	0	1.73242188	36.274715	21.3967826	3.40088323	38.3880909	18.614061	6.24040031	0	33.5	0	0	3
4440	992	0	1.734375	36.2333571	21.4648489	3.40088323	38.3880909	18.614061	6.24040031	0	33.5	0	0	3
4445	993	0	1.73632812	36.1880445	21.5327335	3.40088323	38.3880909	18.614061	6.24040031	0	33.5	0	0	3
4450	994	0	1.73828125	36.1405024	21.6002037	3.40088323	38.3880909	18.614061	6.24040031	0	33.5	0	0	3
4455	995	0	1.74023438	36.092624	21.7043565	3.40088323	38.3880909	18.614061	6.24040031	0	33.5	0	0	3
4460	996	0	1.7421875	36.0455851	21.8076634	3.40088323	38.3880909	18.614061	6.24040031	0	33.5	0	0	3
4465	997	0	1.74414062	35.999634	21.9098381	3.40088323	38.3880909	18.614061	6.24040031	0	33.5	0	0	3
4470	998	0	1.74609375	35.9542159	22.010864	3.40088323	38.3880909	18.614061	6.24040031	0	33.5	0	0	3
4475	999	0	1.74804688	35.9078996	22.1105275	3.40088323	38.3880909	18.614061	6.24040031	0	33.5	0	0	3
4480	1000	0	1.75	35.8584535	22.2084729	3.40088323	38.3880909	18.614061	6.24040031	0	33.5	0	0	3
4485	1001	0	1.75195312	35.8032237	22.3048552	3.40088323	38.3880909	18.614061	6.24040031	0	33.5	0	0	3
4490	1002	0	1.75390625	35.7396847	22.4000585	3.40088323	38.3880909	18.614061	6.24040031	0	33.5	0	0	3
4495	1003	0	1.75585938	35.6657171	22.4944111	3.40088323	38.3880909	18.614061	6.24040031	0	33.5	0	0	3
4500	1004	0	1.7578125	35.5796157	22.5881452	3.40088323	38.3880909	18.614061	6.24040031	0	33.5	0	0	3
4505	1007	0	1.75976562	35.4808986	22.6814697	3.40088323	38.3880909	18.614061	6.24040031	0	33.5	0	0	3
4510	1008	0	1.76171875	33.7932872	22.7684685	3.40088323	38.3880909	18.614061	6.24040031	0	33.5	0	0	3
4515	1009	0	1.76367188	33.6617381	22.8554859	3.40088323	38.3880909	18.614061	6.24040031	0	33.5	0	0	3
4520	1010	0	1.765625	33.5340637	22.9427871	3.40088323	38.3880909	18.614061	6.24040031	0	33.5	0	0	3
4525	1011	0	1.76757812	33.4114989	23.0306116	3.40088323	38.3880909	18.614061	6.24040031	0	33.5	0	0	3
4530	1012	0	1.76953125	33.2750262	23.1190159	3.40088323	38.3880909	18.614061	6.24040031	0	33.5	0	0	3
4535	1013	0	1.77148438	33.1341729	23.2079833	3.40088323	38.3880909	18.614061	6.24040031	0	33.5	0	0	3
4540	1014	0	1.7734375	33.0019153	23.2974997	3.40088323	38.3880909	18.614061	6.24040031	0	33.5	0	0	3
4545	1015	0	1.77539062	32.8793732	23.3875566	3.40088323	38.3880909	18.614061	6.24040031	0	33.5	0	0	3
4550	1016	0	1.77734375	32.7652362	23.4781792	3.40088323	38.3880909	18.614061	6.24040031	0	33.5	0	0	3
4555	1017	0	1.77929688	32.6599396	23.5694318	3.40088323	38.3880909	18.614061	6.24040031	0	33.5	0	0	3
4560	1018	0	1.78125	32.5631717	23.6613907	3.40088323	38.3880909	18.5798568	6.24040031	0	33.5	0	0	3
4565	1019	0	1.78320312	32.4736144	23.7541003	3.40088323	38.3880909	18.5426113	6.24040031	0	33.6	0	0	3
4570	1020	0	1.78515625	32.3900187	23.8475473	3.40088323	38.3880909	18.5028087	6.24040031	0	33.7	0	0	3
4575	1021	0	1.78710938	32.3113402	23.9416545	3.40088323	38.3880909	18.4608486	6.24040031	0	33.8	0	0	3
4580	1022	0	1.7890625	32.2356251	24.0362868	3.40088323	38.3880909	18.4172295	6.24040031	0	33.8	0	0	3
4585	1023	0	1.79101562	32.1597058	24.1312375	3.40088323	38.3880909	18.3724747	6.24040031	0	33.9	0	0	3
4590	1024	0	1.79296875	32.0803414	24.226259	3.40088323	38.3880909	18.3272159	6.24040031	0	34	0	0	3
4595	1025	0	1.79492188	31.9946014	24.3210904	3.40088323	38.3880909	18.2820961	6.24040031	0	34.1	0	0	3
4600	1026	0	1.796875	31.9008256	24.4154777	3.40088323	38.3880909	18.2376681	6.24040031	0	34.2	0	0	3
4605	1029	0	1.79882812	31.7988359	24.5091847	3.40088323	38.3880909	18.1942464	6.24040031	0	34.2	0	0	3
4610	1030	0	1.80078125	31.6910526	24.6019456	3.40088323	38.3880909	18.152045	6.24040031	0	34.3	0	0	3
4615	1031	0	1.80273438	31.5810926	24.6934591	3.40088323	38.3880909	18.1112981	6.24040031	0	34.4	0	0	3
4620	1032	0	1.8046875	31.4720567	24.7834234	3.40088323	38.3880909	18.0511382	6.24040031	0	34.5	0	0	3
4625	1033	0	1.80664062	31.3658546	24.8926615	3.78887904	38.3880909	17.9926898	6.24040031	0	34.6	0	0	3
4630	1034	0	1.80859375	31.2632332	24.9999832	4.16856304	38.3880909	17.9357881	6.24040031	0	34.7	0	0	3
4635	1035	0	1.81054688	31.1642496	25.1054351	4.59761499	38.3880909	17.8804417	6.24040031	0	34.9	0	0	3
4640	1036	0	1.8125	31.0686877	25.2088378	5.12390207	38.3880909	17.8268513	6.24040031	0	35	0	0	3
4645	1037	0	1.81445312	30.9764632	25.3098243	5.59419829	38.3880909	17.7746371	6.24040031	0	35.1	0	0	3
4650	1038	0	1.81640625	30.8878327	25.4086276	5.64828383	38.3880909	17.7232354	6.24040031	0	35.2	0	0	3
4655	1039	0	1.81835938	30.8033273	25.505673	5.64828383	38.3880909	17.6721373	6.24040031	0	35.3	0	0	3
4660	1040	0	1.8203125	30.7237837	25.6013328	5.64828383	38.3880909	17.6209047	6.24040031	0	35.4	0	0	3
4665	1041	0	1.82226562	30.6500532	25.695906	5.64828383	38.3880909	17.5691152	6.24040031	0	35.5	0	0	3
4670	1042	0	1.82421875	30.5829266	25.7896964	5.64828383	38.3880909	17.5163113	6.24040031	0	35.6	0	0	3
4675	1043	0	1.82617188	30.5228708	25.8830411	5.64828383	38.3880909	17.4620624	6.24040031	0	35.7	0	0	3
4680	1044	0	1.828125	27.0838479	25.9630195	5.64828383	38.3880909	17.4060289	6.24040031	0	35.8	0	0	3
4685	1045	0	1.83007812	27.0214281	26.043007	5.64828383	38.3880909	17.3479614	6.24040031	0	35.9	0	0	3
4690	1046	0	1.83203125	26.9800133	26.123192	5.64828383	38.3880909	17.2876978	6.24040031	0	36	0	0	3
4695	1047	0	1.83398438	26.9404587	26.2036196	5.64828383	38.3880909	17.2251663	6.24040031	0	36.2	0	0	3
4700	1048	0	1.8359375	26.9036428	26.2842639	5.64828383	38.3880909	17.1603571	6.24040031	0	36.3	0	0	3
4705	1050	0	1.83789062	26.8701702	26.3650833	5.64828383	38.3880909	17.0933329	6.24040031	0	36.5	0	0	3
4710	1051	0	1.83984375	26.8345335	26.4460305	5.64828383	38.3880909	17.0242257	6.24040031	0	36.6	0	0	3
4715	1052	0	1.84179688	26.7973488	26.5270818	5.64828383	38.3880909	16.9532067	6.24040031	0	36.8	0	0	3
4720	1053	0	1.84375	26.7584402	26.6082408	5.64828383	38.3880909	16.8804819	6.24040031	0	36.9	0	0	3
4725	1054	0	1.84570312	26.7152128	26.6895216	5.64828383	38.3880909	16.8063194	6.24040031	0	37.1	0	0	3
4730	1055	0	1.84765625	26.6621008	26.7709047	5.64828383	38.3880909	16.677333	6.24040031	0	37.4	0	0	3
4735	1056	0	1.84960938	26.5959244	26.8523201	5.64828383	38.3880909	16.5473631	6.24040031	0	37.7	0	0	3
4740	1057	0	1.8515625	26.5163467	26.9336604	5.64828383	38.3880909	16.4169838	6.24040031	0	38	0	0	3
4745	1058	0	1.85351562	26.4248288	27.0147865	5.64828383	38.3880909	16.2865811	6.24040031	0	38.3	0	0	3
4750	1059	0	1.85546875	26.323734	27.0955499	5.6740679	38.3880909	16.1564486	6.24040031	0	38.6	0	0	3
4755	1060	0	1.85742188	26.2155018	27.1757899	5.74057684	38.3880909	16.0269927	6.24040031	0	38.9	0	0	3
4760	1061	0	1.859375	26.1024384	27.2553284	5.85245877	38.3880909	15.8986683	6.24040031	0	39.2	0	0	3
4765	1062	0	1.86132812	25.985915	27.3339747	6.01309107	38.3880909	15.7718661	6.24040031	0	39.5	0	0	3
4770	1063	0	1.86328125	25.8657682	27.4115243	6.2197818	38.3880909	15.646787	6.24040031	0	39.8	0	0	3
4775	1064	0	1.86523438	25.7409666	27.4877789	6.37121053	38.3880909	15.523524	6.24040031	0	40.1	0	0	3
4780	1065	0	1.8671875	25.6115146	27.5625653	6.37121053	38.3880909	15.4020855	6.24040031	0	40.5	0	0	3
4785	1066	0	1.86914062	25.4786587	27.6357316	6.37121053	38.3880909	15.2797054	6.24040031	0	40.8	0	0	3
4790	1067	0	1.87109375	25.3447944	27.7098472	6.71612883	38.3880909	15.1589517	6.24040031	0	41.1	0	0	3
4795	1068	0	1.87304688	25.2131953	27.7821014	7.08905635	38.3880909	15.0396583	6.24040031	0	41.4	0	0	3
4800	1069	0	1.875	25.0876168	27.8524083	7.47028125	38.3880909	14.9216174	6.24040031	0	41.8	0	0	3
4805	1071	0	1.87695312	24.9717115	27.9207732	7.8502919	38.3880909	14.8046404	6.24040031	0	42.1	0	0	3
4810	1072	0	1.87890625	24.8686696	27.9872513	8.2181773	38.3880909	14.688541	6.24040031	0	42.4	0	0	3
4815	1072	0	1.88085938	24.780849	28.0519492	8.55409857	38.3880909	14.5730717	6.24040031	0	42.8	0	0	3
4820	1073	0	1.8828125	24.709765	28.1150573	8.84301602	38.3880909	14.4579277	6.24040031	0	43.1	0	0	3
4825	1074	0	1.88476562	24.6562538	28.1768277	9.07959882	38.3880909	14.342773	6.24040031	0	43.5	0	0	3
4830	1075	0	1.88671875	24.621119	28.2375368	9.2650655	38.3880909	14.2272813	6.24040031	0	43.8	0	0	3
4835	1076	0	1.88867188	24.6048567	28.2974578	9.40607278	38.3880909	14.1111635	6.24040031	0	44.2	0	0	3
4840	1077	0	1.890625	24.6078697	28.3568399	9.51167994	38.3880909	13.9941647	6.24040031	0	44.5	0	0	3
4845	1078	0	1.89257812	20.9717529	28.4016058	9.59104354	38.3880909	13.8760794	6.24040031	0	44.9	0	0	3
4850	1079	0	1.89453125	20.9958111	28.4461556	9.65344322	38.3880909	13.7567722	6.24040031	0	45.3	0	0	3
4855	1080	0	1.89648438	21.0452668	28.490655	9.70964377	38.3880909	13.6361926	6.24040031	0	45.7	0	0	3
4860	1081	0	1.8984375	21.0988175	28.5351439	9.7708898	38.3880909	13.5143781	6.24040031	0	46.1	0	0	3
4865	1082	0	1.90039062	21.1683836	28.5796654	9.84674881	38.3880909	13.3914484	6.24040031	0	46.5	0	0	3
4870	1083	0	1.90234375	21.2637196	28.6242629	9.94166636	38.3880909	13.2675832	6.24040031	0	47	0	0	3
4875	1084	0	1.90429688	21.3451546	28.6688078	10.0547823	38.3880909	13.1429998	6.24040031	0	47.4	0	0	3
4880	1085	0	1.90625	21.3992492	28.7131221	10.1805021	38.3880909	13.0179455	6.24040031	0	47.9	0	0	3
4885	1086	0	1.90820312	21.4310411	28.7570695	10.3085038	38.3880909	12.8926775	6.24040031	0	48.4	0	0	3
4890	1087	0	1.91015625	21.4452068	28.8005723	10.4309109	38.3880909	12.7674369	6.24040031	0	48.8	0	0	3
4895	1088	0	1.91210938	21.4405648	28.8435787	10.5458213	38.3880909	12.5943388	6.24040031	0	49.5	0	0	3
4900	1089	0	1.9140625	21.4162991	28.8860415	10.6550294	38.3880909	12.4215094	6.24040031	0	50.2	0	0	3
4905	1092	0	1.91601562	21.3739751	28.9279124	10.7630277	38.3880909	12.2491834	6.24040031	0	50.9	0	0	3
4910	1093	0	1.91796875	21.3123045	28.9691205	10.8756212	38.3880909	12.0777177	6.24040031	0	51.6	0	0	3
4915	1094	0	1.91992188	21.2330869	29.0095794	10.9978142	38.3880909	11.9073927	6.24040031	0	52.4	0	0	3
4920	1095	0	1.921875	21.1434885	29.0492109	11.1324974	38.3880909	11.7385297	6.24040031	0	53.1	0	0	3
4925	1096	0	1.92382812	21.0491704	29.0879479	11.2802289	38.3880909	11.5714899	6.24040031	0	53.9	0	0	3
4930	1097	0	1.92578125	20.9533369	29.1257335	11.4399646	38.3880909	11.4064864	6.24040031	0	54.7	0	0	3
4935	1098	0	1.92773438	20.8566871	29.1625176	11.6093633	38.3880909	11.2436145	6.24040031	0	55.5	0	0	3
4940	1099	0	1.9296875	20.7574842	29.1982524	11.7852662	38.3880909	11.0828414	6.24040031	0	56.3	0	0	3
4945	1100	0	1.93164062	20.6534995	29.232894	11.9646091	38.3880909	10.9240259	6.24040031	0	57.1	0	0	3
4950	1101	0	1.93359375	20.5450291	29.2664112	15.1780172	38.3880909	10.7787932	6.24040031	0	57.8	0	0	3
4955	1102	0	1.93554688	20.4345422	29.2869445	15.3742494	38.3880909	10.6350923	6.24040031	0	58.6	0	0	3
4960	1103	0	1.9375	20.3259938	29.3062873	15.5488801	38.3880909	10.4925653	6.24040031	0	59.4	0	0	3
4965	1104	0	1.93945312	20.2238734	29.324549	15.7133524	38.3880909	10.3509175	6.24040031	0	60.2	0	0	3
4970	1105	0	1.94140625	20.132693	29.341812	15.90428	38.3880909	10.2100337	6.24040031	0	61.1	0	0	3
4975	1106	0	1.94335938	20.056681	29.3580323	16.1077547	38.3880909	10.0697771	6.24040031	0	61.9	0	0	3
4980	1107	0	1.9453125	19.9984191	29.3732303	16.2916091	38.3880909	9.92990555	6.24040031	0	62.8	0	0	3
4985	1108	0	1.94726562	19.9588404	29.3875554	16.4509079	38.3880909	9.79017211	6.24040031	0	63.7	0	0	3
4990	1109	0	1.94921875	19.9392488	29.4011817	16.5973728	38.3880909	9.73609162	6.24040031	0	64	0	0	3
4995	1110	0	1.95117188	19.9417243	29.4142456	16.7433284	38.3880909	9.7491555	6.24040031	0	64	0	0	3
5000	1111	0	1.953125	19.9675036	29.42684	16.8880027	38.3880909	9.76174993	6.24040031	0	63.9	0	0	3
5005	1113	0	1.95507812	20.0186889	29.4390693	17.0287831	38.3880909	9.77397917	6.24040031	0	63.8	0	0	3
5010	1114	0	1.95703125	20.0965044	29.4510525	17.1654848	38.3880909	9.78596246	6.24040031	0	63.7	0	0	3
5015	1115	0	1.95898438	17.6220782	29.4528361	17.3009392	38.3880909	9.78774603	6.24040031	0	63.7	0	0	3
5020	1116	0	1.9609375	17.7356523	29.4545342	17.4407495	38.3880909	9.78944413	6.24040031	0	63.7	0	0	3
5025	1117	0	1.96289062	17.8447838	29.4561125	17.5903028	38.3880909	9.79102239	6.24040031	0	63.7	0	0	3
5030	1118	0	1.96484375	17.9757277	29.457618	17.6220782	38.3880909	9.79252795	6.24040031	0	63.7	0	0	3
5035	1119	0	1.96679688	18.1363985	29.4591194	17.6220782	38.3880909	9.79402934	6.24040031	0	63.7	0	0	3
5040	1120	0	1.96875	18.2833408	29.4605169	17.6220782	38.3880909	9.79542682	6.24040031	0	63.7	0	0	3
5045	1121	0	1.97070312	18.4024836	29.461663	17.6220782	38.3880909	9.79657288	6.24040031	0	63.6	0	0	3
5050	1122	0	1.97265625	18.494604	29.4624244	17.6220782	38.3880909	9.79733434	6.24040031	0	63.6	0	0	3
5055	1123	0	1.97460938	18.5649999	29.4627026	17.6220782	38.3880909	9.79761248	6.24040031	0	63.6	0	0	3
5060	1124	0	1.9765625	18.6153565	29.4624181	17.6220782	38.3880909	9.79761248	6.24040031	0	63.6	0	0	3
5065	1125	0	1.97851562	18.6407477	29.461483	17.6220782	38.3880909	9.79761248	6.24040031	0	63.6	0	0	3
5070	1126	0	1.98046875	18.6421689	29.4598208	17.6220782	38.3880909	9.79761248	6.24040031	0	63.6	0	0	3
5075	1127	0	1.98242188	18.6261904	29.4573875	17.6220782	38.3880909	9.79761248	6.24040031	0	63.6	0	0	3
5080	1128	0	1.984375	18.5968103	29.4541605	17.6220782	38.3880909	9.79761248	6.24040031	0	63.6	0	0	3
5085	1129	0	1.98632812	18.5566886	29.4501325	17.6220782	38.3880909	9.79761248	6.24040031	0	63.6	0	0	3
5090	1130	0	1.98828125	18.5114453	29.4453227	17.6220782	38.3880909	9.79761248	6.24040031	0	63.6	0	0	3
5095	1131	0	1.99023438	18.465776	29.4397746	17.6220782	38.3880909	9.79761248	6.24040031	0	63.6	0	0	3
5100	1132	0	1.9921875	18.4218205	29.4335467	17.6220782	38.3880909	9.79761248	6.24040031	0	63.6	0	0	3
5105	1134	0	1.99414062	18.3794014	29.4267018	17.6220782	38.3880909	9.79761248	6.24040031	0	63.6	0	0	3
5110	1135	0	1.99609375	18.3364182	29.4192996	17.6220782	38.3880909	9.79761248	6.24040031	0	63.6	0	0	3
5115	1136	0	1.99804688	18.2907892	29.4113966	17.6220782	38.3880909	9.79761248	6.24040031	0	63.6	0	0	3
5120	1137	0	2	18.2428197	29.4030548	17.6220782	38.3880909	9.79761248	6.24040031	0	63.6	0	0	3
5125	1138	0	2.00195312	18.1952865	29.3744332	17.6220782	38.3880909	9.79761248	6.24040031	0	63.6	0	0	3
5130	1139	0	2.00390625	18.1519675	29.3455193	17.6220782	38.3880909	9.79761248	6.24040031	0	63.6	0	0	3
5135	1140	0	2.00585938	18.116054	29.3163916	17.6220782	38.3880909	9.79761248	6.24040031	0	63.6	0	0	3
5140	1141	0	2.0078125	18.0897643	29.28711	17.6220782	38.3880909	9.79761248	6.24040031	0	63.6	0	0	3
5145	1142	0	2.00976562	18.0751023	29.2577064	17.6220782	38.3880909	9.79761248	6.24040031	0	63.6	0	0	3
5150	1143	0	2.01171875	18.0743281	29.228234	17.6220782	38.3880909	9.79761248	6.24040031	0	63.6	0	0	3
5155	1144	0	2.01367188	18.0897055	29.1988058	17.6220782	38.3880909	9.79761248	6.24040031	0	63.6	0	0	3
5160	1145	0	2.015625	18.125689	29.1694979	17.6220782	38.3880909	9.79761248	6.24040031	0	63.6	0	0	3
5165	1146	0	2.01757812	18.1858004	29.1403375	17.6220782	38.3880909	9.79761248	6.24040031	0	63.6	0	0	3
5170	1147	0	2.01953125	18.2693833	29.1113196	17.6220782	38.3880909	9.79761248	6.24040031	0	63.6	0	0	3
5175	1148	0	2.02148438	18.3696905	29.0824216	17.6220782	38.3880909	9.79761248	6.24040031	0	63.6	0	0	3
5180	1149	0	2.0234375	17.6290703	29.0502754	17.6220782	38.3880909	9.79761248	6.24040031	0	63.6	0	0	3
5185	1150	0	2.02539062	17.7514246	29.0181646	17.6220782	38.3880909	9.79761248	6.24040031	0	63.6	0	0	3
5190	1151	0	2.02734375	17.8788012	28.986028	17.6220782	38.3880909	9.79761248	6.24040031	0	63.6	0	0	3
5195	1152	0	2.02929688	18.014926	28.9538419	17.6220782	38.3880909	9.79761248	6.24040031	0	63.6	0	0	3
5200	1153	0	2.03125	18.15303	28.921583	17.6220782	38.3880909	9.79761248	6.24040031	0	63.6	0	0	3
5205	1156	0	2.03320312	18.2866799	28.8892241	17.6220782	38.3880909	9.79761248	6.24040031	0	63.6	0	0	3
5210	1157	0	2.03515625	18.4108643	28.8567289	17.6220782	38.3880909	9.79761248	6.24040031	0	63.6	0	0	3
5215	1158	0	2.03710938	18.5206907	28.8240386	17.6220782	38.3880909	9.79761248	6.24040031	0	63.6	0	0	3
5220	1159	0	2.0390625	18.6133	28.7910717	17.6220782	38.3880909	9.79761248	6.24040031	0	63.6	0	0	3
5225	1160	0	2.04101562	18.6862846	28.7577245	17.6220782	38.3880909	9.79761248	6.24040031	0	63.6	0	0	3
5230	1161	0	2.04296875	18.7406835	28.7238971	17.6220782	38.3880909	9.79761248	6.24040031	0	63.6	0	0	3
5235	1162	0	2.04492188	18.7797223	28.6895146	17.6220782	38.3880909	9.79761248	6.24040031	0	63.6	0	0	3
5240	1163	0	2.046875	18.8066107	28.6545333	17.6220782	38.3880909	9.79761248	6.24040031	0	63.6	0	0	3
5245	1164	0	2.04882812	18.824813	28.6189426	17.6220782	38.3880909	9.79761248	6.24040031	0	63.6	0	0	3
5250	1165	0	2.05078125	18.8378099	28.5827651	17.6220782	38.3880909	9.79761248	6.24040031	0	63.6	0	0	3
5255	1166	0	2.05273438	18.8492379	28.5460574	17.6220782	38.3880909	9.79761248	6.24040031	0	63.6	0	0	3
5260	1167	0	2.0546875	18.8627072	28.5089087	17.6220782	38.3880909	9.79761248	6.24040031	0	63.6	0	0	3
5265	1168	0	2.05664062	18.8805763	28.4714308	17.6220782	38.3880909	9.79761248	6.24040031	0	63.6	0	0	3
5270	1169	0	2.05859375	18.9033295	28.4337489	17.6220782	38.3880909	9.79761248	6.24040031	0	63.6	0	0	3
5275	1170	0	2.06054688	18.9299902	28.3959939	17.6220782	38.3880909	9.79761248	6.24040031	0	63.6	0	0	3
5280	1171	0	2.0625	18.9576117	28.3582751	17.6220782	38.3880909	9.79761248	6.24040031	0	63.6	0	0	3
5285	1172	0	2.06445312	18.9838767	28.3206819	17.6220782	38.3880909	9.79761248	6.24040031	0	63.6	0	0	3
5290	1173	0	2.06640625	19.0075154	28.2626217	17.6220782	38.3880909	9.79761248	6.24040031	0	63.6	0	0	3
5295	1174	0	2.06835938	19.0286704	28.2047645	17.6220782	38.3880909	9.79761248	6.24040031	0	63.6	0	0	3
5300	1175	0	2.0703125	19.0490802	28.1472241	17.6220782	38.3880909	9.79761248	6.24040031	0	63.6	0	0	3
5305	1177	0	2.07226562	19.0713564	28.090067	17.6220782	38.3880909	9.79761248	6.24040031	0	63.6	0	0	3
5310	1178	0	2.07421875	19.0982892	28.0333966	17.6220782	38.3880909	9.79761248	6.24040031	0	63.6	0	0	3
5315	1179	0	2.07617188	19.1327321	27.9773332	17.6220782	38.3880909	9.79761248	6.24040031	0	63.6	0	0	3
5320	1180	0	2.078125	19.1768005	27.92191	17.6220782	38.3880909	9.79761248	6.24040031	0	63.6	0	0	3
5325	1181	0	2.08007812	19.2312528	27.8671223	17.6220782	38.3880909	9.79761248	6.24040031	0	63.6	0	0	3
5330	1182	0	2.08203125	19.2940981	27.8129197	17.6220782	38.3880909	9.79761248	6.24040031	0	63.6	0	0	3
5335	1184	0	2.08398438	19.3635434	27.7592206	17.6220782	38.3880909	9.79761248	6.24040031	0	63.6	0	0	3
5340	1185	0	2.0859375	19.437772	27.7059233	17.6220782	38.3880909	9.79761248	6.24040031	0	63.6	0	0	3
5345	1186	0	2.08789062	20.2861952	27.6559243	17.6220782	38.3880909	9.79761248	6.24040031	0	63.6	0	0	3
5350	1187	0	2.08984375	20.3746937	27.6061451	17.6220782	38.3880909	9.79761248	6.24040031	0	63.6	0	0	3
5355	1188	0	2.09179688	20.4531552	27.5564519	17.6220782	38.3880909	9.79761248	6.24040031	0	63.6	0	0	3
5360	1189	0	2.09375	20.5320195	27.5067555	17.6220782	38.3880909	9.79761248	6.24040031	0	63.6	0	0	3
5365	1190	0	2.09570312	20.6226405	27.457026	17.6220782	38.3880909	9.79761248	6.24040031	0	63.6	0	0	3
5370	1191	0	2.09765625	20.7173876	27.407256	17.6220782	38.3880909	9.79761248	6.24040031	0	63.6	0	0	3
5375	1192	0	2.09960938	20.8048016	27.3574196	17.6220782	38.3880909	9.79761248	6.24040031	0	63.6	0	0	3
5380	1193	0	2.1015625	20.8824547	27.3074822	17.6220782	38.3880909	9.79761248	6.24040031	0	63.6	0	0	3
5385	1194	0	2.10351562	20.9531584	27.2574139	17.6220782	38.3880909	9.79761248	6.24040031	0	63.6	0	0	3
5390	1195	0	2.10546875	21.0186035	27.2071876	17.6220782	38.3880909	9.79761248	6.24040031	0	63.6	0	0	3
5395	1196	0	2.10742188	21.0787016	27.1567737	17.6220782	38.3880909	9.79761248	6.24040031	0	63.6	0	0	3
5400	1197	0	2.109375	21.1324228	27.106137	17.6220782	38.3880909	9.79761248	6.24040031	0	63.6	0	0	3
5405	1199	0	2.11132812	21.1797043	27.0552444	17.6220782	38.3880909	9.79761248	6.24040031	0	63.6	0	0	3
5410	1200	0	2.11328125	21.2230425	27.0040806	17.6220782	38.3880909	9.79761248	6.24040031	0	63.6	0	0	3
5415	1201	0	2.11523438	21.2662575	26.9526581	17.6220782	38.3880909	9.79761248	6.24040031	0	63.6	0	0	3
5420	1202	0	2.1171875	21.3127304	26.9010195	17.6220782	38.3880909	9.79761248	6.24040031	0	63.6	0	0	3
5425	1203	0	2.11914062	21.3643302	26.8492379	17.6220782	38.3880909	9.79761248	6.24040031	0	63.6	0	0	3
5430	1204	0	2.12109375	21.421657	26.797412	17.6220782	38.3880909	9.79761248	6.24040031	0	63.6	0	0	3
5435	1205	0	2.12304688	21.4845622	26.7456678	17.6220782	38.3880909	9.79761248	6.24040031	0	63.6	0	0	3
5440	1206	0	2.125	21.5517535	26.6941305	17.6220782	38.3880909	9.79761248	6.24040031	0	63.6	0	0	3
5445	1207	0	2.12695312	21.6208072	26.642907	17.6220782	38.3880909	9.79761248	6.24040031	0	63.6	0	0	3
5450	1208	0	2.12890625	21.6892312	26.5920824	17.6220782	38.3880909	9.79761248	6.24040031	0	63.6	0	0	3
5455	1209	0	2.13085938	21.7553637	26.5417354	17.6220782	38.3880909	9.79761248	6.24040031	0	63.6	0	0	3
5460	1210	0	2.1328125	21.8184754	26.4770104	17.6220782	38.2838221	9.79761248	6.24040031	0	63.6	0	0	3
5465	1211	0	2.13476562	21.8784924	26.412927	17.6220782	38.2193727	9.79761248	6.24040031	0	63.6	0	0	3
5470	1212	0	2.13671875	21.9356832	26.3495512	17.6220782	38.2193727	9.79761248	6.24040031	0	63.6	0	0	3
5475	1213	0	2.13867188	21.9904397	26.2870149	17.6220782	38.2193727	9.79761248	6.24040031	0	63.6	0	0	3
5480	1214	0	2.140625	22.0431151	26.225409	17.6220782	38.2193727	9.79761248	6.24040031	0	63.6	0	0	3
5485	1215	0	2.14257812	22.0939356	26.1647157	17.6220782	38.2193727	9.79761248	6.24040031	0	63.6	0	0	3
5490	1216	0	2.14453125	22.1429398	26.1049071	17.6220782	38.2193727	9.79761248	6.24040031	0	63.6	0	0	3
5495	1217	0	2.14648438	22.189889	26.0459028	17.6220782	38.2193727	9.79761248	6.24040031	0	63.6	0	0	3
5500	1218	0	2.1484375	22.2340878	25.9875868	17.6220782	38.2193727	9.79761248	6.24040031	0	63.6	0	0	3
5505	1220	0	2.15039062	22.2747283	25.929833	17.6220782	38.2193727	9.79761248	6.24040031	0	63.6	0	0	3
5510	1222	0	2.15234375	22.3112221	25.8725068	17.6220782	38.2193727	9.79761248	6.24040031	0	63.6	0	0	3
5515	1223	0	2.15429688	24.1513851	25.8225326	17.6220782	38.2193727	9.79761248	6.24040031	0	63.6	0	0	3
5520	1224	0	2.15625	24.1798168	25.7727243	17.6220782	38.2193727	9.79761248	6.24040031	0	63.6	0	0	3
5525	1225	0	2.15820312	24.1979275	25.7229603	17.6220782	38.2193727	9.79705923	6.24040031	0	63.6	0	0	3
5530	1226	0	2.16015625	24.2211142	25.6732078	17.6220782	38.2193727	9.79527174	6.24040031	0	63.7	0	0	3
5535	1227	0	2.16210938	24.248713	25.6234516	17.6220782	38.2193727	9.79231629	6.24040031	0	63.7	0	0	3
5540	1228	0	2.1640625	24.2775157	25.5736758	17.6220782	38.2193727	9.78829072	6.24040031	0	63.7	0	0	3
5545	1229	0	2.16601562	24.2991908	25.5238512	17.6220782	38.2193727	9.78331491	6.24040031	0	63.7	0	0	3
5550	1230	0	2.16796875	24.3172131	25.4739732	17.6220782	38.2193727	9.77751595	6.24040031	0	63.8	0	0	3
5555	1231	0	2.16992188	24.3397787	25.4240674	17.6220782	38.2193727	9.77102059	6.24040031	0	63.8	0	0	3
5560	1232	0	2.171875	24.3694792	25.3741631	17.6220782	38.2193727	9.76395063	6.24040031	0	63.9	0	0	3
5565	1233	0	2.17382812	24.406888	25.3242855	17.6220782	38.2193727	9.71533747	6.24040031	0	64.2	0	0	3
5570	1234	0	2.17578125	24.4508387	25.2744512	17.6220782	38.2193727	9.66618249	6.24040031	0	64.5	0	0	3
5575	1235	0	2.17773438	24.4991632	25.2246697	17.6220782	38.2193727	9.61672514	6.24040031	0	64.8	0	0	3
5580	1236	0	2.1796875	24.5507955	25.1749533	17.6220782	38.2193727	9.56707991	6.24040031	0	65.2	0	0	3
5585	1237	0	2.18164062	24.6060207	25.1253292	17.6220782	38.2193727	9.51735005	6.24040031	0	65.5	0	0	3
5590	1238	0	2.18359375	24.6649338	25.0758446	17.6220782	38.2193727	9.46767123	6.24040031	0	65.9	0	0	3
5595	1239	0	2.18554688	24.7268269	25.0265634	17.6220782	38.2193727	9.41813006	6.24040031	0	66.2	0	0	3
5600	1240	0	2.1875	24.7907658	24.9775581	17.6220782	38.2193727	9.36870379	6.24040031	0	66.6	0	0	3
5605	1242	0	2.18945312	24.8563403	24.9288995	17.6220782	38.2193727	9.3193339	6.24040031	0	66.9	0	0	3
5610	1244	0	2.19140625	24.9237535	24.8806633	17.6220782	38.2193727	9.26993869	6.24040031	0	67.3	0	0	3
5615	1245	0	2.19335938	24.9935347	24.8329356	17.6220782	38.2193727	9.22042557	6.24040031	0	67.6	0	0	3
5620	1246	0	2.1953125	25.0654995	24.7858141	17.6220782	38.2193727	9.16599864	6.24040031	0	68	0	0	3
5625	1247	0	2.19726562	25.1384973	24.7347169	17.6220782	38.0796712	9.11125013	6.24040031	0	68.4	0	0	3
5630	1248	0	2.19921875	25.21065	24.6844473	17.6220782	37.9250183	9.05604106	6.24040031	0	68.9	0	0	3
5635	1249	0	2.20117188	25.2796634	24.6350513	17.6220782	37.7551711	9.00028206	6.24040031	0	69.3	0	0	3
5640	1250	0	2.203125	25.3434009	24.5865679	17.6220782	37.5763246	8.94391399	6.24040031	0	69.7	0	0	3
5645	1251	0	2.20507812	25.400127	24.5390046	17.6220782	37.3930007	8.88690632	6.24040031	0	70.2	0	0	3
5650	1252	0	2.20703125	25.4485162	24.4923465	17.6220782	37.2126211	8.82922956	6.24040031	0	70.6	0	0	3
5655	1253	0	2.20898438	25.4876891	24.4465459	17.6220782	37.0423552	8.77083174	6.24040031	0	71.1	0	0	3
5660	1254	0	2.2109375	25.5170826	24.4015253	17.6220782	36.8889244	8.71163469	6.24040031	0	71.6	0	0	3
5665	1255	0	2.21289062	25.5362026	24.3571788	17.6220782	36.7568855	8.65154761	6.24040031	0	72.1	0	0	3
5670	1256	0	2.21484375	25.545089	24.3133827	17.6220782	36.6478465	8.5904737	6.24040031	0	72.6	0	0	3
5675	1257	0	2.21679688	25.544421	24.2700099	17.6220782	36.5611988	8.52832741	6.24040031	0	73.1	0	0	3
5680	1258	0	2.21875	27.5668131	24.2348756	17.6220782	36.495174	8.46505698	6.24040031	0	73.7	0	0	3
5685	1259	0	2.22070312	27.5619997	24.1999804	17.6220782	36.4458206	8.40066247	6.24040031	0	74.2	0	0	3
5690	1260	0	2.22265625	27.5338858	24.1651682	17.6220782	36.4077871	8.33520474	6.24040031	0	74.8	0	0	3
5695	1261	0	2.22460938	27.5082973	24.1304045	17.6220782	36.3753942	8.26880463	6.24040031	0	75.4	0	0	3
5700	1262	0	2.2265625	27.4820461	24.0956649	17.6220782	36.3442804	8.2016389	6.24040031	0	76	0	0	3
5705	1264	0	2.22851562	27.449736	24.0609206	17.6220782	36.3114247	8.13393123	6.24040031	0	76.7	0	0	3
5710	1265	0	2.23046875	27.4184903	24.0261826	17.6220782	36.274715	8.06591996	6.24040031	0	77.3	0	0	3
5715	1266	0	2.23242188	27.3887548	23.9914718	17.6220782	36.2333571	7.99785369	6.24040031	0	78	0	0	3
5720	1267	0	2.234375	27.3666761	23.9568363	17.6220782	36.1880445	7.92996905	6.24040031	0	78.6	0	0	3
5725	1268	0	2.23632812	27.3563218	23.9223374	17.6220782	36.1405024	7.86249882	6.24040031	0	79.3	0	0	3
5730	1269	0	2.23828125	27.3586481	23.8880333	17.6220782	36.092624	7.75834605	6.24040031	0	80.4	0	0	3
5735	1270	0	2.24023438	27.3726566	23.8539709	17.6220782	36.0455851	7.65503914	6.24040031	0	81.5	0	0	3
5740	1271	0	2.2421875	27.3965787	23.8201857	17.6220782	35.999634	7.55286442	6.24040031	0	82.6	0	0	3
5745	1272	0	2.24414062	27.4298262	23.7867099	17.6220782	35.9542159	7.45183852	6.24040031	0	83.7	0	0	3
5750	1274	0	2.24609375	27.4716829	23.753575	17.6220782	35.9078996	7.35217507	6.24040031	0	84.8	0	0	3
5755	1275	0	2.24804688	27.5182813	23.7208031	17.6220782	35.8584535	7.25422964	6.24040031	0	86	0	0	3
5760	1276	0	2.25	27.5657137	23.6884095	17.6220782	35.8032237	7.15784731	6.24040031	0	87.1	0	0	3
5765	1277	0	2.25195312	27.6120892	23.6564129	17.6220782	35.7396847	7.06264403	6.24040031	0	88.3	0	0	3
5770	1278	0	2.25390625	27.657324	23.6248412	17.6220782	35.6657171	6.96829151	6.24040031	0	89.5	0	0	3
5775	1279	0	2.25585938	27.7022816	23.593734	17.6220782	35.5796157	6.87455739	6.24040031	0	90.7	0	0	3
5780	1280	0	2.2578125	27.7481143	23.5631422	17.6220782	35.4808986	6.78123284	6.24040031	0	92	0	0	3
5785	1281	0	2.25976562	27.7960422	23.5331233	17.6220782	33.7932872	6.69423402	6.24040031	0	93.2	0	0	3
5790	1282	0	2.26171875	27.8467048	23.5098944	17.6220782	33.6617381	6.60721666	6.24040031	0	94.4	0	0	3
5795	1283	0	2.26367188	27.8993465	23.4873851	17.6220782	33.5340637	6.51991541	6.24040031	0	95.7	0	0	3
5800	1284	0	2.265625	27.9521327	23.4655807	17.6220782	33.4114989	6.43209096	6.24040031	0	97	0	0	3
5805	1286	0	2.26757812	28.0023338	23.4444511	17.6220782	33.2750262	6.34368665	6.24040031	0	98.3	0	0	3
5810	1287	0	2.26953125	28.0470606	23.4240294	17.6220782	33.1341729	6.25471924	6.24040031	0	99.7	0	0	3
5815	1288	0	2.27148438	28.0834425	23.4043	17.6220782	33.0019153	6.16520286	6.24040031	0	100	0	0	3
5820	1289	0	2.2734375	28.1087745	23.3851861	17.6220782	32.8793732	6.07751644	6.24040031	0	100	0	0	3
5825	1290	0	2.27539062	28.1215006	23.3666007	17.6220782	32.7652362	6.09610188	6.24040031	0	100	0	0	3
5830	1291	0	2.27734375	28.1223098	23.3484642	17.6220782	32.6599396	6.11423831	6.24040031	0	100	0	0	3
5835	1292	0	2.27929688	28.112508	23.3307008	17.6220782	32.5631717	6.13200171	6.24040031	0	100	0	0	3
5840	1293	0	2.28125	28.092446	23.3132371	17.6220782	32.4736144	6.14946549	6.24040031	0	100	0	0	3
5845	1294	0	2.28320312	28.0618473	23.2960036	17.6220782	32.3900187	6.16669895	6.24040031	0	100	0	0	3
5850	1295	0	2.28515625	29.5677875	23.2849793	17.6220782	32.3113402	6.17772329	6.24040031	0	100	0	0	3
5855	1296	0	2.28710938	29.516238	23.2740609	17.6220782	32.2356251	6.18864166	6.24040031	0	100	0	0	3
5860	1297	0	2.2890625	29.4613162	23.2632238	17.6220782	32.1597058	6.1994788	6.24040031	0	100	0	0	3
5865	1299	0	2.29101562	29.4035077	23.2524574	17.6220782	32.0803414	6.2102452	6.24040031	0	100	0	0	3
5870	1300	0	2.29296875	29.3380195	23.2417452	17.6220782	31.9946014	6.2209574	6.24040031	0	100	0	0	3
5875	1301	0	2.29492188	29.2729719	23.2311138	17.6220782	31.9008256	6.23158876	6.24040031	0	100	0	0	3
5880	1302	0	2.296875	29.2101564	23.2206034	17.6220782	31.7988359	6.24209919	6.24040031	0	99.9	0	0	3
5885	1303	0	2.29882812	29.1562853	23.2102809	17.6220782	31.6910526	6.25242165	6.24040031	0	99.8	0	0	3
5890	1304	0	2.30078125	29.1150586	23.2002184	17.6220782	31.5810926	6.26248413	6.24040031	0	99.6	0	0	3
5895	1305	0	2.30273438	29.08796	23.1904796	17.6220782	31.4720567	6.27222293	6.24040031	0	99.4	0	0	3
5900	1306	0	2.3046875	29.0749419	23.1811159	17.6220782	31.3658546	6.28158666	6.24040031	0	99.3	0	0	3
5905	1309	0	2.30664062	29.0740339	23.1721635	17.6220782	31.2632332	6.29053908	6.24040031	0	99.2	0	0	3
5910	1310	0	2.30859375	29.0824455	23.1636448	17.6220782	31.1642496	6.29905779	6.24040031	0	99	0	0	3
5915	1311	0	2.31054688	29.0971613	23.1555702	17.6220782	31.0686877	6.30713235	6.24040031	0	98.9	0	0	3
5920	1312	0	2.3125	29.1158657	23.147942	17.6220782	30.9764632	6.31476056	6.24040031	0	98.8	0	0	3
5925	1313	0	2.31445312	29.1366867	23.1407554	17.6220782	30.8878327	6.32194719	6.24040031	0	98.7	0	0	3
5930	1314	0	2.31640625	29.1571191	23.1339948	17.6220782	30.8033273	6.32870779	6.24040031	0	98.6	0	0	3
5935	1315	0	2.31835938	29.1760716	23.1276383	17.6220782	30.7237837	6.33506426	6.24040031	0	98.5	0	0	3
5940	1316	0	2.3203125	29.1934781	23.1216605	17.6220782	30.6500532	6.34104201	6.24040031	0	98.4	0	0	3
5945	1317	0	2.32226562	29.209785	23.1160345	17.6220782	30.5829266	6.34666806	6.24040031	0	98.3	0	0	3
5950	1318	0	2.32421875	29.2258114	23.1107333	17.6220782	30.5228708	6.35196929	6.24040031	0	98.2	0	0	3
5955	1319	0	2.32617188	29.2426616	23.1057324	17.6220782	29.5677875	6.35697011	6.24040031	0	98.1	0	0	3
5960	1320	0	2.328125	29.2610294	23.1142371	17.6220782	29.5677875	6.35697011	6.24040031	0	98.1	0	0	3
5965	1321	0	2.33007812	29.280616	23.123062	17.6220782	29.5677875	6.35697011	6.24040031	0	98.1	0	0	3
5970	1322	0	2.33203125	29.2999162	23.1321241	17.6220782	29.5677875	6.35697011	6.24040031	0	98.1	0	0	3
5975	1323	0	2.33398438	29.3166322	23.1414061	17.6220782	29.5677875	6.35697011	6.24040031	0	98.1	0	0	3
5980	1324	0	2.3359375	29.3280899	23.1508766	17.6220782	29.5677875	6.35697011	6.24040031	0	98.1	0	0	3
5985	1325	0	2.33789062	29.3323423	23.1604944	17.6220782	29.5677875	6.35697011	6.24040031	0	98.1	0	0	3
5990	1326	0	2.33984375	29.3285116	23.1702365	17.6220782	29.5677875	6.35697011	6.24040031	0	98.1	0	0	3
5995	1327	0	2.34179688	29.3162983	23.1800762	17.6220782	29.5677875	6.35697011	6.24040031	0	98.1	0	0	3
6000	1329	0	2.34375	29.2949626	23.1899845	17.6220782	29.5677875	6.35697011	6.24040031	0	98.1	0	0	3
6005	1331	0	2.34570312	29.2632532	23.1999377	17.6220782	29.5677875	6.35697011	6.24040031	0	98.1	0	0	3
6010	1332	0	2.34765625	29.2219223	23.209937	17.6220782	29.5677875	6.35697011	6.24040031	0	98.1	0	0	3
6015	1333	0	2.34960938	29.7837002	23.2223893	17.6220782	29.7837002	6.35697011	6.24040031	0	98.1	0	0	3
6020	1334	0	2.3515625	29.7289271	23.2349384	17.6220782	29.7837002	6.35697011	6.24040031	0	98.1	0	0	3
6025	1335	0	2.35351562	29.6672422	23.2476041	17.6220782	29.7837002	6.35697011	6.24040031	0	98.1	0	0	3
6030	1336	0	2.35546875	29.600893	23.2604055	17.6220782	29.7837002	6.35697011	6.24040031	0	98.1	0	0	3
6035	1337	0	2.35742188	29.5328571	23.2733639	17.6220782	29.7837002	6.35697011	6.24040031	0	98.1	0	0	3
6040	1338	0	2.359375	29.4637633	23.2864941	17.6220782	29.7837002	6.35697011	6.24040031	0	98.1	0	0	3
6045	1339	0	2.36132812	29.3950136	23.2998109	17.6220782	29.7837002	6.35697011	6.24040031	0	98.1	0	0	3
6050	1340	0	2.36328125	29.3310613	23.3133472	17.6220782	29.7837002	6.35697011	6.24040031	0	98.1	0	0	3
6055	1341	0	2.36523438	29.2753096	23.3271532	17.6220782	29.7837002	6.35697011	6.24040031	0	98.1	0	0	3
6060	1342	0	2.3671875	29.2302437	23.3412889	17.6220782	29.7837002	6.35697011	6.24040031	0	98.1	0	0	3
6065	1344	0	2.36914062	29.1960133	23.3558098	17.6220782	29.7837002	6.35697011	6.24040031	0	98.1	0	0	3
6070	1345	0	2.37109375	29.1712344	23.3707568	17.6220782	29.7837002	6.35697011	6.24040031	0	98.1	0	0	3
6075	1346	0	2.37304688	29.1537173	23.3861495	17.6220782	29.7837002	6.35697011	6.24040031	0	98.1	0	0	3
6080	1347	0	2.375	29.1415071	23.401985	17.6220782	29.7837002	6.35697011	6.24040031	0	98.1	0	0	3
6085	1348	0	2.37695312	29.1328502	23.4182395	17.6220782	29.7837002	6.35697011	6.24040031	0	98.1	0	0	3
6090	1349	0	2.37890625	29.125747	23.4348687	17.6220782	29.7837002	6.35697011	6.24040031	0	98.1	0	0	3
6095	1350	0	2.38085938	29.1185168	23.4518127	17.6220782	29.7837002	6.35697011	6.24040031	0	98.1	0	0	3
6100	1351	0	2.3828125	29.1100707	23.4690014	17.6220782	29.7837002	6.35697011	6.24040031	0	98.1	0	0	3
6105	1354	0	2.38476562	29.0998181	23.4863591	17.6220782	29.7837002	6.35697011	6.24040031	0	98.1	0	0	3
6110	1355	0	2.38671875	29.0878496	23.5038072	17.6220782	29.7837002	6.35697011	6.24040031	0	98.1	0	0	3
6115	1356	0	2.38867188	29.0747277	23.5212677	17.6220782	29.7837002	6.35697011	6.24040031	0	98.1	0	0	3
6120	1357	0	2.390625	29.0611103	23.5386631	17.6220782	29.7837002	6.35697011	6.24040031	0	98.1	0	0	3
6125	1358	0	2.39257812	29.0474113	23.5702087	17.6220782	29.7837002	6.35697011	6.24040031	0	98.1	0	0	3
6130	1359	0	2.39453125	29.0341547	23.6016084	17.6220782	29.7837002	6.35697011	6.24040031	0	98.1	0	0	3
6135	1360	0	2.39648438	29.0214931	23.6327656	17.6220782	29.7837002	6.35697011	6.24040031	0	98.1	0	0	3
6140	1361	0	2.3984375	29.0090506	23.6636649	17.6220782	29.7837002	6.35697011	6.24040031	0	98.1	0	0	3
6145	1362	0	2.40039062	28.9960042	23.6942416	17.6220782	29.7837002	6.35697011	6.24040031	0	98.1	0	0	3
6150	1363	0	2.40234375	28.9808005	23.7243864	17.6220782	29.7837002	6.35697011	6.24040031	0	98.1	0	0	3
6155	1364	0	2.40429688	28.9615752	23.7541381	17.6220782	29.7837002	6.35697011	6.24040031	0	98.1	0	0	3
6160	1366	0	2.40625	28.9371183	23.7835829	17.6220782	29.7837002	6.35697011	6.24040031	0	98.1	0	0	3
6165	1367	0	2.40820312	28.9071922	23.8127866	17.6220782	29.7837002	6.35697011	6.24040031	0	98.1	0	0	3
6170	1368	0	2.41015625	28.8721549	23.8417981	17.6220782	29.7837002	6.35697011	6.24040031	0	98.1	0	0	3
6175	1369	0	2.41210938	28.8329589	23.8706746	17.6220782	29.7837002	6.35697011	6.24040031	0	98.1	0	0	3
6180	1370	0	2.4140625	28.408346	23.8979873	17.6220782	29.7837002	6.35697011	6.24040031	0	98.1	0	0	3
6185	1371	0	2.41601562	28.3589832	23.9252725	17.6220782	29.7837002	6.35697011	6.24040031	0	98.1	0	0	3
6190	1372	0	2.41796875	28.3099321	23.952607	17.6220782	29.7837002	6.35697011	6.24040031	0	98.1	0	0	3
6195	1373	0	2.41992188	28.2606415	23.9800584	17.6220782	29.7837002	6.35697011	6.24040031	0	98.1	0	0	3
6200	1374	0	2.421875	28.2091507	24.0076586	17.6220782	29.7837002	6.35697011	6.24040031	0	98.1	0	0	3
6205	1376	0	2.42382812	28.1564031	24.0354212	17.6220782	29.7837002	6.35697011	6.24040031	0	98.1	0	0	3
6210	1377	0	2.42578125	28.1048553	24.0633569	17.6220782	29.7837002	6.35697011	6.24040031	0	98.1	0	0	3
6215	1378	0	2.42773438	28.0560882	24.0914795	17.6220782	29.7837002	6.35697011	6.24040031	0	98.1	0	0	3
6220	1379	0	2.4296875	28.011217	24.1198144	17.6220782	29.7837002	6.35697011	6.24040031	0	98.1	0	0	3
6225	1380	0	2.43164062	27.9703761	24.148396	17.6220782	29.7837002	6.35697011	6.24040031	0	98.1	0	0	3
6230	1381	0	2.43359375	27.9335353	24.1772573	17.6220782	29.7837002	6.35697011	6.24040031	0	98.1	0	0	3
6235	1382	0	2.43554688	27.9005991	24.2064216	17.6220782	29.7837002	6.35697011	6.24040031	0	98.1	0	0	3
6240	1384	0	2.4375	27.8716162	24.2358967	17.6220782	29.7837002	6.35697011	6.24040031	0	98.1	0	0	3
6245	1385	0	2.43945312	27.8453121	24.2656679	17.6220782	29.7837002	6.35697011	6.24040031	0	98.1	0	0	3
6250	1386	0	2.44140625	27.8205825	24.2956988	17.6220782	29.7837002	6.35697011	6.24040031	0	98.1	0	0	3
6255	1387	0	2.44335938	27.7959416	24.3259302	17.6220782	29.7837002	6.35697011	6.24040031	0	98.1	0	0	3
6260	1388	0	2.4453125	27.7700482	24.3562882	17.6220782	29.7837002	6.35697011	6.24040031	0	98.1	0	0	3
6265	1389	0	2.44726562	27.741954	24.386691	17.6220782	29.7837002	6.35697011	6.24040031	0	98.1	0	0	3
6270	1390	0	2.44921875	27.7110836	24.4170497	17.6220782	29.7837002	6.35697011	6.24040031	0	98.1	0	0	3
6275	1391	0	2.45117188	27.677647	24.4472681	17.6220782	29.7837002	6.35697011	6.24040031	0	98.1	0	0	3
6280	1392	0	2.453125	27.6425162	24.4772486	17.6220782	29.7837002	6.35697011	6.24040031	0	98.1	0	0	3
6285	1393	0	2.45507812	27.6067372	24.5068895	17.6220782	29.7837002	6.35697011	6.24040031	0	98.1	0	0	3
6290	1394	0	2.45703125	27.5706852	24.5360855	17.6220782	29.7837002	6.35697011	6.24040031	0	98.1	0	0	3
6295	1395	0	2.45898438	27.5351646	24.5748085	17.6290703	29.7837002	6.35697011	6.24040031	0	98.1	0	0	3
6300	1397	0	2.4609375	27.5005486	24.6129526	17.6290703	29.7837002	6.35697011	6.24040031	0	98.1	0	0	3
6305	1399	0	2.46289062	27.4669652	24.6505392	17.6290703	29.7837002	6.35697011	6.24040031	0	98.1	0	0	3
6310	1400	0	2.46484375	27.4344418	24.6874873	17.6290703	29.7837002	6.35697011	6.24040031	0	98.1	0	0	3
6315	1401	0	2.46679688	27.4029269	24.7236847	17.6290703	29.7837002	6.35697011	6.24040031	0	98.1	0	0	3
6320	1402	0	2.46875	27.3723484	24.7591887	17.6290703	29.7837002	6.35697011	6.24040031	0	98.1	0	0	3
6325	1403	0	2.47070312	27.3427263	24.7941115	17.6290703	29.7837002	6.35697011	6.24040031	0	98.1	0	0	3
6330	1404	0	2.47265625	27.3142278	24.8285631	17.6290703	29.7837002	6.35697011	6.24040031	0	98.1	0	0	3
6335	1405	0	2.47460938	27.2871039	24.8626339	17.6290703	29.7837002	6.3566857	6.24040031	0	98.1	0	0	3
6340	1406	0	2.4765625	27.2615914	24.8964082	17.6290703	29.7837002	6.35575057	6.24040031	0	98.1	0	0	3
6345	1407	0	2.47851562	27.2378627	24.9299907	17.6290703	29.7837002	6.35408837	6.24040031	0	98.2	0	0	3
6350	1408	0	2.48046875	26.1480718	24.9593106	17.6290703	29.7837002	6.3516551	6.24040031	0	98.2	0	0	3
6355	1409	0	2.48242188	26.1208737	24.9885867	17.6290703	29.7837002	6.34842809	6.24040031	0	98.2	0	0	3
6360	1411	0	2.484375	26.1020573	25.0179041	17.6290703	29.7837002	6.34440006	6.24040031	0	98.3	0	0	3
6365	1412	0	2.48632812	26.0836834	25.0473064	17.6290703	29.7837002	6.33959023	6.24040031	0	98.4	0	0	3
6370	1413	0	2.48828125	26.0678088	25.0768235	17.6290703	29.7837002	6.33404218	6.24040031	0	98.5	0	0	3
6375	1414	0	2.49023438	26.0519239	25.1064569	17.6290703	29.7837002	6.32781426	6.24040031	0	98.6	0	0	3
6380	1415	0	2.4921875	26.0343159	25.1361932	17.6290703	29.7837002	6.32096933	6.24040031	0	98.7	0	0	3
6385	1416	0	2.49414062	26.0168158	25.1660268	17.6290703	29.7837002	6.31356718	6.24040031	0	98.8	0	0	3
6390	1417	0	2.49609375	25.9984982	25.1959568	17.6290703	29.7837002	6.30566415	6.24040031	0	98.9	0	0	3
6395	1418	0	2.49804688	25.9781339	25.2259855	17.6290703	29.7837002	6.29732235	6.24040031	0	99	0	0	3
6400	1419	0	2.5	25.9545337	25.2561094	17.6290703	29.7837002	6.26870071	6.24040031	0	99.5	0	0	3
6405	1421	0	2.50195312	25.9278306	25.2863146	17.6290703	29.7837002	6.23978683	6.24040031	0	100	0	0	3
6410	1422	0	2.50390625	25.8985604	25.3165748	17.6290703	29.7837002	6.21065919	6.24040031	0	100	0	0	3
6415	1423	0	2.50585938	25.8671292	25.3468524	17.6290703	29.7837002	6.18137755	6.24040031	0	100	0	0	3
6420	1425	0	2.5078125	25.8339607	25.3771032	17.6290703	29.7837002	6.151974	6.24040031	0	100	0	0	3
6425	1426	0	2.50976562	25.7991381	25.4072752	17.6290703	29.7837002	6.12250158	6.24040031	0	100	0	0	3
6430	1427	0	2.51171875	25.7625371	25.4373073	17.6290703	29.7837002	6.09307339	6.24040031	0	100	0	0	3
6435	1428	0	2.51367188	25.7239779	25.4671286	17.6290703	29.7837002	6.06376548	6.24040031	0	100	0	0	3
6440	1429	0	2.515625	25.6832349	25.4966503	17.6290703	29.7837002	6.03460505	6.24040031	0	100	0	0	3
6445	1430	0	2.51757812	25.6405405	25.5257704	17.6290703	29.7837002	6.00558715	6.24040031	0	100	0	0	3
6450	1431	0	2.51953125	25.5966352	25.5543925	17.6290703	29.7837002	5.97668911	6.24040031	0	100	0	0	3
6455	1432	0	2.52148438	25.552266	25.5824494	17.6290703	29.7837002	5.94454299	6.24040031	0	100	0	0	3
6460	1433	0	2.5234375	25.5080349	25.6132266	17.7514246	29.7837002	5.91243215	6.24040031	0	100	0	0	3
6465	1434	0	2.52539062	25.4646182	25.6433563	17.8788012	29.7837002	5.88029555	6.24040031	0	100	0	0	3
6470	1435	0	2.52734375	25.4228712	25.6728253	18.014926	29.7837002	5.84810945	6.24040031	0	100	0	0	3
6475	1437	0	2.52929688	25.3837825	25.7016099	18.15303	29.7837002	5.81585052	6.24040031	0	100	0	0	3
6480	1438	0	2.53125	25.348365	25.7297167	18.2866799	29.7837002	5.78349167	6.24040031	0	100	0	0	3
6485	1439	0	2.53320312	25.3174759	25.7571807	18.4108643	29.7837002	5.75099649	6.24040031	0	100	0	0	3
6490	1440	0	2.53515625	25.2918265	25.7840595	18.5206907	29.7837002	5.71830619	6.24040031	0	100	0	0	3
6495	1441	0	2.53710938	25.2719188	25.8104314	18.6133	29.7837002	5.6853392	6.24040031	0	100	0	0	3
6500	1442	0	2.5390625	25.257985	25.8363872	18.6862846	29.7837002	5.65199203	6.24040031	0	100	0	0	3
6505	1444	0	2.54101562	25.2500042	25.8620268	18.7406835	29.7837002	5.6181646	6.24040031	0	100	0	0	3
6510	1445	0	2.54296875	25.2477006	25.8874448	18.7797223	29.7837002	5.58378214	6.24040031	0	100	0	0	3
6515	1446	0	2.54492188	24.0001582	25.9078371	18.8066107	29.7837002	5.54880089	6.24040031	0	100	0	0	3
6520	1448	0	2.546875	24.0003218	25.9281251	18.824813	29.7837002	5.51321015	6.24040031	0	100	0	0	3
6525	1449	0	2.54882812	24.0076728	25.9483706	18.8378099	29.7837002	5.47703261	6.24040031	0	100	0	0	3
6530	1450	0	2.55078125	24.0188353	25.968609	18.8492379	29.7837002	5.44032491	6.24040031	0	100	0	0	3
6535	1451	0	2.55273438	24.0378222	25.9888769	18.8627072	29.7837002	5.40317626	6.24040031	0	100	0	0	3
6540	1452	0	2.5546875	24.063945	26.0091942	18.8805763	29.7837002	5.36569836	6.24040031	0	100	0	0	3
6545	1453	0	2.55664062	24.0844769	26.029522	18.9033295	29.7837002	5.32801643	6.24040031	0	100	0	0	3
6550	1454	0	2.55859375	24.0979196	26.0498133	18.9299902	29.7837002	5.29026147	6.24040031	0	100	0	0	3
6555	1455	0	2.56054688	24.1061016	26.0700325	18.9576117	29.7837002	5.2525426	6.24040031	0	100	0	0	3
6560	1456	0	2.5625	24.1086343	26.0901537	18.9838767	29.7837002	5.21494948	6.24040031	0	100	0	0	3
6565	1457	0	2.56445312	24.1047508	26.1101571	19.0075154	29.7837002	5.15688927	6.24040031	0	100	0	0	3
6570	1458	0	2.56640625	24.0943904	26.1300277	19.0286704	29.7837002	5.09903201	6.24040031	0	100	0	0	3
6575	1459	0	2.56835938	24.0776042	26.1497501	19.0490802	29.7837002	5.04149168	6.24040031	0	100	0	0	3
6580	1461	0	2.5703125	24.0551573	26.1693051	19.0713564	29.7837002	4.98433458	6.24040031	0	100	0	0	3
6585	1462	0	2.57226562	24.0284118	26.1886686	19.0982892	29.7837002	4.92766418	6.24040031	0	100	0	0	3
6590	1463	0	2.57421875	23.999067	26.2078123	19.1327321	29.7837002	4.87160078	6.24040031	0	100	0	0	3
6595	1464	0	2.57617188	23.9683165	26.2267013	19.1768005	29.7837002	4.81617757	6.24040031	0	100	0	0	3
6600	1465	0	2.578125	23.9366577	26.2452945	19.2312528	29.7837002	4.76138984	6.24040031	0	100	0	0	3
6605	1468	0	2.58007812	23.9039522	26.2635472	19.2940981	29.7837002	4.70718721	6.24040031	0	100	0	0	3
6610	1469	0	2.58203125	23.8701201	26.2814223	19.3635434	29.7837002	4.65348813	6.24040031	0	100	0	0	3
6615	1470	0	2.58398438	23.834357	26.2988864	19.437772	29.7837002	4.60019087	6.24040031	0	100	0	0	3
6620	1471	0	2.5859375	23.7972739	26.3159157	20.2861952	29.7837002	4.55019186	6.24040031	0	100	0	0	3
6625	1472	0	2.58789062	23.759338	26.3294827	20.3746937	29.7837002	4.50041269	6.24040031	0	100	0	0	3
6630	1473	0	2.58984375	23.7214109	26.3425558	20.4531552	29.7837002	4.45071941	6.24040031	0	100	0	0	3
6635	1474	0	2.59179688	23.6847758	26.3551793	20.5320195	29.7837002	4.40102306	6.24040031	0	100	0	0	3
6640	1476	0	2.59375	23.6509783	26.3673627	20.6226405	29.7837002	4.35129357	6.24040031	0	100	0	0	3
6645	1477	0	2.59570312	23.6215996	26.3790774	20.7173876	29.7837002	4.30152357	6.24040031	0	100	0	0	3
6650	1478	0	2.59765625	23.5981017	26.3903302	20.8048016	29.7837002	4.25168718	6.24040031	0	100	0	0	3
6655	1479	0	2.59960938	23.5814552	26.4011765	20.8824547	29.7837002	4.20174973	6.24040031	0	100	0	0	3
6660	1480	0	2.6015625	23.5724997	26.4116845	20.9531584	29.7837002	4.15168144	6.24040031	0	100	0	0	3
6665	1481	0	2.60351562	23.5717651	26.4219134	21.0186035	29.7837002	4.10145512	6.24040031	0	100	0	0	3
6670	1482	0	2.60546875	23.5793249	26.4319163	21.0787016	29.7837002	4.05104126	6.24040031	0	100	0	0	3
6675	1483	0	2.60742188	23.5947208	26.4417445	21.1324228	29.7837002	4.00040456	6.24040031	0	100	0	0	3
6680	1484	0	2.609375	23.6175147	26.4514518	21.1797043	29.7837002	3.94951193	6.24040031	0	100	0	0	3
6685	1485	0	2.61132812	22.679544	26.4573106	21.2230425	29.7837002	3.89834818	6.24040031	0	100	0	0	3
6690	1486	0	2.61328125	22.7094685	26.4631169	21.2662575	29.7837002	3.84692561	6.24040031	0	100	0	0	3
6695	1488	0	2.61523438	22.7428268	26.4688848	21.3127304	29.7837002	3.79528706	6.24040031	0	100	0	0	3
6700	1489	0	2.6171875	22.7857777	26.4746389	21.3643302	29.7837002	3.74350543	6.24040031	0	100	0	0	3
6705	1491	0	2.61914062	22.8356531	26.4803862	21.421657	29.7837002	3.69167952	6.24040031	0	100	0	0	3
6710	1492	0	2.62109375	22.8795902	26.4860813	21.4845622	29.7837002	3.63993532	6.24040031	0	100	0	0	3
6715	1493	0	2.62304688	22.9153111	26.4916702	21.5517535	29.7837002	3.58839802	6.24040031	0	100	0	0	3
6720	1494	0	2.625	22.944703	26.4971114	21.6208072	29.7837002	3.53717458	6.24040031	0	100	0	0	3
6725	1495	0	2.62695312	22.9674691	26.5023718	21.6892312	29.7837002	3.48634991	6.24040031	0	100	0	0	3
6730	1496	0	2.62890625	22.9823917	26.5074232	21.7553637	29.7837002	3.43600296	6.24040031	0	100	0	0	3
6735	1497	0	2.63085938	22.9887923	26.5122413	21.8184754	29.7837002	3.4065088	6.24040031	0	100	0	0	3
6740	1498	0	2.6328125	22.98788	26.5168092	21.8784924	29.7837002	3.41107679	6.24040031	0	100	0	0	3
6745	1500	0	2.63476562	22.981153	26.5211165	21.9356832	29.7837002	3.41538406	6.24040031	0	100	0	0	3
6750	1501	0	2.63671875	22.9694739	26.5251548	21.9904397	29.7837002	3.4194223	6.24040031	0	100	0	0	3
6755	1502	0	2.63867188	22.9548326	26.5289219	22.0431151	29.7837002	3.42318946	6.24040031	0	100	0	0	3
6760	1503	0	2.640625	22.939244	26.5324224	22.0939356	29.7837002	3.42668997	6.24040031	0	100	0	0	3
6765	1504	0	2.64257812	22.9239309	26.5356646	22.1429398	29.7837002	3.42993214	6.24040031	0	100	0	0	3
6770	1505	0	2.64453125	22.9092622	26.538658	22.189889	29.7837002	3.43292558	6.24040031	0	100	0	0	3
6775	1506	0	2.64648438	22.89505	26.5414126	22.2340878	29.7837002	3.43568012	6.24040031	0	100	0	0	3
6780	1507	0	2.6484375	22.8806315	26.5439381	22.2747283	29.7837002	3.43820568	6.24040031	0	100	0	0	3
6785	1509	0	2.65039062	22.8650671	26.5462441	22.3112221	29.7837002	3.44051169	6.24040031	0	100	0	0	3
6790	1510	0	2.65234375	22.8479179	26.5483406	22.679544	29.7837002	3.44260816	6.24040031	0	100	0	0	3
6795	1511	0	2.65429688	22.8295485	26.5431772	22.679544	29.7837002	3.44260816	6.24040031	0	100	0	0	3
6800	1512	0	2.65625	22.8110975	26.5378306	22.679544	29.7837002	3.44260816	6.24040031	0	100	0	0	3
6805	1514	0	2.65820312	22.7940756	26.5323468	22.679544	29.7837002	3.44260816	6.24040031	0	100	0	0	3
6810	1515	0	2.66015625	22.7801361	26.526718	22.679544	29.7837002	3.44260816	6.24040031	0	100	0	0	3
6815	1516	0	2.66210938	22.7705942	26.5209441	22.679544	29.7837002	3.44260816	6.24040031	0	100	0	0	3
6820	1517	0	2.6640625	22.7666064	26.5150421	22.679544	29.7837002	3.44260816	6.24040031	0	100	0	0	3
6825	1518	0	2.66601562	22.7691902	26.5090656	22.679544	29.7837002	3.44260816	6.24040031	0	100	0	0	3
6830	1520	0	2.66796875	22.7788694	26.5030564	22.679544	29.7837002	3.44260816	6.24040031	0	100	0	0	3
6835	1521	0	2.66992188	22.7961406	26.4970266	22.679544	29.7837002	3.44260816	6.24040031	0	100	0	0	3
6840	1522	0	2.671875	22.8210143	26.4909779	22.679544	29.7837002	3.44260816	6.24040031	0	100	0	0	3
6845	1523	0	2.67382812	22.8530988	26.4849084	22.679544	29.7837002	3.44260816	6.24040031	0	100	0	0	3
6850	1524	0	2.67578125	22.4895792	26.4772472	22.4895792	29.7837002	3.44260816	6.24040031	0	100	0	0	3
6855	1525	0	2.67773438	22.5290291	26.4695514	22.4895792	29.7837002	3.44260816	6.24040031	0	100	0	0	3
6860	1526	0	2.6796875	22.5707877	26.461817	22.4895792	29.7837002	3.44260816	6.24040031	0	100	0	0	3
6865	1527	0	2.68164062	22.6165723	26.4540457	22.4895792	29.7837002	3.44260816	6.24040031	0	100	0	0	3
6870	1528	0	2.68359375	22.6621306	26.4462222	22.4895792	29.7837002	3.44260816	6.24040031	0	100	0	0	3
6875	1529	0	2.68554688	22.7060238	26.4383285	22.4895792	29.7837002	3.44260816	6.24040031	0	100	0	0	3
6880	1530	0	2.6875	22.7486533	26.4303515	22.4895792	29.7837002	3.44260816	6.24040031	0	100	0	0	3
6885	1531	0	2.68945312	22.7880789	26.4222723	22.4895792	29.7837002	3.44260816	6.24040031	0	100	0	0	3
6890	1532	0	2.69140625	22.8216058	26.4140608	22.4895792	29.7837002	3.44260816	6.24040031	0	100	0	0	3
6895	1534	0	2.69335938	22.8476692	26.4056785	22.4895792	29.7837002	3.44260816	6.24040031	0	100	0	0	3
6900	1535	0	2.6953125	22.866442	26.3970885	22.4895792	29.7837002	3.44260816	6.24040031	0	100	0	0	3
6905	1537	0	2.69726562	22.8789879	26.3882622	22.4895792	29.7837002	3.44260816	6.24040031	0	100	0	0	3
6910	1538	0	2.69921875	22.8865707	26.3791838	22.4895792	29.7837002	3.44260816	6.24040031	0	100	0	0	3
6915	1539	0	2.70117188	22.8905798	26.3698515	22.4895792	29.7837002	3.44260816	6.24040031	0	100	0	0	3
6920	1541	0	2.703125	22.892547	26.3602778	22.4895792	29.7837002	3.44260816	6.24040031	0	100	0	0	3
6925	1542	0	2.70507812	22.8941199	26.3504887	22.4895792	29.7837002	3.44260816	6.24040031	0	100	0	0	3
6930	1543	0	2.70703125	22.8966485	26.3405205	22.4895792	29.7837002	3.44260816	6.24040031	0	100	0	0	3
6935	1544	0	2.70898438	22.9008101	26.3304155	22.4895792	29.7837002	3.44260816	6.24040031	0	100	0	0	3
6940	1545	0	2.7109375	22.9067587	26.3202189	22.4895792	29.7837002	3.44260816	6.24040031	0	100	0	0	3
6945	1546	0	2.71289062	22.913932	26.3099757	22.4895792	29.7837002	3.44260816	6.24040031	0	100	0	0	3
6950	1547	0	2.71484375	22.921354	26.2997267	22.4895792	29.7837002	3.44260816	6.24040031	0	100	0	0	3
6955	1548	0	2.71679688	22.9279192	26.289506	22.4895792	29.7837002	3.44260816	6.24040031	0	100	0	0	3
6960	1550	0	2.71875	22.9329004	26.2714048	22.4895792	29.7837002	3.44260816	6.24040031	0	100	0	0	3
6965	1551	0	2.72070312	22.9364017	26.253336	22.4895792	29.7837002	3.44260816	6.24040031	0	100	0	0	3
6970	1552	0	2.72265625	22.9392079	26.2353881	22.4895792	29.7837002	3.44260816	6.24040031	0	100	0	0	3
6975	1553	0	2.72460938	22.9424422	26.2175527	22.4895792	29.7837002	3.44260816	6.24040031	0	100	0	0	3
6980	1554	0	2.7265625	22.9472003	26.1998385	22.4895792	29.7837002	3.44260816	6.24040031	0	100	0	0	3
6985	1555	0	2.72851562	22.9545281	26.182279	22.4895792	29.7837002	3.44260816	6.24040031	0	100	0	0	3
6990	1556	0	2.73046875	22.965462	26.1648844	22.4895792	29.7837002	3.44260816	6.24040031	0	100	0	0	3
6995	1557	0	2.73242188	22.9807672	26.1476657	22.4895792	29.7837002	3.44260816	6.24040031	0	100	0	0	3
7000	1558	0	2.734375	23.0009409	26.130612	22.4895792	29.7837002	3.44260816	6.24040031	0	100	0	0	3
7005	1560	0	2.73632812	23.0255456	26.113695	22.4895792	29.7837002	3.44260816	6.24040031	0	100	0	0	3
7010	1561	0	2.73828125	23.0531113	26.0968765	22.4895792	29.7837002	3.44260816	6.24040031	0	100	0	0	3
7015	1563	0	2.74023438	23.2659503	26.0808346	22.4895792	29.7837002	3.44260816	6.24040031	0	100	0	0	3
7020	1564	0	2.7421875	23.2985575	26.0648267	22.4895792	29.7837002	3.44260816	6.24040031	0	100	0	0	3
7025	1565	0	2.74414062	23.3283593	26.0488054	22.4895792	29.7837002	3.44260816	6.24040031	0	100	0	0	3
7030	1566	0	2.74609375	23.3581197	26.0327368	22.4895792	29.7837002	3.44260816	6.24040031	0	100	0	0	3
7035	1567	0	2.74804688	23.391458	26.0166164	22.4895792	29.7837002	3.44260816	6.24040031	0	100	0	0	3
7040	1568	0	2.75	23.4261547	26.0004462	22.4895792	29.7837002	3.44260816	6.24040031	0	100	0	0	3
7045	1569	0	2.75195312	23.4589794	25.9842231	22.4895792	29.7837002	3.44260816	6.24040031	0	100	0	0	3
7050	1570	0	2.75390625	23.4886392	25.9679392	22.4895792	29.7837002	3.44260816	6.24040031	0	100	0	0	3
7055	1571	0	2.75585938	23.5153289	25.9515839	22.4895792	29.7837002	3.44260816	6.24040031	0	100	0	0	3
7060	1572	0	2.7578125	23.5393383	25.9351434	22.4895792	29.7837002	3.44260816	6.24040031	0	100	0	0	3
7065	1573	0	2.75976562	23.5606525	25.9185989	22.4895792	29.7837002	3.44260816	6.24040031	0	100	0	0	3
7070	1574	0	2.76171875	23.5791241	25.9019287	22.4895792	29.7837002	3.44260816	6.24040031	0	100	0	0	3
7075	1576	0	2.76367188	23.5949643	25.8851147	22.4895792	29.7837002	3.44260816	6.24040031	0	100	0	0	3
7080	1577	0	2.765625	23.608834	25.8681487	22.4895792	29.7837002	3.44260816	6.24040031	0	100	0	0	3
7085	1578	0	2.76757812	23.6217253	25.8510369	22.4895792	29.7837002	3.44260816	6.24040031	0	100	0	0	3
7090	1579	0	2.76953125	23.6349012	25.8338019	22.4895792	29.7837002	3.44260816	6.24040031	0	100	0	0	3
7095	1580	0	2.77148438	23.6496277	25.8164823	22.4895792	29.7837002	3.44260816	6.24040031	0	100	0	0	3
7100	1581	0	2.7734375	23.665967	25.7991276	22.4895792	29.7837002	3.44260816	6.24040031	0	100	0	0	3
7105	1584	0	2.77539062	23.6843925	25.7817952	22.4895792	29.7837002	3.44260816	6.24040031	0	100	0	0	3
7110	1585	0	2.77734375	23.7051845	25.7645408	22.4895792	29.7837002	3.44260816	6.24040031	0	100	0	0	3
7115	1586	0	2.77929688	23.7274858	25.7474118	22.4895792	29.7837002	3.44260816	6.24040031	0	100	0	0	3
7120	1587	0	2.78125	23.7500332	25.7304492	22.4895792	29.7837002	3.44260816	6.24040031	0	100	0	0	3
7125	1588	0	2.78320312	23.7719847	25.7136919	22.4895792	29.7837002	3.44260816	6.24040031	0	100	0	0	3
7130	1589	0	2.78515625	23.7926084	25.6911326	22.4895792	29.7837002	3.44260816	6.24040031	0	100	0	0	3
7135	1590	0	2.78710938	23.8119348	25.6688502	22.4895792	29.7837002	3.44260816	6.24040031	0	100	0	0	3
7140	1591	0	2.7890625	23.8299492	25.6468527	22.4895792	29.7837002	3.44260816	6.24040031	0	100	0	0	3
7145	1593	0	2.79101562	23.847056	25.6251478	22.4895792	29.7837002	3.44260816	6.24040031	0	100	0	0	3
7150	1594	0	2.79296875	23.8635285	25.6037631	22.4895792	29.7837002	3.44260816	6.24040031	0	100	0	0	3
7155	1595	0	2.79492188	23.8799111	25.5826964	22.4895792	29.7837002	3.44260816	6.24040031	0	100	0	0	3
7160	1596	0	2.796875	23.8965702	25.5619402	22.4895792	29.7837002	3.44260816	6.24040031	0	100	0	0	3
7165	1597	0	2.79882812	23.9133614	25.5414601	22.4895792	29.7837002	3.44260816	6.24040031	0	100	0	0	3
7170	1598	0	2.80078125	23.9301361	25.5212064	22.4895792	29.7837002	3.44260816	6.24040031	0	100	0	0	3
7175	1599	0	2.80273438	23.9463569	25.5011221	22.4895792	29.7837002	3.44260816	6.24040031	0	100	0	0	3
7180	1600	0	2.8046875	23.9617223	25.4811485	22.4895792	29.7837002	3.44260816	6.24040031	0	100	0	0	3
7185	1601	0	2.80664062	24.5650478	25.4635353	22.4895792	29.7837002	3.44260816	6.24040031	0	100	0	0	3
7190	1603	0	2.80859375	24.5787054	25.4459426	22.4895792	29.7837002	3.44260816	6.24040031	0	100	0	0	3
7195	1604	0	2.81054688	24.586063	25.4283211	22.4895792	29.7837002	3.44260816	6.24040031	0	100	0	0	3
7200	1605	0	2.8125	24.5980132	25.4106732	22.4895792	29.7837002	3.44260816	6.24040031	0	100	0	0	3
7205	1607	0	2.81445312	24.6139571	25.3930063	22.4895792	29.7837002	3.44260816	6.24040031	0	100	0	0	3
7210	1608	0	2.81640625	24.6279967	25.3753144	22.4895792	29.7837002	3.44260816	6.24040031	0	100	0	0	3
7215	1609	0	2.81835938	24.6385634	25.3575898	22.4895792	29.7837002	3.44260816	6.24040031	0	100	0	0	3
7220	1610	0	2.8203125	24.6481542	25.3398346	22.4895792	29.7837002	3.44260816	6.24040031	0	100	0	0	3
7225	1611	0	2.82226562	24.6588907	25.3220577	22.4895792	29.7837002	3.44260816	6.24040031	0	100	0	0	3
7230	1613	0	2.82421875	24.6724555	25.3042712	22.4895792	29.7837002	3.44260816	6.24040031	0	100	0	0	3
7235	1614	0	2.82617188	24.6883617	25.2864809	22.4895792	29.7837002	3.43410354	6.24040031	0	100	0	0	3
7240	1615	0	2.828125	24.7051331	25.2686845	22.4895792	29.7837002	3.42527859	6.24040031	0	100	0	0	3
7245	1616	0	2.83007812	24.7220901	25.2508777	22.4895792	29.7837002	3.41621647	6.24040031	0	100	0	0	3
7250	1617	0	2.83203125	24.7395895	25.2330639	22.4895792	29.7837002	3.40693454	6.24040031	0	100	0	0	3
7255	1618	0	2.83398438	24.7583503	25.2152581	22.4895792	29.7837002	3.39746405	6.24040031	0	100	0	0	3
7260	1619	0	2.8359375	24.7785644	25.1974866	22.4895792	29.7837002	3.38784619	6.24040031	0	100	0	0	3
7265	1620	0	2.83789062	24.7996891	25.1797809	22.4895792	29.7837002	3.37810408	6.24040031	0	100	0	0	3
7270	1622	0	2.83984375	24.8217262	25.1621763	22.4895792	29.7837002	3.36826444	6.24040031	0	100	0	0	3
7275	1623	0	2.84179688	24.8442033	25.1447071	22.4895792	29.7837002	3.35835615	6.24040031	0	100	0	0	3
7280	1624	0	2.84375	24.867379	25.1274119	22.4895792	29.7837002	3.34840286	6.24040031	0	100	0	0	3
7285	1625	0	2.84570312	24.8911667	25.1103334	22.4895792	29.7837002	3.33840356	6.24040031	0	100	0	0	3
7290	1626	0	2.84765625	24.9153516	25.0935109	22.4895792	29.7837002	3.32595131	6.24040031	0	100	0	0	3
7295	1627	0	2.84960938	24.939626	25.0745887	22.4895792	29.7289271	3.31340217	6.24040031	0	100	0	0	3
7300	1629	0	2.8515625	24.963695	25.0559745	22.4895792	29.6672422	3.30073649	6.24040031	0	100	0	0	3
7305	1631	0	2.85351562	24.9868047	25.0376916	22.4895792	29.600893	3.28793509	6.24040031	0	100	0	0	3
7310	1632	0	2.85546875	25.0084193	25.0197522	22.4895792	29.5328571	3.27497667	6.24040031	0	100	0	0	3
7315	1633	0	2.85742188	25.0278311	25.0021545	22.4895792	29.4637633	3.2618465	6.24040031	0	100	0	0	3
7320	1634	0	2.859375	25.0446511	24.9848923	22.4895792	29.3950136	3.2485297	6.24040031	0	100	0	0	3
7325	1636	0	2.86132812	25.058466	24.9679527	22.4895792	29.3310613	3.2349934	6.24040031	0	100	0	0	3
7330	1637	0	2.86328125	25.0691404	24.9513045	22.4895792	29.2753096	3.22118738	6.24040031	0	100	0	0	3
7335	1638	0	2.86523438	25.0766131	24.9349034	22.4895792	29.2302437	3.20705171	6.24040031	0	100	0	0	3
7340	1639	0	2.8671875	25.080886	24.918695	22.4895792	29.1960133	3.1925308	6.24040031	0	100	0	0	3
7345	1640	0	2.86914062	25.0819501	24.9026244	22.4895792	29.1712344	3.17758377	6.24040031	0	100	0	0	3
7350	1641	0	2.87109375	25.784669	24.8893956	22.4895792	29.1537173	3.1621911	6.24040031	0	100	0	0	3
7355	1643	0	2.87304688	25.7860505	24.8762407	22.4895792	29.1415071	3.14635559	6.24040031	0	100	0	0	3
7360	1644	0	2.875	25.775421	24.8630919	22.4895792	29.1328502	3.13010115	6.24040031	0	100	0	0	3
7365	1645	0	2.87695312	25.7671529	24.8499446	22.4895792	29.125747	3.11347194	6.24040031	0	100	0	0	3
7370	1646	0	2.87890625	25.7623165	24.8368062	22.4895792	29.1185168	3.09652792	6.24040031	0	100	0	0	3
7375	1647	0	2.88085938	25.7555514	24.8236697	22.4895792	29.1100707	3.07933923	6.24040031	0	100	0	0	3
7380	1648	0	2.8828125	25.7457008	24.8105276	22.4895792	29.0998181	3.06198156	6.24040031	0	100	0	0	3
7385	1650	0	2.88476562	25.7362048	24.7973885	22.4895792	29.0878496	3.04453339	6.24040031	0	100	0	0	3
7390	1651	0	2.88671875	25.729787	24.784271	22.4895792	29.0747277	3.02707296	6.24040031	0	100	0	0	3
7395	1652	0	2.88867188	25.7289716	24.7712017	22.4895792	29.0611103	3.00967748	6.24040031	0	100	0	0	3
7400	1653	0	2.890625	25.7332787	24.7582023	22.4895792	29.0474113	2.97813194	6.24040031	0	100	0	0	3
7405	1655	0	2.89257812	25.7414084	24.7452883	22.4895792	29.0341547	2.94673216	6.24040031	0	100	0	0	3
7410	1656	0	2.89453125	25.7523194	24.7324686	22.4895792	29.0214931	2.91557503	6.24040031	0	100	0	0	3
7415	1658	0	2.89648438	25.765752	24.7197509	22.4895792	29.0090506	2.88467568	6.24040031	0	100	0	0	3
7420	1659	0	2.8984375	25.7814672	24.7071431	22.4895792	28.9960042	2.85409904	6.24040031	0	100	0	0	3
7425	1660	0	2.90039062	25.7990359	24.694655	22.4895792	28.9808005	2.82395419	6.24040031	0	100	0	0	3
7430	1661	0	2.90234375	25.8174402	24.6822981	22.4895792	28.9615752	2.79420255	6.24040031	0	100	0	0	3
7435	1662	0	2.90429688	25.835785	24.670088	22.4895792	28.9371183	2.76475775	6.24040031	0	100	0	0	3
7440	1663	0	2.90625	25.853684	24.6580433	22.4895792	28.9071922	2.73555403	6.24040031	0	100	0	0	3
7445	1665	0	2.90820312	25.8713924	24.6461847	22.4895792	28.8721549	2.70654252	6.24040031	0	100	0	0	3
7450	1666	0	2.91015625	25.8893092	24.634533	22.4895792	28.8329589	2.67766598	6.24040031	0	100	0	0	3
7455	1667	0	2.91210938	25.9079335	24.6231071	22.4895792	28.408346	2.65035329	6.24040031	0	100	0	0	3
7460	1668	0	2.9140625	25.9269687	24.6134142	22.4895792	28.3589832	2.62306811	6.24040031	0	100	0	0	3
7465	1669	0	2.91601562	25.9461116	24.6039889	22.4895792	28.3099321	2.59573362	6.24040031	0	100	0	0	3
7470	1670	0	2.91796875	25.9650635	24.5948293	22.4895792	28.2606415	2.56828224	6.24040031	0	100	0	0	3
7475	1671	0	2.91992188	25.9832334	24.5859332	22.4895792	28.2091507	2.540682	6.24040031	0	100	0	0	3
7480	1673	0	2.921875	25.9994821	24.5773016	22.4895792	28.1564031	2.51291937	6.24040031	0	100	0	0	3
7485	1674	0	2.92382812	26.0128275	24.5689283	22.4895792	28.1048553	2.48498375	6.24040031	0	100	0	0	3
7490	1675	0	2.92578125	26.0224484	24.5607939	22.4895792	28.0560882	2.45686109	6.24040031	0	100	0	0	3
7495	1676	0	2.92773438	26.0275714	24.55287	22.4895792	28.011217	2.42852619	6.24040031	0	100	0	0	3
7500	1677	0	2.9296875	26.0279972	24.545123	22.4895792	27.9703761	2.39994464	6.24040031	0	100	0	0	3
7505	1679	0	2.93164062	26.0243664	24.5375214	22.4895792	27.9335353	2.37108329	6.24040031	0	100	0	0	3
7510	1681	0	2.93359375	26.0168835	24.5300345	22.4895792	27.9005991	2.34191901	6.24040031	0	100	0	0	3
7515	1682	0	2.93554688	26.0056358	24.5226323	22.4895792	27.8716162	2.31244392	6.24040031	0	100	0	0	3
7520	1683	0	2.9375	26.5552335	24.5174902	22.4895792	27.8453121	2.28267268	6.24040031	0	100	0	0	3
7525	1684	0	2.93945312	26.5364762	24.5123776	22.4895792	27.8205825	2.25264186	6.24040031	0	100	0	0	3
7530	1685	0	2.94140625	26.5152466	24.5072786	22.4895792	27.7959416	2.22241037	6.24040031	0	100	0	0	3
7535	1686	0	2.94335938	26.4956702	24.5021994	22.4895792	27.7700482	2.19205244	6.24040031	0	100	0	0	3
7540	1687	0	2.9453125	26.4746595	24.4971393	22.4895792	27.741954	2.16164966	6.24040031	0	100	0	0	3
7545	1688	0	2.94726562	26.4526463	24.4921029	22.4895792	27.7110836	2.13129093	6.24040031	0	100	0	0	3
7550	1690	0	2.94921875	26.4310327	24.4871027	22.4895792	27.677647	2.10107248	6.24040031	0	100	0	0	3
7555	1691	0	2.95117188	26.4123463	24.4821602	22.4895792	27.6425162	2.07109196	6.24040031	0	100	0	0	3
7560	1692	0	2.953125	26.3989059	24.4773023	22.4895792	27.6067372	2.0710383	6.24040031	0	100	0	0	3
7565	1693	0	2.95507812	26.3913927	24.4725549	22.4895792	27.5706852	2.07578574	6.24040031	0	100	0	0	3
7570	1694	0	2.95703125	26.3886971	24.4679377	22.4895792	27.5351646	2.08040288	6.24040031	0	100	0	0	3
7575	1695	0	2.95898438	26.3895871	24.4634628	22.4895792	27.5005486	2.08487779	6.24040031	0	100	0	0	3
7580	1697	0	2.9609375	26.3935179	24.4591385	22.4895792	27.4669652	2.08920213	6.24040031	0	100	0	0	3
7585	1698	0	2.96289062	26.399919	24.4549703	22.4895792	27.4344418	2.09337028	6.24040031	0	100	0	0	3
7590	1699	0	2.96484375	26.4081047	24.4509612	22.4895792	27.4029269	2.09737941	6.24040031	0	100	0	0	3
7595	1700	0	2.96679688	26.4171835	24.4471106	22.4895792	27.3723484	2.10122997	6.24040031	0	100	0	0	3
7600	1701	0	2.96875	26.4263488	24.4434153	22.4895792	27.3427263	2.10492528	6.24040031	0	100	0	0	3
7605	1703	0	2.97070312	26.4348919	24.4398691	22.4895792	27.3142278	2.10847151	6.24040031	0	100	0	0	3
7610	1705	0	2.97265625	26.4426118	24.4364643	22.4895792	27.2871039	2.11187626	6.24040031	0	100	0	0	3
7615	1706	0	2.97460938	26.4497529	24.4331934	22.4895792	27.2615914	2.11514716	6.24040031	0	100	0	0	3
7620	1707	0	2.9765625	26.4568406	24.4300499	22.4895792	27.2378627	2.11829072	6.24040031	0	100	0	0	3
7625	1708	0	2.97851562	26.4643733	24.4270284	22.4895792	26.5552335	2.12131216	6.24040031	0	100	0	0	3
7630	1709	0	2.98046875	26.4725258	24.4282958	22.4895792	26.5552335	2.12131216	6.24040031	0	100	0	0	3
7635	1710	0	2.98242188	26.4810415	24.4297027	22.4895792	26.5552335	2.12131216	6.24040031	0	100	0	0	3
7640	1711	0	2.984375	26.4893734	24.4312157	22.4895792	26.5552335	2.12131216	6.24040031	0	100	0	0	3
7645	1712	0	2.98632812	26.4967077	24.4328291	22.4895792	26.5552335	2.12131216	6.24040031	0	100	0	0	3
7650	1714	0	2.98828125	26.5019278	24.4345249	22.4895792	26.5552335	2.12131216	6.24040031	0	100	0	0	3
7655	1715	0	2.99023438	26.5041395	24.4362913	22.4895792	26.5552335	2.12131216	6.24040031	0	100	0	0	3
7660	1716	0	2.9921875	26.502914	24.4381218	22.4895792	26.5552335	2.12131216	6.24040031	0	100	0	0	3
7665	1717	0	2.99414062	26.4979997	24.4400014	22.4895792	26.5552335	2.12131216	6.24040031	0	100	0	0	3
7670	1718	0	2.99609375	26.4891057	24.4419178	22.4895792	26.5552335	2.12131216	6.24040031	0	100	0	0	3
7675	1719	0	2.99804688	26.4768795	24.4438661	22.4895792	26.5552335	2.12131216	6.24040031	0	100	0	0	3
7680	1721	0	3	26.4617415	24.4458474	22.4895792	26.5552335	2.12131216	6.24040031	0	100	0	0	3
7685	1722	0	3.00195312	26.6908424	24.4488279	22.4895792	26.6908424	2.12131216	6.24040031	0	100	0	0	3
7690	1723	0	3.00390625	26.6724039	24.4518507	22.4895792	26.6908424	2.12131216	6.24040031	0	100	0	0	3
7695	1724	0	3.00585938	26.6499043	24.4549084	22.4895792	26.6908424	2.12131216	6.24040031	0	100	0	0	3
7700	1725	0	3.0078125	26.6256445	24.4580009	22.4895792	26.6908424	2.12131216	6.24040031	0	100	0	0	3
7705	1728	0	3.00976562	26.6015536	24.4611354	22.4895792	26.6908424	2.12131216	6.24040031	0	100	0	0	3
7710	1729	0	3.01171875	26.5777451	24.4643198	22.4895792	26.6908424	2.12131216	6.24040031	0	100	0	0	3
7715	1730	0	3.01367188	26.5541879	24.4675628	22.4895792	26.6908424	2.12131216	6.24040031	0	100	0	0	3
7720	1732	0	3.015625	26.5320279	24.4708784	22.4895792	26.6908424	2.12131216	6.24040031	0	100	0	0	3
7725	1733	0	3.01757812	26.5131396	24.474287	22.4895792	26.6908424	2.12131216	6.24040031	0	100	0	0	3
7730	1734	0	3.01953125	26.4983537	24.4778093	22.4895792	26.6908424	2.12131216	6.24040031	0	100	0	0	3
7735	1735	0	3.02148438	26.4874617	24.4814624	22.4895792	26.6908424	2.12131216	6.24040031	0	100	0	0	3
7740	1736	0	3.0234375	26.4798676	24.4852586	22.4895792	26.6908424	2.12131216	6.24040031	0	100	0	0	3
7745	1738	0	3.02539062	26.4749397	24.4892052	22.4895792	26.6908424	2.12131216	6.24040031	0	100	0	0	3
7750	1739	0	3.02734375	26.4720417	24.4933035	22.4895792	26.6908424	2.12131216	6.24040031	0	100	0	0	3
7755	1740	0	3.02929688	26.4703637	24.497548	22.4895792	26.6908424	2.12131216	6.24040031	0	100	0	0	3
7760	1741	0	3.03125	26.4690427	24.5019256	22.4895792	26.6908424	2.12131216	6.24040031	0	100	0	0	3
7765	1742	0	3.03320312	26.4673569	24.5064173	22.4895792	26.6908424	2.12131216	6.24040031	0	100	0	0	3
7770	1743	0	3.03515625	26.4648962	24.5109996	22.4895792	26.6908424	2.12131216	6.24040031	0	100	0	0	3
7775	1744	0	3.03710938	26.4614738	24.5156463	22.4895792	26.6908424	2.12131216	6.24040031	0	100	0	0	3
7780	1746	0	3.0390625	26.4573371	24.5203313	22.4895792	26.6908424	2.12131216	6.24040031	0	100	0	0	3
7785	1747	0	3.04101562	26.4528691	24.52503	22.4895792	26.6908424	2.12131216	6.24040031	0	100	0	0	3
7790	1748	0	3.04296875	26.448508	24.5297207	22.4895792	26.6908424	2.12131216	6.24040031	0	100	0	0	3
7795	1749	0	3.04492188	26.4446008	24.5392693	22.4895792	26.6908424	2.12131216	6.24040031	0	100	0	0	3
7800	1750	0	3.046875	26.4412051	24.548804	22.4895792	26.6908424	2.12131216	6.24040031	0	100	0	0	3
7805	1753	0	3.04882812	26.4381577	24.558298	22.4895792	26.6908424	2.12131216	6.24040031	0	100	0	0	3
7810	1754	0	3.05078125	26.435112	24.5677366	22.4895792	26.6908424	2.12131216	6.24040031	0	100	0	0	3
7815	1755	0	3.05273438	26.4315744	24.5770872	22.4895792	26.6908424	2.12131216	6.24040031	0	100	0	0	3
7820	1756	0	3.0546875	26.4269441	24.5863177	22.4895792	26.6908424	2.12131216	6.24040031	0	100	0	0	3
7825	1757	0	3.05664062	26.4205033	24.5954428	22.4895792	26.6908424	2.12131216	6.24040031	0	100	0	0	3
7830	1759	0	3.05859375	26.411809	24.6044814	22.4895792	26.6908424	2.12131216	6.24040031	0	100	0	0	3
7835	1760	0	3.06054688	26.4008254	24.6134452	22.4895792	26.6908424	2.12131216	6.24040031	0	100	0	0	3
7840	1761	0	3.0625	26.3877778	24.6223481	22.4895792	26.6908424	2.12131216	6.24040031	0	100	0	0	3
7845	1762	0	3.06445312	26.3729996	24.6312084	22.4895792	26.6908424	2.12131216	6.24040031	0	100	0	0	3
7850	1763	0	3.06640625	26.2587897	24.6396631	22.4895792	26.6908424	2.12131216	6.24040031	0	100	0	0	3
7855	1765	0	3.06835938	26.2404339	24.6481117	22.4895792	26.6908424	2.12131216	6.24040031	0	100	0	0	3
7860	1766	0	3.0703125	26.2223602	24.6565773	22.4895792	26.6908424	2.12131216	6.24040031	0	100	0	0	3
7865	1767	0	3.07226562	26.2043175	24.6650769	22.4895792	26.6908424	2.12131216	6.24040031	0	100	0	0	3
7870	1768	0	3.07421875	26.1858227	24.673619	22.4895792	26.6908424	2.12131216	6.24040031	0	100	0	0	3
7875	1769	0	3.07617188	26.1670788	24.6822079	22.4895792	26.6908424	2.12131216	6.24040031	0	100	0	0	3
7880	1770	0	3.078125	26.148793	24.690849	22.4895792	26.6908424	2.12131216	6.24040031	0	100	0	0	3
7885	1772	0	3.08007812	26.1315702	24.6995507	22.4895792	26.6908424	2.12131216	6.24040031	0	100	0	0	3
7890	1773	0	3.08203125	26.1155936	24.708322	22.4895792	26.6908424	2.12131216	6.24040031	0	100	0	0	3
7895	1774	0	3.08398438	26.1011061	24.7171765	22.4895792	26.6908424	2.12131216	6.24040031	0	100	0	0	3
7900	1775	0	3.0859375	26.0883254	24.726126	22.4895792	26.6908424	2.12131216	6.24040031	0	100	0	0	3
7905	1778	0	3.08789062	26.0773402	24.7351806	22.4895792	26.6908424	2.12131216	6.24040031	0	100	0	0	3
7910	1779	0	3.08984375	26.067996	24.744347	22.4895792	26.6908424	2.12131216	6.24040031	0	100	0	0	3
7915	1780	0	3.09179688	26.0598453	24.7536246	22.4895792	26.6908424	2.12131216	6.24040031	0	100	0	0	3
7920	1781	0	3.09375	26.0523657	24.763005	22.4895792	26.6908424	2.12131216	6.24040031	0	100	0	0	3
7925	1782	0	3.09570312	26.0449518	24.7724712	22.4895792	26.6908424	2.12131216	6.24040031	0	100	0	0	3
7930	1783	0	3.09765625	26.0370802	24.7819985	22.4895792	26.6908424	2.12131216	6.24040031	0	100	0	0	3
7935	1784	0	3.09960938	26.0283507	24.7915567	22.4895792	26.6908424	2.12131216	6.24040031	0	100	0	0	3
7940	1786	0	3.1015625	26.0185982	24.8011118	22.4895792	26.6908424	2.12131216	6.24040031	0	100	0	0	3
7945	1787	0	3.10351562	26.0079295	24.810628	22.4895792	26.6908424	2.12131216	6.24040031	0	100	0	0	3
7950	1788	0	3.10546875	25.9966415	24.8200707	22.4895792	26.6908424	2.12131216	6.24040031	0	100	0	0	3
7955	1789	0	3.10742188	25.9851013	24.8294081	22.4895792	26.6908424	2.12131216	6.24040031	0	100	0	0	3
7960	1790	0	3.109375	25.973629	24.8386117	22.4895792	26.6908424	2.12131216	6.24040031	0	100	0	0	3
7965	1792	0	3.11132812	25.9624432	24.8514355	22.4895792	26.6908424	2.12131216	6.24040031	0	100	0	0	3
7970	1793	0	3.11328125	25.9516384	24.8641002	22.4895792	26.6908424	2.12131216	6.24040031	0	100	0	0	3
7975	1794	0	3.11523438	25.9412009	24.8765939	22.4895792	26.6908424	2.12131216	6.24040031	0	100	0	0	3
7980	1795	0	3.1171875	25.9310487	24.8888801	22.4895792	26.6908424	2.12131216	6.24040031	0	100	0	0	3
7985	1796	0	3.11914062	25.9210877	24.9009326	22.4895792	26.6908424	2.12131216	6.24040031	0	100	0	0	3
7990	1798	0	3.12109375	25.9112033	24.9127748	22.4895792	26.6908424	2.12131216	6.24040031	0	100	0	0	3
7995	1799	0	3.12304688	25.9013278	24.9244389	22.4895792	26.6908424	2.12131216	6.24040031	0	100	0	0	3
8000	1800	0	3.125	25.8914337	24.9359496	22.4895792	26.6908424	2.12131216	6.24040031	0	100	0	0	3
8005	1802	0	3.12695312	25.8816276	24.947333	22.4895792	26.6908424	2.12131216	6.24040031	0	100	0	0	3
8010	1803	0	3.12890625	25.872031	24.9586207	22.4895792	26.6908424	2.12131216	6.24040031	0	100	0	0	3
8015	1805	0	3.13085938	25.8627813	24.9698472	22.4895792	26.6908424	2.12131216	6.24040031	0	100	0	0	3
8020	1806	0	3.1328125	25.515014	24.9797188	22.4895792	26.6908424	2.12131216	6.24040031	0	100	0	0	3
8025	1807	0	3.13476562	25.5041262	24.9895742	22.4895792	26.6908424	2.12131216	6.24040031	0	100	0	0	3
8030	1809	0	3.13671875	25.4962408	24.9994444	22.4895792	26.6908424	2.12131216	6.24040031	0	100	0	0	3
8035	1810	0	3.13867188	25.4893205	25.0093447	22.4895792	26.6908424	2.12131216	6.24040031	0	100	0	0	3
8040	1811	0	3.140625	25.4825195	25.0192794	22.4895792	26.6908424	2.12131216	6.24040031	0	100	0	0	3
8045	1812	0	3.14257812	25.4752472	25.0292455	22.4895792	26.6908424	2.12131216	6.24040031	0	100	0	0	3
8050	1814	0	3.14453125	25.4681625	25.0392412	22.4895792	26.6908424	2.12131216	6.24040031	0	100	0	0	3
8055	1815	0	3.14648438	25.461071	25.0492647	22.4895792	26.6908424	2.12131216	6.24040031	0	100	0	0	3
8060	1816	0	3.1484375	25.4532355	25.0593139	22.4895792	26.6908424	2.12131216	6.24040031	0	100	0	0	3
8065	1817	0	3.15039062	25.4444787	25.0693897	22.4895792	26.6908424	2.12131216	6.24040031	0	100	0	0	3
8070	1818	0	3.15234375	25.4350344	25.0794957	22.4895792	26.6908424	2.11614874	6.24040031	0	100	0	0	3
8075	1820	0	3.15429688	25.4252349	25.0896351	22.4895792	26.6908424	2.11080218	6.24040031	0	100	0	0	3
8080	1821	0	3.15625	25.4152682	25.0998076	22.4895792	26.6908424	2.10531838	6.24040031	0	100	0	0	3
8085	1822	0	3.15820312	25.4050749	25.1100068	22.4895792	26.6908424	2.09968956	6.24040031	0	100	0	0	3
8090	1823	0	3.16015625	25.394422	25.1202189	22.4895792	26.6908424	2.09391566	6.24040031	0	100	0	0	3
8095	1825	0	3.16210938	25.3831478	25.1304242	22.4895792	26.6908424	2.08801367	6.24040031	0	100	0	0	3
8100	1826	0	3.1640625	25.3711345	25.1405981	22.4895792	26.6908424	2.0820371	6.24040031	0	100	0	0	3
8105	1828	0	3.16601562	25.3584115	25.1507123	22.4895792	26.6908424	2.07602795	6.24040031	0	100	0	0	3
8110	1829	0	3.16796875	25.3451591	25.1607368	22.4895792	26.6908424	2.06999811	6.24040031	0	100	0	0	3
8115	1830	0	3.16992188	25.3315329	25.1706407	22.4895792	26.6908424	2.06394942	6.24040031	0	100	0	0	3
8120	1832	0	3.171875	25.3175712	25.1803929	22.4895792	26.6908424	2.05787993	6.24040031	0	100	0	0	3
8125	1833	0	3.17382812	25.3034336	25.1899645	22.4895792	26.6908424	2.05021876	6.24040031	0	100	0	0	3
8130	1834	0	3.17578125	25.2893219	25.200901	22.5290291	26.6908424	2.04252293	6.24040031	0	100	0	0	3
8135	1836	0	3.17773438	25.2754223	25.2116291	22.5707877	26.6908424	2.03478852	6.24040031	0	100	0	0	3
8140	1837	0	3.1796875	25.2620693	25.2221419	22.6165723	26.6908424	2.02701724	6.24040031	0	100	0	0	3
8145	1838	0	3.18164062	25.2495299	25.2324269	22.6621306	26.6908424	2.01919379	6.24040031	0	100	0	0	3
8150	1839	0	3.18359375	25.2380532	25.2424891	22.7060238	26.6908424	2.01130003	6.24040031	0	100	0	0	3
8155	1840	0	3.18554688	25.2278829	25.2523401	22.7486533	26.6908424	2.00332302	6.24040031	0	100	0	0	3
8160	1842	0	3.1875	25.2192401	25.2619908	22.7880789	26.6908424	1.99524388	6.24040031	0	100	0	0	3
8165	1843	0	3.18945312	25.2123564	25.2714607	22.8216058	26.6908424	1.98703236	6.24040031	0	100	0	0	3
8170	1844	0	3.19140625	25.2073221	25.2807799	22.8476692	26.6908424	1.97865008	6.24040031	0	100	0	0	3
8175	1845	0	3.19335938	25.2042031	25.2899851	22.866442	26.6908424	1.97006001	6.24040031	0	100	0	0	3
8180	1847	0	3.1953125	25.2029483	25.2991121	22.8789879	26.6908424	1.9612338	6.24040031	0	100	0	0	3
8185	1848	0	3.19726562	24.7878127	25.3065684	22.8865707	26.6908424	1.95215536	6.24040031	0	100	0	0	3
8190	1849	0	3.19921875	24.7856475	25.3139867	22.8905798	26.6908424	1.94282301	6.24040031	0	100	0	0	3
8195	1850	0	3.20117188	24.7882869	25.3213996	22.892547	26.6908424	1.93324936	6.24040031	0	100	0	0	3
8200	1852	0	3.203125	24.7929204	25.3288229	22.8941199	26.6908424	1.92346027	6.24040031	0	100	0	0	3
8205	1854	0	3.20507812	24.7992179	25.3362647	22.8966485	26.6908424	1.91349204	6.24040031	0	100	0	0	3
8210	1855	0	3.20703125	24.8061959	25.3437239	22.9008101	26.6908424	1.90338704	6.24040031	0	100	0	0	3
8215	1856	0	3.20898438	24.8117546	25.3511885	22.9067587	26.6908424	1.89319046	6.24040031	0	100	0	0	3
8220	1858	0	3.2109375	24.8160225	25.3586466	22.913932	26.6908424	1.88294722	6.24040031	0	100	0	0	3
8225	1859	0	3.21289062	24.8187428	25.3660872	22.921354	26.6908424	1.87269825	6.24040031	0	100	0	0	3
8230	1860	0	3.21484375	24.8192011	25.3735007	22.9279192	26.6908424	1.86247754	6.24040031	0	100	0	0	3
8235	1861	0	3.21679688	24.8171368	25.3808805	22.9329004	26.6908424	1.84437632	6.24040031	0	100	0	0	3
8240	1862	0	3.21875	24.8128479	25.388224	22.9364017	26.6908424	1.82630758	6.24040031	0	100	0	0	3
8245	1864	0	3.22070312	24.8066706	25.3955297	22.9392079	26.6908424	1.80835962	6.24040031	0	100	0	0	3
8250	1865	0	3.22265625	24.7988904	25.4027941	22.9424422	26.6908424	1.79052425	6.24040031	0	100	0	0	3
8255	1866	0	3.22460938	24.7898752	25.4100107	22.9472003	26.6908424	1.77281	6.24040031	0	100	0	0	3
8260	1867	0	3.2265625	24.7799707	25.4171699	22.9545281	26.6908424	1.7552506	6.24040031	0	100	0	0	3
8265	1869	0	3.22851562	24.7694602	25.4242595	22.965462	26.6908424	1.73785596	6.24040031	0	100	0	0	3
8270	1870	0	3.23046875	24.7585613	25.4312638	22.9807672	26.6908424	1.72063726	6.24040031	0	100	0	0	3
8275	1871	0	3.23242188	24.7474281	25.4381648	23.0009409	26.6908424	1.7035836	6.24040031	0	100	0	0	3
8280	1872	0	3.234375	24.7360877	25.4449427	23.0255456	26.6908424	1.68666651	6.24040031	0	100	0	0	3
8285	1874	0	3.23632812	24.7244461	25.4515791	23.0531113	26.6908424	1.66984801	6.24040031	0	100	0	0	3
8290	1875	0	3.23828125	24.7123723	25.4580606	23.2659503	26.6908424	1.65380618	6.24040031	0	100	0	0	3
8295	1876	0	3.24023438	24.699834	25.4636617	23.2985575	26.6908424	1.63779829	6.24040031	0	100	0	0	3
8300	1877	0	3.2421875	24.6870861	25.4690856	23.3283593	26.6908424	1.62177693	6.24040031	0	100	0	0	3
8305	1880	0	3.24414062	24.6745209	25.474344	23.3581197	26.6908424	1.60570833	6.24040031	0	100	0	0	3
8310	1881	0	3.24609375	24.6628094	25.4794405	23.391458	26.6908424	1.58958792	6.24040031	0	100	0	0	3
8315	1882	0	3.24804688	24.6524373	25.4843662	23.4261547	26.6908424	1.57341777	6.24040031	0	100	0	0	3
8320	1883	0	3.25	24.6439627	25.4891233	23.4589794	26.6908424	1.55719469	6.24040031	0	100	0	0	3
8325	1885	0	3.25195312	24.6377761	25.4937279	23.4886392	26.6908424	1.54091076	6.24040031	0	100	0	0	3
8330	1886	0	3.25390625	24.6342193	25.4982029	23.5153289	26.6908424	1.52455548	6.24040031	0	100	0	0	3
8335	1887	0	3.25585938	24.633406	25.5025703	23.5393383	26.6908424	1.50811495	6.24040031	0	100	0	0	3
8340	1888	0	3.2578125	24.6353678	25.5068517	23.5606525	26.6908424	1.49157045	6.24040031	0	100	0	0	3
8345	1889	0	3.25976562	24.6400472	25.5110681	23.5791241	26.6908424	1.47490022	6.24040031	0	100	0	0	3
8350	1891	0	3.26171875	24.6471693	25.5152401	23.5949643	26.6908424	1.45808622	6.24040031	0	100	0	0	3
8355	1892	0	3.26367188	24.3208468	25.5180756	23.608834	26.6908424	1.44112021	6.24040031	0	100	0	0	3
8360	1893	0	3.265625	24.3307061	25.5208954	23.6217253	26.6908424	1.42400846	6.24040031	0	100	0	0	3
8365	1894	0	3.26757812	24.3430827	25.5237132	23.6349012	26.6908424	1.40677346	6.24040031	0	100	0	0	3
8370	1895	0	3.26953125	24.357152	25.5265345	23.6496277	26.6908424	1.38945387	6.24040031	0	100	0	0	3
8375	1897	0	3.27148438	24.3718863	25.5293559	23.665967	26.6908424	1.37209916	6.24040031	0	100	0	0	3
8380	1898	0	3.2734375	24.3848795	25.5321641	23.6843925	26.6908424	1.3547667	6.24040031	0	100	0	0	3
8385	1899	0	3.27539062	24.3965335	25.5349459	23.7051845	26.6908424	1.33751231	6.24040031	0	100	0	0	3
8390	1900	0	3.27734375	24.406609	25.5376858	23.7274858	26.6908424	1.32038332	6.24040031	0	100	0	0	3
8395	1902	0	3.27929688	24.4141841	25.5403683	23.7500332	26.6908424	1.30342077	6.24040031	0	100	0	0	3
8400	1903	0	3.28125	24.4187469	25.5429804	23.7719847	26.6908424	1.28666349	6.24040031	0	100	0	0	3
8405	1905	0	3.28320312	24.4203588	25.5455131	23.7926084	26.6908424	1.2641042	6.24040031	0	100	0	0	3
8410	1906	0	3.28515625	24.4196428	25.5479625	23.8119348	26.6908424	1.24182176	6.24040031	0	100	0	0	3
8415	1907	0	3.28710938	24.4168679	25.5503255	23.8299492	26.6908424	1.21982424	6.24040031	0	100	0	0	3
8420	1908	0	3.2890625	24.4125202	25.5526012	23.847056	26.6908424	1.19811935	6.24040031	0	100	0	0	3
8425	1910	0	3.29101562	24.4072638	25.5547895	23.8635285	26.6908424	1.17673462	6.24040031	0	100	0	0	3
8430	1911	0	3.29296875	24.4017133	25.5568918	23.8799111	26.6908424	1.15566797	6.24040031	0	100	0	0	3
8435	1912	0	3.29492188	24.3963395	25.5589091	23.8965702	26.6908424	1.13491178	6.24040031	0	100	0	0	3
8440	1913	0	3.296875	24.3913742	25.5608419	23.9133614	26.6908424	1.13381345	6.24040031	0	100	0	0	3
8445	1914	0	3.29882812	24.3867442	25.562691	23.9301361	26.6908424	1.1356626	6.24040031	0	100	0	0	3
8450	1916	0	3.30078125	24.3821878	25.5644569	23.9463569	26.6908424	1.13742843	6.24040031	0	100	0	0	3
8455	1917	0	3.30273438	24.3773535	25.5661405	23.9617223	26.6908424	1.13911201	6.24040031	0	100	0	0	3
8460	1918	0	3.3046875	24.3719156	25.5677428	24.3208468	26.6908424	1.14071433	6.24040031	0	100	0	0	3
8465	1919	0	3.30664062	24.3658257	25.5669646	24.3208468	26.6908424	1.14071433	6.24040031	0	100	0	0	3
8470	1921	0	3.30859375	24.3593965	25.5661079	24.3208468	26.6908424	1.14071433	6.24040031	0	100	0	0	3
8475	1922	0	3.31054688	24.353164	25.5651981	24.3208468	26.6908424	1.14071433	6.24040031	0	100	0	0	3
8480	1923	0	3.3125	24.3477254	25.5642204	24.3208468	26.6908424	1.14071433	6.24040031	0	100	0	0	3
8485	1924	0	3.31445312	24.3436336	25.5631645	24.3208468	26.6908424	1.14071433	6.24040031	0	100	0	0	3
8490	1926	0	3.31640625	24.3414129	25.562045	24.3208468	26.6908424	1.14071433	6.24040031	0	100	0	0	3
8495	1927	0	3.31835938	24.3414959	25.5608846	24.3208468	26.6908424	1.14071433	6.24040031	0	100	0	0	3
8500	1928	0	3.3203125	24.3441368	25.559697	24.3208468	26.6908424	1.14071433	6.24040031	0	100	0	0	3
8505	1931	0	3.32226562	24.3493427	25.5584879	24.3208468	26.6908424	1.14071433	6.24040031	0	100	0	0	3
8510	1932	0	3.32421875	24.3570489	25.5572558	24.3208468	26.6908424	1.14071433	6.24040031	0	100	0	0	3
8515	1933	0	3.32617188	24.3670976	25.5560009	24.3208468	26.6908424	1.14071433	6.24040031	0	100	0	0	3
8520	1934	0	3.328125	24.2287162	25.5541399	24.2287162	26.6908424	1.14071433	6.24040031	0	100	0	0	3
8525	1935	0	3.33007812	24.2413438	25.5522619	24.2287162	26.6908424	1.14071433	6.24040031	0	100	0	0	3
8530	1937	0	3.33203125	24.2563885	25.5503744	24.2287162	26.6908424	1.14071433	6.24040031	0	100	0	0	3
8535	1938	0	3.33398438	24.272019	25.5484747	24.2287162	26.6908424	1.14071433	6.24040031	0	100	0	0	3
8540	1939	0	3.3359375	24.2864467	25.5465524	24.2287162	26.6908424	1.14071433	6.24040031	0	100	0	0	3
8545	1940	0	3.33789062	24.3002326	25.5446014	24.2287162	26.6908424	1.14071433	6.24040031	0	100	0	0	3
8550	1942	0	3.33984375	24.314068	25.5426183	24.2287162	26.6908424	1.14071433	6.24040031	0	100	0	0	3
8555	1943	0	3.34179688	24.3273778	25.5405995	24.2287162	26.6908424	1.14071433	6.24040031	0	100	0	0	3
8560	1944	0	3.34375	24.3386932	25.5385343	24.2287162	26.6908424	1.14071433	6.24040031	0	100	0	0	3
8565	1945	0	3.34570312	24.3472604	25.5364097	24.2287162	26.6908424	1.14071433	6.24040031	0	100	0	0	3
8570	1946	0	3.34765625	24.3530792	25.5342133	24.2287162	26.6908424	1.14071433	6.24040031	0	100	0	0	3
8575	1948	0	3.34960938	24.3565657	25.5319357	24.2287162	26.6908424	1.14071433	6.24040031	0	100	0	0	3
8580	1949	0	3.3515625	24.358293	25.5295709	24.2287162	26.6908424	1.14071433	6.24040031	0	100	0	0	3
8585	1950	0	3.35351562	24.3587651	25.5271176	24.2287162	26.6908424	1.14071433	6.24040031	0	100	0	0	3
8590	1952	0	3.35546875	24.3585938	25.5245792	24.2287162	26.6908424	1.14071433	6.24040031	0	100	0	0	3
8595	1953	0	3.35742188	24.35841	25.5219643	24.2287162	26.6908424	1.14071433	6.24040031	0	100	0	0	3
8600	1954	0	3.359375	24.3587343	25.5192849	24.2287162	26.6908424	1.14071433	6.24040031	0	100	0	0	3
8605	1956	0	3.36132812	24.3598548	25.516556	24.2287162	26.6908424	1.14071433	6.24040031	0	100	0	0	3
8610	1958	0	3.36328125	24.3617741	25.5137928	24.2287162	26.6908424	1.14071433	6.24040031	0	100	0	0	3
8615	1959	0	3.36523438	24.3642271	25.5110101	24.2287162	26.6908424	1.14071433	6.24040031	0	100	0	0	3
8620	1960	0	3.3671875	24.3667622	25.5082205	24.2287162	26.6908424	1.14071433	6.24040031	0	100	0	0	3
8625	1961	0	3.36914062	24.3689614	25.5054354	24.2287162	26.6908424	1.14071433	6.24040031	0	100	0	0	3
8630	1963	0	3.37109375	24.3705466	25.4999115	24.2287162	26.6908424	1.14071433	6.24040031	0	100	0	0	3
8635	1964	0	3.37304688	24.3715018	25.4943859	24.2287162	26.6908424	1.14071433	6.24040031	0	100	0	0	3
8640	1965	0	3.375	24.3721007	25.4889042	24.2287162	26.6908424	1.14071433	6.24040031	0	100	0	0	3
8645	1966	0	3.37695312	24.3727458	25.4834573	24.2287162	26.6908424	1.14071433	6.24040031	0	100	0	0	3
8650	1968	0	3.37890625	24.3738848	25.4780337	24.2287162	26.6908424	1.14071433	6.24040031	0	100	0	0	3
8655	1969	0	3.38085938	24.3759575	25.4726447	24.2287162	26.6908424	1.14071433	6.24040031	0	100	0	0	3
8660	1970	0	3.3828125	24.379266	25.467307	24.2287162	26.6908424	1.14071433	6.24040031	0	100	0	0	3
8665	1971	0	3.38476562	24.3840316	25.4620251	24.2287162	26.6908424	1.14071433	6.24040031	0	100	0	0	3
8670	1973	0	3.38671875	24.3903937	25.4567931	24.2287162	26.6908424	1.14071433	6.24040031	0	100	0	0	3
8675	1974	0	3.38867188	24.3982938	25.4515952	24.2287162	26.6908424	1.14071433	6.24040031	0	100	0	0	3
8680	1975	0	3.390625	24.4075877	25.4464167	24.2287162	26.6908424	1.14071433	6.24040031	0	100	0	0	3
8685	1977	0	3.39257812	24.4653448	25.441432	24.2287162	26.6908424	1.14071433	6.24040031	0	100	0	0	3
8690	1978	0	3.39453125	24.4766997	25.4364492	24.2287162	26.6908424	1.14071433	6.24040031	0	100	0	0	3
8695	1979	0	3.39648438	24.4873285	25.4314553	24.2287162	26.6908424	1.14071433	6.24040031	0	100	0	0	3
8700	1980	0	3.3984375	24.4978925	25.4264414	24.2287162	26.6908424	1.14071433	6.24040031	0	100	0	0	3
8705	1982	0	3.40039062	24.5092926	25.4214033	24.2287162	26.6908424	1.14071433	6.24040031	0	100	0	0	3
8710	1983	0	3.40234375	24.5211061	25.4163395	24.2287162	26.6908424	1.14071433	6.24040031	0	100	0	0	3
8715	1985	0	3.40429688	24.5324983	25.4112485	24.2287162	26.6908424	1.14071433	6.24040031	0	100	0	0	3
8720	1986	0	3.40625	24.5430147	25.4061287	24.2287162	26.6908424	1.14071433	6.24040031	0	100	0	0	3
8725	1987	0	3.40820312	24.5525321	25.4009769	24.2287162	26.6908424	1.14071433	6.24040031	0	100	0	0	3
8730	1988	0	3.41015625	24.5609463	25.395788	24.2287162	26.6908424	1.14071433	6.24040031	0	100	0	0	3
8735	1989	0	3.41210938	24.5682011	25.3905547	24.2287162	26.6908424	1.14071433	6.24040031	0	100	0	0	3
8740	1991	0	3.4140625	24.574218	25.3852705	24.2287162	26.6908424	1.14071433	6.24040031	0	100	0	0	3
8745	1992	0	3.41601562	24.5791659	25.3799309	24.2287162	26.6908424	1.14071433	6.24040031	0	100	0	0	3
8750	1993	0	3.41796875	24.5834639	25.374534	24.2287162	26.6908424	1.14071433	6.24040031	0	100	0	0	3
8755	1995	0	3.41992188	24.5875097	25.3690819	24.2287162	26.6908424	1.14071433	6.24040031	0	100	0	0	3
8760	1996	0	3.421875	24.5916359	25.3635825	24.2287162	26.6908424	1.14071433	6.24040031	0	100	0	0	3
8765	1997	0	3.42382812	24.5961435	25.3580486	24.2287162	26.6908424	1.14071433	6.24040031	0	100	0	0	3
8770	1999	0	3.42578125	24.6012624	25.3524971	24.2287162	26.6908424	1.14071433	6.24040031	0	100	0	0	3
8775	2000	0	3.42773438	24.6071433	25.3469486	24.2287162	26.6908424	1.14071433	6.24040031	0	100	0	0	3
8780	2001	0	3.4296875	24.6137904	25.3414243	24.2287162	26.6908424	1.14071433	6.24040031	0	100	0	0	3
8785	2002	0	3.43164062	24.6210817	25.3359427	24.2287162	26.6908424	1.14071433	6.24040031	0	100	0	0	3
8790	2004	0	3.43359375	24.628664	25.33052	24.2287162	26.6908424	1.14071433	6.24040031	0	100	0	0	3
8795	2005	0	3.43554688	24.6360124	25.3251699	24.2287162	26.6908424	1.14071433	6.24040031	0	100	0	0	3
8800	2006	0	3.4375	24.6426884	25.317699	24.2287162	26.6908424	1.14071433	6.24040031	0	100	0	0	3
8805	2009	0	3.43945312	24.6485861	25.3103245	24.2287162	26.6908424	1.14071433	6.24040031	0	100	0	0	3
8810	2010	0	3.44140625	24.6539157	25.3030536	24.2287162	26.6908424	1.14071433	6.24040031	0	100	0	0	3
8815	2011	0	3.44335938	24.6589396	25.2958789	24.2287162	26.6908424	1.14071433	6.24040031	0	100	0	0	3
8820	2012	0	3.4453125	24.6638422	25.2888054	24.2287162	26.6908424	1.14071433	6.24040031	0	100	0	0	3
8825	2014	0	3.44726562	24.668804	25.2818373	24.2287162	26.6908424	1.14071433	6.24040031	0	100	0	0	3
8830	2015	0	3.44921875	24.6739585	25.2749737	24.2287162	26.6908424	1.14071433	6.24040031	0	100	0	0	3
8835	2016	0	3.45117188	24.6793552	25.2682042	24.2287162	26.6908424	1.14071433	6.24040031	0	100	0	0	3
8840	2017	0	3.453125	24.6849761	25.2615092	24.2287162	26.6908424	1.14071433	6.24040031	0	100	0	0	3
8845	2019	0	3.45507812	24.690695	25.2548658	24.2287162	26.6908424	1.14071433	6.24040031	0	100	0	0	3
8850	2020	0	3.45703125	24.6962566	25.2482547	24.2287162	26.6908424	1.14071433	6.24040031	0	100	0	0	3
8855	2021	0	3.45898438	24.8914799	25.2424027	24.2287162	26.6908424	1.14071433	6.24040031	0	100	0	0	3
8860	2023	0	3.4609375	24.8967501	25.236556	24.2287162	26.6908424	1.14071433	6.24040031	0	100	0	0	3
8865	2024	0	3.46289062	24.8994124	25.2306946	24.2287162	26.6908424	1.14071433	6.24040031	0	100	0	0	3
8870	2025	0	3.46484375	24.9038039	25.2248185	24.2287162	26.6908424	1.14071433	6.24040031	0	100	0	0	3
8875	2026	0	3.46679688	24.9095114	25.2189291	24.2287162	26.6908424	1.14071433	6.24040031	0	100	0	0	3
8880	2028	0	3.46875	24.9146995	25.2130242	24.2287162	26.6908424	1.14071433	6.24040031	0	100	0	0	3
8885	2029	0	3.47070312	24.9187705	25.2071019	24.2287162	26.6908424	1.14071433	6.24040031	0	100	0	0	3
8890	2030	0	3.47265625	24.9224614	25.2011638	24.2287162	26.6908424	1.14071433	6.24040031	0	100	0	0	3
8895	2031	0	3.47460938	24.9266056	25.195214	24.2287162	26.6908424	1.14071433	6.24040031	0	100	0	0	3
8900	2033	0	3.4765625	24.9315201	25.1892557	24.2287162	26.6908424	1.14071433	6.24040031	0	100	0	0	3
8905	2035	0	3.47851562	24.9369185	25.1832891	24.2287162	26.6908424	1.13944693	6.24040031	0	100	0	0	3
8910	2036	0	3.48046875	24.9424158	25.1773121	24.2287162	26.6908424	1.13804002	6.24040031	0	100	0	0	3
8915	2037	0	3.48242188	24.9479286	25.1713234	24.2287162	26.6908424	1.13652707	6.24040031	0	100	0	0	3
8920	2039	0	3.484375	24.9536006	25.1653243	24.2287162	26.6908424	1.13491369	6.24040031	0	100	0	0	3
8925	2040	0	3.48632812	24.9595528	25.1593198	24.2287162	26.6908424	1.13321792	6.24040031	0	100	0	0	3
8930	2041	0	3.48828125	24.9657885	25.1533192	24.2287162	26.6908424	1.13145145	6.24040031	0	100	0	0	3
8935	2043	0	3.49023438	24.9723104	25.1473355	24.2287162	26.6908424	1.12962099	6.24040031	0	100	0	0	3
8940	2044	0	3.4921875	24.9791736	25.1413834	24.2287162	26.6908424	1.12774136	6.24040031	0	100	0	0	3
8945	2045	0	3.49414062	24.9864508	25.1354789	24.2287162	26.6908424	1.12582493	6.24040031	0	100	0	0	3
8950	2046	0	3.49609375	24.9942295	25.1296396	24.2287162	26.6908424	1.1238767	6.24040031	0	100	0	0	3
8955	2048	0	3.49804688	25.0025355	25.1238804	24.2287162	26.6908424	1.12189542	6.24040031	0	100	0	0	3
8960	2049	0	3.5	25.0111761	25.1182141	24.2287162	26.6908424	1.11891491	6.24040031	0	100	0	0	3
8965	2050	0	3.50195312	25.0198273	25.1116867	24.2287162	26.6724039	1.11589208	6.24040031	0	100	0	0	3
8970	2052	0	3.50390625	25.0282249	25.1052642	24.2287162	26.6499043	1.11283436	6.24040031	0	100	0	0	3
8975	2053	0	3.50585938	25.0361642	25.0989605	24.2287162	26.6256445	1.10974185	6.24040031	0	100	0	0	3
8980	2054	0	3.5078125	25.0434918	25.0927802	24.2287162	26.6015536	1.10660741	6.24040031	0	100	0	0	3
8985	2056	0	3.50976562	25.0500885	25.0867198	24.2287162	26.5777451	1.10342301	6.24040031	0	100	0	0	3
8990	2057	0	3.51171875	25.0558612	25.0807749	24.2287162	26.5541879	1.10018	6.24040031	0	100	0	0	3
8995	2058	0	3.51367188	25.0607426	25.0749412	24.2287162	26.5320279	1.0968644	6.24040031	0	100	0	0	3
9000	2059	0	3.515625	25.064686	25.0692094	24.2287162	26.5131396	1.09345581	6.24040031	0	100	0	0	3
9005	2062	0	3.51757812	25.0676495	25.0635629	24.2287162	26.4983537	1.08993347	6.24040031	0	100	0	0	3
9010	2063	0	3.51953125	25.0695969	25.0579818	24.2287162	26.4874617	1.08628037	6.24040031	0	100	0	0	3
9015	2064	0	3.52148438	25.0704899	25.0524468	24.2287162	26.4798676	1.08248414	6.24040031	0	100	0	0	3
9020	2066	0	3.5234375	25.3067065	25.0478641	24.2287162	26.4749397	1.07853758	6.24040031	0	100	0	0	3
9025	2067	0	3.52539062	25.3079294	25.0433055	24.2287162	26.4720417	1.07443925	6.24040031	0	100	0	0	3
9030	2068	0	3.52734375	25.3045785	25.0387451	24.2287162	26.4703637	1.0701948	6.24040031	0	100	0	0	3
9035	2069	0	3.52929688	25.3023277	25.0341824	24.2287162	26.4690427	1.06581715	6.24040031	0	100	0	0	3
9040	2071	0	3.53125	25.3018253	25.029623	24.2287162	26.4673569	1.06132543	6.24040031	0	100	0	0	3
9045	2072	0	3.53320312	25.3008126	25.0250662	24.2287162	26.4648962	1.05674312	6.24040031	0	100	0	0	3
9050	2073	0	3.53515625	25.298608	25.0205104	24.2287162	26.4614738	1.05209642	6.24040031	0	100	0	0	3
9055	2075	0	3.53710938	25.2960522	25.0159579	24.2287162	26.4573371	1.04741145	6.24040031	0	100	0	0	3
9060	2076	0	3.5390625	25.2941992	25.0114144	24.2287162	26.4528691	1.04271276	6.24040031	0	100	0	0	3
9065	2077	0	3.54101562	25.2937903	25.0068868	24.2287162	26.448508	1.03802211	6.24040031	0	100	0	0	3
9070	2079	0	3.54296875	25.2947809	25.00238	24.2287162	26.4446008	1.02847351	6.24040031	0	100	0	0	3
9075	2080	0	3.54492188	25.2968263	24.9978965	24.2287162	26.4412051	1.01893881	6.24040031	0	100	0	0	3
9080	2081	0	3.546875	25.2998367	24.9934381	24.2287162	26.4381577	1.00944472	6.24040031	0	100	0	0	3
9085	2082	0	3.54882812	25.3038022	24.989007	24.2287162	26.435112	1.00000614	6.24040031	0	100	0	0	3
9090	2084	0	3.55078125	25.3086112	24.9846066	24.2287162	26.4315744	0.990655548	6.24040031	0	100	0	0	3
9095	2085	0	3.55273438	25.3140567	24.9802413	24.2287162	26.4269441	0.981425083	6.24040031	0	100	0	0	3
9100	2086	0	3.5546875	25.3197741	24.9759164	24.2287162	26.4205033	0.97229998	6.24040031	0	100	0	0	3
9105	2089	0	3.55664062	25.3255407	24.9716392	24.2287162	26.411809	0.963261349	6.24040031	0	100	0	0	3
9110	2090	0	3.55859375	25.3312926	24.9674185	24.2287162	26.4008254	0.954297584	6.24040031	0	100	0	0	3
9115	2092	0	3.56054688	25.3371152	24.9632633	24.2287162	26.3877778	0.94539468	6.24040031	0	100	0	0	3
9120	2093	0	3.5625	25.3431654	24.9591828	24.2287162	26.3729996	0.936534334	6.24040031	0	100	0	0	3
9125	2094	0	3.56445312	25.3495756	24.9551851	24.2287162	26.2587897	0.928079649	6.24040031	0	100	0	0	3
9130	2096	0	3.56640625	25.3563609	24.95166	24.2287162	26.2404339	0.919631095	6.24040031	0	100	0	0	3
9135	2097	0	3.56835938	25.3633664	24.9482339	24.2287162	26.2223602	0.911165459	6.24040031	0	100	0	0	3
9140	2098	0	3.5703125	25.3703041	24.9449056	24.2287162	26.2043175	0.902665827	6.24040031	0	100	0	0	3
9145	2099	0	3.57226562	25.3768067	24.9416731	24.2287162	26.1858227	0.894123813	6.24040031	0	100	0	0	3
9150	2101	0	3.57421875	25.3824865	24.9385351	24.2287162	26.1670788	0.885534898	6.24040031	0	100	0	0	3
9155	2102	0	3.57617188	25.3870043	24.9354879	24.2287162	26.148793	0.876893744	6.24040031	0	100	0	0	3
9160	2103	0	3.578125	25.3901248	24.9325244	24.2287162	26.1315702	0.868192111	6.24040031	0	100	0	0	3
9165	2104	0	3.58007812	25.3917501	24.9296344	24.2287162	26.1155936	0.85942073	6.24040031	0	100	0	0	3
9170	2106	0	3.58203125	25.3918176	24.9268072	24.2287162	26.1011061	0.850566242	6.24040031	0	100	0	0	3
9175	2107	0	3.58398438	25.3903121	24.9240306	24.2287162	26.0883254	0.841616822	6.24040031	0	100	0	0	3
9180	2108	0	3.5859375	25.3873396	24.9212924	24.2287162	26.0773402	0.832562126	6.24040031	0	100	0	0	3
9185	2109	0	3.58789062	25.3830664	24.9185804	24.2287162	26.067996	0.823395778	6.24040031	0	100	0	0	3
9190	2111	0	3.58984375	25.568573	24.9166295	24.2287162	26.0598453	0.814118163	6.24040031	0	100	0	0	3
9195	2112	0	3.59179688	25.5621852	24.9146856	24.2287162	26.0523657	0.804737743	6.24040031	0	100	0	0	3
9200	2113	0	3.59375	25.5550624	24.912743	24.2287162	26.0449518	0.795271524	6.24040031	0	100	0	0	3
9205	2116	0	3.59570312	25.5488908	24.9108052	24.2287162	26.0370802	0.785744264	6.24040031	0	100	0	0	3
9210	2117	0	3.59765625	25.5428224	24.9088745	24.2287162	26.0283507	0.776186078	6.24040031	0	100	0	0	3
9215	2118	0	3.59960938	25.5362816	24.9069524	24.2287162	26.0185982	0.766631006	6.24040031	0	100	0	0	3
9220	2119	0	3.6015625	25.5295582	24.9050421	24.2287162	26.0079295	0.757114739	6.24040031	0	100	0	0	3
9225	2121	0	3.60351562	25.5237096	24.9031506	24.2287162	25.9966415	0.747672095	6.24040031	0	100	0	0	3
9230	2122	0	3.60546875	25.5194861	24.9012867	24.2287162	25.9851013	0.738334671	6.24040031	0	100	0	0	3
9235	2123	0	3.60742188	25.516864	24.8994576	24.2287162	25.973629	0.7291311	6.24040031	0	100	0	0	3
9240	2124	0	3.609375	25.5154545	24.8976679	24.2287162	25.9624432	0.716307275	6.24040031	0	100	0	0	3
9245	2126	0	3.61132812	25.5150421	24.8959202	24.2287162	25.9516384	0.703642549	6.24040031	0	100	0	0	3
9250	2127	0	3.61328125	25.5157008	24.8942174	24.2287162	25.9412009	0.6911489	6.24040031	0	100	0	0	3
9255	2128	0	3.61523438	25.5174133	24.8925619	24.2287162	25.9310487	0.678862685	6.24040031	0	100	0	0	3
9260	2130	0	3.6171875	25.5199037	24.8909559	24.2287162	25.9210877	0.676786866	6.24040031	0	100	0	0	3
9265	2131	0	3.61914062	25.5227292	24.8893998	24.2287162	25.9112033	0.678342954	6.24040031	0	100	0	0	3
9270	2132	0	3.62109375	25.5254815	24.8878931	24.2287162	25.9013278	0.67984968	6.24040031	0	100	0	0	3
9275	2133	0	3.62304688	25.5279547	24.8864346	24.2287162	25.8914337	0.681308169	6.24040031	0	100	0	0	3
9280	2135	0	3.625	25.5301709	24.8850234	24.2287162	25.8816276	0.682719351	6.24040031	0	100	0	0	3
9285	2136	0	3.62695312	25.5323194	24.8836589	24.2287162	25.872031	0.684083836	6.24040031	0	100	0	0	3
9290	2137	0	3.62890625	25.5346483	24.882341	24.2287162	25.8627813	0.685401737	6.24040031	0	100	0	0	3
9295	2138	0	3.63085938	25.5373638	24.8810699	24.2287162	25.568573	0.686672899	6.24040031	0	100	0	0	3
9300	2140	0	3.6328125	25.5405559	24.8811696	24.2287162	25.568573	0.686672899	6.24040031	0	100	0	0	3
9305	2142	0	3.63476562	25.5441832	24.8813261	24.2287162	25.568573	0.686672899	6.24040031	0	100	0	0	3
9310	2143	0	3.63671875	25.5479998	24.8815283	24.2287162	25.568573	0.686672899	6.24040031	0	100	0	0	3
9315	2145	0	3.63867188	25.5515144	24.8817712	24.2287162	25.568573	0.686672899	6.24040031	0	100	0	0	3
9320	2146	0	3.640625	25.5541331	24.882051	24.2287162	25.568573	0.686672899	6.24040031	0	100	0	0	3
9325	2147	0	3.64257812	25.5554668	24.8823643	24.2287162	25.568573	0.686672899	6.24040031	0	100	0	0	3
9330	2149	0	3.64453125	25.5552904	24.8827047	24.2287162	25.568573	0.686672899	6.24040031	0	100	0	0	3
9335	2150	0	3.64648438	25.5534971	24.8830657	24.2287162	25.568573	0.686672899	6.24040031	0	100	0	0	3
9340	2151	0	3.6484375	25.5501844	24.8834444	24.2287162	25.568573	0.686672899	6.24040031	0	100	0	0	3
9345	2153	0	3.65039062	25.545535	24.8838392	24.2287162	25.568573	0.686672899	6.24040031	0	100	0	0	3
9350	2154	0	3.65234375	25.5397502	24.8842482	24.2287162	25.568573	0.686672899	6.24040031	0	100	0	0	3
9355	2155	0	3.65429688	25.6176835	24.885	24.2287162	25.6176835	0.686672899	6.24040031	0	100	0	0	3
9360	2156	0	3.65625	25.6111985	24.8857653	24.2287162	25.6176835	0.686672899	6.24040031	0	100	0	0	3
9365	2158	0	3.65820312	25.6027924	24.8865377	24.2287162	25.6176835	0.686672899	6.24040031	0	100	0	0	3
9370	2159	0	3.66015625	25.5938582	24.8873167	24.2287162	25.6176835	0.686672899	6.24040031	0	100	0	0	3
9375	2160	0	3.66210938	25.5853189	24.8881065	24.2287162	25.6176835	0.686672899	6.24040031	0	100	0	0	3
9380	2162	0	3.6640625	25.5771441	24.8889112	24.2287162	25.6176835	0.686672899	6.24040031	0	100	0	0	3
9385	2163	0	3.66601562	25.5692231	24.8897347	24.2287162	25.6176835	0.686672899	6.24040031	0	100	0	0	3
9390	2164	0	3.66796875	25.5619785	24.8905816	24.2287162	25.6176835	0.686672899	6.24040031	0	100	0	0	3
9395	2165	0	3.66992188	25.5559576	24.8914583	24.2287162	25.6176835	0.686672899	6.24040031	0	100	0	0	3
9400	2167	0	3.671875	25.5513655	24.8923715	24.2287162	25.6176835	0.686672899	6.24040031	0	100	0	0	3
9405	2169	0	3.67382812	25.5480325	24.893327	24.2287162	25.6176835	0.686672899	6.24040031	0	100	0	0	3
9410	2170	0	3.67578125	25.5457113	24.8943285	24.2287162	25.6176835	0.686672899	6.24040031	0	100	0	0	3
9415	2172	0	3.67773438	25.5443104	24.8953789	24.2287162	25.6176835	0.686672899	6.24040031	0	100	0	0	3
9420	2173	0	3.6796875	25.5436707	24.8964789	24.2287162	25.6176835	0.686672899	6.24040031	0	100	0	0	3
9425	2174	0	3.68164062	25.543494	24.8976272	24.2287162	25.6176835	0.686672899	6.24040031	0	100	0	0	3
9430	2176	0	3.68359375	25.5434038	24.8988199	24.2287162	25.6176835	0.686672899	6.24040031	0	100	0	0	3
9435	2177	0	3.68554688	25.5430628	24.9000511	24.2287162	25.6176835	0.686672899	6.24040031	0	100	0	0	3
9440	2178	0	3.6875	25.5422862	24.901313	24.2287162	25.6176835	0.686672899	6.24040031	0	100	0	0	3
9445	2179	0	3.68945312	25.5410783	24.9025971	24.2287162	25.6176835	0.686672899	6.24040031	0	100	0	0	3
9450	2181	0	3.69140625	25.5395862	24.903895	24.2287162	25.6176835	0.686672899	6.24040031	0	100	0	0	3
9455	2182	0	3.69335938	25.5380377	24.905199	24.2287162	25.6176835	0.686672899	6.24040031	0	100	0	0	3
9460	2183	0	3.6953125	25.5366149	24.9065024	24.2287162	25.6176835	0.686672899	6.24040031	0	100	0	0	3
9465	2185	0	3.69726562	25.5354397	24.9094228	24.2287162	25.6176835	0.686672899	6.24040031	0	100	0	0	3
9470	2186	0	3.69921875	25.5345795	24.9123483	24.2287162	25.6176835	0.686672899	6.24040031	0	100	0	0	3
9475	2187	0	3.70117188	25.5339659	24.9152612	24.2287162	25.6176835	0.686672899	6.24040031	0	100	0	0	3
9480	2189	0	3.703125	25.5334249	24.9181537	24.2287162	25.6176835	0.686672899	6.24040031	0	100	0	0	3
9485	2190	0	3.70507812	25.5326967	24.9210189	24.2287162	25.6176835	0.686672899	6.24040031	0	100	0	0	3
9490	2191	0	3.70703125	25.5315029	24.9238521	24.2287162	25.6176835	0.686672899	6.24040031	0	100	0	0	3
9495	2193	0	3.70898438	25.5295858	24.9266562	24.2287162	25.6176835	0.686672899	6.24040031	0	100	0	0	3
9500	2194	0	3.7109375	25.5267713	24.9294325	24.2287162	25.6176835	0.686672899	6.24040031	0	100	0	0	3
9505	2197	0	3.71289062	25.5230399	24.9321837	24.2287162	25.6176835	0.686672899	6.24040031	0	100	0	0	3
9510	2198	0	3.71484375	25.5184989	24.9349153	24.2287162	25.6176835	0.686672899	6.24040031	0	100	0	0	3
9515	2199	0	3.71679688	25.5133109	24.9376347	24.2287162	25.6176835	0.686672899	6.24040031	0	100	0	0	3
9520	2201	0	3.71875	25.4773843	24.9402306	24.2287162	25.6176835	0.686672899	6.24040031	0	100	0	0	3
9525	2202	0	3.72070312	25.4710033	24.9428256	24.2287162	25.6176835	0.686672899	6.24040031	0	100	0	0	3
9530	2203	0	3.72265625	25.4648098	24.9454269	24.2287162	25.6176835	0.686672899	6.24040031	0	100	0	0	3
9535	2205	0	3.72460938	25.4586071	24.9480391	24.2287162	25.6176835	0.686672899	6.24040031	0	100	0	0	3
9540	2206	0	3.7265625	25.4520853	24.9506646	24.2287162	25.6176835	0.686672899	6.24040031	0	100	0	0	3
9545	2207	0	3.72851562	25.4455794	24.9533057	24.2287162	25.6176835	0.686672899	6.24040031	0	100	0	0	3
9550	2208	0	3.73046875	25.4393886	24.9559651	24.2287162	25.6176835	0.686672899	6.24040031	0	100	0	0	3
9555	2210	0	3.73242188	25.4336006	24.9586455	24.2287162	25.6176835	0.686672899	6.24040031	0	100	0	0	3
9560	2211	0	3.734375	25.4282084	24.9613491	24.2287162	25.6176835	0.686672899	6.24040031	0	100	0	0	3
9565	2212	0	3.73632812	25.4232668	24.9640789	24.2287162	25.6176835	0.686672899	6.24040031	0	100	0	0	3
9570	2214	0	3.73828125	25.4189093	24.9668388	24.2287162	25.6176835	0.686672899	6.24040031	0	100	0	0	3
9575	2215	0	3.74023438	25.4151996	24.9696332	24.2287162	25.6176835	0.686672899	6.24040031	0	100	0	0	3
9580	2217	0	3.7421875	25.4120824	24.9724652	24.2287162	25.6176835	0.686672899	6.24040031	0	100	0	0	3
9585	2218	0	3.74414062	25.4094008	24.9753358	24.2287162	25.6176835	0.686672899	6.24040031	0	100	0	0	3
9590	2219	0	3.74609375	25.4069459	24.9782426	24.2287162	25.6176835	0.686672899	6.24040031	0	100	0	0	3
9595	2221	0	3.74804688	25.4045046	24.9811804	24.2287162	25.6176835	0.686672899	6.24040031	0	100	0	0	3
9600	2222	0	3.75	25.4019027	24.9841411	24.2287162	25.6176835	0.686672899	6.24040031	0	100	0	0	3
9605	2224	0	3.75195312	25.3990014	24.9871146	24.2287162	25.6176835	0.686672899	6.24040031	0	100	0	0	3
9610	2226	0	3.75390625	25.3957081	24.9900892	24.2287162	25.6176835	0.686672899	6.24040031	0	100	0	0	3
9615	2227	0	3.75585938	25.3920413	24.9930526	24.2287162	25.6176835	0.686672899	6.24040031	0	100	0	0	3
9620	2228	0	3.7578125	25.3881308	24.9959931	24.2287162	25.6176835	0.686672899	6.24040031	0	100	0	0	3
9625	2230	0	3.75976562	25.384159	24.9988997	24.2287162	25.6176835	0.686672899	6.24040031	0	100	0	0	3
9630	2231	0	3.76171875	25.3802821	25.0017635	24.2287162	25.6176835	0.686672899	6.24040031	0	100	0	0	3
9635	2232	0	3.76367188	25.3765945	25.0058875	24.2287162	25.6176835	0.686672899	6.24040031	0	100	0	0	3
9640	2234	0	3.765625	25.3731337	25.0099595	24.2287162	25.6176835	0.686672899	6.24040031	0	100	0	0	3
9645	2235	0	3.76757812	25.3698808	25.0139704	24.2287162	25.6176835	0.686672899	6.24040031	0	100	0	0	3
9650	2237	0	3.76953125	25.3667737	25.0179142	24.2287162	25.6176835	0.686672899	6.24040031	0	100	0	0	3
9655	2238	0	3.77148438	25.3637266	25.0217886	24.2287162	25.6176835	0.686672899	6.24040031	0	100	0	0	3
9660	2239	0	3.7734375	25.3606508	25.0256002	24.2287162	25.6176835	0.686672899	6.24040031	0	100	0	0	3
9665	2241	0	3.77539062	25.3574964	25.029354	24.2287162	25.6176835	0.686672899	6.24040031	0	100	0	0	3
9670	2242	0	3.77734375	25.3542675	25.0330558	24.2287162	25.6176835	0.686672899	6.24040031	0	100	0	0	3
9675	2243	0	3.77929688	25.3510143	25.0367153	24.2287162	25.6176835	0.686672899	6.24040031	0	100	0	0	3
9680	2245	0	3.78125	25.3478088	25.0403444	24.2287162	25.6176835	0.686672899	6.24040031	0	100	0	0	3
9685	2246	0	3.78320312	25.3447145	25.0439552	24.2287162	25.6176835	0.686672899	6.24040031	0	100	0	0	3
9690	2247	0	3.78515625	25.2300103	25.0471207	24.2287162	25.6176835	0.686672899	6.24040031	0	100	0	0	3
9695	2249	0	3.78710938	25.2264258	25.050283	24.2287162	25.6176835	0.686672899	6.24040031	0	100	0	0	3
9700	2250	0	3.7890625	25.224412	25.0534545	24.2287162	25.6176835	0.686672899	6.24040031	0	100	0	0	3
9705	2253	0	3.79101562	25.2220517	25.0566372	24.2287162	25.6176835	0.686672899	6.24040031	0	100	0	0	3
9710	2254	0	3.79296875	25.2193314	25.059831	24.2287162	25.6176835	0.686672899	6.24040031	0	100	0	0	3
9715	2255	0	3.79492188	25.216786	25.0630359	24.2287162	25.6176835	0.686672899	6.24040031	0	100	0	0	3
9720	2257	0	3.796875	25.2145403	25.0662514	24.2287162	25.6176835	0.686672899	6.24040031	0	100	0	0	3
9725	2258	0	3.79882812	25.212149	25.0694756	24.2287162	25.6176835	0.686672899	6.24040031	0	100	0	0	3
9730	2260	0	3.80078125	25.2092429	25.0727063	24.2287162	25.6176835	0.686672899	6.24040031	0	100	0	0	3
9735	2261	0	3.80273438	25.2058964	25.0759428	24.2287162	25.6176835	0.686672899	6.24040031	0	100	0	0	3
9740	2262	0	3.8046875	25.2024063	25.0791869	24.2287162	25.6176835	0.685894688	6.24040031	0	100	0	0	3
9745	2264	0	3.80664062	25.19896	25.0824414	24.2287162	25.6176835	0.685038013	6.24040031	0	100	0	0	3
9750	2265	0	3.80859375	25.1955543	25.0857076	24.2287162	25.6176835	0.684128251	6.24040031	0	100	0	0	3
9755	2266	0	3.81054688	25.192111	25.0889847	24.2287162	25.6176835	0.683150564	6.24040031	0	100	0	0	3
9760	2267	0	3.8125	25.1885774	25.0922693	24.2287162	25.6176835	0.682094613	6.24040031	0	100	0	0	3
9765	2269	0	3.81445312	25.1849397	25.0955557	24.2287162	25.6176835	0.680975145	6.24040031	0	100	0	0	3
9770	2270	0	3.81640625	25.1811793	25.098836	24.2287162	25.6176835	0.679814725	6.24040031	0	100	0	0	3
9775	2271	0	3.81835938	25.1772423	25.1021006	24.2287162	25.6176835	0.678627157	6.24040031	0	100	0	0	3
