Iteration	CPUTime	PhysTime	Travels	Value	AvValue	MinValue	MaxValue	Delta	Criteria	PrevAvRefValue	Progress	CriteriaType	CriteriaVarType	CriteriaPercentage
1	1	0	0.000390625	242.018611	242.018611	242.018611	242.018611	0	0	0	0	0	0	3
5	2	0	0.001953125	242.035223	242.026917	242.018611	242.035223	0.00830595681	0	0	0	0	0	3
10	3	0	0.00390625	242.035439	242.029758	242.018611	242.035439	0.0111468289	0	0	0	0	0	3
15	5	0	0.005859375	242.049439	242.034678	242.018611	242.049439	0.016067188	0	0	0	0	0	3
20	6	0	0.0078125	242.036173	242.034977	242.018611	242.049439	0.0163661455	0	0	0	0	0	3
25	7	0	0.009765625	242.035199	242.035014	242.018611	242.049439	0.0164031093	0	0	0	0	0	3
30	8	0	0.01171875	242.035272	242.035051	242.018611	242.049439	0.0164399593	0	0	0	0	0	3
35	9	0	0.013671875	242.035645	242.035125	242.018611	242.049439	0.0165141832	0	0	0	0	0	3
40	11	0	0.015625	242.036196	242.035244	242.018611	242.049439	0.0166332172	0	0	0	0	0	3
45	12	0	0.017578125	242.036464	242.035366	242.018611	242.049439	0.0167551753	0	0	0	0	0	3
50	13	0	0.01953125	242.036711	242.035488	242.018611	242.049439	0.0168774455	0	0	0	0	0	3
55	15	0	0.021484375	242.036804	242.035598	242.018611	242.049439	0.0169870476	0	0	0	0	0	3
60	17	0	0.0234375	242.037032	242.035708	242.018611	242.049439	0.0170974019	0	0	0	0	0	3
65	20	0	0.025390625	242.037115	242.035809	242.018611	242.049439	0.0171978967	0	0	0	0	0	3
70	23	0	0.02734375	242.037251	242.035905	242.018611	242.049439	0.017294081	0	0	0	0	0	3
75	25	0	0.029296875	242.037319	242.035993	242.018611	242.049439	0.0173824907	0	0	0	0	0	3
80	28	0	0.03125	242.037537	242.036084	242.018611	242.049439	0.0174732998	0	0	0	0	0	3
85	30	0	0.033203125	242.037401	242.036157	242.018611	242.049439	0.0175464868	0	0	0	0	0	3
90	33	0	0.03515625	242.037512	242.036229	242.018611	242.049439	0.0176178009	0	0	0	0	0	3
95	35	0	0.037109375	242.03767	242.036301	242.018611	242.049439	0.0176898755	0	0	0	0	0	3
100	37	0	0.0390625	242.037845	242.036374	242.018611	242.049439	0.0177634104	0	0	0	0	0	3
105	40	0	0.041015625	242.018231	242.03555	242.018231	242.049439	0.0177634104	0	0	0	0	0	3
110	43	0	0.04296875	241.982983	242.033264	241.982983	242.049439	0.0177634104	0	0	0	0	0	3
115	45	0	0.044921875	241.934276	242.02914	241.934276	242.049439	0.0177634104	0	0	0	0	0	3
120	48	0	0.046875	241.882898	242.02329	241.882898	242.049439	0.0177634104	0	0	0	0	0	3
125	50	0	0.048828125	241.802462	242.014797	241.802462	242.049439	0.0215777215	0	0	0	0	0	3
130	52	0	0.05078125	241.714088	242.003659	241.714088	242.049439	0.0327150821	0	0	0	0	0	3
135	54	0	0.052734375	241.629761	241.990306	241.629761	242.049439	0.0460685732	0	0	0	0	0	3
140	57	0	0.0546875	241.528328	241.974375	241.528328	242.049439	0.0619988275	0	0	0	0	0	3
145	59	0	0.056640625	241.409464	241.955545	241.409464	242.049439	0.080829196	0	0	0	0	0	3
150	61	0	0.05859375	241.293416	241.934186	241.293416	242.049439	0.102188201	0	0	0	0	0	3
155	63	0	0.060546875	241.135793	241.909236	241.135793	242.049439	0.127137981	0	0	0	0	0	3
160	65	0	0.0625	240.945182	241.880022	240.945182	242.049439	0.156351761	0	0	0	0	0	3
165	67	0	0.064453125	240.744903	241.846637	240.744903	242.049439	0.189737615	0	0	0	0	0	3
170	70	0	0.06640625	267.317123	242.574365	240.744903	267.317123	0.72772818	0	0	0	0	0	3
175	72	0	0.068359375	267.269558	243.260342	240.744903	267.317123	1.41370577	0	0	0	0	0	3
180	74	0	0.0703125	267.203233	243.907448	240.744903	267.317123	2.06081092	0	0	0	0	0	3
185	76	0	0.072265625	267.13793	244.518776	240.744903	267.317123	2.67213941	0	0	0	0	0	3
190	78	0	0.07421875	267.09693	245.097703	240.744903	267.317123	3.25106643	0	0	0	0	0	3
195	81	0	0.076171875	267.060846	245.646782	240.744903	267.317123	3.80014501	0	0	0	0	0	3
200	83	0	0.078125	267.030645	246.168339	240.744903	267.317123	4.32170265	0	0	0	0	0	3
205	86	0	0.080078125	266.98704	246.664023	240.744903	267.317123	4.81738599	0	0	0	0	0	3
210	91	0	0.08203125	266.92103	247.135116	240.744903	267.317123	5.2884792	0	0	0	0	0	3
215	93	0	0.083984375	266.846735	247.583107	240.744903	267.317123	5.73647054	0	0	0	0	0	3
220	95	0	0.0859375	266.734334	248.00869	240.744903	267.317123	6.16205336	0	0	0	0	0	3
225	97	0	0.087890625	266.616332	248.413204	240.744903	267.317123	6.56656732	0	0	0	0	0	3
230	99	0	0.08984375	266.498702	248.798002	240.744903	267.317123	6.95136516	0	0	0	0	0	3
235	101	0	0.091796875	266.326724	249.163183	240.744903	267.317123	7.31654686	0	0	0	0	0	3
240	104	0	0.09375	266.143901	249.509729	240.744903	267.317123	7.66309212	0	0	0	0	0	3
245	106	0	0.095703125	265.958354	249.838701	240.744903	267.317123	7.99206462	0	0	0	0	0	3
250	108	0	0.09765625	265.754535	250.150776	240.744903	267.317123	8.30413978	0	0	0	0	0	3
255	110	0	0.099609375	265.535565	250.446638	240.744903	267.317123	8.6000011	0	0	0	0	0	3
260	112	0	0.1015625	265.291075	250.726721	240.744903	267.317123	8.88008483	0	0	0	0	0	3
265	114	0	0.103515625	265.040791	250.991797	240.744903	267.317123	9.14516019	0	0	0	0	0	3
270	116	0	0.10546875	264.740782	251.241778	240.744903	267.317123	9.39514173	0	0	0	0	0	3
275	118	0	0.107421875	264.440223	251.477465	240.744903	267.317123	9.63082824	0	0	0	0	0	3
280	120	0	0.109375	264.133519	251.699501	240.744903	267.317123	9.85286428	0	0	0	0	0	3
285	122	0	0.111328125	263.823161	251.90853	240.744903	267.317123	10.0618929	0	0	0	0	0	3
290	125	0	0.11328125	263.504604	252.105073	240.744903	267.317123	10.2584365	0	0	0	0	0	3
295	127	0	0.115234375	263.180661	252.289666	240.744903	267.317123	10.4430297	0	0	0	0	0	3
300	129	0	0.1171875	262.832748	252.462504	240.744903	267.317123	10.6158671	0	0	0	0	0	3
305	132	0	0.119140625	262.475219	252.623999	240.744903	267.317123	10.7773625	0	0	0	0	0	3
310	134	0	0.12109375	262.126253	252.774829	240.744903	267.317123	10.9281919	0	0	0	0	0	3
315	136	0	0.123046875	261.773841	252.915438	240.744903	267.317123	11.0688015	0	0	0	0	0	3
320	138	0	0.125	261.418619	253.046256	240.744903	267.317123	11.1996196	0	0	0	0	0	3
325	140	0	0.126953125	261.056066	253.167617	240.744903	267.317123	11.3209804	0	0	0	0	0	3
330	142	0	0.12890625	260.693073	253.279937	240.744903	267.317123	11.4333006	0	0	0	0	0	3
335	144	0	0.130859375	277.135333	253.630752	240.744903	277.135333	11.7841153	0	0	0	0	0	3
340	146	0	0.1328125	276.937609	253.968532	240.744903	277.135333	12.1218958	0	0	0	0	0	3
345	148	0	0.134765625	276.791039	254.294568	240.744903	277.135333	12.4479316	0	0	0	0	0	3
350	150	0	0.13671875	276.625506	254.609088	240.744903	277.135333	12.7624519	0	0	0	0	0	3
355	152	0	0.138671875	276.411652	254.911902	240.744903	277.135333	13.0652653	0	0	0	0	0	3
360	154	0	0.140625	276.152039	255.202863	240.744903	277.135333	13.356226	0	0	0	0	0	3
365	156	0	0.142578125	275.857449	255.481979	240.744903	277.135333	13.6353421	0	0	0	0	0	3
370	158	0	0.14453125	275.549877	255.749551	240.744903	277.135333	13.902914	0	0	0	0	0	3
375	160	0	0.146484375	275.230014	256.005873	240.744903	277.135333	14.1592359	0	0	0	0	0	3
380	162	0	0.1484375	274.893005	256.25116	240.744903	277.135333	14.4045233	0	0	0	0	0	3
385	164	0	0.150390625	274.54642	256.485715	240.744903	277.135333	14.639078	0	0	0	0	0	3
390	166	0	0.15234375	274.207473	256.710041	240.744903	277.135333	14.863404	0	0	0	0	0	3
395	168	0	0.154296875	273.866954	256.924502	240.744903	277.135333	15.0778654	0	0	0	0	0	3
400	170	0	0.15625	273.519173	257.129375	240.744903	277.135333	15.2827379	0	0	0	0	0	3
405	173	0	0.158203125	273.172205	257.325019	240.744903	277.135333	15.4783822	0	0	0	0	0	3
410	175	0	0.16015625	272.817285	257.511673	240.744903	277.135333	15.665036	0	0	0	0	0	3
415	177	0	0.162109375	272.459788	257.689626	240.744903	277.135333	15.8429898	0	0	0	0	0	3
420	179	0	0.1640625	272.090617	257.85905	240.744903	277.135333	16.0124132	0	0	0	0	0	3
425	181	0	0.166015625	271.727477	258.020311	240.744903	277.135333	16.173674	0	0	0	0	0	3
430	183	0	0.16796875	271.361851	258.173662	240.744903	277.135333	16.327025	0	0	0	0	0	3
435	185	0	0.169921875	270.990556	258.319308	240.744903	277.135333	16.4726715	0	0	0	0	0	3
440	187	0	0.171875	270.627651	258.457604	240.744903	277.135333	16.6109675	0	0	0	0	0	3
445	189	0	0.173828125	270.266952	258.588819	240.744903	277.135333	16.7421825	0	0	0	0	0	3
450	191	0	0.17578125	269.903501	258.713156	240.744903	277.135333	16.8665197	0	0	0	0	0	3
455	192	0	0.177734375	269.536523	258.830802	240.744903	277.135333	16.984165	0	0	0	0	0	3
460	195	0	0.1796875	269.161702	258.941887	240.744903	277.135333	17.0952499	0	0	0	0	0	3
465	196	0	0.181640625	268.793491	259.046691	240.744903	277.135333	17.2000542	0	0	0	0	0	3
470	198	0	0.18359375	268.426042	259.145421	240.744903	277.135333	17.2987842	0	0	0	0	0	3
475	200	0	0.185546875	268.06691	259.238353	240.744903	277.135333	17.3917164	0	0	0	0	0	3
480	202	0	0.1875	267.711865	259.325709	240.744903	277.135333	17.4790722	0	0	0	0	0	3
485	204	0	0.189453125	267.351838	259.407608	240.744903	277.135333	17.5609715	0	0	0	0	0	3
490	205	0	0.19140625	266.99356	259.484234	240.744903	277.135333	17.6375973	0	0	0	0	0	3
495	207	0	0.193359375	266.636451	259.555756	240.744903	277.135333	17.7091194	0	0	0	0	0	3
500	209	0	0.1953125	266.280377	259.622336	240.744903	277.135333	17.7756998	0	0	0	0	0	3
505	212	0	0.197265625	278.038021	259.802882	240.744903	278.038021	17.9562458	0	0	0	0	0	3
510	214	0	0.19921875	277.777989	259.977398	240.744903	278.038021	18.1307614	0	0	0	0	0	3
515	216	0	0.201171875	277.534565	260.146217	240.744903	278.038021	18.2995803	0	0	0	0	0	3
520	218	0	0.203125	277.273023	260.309329	240.744903	278.038021	18.4626927	0	0	0	0	0	3
525	219	0	0.205078125	276.977001	260.466572	240.744903	278.038021	18.6199349	0	0	0	0	0	3
530	221	0	0.20703125	276.657929	260.617893	240.744903	278.038021	18.771256	0	0	0	0	0	3
535	223	0	0.208984375	276.32925	260.763368	240.744903	278.038021	18.9167315	0	0	0	0	0	3
540	225	0	0.2109375	275.997705	260.903133	240.744903	278.038021	19.0564961	0	0	0	0	0	3
545	227	0	0.212890625	275.669695	261.037374	240.744903	278.038021	19.1907376	0	0	0	0	0	3
550	228	0	0.21484375	275.346347	261.166284	240.744903	278.038021	19.3196472	0	0	0	0	0	3
555	230	0	0.216796875	275.012902	261.289914	240.744903	278.038021	19.4432778	0	0	0	0	0	3
560	232	0	0.21875	274.678831	261.4084	240.744903	278.038021	19.5617638	0	0	0	0	0	3
565	233	0	0.220703125	274.342499	261.521857	240.744903	278.038021	19.6752208	0	0	0	0	0	3
570	235	0	0.22265625	274.005577	261.630411	240.744903	278.038021	19.7837748	0	0	0	0	0	3
575	236	0	0.224609375	273.667763	261.734182	240.744903	278.038021	19.8875451	0	0	0	0	0	3
580	238	0	0.2265625	273.331132	261.833301	240.744903	278.038021	19.9866643	0	0	0	0	0	3
585	240	0	0.228515625	272.999722	261.927932	240.744903	278.038021	20.081295	0	0	0	0	0	3
590	241	0	0.23046875	272.668346	262.018187	240.744903	278.038021	20.1715506	0	0	0	0	0	3
595	243	0	0.232421875	272.33793	262.104185	240.744903	278.038021	20.2575485	0	0	0	0	0	3
600	244	0	0.234375	272.011493	262.186064	240.744903	278.038021	20.339427	0	0	0	0	0	3
605	247	0	0.236328125	271.690358	262.263968	240.744903	278.038021	20.4173311	0	0	0	0	0	3
610	248	0	0.23828125	271.370614	262.338005	240.744903	278.038021	20.4913689	0	0	0	0	0	3
615	250	0	0.240234375	271.046931	262.408239	240.744903	278.038021	20.5616021	0	0	0	0	0	3
620	252	0	0.2421875	270.725762	262.474779	240.744903	278.038021	20.6281423	0	0	0	0	0	3
625	253	0	0.244140625	270.409329	262.537752	240.744903	278.038021	20.6911149	0	0	0	0	0	3
630	254	0	0.24609375	270.099422	262.597292	240.744903	278.038021	20.7506557	0	0	0	0	0	3
635	256	0	0.248046875	269.791764	262.653499	240.744903	278.038021	20.8068625	0	0	0	0	0	3
640	258	0	0.25	269.488565	262.706484	240.744903	278.038021	20.8598475	0	0	0	0	0	3
645	259	0	0.251953125	269.191571	262.756369	240.744903	278.038021	20.9097328	0	0	0	0	0	3
650	260	0	0.25390625	268.888504	262.80318	240.744903	278.038021	20.9565429	0	0	0	0	0	3
655	262	0	0.255859375	268.587843	262.847003	240.744903	278.038021	21.0003662	0	0	0	0	0	3
660	263	0	0.2578125	268.289837	262.887926	240.744903	278.038021	21.0412897	0	0	0	0	0	3
665	264	0	0.259765625	267.99777	262.92606	240.744903	278.038021	21.0794229	0	0	0	0	0	3
670	266	0	0.26171875	276.733581	263.028337	240.744903	278.038021	21.1817008	0	0	0	0	0	3
675	267	0	0.263671875	276.452221	263.127042	240.744903	278.038021	21.2804058	0	0	0	0	0	3
680	269	0	0.265625	276.214481	263.222571	240.744903	278.038021	21.3759346	0	0	0	0	0	3
685	270	0	0.267578125	275.971358	263.314954	240.744903	278.038021	21.4683171	0	0	0	0	0	3
690	271	0	0.26953125	275.718253	263.404186	240.744903	278.038021	21.5575495	0	0	0	0	0	3
695	272	0	0.271484375	275.447714	263.490211	240.744903	278.038021	21.6435747	0	0	0	0	0	3
700	274	0	0.2734375	275.168925	263.573039	240.744903	278.038021	21.7264024	0	0	0	0	0	3
705	276	0	0.275390625	274.890868	263.652742	240.744903	278.038021	21.8061054	0	0	0	0	0	3
710	277	0	0.27734375	274.605209	263.729333	240.744903	278.038021	21.8826961	0	0	0	0	0	3
715	278	0	0.279296875	274.315971	263.802851	240.744903	278.038021	21.9562144	0	0	0	0	0	3
720	279	0	0.28125	274.025771	263.873354	240.744903	278.038021	22.0267173	0	0	0	0	0	3
725	281	0	0.283203125	273.737979	263.94092	240.744903	278.038021	22.0942833	0	0	0	0	0	3
730	282	0	0.28515625	273.449502	264.005604	240.744903	278.038021	22.1589675	0	0	0	0	0	3
735	283	0	0.287109375	273.160911	264.067464	240.744903	278.038021	22.2208277	0	0	0	0	0	3
740	284	0	0.2890625	272.872864	264.126561	240.744903	278.038021	22.2799243	0	0	0	0	0	3
745	285	0	0.291015625	272.582533	264.182934	240.744903	278.038021	22.3362975	0	0	0	0	0	3
750	286	0	0.29296875	272.293011	264.236643	240.744903	278.038021	22.3900066	0	0	0	0	0	3
755	288	0	0.294921875	272.004528	264.287748	240.744903	278.038021	22.4411111	0	0	0	0	0	3
760	289	0	0.296875	271.715165	264.336293	240.744903	278.038021	22.4896563	0	0	0	0	0	3
765	290	0	0.298828125	271.432526	264.382372	240.744903	278.038021	22.5357357	0	0	0	0	0	3
770	291	0	0.30078125	271.156745	264.426078	240.744903	278.038021	22.5794414	0	0	0	0	0	3
775	292	0	0.302734375	270.887205	264.467495	240.744903	278.038021	22.6208589	0	0	0	0	0	3
780	293	0	0.3046875	270.621312	264.506692	240.744903	278.038021	22.6600551	0	0	0	0	0	3
785	294	0	0.306640625	270.370026	264.543801	240.744903	278.038021	22.6971648	0	0	0	0	0	3
790	295	0	0.30859375	270.130262	264.578936	240.744903	278.038021	22.7322998	0	0	0	0	0	3
795	296	0	0.310546875	269.897207	264.612176	240.744903	278.038021	22.765539	0	0	0	0	0	3
800	297	0	0.3125	269.668584	264.643582	240.744903	278.038021	22.7969453	0	0	0	0	0	3
805	299	0	0.314453125	269.449273	264.673247	240.744903	278.038021	22.82661	0	0	0	0	0	3
810	300	0	0.31640625	269.24018	264.701265	240.744903	278.038021	22.854628	0	0	0	0	0	3
815	301	0	0.318359375	269.047104	264.727764	240.744903	278.038021	22.881127	0	0	0	0	0	3
820	302	0	0.3203125	268.871516	264.752877	240.744903	278.038021	22.9062407	0	0	0	0	0	3
825	303	0	0.322265625	268.709396	264.776712	240.744903	278.038021	22.9300751	0	0	0	0	0	3
830	304	0	0.32421875	268.557387	264.799351	240.744903	278.038021	22.9527139	0	0	0	0	0	3
835	305	0	0.326171875	268.406592	264.820822	240.744903	278.038021	22.9741856	0	0	0	0	0	3
840	306	0	0.328125	275.28922	264.882765	240.744903	278.038021	23.0361288	0	0	0	0	0	3
845	307	0	0.330078125	275.135796	264.943077	240.744903	278.038021	23.0964407	0	0	0	0	0	3
850	307	0	0.33203125	274.935294	265.001511	240.744903	278.038021	23.1548747	0	0	0	0	0	3
855	308	0	0.333984375	274.672216	265.057736	240.744903	278.038021	23.2110998	0	0	0	0	0	3
860	309	0	0.3359375	274.34295	265.111408	240.744903	278.038021	23.2647715	0	0	0	0	0	3
865	310	0	0.337890625	273.945229	265.162177	240.744903	278.038021	23.3155406	0	0	0	0	0	3
870	311	0	0.33984375	273.473441	265.20967	240.744903	278.038021	23.3630335	0	0	0	0	0	3
875	312	0	0.341796875	272.931964	265.253547	240.744903	278.038021	23.4069102	0	0	0	0	0	3
880	313	0	0.34375	272.325381	265.293501	240.744903	278.038021	23.4468641	0	0	0	0	0	3
885	314	0	0.345703125	271.655958	265.329245	240.744903	278.038021	23.4826082	0	0	0	0	0	3
890	315	0	0.34765625	270.922172	265.36049	240.744903	278.038021	23.5138536	0	0	0	0	0	3
895	315	0	0.349609375	270.12295	265.386948	240.744903	278.038021	23.5403117	0	0	0	0	0	3
900	316	0	0.3515625	269.25513	265.40832	240.744903	278.038021	23.5616829	0	0	0	0	0	3
905	318	0	0.353515625	268.307329	265.424248	240.744903	278.038021	23.5776115	0	0	0	0	0	3
910	319	0	0.35546875	267.26164	265.434289	240.744903	278.038021	23.5876519	0	0	0	0	0	3
915	320	0	0.357421875	266.106421	265.437941	240.744903	278.038021	23.5913048	0	0	0	0	0	3
920	321	0	0.359375	264.844432	265.434733	240.744903	278.038021	23.5913048	0	0	0	0	0	3
925	321	0	0.361328125	263.487746	265.424266	240.744903	278.038021	23.5913048	0	0	0	0	0	3
930	322	0	0.36328125	262.044376	265.406191	240.744903	278.038021	23.5913048	0	0	0	0	0	3
935	323	0	0.365234375	260.520901	265.380206	240.744903	278.038021	23.5913048	0	0	0	0	0	3
940	324	0	0.3671875	258.919948	265.346024	240.744903	278.038021	23.5913048	0	0	0	0	0	3
945	325	0	0.369140625	257.242979	265.303377	240.744903	278.038021	23.5913048	0	0	0	0	0	3
950	325	0	0.37109375	255.488487	265.25199	240.744903	278.038021	23.5913048	0	0	0	0	0	3
955	326	0	0.373046875	253.653813	265.191583	240.744903	278.038021	23.5913048	0	0	0	0	0	3
960	327	0	0.375	251.734449	265.121857	240.744903	278.038021	23.5913048	0	0	0	0	0	3
965	328	0	0.376953125	249.725705	265.042495	240.744903	278.038021	23.5913048	0	0	0	0	0	3
970	329	0	0.37890625	247.620963	264.953154	240.744903	278.038021	23.5913048	0	0	0	0	0	3
975	329	0	0.380859375	245.40802	264.853434	240.744903	278.038021	23.5913048	0	0	0	0	0	3
980	330	0	0.3828125	243.065132	264.742833	240.744903	278.038021	23.5913048	0	0	0	0	0	3
985	331	0	0.384765625	240.552809	264.620662	240.552809	278.038021	23.5913048	0	0	0	0	0	3
990	332	0	0.38671875	237.808512	264.485927	237.808512	278.038021	23.5913048	0	0	0	0	0	3
995	333	0	0.388671875	234.762247	264.337309	234.762247	278.038021	23.5913048	0	0	0	0	0	3
1000	333	0	0.390625	231.415022	264.173516	231.415022	278.038021	23.5913048	0	0	0	0	0	3
1005	335	0	0.392578125	229.269968	264.000726	229.269968	278.038021	23.5913048	0	0	0	0	0	3
1010	336	0	0.39453125	225.555756	263.811342	225.555756	278.038021	23.5913048	0	0	0	0	0	3
1015	337	0	0.396484375	221.774526	263.605279	221.774526	278.038021	23.5913048	0	0	0	0	0	3
1020	338	0	0.3984375	217.969893	263.382668	217.969893	278.038021	23.5913048	0	0	0	0	0	3
1025	339	0	0.400390625	214.179059	263.143815	214.179059	278.038021	23.5913048	0	0	0	0	0	3
1030	339	0	0.40234375	210.42805	262.88915	210.42805	278.038021	23.5913048	0	0	0	0	0	3
1035	340	0	0.404296875	206.736909	262.619187	206.736909	278.038021	23.5913048	0	0	0	0	0	3
1040	341	0	0.40625	203.124533	262.334524	203.124533	278.038021	23.5913048	0	0	0	0	0	3
1045	342	0	0.408203125	199.606385	262.035818	199.606385	278.038021	23.5913048	0	0	0	0	0	3
1050	343	0	0.41015625	196.195811	261.72378	196.195811	278.038021	23.5913048	0	0	0	0	0	3
1055	343	0	0.412109375	192.903675	261.399157	192.903675	278.038021	23.5913048	0	0	0	0	0	3
1060	344	0	0.4140625	189.735587	261.062709	189.735587	278.038021	23.5913048	0	0	0	0	0	3
1065	345	0	0.416015625	186.690676	260.715176	186.690676	278.038021	23.5913048	0	0	0	0	0	3
1070	346	0	0.41796875	183.76317	260.357259	183.76317	278.038021	23.5913048	0	0	0	0	0	3
1075	347	0	0.419921875	180.943395	259.989603	180.943395	278.038021	23.5913048	0	0	0	0	0	3
1080	347	0	0.421875	178.218136	259.612776	178.218136	278.038021	23.5913048	0	0	0	0	0	3
1085	348	0	0.423828125	175.568859	259.227253	175.568859	278.038021	23.5913048	0	0	0	0	0	3
1090	349	0	0.42578125	172.975352	258.833409	172.975352	278.038021	23.5913048	0	0	0	0	0	3
1095	350	0	0.427734375	170.422016	258.431539	170.422016	278.038021	23.5913048	0	0	0	0	0	3
1100	351	0	0.4296875	167.902836	258.021907	167.902836	278.038021	23.5913048	0	0	0	0	0	3
1105	352	0	0.431640625	165.420541	257.604783	165.420541	278.038021	23.5913048	0	0	0	0	0	3
1110	353	0	0.43359375	162.983056	257.180471	162.983056	278.038021	23.5913048	0	0	0	0	0	3
1115	354	0	0.435546875	160.599608	256.749306	160.599608	278.038021	23.5913048	0	0	0	0	0	3
1120	355	0	0.4375	158.27801	256.311656	158.27801	278.038021	23.5913048	0	0	0	0	0	3
1125	356	0	0.439453125	156.022394	255.867898	156.022394	278.038021	23.5913048	0	0	0	0	0	3
1130	356	0	0.44140625	153.833749	255.418408	153.833749	278.038021	23.5913048	0	0	0	0	0	3
1135	357	0	0.443359375	151.711748	254.963555	151.711748	278.038021	23.5913048	0	0	0	0	0	3
1140	358	0	0.4453125	149.656952	254.5037	149.656952	278.038021	23.5913048	0	0	0	0	0	3
1145	359	0	0.447265625	147.672483	254.039217	147.672483	278.038021	23.5913048	0	0	0	0	0	3
1150	360	0	0.44921875	145.765112	253.570498	145.765112	278.038021	23.5913048	0	0	0	0	0	3
1155	361	0	0.451171875	143.945303	253.097975	143.945303	278.038021	23.5913048	0	0	0	0	0	3
1160	361	0	0.453125	142.227306	252.622136	142.227306	278.038021	23.5913048	0	0	0	0	0	3
1165	362	0	0.455078125	140.628192	252.143529	140.628192	278.038021	23.5913048	0	0	0	0	0	3
1170	363	0	0.45703125	117.859403	251.572107	117.859403	278.038021	23.5913048	0	0	0	0	0	3
1175	364	0	0.458984375	116.368533	250.999211	116.368533	278.038021	23.5913048	0	0	0	0	0	3
1180	365	0	0.4609375	115.048904	250.425581	115.048904	278.038021	23.5913048	0	0	0	0	0	3
1185	366	0	0.462890625	114.139326	249.852949	114.139326	278.038021	23.5913048	0	0	0	0	0	3
1190	366	0	0.46484375	113.140759	249.280932	113.140759	278.038021	23.5913048	0	0	0	0	0	3
1195	367	0	0.466796875	112.081646	248.709268	112.081646	278.038021	23.5913048	0	0	0	0	0	3
1200	368	0	0.46875	111.280635	248.139025	111.280635	278.038021	23.5913048	0	0	0	0	0	3
1205	370	0	0.470703125	110.736961	247.571248	110.736961	278.038021	23.5913048	0	0	0	0	0	3
1210	371	0	0.47265625	110.309591	247.006385	110.309591	278.038021	23.5913048	0	0	0	0	0	3
1215	372	0	0.474609375	109.945221	246.444659	109.945221	278.038021	23.5913048	0	0	0	0	0	3
1220	373	0	0.4765625	109.605872	245.886133	109.605872	278.038021	23.5913048	0	0	0	0	0	3
1225	374	0	0.478515625	109.249151	245.330698	109.249151	278.038021	23.5913048	0	0	0	0	0	3
1230	374	0	0.48046875	108.803114	244.777955	108.803114	278.038021	23.5913048	0	0	0	0	0	3
1235	375	0	0.482421875	108.20579	244.227261	108.20579	278.038021	23.5913048	0	0	0	0	0	3
1240	376	0	0.484375	107.405441	243.677776	107.405441	278.038021	23.5913048	0	0	0	0	0	3
1245	377	0	0.486328125	106.370762	243.128548	106.370762	278.038021	23.5913048	0	0	0	0	0	3
1250	378	0	0.48828125	105.044742	242.578413	105.044742	278.038021	23.5913048	0	0	0	0	0	3
1255	379	0	0.490234375	103.409139	242.026154	103.409139	278.038021	23.5913048	0	0	0	0	0	3
1260	380	0	0.4921875	101.503879	241.47073	101.503879	278.038021	23.9672115	0	0	0	0	0	3
1265	380	0	0.494140625	99.4084597	240.91143	99.4084597	278.038021	24.5265117	0	0	0	0	0	3
1270	381	0	0.49609375	97.2147682	240.347913	97.2147682	278.038021	25.0900281	0	0	0	0	0	3
1275	382	0	0.498046875	95.0109276	239.780191	95.0109276	278.038021	25.6577507	0	0	0	0	0	3
1280	383	0	0.5	92.8760031	239.208579	92.8760031	278.038021	26.2293623	0	0	0	0	0	3
1285	384	0	0.501953125	90.872435	238.607123	90.872435	278.038021	26.8308186	0	0	0	0	0	3
1290	385	0	0.50390625	89.0320178	238.009453	89.0320178	278.038021	27.4284882	0	0	0	0	0	3
1295	385	0	0.505859375	87.3767848	237.405263	87.3767848	278.038021	28.0326783	0	0	0	0	0	3
1300	386	0	0.5078125	85.9098397	236.795395	85.9098397	278.038021	28.6425468	0	0	0	0	0	3
1305	388	0	0.509765625	84.6202275	236.180492	84.6202275	278.038021	29.257449	0	0	0	0	0	3
1310	389	0	0.51171875	83.491777	235.561182	83.491777	278.038021	29.8767595	0	0	0	0	0	3
1315	390	0	0.513671875	82.5052388	234.938016	82.5052388	278.038021	30.4999252	0	0	0	0	0	3
1320	391	0	0.515625	81.6384995	234.311463	81.6384995	278.038021	31.1264787	0	0	0	0	0	3
1325	392	0	0.517578125	80.8672531	233.681896	80.8672531	278.038021	31.7560459	0	0	0	0	0	3
1330	392	0	0.51953125	80.1675757	233.049594	80.1675757	278.038021	32.3883472	0	0	0	0	0	3
1335	393	0	0.521484375	79.5169955	232.414751	79.5169955	278.038021	33.0231902	0	0	0	0	0	3
1340	394	0	0.5234375	43.4885792	231.639171	43.4885792	278.038021	33.7987701	0	0	0	0	0	3
1345	395	0	0.525390625	42.6750941	230.860413	42.6750941	278.038021	34.577528	0	0	0	0	0	3
1350	396	0	0.52734375	42.0157284	230.079079	42.0157284	278.038021	35.3588621	0	0	0	0	0	3
1355	397	0	0.529296875	41.393157	229.295313	41.393157	278.038021	36.1426283	0	0	0	0	0	3
1360	397	0	0.53125	40.7652985	228.509093	40.7652985	278.038021	36.928848	0	0	0	0	0	3
1365	398	0	0.533203125	40.1115392	227.720321	40.1115392	278.038021	37.7176209	0	0	0	0	0	3
1370	399	0	0.53515625	39.4814466	226.929086	39.4814466	278.038021	38.5088556	0	0	0	0	0	3
1375	400	0	0.537109375	39.0047219	226.135988	39.0047219	278.038021	39.301953	0	0	0	0	0	3
1380	401	0	0.5390625	38.5307204	225.341039	38.5307204	278.038021	40.0969027	0	0	0	0	0	3
1385	402	0	0.541015625	37.9236622	224.543794	37.9236622	278.038021	40.8941471	0	0	0	0	0	3
1390	402	0	0.54296875	37.1551146	223.743685	37.1551146	278.038021	41.694256	0	0	0	0	0	3
1395	403	0	0.544921875	36.2528048	222.940242	36.2528048	278.038021	42.4976992	0	0	0	0	0	3
1400	404	0	0.546875	35.2064324	222.132912	35.2064324	278.038021	43.3050292	0	0	0	0	0	3
1405	406	0	0.548828125	33.9825032	221.321116	33.9825032	278.038021	44.1168259	0	0	0	0	0	3
1410	407	0	0.55078125	32.578878	220.504181	32.578878	278.038021	44.9337603	0	0	0	0	0	3
1415	408	0	0.552734375	31.0300213	219.681526	31.0300213	278.038021	45.7564155	0	0	0	0	0	3
1420	409	0	0.5546875	29.3952461	218.852881	29.3952461	278.038021	46.5850604	0	0	0	0	0	3
1425	410	0	0.556640625	27.7052971	218.018099	27.7052971	278.038021	47.4198423	0	0	0	0	0	3
1430	410	0	0.55859375	25.9770614	217.17702	25.9770614	278.038021	48.2609218	0	0	0	0	0	3
1435	411	0	0.560546875	24.2319871	216.329739	24.2319871	278.038021	49.1082023	0	0	0	0	0	3
1440	412	0	0.5625	22.4863825	215.476384	22.4863825	278.038021	49.961557	0	0	0	0	0	3
1445	413	0	0.564453125	20.7575253	214.617059	20.7575253	278.038021	50.8208827	0	0	0	0	0	3
1450	414	0	0.56640625	19.0728806	213.647355	19.0728806	278.038021	51.7905868	0	0	0	0	0	3
1455	415	0	0.568359375	17.4653444	212.671557	17.4653444	278.038021	52.7663845	0	0	0	0	0	3
1460	416	0	0.5703125	15.9662107	211.690162	15.9662107	278.038021	53.7477791	0	0	0	0	0	3
1465	416	0	0.572265625	14.5906777	210.70365	14.5906777	278.038021	54.7342918	0	0	0	0	0	3
1470	417	0	0.57421875	13.3462327	209.712436	13.3462327	278.038021	55.7255054	0	0	0	0	0	3
1475	418	0	0.576171875	12.2520115	208.717089	12.2520115	278.038021	56.7208525	0	0	0	0	0	3
1480	419	0	0.578125	11.3435732	207.718311	11.3435732	278.038021	57.7196301	0	0	0	0	0	3
1485	420	0	0.580078125	10.6659207	206.717057	10.6659207	278.038021	58.7208845	0	0	0	0	0	3
1490	421	0	0.58203125	10.2625135	205.714485	10.2625135	278.038021	59.7234568	0	0	0	0	0	3
1495	422	0	0.583984375	10.1404447	204.711726	10.1404447	278.038021	60.7262157	0	0	0	0	0	3
1500	422	0	0.5859375	10.2852568	203.709971	10.1404447	278.038021	61.7279699	0	0	0	0	0	3
1505	425	0	0.587890625	34.9789042	202.805138	10.1404447	278.038021	62.6328036	0	0	0	0	0	3
1510	425	0	0.58984375	46.43326	201.945507	10.1404447	278.038021	63.4924343	0	0	0	0	0	3
1515	426	0	0.591796875	57.0033372	201.127838	10.1404447	278.038021	64.3101038	0	0	0	0	0	3
1520	427	0	0.59375	64.7861884	200.341284	10.1404447	278.038021	65.0966573	0	0	0	0	0	3
1525	428	0	0.595703125	69.0408766	199.572075	10.1404447	278.038021	65.8658662	0	0	0	0	0	3
1530	429	0	0.59765625	70.1844935	198.80813	10.1404447	278.038021	66.6298117	0	0	0	0	0	3
1535	430	0	0.599609375	69.0858634	198.040748	10.1404447	278.038021	67.3971933	0	0	0	0	0	3
1540	431	0	0.6015625	66.9369844	197.265927	10.1404447	278.038021	68.172014	0	0	0	0	0	3
1545	431	0	0.603515625	64.8884929	196.484083	10.1404447	278.038021	68.9538589	0	0	0	0	0	3
1550	432	0	0.60546875	63.5613561	195.698225	10.1404447	278.038021	69.739716	0	0	0	0	0	3
1555	433	0	0.607421875	63.2948679	194.912501	10.1404447	278.038021	70.5254401	0	0	0	0	0	3
1560	434	0	0.609375	64.1720899	194.131402	10.1404447	278.038021	71.3065394	0	0	0	0	0	3
1565	435	0	0.611328125	65.950804	193.358463	10.1404447	278.038021	72.0794783	0	0	0	0	0	3
1570	436	0	0.61328125	68.5061874	192.596751	10.1404447	278.038021	72.8411909	0	0	0	0	0	3
1575	437	0	0.615234375	71.7989785	191.849166	10.1404447	278.038021	73.5887756	0	0	0	0	0	3
1580	437	0	0.6171875	75.7039195	191.118194	10.1404447	278.038021	74.3197476	0	0	0	0	0	3
1585	438	0	0.619140625	80.0578531	190.405626	10.1404447	278.038021	75.0323154	0	0	0	0	0	3
1590	439	0	0.62109375	84.6475296	189.71235	10.1404447	278.038021	75.7255917	0	0	0	0	0	3
1595	440	0	0.623046875	89.3095802	189.038661	10.1404447	278.038021	76.3992802	0	0	0	0	0	3
1600	441	0	0.625	93.9385174	188.384442	10.1404447	278.038021	77.0534993	0	0	0	0	0	3
1605	443	0	0.626953125	98.5131378	187.749509	10.1404447	278.038021	77.6884326	0	0	0	0	0	3
1610	444	0	0.62890625	103.047594	187.133706	10.1404447	278.038021	78.3042353	0	0	0	0	0	3
1615	445	0	0.630859375	107.576858	186.471368	10.1404447	278.038021	78.9665731	0	0	0	0	0	3
1620	446	0	0.6328125	111.993662	185.827056	10.1404447	278.038021	79.6108854	0	0	0	0	0	3
1625	446	0	0.634765625	116.14108	185.199517	10.1404447	278.038021	80.2384243	0	0	0	0	0	3
1630	447	0	0.63671875	119.86363	184.587166	10.1404447	278.038021	80.8507754	0	0	0	0	0	3
1635	448	0	0.638671875	123.135533	183.988431	10.1404447	278.038021	81.4495102	0	0	0	0	0	3
1640	449	0	0.640625	126.044001	183.402072	10.1404447	278.038021	82.0358697	0	0	0	0	0	3
1645	450	0	0.642578125	128.611344	182.826892	10.1404447	278.038021	82.6110498	0	0	0	0	0	3
1650	451	0	0.64453125	130.753927	182.261282	10.1404447	278.038021	83.176659	0	0	0	0	0	3
1655	452	0	0.646484375	132.381794	181.703282	10.1404447	278.038021	83.7346599	0	0	0	0	0	3
1660	453	0	0.6484375	133.427632	181.150682	10.1404447	278.038021	84.287259	0	0	0	0	0	3
1665	453	0	0.650390625	133.755514	180.600718	10.1404447	278.038021	84.8372234	0	0	0	0	0	3
1670	454	0	0.65234375	133.189083	180.049865	10.1404447	278.038021	85.3880765	0	0	0	0	0	3
1675	455	0	0.654296875	131.923053	179.495397	10.1404447	278.038021	85.9425449	0	0	0	0	0	3
1680	456	0	0.65625	129.565443	178.933077	10.1404447	278.038021	86.5048642	0	0	0	0	0	3
1685	457	0	0.658203125	126.051472	178.358387	10.1404447	278.038021	87.0795545	0	0	0	0	0	3
1690	458	0	0.66015625	122.610149	177.77164	10.1404447	278.038021	87.6663011	0	0	0	0	0	3
1695	458	0	0.662109375	117.794101	177.167477	10.1404447	278.038021	88.270464	0	0	0	0	0	3
1700	459	0	0.6640625	113.425394	176.547691	10.1404447	278.038021	88.89025	0	0	0	0	0	3
1705	461	0	0.666015625	109.216299	175.912882	10.1404447	278.038021	89.5250593	0	0	0	0	0	3
1710	462	0	0.66796875	104.958407	175.262869	10.1404447	278.038021	90.1750728	0	0	0	0	0	3
1715	463	0	0.669921875	101.883451	174.602294	10.1404447	278.038021	90.8356474	0	0	0	0	0	3
1720	464	0	0.671875	98.2647175	173.929001	10.1404447	278.038021	91.5089401	0	0	0	0	0	3
1725	465	0	0.673828125	94.9241138	173.244068	10.1404447	278.038021	92.1938731	0	0	0	0	0	3
1730	466	0	0.67578125	92.9747633	172.55294	10.1404447	278.038021	92.8850009	0	0	0	0	0	3
1735	466	0	0.677734375	91.198296	171.856307	10.1404447	278.038021	93.5816346	0	0	0	0	0	3
1740	467	0	0.6796875	89.1975599	171.153322	10.1404447	278.038021	94.2846196	0	0	0	0	0	3
1745	468	0	0.681640625	88.9780698	170.450918	10.1404447	278.038021	94.9870236	0	0	0	0	0	3
1750	469	0	0.68359375	87.0965988	169.7426	10.1404447	278.038021	95.6953417	0	0	0	0	0	3
1755	470	0	0.685546875	86.5292798	169.033468	10.1404447	278.038021	96.4044731	0	0	0	0	0	3
1760	471	0	0.6875	85.7162978	168.322548	10.1404447	278.038021	97.1153933	0	0	0	0	0	3
1765	472	0	0.689453125	85.0060922	167.61026	10.1404447	278.038021	97.8276813	0	0	0	0	0	3
1770	472	0	0.69140625	84.0458172	166.89562	10.1404447	278.038021	98.5423209	0	0	0	0	0	3
1775	473	0	0.693359375	83.9286422	166.181918	10.1404447	278.038021	99.2560233	0	0	0	0	0	3
1780	474	0	0.6953125	83.5822341	165.468253	10.1404447	278.038021	99.9696879	0	0	0	0	0	3
1785	475	0	0.697265625	83.0030518	164.706398	10.1404447	277.777989	100.731543	0	0	0	0	0	3
1790	476	0	0.69921875	82.1256119	163.942131	10.1404447	277.534565	101.49581	0	0	0	0	0	3
1795	477	0	0.701171875	80.5473004	163.17265	10.1404447	277.273023	102.265292	0	0	0	0	0	3
1800	478	0	0.703125	79.4473647	162.399893	10.1404447	276.977001	103.038048	0	0	0	0	0	3
1805	479	0	0.705078125	77.7644682	161.621719	10.1404447	276.733581	103.816222	0	0	0	0	0	3
1810	480	0	0.70703125	76.9011549	160.841419	10.1404447	276.733581	104.596522	0	0	0	0	0	3
1815	481	0	0.708984375	73.02347	160.047256	10.1404447	276.733581	105.390685	0	0	0	0	0	3
1820	482	0	0.7109375	71.2505638	159.247462	10.1404447	276.733581	106.190479	0	0	0	0	0	3
1825	483	0	0.712890625	67.9140864	158.435917	10.1404447	276.733581	107.002024	0	0	0	0	0	3
1830	484	0	0.71484375	64.390661	157.611871	10.1404447	276.733581	107.82607	0	0	0	0	0	3
1835	485	0	0.716796875	60.7032706	156.774724	10.1404447	276.733581	108.663217	0	0	0	0	0	3
1840	485	0	0.71875	55.3978267	155.918158	10.1404447	276.733581	109.519783	0	0	0	0	0	3
1845	486	0	0.720703125	51.4926169	155.047651	10.1404447	276.733581	110.390291	0	0	0	0	0	3
1850	487	0	0.72265625	47.5519193	154.163066	10.1404447	276.733581	111.274875	0	0	0	0	0	3
1855	488	0	0.724609375	43.059127	153.262251	10.1404447	276.733581	112.17569	0	0	0	0	0	3
1860	489	0	0.7265625	38.9356554	152.346644	10.1404447	276.733581	113.091298	0	0	0	0	0	3
1865	490	0	0.728515625	34.8623969	151.41642	10.1404447	276.733581	114.021522	0	0	0	0	0	3
1870	491	0	0.73046875	31.0624398	150.472647	10.1404447	276.733581	114.965295	0	0	0	0	0	3
1875	491	0	0.732421875	27.2898096	149.515428	10.1404447	276.733581	115.922514	0	0	0	0	0	3
1880	492	0	0.734375	24.702871	148.549378	10.1404447	276.733581	116.888563	0	0	0	0	0	3
1885	493	0	0.736328125	22.1321258	147.574541	10.1404447	276.733581	117.8634	0	0	0	0	0	3
1890	494	0	0.73828125	20.1228142	146.593105	10.1404447	276.733581	118.844837	0	0	0	0	0	3
1895	495	0	0.740234375	18.0776274	145.604943	10.1404447	276.733581	119.832998	0	0	0	0	0	3
1900	496	0	0.7421875	16.7269154	144.61276	10.1404447	276.733581	120.825181	0	0	0	0	0	3
1905	498	0	0.744140625	15.0018941	143.615075	10.1404447	276.733581	121.822866	0	0	0	0	0	3
1910	498	0	0.74609375	14.2262461	142.61557	10.1404447	276.733581	122.822371	0	0	0	0	0	3
1915	499	0	0.748046875	13.684396	141.615151	10.1404447	276.733581	123.82279	0	0	0	0	0	3
1920	500	0	0.75	12.6311998	140.611802	10.1404447	276.733581	124.826139	0	0	0	0	0	3
1925	501	0	0.751953125	13.3824914	139.612548	10.1404447	276.733581	125.825394	0	0	0	0	0	3
1930	502	0	0.75390625	13.6233418	138.615418	10.1404447	276.733581	126.822523	0	0	0	0	0	3
1935	503	0	0.755859375	13.8071925	137.620181	10.1404447	276.733581	127.81776	0	0	0	0	0	3
1940	504	0	0.7578125	14.5642244	136.629066	10.1404447	276.733581	128.808876	0	0	0	0	0	3
1945	505	0	0.759765625	14.5835591	135.639166	10.1404447	276.733581	129.798775	0	0	0	0	0	3
1950	505	0	0.76171875	13.7986267	134.612077	10.1404447	276.452221	130.825865	0	0	0	0	0	3
1955	506	0	0.763671875	13.4675928	133.584793	10.1404447	276.214481	131.853148	0	0	0	0	0	3
1960	507	0	0.765625	11.7171425	132.5516	10.1404447	275.971358	132.886341	0	0	0	0	0	3
1965	508	0	0.767578125	9.19383713	131.509501	9.19383713	275.718253	133.928441	0	0	0	0	0	3
1970	509	0	0.76953125	6.07510721	130.456207	6.07510721	275.447714	134.981734	0	0	0	0	0	3
1975	510	0	0.771484375	2.24598951	129.389013	2.24598951	275.28922	136.048929	0	0	0	0	0	3
1980	511	0	0.7734375	3.80166885	128.328984	2.24598951	275.28922	137.108957	0	0	0	0	0	3
1985	512	0	0.775390625	5.75401159	127.277669	2.24598951	275.28922	138.160273	0	0	0	0	0	3
1990	513	0	0.77734375	7.63590277	126.23482	2.24598951	275.28922	139.203122	0	0	0	0	0	3
1995	513	0	0.779296875	9.40020079	125.199993	2.24598951	275.28922	140.237949	0	0	0	0	0	3
2000	514	0	0.78125	11.039826	124.172704	2.24598951	275.28922	141.265238	0	0	0	0	0	3
2005	516	0	0.783203125	39.04489	123.255934	2.24598951	275.28922	142.182008	0	0	0	0	0	3
2010	517	0	0.78515625	40.4622534	122.345827	2.24598951	275.28922	143.092114	0	0	0	0	0	3
2015	518	0	0.787109375	41.6188493	121.441366	2.24598951	275.28922	143.996575	0	0	0	0	0	3
2020	519	0	0.7890625	42.6050831	120.541883	2.24598951	275.28922	144.896059	0	0	0	0	0	3
2025	520	0	0.791015625	43.3838317	119.646575	2.24598951	275.28922	145.791366	0	0	0	0	0	3
2030	521	0	0.79296875	43.9510846	118.754615	2.24598951	275.28922	146.683327	0	0	0	0	0	3
2035	521	0	0.794921875	44.2210402	117.864835	2.24598951	275.28922	147.573106	0	0	0	0	0	3
2040	522	0	0.796875	44.1726055	116.975997	2.24598951	275.28922	148.461944	0	0	0	0	0	3
2045	523	0	0.798828125	43.8614609	116.087048	2.24598951	275.28922	149.350894	0	0	0	0	0	3
2050	524	0	0.80078125	43.4985966	115.197758	2.24598951	275.28922	150.240183	0	0	0	0	0	3
2055	525	0	0.802734375	43.1965656	114.308342	2.24598951	275.28922	151.1296	0	0	0	0	0	3
2060	526	0	0.8046875	42.9487739	113.418996	2.24598951	275.28922	152.018946	0	0	0	0	0	3
2065	527	0	0.806640625	42.7432246	112.529829	2.24598951	275.28922	152.908113	0	0	0	0	0	3
2070	528	0	0.80859375	42.5983631	111.641032	2.24598951	275.28922	153.796909	0	0	0	0	0	3
2075	529	0	0.810546875	42.5528196	110.752968	2.24598951	275.28922	154.684973	0	0	0	0	0	3
2080	529	0	0.8125	42.6445041	109.866155	2.24598951	275.28922	155.571786	0	0	0	0	0	3
2085	530	0	0.814453125	42.8693358	108.981077	2.24598951	275.28922	156.456864	0	0	0	0	0	3
2090	531	0	0.81640625	43.2143361	108.098164	2.24598951	275.28922	157.339778	0	0	0	0	0	3
2095	532	0	0.818359375	43.6752843	107.217805	2.24598951	275.28922	158.220136	0	0	0	0	0	3
2100	533	0	0.8203125	44.2544377	106.340395	2.24598951	275.28922	159.097547	0	0	0	0	0	3
2105	535	0	0.822265625	44.9590504	105.46637	2.24598951	275.28922	159.971571	0	0	0	0	0	3
2110	536	0	0.82421875	45.7800868	104.596146	2.24598951	275.28922	160.841795	0	0	0	0	0	3
2115	537	0	0.826171875	46.7246282	103.730201	2.24598951	275.28922	161.70774	0	0	0	0	0	3
2120	537	0	0.828125	47.8004415	102.841573	2.24598951	275.135796	162.596368	0	0	0	0	0	3
2125	538	0	0.830078125	49.0137216	101.958284	2.24598951	274.935294	163.479658	0	0	0	0	0	3
2130	539	0	0.83203125	50.3608224	101.08104	2.24598951	274.672216	164.356902	0	0	0	0	0	3
2135	540	0	0.833984375	51.8320588	100.21057	2.24598951	274.34295	165.227371	0	0	0	0	0	3
2140	541	0	0.8359375	53.4202948	99.3475911	2.24598951	273.945229	166.09035	0	0	0	0	0	3
2145	542	0	0.837890625	55.093527	98.4927016	2.24598951	273.473441	166.94524	0	0	0	0	0	3
2150	543	0	0.83984375	56.779443	97.6462407	2.24598951	272.931964	167.791701	0	0	0	0	0	3
2155	544	0	0.841796875	58.3977985	96.8082166	2.24598951	272.325381	168.629725	0	0	0	0	0	3
2160	545	0	0.84375	59.8834427	95.9783653	2.24598951	271.655958	169.459576	0	0	0	0	0	3
2165	546	0	0.845703125	61.1789351	95.1561894	2.24598951	270.922172	170.281752	0	0	0	0	0	3
2170	547	0	0.84765625	62.2281645	94.3409784	2.24598951	270.12295	171.096963	0	0	0	0	0	3
2175	548	0	0.849609375	85.5015992	93.6198013	2.24598951	269.25513	171.81814	0	0	0	0	0	3
2180	548	0	0.8515625	86.2177503	92.9048115	2.24598951	268.307329	172.53313	0	0	0	0	0	3
2185	549	0	0.853515625	86.4773028	92.194538	2.24598951	267.26164	173.243403	0	0	0	0	0	3
2190	550	0	0.85546875	86.4740897	91.4883366	2.24598951	266.106421	173.949605	0	0	0	0	0	3
2195	551	0	0.857421875	86.3156634	90.786029	2.24598951	264.844432	174.648704	0	0	0	0	0	3
2200	552	0	0.859375	85.9171697	90.0870943	2.24598951	263.487746	175.337171	0	0	0	0	0	3
2205	554	0	0.861328125	85.2544257	89.3908704	2.24598951	262.044376	176.015321	0	0	0	0	0	3
2210	555	0	0.86328125	84.4064411	88.6969723	2.24598951	260.520901	176.683233	0	0	0	0	0	3
2215	556	0	0.865234375	83.5454273	88.0056618	2.24598951	258.919948	177.340363	0	0	0	0	0	3
2220	556	0	0.8671875	82.7504328	87.3174996	2.24598951	257.242979	177.985877	0	0	0	0	0	3
2225	557	0	0.869140625	82.0854403	86.6332905	2.24598951	255.488487	178.6187	0	0	0	0	0	3
2230	558	0	0.87109375	81.6067282	85.9540649	2.24598951	253.653813	179.237518	0	0	0	0	0	3
2235	559	0	0.873046875	81.3612792	85.2810472	2.24598951	251.734449	179.84081	0	0	0	0	0	3
2240	560	0	0.875	81.3653632	84.6155429	2.24598951	249.725705	180.426952	0	0	0	0	0	3
2245	561	0	0.876953125	81.5845669	83.9587416	2.24598951	247.620963	180.994412	0	0	0	0	0	3
2250	562	0	0.87890625	81.9694585	83.3116654	2.24598951	245.40802	181.541768	0	0	0	0	0	3
2255	563	0	0.880859375	82.4804603	82.6752296	2.24598951	243.065132	182.067604	0	0	0	0	0	3
2260	564	0	0.8828125	83.1040118	82.0503815	2.24598951	240.552809	182.57028	0	0	0	0	0	3
2265	564	0	0.884765625	83.8406865	81.4382248	2.24598951	237.808512	183.047702	0	0	0	0	0	3
2270	565	0	0.88671875	84.7043316	80.8401616	2.24598951	234.762247	183.497147	0	0	0	0	0	3
2275	566	0	0.888671875	85.6970881	80.2578758	2.24598951	231.415022	183.91564	0	0	0	0	0	3
2280	567	0	0.890625	86.8152936	79.6930331	2.24598951	229.269968	184.307693	0	0	0	0	0	3
2285	568	0	0.892578125	88.0663163	79.1414564	2.24598951	225.555756	184.669886	0	0	0	0	0	3
2290	569	0	0.89453125	89.4427555	78.609765	2.24598951	221.774526	184.995515	0	0	0	0	0	3
2295	570	0	0.896484375	90.9154923	78.0985969	2.24598951	217.969893	185.284071	0	0	0	0	0	3
2300	571	0	0.8984375	92.4441319	77.6082619	2.24598951	214.179059	185.535554	0	0	0	0	0	3
2305	573	0	0.900390625	93.9842543	77.1387509	2.24598951	210.42805	185.750399	0	0	0	0	0	3
2310	574	0	0.90234375	95.4867518	76.6897614	2.24598951	206.736909	185.929426	0	0	0	0	0	3
2315	575	0	0.904296875	96.9022078	76.2607196	2.24598951	203.124533	186.073804	0	0	0	0	0	3
2320	575	0	0.90625	98.1802986	75.8507812	2.24598951	199.606385	186.185037	0	0	0	0	0	3
2325	576	0	0.908203125	99.2554521	75.4587854	2.24598951	196.195811	186.264995	0	0	0	0	0	3
2330	577	0	0.91015625	100.063371	75.0832681	2.24598951	192.903675	186.315889	0	0	0	0	0	3
2335	578	0	0.912109375	100.578331	74.7226222	2.24598951	189.735587	186.340086	0	0	0	0	0	3
2340	579	0	0.9140625	117.541096	74.4406125	2.24598951	186.690676	184.444686	0	0	0	0	0	3
2345	580	0	0.916015625	117.723846	74.1712108	2.24598951	183.76317	181.517181	0	0	0	0	0	3
2350	581	0	0.91796875	117.632565	73.9128881	2.24598951	180.943395	178.697406	0	0	0	0	0	3
2355	582	0	0.919921875	117.150988	73.663699	2.24598951	178.218136	175.972146	0	0	0	0	0	3
2360	582	0	0.921875	116.393282	73.4221957	2.24598951	175.568859	173.32287	0	0	0	0	0	3
2365	583	0	0.923828125	115.332266	73.1868965	2.24598951	172.975352	170.729363	0	0	0	0	0	3
2370	584	0	0.92578125	113.939408	72.9562873	2.24598951	170.422016	168.176026	0	0	0	0	0	3
2375	585	0	0.927734375	112.388094	72.7295923	2.24598951	167.902836	165.656847	0	0	0	0	0	3
2380	586	0	0.9296875	110.802436	72.5065439	2.24598951	165.420541	163.174551	0	0	0	0	0	3
2385	587	0	0.931640625	109.307477	72.2873522	2.24598951	162.983056	160.737067	0	0	0	0	0	3
2390	588	0	0.93359375	108.001413	72.0725802	2.24598951	160.599608	158.353618	0	0	0	0	0	3
2395	589	0	0.935546875	106.950679	71.863014	2.24598951	158.27801	156.03202	0	0	0	0	0	3
2400	589	0	0.9375	106.184099	71.6595222	2.24598951	156.022394	153.776404	0	0	0	0	0	3
2405	591	0	0.939453125	105.698825	71.4629458	2.24598951	153.833749	151.58776	0	0	0	0	0	3
2410	592	0	0.94140625	105.468277	71.2740181	2.24598951	151.711748	149.465758	0	0	0	0	0	3
2415	593	0	0.943359375	105.452859	71.0933194	2.24598951	149.656952	147.410963	0	0	0	0	0	3
2420	594	0	0.9453125	105.620372	70.9213015	2.24598951	147.672483	145.426493	0	0	0	0	0	3
2425	595	0	0.947265625	105.952247	70.7583318	2.24598951	145.765112	143.519123	0	0	0	0	0	3
2430	596	0	0.94921875	106.43546	70.6047003	2.24598951	143.945303	141.699313	0	0	0	0	0	3
2435	597	0	0.951171875	107.056014	70.4606016	2.24598951	142.227306	139.981316	0	0	0	0	0	3
2440	597	0	0.953125	107.782402	70.3260511	2.24598951	140.628192	138.382203	0	0	0	0	0	3
2445	598	0	0.955078125	108.538586	70.2007011	2.24598951	133.755514	131.509525	0	0	0	0	0	3
2450	599	0	0.95703125	109.288678	70.1672217	2.24598951	133.755514	131.509525	0	0	0	0	0	3
2455	600	0	0.958984375	110.016313	70.1424084	2.24598951	133.755514	131.509525	0	0	0	0	0	3
2460	601	0	0.9609375	110.713314	70.1254725	2.24598951	133.755514	131.509525	0	0	0	0	0	3
2465	602	0	0.962890625	111.375409	70.1146759	2.24598951	133.755514	131.509525	0	0	0	0	0	3
2470	603	0	0.96484375	111.998506	70.110214	2.24598951	133.755514	131.509525	0	0	0	0	0	3
2475	604	0	0.966796875	112.575306	70.1121423	2.24598951	133.755514	131.509525	0	0	0	0	0	3
2480	605	0	0.96875	113.088115	70.1192028	2.24598951	133.755514	131.509525	0	0	0	0	0	3
2485	605	0	0.970703125	113.507802	70.1300264	2.24598951	133.755514	131.509525	0	0	0	0	0	3
2490	606	0	0.97265625	113.789678	70.1436205	2.24598951	133.755514	131.509525	0	0	0	0	0	3
2495	607	0	0.974609375	113.902312	70.1590779	2.24598951	133.755514	131.509525	0	0	0	0	0	3
2500	608	0	0.9765625	113.859394	70.1756932	2.24598951	133.755514	131.509525	0	0	0	0	0	3
2505	610	0	0.978515625	113.682556	70.1930112	2.24598951	133.755514	131.509525	0	0	0	0	0	3
2510	611	0	0.98046875	122.29902	70.2457296	2.24598951	133.755514	131.509525	0	0	0	0	0	3
2515	612	0	0.982421875	121.981295	70.2995401	2.24598951	133.755514	131.509525	0	0	0	0	0	3
2520	613	0	0.984375	121.333248	70.3539456	2.24598951	133.755514	131.509525	0	0	0	0	0	3
2525	614	0	0.986328125	120.408631	70.4087811	2.24598951	133.755514	131.509525	0	0	0	0	0	3
2530	615	0	0.98828125	119.23048	70.4641941	2.24598951	133.755514	131.509525	0	0	0	0	0	3
2535	615	0	0.990234375	117.813944	70.5204629	2.24598951	133.755514	131.509525	0	0	0	0	0	3
2540	616	0	0.9921875	116.260966	70.5781077	2.24598951	133.755514	131.509525	0	0	0	0	0	3
2545	617	0	0.994140625	114.641747	70.6376128	2.24598951	133.755514	131.509525	0	0	0	0	0	3
2550	618	0	0.99609375	113.058059	70.6995006	2.24598951	133.755514	131.509525	0	0	0	0	0	3
2555	619	0	0.998046875	111.607563	70.7643312	2.24598951	133.755514	131.509525	0	0	0	0	0	3
2560	620	0	1	110.353552	70.8326029	2.24598951	133.755514	131.509525	8.27376096	0	6.2	0	0	3
2565	621	0	1.00195312	109.33337	70.9047159	2.24598951	133.755514	131.509525	8.27376096	0	6.2	0	0	3
2570	622	0	1.00390625	108.560643	70.9809996	2.24598951	133.755514	131.509525	8.27376096	0	6.2	0	0	3
2575	623	0	1.00585938	108.012862	71.0616093	2.24598951	133.755514	131.509525	8.27376096	0	6.2	0	0	3
2580	623	0	1.0078125	107.658712	71.1465658	2.24598951	133.755514	131.509525	8.27376096	0	6.2	0	0	3
2585	624	0	1.00976562	107.45229	71.2357536	2.24598951	133.755514	131.509525	8.27376096	0	6.2	0	0	3
2590	625	0	1.01171875	107.356949	71.3289769	2.24598951	133.755514	131.509525	8.27376096	0	6.2	0	0	3
2595	626	0	1.01367188	107.34392	71.426003	2.24598951	133.755514	131.509525	8.27376096	0	6.2	0	0	3
2600	627	0	1.015625	107.388492	71.5265889	2.24598951	133.755514	131.509525	8.27376096	0	6.2	0	0	3
2605	629	0	1.01757812	107.481992	71.6305527	2.24598951	133.755514	131.509525	8.27376096	0	6.2	0	0	3
2610	630	0	1.01953125	107.611232	71.7377545	2.24598951	133.755514	131.509525	8.27376096	0	6.2	0	0	3
2615	631	0	1.02148438	107.744744	71.8480192	2.24598951	133.755514	131.509525	8.27376096	0	6.2	0	0	3
2620	632	0	1.0234375	107.861122	72.0994744	2.24598951	133.755514	131.509525	8.27376096	0	6.2	0	0	3
2625	633	0	1.02539062	107.949561	72.3544528	2.24598951	133.755514	131.509525	8.27376096	0	6.2	0	0	3
2630	634	0	1.02734375	108.003576	72.6122178	2.24598951	133.755514	131.509525	8.27376096	0	6.2	0	0	3
2635	635	0	1.02929688	108.016493	72.8724652	2.24598951	133.755514	131.509525	8.27376096	0	6.2	0	0	3
2640	636	0	1.03125	107.984044	73.1350385	2.24598951	133.755514	131.509525	8.27376096	0	6.2	0	0	3
2645	637	0	1.03320312	107.90204	73.3998451	2.24598951	133.755514	131.509525	8.27376096	0	6.2	0	0	3
2650	637	0	1.03515625	107.767095	73.6665859	2.24598951	133.755514	131.509525	8.27376096	0	6.2	0	0	3
2655	638	0	1.03710938	107.570871	73.9344224	2.24598951	133.755514	131.509525	8.27376096	0	6.2	0	0	3
2660	639	0	1.0390625	107.30493	74.2030717	2.24598951	133.755514	131.509525	8.27376096	0	6.2	0	0	3
2665	640	0	1.04101562	106.95584	74.4727286	2.24598951	133.755514	131.509525	8.27376096	0	6.2	0	0	3
2670	641	0	1.04296875	106.501671	74.7436136	2.24598951	133.755514	131.509525	8.27376096	0	6.2	0	0	3
2675	642	0	1.04492188	106.495951	75.0180009	2.24598951	133.755514	131.509525	8.27376096	0	6.2	0	0	3
2680	643	0	1.046875	105.754616	75.2935798	2.24598951	133.755514	131.509525	8.27376096	0	6.2	0	0	3
2685	644	0	1.04882812	104.835794	75.5703504	2.24598951	133.755514	131.509525	8.27376096	0	6.2	0	0	3
2690	645	0	1.05078125	103.760102	75.8484021	2.24598951	133.755514	131.509525	8.27376096	0	6.2	0	0	3
2695	646	0	1.05273438	102.566524	76.1278415	2.24598951	133.755514	131.509525	8.27376096	0	6.2	0	0	3
2700	646	0	1.0546875	101.303644	76.4087337	2.24598951	133.755514	131.509525	8.27376096	0	6.2	0	0	3
2705	649	0	1.05664062	100.022054	76.6912211	2.24598951	133.755514	131.509525	8.27376096	0	6.2	0	0	3
2710	649	0	1.05859375	98.7696909	76.9755673	2.24598951	133.755514	131.509525	8.27376096	0	6.2	0	0	3
2715	650	0	1.06054688	97.590002	77.262122	2.24598951	133.755514	131.509525	8.27376096	0	6.2	0	0	3
2720	651	0	1.0625	96.5134191	77.5512901	2.24598951	133.755514	131.509525	8.27376096	0	6.2	0	0	3
2725	652	0	1.06445312	95.5589162	77.8434831	2.24598951	133.755514	131.509525	8.27376096	0	6.2	0	0	3
2730	653	0	1.06640625	94.7340035	78.1390343	2.24598951	133.755514	131.509525	8.27376096	0	6.2	0	0	3
2735	654	0	1.06835938	94.0361999	78.4381392	2.24598951	133.755514	131.509525	8.27376096	0	6.2	0	0	3
2740	655	0	1.0703125	93.4540659	78.7408262	2.24598951	133.755514	131.509525	8.27376096	0	6.2	0	0	3
2745	656	0	1.07226562	92.9674288	79.0469853	2.24598951	133.755514	131.509525	8.27376096	0	6.2	0	0	3
2750	657	0	1.07421875	92.5513751	79.3563804	2.24598951	133.755514	131.509525	8.27376096	0	6.2	0	0	3
2755	658	0	1.07617188	92.1807049	79.6686019	2.24598951	133.755514	131.509525	8.27376096	0	6.2	0	0	3
2760	659	0	1.078125	91.831945	79.9830096	2.24598951	133.755514	131.509525	8.27376096	0	6.2	0	0	3
2765	659	0	1.08007812	91.4842551	80.2987062	2.24598951	133.755514	131.509525	8.27376096	0	6.2	0	0	3
2770	660	0	1.08203125	91.1196605	80.6145544	2.24598951	133.755514	131.509525	8.27376096	0	6.2	0	0	3
2775	661	0	1.08398438	90.7258235	80.9293411	2.24598951	133.755514	131.509525	8.27376096	0	6.2	0	0	3
2780	662	0	1.0859375	90.2954206	81.2418808	2.24598951	133.755514	131.509525	8.27376096	0	6.2	0	0	3
2785	663	0	1.08789062	89.8321815	81.4561514	2.24598951	133.755514	131.509525	8.27376096	0	6.2	0	0	3
2790	664	0	1.08984375	89.3494015	81.6237926	2.24598951	133.755514	131.017624	8.27376096	0	6.3	0	0	3
2795	665	0	1.09179688	88.8598926	81.7482322	2.24598951	133.755514	130.23107	8.27376096	0	6.3	0	0	3
2800	666	0	1.09375	88.3717134	81.8403632	2.24598951	133.755514	129.461861	8.27376096	0	6.3	0	0	3
2805	668	0	1.09570312	87.8872056	81.9139817	2.24598951	133.755514	128.697916	8.27376096	0	6.4	0	0	3
2810	669	0	1.09765625	87.4038913	81.9812449	2.24598951	133.755514	127.930534	8.27376096	0	6.4	0	0	3
2815	670	0	1.09960938	86.9163046	82.0508951	2.24598951	133.755514	127.155713	8.27376096	0	6.5	0	0	3
2820	671	0	1.1015625	86.4175704	82.1269911	2.24598951	133.755514	126.373869	8.27376096	0	6.5	0	0	3
2825	672	0	1.10351562	85.8992763	82.2090645	2.24598951	133.755514	125.588011	8.27376096	0	6.5	0	0	3
2830	672	0	1.10546875	85.3529289	82.2941878	2.24598951	133.755514	124.802287	8.27376096	0	6.6	0	0	3
2835	673	0	1.10742188	84.773954	82.3780905	2.24598951	133.755514	124.021188	8.27376096	0	6.6	0	0	3
2840	674	0	1.109375	76.359519	82.4256977	2.24598951	133.755514	123.248249	8.27376096	0	6.7	0	0	3
2845	675	0	1.11132812	75.6568423	82.4636119	2.24598951	133.755514	122.486537	8.27376096	0	6.7	0	0	3
2850	676	0	1.11328125	74.97162	82.4888675	2.24598951	133.755514	121.738952	8.27376096	0	6.7	0	0	3
2855	677	0	1.11523438	74.3799414	82.4989494	2.24598951	133.755514	121.00798	8.27376096	0	6.8	0	0	3
2860	678	0	1.1171875	73.6950559	82.4911022	2.24598951	133.755514	120.295412	8.27376096	0	6.8	0	0	3
2865	679	0	1.11914062	72.9270092	82.4632474	2.24598951	133.755514	119.602136	8.27376096	0	6.9	0	0	3
2870	680	0	1.12109375	72.2097371	82.4146623	2.24598951	133.755514	118.928447	8.27376096	0	6.9	0	0	3
2875	681	0	1.12304688	71.5764416	82.3453922	2.24598951	133.755514	118.274228	8.27376096	0	6.9	0	0	3
2880	681	0	1.125	70.9965237	82.255775	2.24598951	133.755514	117.639295	8.27376096	0	7	0	0	3
2885	682	0	1.12695312	70.4402675	82.1461154	2.24598951	133.755514	117.023492	8.27376096	0	7	0	0	3
2890	683	0	1.12890625	69.8976442	82.0166234	2.24598951	133.755514	116.361154	8.27376096	0	7.1	0	0	3
2895	684	0	1.13085938	69.3654807	81.8673602	2.24598951	133.755514	115.716842	8.27376096	0	7.1	0	0	3
2900	685	0	1.1328125	68.8349	81.6987713	2.24598951	133.755514	115.089303	8.27376096	0	7.1	0	0	3
2905	687	0	1.13476562	68.2953895	81.511874	2.24598951	133.755514	114.476952	8.27376096	0	7.2	0	0	3
2910	688	0	1.13671875	67.7401264	81.3082666	2.24598951	133.755514	113.878217	8.27376096	0	7.2	0	0	3
2915	689	0	1.13867188	67.1634421	81.0896256	2.24598951	133.755514	113.291858	8.27376096	0	7.3	0	0	3
2920	690	0	1.140625	66.5611362	80.8572707	2.24598951	133.755514	112.716678	8.27376096	0	7.3	0	0	3
2925	691	0	1.14257812	65.9321762	80.6124302	2.24598951	133.755514	112.151068	8.27376096	0	7.3	0	0	3
2930	692	0	1.14453125	65.2771076	80.3566614	2.24598951	133.755514	111.593068	8.27376096	0	7.4	0	0	3
2935	693	0	1.14648438	64.5953225	80.0918705	2.24598951	133.755514	111.040468	8.27376096	0	7.4	0	0	3
2940	693	0	1.1484375	63.8872131	79.8202282	2.24598951	133.755514	110.490504	8.27376096	0	7.4	0	0	3
2945	694	0	1.15039062	63.1576319	79.5444552	2.24598951	133.189083	109.939651	8.27376096	0	7.5	0	0	3
2950	695	0	1.15234375	62.4142184	79.2679909	2.24598951	131.923053	109.385183	8.27376096	0	7.5	0	0	3
2955	696	0	1.15429688	61.6668918	78.9935528	2.24598951	129.565443	108.822863	8.27376096	0	7.6	0	0	3
2960	697	0	1.15625	60.9268907	78.7254334	2.24598951	126.051472	108.248173	8.27376096	0	7.6	0	0	3
2965	698	0	1.15820312	60.2074655	78.4682303	2.24598951	122.610149	107.661426	8.27376096	0	7.6	0	0	3
2970	699	0	1.16015625	59.522221	78.2217931	2.24598951	122.29902	107.057263	8.27376096	0	7.7	0	0	3
2975	700	0	1.16210938	58.8824327	77.9916694	2.24598951	122.29902	106.437477	8.27376096	0	7.7	0	0	3
2980	701	0	1.1640625	58.2960993	77.7763205	2.24598951	122.29902	105.802668	8.27376096	0	7.8	0	0	3
2985	702	0	1.16601562	57.7692918	77.5753557	2.24598951	122.29902	105.152655	8.27376096	0	7.8	0	0	3
2990	703	0	1.16796875	57.306915	77.389217	2.24598951	122.29902	104.49208	8.27376096	0	7.9	0	0	3
2995	704	0	1.16992188	56.9130153	77.2135513	2.24598951	122.29902	103.818787	8.27376096	0	7.9	0	0	3
3000	704	0	1.171875	56.5901596	77.05076	2.24598951	122.29902	103.133854	8.27376096	0	8	0	0	3
3005	707	0	1.17382812	56.3385226	76.9000351	2.24598951	122.29902	102.442727	8.27376096	0	8	0	0	3
3010	707	0	1.17578125	42.3798243	76.7023986	2.24598951	122.29902	101.746093	8.27376096	0	8.1	0	0	3
3015	708	0	1.17773438	42.1577579	76.510834	2.24598951	122.29902	101.043108	8.27376096	0	8.1	0	0	3
3020	709	0	1.1796875	42.0675945	76.3267326	2.24598951	122.29902	100.340704	8.27376096	0	8.2	0	0	3
3025	710	0	1.18164062	42.03299	76.1433533	2.24598951	122.29902	99.6323857	8.27376096	0	8.3	0	0	3
3030	711	0	1.18359375	42.0366656	75.967338	2.24598951	122.29902	98.9232544	8.27376096	0	8.3	0	0	3
3035	712	0	1.18554688	42.0857372	75.7937304	2.24598951	122.29902	98.2123342	8.27376096	0	8.4	0	0	3
3040	713	0	1.1875	42.1470971	75.6235382	2.24598951	122.29902	97.5000461	8.27376096	0	8.4	0	0	3
3045	714	0	1.18945312	42.1611831	75.4561753	2.24598951	122.29902	96.7854065	8.27376096	0	8.5	0	0	3
3050	715	0	1.19140625	42.1062058	75.2923487	2.24598951	122.29902	96.0717041	8.27376096	0	8.6	0	0	3
3055	716	0	1.19335938	41.9648031	75.1284274	2.24598951	122.29902	95.3580395	8.27376096	0	8.6	0	0	3
3060	717	0	1.1953125	41.7248305	74.9649219	2.24598951	122.29902	94.5961842	8.27376096	0	8.7	0	0	3
3065	717	0	1.19726562	41.3716133	74.8022991	2.24598951	122.29902	93.8319171	8.27376096	0	8.8	0	0	3
3070	718	0	1.19921875	40.9036085	74.6412757	2.24598951	122.29902	93.0624356	8.27376096	0	8.8	0	0	3
3075	719	0	1.20117188	40.3310327	74.4841809	2.24598951	122.29902	92.2896791	8.27376096	0	8.9	0	0	3
3080	720	0	1.203125	39.6817158	74.3288463	2.24598951	122.29902	91.5115051	8.27376096	0	9	0	0	3
3085	721	0	1.20507812	38.9860402	74.1773681	2.24598951	122.29902	90.7312052	8.27376096	0	9.1	0	0	3
3090	722	0	1.20703125	38.2691155	74.0264617	2.24598951	122.29902	89.937042	8.27376096	0	9.1	0	0	3
3095	723	0	1.20898438	37.5468601	73.8878812	2.24598951	122.29902	89.1372485	8.27376096	0	9.2	0	0	3
3100	724	0	1.2109375	36.8224034	73.7533962	2.24598951	122.29902	88.3257031	8.27376096	0	9.3	0	0	3
3105	726	0	1.21289062	36.0966245	73.6291092	2.24598951	122.29902	87.5016575	8.27376096	0	9.4	0	0	3
3110	727	0	1.21484375	35.3732462	73.5157599	2.24598951	122.29902	86.6645105	8.27376096	0	9.5	0	0	3
3115	727	0	1.21679688	34.6529175	73.4140007	2.24598951	122.29902	85.8079441	8.27376096	0	9.6	0	0	3
3120	728	0	1.21875	33.9399667	73.330181	2.24598951	122.29902	84.9374367	8.27376096	0	9.7	0	0	3
3125	729	0	1.22070312	33.2472915	73.2589102	2.24598951	122.29902	84.0528521	8.27376096	0	9.8	0	0	3
3130	730	0	1.22265625	32.5921492	73.2004736	2.24598951	122.29902	83.1520371	8.27376096	0	9.9	0	0	3
3135	731	0	1.22460938	31.9932754	73.1572476	2.24598951	122.29902	82.2364298	8.27376096	0	10	0	0	3
3140	732	0	1.2265625	31.4681141	73.1280775	2.24598951	122.29902	81.3062059	8.27376096	0	10.1	0	0	3
3145	733	0	1.22851562	31.0344704	73.1131247	2.24598951	122.29902	80.3624328	8.27376096	0	10.2	0	0	3
3150	734	0	1.23046875	30.7081876	73.1117409	2.24598951	122.29902	79.4052136	8.27376096	0	10.4	0	0	3
3155	735	0	1.23242188	30.4912636	73.1242465	2.24598951	122.29902	78.4391643	8.27376096	0	10.5	0	0	3
3160	736	0	1.234375	30.3863982	73.1464478	2.24598951	122.29902	77.4643274	8.27376096	0	10.6	0	0	3
3165	737	0	1.23632812	30.388717	73.1787001	2.24598951	122.29902	76.4828907	8.27376096	0	10.8	0	0	3
3170	737	0	1.23828125	30.4996675	73.2192347	2.24598951	122.29902	75.4947294	8.27376096	0	10.9	0	0	3
3175	738	0	1.24023438	16.4316204	73.212805	2.24598951	122.29902	74.5025464	8.27376096	0	11.1	0	0	3
3180	739	0	1.2421875	16.7545016	73.2129128	2.24598951	122.29902	73.5048611	8.27376096	0	11.2	0	0	3
3185	740	0	1.24414062	17.220252	73.2215782	2.24598951	122.29902	72.5053565	8.27376096	0	11.4	0	0	3
3190	741	0	1.24609375	17.69711	73.2351363	2.24598951	122.29902	71.5049371	8.27376096	0	11.5	0	0	3
3195	742	0	1.24804688	18.2804317	73.2530895	2.24598951	122.29902	70.501588	8.27376096	0	11.7	0	0	3
3200	743	0	1.25	19.0385333	73.2781182	2.24598951	122.29902	69.5023338	8.27376096	0	11.9	0	0	3
3205	745	0	1.25195312	19.7135773	73.302849	2.24598951	122.29902	68.5052043	8.27376096	0	12	0	0	3
3210	746	0	1.25390625	20.1833773	73.3284741	2.24598951	122.29902	67.5099673	8.27376096	0	12.2	0	0	3
3215	747	0	1.25585938	20.4691118	73.3544973	2.24598951	122.29902	66.5188517	8.27376096	0	12.4	0	0	3
3220	748	0	1.2578125	20.6140571	73.3781294	2.24598951	122.29902	65.5289524	8.27376096	0	12.6	0	0	3
3225	749	0	1.25976562	20.6281465	73.4017411	2.24598951	122.29902	64.5018627	8.27376096	0	12.8	0	0	3
3230	750	0	1.26171875	20.4949678	73.4278987	2.24598951	122.29902	63.474579	8.27376096	0	13	0	0	3
3235	751	0	1.26367188	20.2275429	73.4543047	2.24598951	122.29902	62.4413863	8.27376096	0	13.2	0	0	3
3240	752	0	1.265625	19.8340887	73.4860115	2.24598951	122.29902	61.3992866	8.27376096	0	13.4	0	0	3
3245	753	0	1.26757812	19.3310622	73.5256101	2.24598951	122.29902	60.3459931	8.27376096	0	13.7	0	0	3
3250	754	0	1.26953125	18.7742112	73.575216	2.24598951	122.29902	59.2787989	8.27376096	0	13.9	0	0	3
3255	754	0	1.27148438	18.2195124	73.6376125	3.80166885	122.29902	58.2187705	8.27376096	0	14.2	0	0	3
3260	755	0	1.2734375	17.6908913	73.6918673	5.75401159	122.29902	57.1674547	8.27376096	0	14.4	0	0	3
3265	756	0	1.27539062	17.1877997	73.7365305	7.63590277	122.29902	56.1246058	8.27376096	0	14.7	0	0	3
3270	757	0	1.27734375	16.6916507	73.7719046	9.40020079	122.29902	55.0897786	8.27376096	0	15	0	0	3
3275	758	0	1.27929688	16.1847439	73.7984067	11.039826	122.29902	54.0624897	8.27376096	0	15.3	0	0	3
3280	759	0	1.28125	15.6611352	73.8164587	15.6611352	122.29902	53.1457199	8.27376096	0	15.5	0	0	3
3285	760	0	1.28320312	15.1331291	73.7230533	15.1331291	122.29902	52.2356134	8.27376096	0	15.8	0	0	3
3290	761	0	1.28515625	14.6254424	73.6221283	14.6254424	122.29902	51.3311522	8.27376096	0	16.1	0	0	3
3295	762	0	1.28710938	14.1654601	73.5148885	14.1654601	122.29902	50.4316687	8.27376096	0	16.4	0	0	3
3300	763	0	1.2890625	13.7764143	73.4022765	13.7764143	122.29902	49.5363613	8.27376096	0	16.7	0	0	3
3305	765	0	1.29101562	13.485433	73.2854859	13.485433	122.29902	48.6444006	8.27376096	0	17	0	0	3
3310	766	0	1.29296875	13.3055562	73.1657768	13.3055562	122.29902	47.7546214	8.27376096	0	17.3	0	0	3
3315	767	0	1.29492188	13.2370226	73.0447455	13.2370226	122.29902	46.8657833	8.27376096	0	17.6	0	0	3
3320	768	0	1.296875	13.2733712	72.9240453	13.2370226	122.29902	45.9768338	8.27376096	0	17.9	0	0	3
3325	769	0	1.29882812	13.405825	72.805078	13.2370226	122.29902	45.0875442	8.27376096	0	18.3	0	0	3
3330	770	0	1.30078125	13.6533831	72.6884952	13.2370226	122.29902	44.1981276	8.27376096	0	18.7	0	0	3
3335	770	0	1.30273438	14.0402964	72.5746035	13.2370226	122.29902	43.3087817	8.27376096	0	19.1	0	0	3
3340	771	0	1.3046875	14.5744473	72.4637663	13.2370226	122.29902	42.4196145	8.27376096	0	19.5	0	0	3
3345	772	0	1.30664062	6.17719336	72.3209302	6.17719336	122.29902	41.5308181	8.27376096	0	19.9	0	0	3
3350	773	0	1.30859375	6.90785496	72.1815142	6.17719336	122.29902	40.6427541	8.27376096	0	20.3	0	0	3
3355	774	0	1.31054688	7.62734498	72.0450865	6.17719336	122.29902	39.7559412	8.27376096	0	20.8	0	0	3
3360	775	0	1.3125	8.44661433	71.911501	6.17719336	122.29902	38.8708634	8.27376096	0	21.2	0	0	3
3365	776	0	1.31445312	9.46133467	71.781001	6.17719336	122.29902	37.9879499	8.27376096	0	21.7	0	0	3
3370	777	0	1.31640625	10.3773803	71.6527316	6.17719336	122.29902	37.1075912	8.27376096	0	22.2	0	0	3
3375	778	0	1.31835938	11.0958883	71.5254684	6.17719336	122.29902	36.2301808	8.27376096	0	22.8	0	0	3
3380	779	0	1.3203125	11.6411381	71.3980727	6.17719336	122.29902	35.356156	8.27376096	0	23.4	0	0	3
3385	780	0	1.32226562	12.0488843	71.2695173	6.17719336	122.29902	34.4859322	8.27376096	0	23.9	0	0	3
3390	781	0	1.32421875	12.3160095	71.1387983	6.17719336	122.29902	33.619987	8.27376096	0	24.6	0	0	3
3395	782	0	1.32617188	12.4249811	71.0048153	6.17719336	122.29902	32.7313589	8.27376096	0	25.2	0	0	3
3400	783	0	1.328125	12.3910817	70.8664975	6.17719336	122.29902	31.8480696	8.27376096	0	25.9	0	0	3
3405	785	0	1.33007812	12.2619509	70.7229359	6.17719336	122.29902	30.9708256	8.27376096	0	26.7	0	0	3
3410	786	0	1.33203125	12.0780967	70.573394	6.17719336	122.29902	30.1003562	8.27376096	0	27.4	0	0	3
3415	787	0	1.33398438	11.874819	70.417311	6.17719336	122.29902	29.2373771	8.27376096	0	28.2	0	0	3
3420	788	0	1.3359375	11.6902045	70.2543029	6.17719336	122.29902	28.3824876	8.27376096	0	29.1	0	0	3
3425	789	0	1.33789062	11.5335841	70.0841468	6.17719336	122.29902	27.5620939	8.27376096	0	30	0	0	3
3430	789	0	1.33984375	11.3970597	69.9068719	6.17719336	122.29902	26.9013447	8.27376096	0	30.7	0	0	3
3435	790	0	1.34179688	11.2701216	69.7227794	6.17719336	122.29902	26.2555859	8.27376096	0	31.5	0	0	3
3440	791	0	1.34375	11.1386459	69.53237	6.17719336	122.29902	25.6238194	8.27376096	0	32.2	0	0	3
3445	792	0	1.34570312	10.9923279	69.3363286	6.17719336	122.29902	25.0046498	8.27376096	0	33	0	0	3
3450	793	0	1.34765625	10.8368592	69.1355813	6.17719336	122.29902	24.48422	8.27376096	0	33.7	0	0	3
3455	794	0	1.34960938	10.6909879	68.8433524	6.17719336	122.29902	24.0614591	8.27376096	0	34.3	0	0	3
3460	795	0	1.3515625	10.5725065	68.5478631	6.17719336	122.29902	23.6466748	8.27376096	0	34.9	0	0	3
3465	796	0	1.35351562	10.5002897	68.2510779	6.17719336	122.29902	23.2372587	8.27376096	0	35.6	0	0	3
3470	797	0	1.35546875	10.4835797	67.95424	6.17719336	122.29902	22.831789	8.27376096	0	36.2	0	0	3
3475	798	0	1.35742188	10.533645	67.6582165	6.17719336	122.29902	22.4288779	8.27376096	0	36.8	0	0	3
3480	799	0	1.359375	10.6638024	67.364258	6.17719336	122.29902	22.0266124	8.27376096	0	37.5	0	0	3
3485	800	0	1.36132812	10.8836326	67.0737471	6.17719336	122.29902	21.6232251	8.27376096	0	38.2	0	0	3
3490	801	0	1.36328125	11.2003689	66.7877859	6.17719336	122.29902	21.2178759	8.27376096	0	38.9	0	0	3
3495	802	0	1.36523438	11.6094917	66.5067861	6.17719336	122.29902	20.8107135	8.27376096	0	39.7	0	0	3
3500	802	0	1.3671875	12.0994901	66.2308059	6.17719336	122.29902	20.4024846	8.27376096	0	40.5	0	0	3
3505	805	0	1.36914062	12.663095	65.9596249	6.17719336	122.29902	19.99444	8.27376096	0	41.3	0	0	3
3510	806	0	1.37109375	12.071437	65.6880026	6.17719336	122.29902	19.5930445	8.27376096	0	42.2	0	0	3
3515	806	0	1.37304688	12.7704034	65.4200695	6.17719336	122.29902	19.1954734	8.27376096	0	43.1	0	0	3
3520	807	0	1.375	13.5319808	65.1550954	6.17719336	122.29902	18.8036462	8.27376096	0	44	0	0	3
3525	808	0	1.37695312	14.3168283	64.8923308	6.17719336	122.29902	18.4193347	8.27376096	0	44.9	0	0	3
3530	809	0	1.37890625	15.1049603	64.6311413	6.17719336	122.29902	18.0440883	8.27376096	0	45.8	0	0	3
3535	810	0	1.38085938	15.8742724	64.3709609	6.17719336	122.29902	18.1279885	8.27376096	0	45.6	0	0	3
3540	811	0	1.3828125	16.5824865	64.1111112	6.17719336	122.29902	18.3878382	8.27376096	0	44.9	0	0	3
3545	812	0	1.38476562	17.1961542	63.850781	6.17719336	122.29902	18.6481684	8.27376096	0	44.3	0	0	3
3550	813	0	1.38671875	17.7018562	63.5890526	6.17719336	122.29902	18.9098968	8.27376096	0	43.7	0	0	3
3555	814	0	1.38867188	18.1002762	63.3250025	6.17719336	122.29902	19.1739468	8.27376096	0	43.1	0	0	3
3560	815	0	1.390625	18.4042962	63.0577721	6.17719336	122.29902	19.4411773	8.27376096	0	42.5	0	0	3
3565	816	0	1.39257812	18.6325589	62.7865465	6.17719336	122.29902	19.7124029	8.27376096	0	41.9	0	0	3
3570	817	0	1.39453125	18.8043567	62.5106152	6.17719336	122.29902	19.9883342	8.27376096	0	41.3	0	0	3
3575	818	0	1.39648438	18.9395217	62.2294591	6.17719336	122.29902	20.2694903	8.27376096	0	40.8	0	0	3
3580	819	0	1.3984375	19.0613022	61.9428074	6.17719336	122.29902	20.556142	8.27376096	0	40.2	0	0	3
3585	820	0	1.40039062	19.1941679	61.6506586	6.17719336	122.29902	20.8482907	8.27376096	0	39.6	0	0	3
3590	821	0	1.40234375	19.3590906	61.3532849	6.17719336	122.29902	21.1456644	8.27376096	0	39.1	0	0	3
3595	821	0	1.40429688	19.5659956	61.0511904	6.17719336	122.29902	21.447759	8.27376096	0	38.5	0	0	3
3600	822	0	1.40625	19.8132915	60.7450692	6.17719336	122.29902	21.7538801	8.27376096	0	38	0	0	3
3605	824	0	1.40820312	20.0889827	60.4358252	6.17719336	122.29902	22.0631241	8.27376096	0	37.5	0	0	3
3610	825	0	1.41015625	20.3705327	60.1245251	6.17719336	122.29902	22.3744243	8.27376096	0	36.9	0	0	3
3615	826	0	1.41210938	20.6405747	59.8122682	6.17719336	122.29902	22.6866812	8.27376096	0	36.4	0	0	3
3620	827	0	1.4140625	20.894794	59.4347436	6.17719336	122.29902	23.0642058	8.27376096	0	35.8	0	0	3
3625	828	0	1.41601562	21.1370485	59.0574514	6.17719336	122.29902	23.441498	8.27376096	0	35.2	0	0	3
3630	829	0	1.41796875	21.3772535	58.6814541	6.17719336	122.29902	23.8174953	8.27376096	0	34.7	0	0	3
3635	830	0	1.41992188	21.6283682	58.3083189	6.17719336	122.29902	24.1906305	8.27376096	0	34.2	0	0	3
3640	831	0	1.421875	21.9017111	57.9392112	6.17719336	122.29902	24.5597382	8.27376096	0	33.6	0	0	3
3645	832	0	1.42382812	22.2039944	57.5754289	6.17719336	122.29902	24.9235205	8.27376096	0	33.1	0	0	3
3650	833	0	1.42578125	22.5367544	57.2183872	6.17719336	122.29902	25.2805621	8.27376096	0	32.7	0	0	3
3655	834	0	1.42773438	22.8979227	56.8688163	6.17719336	122.29902	25.6301331	8.27376096	0	32.2	0	0	3
3660	835	0	1.4296875	23.2824584	56.5269414	6.17719336	122.29902	25.972008	8.27376096	0	31.8	0	0	3
3665	835	0	1.43164062	23.683391	56.1924723	6.17719336	122.29902	26.3064771	8.27376096	0	31.4	0	0	3
3670	836	0	1.43359375	24.0938751	55.8647084	6.17719336	122.29902	26.6342409	8.27376096	0	31	0	0	3
3675	837	0	1.43554688	29.773056	55.5632334	6.17719336	122.29902	26.935716	8.27376096	0	30.7	0	0	3
3680	838	0	1.4375	30.2264572	55.2665238	6.17719336	122.29902	27.2324255	8.27376096	0	30.3	0	0	3
3685	839	0	1.43945312	30.6317429	54.973293	6.17719336	122.29902	27.5256563	8.27376096	0	30	0	0	3
3690	840	0	1.44140625	31.0151434	54.6824605	6.17719336	122.29902	27.8164889	8.27376096	0	29.7	0	0	3
3695	841	0	1.44335938	31.4624206	54.3934353	6.17719336	122.29902	28.105514	8.27376096	0	29.4	0	0	3
3700	842	0	1.4453125	31.9414802	54.1056272	6.17719336	122.29902	28.3933222	8.27376096	0	29.1	0	0	3
3705	844	0	1.44726562	32.3763978	53.8182215	6.17719336	122.29902	28.6807279	8.27376096	0	28.8	0	0	3
3710	845	0	1.44921875	32.7548352	53.5304066	6.17719336	122.29902	28.9685428	8.27376096	0	28.5	0	0	3
3715	846	0	1.45117188	33.1041399	53.241532	6.17719336	122.29902	29.2574173	8.27376096	0	28.2	0	0	3
3720	847	0	1.453125	33.4535163	52.9511848	6.17719336	122.29902	29.5477645	8.27376096	0	28	0	0	3
3725	848	0	1.45507812	33.8010449	52.6592413	6.17719336	122.29902	29.839708	8.27376096	0	27.7	0	0	3
3730	849	0	1.45703125	34.1404203	52.3656934	6.17719336	122.29902	30.1332559	8.27376096	0	27.4	0	0	3
3735	849	0	1.45898438	34.471167	52.0705952	6.17719336	122.29902	30.4283542	8.27376096	0	27.1	0	0	3
3740	850	0	1.4609375	34.8001254	51.7740593	6.17719336	122.29902	30.72489	8.27376096	0	26.9	0	0	3
3745	851	0	1.46289062	35.1409923	51.4762686	6.17719336	122.29902	31.0226807	8.27376096	0	26.6	0	0	3
3750	852	0	1.46484375	35.5071121	51.1774741	6.17719336	122.29902	31.3214752	8.27376096	0	26.4	0	0	3
3755	853	0	1.46679688	35.9047644	50.8779798	6.17719336	122.29902	31.6209695	8.27376096	0	26.1	0	0	3
3760	854	0	1.46875	36.3333455	50.5781565	6.17719336	122.29902	31.9207929	8.27376096	0	25.9	0	0	3
3765	855	0	1.47070312	36.7887108	50.2784725	6.17719336	122.29902	32.2204768	8.27376096	0	25.6	0	0	3
3770	856	0	1.47265625	37.2640633	49.9795444	6.17719336	122.29902	32.519405	8.27376096	0	25.4	0	0	3
3775	857	0	1.47460938	37.7509232	49.682078	6.17719336	122.29902	32.8168714	8.27376096	0	25.2	0	0	3
3780	858	0	1.4765625	38.2411034	49.3866941	6.17719336	122.29902	33.1122553	8.27376096	0	24.9	0	0	3
3785	859	0	1.47851562	38.7279354	49.0939026	6.17719336	122.29902	33.4050468	8.27376096	0	24.7	0	0	3
3790	860	0	1.48046875	39.2061125	48.7693209	6.17719336	121.981295	33.7296285	8.27376096	0	24.5	0	0	3
3795	861	0	1.48242188	39.6710542	48.4477965	6.17719336	121.333248	34.0511528	8.27376096	0	24.2	0	0	3
3800	862	0	1.484375	40.1187232	48.1305523	6.17719336	120.408631	34.3683971	8.27376096	0	24	0	0	3
3805	863	0	1.48632812	40.5455477	47.8185871	6.17719336	119.23048	34.6803623	8.27376096	0	23.8	0	0	3
3810	864	0	1.48828125	40.9481759	47.5127969	6.17719336	117.813944	34.9861525	8.27376096	0	23.6	0	0	3
3815	865	0	1.49023438	41.3222808	47.2140013	6.17719336	116.260966	35.2849481	8.27376096	0	23.4	0	0	3
3820	866	0	1.4921875	41.6632078	46.9226038	6.17719336	114.641747	35.5763456	8.27376096	0	23.2	0	0	3
3825	867	0	1.49414062	41.9670795	46.6387184	6.17719336	113.058059	35.860231	8.27376096	0	23	0	0	3
3830	868	0	1.49609375	42.2300274	46.3620464	6.17719336	111.607563	36.136903	8.27376096	0	22.8	0	0	3
3835	869	0	1.49804688	42.4485231	46.0918939	6.17719336	110.353552	36.4070555	8.27376096	0	22.7	0	0	3
3840	870	0	1.5	42.6190763	45.8273061	6.17719336	109.33337	36.6716433	8.27376096	0	22.5	0	0	3
3845	871	0	1.50195312	51.0292155	45.5995555	6.17719336	108.560643	36.8993939	8.27376096	0	22.4	0	0	3
3850	872	0	1.50390625	51.1130599	45.3751509	6.17719336	108.016493	37.1237985	8.27376096	0	22.2	0	0	3
3855	873	0	1.50585938	51.1633129	45.1530823	6.17719336	108.016493	37.345867	8.27376096	0	22.1	0	0	3
3860	874	0	1.5078125	51.1985672	44.9325349	6.17719336	108.016493	37.5664145	8.27376096	0	22	0	0	3
3865	875	0	1.50976562	51.2427534	44.7129664	6.17719336	108.016493	37.785983	8.27376096	0	21.8	0	0	3
3870	876	0	1.51171875	51.2875529	44.4939453	6.17719336	108.016493	38.0050041	8.27376096	0	21.7	0	0	3
3875	877	0	1.51367188	51.2980311	44.275016	6.17719336	108.016493	38.2239333	8.27376096	0	21.6	0	0	3
3880	878	0	1.515625	51.3115061	44.0559653	6.17719336	108.016493	38.442984	8.27376096	0	21.5	0	0	3
3885	879	0	1.51757812	51.3708885	43.8367813	6.17719336	108.016493	38.662168	8.27376096	0	21.4	0	0	3
3890	880	0	1.51953125	51.4964759	43.6175831	6.17719336	108.016493	38.8813663	8.27376096	0	21.2	0	0	3
3895	881	0	1.52148438	51.6825911	43.3985903	6.17719336	108.016493	39.1003591	8.27376096	0	21.1	0	0	3
3900	882	0	1.5234375	51.9263304	43.180095	6.17719336	108.016493	39.3188544	8.27376096	0	21	0	0	3
3905	883	0	1.52539062	52.231371	42.9624458	6.17719336	108.016493	39.5365036	8.27376096	0	20.9	0	0	3
3910	884	0	1.52734375	52.5935264	42.7460003	6.17719336	108.016493	39.7529491	8.27376096	0	20.8	0	0	3
3915	885	0	1.52929688	52.9976047	42.5310828	6.17719336	107.984044	39.9678666	8.27376096	0	20.7	0	0	3
3920	886	0	1.53125	53.4252842	42.3179626	6.17719336	107.90204	40.1809868	8.27376096	0	20.5	0	0	3
3925	887	0	1.53320312	53.8617193	42.1068676	6.17719336	107.767095	40.3920818	8.27376096	0	20.4	0	0	3
3930	888	0	1.53515625	54.2997732	41.8980109	6.17719336	107.570871	40.6009385	8.27376096	0	20.3	0	0	3
3935	889	0	1.53710938	54.7418554	41.6916475	6.17719336	107.30493	40.8073018	8.27376096	0	20.2	0	0	3
3940	890	0	1.5390625	55.1964731	41.4880989	6.17719336	106.95584	41.0108505	8.27376096	0	20.1	0	0	3
3945	891	0	1.54101562	55.67294	41.287775	6.17719336	106.501671	41.2111743	8.27376096	0	20	0	0	3
3950	892	0	1.54296875	56.1721805	41.0911755	6.17719336	106.495951	41.4077739	8.27376096	0	19.9	0	0	3
3955	893	0	1.54492188	56.6853079	40.8966027	6.17719336	105.754616	41.6023467	8.27376096	0	19.8	0	0	3
3960	894	0	1.546875	57.1988958	40.7069319	6.17719336	104.835794	41.7920175	8.27376096	0	19.7	0	0	3
3965	895	0	1.54882812	57.698387	40.5228014	6.17719336	103.760102	41.976148	8.27376096	0	19.7	0	0	3
3970	896	0	1.55078125	58.1687259	40.3447101	6.17719336	102.566524	42.1542393	8.27376096	0	19.6	0	0	3
3975	897	0	1.55273438	58.5946776	40.172945	6.17719336	101.303644	42.3260043	8.27376096	0	19.5	0	0	3
3980	898	0	1.5546875	58.9618268	40.0075473	6.17719336	100.022054	42.491402	8.27376096	0	19.4	0	0	3
3985	899	0	1.55664062	59.2595391	39.8483187	6.17719336	98.7696909	42.6506306	8.27376096	0	19.3	0	0	3
3990	900	0	1.55859375	59.4784759	39.6948374	6.17719336	97.590002	42.8041119	8.27376096	0	19.3	0	0	3
3995	901	0	1.56054688	59.6109588	39.5464818	6.17719336	96.5134191	42.9524676	8.27376096	0	19.2	0	0	3
4000	902	0	1.5625	59.6644651	39.4025406	6.17719336	95.5589162	43.0964088	8.27376096	0	19.1	0	0	3
4005	904	0	1.56445312	59.6467978	39.2622589	6.17719336	94.7340035	43.2366905	8.27376096	0	19.1	0	0	3
4010	905	0	1.56640625	67.5058212	39.1558988	6.17719336	94.0361999	43.3430506	8.27376096	0	19	0	0	3
4015	906	0	1.56835938	67.4151716	39.0519104	6.17719336	93.4540659	43.447039	8.27376096	0	19	0	0	3
4020	907	0	1.5703125	67.2374864	38.9495019	6.17719336	92.9674288	43.5494475	8.27376096	0	18.9	0	0	3
4025	908	0	1.57226562	67.0161625	38.8481297	6.17719336	92.5513751	43.6508196	8.27376096	0	18.9	0	0	3
4030	909	0	1.57421875	66.731392	38.7472704	6.17719336	92.1807049	43.7516789	8.27376096	0	18.9	0	0	3
4035	910	0	1.57617188	66.379453	38.6464843	6.17719336	91.831945	43.8524651	8.27376096	0	18.8	0	0	3
4040	911	0	1.578125	66.0321476	38.5457038	6.17719336	91.4842551	43.9532455	8.27376096	0	18.8	0	0	3
4045	912	0	1.58007812	65.7195539	38.4450605	6.17719336	91.1196605	44.0538889	8.27376096	0	18.7	0	0	3
4050	913	0	1.58203125	65.4692334	38.3448635	6.17719336	90.7258235	44.1540859	8.27376096	0	18.7	0	0	3
4055	914	0	1.58398438	65.2983954	38.2455376	6.17719336	90.2954206	44.2534118	8.27376096	0	18.6	0	0	3
4060	915	0	1.5859375	65.2161831	38.1475718	6.17719336	89.8321815	44.3513775	8.27376096	0	18.6	0	0	3
4065	915	0	1.58789062	65.2276138	38.0514602	6.17719336	89.3494015	44.4474891	8.27376096	0	18.6	0	0	3
4070	916	0	1.58984375	65.3196935	37.9575942	6.17719336	88.8598926	44.5413552	8.27376096	0	18.5	0	0	3
4075	917	0	1.59179688	65.4815639	37.8662726	6.17719336	88.3717134	44.6326768	8.27376096	0	18.5	0	0	3
4080	918	0	1.59375	65.7105232	37.7777523	6.17719336	87.8872056	44.7211971	8.27376096	0	18.5	0	0	3
4085	919	0	1.59570312	65.9961987	37.6922406	6.17719336	87.4038913	44.8067088	8.27376096	0	18.4	0	0	3
4090	920	0	1.59765625	66.3000871	37.6098038	6.17719336	86.9163046	44.8891455	8.27376096	0	18.4	0	0	3
4095	921	0	1.59960938	66.6028592	37.5304544	6.17719336	86.4175704	44.9684949	8.27376096	0	18.3	0	0	3
4100	922	0	1.6015625	66.90408	37.4542299	6.17719336	85.8992763	45.0447195	8.27376096	0	18.3	0	0	3
4105	924	0	1.60351562	67.2084422	37.3812188	6.17719336	85.3529289	45.1177306	8.27376096	0	18.3	0	0	3
4110	925	0	1.60546875	67.5191048	37.3115554	6.17719336	84.773954	45.187394	8.27376096	0	18.3	0	0	3
4115	926	0	1.60742188	67.8377217	37.2453983	6.17719336	76.359519	45.2535511	8.27376096	0	18.2	0	0	3
4120	927	0	1.609375	68.1657159	37.2133912	6.17719336	75.6568423	45.2855582	8.27376096	0	18.2	0	0	3
4125	928	0	1.61132812	68.5011831	37.1854394	6.17719336	74.97162	45.3135099	8.27376096	0	18.2	0	0	3
4130	929	0	1.61328125	68.8378495	37.1614794	6.17719336	74.3799414	45.33747	8.27376096	0	18.2	0	0	3
4135	930	0	1.61523438	69.1658928	37.141112	6.17719336	73.6950559	45.3499902	8.27376096	0	18.2	0	0	3
4140	931	0	1.6171875	69.4717963	37.1246149	6.17719336	72.9270092	45.3386325	8.27376096	0	18.2	0	0	3
4145	932	0	1.61914062	69.7377154	37.1121567	6.17719336	72.2097371	45.3025055	8.27376096	0	18.2	0	0	3
4150	933	0	1.62109375	69.9450128	37.1033101	6.17719336	71.5764416	45.242082	8.27376096	0	18.2	0	0	3
4155	934	0	1.62304688	70.0718169	37.0974327	6.17719336	70.9965237	45.1583423	8.27376096	0	18.3	0	0	3
4160	935	0	1.625	70.1146634	37.0939879	6.17719336	70.4402675	45.0521274	8.27376096	0	18.3	0	0	3
4165	936	0	1.62695312	70.0803807	37.0925821	6.17719336	70.1146634	44.9240413	8.27376096	0	18.4	0	0	3
4170	937	0	1.62890625	69.9786855	37.0928987	6.17719336	70.1146634	44.7747781	8.27376096	0	18.4	0	0	3
4175	938	0	1.63085938	69.8093212	37.0946324	6.17719336	70.1146634	44.6061891	8.27376096	0	18.5	0	0	3
4180	939	0	1.6328125	74.9537634	37.1185342	6.17719336	74.9537634	44.4192919	8.27376096	0	18.6	0	0	3
4185	940	0	1.63476562	74.6400715	37.1433182	6.17719336	74.9537634	44.2156845	8.27376096	0	18.7	0	0	3
4190	941	0	1.63671875	74.2691047	37.168822	6.17719336	74.9537634	43.9970435	8.27376096	0	18.8	0	0	3
4195	942	0	1.63867188	73.7912191	37.1947117	6.17719336	74.9537634	43.7646886	8.27376096	0	18.9	0	0	3
4200	943	0	1.640625	73.2410763	37.2208053	6.17719336	74.9537634	43.5198481	8.27376096	0	19	0	0	3
4205	945	0	1.64257812	72.7023347	37.2472512	6.17719336	74.9537634	43.2640792	8.27376096	0	19.1	0	0	3
4210	946	0	1.64453125	72.1824071	37.274225	6.17719336	74.9537634	42.9992883	8.27376096	0	19.2	0	0	3
4215	947	0	1.64648438	71.7193048	37.3020531	6.17719336	74.9537634	42.7276461	8.27376096	0	19.3	0	0	3
4220	948	0	1.6484375	71.3365834	37.3311522	6.17719336	74.9537634	42.4518731	8.27376096	0	19.4	0	0	3
4225	948	0	1.65039062	71.0383612	37.3619363	6.17719336	74.9537634	42.1754088	8.27376096	0	19.6	0	0	3
4230	949	0	1.65234375	70.8281848	37.3948033	6.17719336	74.9537634	41.9009707	8.27376096	0	19.7	0	0	3
4235	950	0	1.65429688	70.7077445	37.4301192	6.17719336	74.9537634	41.6328513	8.27376096	0	19.8	0	0	3
4240	951	0	1.65625	70.6673081	37.4681677	6.17719336	74.9537634	41.3756482	8.27376096	0	19.9	0	0	3
4245	952	0	1.65820312	70.6867087	37.5091022	6.17719336	74.9537634	41.1292109	8.27376096	0	20.1	0	0	3
4250	953	0	1.66015625	70.7447466	37.5529402	6.17719336	74.9537634	40.8990872	8.27376096	0	20.2	0	0	3
4255	954	0	1.66210938	70.8267904	37.5995978	6.17719336	74.9537634	40.6837384	8.27376096	0	20.3	0	0	3
4260	955	0	1.6640625	70.9239422	37.6489254	6.17719336	74.9537634	40.4827736	8.27376096	0	20.4	0	0	3
4265	956	0	1.66601562	71.022438	37.7006955	6.17719336	74.9537634	40.2966349	8.27376096	0	20.5	0	0	3
4270	957	0	1.66796875	71.1139378	37.7546291	6.17719336	74.9537634	40.1209692	8.27376096	0	20.6	0	0	3
4275	958	0	1.66992188	71.1998383	37.810437	6.17719336	74.9537634	39.9581779	8.27376096	0	20.7	0	0	3
4280	959	0	1.671875	71.2849615	37.8678386	6.17719336	74.9537634	39.8074529	8.27376096	0	20.7	0	0	3
4285	960	0	1.67382812	71.3741424	37.9265715	6.17719336	74.9537634	39.6098165	8.27376096	0	20.8	0	0	3
4290	961	0	1.67578125	71.4700252	38.0402051	6.17719336	74.9537634	39.4182519	8.27376096	0	20.9	0	0	3
4295	962	0	1.67773438	71.5717862	38.1551036	6.17719336	74.9537634	39.2341504	8.27376096	0	21	0	0	3
4300	963	0	1.6796875	71.67405	38.2707539	6.17719336	74.9537634	39.0507712	8.27376096	0	21.1	0	0	3
4305	965	0	1.68164062	71.766478	38.3869003	6.17719336	74.9537634	38.8747559	8.27376096	0	21.2	0	0	3
4310	966	0	1.68359375	71.8343894	38.5032977	6.17719336	74.9537634	38.7011483	8.27376096	0	21.3	0	0	3
4315	967	0	1.68554688	71.8630966	38.6196155	6.17719336	74.9537634	38.5309561	8.27376096	0	21.4	0	0	3
4320	968	0	1.6875	71.8437747	38.7356181	6.17719336	74.9537634	38.3635931	8.27376096	0	21.5	0	0	3
4325	969	0	1.68945312	71.7766368	38.8513035	6.17719336	74.9537634	38.1997665	8.27376096	0	21.6	0	0	3
4330	970	0	1.69140625	71.6586586	38.9667428	6.17719336	74.9537634	38.0358453	8.27376096	0	21.7	0	0	3
4335	971	0	1.69335938	71.4838963	39.0820517	6.17719336	74.9537634	37.8723398	8.27376096	0	21.8	0	0	3
4340	972	0	1.6953125	71.2435438	39.1973592	6.17719336	74.9537634	37.709717	8.27376096	0	21.9	0	0	3
4345	973	0	1.69726562	72.5557774	39.3191723	6.17719336	74.9537634	37.5486936	8.27376096	0	22	0	0	3
4350	974	0	1.69921875	72.1547837	39.4412472	6.17719336	74.9537634	37.3915988	8.27376096	0	22.1	0	0	3
4355	975	0	1.70117188	71.7132511	39.563834	6.17719336	74.9537634	37.2362642	8.27376096	0	22.2	0	0	3
4360	976	0	1.703125	71.2308094	39.6870727	6.17719336	74.9537634	37.084786	8.27376096	0	22.3	0	0	3
4365	977	0	1.70507812	70.7252179	39.8110538	6.17719336	74.9537634	36.9338796	8.27376096	0	22.4	0	0	3
4370	978	0	1.70703125	70.2095278	39.9358211	6.17719336	74.9537634	36.795299	8.27376096	0	22.4	0	0	3
4375	979	0	1.70898438	69.7049896	40.0614388	6.17719336	74.9537634	36.7238765	8.27376096	0	22.5	0	0	3
4380	980	0	1.7109375	69.2315508	40.188037	6.17719336	74.9537634	36.7238765	8.27376096	0	22.5	0	0	3
4385	981	0	1.71289062	68.8074909	40.3158138	6.17719336	74.9537634	36.7238765	8.27376096	0	22.5	0	0	3
4390	982	0	1.71484375	68.4444812	40.4449983	6.17719336	74.9537634	36.7238765	8.27376096	0	22.5	0	0	3
4395	983	0	1.71679688	68.1458887	40.5758302	6.17719336	74.9537634	36.7238765	8.27376096	0	22.5	0	0	3
4400	984	0	1.71875	67.9094489	40.7085235	6.17719336	74.9537634	36.7238765	8.27376096	0	22.5	0	0	3
4405	986	0	1.72070312	67.7293447	40.8432191	6.17719336	74.9537634	36.7238765	8.27376096	0	22.5	0	0	3
4410	987	0	1.72265625	67.5948693	40.9799484	6.17719336	74.9537634	36.7238765	8.27376096	0	22.5	0	0	3
4415	988	0	1.72460938	67.490983	41.1186113	6.17719336	74.9537634	36.7238765	8.27376096	0	22.5	0	0	3
4420	989	0	1.7265625	67.402815	41.2589813	6.17719336	74.9537634	36.7238765	8.27376096	0	22.5	0	0	3
4425	990	0	1.72851562	67.3187304	41.4007167	6.17719336	74.9537634	36.7238765	8.27376096	0	22.5	0	0	3
4430	991	0	1.73046875	67.2300705	41.5433803	6.17719336	74.9537634	36.7238765	8.27376096	0	22.5	0	0	3
4435	992	0	1.73242188	67.1311362	41.6865048	6.17719336	74.9537634	36.7238765	8.27376096	0	22.5	0	0	3
4440	992	0	1.734375	67.0198023	41.829604	6.17719336	74.9537634	36.7238765	8.27376096	0	22.5	0	0	3
4445	993	0	1.73632812	66.8979712	41.9722183	6.17719336	74.9537634	36.7238765	8.27376096	0	22.5	0	0	3
4450	994	0	1.73828125	66.7703262	42.1139005	6.17719336	74.9537634	36.7238765	8.27376096	0	22.5	0	0	3
4455	995	0	1.74023438	66.6419736	42.3100347	6.17719336	74.9537634	36.7238765	8.27376096	0	22.5	0	0	3
4460	996	0	1.7421875	66.5160506	42.5044158	6.17719336	74.9537634	36.7238765	8.27376096	0	22.5	0	0	3
4465	997	0	1.74414062	66.3931826	42.6964975	6.17719336	74.9537634	36.7238765	8.27376096	0	22.5	0	0	3
4470	998	0	1.74609375	66.2718412	42.8862426	6.17719336	74.9537634	36.7238765	8.27376096	0	22.5	0	0	3
4475	999	0	1.74804688	66.1481701	43.0732259	6.17719336	74.9537634	36.7238765	8.27376096	0	22.5	0	0	3
4480	1000	0	1.75	66.0162166	43.2567325	6.17719336	74.9537634	36.7238765	8.27376096	0	22.5	0	0	3
4485	1001	0	1.75195312	65.8689511	43.4370269	6.17719336	74.9537634	36.7238765	8.27376096	0	22.5	0	0	3
4490	1002	0	1.75390625	65.6997458	43.6148253	6.17719336	74.9537634	36.7238765	8.27376096	0	22.5	0	0	3
4495	1003	0	1.75585938	65.5031014	43.7907393	6.17719336	74.9537634	36.7238765	8.27376096	0	22.5	0	0	3
4500	1004	0	1.7578125	65.2746832	43.9651949	6.17719336	74.9537634	36.7238765	8.27376096	0	22.5	0	0	3
4505	1007	0	1.75976562	65.0134832	44.1385751	6.17719336	74.9537634	36.7238765	8.27376096	0	22.5	0	0	3
4510	1008	0	1.76171875	62.572862	44.3029418	6.17719336	74.9537634	36.7238765	8.27376096	0	22.5	0	0	3
4515	1009	0	1.76367188	62.2274748	44.4670041	6.17719336	74.9537634	36.7238765	8.27376096	0	22.5	0	0	3
4520	1010	0	1.765625	61.8936328	44.6312992	6.17719336	74.9537634	36.7238765	8.27376096	0	22.5	0	0	3
4525	1011	0	1.76757812	61.5743575	44.796312	6.17719336	74.9537634	36.7238765	8.27376096	0	22.5	0	0	3
4530	1012	0	1.76953125	61.2199562	44.9621157	6.17719336	74.9537634	36.7238765	8.27376096	0	22.5	0	0	3
4535	1013	0	1.77148438	60.8555072	45.1286626	6.17719336	74.9537634	36.7238765	8.27376096	0	22.5	0	0	3
4540	1014	0	1.7734375	60.5146466	45.2959429	6.17719336	74.9537634	36.7238765	8.27376096	0	22.5	0	0	3
4545	1015	0	1.77539062	60.2000366	45.4639594	6.17719336	74.9537634	36.7238765	8.27376096	0	22.5	0	0	3
4550	1016	0	1.77734375	59.9080323	45.6327734	6.17719336	74.9537634	36.7238765	8.27376096	0	22.5	0	0	3
4555	1017	0	1.77929688	59.6395514	45.8025188	6.17719336	74.9537634	36.7238765	8.27376096	0	22.5	0	0	3
4560	1018	0	1.78125	59.393623	45.9733488	6.17719336	74.9537634	36.6304712	8.27376096	0	22.5	0	0	3
4565	1019	0	1.78320312	59.1667208	46.145355	6.17719336	74.9537634	36.5295462	8.27376096	0	22.6	0	0	3
4570	1020	0	1.78515625	58.9555341	46.3185194	6.17719336	74.9537634	36.4223064	8.27376096	0	22.7	0	0	3
4575	1021	0	1.78710938	58.7573109	46.4927064	6.17719336	74.9537634	36.3096944	8.27376096	0	22.7	0	0	3
4580	1022	0	1.7890625	58.5670363	46.6676697	6.17719336	74.9537634	36.1929038	8.27376096	0	22.8	0	0	3
4585	1023	0	1.79101562	58.3766784	46.8430262	6.17719336	74.9537634	36.0731947	8.27376096	0	22.9	0	0	3
4590	1024	0	1.79296875	58.1780783	47.0183094	6.17719336	74.9537634	35.9521634	8.27376096	0	23	0	0	3
4595	1025	0	1.79492188	57.9638981	47.1930238	6.17719336	74.9537634	35.8314632	8.27376096	0	23	0	0	3
4600	1026	0	1.796875	57.7300447	47.3666827	6.17719336	74.9537634	35.7124959	8.27376096	0	23.1	0	0	3
4605	1029	0	1.79882812	57.4761911	47.5388325	6.17719336	74.9537634	35.595913	8.27376096	0	23.2	0	0	3
4610	1030	0	1.80078125	57.2085579	47.7089699	6.17719336	74.9537634	35.4820214	8.27376096	0	23.3	0	0	3
4615	1031	0	1.80273438	56.9362964	47.8765324	6.17719336	74.9537634	35.3711841	8.27376096	0	23.3	0	0	3
4620	1032	0	1.8046875	56.6671535	48.0409571	6.17719336	74.9537634	35.2283481	8.27376096	0	23.4	0	0	3
4625	1033	0	1.80664062	56.4058174	48.2371626	6.90785496	74.9537634	35.088932	8.27376096	0	23.5	0	0	3
4630	1034	0	1.80859375	56.1540486	48.4295306	7.62734498	74.9537634	34.9525044	8.27376096	0	23.6	0	0	3
4635	1035	0	1.81054688	55.9118929	48.6181421	8.44661433	74.9537634	34.8189189	8.27376096	0	23.7	0	0	3
4640	1036	0	1.8125	55.6787304	48.8026426	9.46133467	74.9537634	34.6884189	8.27376096	0	23.8	0	0	3
4645	1037	0	1.81445312	55.4542731	48.9823025	10.3773803	74.9537634	34.5601495	8.27376096	0	23.9	0	0	3
4650	1038	0	1.81640625	55.2390722	49.1575435	10.4835797	74.9537634	34.4328863	8.27376096	0	24	0	0	3
4655	1039	0	1.81835938	55.0343487	49.3291781	10.4835797	74.9537634	34.3054906	8.27376096	0	24.1	0	0	3
4660	1040	0	1.8203125	54.8420601	49.4979317	10.4835797	74.9537634	34.1769352	8.27376096	0	24.2	0	0	3
4665	1041	0	1.82226562	54.6641916	49.6643977	10.4835797	74.9537634	34.0462162	8.27376096	0	24.3	0	0	3
4670	1042	0	1.82421875	54.5025742	49.829189	10.4835797	74.9537634	33.9122332	8.27376096	0	24.3	0	0	3
4675	1043	0	1.82617188	54.3582517	49.9929908	10.4835797	74.9537634	33.7739154	8.27376096	0	24.4	0	0	3
4680	1044	0	1.828125	49.4573647	50.137781	10.4835797	74.9537634	33.6303538	8.27376096	0	24.6	0	0	3
4685	1045	0	1.83007812	49.3082315	50.282493	10.4835797	74.9537634	33.4808119	8.27376096	0	24.7	0	0	3
4690	1046	0	1.83203125	49.2094485	50.4275374	10.4835797	74.9537634	33.3247289	8.27376096	0	24.8	0	0	3
4695	1047	0	1.83398438	49.1151638	50.5730075	10.4835797	74.9537634	33.1617207	8.27376096	0	24.9	0	0	3
4700	1048	0	1.8359375	49.0274136	50.7188559	10.4835797	74.9537634	32.9915647	8.27376096	0	25	0	0	3
4705	1050	0	1.83789062	48.9475851	50.8650044	10.4835797	74.9537634	32.8142898	8.27376096	0	25.2	0	0	3
4710	1051	0	1.83984375	48.8626528	51.0113543	10.4835797	74.9537634	32.6301973	8.27376096	0	25.3	0	0	3
4715	1052	0	1.84179688	48.7742672	51.1578549	10.4835797	74.9537634	32.4397879	8.27376096	0	25.5	0	0	3
4720	1053	0	1.84375	48.6820035	51.3045087	10.4835797	74.9537634	32.2437465	8.27376096	0	25.6	0	0	3
4725	1054	0	1.84570312	48.5797189	51.4513344	10.4835797	74.9537634	32.0429992	8.27376096	0	25.8	0	0	3
4730	1055	0	1.84765625	48.4542247	51.5982772	10.4835797	74.9537634	31.7507703	8.27376096	0	26	0	0	3
4735	1056	0	1.84960938	48.2980505	51.7451798	10.4835797	74.9537634	31.455281	8.27376096	0	26.3	0	0	3
4740	1057	0	1.8515625	48.1105128	51.8918127	10.4835797	74.9537634	31.1584958	8.27376096	0	26.5	0	0	3
4745	1058	0	1.85351562	47.8951895	52.0378865	10.4835797	74.9537634	30.8616579	8.27376096	0	26.8	0	0	3
4750	1059	0	1.85546875	47.6577939	52.1830983	10.533645	74.9537634	30.5656344	8.27376096	0	27	0	0	3
4755	1060	0	1.85742188	47.4041815	52.3271238	10.6638024	74.9537634	30.2716759	8.27376096	0	27.3	0	0	3
4760	1061	0	1.859375	47.1398275	52.4696083	10.8836326	74.9537634	29.981165	8.27376096	0	27.5	0	0	3
4765	1062	0	1.86132812	46.8679701	52.6101721	11.2003689	74.9537634	29.6952038	8.27376096	0	27.8	0	0	3
4770	1063	0	1.86328125	46.5882654	52.7484061	11.6094917	74.9537634	29.414204	8.27376096	0	28.1	0	0	3
4775	1064	0	1.86523438	46.2984209	52.8839097	12.071437	74.9537634	29.1382238	8.27376096	0	28.3	0	0	3
4780	1065	0	1.8671875	45.9986522	53.0163283	12.071437	74.9537634	28.8670427	8.27376096	0	28.6	0	0	3
4785	1066	0	1.86914062	45.6920434	53.1453476	12.071437	74.9537634	28.5954205	8.27376096	0	28.9	0	0	3
4790	1067	0	1.87109375	45.3842339	53.2754757	12.7704034	74.9537634	28.3274874	8.27376096	0	29.2	0	0	3
4795	1068	0	1.87304688	45.08275	53.4016958	13.5319808	74.9537634	28.0625133	8.27376096	0	29.4	0	0	3
4800	1069	0	1.875	44.7960906	53.5238213	14.3168283	74.9537634	27.7997487	8.27376096	0	29.7	0	0	3
4805	1071	0	1.87695312	44.5324057	53.6418509	15.1049603	74.9537634	27.5385592	8.27376096	0	30	0	0	3
4810	1072	0	1.87890625	44.2987048	53.7558889	15.8742724	74.9537634	27.2783788	8.27376096	0	30.3	0	0	3
4815	1072	0	1.88085938	44.1000626	53.8661459	16.5824865	74.9537634	27.0185291	8.27376096	0	30.6	0	0	3
4820	1073	0	1.8828125	43.9396399	53.9730098	17.1961542	74.9537634	26.7581989	8.27376096	0	30.9	0	0	3
4825	1074	0	1.88476562	43.819102	54.0770057	17.7018562	74.9537634	26.4964705	8.27376096	0	31.2	0	0	3
4830	1075	0	1.88671875	43.7400741	54.1787175	18.1002762	74.9537634	26.2324204	8.27376096	0	31.5	0	0	3
4835	1076	0	1.88867188	43.7035404	54.2787302	18.4042962	74.9537634	25.9651899	8.27376096	0	31.8	0	0	3
4840	1077	0	1.890625	43.7103573	54.377582	18.6325589	74.9537634	25.6939643	8.27376096	0	32.2	0	0	3
4845	1078	0	1.89257812	38.354517	54.4546209	18.8043567	74.9537634	25.4180331	8.27376096	0	32.5	0	0	3
4850	1079	0	1.89453125	38.4088505	54.531201	18.9395217	74.9537634	25.136877	8.27376096	0	32.9	0	0	3
4855	1080	0	1.89648438	38.5202874	54.6076884	19.0613022	74.9537634	24.8502253	8.27376096	0	33.2	0	0	3
4860	1081	0	1.8984375	38.641106	54.684172	19.1941679	74.9537634	24.5580765	8.27376096	0	33.6	0	0	3
4865	1082	0	1.90039062	38.7983612	54.7607508	19.3590906	74.9537634	24.2607028	8.27376096	0	34.1	0	0	3
4870	1083	0	1.90234375	39.0143232	54.8375291	19.5659956	74.9537634	23.9586082	8.27376096	0	34.5	0	0	3
4875	1084	0	1.90429688	39.1991738	54.9142212	19.8132915	74.9537634	23.6524871	8.27376096	0	34.9	0	0	3
4880	1085	0	1.90625	39.3222627	54.9904281	20.0889827	74.9537634	23.3432431	8.27376096	0	35.4	0	0	3
4885	1086	0	1.90820312	39.394875	55.0658418	20.3705327	74.9537634	23.0319429	8.27376096	0	35.9	0	0	3
4890	1087	0	1.91015625	39.4275015	55.140283	20.6405747	74.9537634	22.7196861	8.27376096	0	36.4	0	0	3
4895	1088	0	1.91210938	39.4173601	55.2136299	20.894794	74.9537634	22.3421615	8.27376096	0	37	0	0	3
4900	1089	0	1.9140625	39.3625788	55.2857696	21.1370485	74.9537634	21.9648693	8.27376096	0	37.6	0	0	3
4905	1092	0	1.91601562	39.266789	55.3565889	21.3772535	74.9537634	21.588872	8.27376096	0	38.3	0	0	3
4910	1093	0	1.91796875	39.1270985	55.4259243	21.6283682	74.9537634	21.2157367	8.27376096	0	38.9	0	0	3
4915	1094	0	1.91992188	38.9477197	55.493578	21.9017111	74.9537634	20.8466291	8.27376096	0	39.6	0	0	3
4920	1095	0	1.921875	38.7450897	55.5593724	22.2039944	74.9537634	20.4828467	8.27376096	0	40.3	0	0	3
4925	1096	0	1.92382812	38.5321109	55.6231541	22.5367544	74.9537634	20.1258051	8.27376096	0	41.1	0	0	3
4930	1097	0	1.92578125	38.3160346	55.684792	22.8979227	74.9537634	19.7762341	8.27376096	0	41.8	0	0	3
4935	1098	0	1.92773438	38.0984441	55.744169	23.2824584	74.9537634	19.4343592	8.27376096	0	42.5	0	0	3
4940	1099	0	1.9296875	37.8754876	55.801173	23.683391	74.9537634	19.0998901	8.27376096	0	43.3	0	0	3
4945	1100	0	1.93164062	37.6423104	55.8557	24.0938751	74.9537634	18.7721263	8.27376096	0	44	0	0	3
4950	1101	0	1.93359375	37.3997804	55.9076762	29.773056	74.9537634	18.8150941	8.27376096	0	43.9	0	0	3
4955	1102	0	1.93554688	37.1535408	55.9365063	30.2264572	74.9537634	18.8439241	8.27376096	0	43.9	0	0	3
4960	1103	0	1.9375	36.9124003	55.9626232	30.6317429	74.9537634	18.8700411	8.27376096	0	43.8	0	0	3
4965	1104	0	1.93945312	36.6862232	55.9862735	31.0151434	74.9537634	18.8936914	8.27376096	0	43.7	0	0	3
4970	1105	0	1.94140625	36.4848278	56.0076395	31.4624206	74.9537634	18.9150574	8.27376096	0	43.7	0	0	3
4975	1106	0	1.94335938	36.3173435	56.026604	31.9414802	74.9537634	18.9340219	8.27376096	0	43.6	0	0	3
4980	1107	0	1.9453125	36.1892426	56.0431969	32.3763978	74.9537634	18.9506147	8.27376096	0	43.6	0	0	3
4985	1108	0	1.94726562	36.1023881	56.0577515	32.7548352	74.9537634	18.9651694	8.27376096	0	43.6	0	0	3
4990	1109	0	1.94921875	36.0595011	56.0706604	33.1041399	74.9537634	18.9780782	8.27376096	0	43.5	0	0	3
4995	1110	0	1.95117188	36.065057	56.0822264	33.4535163	74.9537634	18.9896443	8.27376096	0	43.5	0	0	3
5000	1111	0	1.953125	36.1217583	56.0926493	33.8010449	74.9537634	19.0000671	8.27376096	0	43.5	0	0	3
5005	1113	0	1.95507812	36.2343222	56.1021542	34.1404203	74.9537634	19.0095721	8.27376096	0	43.5	0	0	3
5010	1114	0	1.95703125	36.4056723	56.1110029	34.471167	74.9537634	19.0184208	8.27376096	0	43.5	0	0	3
5015	1115	0	1.95898438	32.6495039	56.103887	32.6495039	74.9537634	19.0184208	8.27376096	0	43.5	0	0	3
5020	1116	0	1.9609375	32.9007156	56.0964674	32.6495039	74.9537634	19.0184208	8.27376096	0	43.5	0	0	3
5025	1117	0	1.96289062	33.1425026	56.0886608	32.6495039	74.9537634	19.0184208	8.27376096	0	43.5	0	0	3
5030	1118	0	1.96484375	33.4336321	56.0805613	32.6495039	74.9537634	19.0184208	8.27376096	0	43.5	0	0	3
5035	1119	0	1.96679688	33.7922113	56.0723092	32.6495039	74.9537634	19.0184208	8.27376096	0	43.5	0	0	3
5040	1120	0	1.96875	34.1213282	56.0636685	32.6495039	74.9537634	19.0184208	8.27376096	0	43.5	0	0	3
5045	1121	0	1.97070312	34.3890753	56.0542949	32.6495039	74.9537634	19.0184208	8.27376096	0	43.5	0	0	3
5050	1122	0	1.97265625	34.5968556	56.0438761	32.6495039	74.9537634	19.0184208	8.27376096	0	43.5	0	0	3
5055	1123	0	1.97460938	34.7562246	56.0321781	32.6495039	74.9537634	19.0184208	8.27376096	0	43.5	0	0	3
5060	1124	0	1.9765625	34.8703703	56.0190111	32.6495039	74.9537634	19.0184208	8.27376096	0	43.5	0	0	3
5065	1125	0	1.97851562	34.9281586	56.0041683	32.6495039	74.9537634	19.0184208	8.27376096	0	43.5	0	0	3
5070	1126	0	1.98046875	34.9315916	55.9874709	32.6495039	74.9537634	19.0184208	8.27376096	0	43.5	0	0	3
5075	1127	0	1.98242188	34.8955612	55.9688166	32.6495039	74.9537634	19.0184208	8.27376096	0	43.5	0	0	3
5080	1128	0	1.984375	34.8291582	55.9481543	32.6495039	74.9537634	19.0184208	8.27376096	0	43.5	0	0	3
5085	1129	0	1.98632812	34.7383877	55.9254701	32.6495039	74.9537634	19.0184208	8.27376096	0	43.5	0	0	3
5090	1130	0	1.98828125	34.6360127	55.9008132	32.6495039	74.9537634	19.0184208	8.27376096	0	43.5	0	0	3
5095	1131	0	1.99023438	34.5326923	55.8742913	32.6495039	74.9537634	19.0184208	8.27376096	0	43.5	0	0	3
5100	1132	0	1.9921875	34.4332902	55.8460495	32.6495039	74.9537634	19.0184208	8.27376096	0	43.5	0	0	3
5105	1134	0	1.99414062	34.3374767	55.8162463	32.6495039	74.9537634	19.0184208	8.27376096	0	43.5	0	0	3
5110	1135	0	1.99609375	34.2404546	55.7850371	32.6495039	74.9537634	19.0184208	8.27376096	0	43.5	0	0	3
5115	1136	0	1.99804688	34.1376045	55.7525725	32.6495039	74.9537634	19.0184208	8.27376096	0	43.5	0	0	3
5120	1137	0	2	34.0296892	55.7190203	32.6495039	74.9537634	19.0184208	8.27376096	0	43.5	0	0	3
5125	1138	0	2.00195312	33.9229701	55.652199	32.6495039	74.9537634	19.0184208	8.27376096	0	43.5	0	0	3
5130	1139	0	2.00390625	33.825887	55.584671	32.6495039	74.9537634	19.0184208	8.27376096	0	43.5	0	0	3
5135	1140	0	2.00585938	33.7455252	55.5166327	32.6495039	74.9537634	19.0184208	8.27376096	0	43.5	0	0	3
5140	1141	0	2.0078125	33.6867818	55.4482273	32.6495039	74.9537634	19.0184208	8.27376096	0	43.5	0	0	3
5145	1142	0	2.00976562	33.6540827	55.3795216	32.6495039	74.9537634	19.0184208	8.27376096	0	43.5	0	0	3
5150	1143	0	2.01171875	33.65244	55.3106344	32.6495039	74.9537634	19.0184208	8.27376096	0	43.5	0	0	3
5155	1144	0	2.01367188	33.6868863	55.2418409	32.6495039	74.9537634	19.0184208	8.27376096	0	43.5	0	0	3
5160	1145	0	2.015625	33.7674035	55.1733092	32.6495039	74.9537634	19.0184208	8.27376096	0	43.5	0	0	3
5165	1146	0	2.01757812	33.9019789	55.1050713	32.6495039	74.9537634	19.0184208	8.27376096	0	43.5	0	0	3
5170	1147	0	2.01953125	34.0893615	55.0370748	32.6495039	74.9537634	19.0184208	8.27376096	0	43.5	0	0	3
5175	1148	0	2.02148438	34.3146699	54.9692313	32.6495039	74.9537634	19.0184208	8.27376096	0	43.5	0	0	3
5180	1149	0	2.0234375	33.2123461	54.8961298	32.6495039	74.9537634	19.0184208	8.27376096	0	43.5	0	0	3
5185	1150	0	2.02539062	33.4888891	54.822917	32.6495039	74.9537634	19.0184208	8.27376096	0	43.5	0	0	3
5190	1151	0	2.02734375	33.7771298	54.7494154	32.6495039	74.9537634	19.0184208	8.27376096	0	43.5	0	0	3
5195	1152	0	2.02929688	34.0861258	54.6755425	32.6495039	74.9537634	19.0184208	8.27376096	0	43.5	0	0	3
5200	1153	0	2.03125	34.4008155	54.6012282	32.6495039	74.9537634	19.0184208	8.27376096	0	43.5	0	0	3
5205	1156	0	2.03320312	34.7064796	54.526403	32.6495039	74.9537634	19.0184208	8.27376096	0	43.5	0	0	3
5210	1157	0	2.03515625	34.9915602	54.4509803	32.6495039	74.9537634	19.0184208	8.27376096	0	43.5	0	0	3
5215	1158	0	2.03710938	35.2444988	54.3748187	32.6495039	74.9537634	19.0184208	8.27376096	0	43.5	0	0	3
5220	1159	0	2.0390625	35.4584128	54.2977169	32.6495039	74.9537634	19.0184208	8.27376096	0	43.5	0	0	3
5225	1160	0	2.04101562	35.6273795	54.219414	32.6495039	74.9537634	19.0184208	8.27376096	0	43.5	0	0	3
5230	1161	0	2.04296875	35.7534053	54.1396531	32.6495039	74.9537634	19.0184208	8.27376096	0	43.5	0	0	3
5235	1162	0	2.04492188	35.8438698	54.0582413	32.6495039	74.9537634	19.0184208	8.27376096	0	43.5	0	0	3
5240	1163	0	2.046875	35.9062271	53.9750668	32.6495039	74.9537634	19.0184208	8.27376096	0	43.5	0	0	3
5245	1164	0	2.04882812	35.9484202	53.890106	32.6495039	74.9537634	19.0184208	8.27376096	0	43.5	0	0	3
5250	1165	0	2.05078125	35.9785015	53.8034254	32.6495039	74.9537634	19.0184208	8.27376096	0	43.5	0	0	3
5255	1166	0	2.05273438	36.0049274	53.7151842	32.6495039	74.9537634	19.0184208	8.27376096	0	43.5	0	0	3
5260	1167	0	2.0546875	36.0361063	53.6256306	32.6495039	74.9537634	19.0184208	8.27376096	0	43.5	0	0	3
5265	1168	0	2.05664062	36.0775326	53.5350759	32.6495039	74.9537634	19.0184208	8.27376096	0	43.5	0	0	3
5270	1169	0	2.05859375	36.13039	53.4438724	32.6495039	74.9537634	19.0184208	8.27376096	0	43.5	0	0	3
5275	1170	0	2.06054688	36.1921645	53.3523928	32.6495039	74.9537634	19.0184208	8.27376096	0	43.5	0	0	3
5280	1171	0	2.0625	36.2562734	53.2609545	32.6495039	74.9537634	19.0184208	8.27376096	0	43.5	0	0	3
5285	1172	0	2.06445312	36.3172815	53.1698236	32.6495039	74.9537634	19.0184208	8.27376096	0	43.5	0	0	3
5290	1173	0	2.06640625	36.3721568	53.0482077	32.6495039	74.9537634	19.0184208	8.27376096	0	43.5	0	0	3
5295	1174	0	2.06835938	36.4213241	52.927138	32.6495039	74.9537634	19.0184208	8.27376096	0	43.5	0	0	3
5300	1175	0	2.0703125	36.4688306	52.8069479	32.6495039	74.9537634	19.0184208	8.27376096	0	43.5	0	0	3
5305	1177	0	2.07226562	36.5207126	52.6878251	32.6495039	74.9537634	19.0184208	8.27376096	0	43.5	0	0	3
5310	1178	0	2.07421875	36.5835619	52.5700601	32.6495039	74.9537634	19.0184208	8.27376096	0	43.5	0	0	3
5315	1179	0	2.07617188	36.6640718	52.4539844	32.6495039	74.9537634	19.0184208	8.27376096	0	43.5	0	0	3
5320	1180	0	2.078125	36.7672866	52.3396685	32.6495039	74.9537634	19.0184208	8.27376096	0	43.5	0	0	3
5325	1181	0	2.08007812	36.8949396	52.2270724	32.6495039	74.9537634	19.0184208	8.27376096	0	43.5	0	0	3
5330	1182	0	2.08203125	37.0425861	52.1160308	32.6495039	74.9537634	19.0184208	8.27376096	0	43.5	0	0	3
5335	1184	0	2.08398438	37.2059082	52.0062945	32.6495039	74.9537634	19.0184208	8.27376096	0	43.5	0	0	3
5340	1185	0	2.0859375	37.3807969	51.8975626	32.6495039	74.9537634	19.0184208	8.27376096	0	43.5	0	0	3
5345	1186	0	2.08789062	38.7898653	51.7942901	32.6495039	74.9537634	19.0184208	8.27376096	0	43.5	0	0	3
5350	1187	0	2.08984375	38.9993648	51.6914763	32.6495039	74.9537634	19.0184208	8.27376096	0	43.5	0	0	3
5355	1188	0	2.09179688	39.185454	51.5887571	32.6495039	74.9537634	19.0184208	8.27376096	0	43.5	0	0	3
5360	1189	0	2.09375	39.3728484	51.4858756	32.6495039	74.9537634	19.0184208	8.27376096	0	43.5	0	0	3
5365	1190	0	2.09570312	39.5885596	51.3827207	32.6495039	74.9537634	19.0184208	8.27376096	0	43.5	0	0	3
5370	1191	0	2.09765625	39.8146256	51.2792619	32.6495039	74.9537634	19.0184208	8.27376096	0	43.5	0	0	3
5375	1192	0	2.09960938	40.0237456	51.1754373	32.6495039	74.9537634	19.0184208	8.27376096	0	43.5	0	0	3
5380	1193	0	2.1015625	40.2098866	51.0711631	32.6495039	74.9537634	19.0184208	8.27376096	0	43.5	0	0	3
5385	1194	0	2.10351562	40.3796762	50.9663632	32.6495039	74.9537634	19.0184208	8.27376096	0	43.5	0	0	3
5390	1195	0	2.10546875	40.5371468	50.8609649	32.6495039	74.9537634	19.0184208	8.27376096	0	43.5	0	0	3
5395	1196	0	2.10742188	40.681975	50.7548878	32.6495039	74.9537634	19.0184208	8.27376096	0	43.5	0	0	3
5400	1197	0	2.109375	40.8115437	50.6480355	32.6495039	74.9537634	19.0184208	8.27376096	0	43.5	0	0	3
5405	1199	0	2.11132812	40.9257101	50.5403189	32.6495039	74.9537634	19.0184208	8.27376096	0	43.5	0	0	3
5410	1200	0	2.11328125	41.0304244	50.4316961	32.6495039	74.9537634	19.0184208	8.27376096	0	43.5	0	0	3
5415	1201	0	2.11523438	41.1349764	50.3222003	32.6495039	74.9537634	19.0184208	8.27376096	0	43.5	0	0	3
5420	1202	0	2.1171875	41.2475796	50.2119495	32.6495039	74.9537634	19.0184208	8.27376096	0	43.5	0	0	3
5425	1203	0	2.11914062	41.3728303	50.1011492	32.6495039	74.9537634	19.0184208	8.27376096	0	43.5	0	0	3
5430	1204	0	2.12109375	41.5122263	49.9900836	32.6495039	74.9537634	19.0184208	8.27376096	0	43.5	0	0	3
5435	1205	0	2.12304688	41.6654696	49.8791213	32.6495039	74.9537634	19.0184208	8.27376096	0	43.5	0	0	3
5440	1206	0	2.125	41.8294702	49.7686323	32.6495039	74.9537634	19.0184208	8.27376096	0	43.5	0	0	3
5445	1207	0	2.12695312	41.9983439	49.6589368	32.6495039	74.9537634	19.0181042	8.27376096	0	43.5	0	0	3
5450	1208	0	2.12890625	42.1659901	49.5502935	32.6495039	74.9537634	19.0163704	8.27376096	0	43.5	0	0	3
5455	1209	0	2.13085938	42.3283069	49.4429457	32.6495039	74.9537634	18.9924686	8.27376096	0	43.5	0	0	3
5460	1210	0	2.1328125	42.4834646	49.3161086	32.6495039	74.6400715	18.9676847	8.27376096	0	43.6	0	0	3
5465	1211	0	2.13476562	42.6312467	49.1910742	32.6495039	74.2691047	18.9421809	8.27376096	0	43.6	0	0	3
5470	1212	0	2.13671875	42.7722843	49.0680397	32.6495039	73.7912191	18.9162912	8.27376096	0	43.7	0	0	3
5475	1213	0	2.13867188	42.9075217	48.9474003	32.6495039	73.2410763	18.8901976	8.27376096	0	43.7	0	0	3
5480	1214	0	2.140625	43.037812	48.8294188	32.6495039	72.7023347	18.8637517	8.27376096	0	43.8	0	0	3
5485	1215	0	2.14257812	43.163699	48.7140335	32.6495039	72.5557774	18.8367779	8.27376096	0	43.9	0	0	3
5490	1216	0	2.14453125	43.285263	48.601154	32.6495039	72.5557774	18.8089498	8.27376096	0	43.9	0	0	3
5495	1217	0	2.14648438	43.4018916	48.4905391	32.6495039	72.5557774	18.7798507	8.27376096	0	44	0	0	3
5500	1218	0	2.1484375	43.5118265	48.3818487	32.6495039	72.5557774	18.7490666	8.27376096	0	44.1	0	0	3
5505	1220	0	2.15039062	43.613019	48.2747184	32.6495039	72.5557774	18.7161996	8.27376096	0	44.2	0	0	3
5510	1222	0	2.15234375	43.703961	48.1687644	32.6495039	72.5557774	18.6808837	8.27376096	0	44.2	0	0	3
5515	1223	0	2.15429688	46.6121962	48.0746412	32.6495039	72.5557774	18.6428352	8.27376096	0	44.3	0	0	3
5520	1224	0	2.15625	46.6831057	47.9809529	32.6495039	72.5557774	18.6019007	8.27376096	0	44.4	0	0	3
5525	1225	0	2.15820312	46.7283741	47.8873656	32.6495039	72.5557774	18.5580627	8.27376096	0	44.5	0	0	3
5530	1226	0	2.16015625	46.7864328	47.7937785	32.6495039	72.5557774	18.511405	8.27376096	0	44.6	0	0	3
5535	1227	0	2.16210938	46.8555407	47.7001408	32.6495039	72.5557774	18.4620775	8.27376096	0	44.8	0	0	3
5540	1228	0	2.1640625	46.927667	47.6064053	32.6495039	72.5557774	18.4103074	8.27376096	0	44.9	0	0	3
5545	1229	0	2.16601562	46.9818577	47.5124968	32.6495039	72.5557774	18.3563737	8.27376096	0	45	0	0	3
5550	1230	0	2.16796875	47.0268583	47.4184067	32.6495039	72.5557774	18.3005658	8.27376096	0	45.2	0	0	3
5555	1231	0	2.16992188	47.0833011	47.3242014	32.6495039	72.5557774	18.2431643	8.27376096	0	45.3	0	0	3
5560	1232	0	2.171875	47.1577135	47.2299544	32.6495039	72.5557774	18.1844314	8.27376096	0	45.4	0	0	3
5565	1233	0	2.17382812	47.2515904	47.1357257	32.6495039	72.5557774	18.0707978	8.27376096	0	45.7	0	0	3
5570	1234	0	2.17578125	47.3620593	47.0415539	32.6495039	72.5557774	17.9558992	8.27376096	0	46	0	0	3
5575	1235	0	2.17773438	47.4837289	46.9474599	32.6495039	72.5557774	17.840249	8.27376096	0	46.3	0	0	3
5580	1236	0	2.1796875	47.6139648	46.8534752	32.6495039	72.5557774	17.7241026	8.27376096	0	46.6	0	0	3
5585	1237	0	2.18164062	47.75351	46.7596746	32.6495039	72.5557774	17.6077052	8.27376096	0	46.9	0	0	3
5590	1238	0	2.18359375	47.9026318	46.6661911	32.6495039	72.5557774	17.4913874	8.27376096	0	47.3	0	0	3
5595	1239	0	2.18554688	48.0595662	46.5732086	32.6495039	72.5557774	17.3753848	8.27376096	0	47.6	0	0	3
5600	1240	0	2.1875	48.2219765	46.480936	32.6495039	72.5557774	17.2596994	8.27376096	0	47.9	0	0	3
5605	1242	0	2.18945312	48.3888647	46.3895775	32.6495039	72.5557774	17.1442601	8.27376096	0	48.2	0	0	3
5610	1244	0	2.19140625	48.5607966	46.2993514	32.6495039	72.5557774	17.0289512	8.27376096	0	48.5	0	0	3
5615	1245	0	2.19335938	48.739177	46.2105049	32.6495039	72.5557774	16.9136437	8.27376096	0	48.9	0	0	3
5620	1246	0	2.1953125	48.9235725	46.1233175	32.6495039	72.5557774	16.7918306	8.27376096	0	49.2	0	0	3
5625	1247	0	2.19726562	49.1110432	46.0317365	32.6495039	72.1547837	16.6697557	8.27376096	0	49.6	0	0	3
5630	1248	0	2.19921875	49.2967328	45.9424472	32.6495039	71.7132511	16.5471689	8.27376096	0	50	0	0	3
5635	1249	0	2.20117188	49.4746682	45.8555778	32.6495039	71.2308094	16.4239302	8.27376096	0	50.3	0	0	3
5640	1250	0	2.203125	49.6392521	45.7712358	32.6495039	70.7252179	16.2999491	8.27376096	0	50.7	0	0	3
5645	1251	0	2.20507812	49.7859169	45.6894416	32.6495039	70.2095278	16.1751818	8.27376096	0	51.1	0	0	3
5650	1252	0	2.20703125	49.9111582	45.6101511	32.6495039	69.7049896	16.0495641	8.27376096	0	51.5	0	0	3
5655	1253	0	2.20898438	50.0126258	45.5332278	32.6495039	69.2315508	15.9229659	8.27376096	0	51.9	0	0	3
5660	1254	0	2.2109375	50.0887932	45.4584514	32.6495039	68.8074909	15.7951891	8.27376096	0	52.3	0	0	3
5665	1255	0	2.21289062	50.138308	45.3855249	32.6495039	68.4444812	15.6660046	8.27376096	0	52.8	0	0	3
5670	1256	0	2.21484375	50.1612641	45.3141061	32.6495039	68.1458887	15.5351726	8.27376096	0	53.2	0	0	3
5675	1257	0	2.21679688	50.1594263	45.2438465	32.6495039	67.9094489	15.4024794	8.27376096	0	53.7	0	0	3
5680	1258	0	2.21875	53.2146781	45.186445	32.6495039	67.7293447	15.2677838	8.27376096	0	54.1	0	0	3
5685	1259	0	2.22070312	53.2020164	45.1296977	32.6495039	67.5948693	15.1310545	8.27376096	0	54.6	0	0	3
5690	1260	0	2.22265625	53.1290433	45.0731905	32.6495039	67.490983	14.9923915	8.27376096	0	55.1	0	0	3
5695	1261	0	2.22460938	53.0627962	45.0168304	32.6495039	67.402815	14.8520216	8.27376096	0	55.7	0	0	3
5700	1262	0	2.2265625	52.994823	44.9605492	32.6495039	67.3187304	14.7102862	8.27376096	0	56.2	0	0	3
5705	1264	0	2.22851562	52.9110149	44.9042691	32.6495039	67.2300705	14.5676226	8.27376096	0	56.7	0	0	3
5710	1265	0	2.23046875	52.8299875	44.8480187	32.6495039	67.1311362	14.4244981	8.27376096	0	57.3	0	0	3
5715	1266	0	2.23242188	52.7528902	44.7918537	32.6495039	67.0198023	14.2813989	8.27376096	0	57.9	0	0	3
5720	1267	0	2.234375	52.6956613	44.7359	32.6495039	66.8979712	14.1387846	8.27376096	0	58.5	0	0	3
5725	1268	0	2.23632812	52.6687338	44.6803171	32.6495039	66.7703262	13.9971023	8.27376096	0	59.1	0	0	3
5730	1269	0	2.23828125	52.6745336	44.6252554	32.6495039	66.6419736	13.8009682	8.27376096	0	59.9	0	0	3
5735	1270	0	2.24023438	52.7105505	44.5708358	32.6495039	66.5160506	13.6065871	8.27376096	0	60.8	0	0	3
5740	1271	0	2.2421875	52.7722476	44.517149	32.6495039	66.3931826	13.4145053	8.27376096	0	61.6	0	0	3
5745	1272	0	2.24414062	52.8581449	44.4642778	32.6495039	66.2718412	13.2247603	8.27376096	0	62.5	0	0	3
5750	1274	0	2.24609375	52.9665002	44.4123038	32.6495039	66.1481701	13.0377769	8.27376096	0	63.4	0	0	3
5755	1275	0	2.24804688	53.0873229	44.3612849	32.6495039	66.0162166	12.8542704	8.27376096	0	64.3	0	0	3
5760	1276	0	2.25	53.2104926	44.3112625	32.6495039	65.8689511	12.6739759	8.27376096	0	65.2	0	0	3
5765	1277	0	2.25195312	53.3310779	44.2622865	32.6495039	65.6997458	12.4961776	8.27376096	0	66.2	0	0	3
5770	1278	0	2.25390625	53.448869	44.2144315	32.6495039	65.5031014	12.3202636	8.27376096	0	67.1	0	0	3
5775	1279	0	2.25585938	53.566136	44.1678027	32.6495039	65.2746832	12.145808	8.27376096	0	68.1	0	0	3
5780	1280	0	2.2578125	53.6859124	44.1225341	32.6495039	65.0134832	11.9884688	8.27376096	0	69	0	0	3
5785	1281	0	2.25976562	53.8114193	44.078776	32.6495039	62.572862	12.0322269	8.27376096	0	68.7	0	0	3
5790	1282	0	2.26171875	53.9443469	44.0450709	32.6495039	62.2274748	12.065932	8.27376096	0	68.5	0	0	3
5795	1283	0	2.26367188	54.0827092	44.0132554	32.6495039	61.8936328	12.0977475	8.27376096	0	68.3	0	0	3
5800	1284	0	2.265625	54.2216598	43.9832867	32.6495039	61.5743575	12.1277162	8.27376096	0	68.2	0	0	3
5805	1286	0	2.26757812	54.3539562	43.955082	32.6495039	61.2199562	12.1559209	8.27376096	0	68	0	0	3
5810	1287	0	2.26953125	54.4719191	43.9287225	32.6495039	60.8555072	12.1822804	8.27376096	0	67.9	0	0	3
5815	1288	0	2.27148438	54.5679071	43.9041616	32.6495039	60.5146466	12.2068413	8.27376096	0	67.7	0	0	3
5820	1289	0	2.2734375	54.6347156	43.8811931	32.6495039	60.2000366	12.2298098	8.27376096	0	67.6	0	0	3
5825	1290	0	2.27539062	54.6682036	43.8595844	32.6495039	59.9080323	12.2514185	8.27376096	0	67.5	0	0	3
5830	1291	0	2.27734375	54.6702033	43.8391241	32.6495039	59.6395514	12.2718788	8.27376096	0	67.4	0	0	3
5835	1292	0	2.27929688	54.6442097	43.819611	32.6495039	59.393623	12.2913918	8.27376096	0	67.3	0	0	3
5840	1293	0	2.28125	54.5911937	43.8008516	32.6495039	59.1667208	12.3101513	8.27376096	0	67.2	0	0	3
5845	1294	0	2.28320312	54.5104521	43.782663	32.6495039	58.9555341	12.3283399	8.27376096	0	67.1	0	0	3
5850	1295	0	2.28515625	56.6920876	43.7738214	32.6495039	58.7573109	12.3371815	8.27376096	0	67	0	0	3
5855	1296	0	2.28710938	56.556346	43.7652239	32.6495039	58.5670363	12.345779	8.27376096	0	67	0	0	3
5860	1297	0	2.2890625	56.4121976	43.7568066	32.6495039	58.3766784	12.3541963	8.27376096	0	66.9	0	0	3
5865	1299	0	2.29101562	56.2607154	43.7485411	32.6495039	58.1780783	12.3624618	8.27376096	0	66.9	0	0	3
5870	1300	0	2.29296875	56.0889766	43.7403805	32.6495039	57.9638981	12.3706224	8.27376096	0	66.8	0	0	3
5875	1301	0	2.29492188	55.9188394	43.732392	32.6495039	57.7300447	12.3786109	8.27376096	0	66.8	0	0	3
5880	1302	0	2.296875	55.7547937	43.7246762	32.6495039	57.4761911	12.3863267	8.27376096	0	66.7	0	0	3
5885	1303	0	2.29882812	55.6143715	43.7174035	32.6495039	57.2085579	12.3935994	8.27376096	0	66.7	0	0	3
5890	1304	0	2.30078125	55.5070621	43.710757	32.6495039	56.9362964	12.4002459	8.27376096	0	66.7	0	0	3
5895	1305	0	2.30273438	55.4364908	43.7048984	32.6495039	56.6920876	12.4061045	8.27376096	0	66.6	0	0	3
5900	1306	0	2.3046875	55.40251	43.6999584	32.6495039	56.6920876	12.4110445	8.27376096	0	66.6	0	0	3
5905	1309	0	2.30664062	55.4000583	43.6960296	32.6495039	56.6920876	12.4149733	8.27376096	0	66.6	0	0	3
5910	1310	0	2.30859375	55.4218509	43.6931695	32.6495039	56.6920876	12.4178334	8.27376096	0	66.6	0	0	3
5915	1311	0	2.31054688	55.4599748	43.6914042	32.6495039	56.6920876	12.4195987	8.27376096	0	66.6	0	0	3
5920	1312	0	2.3125	55.5086048	43.6907396	32.6495039	56.6920876	12.4202633	8.27376096	0	66.6	0	0	3
5925	1313	0	2.31445312	55.5626878	43.6911631	32.6495039	56.6920876	12.4202633	8.27376096	0	66.6	0	0	3
5930	1314	0	2.31640625	55.6159105	43.6926351	32.6495039	56.6920876	12.4202633	8.27376096	0	66.6	0	0	3
5935	1315	0	2.31835938	55.6653346	43.6950999	32.6495039	56.6920876	12.4202633	8.27376096	0	66.6	0	0	3
5940	1316	0	2.3203125	55.7107978	43.6984934	32.6495039	56.6920876	12.4202633	8.27376096	0	66.6	0	0	3
5945	1317	0	2.32226562	55.7534755	43.7027484	32.6495039	56.6920876	12.4202633	8.27376096	0	66.6	0	0	3
5950	1318	0	2.32421875	55.7955006	43.7077989	32.6495039	56.6920876	12.4202633	8.27376096	0	66.6	0	0	3
5955	1319	0	2.32617188	55.8397437	43.713586	32.6495039	56.6920876	12.4202633	8.27376096	0	66.6	0	0	3
5960	1320	0	2.328125	55.8880014	43.7387057	32.6495039	56.6920876	12.4202633	8.27376096	0	66.6	0	0	3
5965	1321	0	2.33007812	55.9394262	43.7646088	32.6495039	56.6920876	12.4202633	8.27376096	0	66.6	0	0	3
5970	1322	0	2.33203125	55.9901452	43.7910959	32.6495039	56.6920876	12.4202633	8.27376096	0	66.6	0	0	3
5975	1323	0	2.33398438	56.0340624	43.8181228	32.6495039	56.6920876	12.4202633	8.27376096	0	66.6	0	0	3
5980	1324	0	2.3359375	56.0641455	43.8456101	32.6495039	56.6920876	12.4202633	8.27376096	0	66.6	0	0	3
5985	1325	0	2.33789062	56.075289	43.8734527	32.6495039	56.6920876	12.4202633	8.27376096	0	66.6	0	0	3
5990	1326	0	2.33984375	56.0652256	43.9015877	32.6495039	56.6920876	12.4202633	8.27376096	0	66.6	0	0	3
5995	1327	0	2.34179688	56.0332158	43.929943	32.6495039	56.6920876	12.4202633	8.27376096	0	66.6	0	0	3
6000	1329	0	2.34375	55.9773943	43.9584406	32.6495039	56.6920876	12.4202633	8.27376096	0	66.6	0	0	3
6005	1331	0	2.34570312	55.8944848	43.9870139	32.6495039	56.6920876	12.4202633	8.27376096	0	66.6	0	0	3
6010	1332	0	2.34765625	55.7865421	44.0156558	32.6495039	56.6920876	12.4202633	8.27376096	0	66.6	0	0	3
6015	1333	0	2.34960938	56.5470273	44.0478783	32.6495039	56.6920876	12.4202633	8.27376096	0	66.6	0	0	3
6020	1334	0	2.3515625	56.4049264	44.0802784	32.6495039	56.6920876	12.4202633	8.27376096	0	66.6	0	0	3
6025	1335	0	2.35351562	56.2450914	44.1128952	32.6495039	56.6920876	12.4202633	8.27376096	0	66.6	0	0	3
6030	1336	0	2.35546875	56.0727436	44.1457661	32.6495039	56.6920876	12.4202633	8.27376096	0	66.6	0	0	3
6035	1337	0	2.35742188	55.8963297	44.1789385	32.6495039	56.6920876	12.4202633	8.27376096	0	66.6	0	0	3
6040	1338	0	2.359375	55.7175828	44.2124454	32.6495039	56.6920876	12.4202633	8.27376096	0	66.6	0	0	3
6045	1339	0	2.36132812	55.5400648	44.2463208	32.6495039	56.6920876	12.4202633	8.27376096	0	66.6	0	0	3
6050	1340	0	2.36328125	55.375227	44.2806448	32.6495039	56.6920876	12.4202633	8.27376096	0	66.6	0	0	3
6055	1341	0	2.36523438	55.2318743	44.3155411	32.6495039	56.6920876	12.4202633	8.27376096	0	66.6	0	0	3
6060	1342	0	2.3671875	55.116177	44.3511565	32.6495039	56.6920876	12.4202633	8.27376096	0	66.6	0	0	3
6065	1344	0	2.36914062	55.0284053	44.3876266	32.6495039	56.6920876	12.4202633	8.27376096	0	66.6	0	0	3
6070	1345	0	2.37109375	54.9649329	44.4250512	32.6495039	56.6920876	12.4202633	8.27376096	0	66.6	0	0	3
6075	1346	0	2.37304688	54.9201027	44.4634784	32.6495039	56.6920876	12.4202633	8.27376096	0	66.6	0	0	3
6080	1347	0	2.375	54.8888854	44.5029034	32.6495039	56.6920876	12.4202633	8.27376096	0	66.6	0	0	3
6085	1348	0	2.37695312	54.8667845	44.5432721	32.6495039	56.6920876	12.4202633	8.27376096	0	66.6	0	0	3
6090	1349	0	2.37890625	54.8486825	44.5844829	32.6495039	56.6920876	12.4202633	8.27376096	0	66.6	0	0	3
6095	1350	0	2.38085938	54.83028	44.6263978	32.6495039	56.6920876	12.4202633	8.27376096	0	66.6	0	0	3
6100	1351	0	2.3828125	54.8087591	44.6688553	32.6495039	56.6920876	12.4202633	8.27376096	0	66.6	0	0	3
6105	1354	0	2.38476562	54.7826879	44.7116818	32.6495039	56.6920876	12.4202633	8.27376096	0	66.6	0	0	3
6110	1355	0	2.38671875	54.7522668	44.7546982	32.6495039	56.6920876	12.4202633	8.27376096	0	66.6	0	0	3
6115	1356	0	2.38867188	54.7189342	44.7977271	32.6495039	56.6920876	12.4202633	8.27376096	0	66.6	0	0	3
6120	1357	0	2.390625	54.6843384	44.8405942	32.6495039	56.6920876	12.4202633	8.27376096	0	66.6	0	0	3
6125	1358	0	2.39257812	54.6496094	44.9042469	32.6495039	56.6920876	12.4202633	8.27376096	0	66.6	0	0	3
6130	1359	0	2.39453125	54.6160306	44.9675562	32.6495039	56.6920876	12.4202633	8.27376096	0	66.6	0	0	3
6135	1360	0	2.39648438	54.5839697	45.030305	32.6495039	56.6920876	12.4202633	8.27376096	0	66.6	0	0	3
6140	1361	0	2.3984375	54.5524504	45.0924586	32.6495039	56.6920876	12.4202633	8.27376096	0	66.6	0	0	3
6145	1362	0	2.40039062	54.5193655	45.1538688	32.6495039	56.6920876	12.4202633	8.27376096	0	66.6	0	0	3
6150	1363	0	2.40234375	54.4807218	45.2142844	32.6495039	56.6920876	12.4202633	8.27376096	0	66.6	0	0	3
6155	1364	0	2.40429688	54.4317896	45.2737868	32.6495039	56.6920876	12.4202633	8.27376096	0	66.6	0	0	3
6160	1366	0	2.40625	54.3696091	45.3325655	32.6495039	56.6920876	12.4202633	8.27376096	0	66.6	0	0	3
6165	1367	0	2.40820312	54.2935335	45.3907634	32.6495039	56.6920876	12.4202633	8.27376096	0	66.6	0	0	3
6170	1368	0	2.41015625	54.2045556	45.4484863	32.6495039	56.6920876	12.4202633	8.27376096	0	66.6	0	0	3
6175	1369	0	2.41210938	54.1051261	45.5058604	32.6495039	56.6920876	12.4202633	8.27376096	0	66.6	0	0	3
6180	1370	0	2.4140625	53.4427869	45.5608612	32.6495039	56.6920876	12.4202633	8.27376096	0	66.6	0	0	3
6185	1371	0	2.41601562	53.3179822	45.6157487	32.6495039	56.6920876	12.4202633	8.27376096	0	66.6	0	0	3
6190	1372	0	2.41796875	53.1941855	45.6706982	32.6495039	56.6920876	12.4202633	8.27376096	0	66.6	0	0	3
6195	1373	0	2.41992188	53.069963	45.7258632	32.6495039	56.6920876	12.4202633	8.27376096	0	66.6	0	0	3
6200	1374	0	2.421875	52.9403314	45.7813134	32.6495039	56.6920876	12.4202633	8.27376096	0	66.6	0	0	3
6205	1376	0	2.42382812	52.8077196	45.8370775	32.6495039	56.6920876	12.4202633	8.27376096	0	66.6	0	0	3
6210	1377	0	2.42578125	52.6782833	45.89318	32.6495039	56.6920876	12.4202633	8.27376096	0	66.6	0	0	3
6215	1378	0	2.42773438	52.5560436	45.949655	32.6495039	56.6920876	12.4202633	8.27376096	0	66.6	0	0	3
6220	1379	0	2.4296875	52.4436896	46.0065621	32.6495039	56.6920876	12.4202633	8.27376096	0	66.6	0	0	3
6225	1380	0	2.43164062	52.3415701	46.063981	32.6495039	56.6920876	12.4202633	8.27376096	0	66.6	0	0	3
6230	1381	0	2.43359375	52.2495062	46.1219878	32.6495039	56.6920876	12.4202633	8.27376096	0	66.6	0	0	3
6235	1382	0	2.43554688	52.1674352	46.1806358	32.6495039	56.6920876	12.4202633	8.27376096	0	66.6	0	0	3
6240	1384	0	2.4375	52.0950977	46.2399432	32.6495039	56.6920876	12.4202633	8.27376096	0	66.6	0	0	3
6245	1385	0	2.43945312	52.0296478	46.2998785	32.6495039	56.6920876	12.4202633	8.27376096	0	66.6	0	0	3
6250	1386	0	2.44140625	51.9681012	46.36036	32.6495039	56.6920876	12.4202633	8.27376096	0	66.6	0	0	3
6255	1387	0	2.44335938	51.9067919	46.4212563	32.6495039	56.6920876	12.4202633	8.27376096	0	66.6	0	0	3
6260	1388	0	2.4453125	51.8423963	46.4824014	32.6495039	56.6920876	12.4202633	8.27376096	0	66.6	0	0	3
6265	1389	0	2.44726562	51.7725624	46.543613	32.6495039	56.6920876	12.4202633	8.27376096	0	66.6	0	0	3
6270	1390	0	2.44921875	51.6958448	46.6046925	32.6495039	56.6920876	12.4202633	8.27376096	0	66.6	0	0	3
6275	1391	0	2.45117188	51.6127395	46.6654256	32.6495039	56.6920876	12.4202633	8.27376096	0	66.6	0	0	3
6280	1392	0	2.453125	51.5254283	46.7255962	32.6495039	56.6920876	12.4202633	8.27376096	0	66.6	0	0	3
6285	1393	0	2.45507812	51.4364436	46.7849795	32.6495039	56.6920876	12.4202633	8.27376096	0	66.6	0	0	3
6290	1394	0	2.45703125	51.3471676	46.8433447	32.6495039	56.6920876	12.4131474	8.27376096	0	66.6	0	0	3
6295	1395	0	2.45898438	51.259359	46.9160395	32.9007156	56.6920876	12.4057278	8.27376096	0	66.6	0	0	3
6300	1397	0	2.4609375	51.1738747	46.987419	33.1425026	56.6920876	12.3979212	8.27376096	0	66.7	0	0	3
6305	1399	0	2.46289062	51.0910212	47.0575304	33.2123461	56.6920876	12.3898217	8.27376096	0	66.7	0	0	3
6310	1400	0	2.46484375	51.010855	47.1261914	33.2123461	56.6920876	12.3815695	8.27376096	0	66.8	0	0	3
6315	1401	0	2.46679688	50.9332384	47.1931486	33.2123461	56.6920876	12.3729288	8.27376096	0	66.8	0	0	3
6320	1402	0	2.46875	50.8579837	47.2585261	33.2123461	56.6920876	12.3635553	8.27376096	0	66.9	0	0	3
6325	1403	0	2.47070312	50.7851327	47.3225732	33.2123461	56.6920876	12.3531365	8.27376096	0	66.9	0	0	3
6330	1404	0	2.47265625	50.7150932	47.3855351	33.2123461	56.6920876	12.3414384	8.27376096	0	67	0	0	3
6335	1405	0	2.47460938	50.6484808	47.4476142	33.2123461	56.6920876	12.3282715	8.27376096	0	67.1	0	0	3
6340	1406	0	2.4765625	50.5858751	47.5090029	33.2123461	56.6920876	12.3134286	8.27376096	0	67.1	0	0	3
6345	1407	0	2.47851562	50.5276955	47.5699386	33.2123461	56.6920876	12.2967313	8.27376096	0	67.2	0	0	3
6350	1408	0	2.48046875	48.9052421	47.6245232	33.2123461	56.6920876	12.278077	8.27376096	0	67.3	0	0	3
6355	1409	0	2.48242188	48.8393889	47.6789913	33.2123461	56.6920876	12.2574147	8.27376096	0	67.5	0	0	3
6360	1411	0	2.484375	48.7938426	47.7335408	33.2123461	56.6920876	12.2347304	8.27376096	0	67.6	0	0	3
6365	1412	0	2.48632812	48.7489521	47.7882696	33.2123461	56.6920876	12.2100736	8.27376096	0	67.7	0	0	3
6370	1413	0	2.48828125	48.7100126	47.8432461	33.2123461	56.6920876	12.1835517	8.27376096	0	67.9	0	0	3
6375	1414	0	2.49023438	48.671086	47.8984742	33.2123461	56.6920876	12.1553099	8.27376096	0	68	0	0	3
6380	1415	0	2.4921875	48.6279277	47.953922	33.2123461	56.6920876	12.1255067	8.27376096	0	68.2	0	0	3
6385	1416	0	2.49414062	48.5851019	48.0095768	33.2123461	56.6920876	12.0942975	8.27376096	0	68.4	0	0	3
6390	1417	0	2.49609375	48.5404501	48.0654362	33.2123461	56.6920876	12.0618329	8.27376096	0	68.5	0	0	3
6395	1418	0	2.49804688	48.4907611	48.1215032	33.2123461	56.6920876	12.0282806	8.27376096	0	68.7	0	0	3
6400	1419	0	2.5	48.4332581	48.1777671	33.2123461	56.6920876	11.9614594	8.27376096	0	69.1	0	0	3
6405	1421	0	2.50195312	48.3682806	48.2341941	33.2123461	56.6920876	11.8939313	8.27376096	0	69.5	0	0	3
6410	1422	0	2.50390625	48.2970799	48.2907222	33.2123461	56.6920876	11.8258931	8.27376096	0	69.9	0	0	3
6415	1423	0	2.50585938	48.2206871	48.3472658	33.2123461	56.6920876	11.7574877	8.27376096	0	70.3	0	0	3
6420	1425	0	2.5078125	48.140123	48.4037242	33.2123461	56.6920876	11.688782	8.27376096	0	70.7	0	0	3
6425	1426	0	2.50976562	48.0556278	48.4599802	33.2123461	56.6920876	11.6198948	8.27376096	0	71.2	0	0	3
6430	1427	0	2.51171875	47.9669194	48.5158962	33.2123461	56.6920876	11.5511013	8.27376096	0	71.6	0	0	3
6435	1428	0	2.51367188	47.87351	48.5713127	33.2123461	56.6920876	11.4825696	8.27376096	0	72	0	0	3
6440	1429	0	2.515625	47.7748586	48.6260293	33.2123461	56.6920876	11.4143317	8.27376096	0	72.4	0	0	3
6445	1430	0	2.51757812	47.671549	48.6798167	33.2123461	56.6920876	11.3463351	8.27376096	0	72.9	0	0	3
6450	1431	0	2.51953125	47.5654046	48.7324575	33.2123461	56.6920876	11.2784917	8.27376096	0	73.3	0	0	3
6455	1432	0	2.52148438	47.4582564	48.7837996	33.2123461	56.6920876	11.2053902	8.27376096	0	73.8	0	0	3
6460	1433	0	2.5234375	47.3515733	48.839031	33.4888891	56.6920876	11.1321774	8.27376096	0	74.3	0	0	3
6465	1434	0	2.52539062	47.246992	48.8927735	33.7771298	56.6920876	11.0586758	8.27376096	0	74.8	0	0	3
6470	1435	0	2.52734375	47.1465682	48.9449979	34.0861258	56.6920876	10.9848029	8.27376096	0	75.3	0	0	3
6475	1437	0	2.52929688	47.0526657	48.9956485	34.4008155	56.6920876	10.9104885	8.27376096	0	75.8	0	0	3
6480	1438	0	2.53125	46.9676931	49.0447378	34.7064796	56.6920876	10.8356634	8.27376096	0	76.3	0	0	3
6485	1439	0	2.53320312	46.8936737	49.0923441	34.9915602	56.6920876	10.7602407	8.27376096	0	76.8	0	0	3
6490	1440	0	2.53515625	46.8322737	49.1385968	35.2444988	56.6920876	10.6840791	8.27376096	0	77.4	0	0	3
6495	1441	0	2.53710938	46.7846583	49.1836756	35.4584128	56.6920876	10.6069773	8.27376096	0	78	0	0	3
6500	1442	0	2.5390625	46.751351	49.2277886	35.6273795	56.6920876	10.5286744	8.27376096	0	78.5	0	0	3
6505	1444	0	2.54101562	46.7322835	49.2711672	35.7534053	56.6920876	10.4489135	8.27376096	0	79.1	0	0	3
6510	1445	0	2.54296875	46.7267872	49.3140319	35.8438698	56.6920876	10.3675016	8.27376096	0	79.8	0	0	3
6515	1446	0	2.54492188	44.8703916	49.3492918	35.9062271	56.6920876	10.2843272	8.27376096	0	80.4	0	0	3
6520	1448	0	2.546875	44.8708035	49.3843097	35.9484202	56.6920876	10.1993664	8.27376096	0	81.1	0	0	3
6525	1449	0	2.54882812	44.8891442	49.4192344	35.9785015	56.6920876	10.1126858	8.27376096	0	81.8	0	0	3
6530	1450	0	2.55078125	44.9162562	49.4541475	36.0049274	56.6920876	10.0244446	8.27376096	0	82.5	0	0	3
6535	1451	0	2.55273438	44.9616292	49.4891346	36.0361063	56.6920876	9.93489098	8.27376096	0	83.2	0	0	3
6540	1452	0	2.5546875	45.0240777	49.5242438	36.0775326	56.6920876	9.84433627	8.27376096	0	84	0	0	3
6545	1453	0	2.55664062	45.0732438	49.5593833	36.13039	56.6920876	9.75313281	8.27376096	0	84.8	0	0	3
6550	1454	0	2.55859375	45.1054741	49.5944423	36.1921645	56.6920876	9.66165314	8.27376096	0	85.6	0	0	3
6555	1455	0	2.56054688	45.12513	49.6293367	36.2562734	56.6920876	9.57021489	8.27376096	0	86.4	0	0	3
6560	1456	0	2.5625	45.1312825	49.6640047	36.3172815	56.6920876	9.47908397	8.27376096	0	87.2	0	0	3
6565	1457	0	2.56445312	45.1220842	49.6983984	36.3721568	56.6920876	9.35746809	8.27376096	0	88.4	0	0	3
6570	1458	0	2.56640625	45.0973263	49.7324811	36.4213241	56.6920876	9.23639838	8.27376096	0	89.5	0	0	3
6575	1459	0	2.56835938	45.0572237	49.7662151	36.4688306	56.6920876	9.11620832	8.27376096	0	90.7	0	0	3
6580	1461	0	2.5703125	45.0035117	49.7995537	36.5207126	56.6920876	8.99708546	8.27376096	0	91.9	0	0	3
6585	1462	0	2.57226562	44.9395168	49.8324397	36.5835619	56.6920876	8.8793205	8.27376096	0	93.1	0	0	3
6590	1463	0	2.57421875	44.8693202	49.8648059	36.6640718	56.6920876	8.76324479	8.27376096	0	94.4	0	0	3
6595	1464	0	2.57617188	44.7957971	49.8965705	36.7672866	56.6920876	8.64892893	8.27376096	0	95.6	0	0	3
6600	1465	0	2.578125	44.7200904	49.9276361	36.8949396	56.6920876	8.53633278	8.27376096	0	96.9	0	0	3
6605	1468	0	2.58007812	44.6419	49.9578977	37.0425861	56.6920876	8.42529119	8.27376096	0	98.2	0	0	3
6610	1469	0	2.58203125	44.5607965	49.9872657	37.2059082	56.6920876	8.31555491	8.27376096	0	99.4	0	0	3
6615	1470	0	2.58398438	44.4754582	50.0156623	37.3807969	56.6920876	8.20682294	8.27376096	0	100	0	0	3
6620	1471	0	2.5859375	44.3870369	50.0430305	38.7898653	56.6920876	8.10355048	8.27376096	0	100	0	0	3
6625	1472	0	2.58789062	44.2966757	50.0645414	38.9993648	56.6920876	8.0007367	8.27376096	0	100	0	0	3
6630	1473	0	2.58984375	44.206445	50.0848816	39.185454	56.6920876	7.89801752	8.27376096	0	100	0	0	3
6635	1474	0	2.59179688	44.1194021	50.1041548	39.3728484	56.6920876	7.79513597	8.27376096	0	100	0	0	3
6640	1476	0	2.59375	44.0392094	50.1223828	39.5885596	56.6920876	7.69198113	8.27376096	0	100	0	0	3
6645	1477	0	2.59570312	43.9695936	50.1394962	39.8146256	56.6920876	7.5885223	8.27376096	0	100	0	0	3
6650	1478	0	2.59765625	43.9139857	50.1555094	40.0237456	56.6920876	7.48469764	8.27376096	0	100	0	0	3
6655	1479	0	2.59960938	43.8746432	50.1705519	40.2098866	56.6920876	7.38042344	8.27376096	0	100	0	0	3
6660	1480	0	2.6015625	43.8535129	50.1847848	40.3796762	56.6920876	7.27562358	8.27376096	0	100	0	0	3
6665	1481	0	2.60351562	43.8518217	50.1983479	40.5371468	56.6920876	7.1702253	8.27376096	0	100	0	0	3
6670	1482	0	2.60546875	43.8697353	50.2113658	40.681975	56.6920876	7.06414817	8.27376096	0	100	0	0	3
6675	1483	0	2.60742188	43.9061781	50.2239604	40.8115437	56.6920876	6.95729593	8.27376096	0	100	0	0	3
6680	1484	0	2.609375	43.9601427	50.2362596	40.9257101	56.6920876	6.84957924	8.27376096	0	100	0	0	3
6685	1485	0	2.61132812	42.5646235	50.2426616	41.0304244	56.6920876	6.74095649	8.27376096	0	100	0	0	3
6690	1486	0	2.61328125	42.6363912	50.2489349	41.1349764	56.6920876	6.63146072	8.27376096	0	100	0	0	3
6695	1488	0	2.61523438	42.7155102	50.2551089	41.2475796	56.6920876	6.56436925	8.27376096	0	100	0	0	3
6700	1489	0	2.6171875	42.8173489	50.2612408	41.3728303	56.6920876	6.57050116	8.27376096	0	100	0	0	3
6705	1491	0	2.61914062	42.9358748	50.2673464	41.5122263	56.6920876	6.5766068	8.27376096	0	100	0	0	3
6710	1492	0	2.62109375	43.0403823	50.2733158	41.6654696	56.6920876	6.58257616	8.27376096	0	100	0	0	3
6715	1493	0	2.62304688	43.1255068	50.279019	41.8294702	56.6920876	6.58827943	8.27376096	0	100	0	0	3
6720	1494	0	2.625	43.1956083	50.2843555	41.9983439	56.6920876	6.5936159	8.27376096	0	100	0	0	3
6725	1495	0	2.62695312	43.2499473	50.2892446	42.1659901	56.6920876	6.59850498	8.27376096	0	100	0	0	3
6730	1496	0	2.62890625	43.2856229	50.2936182	42.3283069	56.6920876	6.60287855	8.27376096	0	100	0	0	3
6735	1497	0	2.63085938	43.3009632	50.2974176	42.4834646	56.6920876	6.60667798	8.27376096	0	100	0	0	3
6740	1498	0	2.6328125	43.2988402	50.3006027	42.5646235	56.6920876	6.60986305	8.27376096	0	100	0	0	3
6745	1500	0	2.63476562	43.2828021	50.3031478	42.5646235	56.6920876	6.61240818	8.27376096	0	100	0	0	3
6750	1501	0	2.63671875	43.2549083	50.305033	42.5646235	56.6920876	6.61429343	8.27376096	0	100	0	0	3
6755	1502	0	2.63867188	43.2199599	50.3062535	42.5646235	56.6920876	6.6155139	8.27376096	0	100	0	0	3
6760	1503	0	2.640625	43.1827847	50.3068198	42.5646235	56.6920876	6.6160802	8.27376096	0	100	0	0	3
6765	1504	0	2.64257812	43.1462725	50.3067517	42.5646235	56.6920876	6.6160802	8.27376096	0	100	0	0	3
6770	1505	0	2.64453125	43.1112914	50.3060722	42.5646235	56.6920876	6.6160802	8.27376096	0	100	0	0	3
6775	1506	0	2.64648438	43.0773837	50.3048046	42.5646235	56.6920876	6.6160802	8.27376096	0	100	0	0	3
6780	1507	0	2.6484375	43.0429674	50.3029731	42.5646235	56.6920876	6.6160802	8.27376096	0	100	0	0	3
6785	1509	0	2.65039062	43.0058135	50.3006012	42.5646235	56.6920876	6.6160802	8.27376096	0	100	0	0	3
6790	1510	0	2.65234375	42.9648769	50.2977141	42.5646235	56.6920876	6.6160802	8.27376096	0	100	0	0	3
6795	1511	0	2.65429688	42.9210863	50.2832957	42.5646235	56.6920876	6.6160802	8.27376096	0	100	0	0	3
6800	1512	0	2.65625	42.8771517	50.2684287	42.5646235	56.6920876	6.6160802	8.27376096	0	100	0	0	3
6805	1514	0	2.65820312	42.83664	50.2532266	42.5646235	56.6920876	6.6160802	8.27376096	0	100	0	0	3
6810	1515	0	2.66015625	42.8035239	50.2376684	42.5646235	56.6920876	6.6160802	8.27376096	0	100	0	0	3
6815	1516	0	2.66210938	42.7808843	50.2217518	42.5646235	56.6920876	6.6160802	8.27376096	0	100	0	0	3
6820	1517	0	2.6640625	42.7714468	50.2055165	42.5646235	56.6920876	6.6160802	8.27376096	0	100	0	0	3
6825	1518	0	2.66601562	42.7776096	50.1890937	42.5646235	56.6920876	6.6160802	8.27376096	0	100	0	0	3
6830	1520	0	2.66796875	42.8006054	50.1725849	42.5646235	56.6920876	6.6160802	8.27376096	0	100	0	0	3
6835	1521	0	2.66992188	42.8416205	50.1560158	42.5646235	56.6920876	6.6160802	8.27376096	0	100	0	0	3
6840	1522	0	2.671875	42.9007276	50.139387	42.5646235	56.6920876	6.6160802	8.27376096	0	100	0	0	3
6845	1523	0	2.67382812	42.9770064	50.1226894	42.5646235	56.6920876	6.6160802	8.27376096	0	100	0	0	3
6850	1524	0	2.67578125	42.4521892	50.1035102	42.4521892	56.6920876	6.6160802	8.27376096	0	100	0	0	3
6855	1525	0	2.67773438	42.5461932	50.084223	42.4521892	56.6920876	6.6160802	8.27376096	0	100	0	0	3
6860	1526	0	2.6796875	42.6457754	50.064816	42.4521892	56.6920876	6.6160802	8.27376096	0	100	0	0	3
6865	1527	0	2.68164062	42.7550754	50.0452908	42.4521892	56.6920876	6.6160802	8.27376096	0	100	0	0	3
6870	1528	0	2.68359375	42.863986	50.0256086	42.4521892	56.6920876	6.6160802	8.27376096	0	100	0	0	3
6875	1529	0	2.68554688	42.9691029	50.005724	42.4521892	56.6920876	6.6160802	8.27376096	0	100	0	0	3
6880	1530	0	2.6875	43.0713062	49.9856042	42.4521892	56.6920876	6.6160802	8.27376096	0	100	0	0	3
6885	1531	0	2.68945312	43.1659915	49.9652023	42.4521892	56.6920876	6.6160802	8.27376096	0	100	0	0	3
6890	1532	0	2.69140625	43.2466005	49.9444438	42.4521892	56.6920876	6.6160802	8.27376096	0	100	0	0	3
6895	1534	0	2.69335938	43.3092862	49.9232333	42.4521892	56.6920876	6.6160802	8.27376096	0	100	0	0	3
6900	1535	0	2.6953125	43.3544551	49.9014789	42.4521892	56.6920876	6.6160802	8.27376096	0	100	0	0	3
6905	1537	0	2.69726562	43.3846358	49.8791101	42.4521892	56.6920876	6.6160802	8.27376096	0	100	0	0	3
6910	1538	0	2.69921875	43.4028568	49.8560872	42.4521892	56.6920876	6.6160802	8.27376096	0	100	0	0	3
6915	1539	0	2.70117188	43.412463	49.8324067	42.4521892	56.6920876	6.6160802	8.27376096	0	100	0	0	3
6920	1541	0	2.703125	43.4171463	49.8081016	42.4521892	56.6920876	6.6160802	8.27376096	0	100	0	0	3
6925	1542	0	2.70507812	43.4208803	49.7832381	42.4521892	56.6920876	6.6160802	8.27376096	0	100	0	0	3
6930	1543	0	2.70703125	43.4269205	49.7579091	42.4521892	56.6920876	6.6160802	8.27376096	0	100	0	0	3
6935	1544	0	2.70898438	43.4369254	49.7322228	42.4521892	56.6920876	6.6160802	8.27376096	0	100	0	0	3
6940	1545	0	2.7109375	43.4512085	49.7062947	42.4521892	56.6920876	6.6160802	8.27376096	0	100	0	0	3
6945	1546	0	2.71289062	43.4684392	49.6802405	42.4521892	56.6920876	6.6160802	8.27376096	0	100	0	0	3
6950	1547	0	2.71484375	43.48626	49.6541663	42.4521892	56.6920876	6.6160802	8.27376096	0	100	0	0	3
6955	1548	0	2.71679688	43.5020044	49.6281607	42.4521892	56.6920876	6.6160802	8.27376096	0	100	0	0	3
6960	1550	0	2.71875	43.5139212	49.5902671	42.4521892	56.6920876	6.6160802	8.27376096	0	100	0	0	3
6965	1551	0	2.72070312	43.5222699	49.5524556	42.4521892	56.6920876	6.6160802	8.27376096	0	100	0	0	3
6970	1552	0	2.72265625	43.528986	49.5149554	42.4521892	56.6920876	6.6160802	8.27376096	0	100	0	0	3
6975	1553	0	2.72460938	43.5367251	49.4777442	42.4521892	56.6920876	6.6160802	8.27376096	0	100	0	0	3
6980	1554	0	2.7265625	43.5481649	49.4408432	42.4521892	56.6920876	6.6160802	8.27376096	0	100	0	0	3
6985	1555	0	2.72851562	43.5658283	49.4043386	42.4521892	56.6920876	6.6160802	8.27376096	0	100	0	0	3
6990	1556	0	2.73046875	43.5922176	49.3682535	42.4521892	56.6920876	6.6160802	8.27376096	0	100	0	0	3
6995	1557	0	2.73242188	43.6291842	49.332614	42.4521892	56.6920876	6.6160802	8.27376096	0	100	0	0	3
7000	1558	0	2.734375	43.67794	49.2973886	42.4521892	56.6920876	6.6160802	8.27376096	0	100	0	0	3
7005	1560	0	2.73632812	43.7374379	49.2625007	42.4521892	56.6920876	6.6160802	8.27376096	0	100	0	0	3
7010	1561	0	2.73828125	43.8041262	49.2278507	42.4521892	56.6920876	6.6160802	8.27376096	0	100	0	0	3
7015	1563	0	2.74023438	44.1564898	49.1944364	42.4521892	56.6920876	6.6160802	8.27376096	0	100	0	0	3
7020	1564	0	2.7421875	44.2354468	49.1610895	42.4521892	56.6920876	6.6160802	8.27376096	0	100	0	0	3
7025	1565	0	2.74414062	44.3076407	49.1276891	42.4521892	56.6920876	6.6160802	8.27376096	0	100	0	0	3
7030	1566	0	2.74609375	44.3798022	49.0941473	42.4521892	56.6920876	6.6160802	8.27376096	0	100	0	0	3
7035	1567	0	2.74804688	44.4607591	49.0604498	42.4521892	56.6920876	6.6160802	8.27376096	0	100	0	0	3
7040	1568	0	2.75	44.5451244	49.0266007	42.4521892	56.6920876	6.6160802	8.27376096	0	100	0	0	3
7045	1569	0	2.75195312	44.625019	48.9925926	42.4521892	56.6920876	6.6160802	8.27376096	0	100	0	0	3
7050	1570	0	2.75390625	44.6973028	48.9584068	42.4521892	56.6920876	6.6160802	8.27376096	0	100	0	0	3
7055	1571	0	2.75585938	44.7623652	48.9240171	42.4521892	56.6920876	6.6160802	8.27376096	0	100	0	0	3
7060	1572	0	2.7578125	44.8209278	48.8893883	42.4521892	56.6920876	6.6160802	8.27376096	0	100	0	0	3
7065	1573	0	2.75976562	44.8729341	48.8544723	42.4521892	56.6920876	6.6160802	8.27376096	0	100	0	0	3
7070	1574	0	2.76171875	44.9180069	48.8192132	42.4521892	56.6920876	6.6160802	8.27376096	0	100	0	0	3
7075	1576	0	2.76367188	44.9566524	48.7835645	42.4521892	56.6920876	6.6160802	8.27376096	0	100	0	0	3
7080	1577	0	2.765625	44.9904832	48.7475052	42.4521892	56.6920876	6.6160802	8.27376096	0	100	0	0	3
7085	1578	0	2.76757812	45.0219293	48.711052	42.4521892	56.6920876	6.6160802	8.27376096	0	100	0	0	3
7090	1579	0	2.76953125	45.0540916	48.6742636	42.4521892	56.6920876	6.6160802	8.27376096	0	100	0	0	3
7095	1580	0	2.77148438	45.0897204	48.6372394	42.4521892	56.6920876	6.6160802	8.27376096	0	100	0	0	3
7100	1581	0	2.7734375	45.1294757	48.6001096	42.4521892	56.6920876	6.6160802	8.27376096	0	100	0	0	3
7105	1584	0	2.77539062	45.1744224	48.5630245	42.4521892	56.6920876	6.6160802	8.27376096	0	100	0	0	3
7110	1585	0	2.77734375	45.2251944	48.5261299	42.4521892	56.6920876	6.6160802	8.27376096	0	100	0	0	3
7115	1586	0	2.77929688	45.2797373	48.48955	42.4521892	56.6920876	6.6160802	8.27376096	0	100	0	0	3
7120	1587	0	2.78125	45.3349271	48.4533927	42.4521892	56.6920876	6.6160802	8.27376096	0	100	0	0	3
7125	1588	0	2.78320312	45.3886401	48.4177606	42.4521892	56.6920876	6.6160802	8.27376096	0	100	0	0	3
7130	1589	0	2.78515625	45.439243	48.3738042	42.4521892	56.556346	6.6160802	8.27376096	0	100	0	0	3
7135	1590	0	2.78710938	45.4865924	48.3305629	42.4521892	56.5470273	6.6160802	8.27376096	0	100	0	0	3
7140	1591	0	2.7890625	45.5307574	48.2880573	42.4521892	56.5470273	6.6160802	8.27376096	0	100	0	0	3
7145	1593	0	2.79101562	45.5726593	48.2463071	42.4521892	56.5470273	6.6160802	8.27376096	0	100	0	0	3
7150	1594	0	2.79296875	45.6131361	48.2053859	42.4521892	56.5470273	6.6160802	8.27376096	0	100	0	0	3
7155	1595	0	2.79492188	45.6534208	48.1652866	42.4521892	56.5470273	6.6160802	8.27376096	0	100	0	0	3
7160	1596	0	2.796875	45.6943241	48.1259878	42.4521892	56.5470273	6.6160802	8.27376096	0	100	0	0	3
7165	1597	0	2.79882812	45.7356331	48.087399	42.4521892	56.5470273	6.6160802	8.27376096	0	100	0	0	3
7170	1598	0	2.80078125	45.7768798	48.0493905	42.4521892	56.5470273	6.6160802	8.27376096	0	100	0	0	3
7175	1599	0	2.80273438	45.8168547	48.0118138	42.4521892	56.5470273	6.6160802	8.27376096	0	100	0	0	3
7180	1600	0	2.8046875	45.8547004	47.9745177	42.4521892	56.5470273	6.6160802	8.27376096	0	100	0	0	3
7185	1601	0	2.80664062	46.791114	47.940889	42.4521892	56.5470273	6.6160802	8.27376096	0	100	0	0	3
7190	1603	0	2.80859375	46.8252645	47.9073086	42.4521892	56.5470273	6.6160802	8.27376096	0	100	0	0	3
7195	1604	0	2.81054688	46.8437875	47.8736516	42.4521892	56.5470273	6.6160802	8.27376096	0	100	0	0	3
7200	1605	0	2.8125	46.8734103	47.8399204	42.4521892	56.5470273	6.6156567	8.27376096	0	100	0	0	3
7205	1607	0	2.81445312	46.9125551	47.8061308	42.4521892	56.5470273	6.61418468	8.27376096	0	100	0	0	3
7210	1608	0	2.81640625	46.9469872	47.7722678	42.4521892	56.5470273	6.61171989	8.27376096	0	100	0	0	3
7215	1609	0	2.81835938	46.9729044	47.738313	42.4521892	56.5470273	6.60832638	8.27376096	0	100	0	0	3
7220	1610	0	2.8203125	46.9964189	47.7042724	42.4521892	56.5470273	6.60407137	8.27376096	0	100	0	0	3
7225	1611	0	2.82226562	47.0228884	47.6701686	42.4521892	56.5470273	6.59902087	8.27376096	0	100	0	0	3
7230	1613	0	2.82421875	47.0563515	47.6360313	42.4521892	56.5470273	6.59323379	8.27376096	0	100	0	0	3
7235	1614	0	2.82617188	47.0956073	47.6018745	42.4521892	56.5470273	6.56811412	8.27376096	0	100	0	0	3
7240	1615	0	2.828125	47.1369761	47.5676908	42.4521892	56.5470273	6.54221102	8.27376096	0	100	0	0	3
7245	1616	0	2.83007812	47.1788144	47.5334697	42.4521892	56.5470273	6.51572392	8.27376096	0	100	0	0	3
7250	1617	0	2.83203125	47.2221001	47.4992195	42.4521892	56.5470273	6.48869697	8.27376096	0	100	0	0	3
7255	1618	0	2.83398438	47.2685099	47.4649791	42.4521892	56.5470273	6.46120974	8.27376096	0	100	0	0	3
7260	1619	0	2.8359375	47.3184384	47.4308161	42.4521892	56.5470273	6.43336714	8.27376096	0	100	0	0	3
7265	1620	0	2.83789062	47.370821	47.3968143	42.4521892	56.5470273	6.40523209	8.27376096	0	100	0	0	3
7270	1622	0	2.83984375	47.4253968	47.363065	42.4521892	56.5470273	6.37687683	8.27376096	0	100	0	0	3
7275	1623	0	2.84179688	47.4812754	47.329659	42.4521892	56.5470273	6.34837921	8.27376096	0	100	0	0	3
7280	1624	0	2.84375	47.5389132	47.2966961	42.4521892	56.5470273	6.3198059	8.27376096	0	100	0	0	3
7285	1625	0	2.84570312	47.5981296	47.2642885	42.4521892	56.5470273	6.29116404	8.27376096	0	100	0	0	3
7290	1626	0	2.84765625	47.6583839	47.2325379	42.4521892	56.5470273	6.25894147	8.27376096	0	100	0	0	3
7295	1627	0	2.84960938	47.7189357	47.1980532	42.4521892	56.4049264	6.22654142	8.27376096	0	100	0	0	3
7300	1629	0	2.8515625	47.778913	47.1643578	42.4521892	56.2450914	6.19392461	8.27376096	0	100	0	0	3
7305	1631	0	2.85351562	47.8366048	47.1315121	42.4521892	56.0727436	6.16105372	8.27376096	0	100	0	0	3
7310	1632	0	2.85546875	47.8905396	47.0995504	42.4521892	55.8963297	6.12788126	8.27376096	0	100	0	0	3
7315	1633	0	2.85742188	47.9390283	47.0684672	42.4521892	55.7175828	6.09437441	8.27376096	0	100	0	0	3
7320	1634	0	2.859375	47.9810071	47.0382462	42.4521892	55.5400648	6.06049904	8.27376096	0	100	0	0	3
7325	1636	0	2.86132812	48.0155285	47.0088535	42.4521892	55.375227	6.02617497	8.27376096	0	100	0	0	3
7330	1637	0	2.86328125	48.0422057	46.9802089	42.4521892	55.2318743	5.99127866	8.27376096	0	100	0	0	3
7335	1638	0	2.86523438	48.0608809	46.9521972	42.4521892	55.116177	5.95566333	8.27376096	0	100	0	0	3
7340	1639	0	2.8671875	48.0715554	46.9246791	42.4521892	55.0284053	5.91919317	8.27376096	0	100	0	0	3
7345	1640	0	2.86914062	48.0742021	46.8975143	42.4521892	54.9649329	5.88176857	8.27376096	0	100	0	0	3
7350	1641	0	2.87109375	49.1333221	46.8747345	42.4521892	54.9201027	5.84334141	8.27376096	0	100	0	0	3
7355	1643	0	2.87304688	49.1371574	46.8521449	42.4521892	54.8888854	5.80391643	8.27376096	0	100	0	0	3
7360	1644	0	2.875	49.1109367	46.8295748	42.4521892	54.8667845	5.76354776	8.27376096	0	100	0	0	3
7365	1645	0	2.87695312	49.0904424	46.807011	42.4521892	54.8486825	5.72233691	8.27376096	0	100	0	0	3
7370	1646	0	2.87890625	49.0783835	46.7844707	42.4521892	54.83028	5.680422	8.27376096	0	100	0	0	3
7375	1647	0	2.88085938	49.0614873	46.7619364	42.4521892	54.8087591	5.6379645	8.27376096	0	100	0	0	3
7380	1648	0	2.8828125	49.0368934	46.73939	42.4521892	54.7826879	5.59513799	8.27376096	0	100	0	0	3
7385	1650	0	2.88476562	49.0131174	46.7168526	42.4521892	54.7522668	5.55212161	8.27376096	0	100	0	0	3
7390	1651	0	2.88671875	48.9973973	46.6943727	42.4521892	54.7189342	5.50909273	8.27376096	0	100	0	0	3
7395	1652	0	2.88867188	48.9952882	46.6720147	42.4521892	54.6843384	5.46622562	8.27376096	0	100	0	0	3
7400	1653	0	2.890625	49.0059532	46.6498335	42.4521892	54.6496094	5.40257291	8.27376096	0	100	0	0	3
7405	1655	0	2.89257812	49.0260441	46.6278664	42.4521892	54.6160306	5.33926362	8.27376096	0	100	0	0	3
7410	1656	0	2.89453125	49.0530454	46.606136	42.4521892	54.5839697	5.27651486	8.27376096	0	100	0	0	3
7415	1658	0	2.89648438	49.0863547	46.584661	42.4521892	54.5524504	5.21436117	8.27376096	0	100	0	0	3
7420	1659	0	2.8984375	49.1255105	46.563462	42.4521892	54.5193655	5.152951	8.27376096	0	100	0	0	3
7425	1660	0	2.90039062	49.1693414	46.5425635	42.4521892	54.4807218	5.09253538	8.27376096	0	100	0	0	3
7430	1661	0	2.90234375	49.215296	46.5219954	42.4521892	54.4317896	5.03303297	8.27376096	0	100	0	0	3
7435	1662	0	2.90429688	49.2611608	46.5017976	42.4521892	54.3696091	4.97425427	8.27376096	0	100	0	0	3
7440	1663	0	2.90625	49.3060127	46.4820179	42.4521892	54.2935335	4.91605639	8.27376096	0	100	0	0	3
7445	1665	0	2.90820312	49.3504048	46.4627089	42.4521892	54.2045556	4.85833352	8.27376096	0	100	0	0	3
7450	1666	0	2.91015625	49.3953784	46.443923	42.4521892	54.1051261	4.80095944	8.27376096	0	100	0	0	3
7455	1667	0	2.91210938	49.4420646	46.4257079	42.4521892	53.4427869	4.74595862	8.27376096	0	100	0	0	3
7460	1668	0	2.9140625	49.4899268	46.4102671	42.4521892	53.3179822	4.69107115	8.27376096	0	100	0	0	3
7465	1669	0	2.91601562	49.5381551	46.3955021	42.4521892	53.1941855	4.63612159	8.27376096	0	100	0	0	3
7470	1670	0	2.91796875	49.5859112	46.3814073	42.4521892	53.069963	4.58095658	8.27376096	0	100	0	0	3
7475	1671	0	2.91992188	49.631605	46.3679762	42.4521892	52.9403314	4.52550642	8.27376096	0	100	0	0	3
7480	1673	0	2.921875	49.6725313	46.3552114	42.4521892	52.8077196	4.46974232	8.27376096	0	100	0	0	3
7485	1674	0	2.92382812	49.7061589	46.3430959	42.4521892	52.6782833	4.41363978	8.27376096	0	100	0	0	3
7490	1675	0	2.92578125	49.730348	46.3315805	42.4521892	52.5560436	4.35716479	8.27376096	0	100	0	0	3
7495	1676	0	2.92773438	49.7432301	46.320593	42.4521892	52.4436896	4.30025775	8.27376096	0	100	0	0	3
7500	1677	0	2.9296875	49.7442682	46.3100483	42.4521892	52.3415701	4.24283876	8.27376096	0	100	0	0	3
7505	1679	0	2.93164062	49.7350779	46.2998667	42.4521892	52.2495062	4.18483202	8.27376096	0	100	0	0	3
7510	1681	0	2.93359375	49.7162159	46.2899711	42.4521892	52.1674352	4.126184	8.27376096	0	100	0	0	3
7515	1682	0	2.93554688	49.6878823	46.2802853	42.4521892	52.0950977	4.06687659	8.27376096	0	100	0	0	3
7520	1683	0	2.9375	50.499115	46.274051	42.4521892	52.0296478	4.0327688	8.27376096	0	100	0	0	3
7525	1684	0	2.93945312	50.4524978	46.2678903	42.4521892	51.9681012	4.03892954	8.27376096	0	100	0	0	3
7530	1685	0	2.94140625	50.39931	46.2617622	42.4521892	51.9067919	4.04505763	8.27376096	0	100	0	0	3
7535	1686	0	2.94335938	50.35007	46.2556812	42.4521892	51.8423963	4.05113858	8.27376096	0	100	0	0	3
7540	1687	0	2.9453125	50.2971515	46.2496451	42.4521892	51.7725624	4.05717469	8.27376096	0	100	0	0	3
7545	1688	0	2.94726562	50.2417529	46.2436654	42.4521892	51.6958448	4.06315442	8.27376096	0	100	0	0	3
7550	1690	0	2.94921875	50.1873853	46.237773	42.4521892	51.6127395	4.06904684	8.27376096	0	100	0	0	3
7555	1691	0	2.95117188	50.1404209	46.2320217	42.4521892	51.5254283	4.07479808	8.27376096	0	100	0	0	3
7560	1692	0	2.953125	50.1066749	46.2264797	42.4521892	51.4364436	4.08034009	8.27376096	0	100	0	0	3
7565	1693	0	2.95507812	50.0877758	46.2212115	42.4521892	51.3471676	4.08560832	8.27376096	0	100	0	0	3
7570	1694	0	2.95703125	50.0809574	46.2162654	42.4521892	51.259359	4.09055445	8.27376096	0	100	0	0	3
7575	1695	0	2.95898438	50.0831359	46.2116707	42.4521892	51.1738747	4.09514907	8.27376096	0	100	0	0	3
7580	1697	0	2.9609375	50.0929541	46.2074484	42.4521892	51.0910212	4.09937142	8.27376096	0	100	0	0	3
7585	1698	0	2.96289062	50.1089865	46.2036123	42.4521892	51.010855	4.10320749	8.27376096	0	100	0	0	3
7590	1699	0	2.96484375	50.1295163	46.2001696	42.4521892	50.9332384	4.10665022	8.27376096	0	100	0	0	3
7595	1700	0	2.96679688	50.1523069	46.1971191	42.4521892	50.8579837	4.10970074	8.27376096	0	100	0	0	3
7600	1701	0	2.96875	50.175336	46.1944525	42.4521892	50.7851327	4.11236733	8.27376096	0	100	0	0	3
7605	1703	0	2.97070312	50.1968544	46.1921545	42.4521892	50.7150932	4.11466529	8.27376096	0	100	0	0	3
7610	1705	0	2.97265625	50.2162918	46.1902061	42.4521892	50.6484808	4.11661373	8.27376096	0	100	0	0	3
7615	1706	0	2.97460938	50.2342937	46.1885882	42.4521892	50.5858751	4.11823165	8.27376096	0	100	0	0	3
7620	1707	0	2.9765625	50.2521798	46.1872847	42.4521892	50.5276955	4.11953515	8.27376096	0	100	0	0	3
7625	1708	0	2.97851562	50.2712039	46.1862827	42.4521892	50.499115	4.12053707	8.27376096	0	100	0	0	3
7630	1709	0	2.98046875	50.2918081	46.191699	42.4521892	50.499115	4.12053707	8.27376096	0	100	0	0	3
7635	1710	0	2.98242188	50.3133174	46.1974565	42.4521892	50.499115	4.12053707	8.27376096	0	100	0	0	3
7640	1711	0	2.984375	50.3344035	46.2034744	42.4521892	50.499115	4.12053707	8.27376096	0	100	0	0	3
7645	1712	0	2.98632812	50.3529622	46.20974	42.4521892	50.499115	4.12053707	8.27376096	0	100	0	0	3
7650	1714	0	2.98828125	50.3661641	46.2162094	42.4521892	50.499115	4.12053707	8.27376096	0	100	0	0	3
7655	1715	0	2.99023438	50.3717543	46.2228526	42.4521892	50.499115	4.12053707	8.27376096	0	100	0	0	3
7660	1716	0	2.9921875	50.3686657	46.2296524	42.4521892	50.499115	4.12053707	8.27376096	0	100	0	0	3
7665	1717	0	2.99414062	50.3562792	46.236571	42.4521892	50.499115	4.12053707	8.27376096	0	100	0	0	3
7670	1718	0	2.99609375	50.3338687	46.2435766	42.4521892	50.499115	4.12053707	8.27376096	0	100	0	0	3
7675	1719	0	2.99804688	50.3030667	46.2506559	42.4521892	50.499115	4.12053707	8.27376096	0	100	0	0	3
7680	1721	0	3	50.2649578	46.257811	42.4521892	50.499115	4.12053707	8.27376096	0	100	0	0	3
7685	1722	0	3.00195312	50.5879288	46.2664815	42.4521892	50.5879288	4.12053707	8.27376096	0	100	0	0	3
7690	1723	0	3.00390625	50.5415755	46.275249	42.4521892	50.5879288	4.12053707	8.27376096	0	100	0	0	3
7695	1724	0	3.00585938	50.4850522	46.2840942	42.4521892	50.5879288	4.12053707	8.27376096	0	100	0	0	3
7700	1725	0	3.0078125	50.4242302	46.2930165	42.4521892	50.5879288	4.12053707	8.27376096	0	100	0	0	3
7705	1728	0	3.00976562	50.3638665	46.302033	42.4521892	50.5879288	4.12053707	8.27376096	0	100	0	0	3
7710	1729	0	3.01171875	50.3042468	46.3111632	42.4521892	50.5879288	4.12053707	8.27376096	0	100	0	0	3
7715	1730	0	3.01367188	50.2452558	46.3204279	42.4521892	50.5879288	4.12053707	8.27376096	0	100	0	0	3
7720	1732	0	3.015625	50.1898309	46.3298614	42.4521892	50.5879288	4.12053707	8.27376096	0	100	0	0	3
7725	1733	0	3.01757812	50.1426146	46.339514	42.4521892	50.5879288	4.12053707	8.27376096	0	100	0	0	3
7730	1734	0	3.01953125	50.1056356	46.3494367	42.4521892	50.5879288	4.12053707	8.27376096	0	100	0	0	3
7735	1735	0	3.02148438	50.0784146	46.3596717	42.4521892	50.5879288	4.12053707	8.27376096	0	100	0	0	3
7740	1736	0	3.0234375	50.0594478	46.3702494	42.4521892	50.5879288	4.12053707	8.27376096	0	100	0	0	3
7745	1738	0	3.02539062	50.047147	46.3811875	42.4521892	50.5879288	4.12053707	8.27376096	0	100	0	0	3
7750	1739	0	3.02734375	50.0399246	46.3924896	42.4521892	50.5879288	4.12053707	8.27376096	0	100	0	0	3
7755	1740	0	3.02929688	50.0357565	46.4041423	42.4521892	50.5879288	4.12053707	8.27376096	0	100	0	0	3
7760	1741	0	3.03125	50.0324863	46.4161142	42.4521892	50.5879288	4.12053707	8.27376096	0	100	0	0	3
7765	1742	0	3.03320312	50.0283106	46.4283589	42.4521892	50.5879288	4.12053707	8.27376096	0	100	0	0	3
7770	1743	0	3.03515625	50.0221715	46.4408194	42.4521892	50.5879288	4.12053707	8.27376096	0	100	0	0	3
7775	1744	0	3.03710938	50.0136676	46.4534327	42.4521892	50.5879288	4.12053707	8.27376096	0	100	0	0	3
7780	1746	0	3.0390625	50.003394	46.466136	42.4521892	50.5879288	4.12053707	8.27376096	0	100	0	0	3
7785	1747	0	3.04101562	49.9923018	46.4788705	42.4521892	50.5879288	4.12053707	8.27376096	0	100	0	0	3
7790	1748	0	3.04296875	49.9814841	46.4915841	42.4521892	50.5879288	4.12053707	8.27376096	0	100	0	0	3
7795	1749	0	3.04492188	49.9718062	46.5115115	42.4521892	50.5879288	4.12053707	8.27376096	0	100	0	0	3
7800	1750	0	3.046875	49.9634146	46.5314045	42.4521892	50.5879288	4.12053707	8.27376096	0	100	0	0	3
7805	1753	0	3.04882812	49.9559	46.5511965	42.4521892	50.5879288	4.12053707	8.27376096	0	100	0	0	3
7810	1754	0	3.05078125	49.9483879	46.5708533	42.4521892	50.5879288	4.12053707	8.27376096	0	100	0	0	3
7815	1755	0	3.05273438	49.9396356	46.5902986	42.4521892	50.5879288	4.12053707	8.27376096	0	100	0	0	3
7820	1756	0	3.0546875	49.928139	46.6094551	42.4521892	50.5879288	4.12053707	8.27376096	0	100	0	0	3
7825	1757	0	3.05664062	49.9121085	46.6283569	42.4521892	50.5879288	4.12053707	8.27376096	0	100	0	0	3
7830	1759	0	3.05859375	49.8904482	46.6470483	42.4521892	50.5879288	4.12053707	8.27376096	0	100	0	0	3
7835	1760	0	3.06054688	49.8630841	46.6655559	42.4521892	50.5879288	4.12053707	8.27376096	0	100	0	0	3
7840	1761	0	3.0625	49.8305932	46.6839126	42.4521892	50.5879288	4.12053707	8.27376096	0	100	0	0	3
7845	1762	0	3.06445312	49.7938193	46.7021615	42.4521892	50.5879288	4.12053707	8.27376096	0	100	0	0	3
7850	1763	0	3.06640625	49.6080043	46.7197814	42.4521892	50.5879288	4.12053707	8.27376096	0	100	0	0	3
7855	1765	0	3.06835938	49.5623838	46.7373797	42.4521892	50.5879288	4.12053707	8.27376096	0	100	0	0	3
7860	1766	0	3.0703125	49.5175063	46.7550124	42.4521892	50.5879288	4.12053707	8.27376096	0	100	0	0	3
7865	1767	0	3.07226562	49.4727361	46.7727203	42.4521892	50.5879288	4.12053707	8.27376096	0	100	0	0	3
7870	1768	0	3.07421875	49.4268651	46.7905232	42.4521892	50.5879288	4.12053707	8.27376096	0	100	0	0	3
7875	1769	0	3.07617188	49.3803925	46.8084318	42.4521892	50.5879288	4.12053707	8.27376096	0	100	0	0	3
7880	1770	0	3.078125	49.3350704	46.8264591	42.4521892	50.5879288	4.12053707	8.27376096	0	100	0	0	3
7885	1772	0	3.08007812	49.2923664	46.844625	42.4521892	50.5879288	4.12053707	8.27376096	0	100	0	0	3
7890	1773	0	3.08203125	49.2528035	46.8629531	42.4521892	50.5879288	4.12053707	8.27376096	0	100	0	0	3
7895	1774	0	3.08398438	49.2169516	46.8814746	42.4521892	50.5879288	4.12053707	8.27376096	0	100	0	0	3
7900	1775	0	3.0859375	49.1853479	46.900218	42.4521892	50.5879288	4.12053707	8.27376096	0	100	0	0	3
7905	1778	0	3.08789062	49.1582066	46.9192083	42.4521892	50.5879288	4.12053707	8.27376096	0	100	0	0	3
7910	1779	0	3.08984375	49.1351397	46.938461	42.4521892	50.5879288	4.12053707	8.27376096	0	100	0	0	3
7915	1780	0	3.09179688	49.1150352	46.9579752	42.4521892	50.5879288	4.12053707	8.27376096	0	100	0	0	3
7920	1781	0	3.09375	49.0965646	46.9777305	42.4521892	50.5879288	4.12053707	8.27376096	0	100	0	0	3
7925	1782	0	3.09570312	49.0782928	46.9976864	42.4521892	50.5879288	4.12053707	8.27376096	0	100	0	0	3
7930	1783	0	3.09765625	49.0588902	47.0177837	42.4521892	50.5879288	4.12053707	8.27376096	0	100	0	0	3
7935	1784	0	3.09960938	49.037366	47.0379506	42.4521892	50.5879288	4.12053707	8.27376096	0	100	0	0	3
7940	1786	0	3.1015625	49.013313	47.058106	42.4521892	50.5879288	4.12053707	8.27376096	0	100	0	0	3
7945	1787	0	3.10351562	48.9869993	47.0781653	42.4521892	50.5879288	4.12053707	8.27376096	0	100	0	0	3
7950	1788	0	3.10546875	48.9591631	47.0980459	42.4521892	50.5879288	4.12053707	8.27376096	0	100	0	0	3
7955	1789	0	3.10742188	48.9307147	47.117673	42.4521892	50.5879288	4.12053707	8.27376096	0	100	0	0	3
7960	1790	0	3.109375	48.9024466	47.1369789	42.4521892	50.5879288	4.12053707	8.27376096	0	100	0	0	3
7965	1792	0	3.11132812	48.8748973	47.1616284	42.4521892	50.5879288	4.12053707	8.27376096	0	100	0	0	3
7970	1793	0	3.11328125	48.8482985	47.1858936	42.4521892	50.5879288	4.12053707	8.27376096	0	100	0	0	3
7975	1794	0	3.11523438	48.8226135	47.2097495	42.4521892	50.5879288	4.12053707	8.27376096	0	100	0	0	3
7980	1795	0	3.1171875	48.7976369	47.23311	42.4521892	50.5879288	4.12053707	8.27376096	0	100	0	0	3
7985	1796	0	3.11914062	48.7731146	47.2559117	42.4521892	50.5879288	4.12053707	8.27376096	0	100	0	0	3
7990	1798	0	3.12109375	48.7487721	47.2782101	42.4521892	50.5879288	4.12053707	8.27376096	0	100	0	0	3
7995	1799	0	3.12304688	48.7244514	47.300081	42.4521892	50.5879288	4.12053707	8.27376096	0	100	0	0	3
8000	1800	0	3.125	48.7001184	47.321583	42.4521892	50.5879288	4.12053707	8.27376096	0	100	0	0	3
8005	1802	0	3.12695312	48.6760078	47.3427785	42.4521892	50.5879288	4.12053707	8.27376096	0	100	0	0	3
8010	1803	0	3.12890625	48.6524211	47.3637426	42.4521892	50.5879288	4.12053707	8.27376096	0	100	0	0	3
8015	1805	0	3.13085938	48.6296674	47.3845578	42.4521892	50.5879288	4.12053707	8.27376096	0	100	0	0	3
8020	1806	0	3.1328125	48.1011823	47.403317	42.4521892	50.5879288	4.12053707	8.27376096	0	100	0	0	3
8025	1807	0	3.13476562	48.07444	47.4220343	42.4521892	50.5879288	4.12053707	8.27376096	0	100	0	0	3
8030	1809	0	3.13671875	48.055111	47.4407851	42.4521892	50.5879288	4.12053707	8.27376096	0	100	0	0	3
8035	1810	0	3.13867188	48.0381464	47.4596062	42.4521892	50.5879288	4.12053707	8.27376096	0	100	0	0	3
8040	1811	0	3.140625	48.0214659	47.4785073	42.4521892	50.5879288	4.120469	8.27376096	0	100	0	0	3
8045	1812	0	3.14257812	48.0036215	47.4974813	42.4521892	50.5879288	4.11978942	8.27376096	0	100	0	0	3
8050	1814	0	3.14453125	47.9862411	47.5165241	42.4521892	50.5879288	4.11852181	8.27376096	0	100	0	0	3
8055	1815	0	3.14648438	47.9688525	47.5356314	42.4521892	50.5879288	4.11669033	8.27376096	0	100	0	0	3
8060	1816	0	3.1484375	47.9496514	47.5547981	42.4521892	50.5879288	4.11431843	8.27376096	0	100	0	0	3
8065	1817	0	3.15039062	47.9282097	47.5740262	42.4521892	50.5879288	4.11143139	8.27376096	0	100	0	0	3
8070	1818	0	3.15234375	47.9051005	47.5933239	42.4521892	50.5879288	4.09701299	8.27376096	0	100	0	0	3
8075	1820	0	3.15429688	47.8811326	47.6126991	42.4521892	50.5879288	4.08214598	8.27376096	0	100	0	0	3
8080	1821	0	3.15625	47.8567617	47.6321507	42.4521892	50.5879288	4.0669439	8.27376096	0	100	0	0	3
8085	1822	0	3.15820312	47.8318398	47.6516632	42.4521892	50.5879288	4.05138566	8.27376096	0	100	0	0	3
8090	1823	0	3.16015625	47.8057951	47.6712034	42.4521892	50.5879288	4.03546903	8.27376096	0	100	0	0	3
8095	1825	0	3.16210938	47.7781926	47.6907241	42.4521892	50.5879288	4.0192338	8.27376096	0	100	0	0	3
8100	1826	0	3.1640625	47.7487755	47.7101668	42.4521892	50.5879288	4.00281095	8.27376096	0	100	0	0	3
8105	1828	0	3.16601562	47.7176583	47.7294638	42.4521892	50.5879288	3.98630215	8.27376096	0	100	0	0	3
8110	1829	0	3.16796875	47.6852447	47.7485445	42.4521892	50.5879288	3.96973309	8.27376096	0	100	0	0	3
8115	1830	0	3.16992188	47.6518885	47.7673346	42.4521892	50.5879288	3.95310424	8.27376096	0	100	0	0	3
8120	1832	0	3.171875	47.6177461	47.7857604	42.4521892	50.5879288	3.93640664	8.27376096	0	100	0	0	3
8125	1833	0	3.17382812	47.5831729	47.8037533	42.4521892	50.5879288	3.91722746	8.27376096	0	100	0	0	3
8130	1834	0	3.17578125	47.5486523	47.8236613	42.5461932	50.5879288	3.89794021	8.27376096	0	100	0	0	3
8135	1836	0	3.17773438	47.514704	47.8430696	42.6457754	50.5879288	3.87853322	8.27376096	0	100	0	0	3
8140	1837	0	3.1796875	47.4820971	47.8619615	42.7550754	50.5879288	3.85900809	8.27376096	0	100	0	0	3
8145	1838	0	3.18164062	47.4514959	47.8803068	42.863986	50.5879288	3.83932588	8.27376096	0	100	0	0	3
8150	1839	0	3.18359375	47.4235179	47.8981175	42.9691029	50.5879288	3.81944125	8.27376096	0	100	0	0	3
8155	1840	0	3.18554688	47.3987384	47.9154208	43.0713062	50.5879288	3.79932145	8.27376096	0	100	0	0	3
8160	1842	0	3.1875	47.3776898	47.9322426	43.1659915	50.5879288	3.7789196	8.27376096	0	100	0	0	3
8165	1843	0	3.18945312	47.3609074	47.948629	43.2466005	50.5879288	3.75816102	8.27376096	0	100	0	0	3
8170	1844	0	3.19140625	47.3486524	47.9646526	43.3092862	50.5879288	3.73695051	8.27376096	0	100	0	0	3
8175	1845	0	3.19335938	47.3410657	47.9804018	43.3544551	50.5879288	3.71519615	8.27376096	0	100	0	0	3
8180	1847	0	3.1953125	47.3380187	47.9959626	43.3846358	50.5879288	3.69282737	8.27376096	0	100	0	0	3
8185	1848	0	3.19726562	46.7166155	48.0089781	43.4028568	50.5879288	3.66980441	8.27376096	0	100	0	0	3
8190	1849	0	3.19921875	46.7114274	48.0219022	43.412463	50.5879288	3.64612393	8.27376096	0	100	0	0	3
8195	1850	0	3.20117188	46.7178815	48.034814	43.4171463	50.5879288	3.62181883	8.27376096	0	100	0	0	3
8200	1852	0	3.203125	46.729188	48.0477517	43.4208803	50.5879288	3.5969554	8.27376096	0	100	0	0	3
8205	1854	0	3.20507812	46.7445504	48.0607347	43.4269205	50.5879288	3.57162635	8.27376096	0	100	0	0	3
8210	1855	0	3.20703125	46.7615907	48.0737608	43.4369254	50.5879288	3.54594002	8.27376096	0	100	0	0	3
8215	1856	0	3.20898438	46.7751601	48.0868008	43.4512085	50.5879288	3.52001195	8.27376096	0	100	0	0	3
8220	1858	0	3.2109375	46.7855733	48.0998256	43.4684392	50.5879288	3.49395778	8.27376096	0	100	0	0	3
8225	1859	0	3.21289062	46.7922206	48.1128092	43.48626	50.5879288	3.46788354	8.27376096	0	100	0	0	3
8230	1860	0	3.21484375	46.7933667	48.1257275	43.5020044	50.5879288	3.44187799	8.27376096	0	100	0	0	3
8235	1861	0	3.21679688	46.7883738	48.1385649	43.5139212	50.5879288	3.40398441	8.27376096	0	100	0	0	3
8240	1862	0	3.21875	46.777963	48.1513151	43.5222699	50.5879288	3.3661729	8.27376096	0	100	0	0	3
8245	1864	0	3.22070312	46.7629452	48.163974	43.528986	50.5879288	3.32867267	8.27376096	0	100	0	0	3
8250	1865	0	3.22265625	46.7440147	48.1765327	43.5367251	50.5879288	3.29146146	8.27376096	0	100	0	0	3
8255	1866	0	3.22460938	46.722072	48.1889754	43.5481649	50.5879288	3.25456045	8.27376096	0	100	0	0	3
8260	1867	0	3.2265625	46.6979633	48.2012793	43.5658283	50.5879288	3.21805582	8.27376096	0	100	0	0	3
8265	1869	0	3.22851562	46.6723779	48.2134143	43.5922176	50.5879288	3.18197078	8.27376096	0	100	0	0	3
8270	1870	0	3.23046875	46.6458441	48.2253425	43.6291842	50.5879288	3.1463313	8.27376096	0	100	0	0	3
8275	1871	0	3.23242188	46.618736	48.2370205	43.67794	50.5879288	3.11110583	8.27376096	0	100	0	0	3
8280	1872	0	3.234375	46.5911195	48.2484001	43.7374379	50.5879288	3.07621795	8.27376096	0	100	0	0	3
8285	1874	0	3.23632812	46.562767	48.2594365	43.8041262	50.5879288	3.04156792	8.27376096	0	100	0	0	3
8290	1875	0	3.23828125	46.5333632	48.2700976	44.1564898	50.5879288	3.00815362	8.27376096	0	100	0	0	3
8295	1876	0	3.24023438	46.5028361	48.279263	44.2354468	50.5879288	2.97480675	8.27376096	0	100	0	0	3
8300	1877	0	3.2421875	46.4717771	48.2879987	44.3076407	50.5879288	2.94140634	8.27376096	0	100	0	0	3
8305	1880	0	3.24414062	46.4412187	48.296333	44.3798022	50.5879288	2.90786455	8.27376096	0	100	0	0	3
8310	1881	0	3.24609375	46.4127199	48.3042741	44.4607591	50.5879288	2.87416703	8.27376096	0	100	0	0	3
8315	1882	0	3.24804688	46.3875353	48.3118005	44.5451244	50.5879288	2.84031794	8.27376096	0	100	0	0	3
8320	1883	0	3.25	46.3669752	48.3189171	44.625019	50.5879288	2.8063099	8.27376096	0	100	0	0	3
8325	1885	0	3.25195312	46.3519795	48.3256631	44.6973028	50.5879288	2.77212409	8.27376096	0	100	0	0	3
8330	1886	0	3.25390625	46.3433403	48.3320929	44.7623652	50.5879288	2.73773436	8.27376096	0	100	0	0	3
8335	1887	0	3.25585938	46.3413848	48.3382609	44.8209278	50.5879288	2.70310552	8.27376096	0	100	0	0	3
8340	1888	0	3.2578125	46.3461824	48.344219	44.8729341	50.5879288	2.66818956	8.27376096	0	100	0	0	3
8345	1889	0	3.25976562	46.357547	48.3500182	44.9180069	50.5879288	2.63293042	8.27376096	0	100	0	0	3
8350	1891	0	3.26171875	46.3748325	48.355709	44.9566524	50.5879288	2.59728176	8.27376096	0	100	0	0	3
8355	1892	0	3.26367188	45.8901356	48.3593554	44.9904832	50.5879288	2.56122247	8.27376096	0	100	0	0	3
8360	1893	0	3.265625	45.9141051	48.3629633	45.0219293	50.5879288	2.52476924	8.27376096	0	100	0	0	3
8365	1894	0	3.26757812	45.9441752	48.3665658	45.0540916	50.5879288	2.48798086	8.27376096	0	100	0	0	3
8370	1895	0	3.26953125	45.9784075	48.3701764	45.0897204	50.5879288	2.45095669	8.27376096	0	100	0	0	3
8375	1897	0	3.27148438	46.014259	48.3737879	45.1294757	50.5879288	2.41382685	8.27376096	0	100	0	0	3
8380	1898	0	3.2734375	46.0458758	48.3773676	45.1744224	50.5879288	2.37674176	8.27376096	0	100	0	0	3
8385	1899	0	3.27539062	46.0742325	48.3808825	45.2251944	50.5879288	2.3398472	8.27376096	0	100	0	0	3
8390	1900	0	3.27734375	46.0987588	48.3842948	45.2797373	50.5879288	2.30326723	8.27376096	0	100	0	0	3
8395	1902	0	3.27929688	46.1172168	48.3875662	45.3349271	50.5879288	2.26710993	8.27376096	0	100	0	0	3
8400	1903	0	3.28125	46.1283534	48.3906656	45.3886401	50.5879288	2.23147786	8.27376096	0	100	0	0	3
8405	1905	0	3.28320312	46.1323042	48.3935705	45.439243	50.5879288	2.20728775	8.27376096	0	100	0	0	3
8410	1906	0	3.28515625	46.1305821	48.396271	45.4865924	50.5879288	2.20998829	8.27376096	0	100	0	0	3
8415	1907	0	3.28710938	46.1238365	48.3987603	45.5307574	50.5879288	2.21247753	8.27376096	0	100	0	0	3
8420	1908	0	3.2890625	46.1132537	48.4010356	45.5726593	50.5879288	2.21475291	8.27376096	0	100	0	0	3
8425	1910	0	3.29101562	46.1004563	48.4030974	45.6131361	50.5879288	2.21681461	8.27376096	0	100	0	0	3
8430	1911	0	3.29296875	46.0869431	48.4049482	45.6534208	50.5879288	2.21866542	8.27376096	0	100	0	0	3
8435	1912	0	3.29492188	46.0738596	48.4065905	45.6943241	50.5879288	2.22030776	8.27376096	0	100	0	0	3
8440	1913	0	3.296875	46.0617674	48.4080258	45.7356331	50.5879288	2.22174309	8.27376096	0	100	0	0	3
8445	1914	0	3.29882812	46.0504846	48.4092557	45.7768798	50.5879288	2.22297297	8.27376096	0	100	0	0	3
8450	1916	0	3.30078125	46.0393716	48.4102811	45.8168547	50.5879288	2.22399833	8.27376096	0	100	0	0	3
8455	1917	0	3.30273438	46.0275736	48.4111042	45.8547004	50.5879288	2.22482145	8.27376096	0	100	0	0	3
8460	1918	0	3.3046875	46.0143007	48.4117276	45.8901356	50.5879288	2.22544489	8.27376096	0	100	0	0	3
8465	1919	0	3.30664062	45.9994411	48.4086352	45.8901356	50.5879288	2.22544489	8.27376096	0	100	0	0	3
8470	1921	0	3.30859375	45.9837631	48.405348	45.8901356	50.5879288	2.22544489	8.27376096	0	100	0	0	3
8475	1922	0	3.31054688	45.9685613	48.4019292	45.8901356	50.5879288	2.22544489	8.27376096	0	100	0	0	3
8480	1923	0	3.3125	45.9553054	48.3983428	45.8901356	50.5879288	2.22544489	8.27376096	0	100	0	0	3
8485	1924	0	3.31445312	45.9453537	48.3945647	45.8901356	50.5879288	2.22544489	8.27376096	0	100	0	0	3
8490	1926	0	3.31640625	45.9399611	48.390631	45.8901356	50.5879288	2.22544489	8.27376096	0	100	0	0	3
8495	1927	0	3.31835938	45.9401741	48.3865969	45.8901356	50.5879288	2.22544489	8.27376096	0	100	0	0	3
8500	1928	0	3.3203125	45.946606	48.3824961	45.8901356	50.5879288	2.22544489	8.27376096	0	100	0	0	3
8505	1931	0	3.32226562	45.9592703	48.3783413	45.8901356	50.5879288	2.22544489	8.27376096	0	100	0	0	3
8510	1932	0	3.32421875	45.9780404	48.3741292	45.8901356	50.5879288	2.22544489	8.27376096	0	100	0	0	3
8515	1933	0	3.32617188	46.0024756	48.3698591	45.8901356	50.5879288	2.22544489	8.27376096	0	100	0	0	3
8520	1934	0	3.328125	45.8041418	48.3646527	45.8041418	50.5879288	2.22544489	8.27376096	0	100	0	0	3
8525	1935	0	3.33007812	45.8348651	48.3594029	45.8041418	50.5879288	2.22544489	8.27376096	0	100	0	0	3
8530	1937	0	3.33203125	45.8714832	48.3541271	45.8041418	50.5879288	2.22544489	8.27376096	0	100	0	0	3
8535	1938	0	3.33398438	45.9095438	48.3488186	45.8041418	50.5879288	2.22544489	8.27376096	0	100	0	0	3
8540	1939	0	3.3359375	45.9446849	48.3434524	45.8041418	50.5879288	2.22544489	8.27376096	0	100	0	0	3
8545	1940	0	3.33789062	45.978279	48.3380128	45.8041418	50.5879288	2.22544489	8.27376096	0	100	0	0	3
8550	1942	0	3.33984375	46.0120947	48.3324921	45.8041418	50.5879288	2.22544489	8.27376096	0	100	0	0	3
8555	1943	0	3.34179688	46.0445782	48.32688	45.8041418	50.5879288	2.22544489	8.27376096	0	100	0	0	3
8560	1944	0	3.34375	46.0722101	48.3211507	45.8041418	50.5879288	2.22544489	8.27376096	0	100	0	0	3
8565	1945	0	3.34570312	46.0931388	48.3152718	45.8041418	50.5879288	2.22544489	8.27376096	0	100	0	0	3
8570	1946	0	3.34765625	46.1073527	48.3092131	45.8041418	50.5879288	2.22544489	8.27376096	0	100	0	0	3
8575	1948	0	3.34960938	46.1158626	48.3029511	45.8041418	50.5879288	2.22544489	8.27376096	0	100	0	0	3
8580	1949	0	3.3515625	46.1200693	48.2964712	45.8041418	50.5879288	2.22544489	8.27376096	0	100	0	0	3
8585	1950	0	3.35351562	46.1212049	48.2897704	45.8041418	50.5879288	2.22544489	8.27376096	0	100	0	0	3
8590	1952	0	3.35546875	46.1207674	48.2828573	45.8041418	50.5879288	2.22544489	8.27376096	0	100	0	0	3
8595	1953	0	3.35742188	46.1203013	48.2757529	45.8041418	50.5879288	2.22544489	8.27376096	0	100	0	0	3
8600	1954	0	3.359375	46.1210794	48.2684875	45.8041418	50.5879288	2.22544489	8.27376096	0	100	0	0	3
8605	1956	0	3.36132812	46.1238048	48.261098	45.8041418	50.5879288	2.22544489	8.27376096	0	100	0	0	3
8610	1958	0	3.36328125	46.1284816	48.2536225	45.8041418	50.5879288	2.22544489	8.27376096	0	100	0	0	3
8615	1959	0	3.36523438	46.1344595	48.2460974	45.8041418	50.5879288	2.22544489	8.27376096	0	100	0	0	3
8620	1960	0	3.3671875	46.1406316	48.2385547	45.8041418	50.5879288	2.22544489	8.27376096	0	100	0	0	3
8625	1961	0	3.36914062	46.1459755	48.2310226	45.8041418	50.5879288	2.22544489	8.27376096	0	100	0	0	3
8630	1963	0	3.37109375	46.149813	48.2193683	45.8041418	50.5879288	2.22544489	8.27376096	0	100	0	0	3
8635	1964	0	3.37304688	46.1521085	48.2077079	45.8041418	50.5879288	2.22544489	8.27376096	0	100	0	0	3
8640	1965	0	3.375	46.153536	48.1961556	45.8041418	50.5879288	2.22544489	8.27376096	0	100	0	0	3
8645	1966	0	3.37695312	46.1550833	48.1846893	45.8041418	50.5879288	2.22544489	8.27376096	0	100	0	0	3
8650	1968	0	3.37890625	46.1578469	48.173281	45.8041418	50.5879288	2.22544489	8.27376096	0	100	0	0	3
8655	1969	0	3.38085938	46.1629026	48.1619584	45.8041418	50.5879288	2.22544489	8.27376096	0	100	0	0	3
8660	1970	0	3.3828125	46.1709866	48.1507634	45.8041418	50.5879288	2.22544489	8.27376096	0	100	0	0	3
8665	1971	0	3.38476562	46.1826387	48.1397069	45.8041418	50.5879288	2.22544489	8.27376096	0	100	0	0	3
8670	1973	0	3.38671875	46.1981984	48.1287725	45.8041418	50.5879288	2.22544489	8.27376096	0	100	0	0	3
8675	1974	0	3.38867188	46.2175224	48.1179219	45.8041418	50.5879288	2.22544489	8.27376096	0	100	0	0	3
8680	1975	0	3.390625	46.2402752	48.1071184	45.8041418	50.5879288	2.22544489	8.27376096	0	100	0	0	3
8685	1977	0	3.39257812	46.3373112	48.0966156	45.8041418	50.5879288	2.22544489	8.27376096	0	100	0	0	3
8690	1978	0	3.39453125	46.3650918	48.0861158	45.8041418	50.5879288	2.22544489	8.27376096	0	100	0	0	3
8695	1979	0	3.39648438	46.3910884	48.0755874	45.8041418	50.5879288	2.22544489	8.27376096	0	100	0	0	3
8700	1980	0	3.3984375	46.4169315	48.065007	45.8041418	50.5879288	2.22544489	8.27376096	0	100	0	0	3
8705	1982	0	3.40039062	46.4448389	48.0543644	45.8041418	50.5879288	2.22544489	8.27376096	0	100	0	0	3
8710	1983	0	3.40234375	46.4737778	48.0436553	45.8041418	50.5879288	2.22544489	8.27376096	0	100	0	0	3
8715	1985	0	3.40429688	46.5016988	48.0328762	45.8041418	50.5879288	2.22544489	8.27376096	0	100	0	0	3
8720	1986	0	3.40625	46.5274824	48.0220226	45.8041418	50.5879288	2.22544489	8.27376096	0	100	0	0	3
8725	1987	0	3.40820312	46.550823	48.0110867	45.8041418	50.5879288	2.22544489	8.27376096	0	100	0	0	3
8730	1988	0	3.41015625	46.5714901	48.0000559	45.8041418	50.5879288	2.22544489	8.27376096	0	100	0	0	3
8735	1989	0	3.41210938	46.5892808	47.9889122	45.8041418	50.5879288	2.22544489	8.27376096	0	100	0	0	3
8740	1991	0	3.4140625	46.6040291	47.9776392	45.8041418	50.5879288	2.22544489	8.27376096	0	100	0	0	3
8745	1992	0	3.41601562	46.6161492	47.9662251	45.8041418	50.5879288	2.22544489	8.27376096	0	100	0	0	3
8750	1993	0	3.41796875	46.6266729	47.9546655	45.8041418	50.5879288	2.22544489	8.27376096	0	100	0	0	3
8755	1995	0	3.41992188	46.6365787	47.9429662	45.8041418	50.5879288	2.22544489	8.27376096	0	100	0	0	3
8760	1996	0	3.421875	46.6466845	47.9311465	45.8041418	50.5879288	2.22544489	8.27376096	0	100	0	0	3
8765	1997	0	3.42382812	46.6577313	47.9192386	45.8041418	50.5879288	2.22544489	8.27376096	0	100	0	0	3
8770	1999	0	3.42578125	46.6702856	47.9072852	45.8041418	50.5879288	2.22544489	8.27376096	0	100	0	0	3
8775	2000	0	3.42773438	46.6847195	47.8953379	45.8041418	50.5879288	2.22544489	8.27376096	0	100	0	0	3
8780	2001	0	3.4296875	46.7010446	47.8834503	45.8041418	50.5879288	2.22544489	8.27376096	0	100	0	0	3
8785	2002	0	3.43164062	46.718961	47.8716686	45.8041418	50.5879288	2.22544489	8.27376096	0	100	0	0	3
8790	2004	0	3.43359375	46.7376316	47.8600335	45.8041418	50.5879288	2.22544489	8.27376096	0	100	0	0	3
8795	2005	0	3.43554688	46.7556939	47.8485797	45.8041418	50.5879288	2.22544489	8.27376096	0	100	0	0	3
8800	2006	0	3.4375	46.7720988	47.834021	45.8041418	50.5879288	2.22544489	8.27376096	0	100	0	0	3
8805	2009	0	3.43945312	46.786585	47.819701	45.8041418	50.5879288	2.22544489	8.27376096	0	100	0	0	3
8810	2010	0	3.44140625	46.7996741	47.80564	45.8041418	50.5879288	2.22544489	8.27376096	0	100	0	0	3
8815	2011	0	3.44335938	46.8120152	47.7918194	45.8041418	50.5879288	2.22544489	8.27376096	0	100	0	0	3
8820	2012	0	3.4453125	46.8240639	47.7782527	45.8041418	50.5879288	2.22544489	8.27376096	0	100	0	0	3
8825	2014	0	3.44726562	46.8362658	47.76495	45.8041418	50.5879288	2.22544489	8.27376096	0	100	0	0	3
8830	2015	0	3.44921875	46.8489497	47.7519092	45.8041418	50.5879288	2.22544489	8.27376096	0	100	0	0	3
8835	2016	0	3.45117188	46.8622364	47.7391038	45.8041418	50.5879288	2.22544489	8.27376096	0	100	0	0	3
8840	2017	0	3.453125	46.8760807	47.7264843	45.8041418	50.5879288	2.22544489	8.27376096	0	100	0	0	3
8845	2019	0	3.45507812	46.890169	47.7139937	45.8041418	50.5879288	2.22544489	8.27376096	0	100	0	0	3
8850	2020	0	3.45703125	46.9038686	47.7015832	45.8041418	50.5879288	2.22544489	8.27376096	0	100	0	0	3
8855	2021	0	3.45898438	47.204881	47.69034	45.8041418	50.5879288	2.22544489	8.27376096	0	100	0	0	3
8860	2023	0	3.4609375	47.2178096	47.6791089	45.8041418	50.5879288	2.22544489	8.27376096	0	100	0	0	3
8865	2024	0	3.46289062	47.2243447	47.6678408	45.8041418	50.5879288	2.22544489	8.27376096	0	100	0	0	3
8870	2025	0	3.46484375	47.2351548	47.6565347	45.8041418	50.5879288	2.22544489	8.27376096	0	100	0	0	3
8875	2026	0	3.46679688	47.2492127	47.6451945	45.8041418	50.5879288	2.22544489	8.27376096	0	100	0	0	3
8880	2028	0	3.46875	47.2619886	47.6338142	45.8041418	50.5879288	2.22544489	8.27376096	0	100	0	0	3
8885	2029	0	3.47070312	47.2720072	47.6223891	45.8041418	50.5879288	2.22544489	8.27376096	0	100	0	0	3
8890	2030	0	3.47265625	47.2810877	47.6109234	45.8041418	50.5879288	2.22544489	8.27376096	0	100	0	0	3
8895	2031	0	3.47460938	47.2913023	47.5994273	45.8041418	50.5879288	2.22544489	8.27376096	0	100	0	0	3
8900	2033	0	3.4765625	47.3034154	47.5879087	45.8041418	50.5879288	2.22544489	8.27376096	0	100	0	0	3
8905	2035	0	3.47851562	47.3167042	47.5763677	45.8041418	50.5879288	2.22002862	8.27376096	0	100	0	0	3
8910	2036	0	3.48046875	47.3302356	47.5647991	45.8041418	50.5879288	2.21427109	8.27376096	0	100	0	0	3
8915	2037	0	3.48242188	47.3438057	47.5531994	45.8041418	50.5879288	2.20825327	8.27376096	0	100	0	0	3
8920	2039	0	3.484375	47.3577714	47.541572	45.8041418	50.5879288	2.20198761	8.27376096	0	100	0	0	3
8925	2040	0	3.48632812	47.3724326	47.5299293	45.8041418	50.5879288	2.19551826	8.27376096	0	100	0	0	3
8930	2041	0	3.48828125	47.3877988	47.518295	45.8041418	50.5879288	2.18887503	8.27376096	0	100	0	0	3
8935	2043	0	3.49023438	47.403879	47.5067018	45.8041418	50.5879288	2.18207527	8.27376096	0	100	0	0	3
8940	2044	0	3.4921875	47.4208116	47.4951867	45.8041418	50.5879288	2.17515661	8.27376096	0	100	0	0	3
8945	2045	0	3.49414062	47.4387787	47.4837902	45.8041418	50.5879288	2.16815107	8.27376096	0	100	0	0	3
8950	2046	0	3.49609375	47.4580089	47.4725564	45.8041418	50.5879288	2.16107175	8.27376096	0	100	0	0	3
8955	2048	0	3.49804688	47.4785629	47.4615232	45.8041418	50.5879288	2.15391667	8.27376096	0	100	0	0	3
8960	2049	0	3.5	47.4999381	47.4507223	45.8041418	50.5879288	2.14524617	8.27376096	0	100	0	0	3
8965	2050	0	3.50195312	47.5213445	47.4387435	45.8041418	50.5415755	2.13647861	8.27376096	0	100	0	0	3
8970	2052	0	3.50390625	47.5421243	47.4270269	45.8041418	50.4850522	2.12763343	8.27376096	0	100	0	0	3
8975	2053	0	3.50585938	47.5617683	47.4156078	45.8041418	50.4242302	2.11871114	8.27376096	0	100	0	0	3
8980	2054	0	3.5078125	47.5798965	47.4044971	45.8041418	50.3638665	2.10969458	8.27376096	0	100	0	0	3
8985	2056	0	3.50976562	47.5962144	47.393686	45.8041418	50.3042468	2.1005644	8.27376096	0	100	0	0	3
8990	2057	0	3.51171875	47.6104928	47.3831635	45.8041418	50.2452558	2.09129977	8.27376096	0	100	0	0	3
8995	2058	0	3.51367188	47.6225662	47.3729186	45.8041418	50.1898309	2.08186628	8.27376096	0	100	0	0	3
9000	2059	0	3.515625	47.63232	47.3629283	45.8041418	50.1426146	2.07221368	8.27376096	0	100	0	0	3
9005	2062	0	3.51757812	47.6396506	47.3531511	45.8041418	50.1056356	2.0622909	8.27376096	0	100	0	0	3
9010	2063	0	3.51953125	47.6444678	47.3435372	45.8041418	50.0784146	2.05205591	8.27376096	0	100	0	0	3
9015	2064	0	3.52148438	47.6466752	47.3340382	45.8041418	50.0594478	2.04147828	8.27376096	0	100	0	0	3
9020	2066	0	3.5234375	48.002235	47.3260022	45.8041418	50.047147	2.03054017	8.27376096	0	100	0	0	3
9025	2067	0	3.52539062	48.0052639	47.3180261	45.8041418	50.0399246	2.019238	8.27376096	0	100	0	0	3
9030	2068	0	3.52734375	47.9969058	47.3100456	45.8041418	50.0357565	2.0075853	8.27376096	0	100	0	0	3
9035	2069	0	3.52929688	47.9912999	47.3020594	45.8041418	50.0324863	1.99561345	8.27376096	0	100	0	0	3
9040	2071	0	3.53125	47.9900174	47.294081	45.8041418	50.0283106	1.98336877	8.27376096	0	100	0	0	3
9045	2072	0	3.53320312	47.9874599	47.286109	45.8041418	50.0221715	1.97090824	8.27376096	0	100	0	0	3
9050	2073	0	3.53515625	47.9819563	47.2781394	45.8041418	50.0136676	1.95829492	8.27376096	0	100	0	0	3
9055	2075	0	3.53710938	47.9755982	47.2701782	45.8041418	50.003394	1.94559163	8.27376096	0	100	0	0	3
9060	2076	0	3.5390625	47.971006	47.2622391	45.8041418	49.9923018	1.93285718	8.27376096	0	100	0	0	3
9065	2077	0	3.54101562	47.9700012	47.2543395	45.8041418	49.9814841	1.92014352	8.27376096	0	100	0	0	3
9070	2079	0	3.54296875	47.9724289	47.2464917	45.8041418	49.9718062	1.90021612	8.27376096	0	100	0	0	3
9075	2080	0	3.54492188	47.9774948	47.2387014	45.8041418	49.9634146	1.88032311	8.27376096	0	100	0	0	3
9080	2081	0	3.546875	47.9849422	47.230973	45.8041418	49.9559	1.86053109	8.27376096	0	100	0	0	3
9085	2082	0	3.54882812	47.9947495	47.2233122	45.8041418	49.9483879	1.84087433	8.27376096	0	100	0	0	3
9090	2084	0	3.55078125	48.0066789	47.2157274	45.8041418	49.9396356	1.82142899	8.27376096	0	100	0	0	3
9095	2085	0	3.55273438	48.0201524	47.2082294	45.8041418	49.928139	1.8022725	8.27376096	0	100	0	0	3
9100	2086	0	3.5546875	48.0343038	47.2008316	45.8041418	49.9121085	1.78337069	8.27376096	0	100	0	0	3
9105	2089	0	3.55664062	48.0485837	47.1935523	45.8041418	49.8904482	1.76467938	8.27376096	0	100	0	0	3
9110	2090	0	3.55859375	48.0628357	47.1864131	45.8041418	49.8630841	1.74617175	8.27376096	0	100	0	0	3
9115	2092	0	3.56054688	48.0772736	47.1794373	45.8041418	49.8305932	1.72781506	8.27376096	0	100	0	0	3
9120	2093	0	3.5625	48.092287	47.1726471	45.8041418	49.7938193	1.7095661	8.27376096	0	100	0	0	3
9125	2094	0	3.56445312	48.1082038	47.1660626	45.8041418	49.6080043	1.69194626	8.27376096	0	100	0	0	3
9130	2096	0	3.56640625	48.1250591	47.1602699	45.8041418	49.5623838	1.67434798	8.27376096	0	100	0	0	3
9135	2097	0	3.56835938	48.1424638	47.1547233	45.8041418	49.5175063	1.65671519	8.27376096	0	100	0	0	3
9140	2098	0	3.5703125	48.1596993	47.1494194	45.8041418	49.4727361	1.6390073	8.27376096	0	100	0	0	3
9145	2099	0	3.57226562	48.1758502	47.1443534	45.8041418	49.4268651	1.62120439	8.27376096	0	100	0	0	3
9150	2101	0	3.57421875	48.1899523	47.1395217	45.8041418	49.3803925	1.60329582	8.27376096	0	100	0	0	3
9155	2102	0	3.57617188	48.201163	47.1349154	45.8041418	49.3350704	1.58526855	8.27376096	0	100	0	0	3
9160	2103	0	3.578125	48.2089001	47.1305163	45.8041418	49.2923664	1.56710267	8.27376096	0	100	0	0	3
9165	2104	0	3.58007812	48.2129228	47.1262997	45.8041418	49.2528035	1.54877451	8.27376096	0	100	0	0	3
9170	2106	0	3.58203125	48.2130783	47.1222383	45.8041418	49.2169516	1.53025306	8.27376096	0	100	0	0	3
9175	2107	0	3.58398438	48.2093408	47.1183023	45.8041418	49.1853479	1.51150965	8.27376096	0	100	0	0	3
9180	2108	0	3.5859375	48.2019558	47.1144609	45.8041418	49.1582066	1.4925193	8.27376096	0	100	0	0	3
9185	2109	0	3.58789062	48.1913375	47.1106841	45.8041418	49.1351397	1.47326658	8.27376096	0	100	0	0	3
9190	2111	0	3.58984375	48.4661126	47.1080707	45.8041418	49.1150352	1.45375239	8.27376096	0	100	0	0	3
9195	2112	0	3.59179688	48.4502148	47.1054737	45.8041418	49.0965646	1.4339971	8.27376096	0	100	0	0	3
9200	2113	0	3.59375	48.4324968	47.1028797	45.8041418	49.0782928	1.41404124	8.27376096	0	100	0	0	3
9205	2116	0	3.59570312	48.4171629	47.1002972	45.8041418	49.0588902	1.39394396	8.27376096	0	100	0	0	3
9210	2117	0	3.59765625	48.4020775	47.0977315	45.8041418	49.037366	1.37377707	8.27376096	0	100	0	0	3
9215	2118	0	3.59960938	48.3858277	47.0951864	45.8041418	49.013313	1.3536216	8.27376096	0	100	0	0	3
9220	2119	0	3.6015625	48.3691382	47.0926701	45.8041418	48.9869993	1.33356232	8.27376096	0	100	0	0	3
9225	2121	0	3.60351562	48.3546297	47.0901999	45.8041418	48.9591631	1.32152771	8.27376096	0	100	0	0	3
9230	2122	0	3.60546875	48.3441625	47.0877976	45.8041418	48.9307147	1.32393006	8.27376096	0	100	0	0	3
9235	2123	0	3.60742188	48.3376726	47.085481	45.8041418	48.9024466	1.32624663	8.27376096	0	100	0	0	3
9240	2124	0	3.609375	48.3341917	47.0832613	45.8041418	48.8748973	1.32846637	8.27376096	0	100	0	0	3
9245	2126	0	3.61132812	48.3331867	47.0811452	45.8041418	48.8482985	1.33058243	8.27376096	0	100	0	0	3
9250	2127	0	3.61328125	48.3348357	47.0791395	45.8041418	48.8226135	1.33258814	8.27376096	0	100	0	0	3
9255	2128	0	3.61523438	48.3390919	47.0772507	45.8041418	48.7976369	1.3344769	8.27376096	0	100	0	0	3
9260	2130	0	3.6171875	48.3452716	47.0754837	45.8041418	48.7731146	1.33624395	8.27376096	0	100	0	0	3
9265	2131	0	3.61914062	48.3522786	47.0738398	45.8041418	48.7487721	1.33788784	8.27376096	0	100	0	0	3
9270	2132	0	3.62109375	48.3591035	47.0723176	45.8041418	48.7244514	1.33940999	8.27376096	0	100	0	0	3
9275	2133	0	3.62304688	48.3652386	47.0709145	45.8041418	48.7001184	1.34081316	8.27376096	0	100	0	0	3
9280	2135	0	3.625	48.3707411	47.0696278	45.8041418	48.6760078	1.34209979	8.27376096	0	100	0	0	3
9285	2136	0	3.62695312	48.3760819	47.0684563	45.8041418	48.6524211	1.34327138	8.27376096	0	100	0	0	3
9290	2137	0	3.62890625	48.3818768	47.0673994	45.8041418	48.6296674	1.34432819	8.27376096	0	100	0	0	3
9295	2138	0	3.63085938	48.3886363	47.0664579	45.8041418	48.4661126	1.34526972	8.27376096	0	100	0	0	3
9300	2140	0	3.6328125	48.396581	47.0676118	45.8041418	48.4661126	1.34526972	8.27376096	0	100	0	0	3
9305	2142	0	3.63476562	48.4056066	47.0689054	45.8041418	48.4661126	1.34526972	8.27376096	0	100	0	0	3
9310	2143	0	3.63671875	48.4150997	47.0703116	45.8041418	48.4661126	1.34526972	8.27376096	0	100	0	0	3
9315	2145	0	3.63867188	48.4238376	47.0718182	45.8041418	48.4661126	1.34526972	8.27376096	0	100	0	0	3
9320	2146	0	3.640625	48.4303431	47.0734154	45.8041418	48.4661126	1.34526972	8.27376096	0	100	0	0	3
9325	2147	0	3.64257812	48.4336513	47.0750952	45.8041418	48.4661126	1.34526972	8.27376096	0	100	0	0	3
9330	2149	0	3.64453125	48.4332063	47.0768412	45.8041418	48.4661126	1.34526972	8.27376096	0	100	0	0	3
9335	2150	0	3.64648438	48.4287471	47.0786376	45.8041418	48.4661126	1.34526972	8.27376096	0	100	0	0	3
9340	2151	0	3.6484375	48.420521	47.080477	45.8041418	48.4661126	1.34526972	8.27376096	0	100	0	0	3
9345	2153	0	3.65039062	48.4089861	47.082355	45.8041418	48.4661126	1.34526972	8.27376096	0	100	0	0	3
9350	2154	0	3.65234375	48.3946442	47.0842673	45.8041418	48.4661126	1.34526972	8.27376096	0	100	0	0	3
9355	2155	0	3.65429688	48.5050472	47.0867045	45.8041418	48.5050472	1.34526972	8.27376096	0	100	0	0	3
9360	2156	0	3.65625	48.4889599	47.089174	45.8041418	48.5050472	1.34526972	8.27376096	0	100	0	0	3
9365	2158	0	3.65820312	48.4681519	47.0916596	45.8041418	48.5050472	1.34526972	8.27376096	0	100	0	0	3
9370	2159	0	3.66015625	48.4460372	47.0941605	45.8041418	48.5050472	1.34526972	8.27376096	0	100	0	0	3
9375	2160	0	3.66210938	48.4249035	47.0966867	45.8041418	48.5050472	1.34526972	8.27376096	0	100	0	0	3
9380	2162	0	3.6640625	48.4046766	47.0992489	45.8041418	48.5050472	1.34526972	8.27376096	0	100	0	0	3
9385	2163	0	3.66601562	48.3850805	47.101856	45.8041418	48.5050472	1.34526972	8.27376096	0	100	0	0	3
9390	2164	0	3.66796875	48.3671605	47.1045197	45.8041418	48.5050472	1.34526972	8.27376096	0	100	0	0	3
9395	2165	0	3.66992188	48.3522704	47.1072556	45.8041418	48.5050472	1.34526972	8.27376096	0	100	0	0	3
9400	2167	0	3.671875	48.3409019	47.1100804	45.8041418	48.5050472	1.34526972	8.27376096	0	100	0	0	3
9405	2169	0	3.67382812	48.3326377	47.113008	45.8041418	48.5050472	1.34526972	8.27376096	0	100	0	0	3
9410	2170	0	3.67578125	48.3268999	47.116048	45.8041418	48.5050472	1.34526972	8.27376096	0	100	0	0	3
9415	2172	0	3.67773438	48.3234416	47.1192072	45.8041418	48.5050472	1.34526972	8.27376096	0	100	0	0	3
9420	2173	0	3.6796875	48.3218693	47.1224875	45.8041418	48.5050472	1.34526972	8.27376096	0	100	0	0	3
9425	2174	0	3.68164062	48.3214443	47.1258858	45.8041418	48.5050472	1.34526972	8.27376096	0	100	0	0	3
9430	2176	0	3.68359375	48.3212334	47.1293925	45.8041418	48.5050472	1.34526972	8.27376096	0	100	0	0	3
9435	2177	0	3.68554688	48.3204015	47.1329927	45.8041418	48.5050472	1.34526972	8.27376096	0	100	0	0	3
9440	2178	0	3.6875	48.3184916	47.1366677	45.8041418	48.5050472	1.34526972	8.27376096	0	100	0	0	3
9445	2179	0	3.68945312	48.3155156	47.1403966	45.8041418	48.5050472	1.34526972	8.27376096	0	100	0	0	3
9450	2181	0	3.69140625	48.3118383	47.1441591	45.8041418	48.5050472	1.34526972	8.27376096	0	100	0	0	3
9455	2182	0	3.69335938	48.308004	47.1479362	45.8041418	48.5050472	1.34526972	8.27376096	0	100	0	0	3
9460	2183	0	3.6953125	48.3044836	47.1517114	45.8041418	48.5050472	1.34526972	8.27376096	0	100	0	0	3
9465	2185	0	3.69726562	48.3015991	47.1579028	45.8041418	48.5050472	1.34526972	8.27376096	0	100	0	0	3
9470	2186	0	3.69921875	48.2994944	47.1641062	45.8041418	48.5050472	1.34526972	8.27376096	0	100	0	0	3
9475	2187	0	3.70117188	48.2979987	47.1702785	45.8041418	48.5050472	1.34526972	8.27376096	0	100	0	0	3
9480	2189	0	3.703125	48.2966798	47.1764015	45.8041418	48.5050472	1.34526972	8.27376096	0	100	0	0	3
9485	2190	0	3.70507812	48.2948936	47.1824576	45.8041418	48.5050472	1.34526972	8.27376096	0	100	0	0	3
9490	2191	0	3.70703125	48.2919513	47.1884355	45.8041418	48.5050472	1.34526972	8.27376096	0	100	0	0	3
9495	2193	0	3.70898438	48.2872161	47.194342	45.8041418	48.5050472	1.34526972	8.27376096	0	100	0	0	3
9500	2194	0	3.7109375	48.2802589	47.2001806	45.8041418	48.5050472	1.34526972	8.27376096	0	100	0	0	3
9505	2197	0	3.71289062	48.2710345	47.2059572	45.8041418	48.5050472	1.34526972	8.27376096	0	100	0	0	3
9510	2198	0	3.71484375	48.259812	47.2116855	45.8041418	48.5050472	1.34526972	8.27376096	0	100	0	0	3
9515	2199	0	3.71679688	48.2469963	47.2173833	45.8041418	48.5050472	1.34526972	8.27376096	0	100	0	0	3
9520	2201	0	3.71875	48.1876901	47.22289	45.8041418	48.5050472	1.34526972	8.27376096	0	100	0	0	3
9525	2202	0	3.72070312	48.1719383	47.2283939	45.8041418	48.5050472	1.34526972	8.27376096	0	100	0	0	3
9530	2203	0	3.72265625	48.1566583	47.233912	45.8041418	48.5050472	1.34526972	8.27376096	0	100	0	0	3
9535	2205	0	3.72460938	48.1413599	47.2394561	45.8041418	48.5050472	1.34526972	8.27376096	0	100	0	0	3
9540	2206	0	3.7265625	48.1252746	47.2450316	45.8041418	48.5050472	1.34526972	8.27376096	0	100	0	0	3
9545	2207	0	3.72851562	48.1092306	47.2506443	45.8041418	48.5050472	1.34526972	8.27376096	0	100	0	0	3
9550	2208	0	3.73046875	48.093965	47.256301	45.8041418	48.5050472	1.34526972	8.27376096	0	100	0	0	3
9555	2210	0	3.73242188	48.0796929	47.2620079	45.8041418	48.5050472	1.34526972	8.27376096	0	100	0	0	3
9560	2211	0	3.734375	48.0663977	47.2677707	45.8041418	48.5050472	1.34526972	8.27376096	0	100	0	0	3
9565	2212	0	3.73632812	48.0542161	47.2735966	45.8041418	48.5050472	1.34526972	8.27376096	0	100	0	0	3
9570	2214	0	3.73828125	48.0434788	47.2794955	45.8041418	48.5050472	1.34526972	8.27376096	0	100	0	0	3
9575	2215	0	3.74023438	48.0343432	47.285478	45.8041418	48.5050472	1.34526972	8.27376096	0	100	0	0	3
9580	2217	0	3.7421875	48.0266721	47.2915518	45.8041418	48.5050472	1.34526972	8.27376096	0	100	0	0	3
9585	2218	0	3.74414062	48.0200774	47.2977192	45.8041418	48.5050472	1.34526972	8.27376096	0	100	0	0	3
9590	2219	0	3.74609375	48.0140433	47.3039744	45.8041418	48.5050472	1.34526972	8.27376096	0	100	0	0	3
9595	2221	0	3.74804688	48.0080435	47.3103045	45.8041418	48.5050472	1.34526972	8.27376096	0	100	0	0	3
9600	2222	0	3.75	48.0016472	47.3166899	45.8041418	48.5050472	1.34526972	8.27376096	0	100	0	0	3
9605	2224	0	3.75195312	47.9945116	47.3231061	45.8041418	48.5050472	1.34526972	8.27376096	0	100	0	0	3
9610	2226	0	3.75390625	47.9864075	47.3295243	45.8041418	48.5050472	1.34526972	8.27376096	0	100	0	0	3
9615	2227	0	3.75585938	47.9773807	47.3359149	45.8041418	48.5050472	1.34526972	8.27376096	0	100	0	0	3
9620	2228	0	3.7578125	47.9677529	47.3422492	45.8041418	48.5050472	1.34526972	8.27376096	0	100	0	0	3
9625	2230	0	3.75976562	47.9579754	47.3485008	45.8041418	48.5050472	1.34526972	8.27376096	0	100	0	0	3
9630	2231	0	3.76171875	47.9484341	47.3546477	45.8041418	48.5050472	1.34526972	8.27376096	0	100	0	0	3
9635	2232	0	3.76367188	47.9393615	47.3626525	45.8041418	48.5050472	1.34526972	8.27376096	0	100	0	0	3
9640	2234	0	3.765625	47.9308494	47.3705304	45.8041418	48.5050472	1.34526972	8.27376096	0	100	0	0	3
9645	2235	0	3.76757812	47.9228504	47.3782596	45.8041418	48.5050472	1.34526972	8.27376096	0	100	0	0	3
9650	2237	0	3.76953125	47.9152103	47.3858252	45.8041418	48.5050472	1.34526972	8.27376096	0	100	0	0	3
9655	2238	0	3.77148438	47.9077169	47.3932216	45.8041418	48.5050472	1.34526972	8.27376096	0	100	0	0	3
9660	2239	0	3.7734375	47.9001516	47.4004648	45.8041418	48.5050472	1.34526972	8.27376096	0	100	0	0	3
9665	2241	0	3.77539062	47.8923915	47.407567	45.8041418	48.5050472	1.34526972	8.27376096	0	100	0	0	3
9670	2242	0	3.77734375	47.8844474	47.4145424	45.8041418	48.5050472	1.34526972	8.27376096	0	100	0	0	3
9675	2243	0	3.77929688	47.8764442	47.4214143	45.8041418	48.5050472	1.34526972	8.27376096	0	100	0	0	3
9680	2245	0	3.78125	47.8685607	47.428212	45.8041418	48.5050472	1.34526972	8.27376096	0	100	0	0	3
9685	2246	0	3.78320312	47.8609532	47.4349646	45.8041418	48.5050472	1.34526972	8.27376096	0	100	0	0	3
9690	2247	0	3.78515625	47.6855347	47.4410386	45.8041418	48.5050472	1.34526972	8.27376096	0	100	0	0	3
9695	2249	0	3.78710938	47.6767206	47.4471045	45.8041418	48.5050472	1.34526972	8.27376096	0	100	0	0	3
9700	2250	0	3.7890625	47.6717827	47.4531926	45.8041418	48.5050472	1.34526972	8.27376096	0	100	0	0	3
9705	2253	0	3.79101562	47.6659889	47.4593079	45.8041418	48.5050472	1.34526972	8.27376096	0	100	0	0	3
9710	2254	0	3.79296875	47.6593115	47.46545	45.8041418	48.5050472	1.34526972	8.27376096	0	100	0	0	3
9715	2255	0	3.79492188	47.6530658	47.4716188	45.8041418	48.5050472	1.34526972	8.27376096	0	100	0	0	3
9720	2257	0	3.796875	47.6475547	47.4778132	45.8041418	48.5050472	1.34526972	8.27376096	0	100	0	0	3
9725	2258	0	3.79882812	47.6416823	47.4840288	45.8041418	48.5050472	1.34526972	8.27376096	0	100	0	0	3
9730	2260	0	3.80078125	47.6345439	47.49026	45.8041418	48.5050472	1.34526972	8.27376096	0	100	0	0	3
9735	2261	0	3.80273438	47.6263265	47.4965051	45.8041418	48.5050472	1.34526972	8.27376096	0	100	0	0	3
9740	2262	0	3.8046875	47.6177616	47.5027686	45.8041418	48.5050472	1.34217725	8.27376096	0	100	0	0	3
9745	2264	0	3.80664062	47.6093088	47.5090572	45.8041418	48.5050472	1.33889013	8.27376096	0	100	0	0	3
9750	2265	0	3.80859375	47.6009579	47.5153744	45.8041418	48.5050472	1.33547128	8.27376096	0	100	0	0	3
9755	2266	0	3.81054688	47.5925157	47.5217179	45.8041418	48.5050472	1.33188493	8.27376096	0	100	0	0	3
9760	2267	0	3.8125	47.5838522	47.5280794	45.8041418	48.5050472	1.3281068	8.27376096	0	100	0	0	3
9765	2269	0	3.81445312	47.5749331	47.534445	45.8041418	48.5050472	1.3241731	8.27376096	0	100	0	0	3
9770	2270	0	3.81640625	47.5657111	47.5407956	45.8041418	48.5050472	1.320139	8.27376096	0	100	0	0	3
9775	2271	0	3.81835938	47.556052	47.5471076	45.8041418	48.5050472	1.31603817	8.27376096	0	100	0	0	3
