Iteration	CPUTime	PhysTime	Travels	Value	AvValue	MinValue	MaxValue	Delta	Criteria	PrevAvRefValue	Progress	CriteriaType	CriteriaVarType	CriteriaPercentage
1	1	0	0.000390625	0.00034192922	0.00034192922	0.00034192922	0.00034192922	0	0	0	0	0	0	3
5	2	0	0.001953125	0.000342012297	0.000341970759	0.00034192922	0.000342012297	4.15385811e-08	0	0	0	0	0	3
10	3	0	0.00390625	0.000342012603	0.000341984707	0.00034192922	0.000342012603	5.54868084e-08	0	0	0	0	0	3
15	5	0	0.005859375	0.000342032382	0.000341996626	0.00034192922	0.000342032382	6.74056904e-08	0	0	0	0	0	3
20	6	0	0.0078125	0.000342013639	0.000342000028	0.00034192922	0.000342032382	7.08084384e-08	0	0	0	0	0	3
25	7	0	0.009765625	0.000342012263	0.000342002068	0.00034192922	0.000342032382	7.28475778e-08	0	0	0	0	0	3
30	8	0	0.01171875	0.000342012367	0.000342003539	0.00034192922	0.000342032382	7.43188663e-08	0	0	0	0	0	3
35	9	0	0.013671875	0.000342012893	0.000342004708	0.00034192922	0.000342032382	7.54881507e-08	0	0	0	0	0	3
40	11	0	0.015625	0.000342013673	0.000342005704	0.00034192922	0.000342032382	7.64842063e-08	0	0	0	0	0	3
45	12	0	0.017578125	0.00034201405	0.000342006539	0.00034192922	0.000342032382	7.73188168e-08	0	0	0	0	0	3
50	13	0	0.01953125	0.0003420144	0.000342007253	0.00034192922	0.000342032382	7.8033449e-08	0	0	0	0	0	3
55	15	0	0.021484375	0.00034201453	0.00034200786	0.00034192922	0.000342032382	7.86398692e-08	0	0	0	0	0	3
60	17	0	0.0234375	0.000342014854	0.000342008398	0.00034192922	0.000342032382	7.91778794e-08	0	0	0	0	0	3
65	20	0	0.025390625	0.000342014971	0.000342008867	0.00034192922	0.000342032382	7.96473743e-08	0	0	0	0	0	3
70	23	0	0.02734375	0.000342015163	0.000342009287	0.00034192922	0.000342032382	8.00671108e-08	0	0	0	0	0	3
75	25	0	0.029296875	0.000342015259	0.00034200966	0.00034192922	0.000342032382	8.04403826e-08	0	0	0	0	0	3
80	28	0	0.03125	0.000342015567	0.000342010008	0.00034192922	0.000342032382	8.07878247e-08	0	0	0	0	0	3
85	30	0	0.033203125	0.000342015375	0.000342010306	0.00034192922	0.000342032382	8.10860207e-08	0	0	0	0	0	3
90	33	0	0.03515625	0.000342015532	0.000342010581	0.00034192922	0.000342032382	8.13610657e-08	0	0	0	0	0	3
95	35	0	0.037109375	0.000342015755	0.00034201084	0.00034192922	0.000342032382	8.16197561e-08	0	0	0	0	0	3
100	37	0	0.0390625	0.000342016002	0.000342011086	0.00034192922	0.000342032382	8.18655704e-08	0	0	0	0	0	3
105	40	0	0.041015625	0.000342015845	0.000342011302	0.00034192922	0.000342032382	8.20818998e-08	0	0	0	0	0	3
110	43	0	0.04296875	0.000342014826	0.000342011455	0.00034192922	0.000342032382	8.22351429e-08	0	0	0	0	0	3
115	45	0	0.044921875	0.000342013071	0.000342011522	0.00034192922	0.000342032382	8.2302475e-08	0	0	0	0	0	3
120	48	0	0.046875	0.00034201059	0.000342011485	0.00034192922	0.000342032382	8.2302475e-08	0	0	0	0	0	3
125	50	0	0.048828125	0.000342006945	0.000342011311	0.00034192922	0.000342032382	8.2302475e-08	0	0	0	0	0	3
130	52	0	0.05078125	0.000342002378	0.00034201098	0.00034192922	0.000342032382	8.2302475e-08	0	0	0	0	0	3
135	54	0	0.052734375	0.000341996689	0.000342010469	0.00034192922	0.000342032382	8.2302475e-08	0	0	0	0	0	3
140	57	0	0.0546875	0.000341989944	0.000342009762	0.00034192922	0.000342032382	8.2302475e-08	0	0	0	0	0	3
145	59	0	0.056640625	0.000341981966	0.000342008835	0.00034192922	0.000342032382	8.2302475e-08	0	0	0	0	0	3
150	61	0	0.05859375	0.000341972655	0.000342007668	0.00034192922	0.000342032382	8.2302475e-08	0	0	0	0	0	3
155	63	0	0.060546875	0.000341961795	0.000342006234	0.00034192922	0.000342032382	8.2302475e-08	0	0	0	0	0	3
160	65	0	0.0625	0.000341949522	0.000342004516	0.00034192922	0.000342032382	8.2302475e-08	0	0	0	0	0	3
165	67	0	0.064453125	0.000341935266	0.000342002479	0.00034192922	0.000342032382	8.2302475e-08	0	0	0	0	0	3
170	70	0	0.06640625	0.000509941775	0.000346800745	0.00034192922	0.000509941775	4.87152471e-06	0	0	0	0	0	3
180	74	0	0.0703125	0.000509941009	0.000355619233	0.00034192922	0.000509944533	1.36900126e-05	0	0	0	0	0	3
185	76	0	0.072265625	0.000509935783	0.000359680194	0.00034192922	0.000509944533	1.77509744e-05	0	0	0	0	0	3
190	78	0	0.07421875	0.000509931257	0.000363532786	0.00034192922	0.000509944533	2.16035658e-05	0	0	0	0	0	3
195	81	0	0.076171875	0.000509921304	0.000367192499	0.00034192922	0.000509944533	2.52632787e-05	0	0	0	0	0	3
200	83	0	0.078125	0.000509917615	0.000370673599	0.00034192922	0.000509944533	2.87443791e-05	0	0	0	0	0	3
205	86	0	0.080078125	0.000509915536	0.000373988883	0.00034192922	0.000509944533	3.20596633e-05	0	0	0	0	0	3
210	91	0	0.08203125	0.000509911472	0.000377149874	0.00034192922	0.000509944533	3.52206538e-05	0	0	0	0	0	3
215	93	0	0.083984375	0.000509904736	0.00038016703	0.00034192922	0.000509944533	3.82378097e-05	0	0	0	0	0	3
220	95	0	0.0859375	0.000509896303	0.000383049902	0.00034192922	0.000509944533	4.11206825e-05	0	0	0	0	0	3
225	97	0	0.087890625	0.000509885983	0.000385807209	0.00034192922	0.000509944533	4.38779886e-05	0	0	0	0	0	3
230	99	0	0.08984375	0.000509874143	0.000388446931	0.00034192922	0.000509944533	4.65177106e-05	0	0	0	0	0	3
235	101	0	0.091796875	0.000509859086	0.000390976351	0.00034192922	0.000509944533	4.90471305e-05	0	0	0	0	0	3
240	104	0	0.09375	0.000509841719	0.000393402174	0.00034192922	0.000509944533	5.14729544e-05	0	0	0	0	0	3
245	106	0	0.095703125	0.000509824012	0.000395730611	0.00034192922	0.000509944533	5.38013911e-05	0	0	0	0	0	3
250	108	0	0.09765625	0.000509803429	0.000397967333	0.00034192922	0.000509944533	5.6038113e-05	0	0	0	0	0	3
255	110	0	0.099609375	0.000509780896	0.000400117594	0.00034192922	0.000509944533	5.81883739e-05	0	0	0	0	0	3
260	112	0	0.1015625	0.000509756076	0.000402186244	0.00034192922	0.000509944533	6.02570245e-05	0	0	0	0	0	3
265	114	0	0.103515625	0.000509728746	0.000404177772	0.00034192922	0.000509944533	6.22485523e-05	0	0	0	0	0	3
270	116	0	0.10546875	0.000509698891	0.000406096338	0.00034192922	0.000509944533	6.41671181e-05	0	0	0	0	0	3
275	118	0	0.107421875	0.000509666976	0.000407945814	0.00034192922	0.000509944533	6.60165937e-05	0	0	0	0	0	3
280	120	0	0.109375	0.00050963197	0.000409729781	0.00034192922	0.000509944533	6.78005614e-05	0	0	0	0	0	3
285	122	0	0.111328125	0.000509594973	0.000411451595	0.00034192922	0.000509944533	6.9522375e-05	0	0	0	0	0	3
290	125	0	0.11328125	0.000509555486	0.000413114373	0.00034192922	0.000509944533	7.11851529e-05	0	0	0	0	0	3
295	127	0	0.115234375	0.000509514081	0.000414721035	0.00034192922	0.000509944533	7.27918147e-05	0	0	0	0	0	3
300	129	0	0.1171875	0.000509470775	0.000416274309	0.00034192922	0.000509944533	7.43450891e-05	0	0	0	0	0	3
305	132	0	0.119140625	0.000509425447	0.000417776747	0.00034192922	0.000509944533	7.58475268e-05	0	0	0	0	0	3
310	134	0	0.12109375	0.000509378143	0.000419230737	0.00034192922	0.000509944533	7.73015172e-05	0	0	0	0	0	3
315	136	0	0.123046875	0.000509328688	0.000420638518	0.00034192922	0.000509944533	7.87092977e-05	0	0	0	0	0	3
320	138	0	0.125	0.000509277701	0.000422002197	0.00034192922	0.000509944533	8.00729774e-05	0	0	0	0	0	3
325	140	0	0.126953125	0.000509224769	0.000423323752	0.00034192922	0.000509944533	8.13945316e-05	0	0	0	0	0	3
330	142	0	0.12890625	0.000509170284	0.000424605043	0.00034192922	0.000509944533	8.26758231e-05	0	0	0	0	0	3
335	144	0	0.130859375	0.000611536751	0.000427354039	0.00034192922	0.000611536751	8.54248188e-05	0	0	0	0	0	3
340	146	0	0.1328125	0.000611512683	0.000430023005	0.00034192922	0.000611536751	8.80937847e-05	0	0	0	0	0	3
345	148	0	0.134765625	0.000611483777	0.000432615301	0.00034192922	0.000611536751	9.06860814e-05	0	0	0	0	0	3
350	150	0	0.13671875	0.000611452838	0.00043513414	0.00034192922	0.000611536751	9.320492e-05	0	0	0	0	0	3
355	152	0	0.138671875	0.000611422333	0.000437582587	0.00034192922	0.000611536751	9.56533671e-05	0	0	0	0	0	3
360	154	0	0.140625	0.000611387396	0.000439963475	0.00034192922	0.000611536751	9.80342549e-05	0	0	0	0	0	3
365	156	0	0.142578125	0.000611347288	0.000442279472	0.00034192922	0.000611536751	0.000100350252	0	0	0	0	0	3
370	158	0	0.14453125	0.000611305038	0.000444533147	0.00034192922	0.000611536751	0.000102603927	0	0	0	0	0	3
375	160	0	0.146484375	0.000611259612	0.000446726916	0.00034192922	0.000611536751	0.000104797696	0	0	0	0	0	3
380	162	0	0.1484375	0.000611213256	0.000448863102	0.00034192922	0.000611536751	0.000106933882	0	0	0	0	0	3
385	164	0	0.150390625	0.000611161934	0.000450943856	0.00034192922	0.000611536751	0.000109014636	0	0	0	0	0	3
390	166	0	0.15234375	0.000611109417	0.000452971268	0.00034192922	0.000611536751	0.000111042048	0	0	0	0	0	3
395	168	0	0.154296875	0.000611054983	0.000454947315	0.00034192922	0.000611536751	0.000113018095	0	0	0	0	0	3
400	170	0	0.15625	0.000610998757	0.000456873876	0.00034192922	0.000611536751	0.000114944656	0	0	0	0	0	3
405	173	0	0.158203125	0.000610940447	0.000458752737	0.00034192922	0.000611536751	0.000116823517	0	0	0	0	0	3
410	175	0	0.16015625	0.000610880468	0.000460585601	0.00034192922	0.000611536751	0.000118656381	0	0	0	0	0	3
415	177	0	0.162109375	0.000610818664	0.00046237409	0.00034192922	0.000611536751	0.00012044487	0	0	0	0	0	3
420	179	0	0.1640625	0.000610753712	0.000464119732	0.00034192922	0.000611536751	0.000122190512	0	0	0	0	0	3
425	181	0	0.166015625	0.000610689326	0.00046582403	0.00034192922	0.000611536751	0.00012389481	0	0	0	0	0	3
430	183	0	0.16796875	0.000610623845	0.000467488396	0.00034192922	0.000611536751	0.000125559176	0	0	0	0	0	3
435	185	0	0.169921875	0.000610557672	0.000469114183	0.00034192922	0.000611536751	0.000127184963	0	0	0	0	0	3
440	187	0	0.171875	0.000610490172	0.000470702677	0.00034192922	0.000611536751	0.000128773457	0	0	0	0	0	3
445	189	0	0.173828125	0.000610421502	0.000472255108	0.00034192922	0.000611536751	0.000130325888	0	0	0	0	0	3
450	191	0	0.17578125	0.000610351404	0.00047377265	0.00034192922	0.000611536751	0.00013184343	0	0	0	0	0	3
455	192	0	0.177734375	0.000610281189	0.000475256439	0.00034192922	0.000611536751	0.000133327219	0	0	0	0	0	3
460	195	0	0.1796875	0.000610210448	0.000476707557	0.00034192922	0.000611536751	0.000134778337	0	0	0	0	0	3
465	196	0	0.181640625	0.000610138674	0.000478127037	0.00034192922	0.000611536751	0.000136197817	0	0	0	0	0	3
470	198	0	0.18359375	0.000610066725	0.000479515876	0.00034192922	0.000611536751	0.000137586656	0	0	0	0	0	3
475	200	0	0.185546875	0.000609994383	0.000480875027	0.00034192922	0.000611536751	0.000138945807	0	0	0	0	0	3
480	202	0	0.1875	0.000609920825	0.000482205396	0.00034192922	0.000611536751	0.000140276176	0	0	0	0	0	3
485	204	0	0.189453125	0.000609847985	0.000483507871	0.00034192922	0.000611536751	0.000141578651	0	0	0	0	0	3
490	205	0	0.19140625	0.000609774234	0.000484783289	0.00034192922	0.000611536751	0.000142854069	0	0	0	0	0	3
495	207	0	0.193359375	0.000609700757	0.000486032464	0.00034192922	0.000611536751	0.000144103244	0	0	0	0	0	3
500	209	0	0.1953125	0.000609626763	0.00048725617	0.00034192922	0.000611536751	0.00014532695	0	0	0	0	0	3
505	212	0	0.197265625	0.000678685675	0.00048913293	0.00034192922	0.000678685675	0.00014720371	0	0	0	0	0	3
510	214	0	0.19921875	0.000678636686	0.000490972772	0.00034192922	0.000678685675	0.000149043552	0	0	0	0	0	3
515	216	0	0.201171875	0.000678587379	0.000492776759	0.00034192922	0.000678685675	0.000150847539	0	0	0	0	0	3
520	218	0	0.203125	0.000678535112	0.000494545886	0.00034192922	0.000678685675	0.000152616666	0	0	0	0	0	3
525	219	0	0.205078125	0.000678475478	0.000496281071	0.00034192922	0.000678685675	0.000154351851	0	0	0	0	0	3
530	221	0	0.20703125	0.000678407961	0.000497983191	0.00034192922	0.000678685675	0.000156053971	0	0	0	0	0	3
535	223	0	0.208984375	0.000678335083	0.000499653116	0.00034192922	0.000678685675	0.000157723896	0	0	0	0	0	3
540	225	0	0.2109375	0.000678261853	0.000501291728	0.00034192922	0.000678685675	0.000159362508	0	0	0	0	0	3
545	227	0	0.212890625	0.00067818778	0.000502899874	0.00034192922	0.000678685675	0.000160970654	0	0	0	0	0	3
550	228	0	0.21484375	0.000678114131	0.000504478381	0.00034192922	0.000678685675	0.000162549161	0	0	0	0	0	3
555	230	0	0.216796875	0.000678038247	0.000506028023	0.00034192922	0.000678685675	0.000164098803	0	0	0	0	0	3
560	232	0	0.21875	0.000677962797	0.000507549569	0.00034192922	0.000678685675	0.000165620349	0	0	0	0	0	3
565	233	0	0.220703125	0.000677886835	0.000509043756	0.00034192922	0.000678685675	0.000167114536	0	0	0	0	0	3
570	235	0	0.22265625	0.000677810541	0.000510511293	0.00034192922	0.000678685675	0.000168582073	0	0	0	0	0	3
575	236	0	0.224609375	0.000677734316	0.000511952871	0.00034192922	0.000678685675	0.000170023651	0	0	0	0	0	3
580	238	0	0.2265625	0.000677658729	0.00051336916	0.00034192922	0.000678685675	0.00017143994	0	0	0	0	0	3
585	240	0	0.228515625	0.000677582581	0.000514760799	0.00034192922	0.000678685675	0.000172831579	0	0	0	0	0	3
590	241	0	0.23046875	0.000677506475	0.00051612841	0.00034192922	0.000678685675	0.00017419919	0	0	0	0	0	3
595	243	0	0.232421875	0.000677430377	0.000517472593	0.00034192922	0.000678685675	0.000175543373	0	0	0	0	0	3
600	244	0	0.234375	0.000677354555	0.000518793932	0.00034192922	0.000678685675	0.000176864712	0	0	0	0	0	3
605	247	0	0.236328125	0.000677278875	0.000520092989	0.00034192922	0.000678685675	0.000178163769	0	0	0	0	0	3
610	248	0	0.23828125	0.000677203848	0.000521370313	0.00034192922	0.000678685675	0.000179441093	0	0	0	0	0	3
615	250	0	0.240234375	0.000677128726	0.000522626429	0.00034192922	0.000678685675	0.000180697209	0	0	0	0	0	3
620	252	0	0.2421875	0.000677054302	0.000523861852	0.00034192922	0.000678685675	0.000181932632	0	0	0	0	0	3
625	253	0	0.244140625	0.000676980189	0.000525077077	0.00034192922	0.000678685675	0.000183147857	0	0	0	0	0	3
630	254	0	0.24609375	0.000676906332	0.000526272583	0.00034192922	0.000678685675	0.000184343363	0	0	0	0	0	3
635	256	0	0.248046875	0.000676833328	0.000527448839	0.00034192922	0.000678685675	0.000185519619	0	0	0	0	0	3
640	258	0	0.25	0.000676760604	0.000528606294	0.00034192922	0.000678685675	0.000186677074	0	0	0	0	0	3
645	259	0	0.251953125	0.000676688483	0.000529745388	0.00034192922	0.000678685675	0.000187816168	0	0	0	0	0	3
650	260	0	0.25390625	0.000676616727	0.000530866543	0.00034192922	0.000678685675	0.000188937323	0	0	0	0	0	3
655	262	0	0.255859375	0.000676545768	0.000531970174	0.00034192922	0.000678685675	0.000190040954	0	0	0	0	0	3
660	263	0	0.2578125	0.000676475419	0.000533056679	0.00034192922	0.000678685675	0.000191127459	0	0	0	0	0	3
665	264	0	0.259765625	0.000676405818	0.000534126449	0.00034192922	0.000678685675	0.000192197229	0	0	0	0	0	3
670	266	0	0.26171875	0.000725938631	0.00053554728	0.00034192922	0.000725938631	0.00019361806	0	0	0	0	0	3
675	267	0	0.263671875	0.000725873196	0.000536946735	0.00034192922	0.000725938631	0.000195017515	0	0	0	0	0	3
680	269	0	0.265625	0.000725820385	0.000538325375	0.00034192922	0.000725938631	0.000196396155	0	0	0	0	0	3
685	270	0	0.267578125	0.000725764181	0.000539683627	0.00034192922	0.000725938631	0.000197754407	0	0	0	0	0	3
690	271	0	0.26953125	0.000725703137	0.000541021897	0.00034192922	0.000725938631	0.000199092677	0	0	0	0	0	3
695	272	0	0.271484375	0.000725635252	0.000542340564	0.00034192922	0.000725938631	0.000200411344	0	0	0	0	0	3
700	274	0	0.2734375	0.00072556276	0.000543640012	0.00034192922	0.000725938631	0.000201710792	0	0	0	0	0	3
705	276	0	0.275390625	0.000725489809	0.000544920644	0.00034192922	0.000725938631	0.000202991424	0	0	0	0	0	3
710	277	0	0.27734375	0.000725417255	0.000546182858	0.00034192922	0.000725938631	0.000204253638	0	0	0	0	0	3
715	278	0	0.279296875	0.000725343787	0.000547427032	0.00034192922	0.000725938631	0.000205497812	0	0	0	0	0	3
720	279	0	0.28125	0.000725270211	0.000548653536	0.00034192922	0.000725938631	0.000206724316	0	0	0	0	0	3
725	281	0	0.283203125	0.000725196614	0.000549862735	0.00034192922	0.000725938631	0.000207933515	0	0	0	0	0	3
730	282	0	0.28515625	0.000725122923	0.000551054982	0.00034192922	0.000725938631	0.000209125762	0	0	0	0	0	3
735	283	0	0.287109375	0.000725049599	0.000552230621	0.00034192922	0.000725938631	0.000210301401	0	0	0	0	0	3
740	284	0	0.2890625	0.000724976751	0.000553389991	0.00034192922	0.000725938631	0.000211460771	0	0	0	0	0	3
745	285	0	0.291015625	0.00072490411	0.000554533418	0.00034192922	0.000725938631	0.000212604198	0	0	0	0	0	3
750	286	0	0.29296875	0.000724832259	0.000555661225	0.00034192922	0.000725938631	0.000213732005	0	0	0	0	0	3
755	288	0	0.294921875	0.000724761581	0.000556773728	0.00034192922	0.000725938631	0.000214844508	0	0	0	0	0	3
760	289	0	0.296875	0.000724692865	0.000557871238	0.00034192922	0.000725938631	0.000215942018	0	0	0	0	0	3
765	290	0	0.298828125	0.000724626563	0.000558954065	0.00034192922	0.000725938631	0.000217024845	0	0	0	0	0	3
770	291	0	0.30078125	0.000724564484	0.000560022519	0.00034192922	0.000725938631	0.000218093299	0	0	0	0	0	3
775	292	0	0.302734375	0.000724507759	0.000561076912	0.00034192922	0.000725938631	0.000219147692	0	0	0	0	0	3
780	293	0	0.3046875	0.000724458426	0.000562117559	0.00034192922	0.000725938631	0.000220188339	0	0	0	0	0	3
785	294	0	0.306640625	0.000724417017	0.00056314477	0.00034192922	0.000725938631	0.00022121555	0	0	0	0	0	3
790	295	0	0.30859375	0.000724383318	0.000564158849	0.00034192922	0.000725938631	0.000222229629	0	0	0	0	0	3
795	296	0	0.310546875	0.00072435436	0.000565160071	0.00034192922	0.000725938631	0.000223230851	0	0	0	0	0	3
800	297	0	0.3125	0.000724328483	0.000566148695	0.00034192922	0.000725938631	0.000224219475	0	0	0	0	0	3
805	299	0	0.314453125	0.000724305764	0.000567124973	0.00034192922	0.000725938631	0.000225195753	0	0	0	0	0	3
810	300	0	0.31640625	0.000724287911	0.000568089163	0.00034192922	0.000725938631	0.000226159943	0	0	0	0	0	3
815	301	0	0.318359375	0.000724274533	0.000569041513	0.00034192922	0.000725938631	0.000227112293	0	0	0	0	0	3
820	302	0	0.3203125	0.000724264685	0.000569982259	0.00034192922	0.000725938631	0.000228053039	0	0	0	0	0	3
825	303	0	0.322265625	0.000724256169	0.00057091162	0.00034192922	0.000725938631	0.0002289824	0	0	0	0	0	3
830	304	0	0.32421875	0.000724247393	0.000571829798	0.00034192922	0.000725938631	0.000229900578	0	0	0	0	0	3
835	305	0	0.326171875	0.000724234572	0.00057273697	0.00034192922	0.000725938631	0.00023080775	0	0	0	0	0	3
840	306	0	0.328125	0.000760819587	0.000573849885	0.00034192922	0.000760819587	0.000231920665	0	0	0	0	0	3
845	307	0	0.330078125	0.000760798645	0.000574949583	0.00034192922	0.000760819587	0.000233020363	0	0	0	0	0	3
850	307	0	0.33203125	0.000760753439	0.000576036155	0.00034192922	0.000760819587	0.000234106935	0	0	0	0	0	3
855	308	0	0.333984375	0.000760678292	0.000577109656	0.00034192922	0.000760819587	0.000235180436	0	0	0	0	0	3
860	309	0	0.3359375	0.000760571536	0.000578170129	0.00034192922	0.000760819587	0.000236240909	0	0	0	0	0	3
865	310	0	0.337890625	0.000760431661	0.00057921761	0.00034192922	0.000760819587	0.00023728839	0	0	0	0	0	3
870	311	0	0.33984375	0.00076025533	0.000580252111	0.00034192922	0.000760819587	0.000238322891	0	0	0	0	0	3
875	312	0	0.341796875	0.000760043364	0.000581273652	0.00034192922	0.000760819587	0.000239344432	0	0	0	0	0	3
880	313	0	0.34375	0.000759796288	0.000582282254	0.00034192922	0.000760819587	0.000240353034	0	0	0	0	0	3
885	314	0	0.345703125	0.000759513849	0.000583277938	0.00034192922	0.000760819587	0.000241348718	0	0	0	0	0	3
890	315	0	0.34765625	0.000759194824	0.000584260713	0.00034192922	0.000760819587	0.000242331493	0	0	0	0	0	3
895	315	0	0.349609375	0.000758838146	0.000585230588	0.00034192922	0.000760819587	0.000243301368	0	0	0	0	0	3
900	316	0	0.3515625	0.0007584418	0.000586187556	0.00034192922	0.000760819587	0.000244258336	0	0	0	0	0	3
905	318	0	0.353515625	0.000757999302	0.000587131577	0.00034192922	0.000760819587	0.000245202357	0	0	0	0	0	3
910	319	0	0.35546875	0.000757500784	0.000588062556	0.00034192922	0.000760819587	0.000246133336	0	0	0	0	0	3
915	320	0	0.357421875	0.000756938833	0.000588980362	0.00034192922	0.000760819587	0.000247051142	0	0	0	0	0	3
920	321	0	0.359375	0.00075631325	0.000589884864	0.00034192922	0.000760819587	0.000247955644	0	0	0	0	0	3
925	321	0	0.361328125	0.000755628767	0.00059077596	0.00034192922	0.000760819587	0.00024884674	0	0	0	0	0	3
930	322	0	0.36328125	0.000754888569	0.000591653568	0.00034192922	0.000760819587	0.000249724348	0	0	0	0	0	3
935	323	0	0.365234375	0.000754094835	0.000592517617	0.00034192922	0.000760819587	0.000250588397	0	0	0	0	0	3
940	324	0	0.3671875	0.000753247625	0.00059336804	0.00034192922	0.000760819587	0.00025143882	0	0	0	0	0	3
945	325	0	0.369140625	0.00075234579	0.000594204765	0.00034192922	0.000760819587	0.000252275545	0	0	0	0	0	3
950	325	0	0.37109375	0.000751386286	0.000595027705	0.00034192922	0.000760819587	0.000253098485	0	0	0	0	0	3
955	326	0	0.373046875	0.000750364263	0.00059583675	0.00034192922	0.000760819587	0.00025390753	0	0	0	0	0	3
960	327	0	0.375	0.000749273139	0.000596631757	0.00034192922	0.000760819587	0.000254702537	0	0	0	0	0	3
965	328	0	0.376953125	0.000748105147	0.000597412548	0.00034192922	0.000760819587	0.000255483328	0	0	0	0	0	3
970	329	0	0.37890625	0.000746850658	0.000598178897	0.00034192922	0.000760819587	0.000256249677	0	0	0	0	0	3
975	329	0	0.380859375	0.00074549667	0.000598930518	0.00034192922	0.000760819587	0.000257001298	0	0	0	0	0	3
980	330	0	0.3828125	0.000744024765	0.000599667037	0.00034192922	0.000760819587	0.000257737817	0	0	0	0	0	3
985	331	0	0.384765625	0.000742405165	0.000600387937	0.00034192922	0.000760819587	0.000258458717	0	0	0	0	0	3
990	332	0	0.38671875	0.000740591018	0.000601092475	0.00034192922	0.000760819587	0.000259163255	0	0	0	0	0	3
995	333	0	0.388671875	0.000738511639	0.000601779571	0.00034192922	0.000760819587	0.000259850351	0	0	0	0	0	3
1000	333	0	0.390625	0.000736091013	0.000602447787	0.00034192922	0.000760819587	0.000260518567	0	0	0	0	0	3
1005	335	0	0.392578125	0.000741249792	0.000603134926	0.00034192922	0.000760819587	0.000261205706	0	0	0	0	0	3
1010	336	0	0.39453125	0.000738072196	0.000603799641	0.00034192922	0.000760819587	0.000261870421	0	0	0	0	0	3
1015	337	0	0.396484375	0.000734532387	0.000604440488	0.00034192922	0.000760819587	0.000262511268	0	0	0	0	0	3
1020	338	0	0.3984375	0.000730667663	0.00060505623	0.00034192922	0.000760819587	0.00026312701	0	0	0	0	0	3
1025	339	0	0.400390625	0.00072652967	0.000605645907	0.00034192922	0.000760819587	0.000263716687	0	0	0	0	0	3
1030	339	0	0.40234375	0.000722164021	0.000606208797	0.00034192922	0.000760819587	0.000264279577	0	0	0	0	0	3
1035	340	0	0.404296875	0.00071761035	0.000606744381	0.00034192922	0.000760819587	0.000264815161	0	0	0	0	0	3
1040	341	0	0.40625	0.000712904947	0.000607252326	0.00034192922	0.000760819587	0.000265323106	0	0	0	0	0	3
1045	342	0	0.408203125	0.000708078615	0.000607732452	0.00034192922	0.000760819587	0.000265803232	0	0	0	0	0	3
1050	343	0	0.41015625	0.000703166019	0.000608184743	0.00034192922	0.000760819587	0.000266255523	0	0	0	0	0	3
1055	343	0	0.412109375	0.000698202387	0.000608609355	0.00034192922	0.000760819587	0.000266680135	0	0	0	0	0	3
1060	344	0	0.4140625	0.00069322028	0.000609006589	0.00034192922	0.000760819587	0.000267077369	0	0	0	0	0	3
1065	345	0	0.416015625	0.000688245866	0.000609376866	0.00034192922	0.000760819587	0.000267447646	0	0	0	0	0	3
1070	346	0	0.41796875	0.000683298898	0.00060972069	0.00034192922	0.000760819587	0.00026779147	0	0	0	0	0	3
1075	347	0	0.419921875	0.000678393608	0.00061003862	0.00034192922	0.000760819587	0.0002681094	0	0	0	0	0	3
1080	347	0	0.421875	0.000673536001	0.000610331234	0.00034192922	0.000760819587	0.000268402014	0	0	0	0	0	3
1085	348	0	0.423828125	0.0006687175	0.000610599061	0.00034192922	0.000760819587	0.000268669841	0	0	0	0	0	3
1090	349	0	0.42578125	0.000663913805	0.000610842508	0.00034192922	0.000760819587	0.000268913288	0	0	0	0	0	3
1095	350	0	0.427734375	0.000659095852	0.000611061841	0.00034192922	0.000760819587	0.000269132621	0	0	0	0	0	3
1100	351	0	0.4296875	0.000654245041	0.00061125724	0.00034192922	0.000760819587	0.00026932802	0	0	0	0	0	3
1105	352	0	0.431640625	0.000649358017	0.000611428865	0.00034192922	0.000760819587	0.000269499645	0	0	0	0	0	3
1110	353	0	0.43359375	0.000644444429	0.000611576917	0.00034192922	0.000760819587	0.000269647697	0	0	0	0	0	3
1115	354	0	0.435546875	0.00063952116	0.000611701668	0.00034192922	0.000760819587	0.000269772448	0	0	0	0	0	3
1120	355	0	0.4375	0.000634606877	0.000611803469	0.00034192922	0.000760819587	0.000269874249	0	0	0	0	0	3
1125	356	0	0.439453125	0.000629716068	0.000611882728	0.00034192922	0.000760819587	0.000269953508	0	0	0	0	0	3
1130	356	0	0.44140625	0.000624858629	0.000611939891	0.00034192922	0.000760819587	0.000270010671	0	0	0	0	0	3
1135	357	0	0.443359375	0.000620042727	0.00061197543	0.00034192922	0.000760819587	0.00027004621	0	0	0	0	0	3
1140	358	0	0.4453125	0.000615279151	0.000611989856	0.00034192922	0.000760819587	0.000270060636	0	0	0	0	0	3
1145	359	0	0.447265625	0.000610585071	0.000611983749	0.00034192922	0.000760819587	0.000270060636	0	0	0	0	0	3
1150	360	0	0.44921875	0.000605986888	0.000611957788	0.00034192922	0.000760819587	0.000270060636	0	0	0	0	0	3
1155	361	0	0.451171875	0.000601520963	0.000611912802	0.00034192922	0.000760819587	0.000270060636	0	0	0	0	0	3
1160	361	0	0.453125	0.000597234284	0.000611849804	0.00034192922	0.000760819587	0.000270060636	0	0	0	0	0	3
1165	362	0	0.455078125	0.000593182445	0.000611770029	0.00034192922	0.000760819587	0.000270060636	0	0	0	0	0	3
1170	363	0	0.45703125	0.000469830168	0.00061116603	0.00034192922	0.000760819587	0.000270060636	0	0	0	0	0	3
1175	364	0	0.458984375	0.000465878071	0.000610550403	0.00034192922	0.000760819587	0.000270060636	0	0	0	0	0	3
1180	365	0	0.4609375	0.000462333353	0.000609925014	0.00034192922	0.000760819587	0.000270060636	0	0	0	0	0	3
1185	366	0	0.462890625	0.000459859103	0.000609294485	0.00034192922	0.000760819587	0.000270060636	0	0	0	0	0	3
1190	366	0	0.46484375	0.000457130929	0.000608657818	0.00034192922	0.000760819587	0.000270060636	0	0	0	0	0	3
1195	367	0	0.466796875	0.000454222574	0.000608014337	0.00034192922	0.000760819587	0.000270060636	0	0	0	0	0	3
1200	368	0	0.46875	0.000452007141	0.000607367005	0.00034192922	0.000760819587	0.000270060636	0	0	0	0	0	3
1205	370	0	0.470703125	0.000450491883	0.00060671876	0.00034192922	0.000760819587	0.000270060636	0	0	0	0	0	3
1210	371	0	0.47265625	0.00044929343	0.00060607092	0.00034192922	0.000760819587	0.000270060636	0	0	0	0	0	3
1215	372	0	0.474609375	0.00044826487	0.000605424173	0.00034192922	0.000760819587	0.000270060636	0	0	0	0	0	3
1220	373	0	0.4765625	0.000447300434	0.00060477877	0.00034192922	0.000760819587	0.000270060636	0	0	0	0	0	3
1225	374	0	0.478515625	0.000446280739	0.000604134469	0.00034192922	0.000760819587	0.000270060636	0	0	0	0	0	3
1230	374	0	0.48046875	0.000445004854	0.00060349022	0.00034192922	0.000760819587	0.000270060636	0	0	0	0	0	3
1235	375	0	0.482421875	0.000443296651	0.000602844278	0.00034192922	0.000760819587	0.000270060636	0	0	0	0	0	3
1240	376	0	0.484375	0.000441005282	0.000602194322	0.00034192922	0.000760819587	0.000270060636	0	0	0	0	0	3
1245	377	0	0.486328125	0.000438032619	0.000601537676	0.00034192922	0.000760819587	0.000270060636	0	0	0	0	0	3
1250	378	0	0.48828125	0.000434201246	0.000600870997	0.00034192922	0.000760819587	0.000270060636	0	0	0	0	0	3
1255	379	0	0.490234375	0.000429436335	0.0006001907	0.00034192922	0.000760819587	0.000270060636	0	0	0	0	0	3
1260	380	0	0.4921875	0.000423825949	0.000599493606	0.00034192922	0.000760819587	0.000270060636	0	0	0	0	0	3
1265	380	0	0.494140625	0.000417571697	0.000598777378	0.00034192922	0.000760819587	0.000270060636	0	0	0	0	0	3
1270	381	0	0.49609375	0.000410920441	0.000598040685	0.00034192922	0.000760819587	0.000270060636	0	0	0	0	0	3
1275	382	0	0.498046875	0.0004041246	0.0005972832	0.00034192922	0.000760819587	0.000270060636	0	0	0	0	0	3
1280	383	0	0.5	0.000397427476	0.000596505551	0.00034192922	0.000760819587	0.000270060636	0	0	0	0	0	3
1285	384	0	0.501953125	0.000391039487	0.000597691502	0.000341935266	0.000760819587	0.00027000515	0	0	0	0	0	3
1290	385	0	0.50390625	0.000385085151	0.000597859754	0.000341935266	0.000760819587	0.000269993231	0	0	0	0	0	3
1295	385	0	0.505859375	0.000379659939	0.000598006737	0.000341935266	0.000760819587	0.000269989828	0	0	0	0	0	3
1300	386	0	0.5078125	0.000374796497	0.000598134795	0.000341935266	0.000760819587	0.000269987789	0	0	0	0	0	3
1305	388	0	0.509765625	0.000370477588	0.000598245988	0.000341935266	0.000760819587	0.000269987377	0	0	0	0	0	3
1310	389	0	0.51171875	0.000366664827	0.000598342287	0.000341935266	0.000760819587	0.000269987377	0	0	0	0	0	3
1315	390	0	0.513671875	0.000363306163	0.000598425463	0.000341935266	0.000760819587	0.000269987377	0	0	0	0	0	3
1320	391	0	0.515625	0.000360336724	0.000598497038	0.000341935266	0.000760819587	0.000269987377	0	0	0	0	0	3
1325	392	0	0.517578125	0.000357681176	0.000598558237	0.000341935266	0.000760819587	0.000269987377	0	0	0	0	0	3
1330	392	0	0.51953125	0.000355262619	0.000598609988	0.000341935266	0.000760819587	0.000269987377	0	0	0	0	0	3
1335	393	0	0.521484375	0.000353006598	0.000598652926	0.000341935266	0.000760819587	0.000269987377	0	0	0	0	0	3
1340	394	0	0.5234375	0.00017524855	0.000598001495	0.00017524855	0.000760819587	0.000269987377	0	0	0	0	0	3
1345	395	0	0.525390625	0.000172372493	0.000597338829	0.000172372493	0.000760819587	0.000269987377	0	0	0	0	0	3
1350	396	0	0.52734375	0.000170025601	0.000596666995	0.000170025601	0.000760819587	0.000269987377	0	0	0	0	0	3
1355	397	0	0.529296875	0.000167800433	0.000595986468	0.000167800433	0.000760819587	0.000269987377	0	0	0	0	0	3
1360	397	0	0.53125	0.00016555185	0.000595297157	0.00016555185	0.000760819587	0.000269987377	0	0	0	0	0	3
1365	398	0	0.533203125	0.000163206269	0.000594598684	0.000163206269	0.000760819587	0.000269987377	0	0	0	0	0	3
1370	399	0	0.53515625	0.000160936188	0.000593891343	0.000160936188	0.000760819587	0.000269987377	0	0	0	0	0	3
1375	400	0	0.537109375	0.000159207291	0.000593177247	0.000159207291	0.000760819587	0.000269987377	0	0	0	0	0	3
1380	401	0	0.5390625	0.000157476209	0.000592456389	0.000157476209	0.000760819587	0.000269987377	0	0	0	0	0	3
1385	402	0	0.541015625	0.000155242735	0.000591726806	0.000155242735	0.000760819587	0.000269987377	0	0	0	0	0	3
1390	402	0	0.54296875	0.000152393283	0.000590986097	0.000152393283	0.000760819587	0.000269987377	0	0	0	0	0	3
1395	403	0	0.544921875	0.000149027263	0.000590232246	0.000149027263	0.000760819587	0.000269987377	0	0	0	0	0	3
1400	404	0	0.546875	0.000145108855	0.000589463099	0.000145108855	0.000760819587	0.000269987377	0	0	0	0	0	3
1405	406	0	0.548828125	0.000140510587	0.000588676004	0.000140510587	0.000760819587	0.000269987377	0	0	0	0	0	3
1410	407	0	0.55078125	0.00013521483	0.00058786824	0.00013521483	0.000760819587	0.000269987377	0	0	0	0	0	3
1415	408	0	0.552734375	0.000129342022	0.000587037558	0.000129342022	0.000760819587	0.000269987377	0	0	0	0	0	3
1420	409	0	0.5546875	0.000123108186	0.000586182551	0.000123108186	0.000760819587	0.000269987377	0	0	0	0	0	3
1425	410	0	0.556640625	0.000116619998	0.00058530223	0.000116619998	0.000760819587	0.000269987377	0	0	0	0	0	3
1430	410	0	0.55859375	0.000109923273	0.000584395788	0.000109923273	0.000760819587	0.000269987377	0	0	0	0	0	3
1435	411	0	0.560546875	0.000103079769	0.000583462655	0.000103079769	0.000760819587	0.000269987377	0	0	0	0	0	3
1440	412	0	0.5625	9.61430185e-05	0.000582502473	9.61430185e-05	0.000760819587	0.000269987377	0	0	0	0	0	3
1445	413	0	0.564453125	8.91850046e-05	0.000581515167	8.91850046e-05	0.000760819587	0.000265189112	0	0	0	0	0	3
1450	414	0	0.56640625	8.23275588e-05	0.000579844799	8.23275588e-05	0.000760819587	0.00026065734	0	0	0	0	0	3
1455	415	0	0.568359375	7.57174574e-05	0.0005781486	7.57174574e-05	0.000760819587	0.000256370624	0	0	0	0	0	3
1460	416	0	0.5703125	6.94964074e-05	0.000576428113	6.94964074e-05	0.000760819587	0.000252309662	0	0	0	0	0	3
1465	416	0	0.572265625	6.37412205e-05	0.000574685165	6.37412205e-05	0.000760819587	0.000248457071	0	0	0	0	0	3
1470	417	0	0.57421875	5.84965405e-05	0.000572921749	5.84965405e-05	0.000760819587	0.000244797358	0	0	0	0	0	3
1475	418	0	0.576171875	5.38550683e-05	0.00057114024	5.38550683e-05	0.000760819587	0.000241316257	0	0	0	0	0	3
1480	419	0	0.578125	4.99796356e-05	0.000569343607	4.99796356e-05	0.000760819587	0.000238000973	0	0	0	0	0	3
1485	420	0	0.580078125	4.70750063e-05	0.000567535636	4.70750063e-05	0.000760819587	0.000234839983	0	0	0	0	0	3
1490	421	0	0.58203125	4.53399137e-05	0.000565720904	4.53399137e-05	0.000760819587	0.000231822827	0	0	0	0	0	3
1495	422	0	0.583984375	4.48135389e-05	0.000563904141	4.48135389e-05	0.000760819587	0.000228939954	0	0	0	0	0	3
1500	422	0	0.5859375	4.54365808e-05	0.000562089845	4.48135389e-05	0.000760819587	0.000226182648	0	0	0	0	0	3
1505	425	0	0.587890625	-0.000135152312	0.000559570165	-0.000135152312	0.000760819587	0.000223542926	0	0	0	0	0	3
1510	425	0	0.58984375	-0.000172047981	0.000556906406	-0.000172047981	0.000760819587	0.000221013506	0	0	0	0	0	3
1515	426	0	0.591796875	-0.000202597846	0.000554123371	-0.000202597846	0.000760819587	0.000218587682	0	0	0	0	0	3
1520	427	0	0.59375	-0.000222533786	0.00055126253	-0.000222533786	0.000760819587	0.000216259245	0	0	0	0	0	3
1525	428	0	0.595703125	-0.000231479525	0.000548366813	-0.000231479525	0.000760819587	0.000214022523	0	0	0	0	0	3
1530	429	0	0.59765625	-0.000231626832	0.000545470601	-0.000231626832	0.000760819587	0.000211872263	0	0	0	0	0	3
1535	430	0	0.599609375	-0.000225803302	0.000542597225	-0.000231626832	0.000760819587	0.000209803612	0	0	0	0	0	3
1540	431	0	0.6015625	-0.000217658771	0.000539755761	-0.000231626832	0.000760819587	0.000207812084	0	0	0	0	0	3
1545	431	0	0.603515625	-0.000210648057	0.000536941789	-0.000231626832	0.000760819587	0.000205893518	0	0	0	0	0	3
1550	432	0	0.60546875	-0.000206464377	0.000534144276	-0.000231626832	0.000760819587	0.000204044043	0	0	0	0	0	3
1555	433	0	0.607421875	-0.000205972678	0.000531348809	-0.000231626832	0.000760819587	0.000202260075	0	0	0	0	0	3
1560	434	0	0.609375	-0.000209281739	0.000528540552	-0.000231626832	0.000760819587	0.000200538261	0	0	0	0	0	3
1565	435	0	0.611328125	-0.000215471983	0.000525708259	-0.000231626832	0.000760819587	0.000198875484	0	0	0	0	0	3
1570	436	0	0.61328125	-0.000224075103	0.000522842515	-0.000231626832	0.000760819587	0.000197268822	0	0	0	0	0	3
1575	437	0	0.615234375	-0.000234964578	0.000519934395	-0.000234964578	0.000760819587	0.000195715547	0	0	0	0	0	3
1580	437	0	0.6171875	-0.000247714801	0.000516976639	-0.000247714801	0.000760819587	0.00019421311	0	0	0	0	0	3
1585	438	0	0.619140625	-0.00026170277	0.000513964419	-0.00026170277	0.000760819587	0.000192759119	0	0	0	0	0	3
1590	439	0	0.62109375	-0.000276092671	0.000510896174	-0.000276092671	0.000760819587	0.000191351339	0	0	0	0	0	3
1595	440	0	0.623046875	-0.000290341551	0.000507772462	-0.000290341551	0.000760819587	0.000189987659	0	0	0	0	0	3
1600	441	0	0.625	-0.000304174067	0.000504594916	-0.000304174067	0.000760819587	0.000188666105	0	0	0	0	0	3
1605	443	0	0.626953125	-0.000317589915	0.000501365171	-0.000317589915	0.000760819587	0.000187384813	0	0	0	0	0	3
1610	444	0	0.62890625	-0.000330661686	0.000498084577	-0.000330661686	0.000760819587	0.000184635818	0	0	0	0	0	3
1615	445	0	0.630859375	-0.000343423824	0.000494354263	-0.000343423824	0.000760819587	0.000181966852	0	0	0	0	0	3
1620	446	0	0.6328125	-0.000355362035	0.000490577408	-0.000355362035	0.000760819587	0.000179374555	0	0	0	0	0	3
1625	446	0	0.634765625	-0.000365640261	0.000486760518	-0.000365640261	0.000760819587	0.000176855717	0	0	0	0	0	3
1630	447	0	0.63671875	-0.000373796024	0.000482911889	-0.000373796024	0.000760819587	0.000174407269	0	0	0	0	0	3
1635	448	0	0.638671875	-0.000379830234	0.000479039809	-0.000379830234	0.000760819587	0.000172026382	0	0	0	0	0	3
1640	449	0	0.640625	-0.000384117499	0.000475151118	-0.000384117499	0.000760819587	0.000169710384	0	0	0	0	0	3
1645	450	0	0.642578125	-0.000387046649	0.000471251142	-0.000387046649	0.000760819587	0.00016745671	0	0	0	0	0	3
1650	451	0	0.64453125	-0.000388554749	0.000467345439	-0.000388554749	0.000760819587	0.000165262941	0	0	0	0	0	3
1655	452	0	0.646484375	-0.000388464907	0.000463440265	-0.000388554749	0.000760819587	0.000163126754	0	0	0	0	0	3
1660	453	0	0.6484375	-0.000386678315	0.000459542251	-0.000388554749	0.000760819587	0.000161046	0	0	0	0	0	3
1665	453	0	0.650390625	-0.000382859009	0.000455659357	-0.000388554749	0.000760819587	0.000159018588	0	0	0	0	0	3
1670	454	0	0.65234375	-0.000376660538	0.000451800881	-0.000388554749	0.000760819587	0.000160188976	0	0	0	0	0	3
1675	455	0	0.654296875	-0.000368772248	0.000447973431	-0.000388554749	0.000760819587	0.000164016426	0	0	0	0	0	3
1680	456	0	0.65625	-0.000357964618	0.000444188417	-0.000388554749	0.000760819587	0.000167801439	0	0	0	0	0	3
1685	457	0	0.658203125	-0.000344257571	0.000440457175	-0.000388554749	0.000760819587	0.000171532681	0	0	0	0	0	3
1690	458	0	0.66015625	-0.000331276265	0.000436776875	-0.000388554749	0.000760819587	0.000175212981	0	0	0	0	0	3
1695	458	0	0.662109375	-0.000314816292	0.000433161114	-0.000388554749	0.000760819587	0.000178828743	0	0	0	0	0	3
1700	459	0	0.6640625	-0.000300061526	0.000429603242	-0.000388554749	0.000760819587	0.000182386615	0	0	0	0	0	3
1705	461	0	0.666015625	-0.000286071787	0.000426100269	-0.000388554749	0.000760819587	0.000185889588	0	0	0	0	0	3
1710	462	0	0.66796875	-0.000272149281	0.000422651936	-0.000388554749	0.000760819587	0.00018933792	0	0	0	0	0	3
1715	463	0	0.669921875	-0.000262519618	0.000419241478	-0.000388554749	0.000760819587	0.000192748378	0	0	0	0	0	3
1720	464	0	0.671875	-0.000251741381	0.000415873386	-0.000388554749	0.000760819587	0.00019611647	0	0	0	0	0	3
1725	465	0	0.673828125	-0.000241776913	0.000412544486	-0.000388554749	0.000760819587	0.000199445371	0	0	0	0	0	3
1730	466	0	0.67578125	-0.000235918237	0.000409238745	-0.000388554749	0.000760819587	0.000202751111	0	0	0	0	0	3
1735	466	0	0.677734375	-0.000230251352	0.000405955415	-0.000388554749	0.000760819587	0.000206034442	0	0	0	0	0	3
1740	467	0	0.6796875	-0.000224803456	0.000402693642	-0.000388554749	0.000760819587	0.000209296215	0	0	0	0	0	3
1745	468	0	0.681640625	-0.000223025129	0.000399439096	-0.000388554749	0.000760819587	0.000212550761	0	0	0	0	0	3
1750	469	0	0.68359375	-0.000217824427	0.000396205146	-0.000388554749	0.000760819587	0.000215784711	0	0	0	0	0	3
1755	470	0	0.685546875	-0.000215678569	0.000392979861	-0.000388554749	0.000760819587	0.000219009995	0	0	0	0	0	3
1760	471	0	0.6875	-0.00021317534	0.000389764642	-0.000388554749	0.000760819587	0.000222225215	0	0	0	0	0	3
1765	472	0	0.689453125	-0.000211018853	0.000386558131	-0.000388554749	0.000760819587	0.000225431726	0	0	0	0	0	3
1770	472	0	0.69140625	-0.00020812825	0.000383363199	-0.000388554749	0.000760819587	0.000228626658	0	0	0	0	0	3
1775	473	0	0.693359375	-0.000207361002	0.000380171551	-0.000388554749	0.000760819587	0.000231818305	0	0	0	0	0	3
1780	474	0	0.6953125	-0.000206304718	0.000376984319	-0.000388554749	0.000760819587	0.000235005537	0	0	0	0	0	3
1785	475	0	0.697265625	-0.000204540689	0.000373534216	-0.000388554749	0.000760819587	0.00023845564	0	0	0	0	0	3
1790	476	0	0.69921875	-0.000202326901	0.000370092952	-0.000388554749	0.000760819587	0.000241896904	0	0	0	0	0	3
1795	477	0	0.701171875	-0.000197891848	0.000366669205	-0.000388554749	0.000760819587	0.000245320651	0	0	0	0	0	3
1800	478	0	0.703125	-0.0001951176	0.000363256499	-0.000388554749	0.000760819587	0.000248733357	0	0	0	0	0	3
1805	479	0	0.705078125	-0.000190326018	0.000359862743	-0.000388554749	0.000760819587	0.000252127113	0	0	0	0	0	3
1810	480	0	0.70703125	-0.000186937592	0.000356482487	-0.000388554749	0.000760819587	0.000255507369	0	0	0	0	0	3
1815	481	0	0.708984375	-0.000177099934	0.000353140944	-0.000388554749	0.000760819587	0.000258848912	0	0	0	0	0	3
1820	482	0	0.7109375	-0.000171646003	0.000349820992	-0.000388554749	0.000760819587	0.000262168865	0	0	0	0	0	3
1825	483	0	0.712890625	-0.000162539364	0.000346536901	-0.000388554749	0.000760819587	0.000265452955	0	0	0	0	0	3
1830	484	0	0.71484375	-0.000152993255	0.000343290388	-0.000388554749	0.000760819587	0.000268699468	0	0	0	0	0	3
1835	485	0	0.716796875	-0.000142386283	0.000340085605	-0.000388554749	0.000760819587	0.000271904252	0	0	0	0	0	3
1840	485	0	0.71875	-0.000128319102	0.000336936066	-0.000388554749	0.000760819587	0.00027505379	0	0	0	0	0	3
1845	486	0	0.720703125	-0.000117166568	0.000333830389	-0.000388554749	0.000760819587	0.000278159468	0	0	0	0	0	3
1850	487	0	0.72265625	-0.000106966696	0.000330764853	-0.000388554749	0.000760819587	0.000281225004	0	0	0	0	0	3
1855	488	0	0.724609375	-9.46843789e-05	0.000327747592	-0.000388554749	0.000760819587	0.000284242264	0	0	0	0	0	3
1860	489	0	0.7265625	-8.39464813e-05	0.000324772572	-0.000388554749	0.000760819587	0.000287217285	0	0	0	0	0	3
1865	490	0	0.728515625	-7.12016739e-05	0.000321847633	-0.000388554749	0.000760819587	0.000290142223	0	0	0	0	0	3
1870	491	0	0.73046875	-6.40068995e-05	0.000318951097	-0.000388554749	0.000760819587	0.00029303876	0	0	0	0	0	3
1875	491	0	0.732421875	-5.39779677e-05	0.000316094033	-0.000388554749	0.000760819587	0.000295895824	0	0	0	0	0	3
1880	492	0	0.734375	-4.60176215e-05	0.00031326836	-0.000388554749	0.000760819587	0.000298721496	0	0	0	0	0	3
1885	493	0	0.736328125	-3.83380853e-05	0.000310472981	-0.000388554749	0.000760819587	0.000301516875	0	0	0	0	0	3
1890	494	0	0.73828125	-3.06158073e-05	0.000307708061	-0.000388554749	0.000760819587	0.000304281796	0	0	0	0	0	3
1895	495	0	0.740234375	-2.6660569e-05	0.000304958884	-0.000388554749	0.000760819587	0.000307030972	0	0	0	0	0	3
1900	496	0	0.7421875	-2.19636401e-05	0.000302228345	-0.000388554749	0.000760819587	0.000309761511	0	0	0	0	0	3
1905	498	0	0.744140625	-1.31626796e-05	0.000299532475	-0.000388554749	0.000760819587	0.000312457382	0	0	0	0	0	3
1910	498	0	0.74609375	-1.23303542e-05	0.000296840144	-0.000388554749	0.000760819587	0.000315149713	0	0	0	0	0	3
1915	499	0	0.748046875	-7.71299465e-06	0.000294166135	-0.000388554749	0.000760819587	0.000317823722	0	0	0	0	0	3
1920	500	0	0.75	-3.51203073e-06	0.00029150882	-0.000388554749	0.000760819587	0.000320481037	0	0	0	0	0	3
1925	501	0	0.751953125	-4.91454617e-06	0.000288846308	-0.000388554749	0.000760819587	0.000323143549	0	0	0	0	0	3
1930	502	0	0.75390625	-5.03815793e-06	0.000286183594	-0.000388554749	0.000760819587	0.000325806263	0	0	0	0	0	3
1935	503	0	0.755859375	-2.02452785e-06	0.000283532928	-0.000388554749	0.000760819587	0.000328456928	0	0	0	0	0	3
1940	504	0	0.7578125	-1.30581112e-06	0.000280885345	-0.000388554749	0.000760819587	0.000331104511	0	0	0	0	0	3
1945	505	0	0.759765625	-1.58178926e-06	0.000278236956	-0.000388554749	0.000760819587	0.0003337529	0	0	0	0	0	3
1950	505	0	0.76171875	-4.92333235e-06	0.000275382027	-0.000388554749	0.000760819587	0.00033660783	0	0	0	0	0	3
1955	506	0	0.763671875	7.78148521e-07	0.000272549624	-0.000388554749	0.000760819587	0.000339440232	0	0	0	0	0	3
1960	507	0	0.765625	-2.98907567e-07	0.000269713221	-0.000388554749	0.000760819587	0.000342276636	0	0	0	0	0	3
1965	508	0	0.767578125	-9.62520029e-07	0.000266874445	-0.000388554749	0.000760819587	0.000345115412	0	0	0	0	0	3
1970	509	0	0.76953125	2.54861859e-07	0.000264040662	-0.000388554749	0.000760819587	0.000347949194	0	0	0	0	0	3
1975	510	0	0.771484375	5.14195991e-06	0.000261226235	-0.000388554749	0.000760819587	0.000350763621	0	0	0	0	0	3
1980	511	0	0.7734375	1.08700476e-05	0.000258434467	-0.000388554749	0.000760819587	0.00035355539	0	0	0	0	0	3
1985	512	0	0.775390625	1.65097773e-05	0.000255665014	-0.000388554749	0.000760819587	0.000356324843	0	0	0	0	0	3
1990	513	0	0.77734375	2.18247647e-05	0.000252916605	-0.000388554749	0.000760819587	0.000359073251	0	0	0	0	0	3
1995	513	0	0.779296875	2.67489907e-05	0.00025018772	-0.000388554749	0.000760819587	0.000361802137	0	0	0	0	0	3
2000	514	0	0.78125	3.12548591e-05	0.000247476722	-0.000388554749	0.000760819587	0.000364513134	0	0	0	0	0	3
2005	516	0	0.783203125	0.000118611848	0.00024510725	-0.000388554749	0.000760819587	0.000366882606	0	0	0	0	0	3
2010	517	0	0.78515625	0.000122362288	0.000242752717	-0.000388554749	0.000760819587	0.00036923714	0	0	0	0	0	3
2015	518	0	0.787109375	0.000125394077	0.000240410312	-0.000388554749	0.000760819587	0.000371579544	0	0	0	0	0	3
2020	519	0	0.7890625	0.000127957113	0.000238078204	-0.000388554749	0.000760819587	0.000373911652	0	0	0	0	0	3
2025	520	0	0.791015625	0.000129966709	0.00023575423	-0.000388554749	0.000760819587	0.000376235626	0	0	0	0	0	3
2030	521	0	0.79296875	0.000131424245	0.00023343623	-0.000388554749	0.000760819587	0.000378553627	0	0	0	0	0	3
2035	521	0	0.794921875	0.000132117648	0.000231121215	-0.000388554749	0.000760819587	0.000380868642	0	0	0	0	0	3
2040	522	0	0.796875	0.000131997016	0.000228805996	-0.000388554749	0.000760819587	0.00038318386	0	0	0	0	0	3
2045	523	0	0.798828125	0.000131202699	0.000226487934	-0.000388554749	0.000760819587	0.000385501922	0	0	0	0	0	3
2050	524	0	0.80078125	0.000130272445	0.000224166481	-0.000388554749	0.000760819587	0.000387823375	0	0	0	0	0	3
2055	525	0	0.802734375	0.000129495942	0.000221842216	-0.000388554749	0.000760819587	0.00039014764	0	0	0	0	0	3
2060	526	0	0.8046875	0.000128857626	0.000219515651	-0.000388554749	0.000760819587	0.000392474206	0	0	0	0	0	3
2065	527	0	0.806640625	0.000128326778	0.000217187173	-0.000388554749	0.000760819587	0.000394802683	0	0	0	0	0	3
2070	528	0	0.80859375	0.000127950878	0.000214857359	-0.000388554749	0.000760819587	0.000397132498	0	0	0	0	0	3
2075	529	0	0.810546875	0.000127830257	0.000212527187	-0.000388554749	0.000760819587	0.00039946267	0	0	0	0	0	3
2080	529	0	0.8125	0.000128064275	0.00021019803	-0.000388554749	0.000760819587	0.000401791827	0	0	0	0	0	3
2085	530	0	0.814453125	0.000128642666	0.000207871221	-0.000388554749	0.000760819587	0.000404118636	0	0	0	0	0	3
2090	531	0	0.81640625	0.000129531011	0.000205547952	-0.000388554749	0.000760819587	0.000406441905	0	0	0	0	0	3
2095	532	0	0.818359375	0.000130717423	0.000203229369	-0.000388554749	0.000760819587	0.000408760487	0	0	0	0	0	3
2100	533	0	0.8203125	0.000132205789	0.000200916639	-0.000388554749	0.000760819587	0.000411073218	0	0	0	0	0	3
2105	535	0	0.822265625	0.000134010257	0.000198610991	-0.000388554749	0.000760819587	0.000413378866	0	0	0	0	0	3
2110	536	0	0.82421875	0.000136101108	0.000196313544	-0.000388554749	0.000760819587	0.000415676312	0	0	0	0	0	3
2115	537	0	0.826171875	0.000138489243	0.000194025477	-0.000388554749	0.000760819587	0.00041796438	0	0	0	0	0	3
2120	537	0	0.828125	0.000141186964	0.000191605037	-0.000388554749	0.000760798645	0.00042038482	0	0	0	0	0	3
2125	538	0	0.830078125	0.000144202105	0.000189196457	-0.000388554749	0.000760753439	0.0004227934	0	0	0	0	0	3
2130	539	0	0.83203125	0.000147517433	0.000186801003	-0.000388554749	0.000760678292	0.000425188853	0	0	0	0	0	3
2135	540	0	0.833984375	0.000151100505	0.00018441984	-0.000388554749	0.000760571536	0.000427570016	0	0	0	0	0	3
2140	541	0	0.8359375	0.000154924935	0.000182054033	-0.000388554749	0.000760431661	0.000429935823	0	0	0	0	0	3
2145	542	0	0.837890625	0.000158905536	0.000179704322	-0.000388554749	0.00076025533	0.000432285535	0	0	0	0	0	3
2150	543	0	0.83984375	0.000162866351	0.000177370771	-0.000388554749	0.000760043364	0.000434619085	0	0	0	0	0	3
2155	544	0	0.841796875	0.000166621229	0.000175052716	-0.000388554749	0.000759796288	0.000436937141	0	0	0	0	0	3
2160	545	0	0.84375	0.000170027008	0.00017274893	-0.000388554749	0.000759513849	0.000439240927	0	0	0	0	0	3
2165	546	0	0.845703125	0.000172963433	0.000170457717	-0.000388554749	0.000759194824	0.000441532139	0	0	0	0	0	3
2170	547	0	0.84765625	0.000175316958	0.000168176944	-0.000388554749	0.000758838146	0.000443812912	0	0	0	0	0	3
2175	548	0	0.849609375	0.000258554006	0.000166222709	-0.000388554749	0.0007584418	0.000445767147	0	0	0	0	0	3
2180	548	0	0.8515625	0.000260112477	0.00016427611	-0.000388554749	0.000757999302	0.000447713746	0	0	0	0	0	3
2185	549	0	0.853515625	0.000260670827	0.000162333421	-0.000388554749	0.000757500784	0.000449656436	0	0	0	0	0	3
2190	550	0	0.85546875	0.000260656397	0.000160392623	-0.000388554749	0.000756938833	0.000451597234	0	0	0	0	0	3
2195	551	0	0.857421875	0.000260306169	0.000158452651	-0.000388554749	0.00075631325	0.000453537205	0	0	0	0	0	3
2200	552	0	0.859375	0.000259437918	0.000156511732	-0.000388554749	0.000755628767	0.000455478125	0	0	0	0	0	3
2205	554	0	0.861328125	0.00025799239	0.00015456784	-0.000388554749	0.000754888569	0.000457422017	0	0	0	0	0	3
2210	555	0	0.86328125	0.000256134103	0.00015261958	-0.000388554749	0.000754094835	0.000459370276	0	0	0	0	0	3
2215	556	0	0.865234375	0.000254237551	0.000150667013	-0.000388554749	0.000753247625	0.000461322844	0	0	0	0	0	3
2220	556	0	0.8671875	0.000252475267	0.000148710871	-0.000388554749	0.00075234579	0.000463278986	0	0	0	0	0	3
2225	557	0	0.869140625	0.000250988062	0.000146752442	-0.000388554749	0.000751386286	0.000465237414	0	0	0	0	0	3
2230	558	0	0.87109375	0.000249904727	0.00014479353	-0.000388554749	0.000750364263	0.000467196327	0	0	0	0	0	3
2235	559	0	0.873046875	0.000249339582	0.000142836402	-0.000388554749	0.000749273139	0.000469153454	0	0	0	0	0	3
2240	560	0	0.875	0.000249338039	0.000140883531	-0.000388554749	0.000748105147	0.000471106326	0	0	0	0	0	3
2245	561	0	0.876953125	0.000249825717	0.000138937127	-0.000388554749	0.000746850658	0.00047305273	0	0	0	0	0	3
2250	562	0	0.87890625	0.000250688901	0.000136998995	-0.000388554749	0.00074549667	0.000474990862	0	0	0	0	0	3
2255	563	0	0.880859375	0.000251836045	0.000135070633	-0.000388554749	0.000744024765	0.000476919224	0	0	0	0	0	3
2260	564	0	0.8828125	0.000253235187	0.000133153486	-0.000388554749	0.000742405165	0.00047883637	0	0	0	0	0	3
2265	564	0	0.884765625	0.000254884757	0.000131249109	-0.000388554749	0.000741249792	0.000480740747	0	0	0	0	0	3
2270	565	0	0.88671875	0.00025680936	0.000129359337	-0.000388554749	0.000741249792	0.000482630519	0	0	0	0	0	3
2275	566	0	0.888671875	0.000259004019	0.000127486261	-0.000388554749	0.000741249792	0.000484503596	0	0	0	0	0	3
2280	567	0	0.890625	0.000261450362	0.000125632196	-0.000388554749	0.000741249792	0.000486357661	0	0	0	0	0	3
2285	568	0	0.892578125	0.000264155316	0.000123768545	-0.000388554749	0.000738072196	0.000488221311	0	0	0	0	0	3
2290	569	0	0.89453125	0.000267094497	0.000121928789	-0.000388554749	0.000734532387	0.000490061068	0	0	0	0	0	3
2295	570	0	0.896484375	0.000270199039	0.000120114987	-0.000388554749	0.000730667663	0.00049187487	0	0	0	0	0	3
2300	571	0	0.8984375	0.000273379731	0.000118328706	-0.000388554749	0.00072652967	0.000493661151	0	0	0	0	0	3
2305	573	0	0.900390625	0.000276543126	0.000116570946	-0.000388554749	0.000722164021	0.000495418911	0	0	0	0	0	3
2310	574	0	0.90234375	0.000279590498	0.000114842143	-0.000388554749	0.00071761035	0.000497147714	0	0	0	0	0	3
2315	575	0	0.904296875	0.00028242707	0.000113142208	-0.000388554749	0.000712904947	0.000498847648	0	0	0	0	0	3
2320	575	0	0.90625	0.000284960185	0.000111470549	-0.000388554749	0.000708078615	0.000500519308	0	0	0	0	0	3
2325	576	0	0.908203125	0.000287070046	0.000109825984	-0.000388554749	0.000703166019	0.000502163872	0	0	0	0	0	3
2330	577	0	0.91015625	0.0002886422	0.000108206751	-0.000388554749	0.000698202387	0.000503783106	0	0	0	0	0	3
2335	578	0	0.912109375	0.000289637802	0.000106610795	-0.000388554749	0.00069322028	0.000505379061	0	0	0	0	0	3
2340	579	0	0.9140625	0.000357022387	0.000105297522	-0.000388554749	0.000688245866	0.000506692334	0	0	0	0	0	3
2345	580	0	0.916015625	0.000357368023	0.000104005031	-0.000388554749	0.000683298898	0.000507984826	0	0	0	0	0	3
2350	581	0	0.91796875	0.000357191461	0.000102731173	-0.000388554749	0.000678393608	0.000509258683	0	0	0	0	0	3
2355	582	0	0.919921875	0.000356274217	0.000101472895	-0.000388554749	0.000673536001	0.000510516962	0	0	0	0	0	3
2360	582	0	0.921875	0.000354828361	0.000100227943	-0.000388554749	0.0006687175	0.000511761914	0	0	0	0	0	3
2365	583	0	0.923828125	0.000352792935	9.89938625e-05	-0.000388554749	0.000663913805	0.000512995994	0	0	0	0	0	3
2370	584	0	0.92578125	0.000350094641	9.77680063e-05	-0.000388554749	0.000659095852	0.00051422185	0	0	0	0	0	3
2375	585	0	0.927734375	0.000347052999	9.6549089e-05	-0.000388554749	0.000654245041	0.000515440768	0	0	0	0	0	3
2380	586	0	0.9296875	0.000343905142	9.53368237e-05	-0.000388554749	0.000649358017	0.000516653033	0	0	0	0	0	3
2385	587	0	0.931640625	0.000340899313	9.41319069e-05	-0.000388554749	0.000644444429	0.00051785795	0	0	0	0	0	3
2390	588	0	0.93359375	0.000338238841	9.29357913e-05	-0.000388554749	0.00063952116	0.000519054065	0	0	0	0	0	3
2395	589	0	0.935546875	0.000336070789	9.17504383e-05	-0.000388554749	0.000634606877	0.000520239418	0	0	0	0	0	3
2400	589	0	0.9375	0.000334469927	9.05780284e-05	-0.000388554749	0.000629716068	0.000521411828	0	0	0	0	0	3
2405	591	0	0.939453125	0.000333446152	8.9420724e-05	-0.000388554749	0.000624858629	0.000522569132	0	0	0	0	0	3
2410	592	0	0.94140625	0.000332955431	8.82804771e-05	-0.000388554749	0.000620042727	0.000523709379	0	0	0	0	0	3
2415	593	0	0.943359375	0.000332919296	8.71589012e-05	-0.000388554749	0.000615279151	0.000524830955	0	0	0	0	0	3
2420	594	0	0.9453125	0.000333269644	8.60573016e-05	-0.000388554749	0.000610585071	0.000525926447	0	0	0	0	0	3
2425	595	0	0.947265625	0.000333965274	8.49767555e-05	-0.000388554749	0.000605986888	0.000526981033	0	0	0	0	0	3
2430	596	0	0.94921875	0.000334976849	8.39181226e-05	-0.000388554749	0.000601520963	0.000527994679	0	0	0	0	0	3
2435	597	0	0.951171875	0.000336272413	8.28819954e-05	-0.000388554749	0.000597234284	0.000528967809	0	0	0	0	0	3
2440	597	0	0.953125	0.000337781136	8.18685065e-05	-0.000388554749	0.000593182445	0.000529901522	0	0	0	0	0	3
2445	598	0	0.955078125	0.000339339308	8.08769318e-05	-0.000388554749	0.000469830168	0.000530289098	0	0	0	0	0	3
2450	599	0	0.95703125	0.000340870862	8.03731845e-05	-0.000388554749	0.000465878071	0.000530177218	0	0	0	0	0	3
2455	600	0	0.958984375	0.000342342847	7.9890625e-05	-0.000388554749	0.000462333353	0.000530034389	0	0	0	0	0	3
2460	601	0	0.9609375	0.000343740625	7.94273722e-05	-0.000388554749	0.000459859103	0.000529867113	0	0	0	0	0	3
2465	602	0	0.962890625	0.00034505815	7.8978931e-05	-0.000388554749	0.000457130929	0.000529678887	0	0	0	0	0	3
2470	603	0	0.96484375	0.000346289892	7.85459582e-05	-0.000388554749	0.000454222574	0.000529468379	0	0	0	0	0	3
2475	604	0	0.966796875	0.000347423829	7.81287756e-05	-0.000388554749	0.000452007141	0.000529238229	0	0	0	0	0	3
2480	605	0	0.96875	0.000348427207	7.77241664e-05	-0.000388554749	0.000450491883	0.000528994594	0	0	0	0	0	3
2485	605	0	0.970703125	0.000349244925	7.73286705e-05	-0.000388554749	0.00044929343	0.000528742249	0	0	0	0	0	3
2490	606	0	0.97265625	0.000349791372	7.69399906e-05	-0.000388554749	0.00044826487	0.000528484183	0	0	0	0	0	3
2495	607	0	0.974609375	0.000350006852	7.65561702e-05	-0.000388554749	0.000447300434	0.0005282226	0	0	0	0	0	3
2500	608	0	0.9765625	0.000349918508	7.61757721e-05	-0.000388554749	0.000446280739	0.000527958697	0	0	0	0	0	3
2505	610	0	0.978515625	0.000349567834	7.57979873e-05	-0.000388554749	0.000445004854	0.000527692233	0	0	0	0	0	3
2510	611	0	0.98046875	0.000387182225	7.55721176e-05	-0.000388554749	0.000443296651	0.000527272161	0	0	0	0	0	3
2515	612	0	0.982421875	0.000386561225	7.53504949e-05	-0.000388554749	0.000441005282	0.000526843827	0	0	0	0	0	3
2520	613	0	0.984375	0.000385294942	7.51328764e-05	-0.000388554749	0.000438032619	0.000526404799	0	0	0	0	0	3
2525	614	0	0.986328125	0.000383478405	7.4919774e-05	-0.000388554749	0.000434201246	0.000525951223	0	0	0	0	0	3
2530	615	0	0.98828125	0.00038114643	7.47125286e-05	-0.000388554749	0.000429436335	0.000525478172	0	0	0	0	0	3
2535	615	0	0.990234375	0.000378312074	7.45128244e-05	-0.000388554749	0.000423825949	0.000524980782	0	0	0	0	0	3
2540	616	0	0.9921875	0.000375165632	7.43227451e-05	-0.000388554749	0.000417571697	0.000524454633	0	0	0	0	0	3
2545	617	0	0.994140625	0.000371840575	7.41441079e-05	-0.000388554749	0.000410920441	0.000524508818	0	0	0	0	0	3
2550	618	0	0.99609375	0.000368543711	7.39785738e-05	-0.000388554749	0.0004041246	0.000524674352	0	0	0	0	0	3
2555	619	0	0.998046875	0.0003654838	7.38276332e-05	-0.000388554749	0.000397427476	0.000524825293	0	0	0	0	0	3
2560	620	0	1	0.000362805172	7.36923898e-05	-0.000388554749	0.000391039487	0.000524960536	3.44812301e-05	0	6.5	0	0	3
2565	621	0	1.00195312	0.00036060194	7.35734931e-05	-0.000388554749	0.000387182225	0.000525079433	3.44812301e-05	0	6.5	0	0	3
2570	622	0	1.00390625	0.00035891791	7.34712773e-05	-0.000388554749	0.000387182225	0.000525181649	3.44812301e-05	0	6.5	0	0	3
2575	623	0	1.00585938	0.000357716056	7.3385559e-05	-0.000388554749	0.000387182225	0.000525267367	3.44812301e-05	0	6.5	0	0	3
2580	623	0	1.0078125	0.000356935579	7.33157898e-05	-0.000388554749	0.000387182225	0.000525337136	3.44812301e-05	0	6.5	0	0	3
2585	624	0	1.00976562	0.000356479517	7.32611099e-05	-0.000388554749	0.000387182225	0.000525391816	3.44812301e-05	0	6.5	0	0	3
2590	625	0	1.01171875	0.000356268549	7.32204994e-05	-0.000388554749	0.000387182225	0.000525432427	3.44812301e-05	0	6.5	0	0	3
2595	626	0	1.01367188	0.00035623954	7.31928954e-05	-0.000388554749	0.000387182225	0.000525460031	3.44812301e-05	0	6.5	0	0	3
2600	627	0	1.015625	0.000356337458	7.31772733e-05	-0.000388554749	0.000387182225	0.000525475653	3.44812301e-05	0	6.5	0	0	3
2605	629	0	1.01757812	0.000356542163	7.3172824e-05	-0.000388554749	0.000387182225	0.000525480102	3.44812301e-05	0	6.5	0	0	3
2610	630	0	1.01953125	0.000356823588	7.31789215e-05	-0.000388554749	0.000387182225	0.000525480102	3.44812301e-05	0	6.5	0	0	3
2615	631	0	1.02148438	0.000357111748	7.31949573e-05	-0.000388554749	0.000387182225	0.000524828671	3.44812301e-05	0	6.5	0	0	3
2620	632	0	1.0234375	0.000357360405	7.39063317e-05	-0.000388554749	0.000387182225	0.000524166005	3.44812301e-05	0	6.5	0	0	3
2625	633	0	1.02539062	0.000357546655	7.46296683e-05	-0.000388554749	0.000387182225	0.000523494171	3.44812301e-05	0	6.5	0	0	3
2630	634	0	1.02734375	0.000357657453	7.53626052e-05	-0.000388554749	0.000387182225	0.000522813644	3.44812301e-05	0	6.5	0	0	3
2635	635	0	1.02929688	0.000357679013	7.61043184e-05	-0.000388554749	0.000387182225	0.000522124333	3.44812301e-05	0	6.6	0	0	3
2640	636	0	1.03125	0.000357602318	7.68545155e-05	-0.000388554749	0.000387182225	0.00052142586	3.44812301e-05	0	6.6	0	0	3
2645	637	0	1.03320312	0.000357417999	7.76131551e-05	-0.000388554749	0.000387182225	0.000520718519	3.44812301e-05	0	6.6	0	0	3
2650	637	0	1.03515625	0.000357117762	7.83794894e-05	-0.000388554749	0.000387182225	0.000520004423	3.44812301e-05	0	6.6	0	0	3
2655	638	0	1.03710938	0.000356682052	7.91508752e-05	-0.000388554749	0.000387182225	0.000519283565	3.44812301e-05	0	6.6	0	0	3
2660	639	0	1.0390625	0.000356092128	7.99267186e-05	-0.000388554749	0.000387182225	0.000518553982	3.44812301e-05	0	6.6	0	0	3
2665	640	0	1.04101562	0.000355317482	8.07082606e-05	-0.000388554749	0.000387182225	0.000517813273	3.44812301e-05	0	6.6	0	0	3
2670	641	0	1.04296875	0.000354307811	8.14969892e-05	-0.000388554749	0.000387182225	0.000517059422	3.44812301e-05	0	6.6	0	0	3
2675	642	0	1.04492188	0.000355568002	8.2303789e-05	-0.000388554749	0.000387182225	0.000516290275	3.44812301e-05	0	6.6	0	0	3
2680	643	0	1.046875	0.000353908992	8.31194145e-05	-0.000388554749	0.000387182225	0.00051550318	3.44812301e-05	0	6.6	0	0	3
2685	644	0	1.04882812	0.000351840093	8.39449204e-05	-0.000388554749	0.000387182225	0.000514695416	3.44812301e-05	0	6.6	0	0	3
2690	645	0	1.05078125	0.000349399064	8.47815776e-05	-0.000388554749	0.000387182225	0.000513864734	3.44812301e-05	0	6.7	0	0	3
2695	646	0	1.05273438	0.000346665585	8.56304977e-05	-0.000388554749	0.000387182225	0.000513009727	3.44812301e-05	0	6.7	0	0	3
2700	646	0	1.0546875	0.000343744068	8.64923566e-05	-0.000388554749	0.000387182225	0.000512129406	3.44812301e-05	0	6.7	0	0	3
2705	649	0	1.05664062	0.000340748437	8.73678584e-05	-0.000388554749	0.000387182225	0.000511222964	3.44812301e-05	0	6.7	0	0	3
2710	649	0	1.05859375	0.000337790812	8.82579659e-05	-0.000388554749	0.000387182225	0.000510289831	3.44812301e-05	0	6.7	0	0	3
2715	650	0	1.06054688	0.000334976805	8.91638137e-05	-0.000388554749	0.000387182225	0.000509329649	3.44812301e-05	0	6.7	0	0	3
2720	651	0	1.0625	0.000332384704	9.00866328e-05	-0.000388554749	0.000387182225	0.000508342343	3.44812301e-05	0	6.7	0	0	3
2725	652	0	1.06445312	0.000330067107	9.10275785e-05	-0.000388554749	0.000387182225	0.000506671975	3.44812301e-05	0	6.8	0	0	3
2730	653	0	1.06640625	0.000328049213	9.19874287e-05	-0.000388554749	0.000387182225	0.000504975776	3.44812301e-05	0	6.8	0	0	3
2735	654	0	1.06835938	0.000326331263	9.29663889e-05	-0.000388554749	0.000387182225	0.000503255289	3.44812301e-05	0	6.8	0	0	3
2740	655	0	1.0703125	0.000324890194	9.39640209e-05	-0.000388554749	0.000387182225	0.000501512342	3.44812301e-05	0	6.8	0	0	3
2745	656	0	1.07226562	0.000323679828	9.49794061e-05	-0.000388554749	0.000387182225	0.000499748925	3.44812301e-05	0	6.8	0	0	3
2750	657	0	1.07421875	0.000322640674	9.60112191e-05	-0.000388554749	0.000387182225	0.000497967416	3.44812301e-05	0	6.9	0	0	3
2755	658	0	1.07617188	0.000321711294	9.70575325e-05	-0.000388554749	0.000387182225	0.000496170783	3.44812301e-05	0	6.9	0	0	3
2760	659	0	1.078125	0.000320833772	9.81155565e-05	-0.000388554749	0.000387182225	0.000494362812	3.44812301e-05	0	6.9	0	0	3
2765	659	0	1.08007812	0.000319956203	9.91814986e-05	-0.000388554749	0.000387182225	0.00049254808	3.44812301e-05	0	7	0	0	3
2770	660	0	1.08203125	0.000319033457	0.000100250614	-0.000388554749	0.000387182225	0.000490731317	3.44812301e-05	0	7	0	0	3
2775	661	0	1.08398438	0.000318034234	0.000101317882	-0.000388554749	0.000387182225	0.000488917021	3.44812301e-05	0	7	0	0	3
2780	662	0	1.0859375	0.000316939678	0.000102378441	-0.000388554749	0.000387182225	0.000486397341	3.44812301e-05	0	7	0	0	3
2785	663	0	1.08789062	0.000315758536	0.000104139812	-0.000388554749	0.000387182225	0.000483733582	3.44812301e-05	0	7.1	0	0	3
2790	664	0	1.08984375	0.000314523701	0.000106040482	-0.000388554749	0.000387182225	0.000480950547	3.44812301e-05	0	7.1	0	0	3
2795	665	0	1.09179688	0.000313267282	0.000108055581	-0.000388554749	0.000387182225	0.000478089706	3.44812301e-05	0	7.2	0	0	3
2800	666	0	1.09375	0.000312009726	0.000110143641	-0.000388554749	0.000387182225	0.000475193989	3.44812301e-05	0	7.2	0	0	3
2805	668	0	1.09570312	0.000310757101	0.000112261753	-0.000388554749	0.000387182225	0.000472297777	3.44812301e-05	0	7.3	0	0	3
2810	669	0	1.09765625	0.000309503112	0.000114375542	-0.000388554749	0.000387182225	0.000469424401	3.44812301e-05	0	7.3	0	0	3
2815	670	0	1.09960938	0.000308233598	0.000116461624	-0.000388554749	0.000387182225	0.000466582937	3.44812301e-05	0	7.3	0	0	3
2820	671	0	1.1015625	0.000306930487	0.0001185108	-0.000388554749	0.000387182225	0.000463768965	3.44812301e-05	0	7.4	0	0	3
2825	672	0	1.10351562	0.000305571426	0.000120527283	-0.000388554749	0.000387182225	0.000460971452	3.44812301e-05	0	7.4	0	0	3
2830	672	0	1.10546875	0.000304133485	0.000122521806	-0.000388554749	0.000387182225	0.000458175985	3.44812301e-05	0	7.5	0	0	3
2835	673	0	1.10742188	0.000302603586	0.000124508432	-0.000388554749	0.000387182225	0.000455367728	3.44812301e-05	0	7.5	0	0	3
2840	674	0	1.109375	0.000266658334	0.000126367573	-0.000388554749	0.000387182225	0.000452535435	3.44812301e-05	0	7.6	0	0	3
2845	675	0	1.11132812	0.000264773094	0.00012824353	-0.000388554749	0.000387182225	0.000449669691	3.44812301e-05	0	7.6	0	0	3
2850	676	0	1.11328125	0.000262925165	0.000130145875	-0.000388554749	0.000387182225	0.000446761571	3.44812301e-05	0	7.7	0	0	3
2855	677	0	1.11523438	0.000261321401	0.000132084492	-0.000388554749	0.000387182225	0.000443803815	3.44812301e-05	0	7.7	0	0	3
2860	678	0	1.1171875	0.000259457825	0.000134065635	-0.000388554749	0.000387182225	0.000440791595	3.44812301e-05	0	7.8	0	0	3
2865	679	0	1.11914062	0.000257357944	0.000136093216	-0.000388554749	0.000387182225	0.00043772335	3.44812301e-05	0	7.8	0	0	3
2870	680	0	1.12109375	0.000255385809	0.000138169304	-0.000388554749	0.000387182225	0.000434599638	3.44812301e-05	0	7.9	0	0	3
2875	681	0	1.12304688	0.00025363466	0.000140294211	-0.000388554749	0.000387182225	0.000431422092	3.44812301e-05	0	7.9	0	0	3
2880	681	0	1.125	0.000252022982	0.000142466855	-0.000388554749	0.000387182225	0.000428192347	3.44812301e-05	0	8	0	0	3
2885	682	0	1.12695312	0.000250470487	0.000144685841	-0.000388554749	0.000387182225	0.000424911753	3.44812301e-05	0	8.1	0	0	3
2890	683	0	1.12890625	0.000248949903	0.000146949949	-0.000388554749	0.000387182225	0.000421181439	3.44812301e-05	0	8.1	0	0	3
2895	684	0	1.13085938	0.000247452394	0.000149258059	-0.000388554749	0.000387182225	0.000417404584	3.44812301e-05	0	8.2	0	0	3
2900	685	0	1.1328125	0.000245953087	0.000151606946	-0.000388554749	0.000387182225	0.000413587694	3.44812301e-05	0	8.3	0	0	3
2905	687	0	1.13476562	0.000244422433	0.000153990004	-0.000388554749	0.000387182225	0.000409739065	3.44812301e-05	0	8.4	0	0	3
2910	688	0	1.13671875	0.000242840928	0.000156398742	-0.000388554749	0.000387182225	0.000405866985	3.44812301e-05	0	8.4	0	0	3
2915	689	0	1.13867188	0.000241191966	0.00015882461	-0.000388554749	0.000387182225	0.000401978294	3.44812301e-05	0	8.5	0	0	3
2920	690	0	1.140625	0.000239462984	0.000161260471	-0.000388554749	0.000387182225	0.000398078318	3.44812301e-05	0	8.6	0	0	3
2925	691	0	1.14257812	0.000237650466	0.000163700694	-0.000388554749	0.000387182225	0.000394172615	3.44812301e-05	0	8.7	0	0	3
2930	692	0	1.14453125	0.000235755476	0.000166139406	-0.000388464907	0.000387182225	0.000390267441	3.44812301e-05	0	8.8	0	0	3
2935	693	0	1.14648438	0.000233775607	0.000168570033	-0.000386678315	0.000387182225	0.000386369427	3.44812301e-05	0	8.9	0	0	3
2940	693	0	1.1484375	0.000231710667	0.000170985615	-0.000382859009	0.000387182225	0.000382486533	3.44812301e-05	0	9	0	0	3
2945	694	0	1.15039062	0.000229573002	0.000173377928	-0.000376660538	0.000387182225	0.000378628057	3.44812301e-05	0	9.1	0	0	3
2950	695	0	1.15234375	0.000227383436	0.000175737474	-0.000368772248	0.000387182225	0.000374800607	3.44812301e-05	0	9.1	0	0	3
2955	696	0	1.15429688	0.000225170285	0.000178057562	-0.000357964618	0.000387182225	0.000371015593	3.44812301e-05	0	9.2	0	0	3
2960	697	0	1.15625	0.000222966709	0.000180326825	-0.000344257571	0.000387182225	0.000367284351	3.44812301e-05	0	9.3	0	0	3
2965	698	0	1.15820312	0.00022081276	0.000182534131	-0.000331276265	0.000387182225	0.000363604051	3.44812301e-05	0	9.4	0	0	3
2970	699	0	1.16015625	0.00021875047	0.000184682673	-0.000314816292	0.000387182225	0.00035998829	3.44812301e-05	0	9.5	0	0	3
2975	700	0	1.16210938	0.000216815632	0.000186759361	-0.000300061526	0.000387182225	0.000356430418	3.44812301e-05	0	9.6	0	0	3
2980	701	0	1.1640625	0.000215034617	0.000188771455	-0.000286071787	0.000387182225	0.000352927445	3.44812301e-05	0	9.7	0	0	3
2985	702	0	1.16601562	0.000213428122	0.000190722626	-0.000272149281	0.000387182225	0.000349479112	3.44812301e-05	0	9.8	0	0	3
2990	703	0	1.16796875	0.000212013287	0.000192613886	-0.000262519618	0.000387182225	0.000346068654	3.44812301e-05	0	9.9	0	0	3
2995	704	0	1.16992188	0.000210804474	0.000194462809	-0.000251741381	0.000387182225	0.000342700562	3.44812301e-05	0	10	0	0	3
3000	704	0	1.171875	0.000209811253	0.000196265749	-0.000241776913	0.000387182225	0.000339371662	3.44812301e-05	0	10.1	0	0	3
3005	707	0	1.17382812	0.000209035544	0.000198026735	-0.000235918237	0.000387182225	0.000336065921	3.44812301e-05	0	10.2	0	0	3
3010	707	0	1.17578125	0.000150987313	0.000199538085	-0.000230251352	0.000387182225	0.000332782591	3.44812301e-05	0	10.3	0	0	3
3015	708	0	1.17773438	0.000150295998	0.000201024598	-0.000224803456	0.000387182225	0.000329520818	3.44812301e-05	0	10.4	0	0	3
3020	709	0	1.1796875	0.000150014225	0.000202488729	-0.000223025129	0.000387182225	0.000326266272	3.44812301e-05	0	10.5	0	0	3
3025	710	0	1.18164062	0.00014990521	0.000203945488	-0.000217824427	0.000387182225	0.000323032322	3.44812301e-05	0	10.6	0	0	3
3030	711	0	1.18359375	0.000149915962	0.000205381974	-0.000215678569	0.000387182225	0.000319807037	3.44812301e-05	0	10.7	0	0	3
3035	712	0	1.18554688	0.00015006834	0.000206810673	-0.00021317534	0.000387182225	0.000316591818	3.44812301e-05	0	10.8	0	0	3
3040	713	0	1.1875	0.000150258718	0.000208230337	-0.000211018853	0.000387182225	0.000313385307	3.44812301e-05	0	11	0	0	3
3045	714	0	1.18945312	0.000150301088	0.000209641743	-0.00020812825	0.000387182225	0.000310190375	3.44812301e-05	0	11.1	0	0	3
3050	715	0	1.19140625	0.00015012752	0.00021104118	-0.000207361002	0.000387182225	0.000306998727	3.44812301e-05	0	11.2	0	0	3
3055	716	0	1.19335938	0.000149684342	0.000212435888	-0.000206304718	0.000387182225	0.000303811495	3.44812301e-05	0	11.3	0	0	3
3060	717	0	1.1953125	0.000148932708	0.000213823535	-0.000204540689	0.000387182225	0.000300361392	3.44812301e-05	0	11.4	0	0	3
3065	717	0	1.19726562	0.000147825116	0.000215199964	-0.000202326901	0.000387182225	0.000296920128	3.44812301e-05	0	11.6	0	0	3
3070	718	0	1.19921875	0.0001463555	0.000216562004	-0.000197891848	0.000387182225	0.000293496381	3.44812301e-05	0	11.7	0	0	3
3075	719	0	1.20117188	0.00014455372	0.000217899682	-0.0001951176	0.000387182225	0.000290083675	3.44812301e-05	0	11.8	0	0	3
3080	720	0	1.203125	0.000142504091	0.000219218517	-0.000190326018	0.000387182225	0.000286689919	3.44812301e-05	0	12	0	0	3
3085	721	0	1.20507812	0.000140300072	0.000220510025	-0.000186937592	0.000387182225	0.000283309663	3.44812301e-05	0	12.1	0	0	3
3090	722	0	1.20703125	0.000138020243	0.000221779392	-0.000177099934	0.000387182225	0.00027996812	3.44812301e-05	0	12.3	0	0	3
3095	723	0	1.20898438	0.000135715172	0.000223001326	-0.000171646003	0.000387182225	0.000276648168	3.44812301e-05	0	12.4	0	0	3
3100	724	0	1.2109375	0.000133394417	0.00022419289	-0.000162539364	0.000387182225	0.000273364077	3.44812301e-05	0	12.6	0	0	3
3105	726	0	1.21289062	0.000131059108	0.000225339759	-0.000152993255	0.000387182225	0.000270117564	3.44812301e-05	0	12.7	0	0	3
3110	727	0	1.21484375	0.00012871919	0.000226440198	-0.000142386283	0.000387182225	0.000266912781	3.44812301e-05	0	12.9	0	0	3
3115	727	0	1.21679688	0.000126375814	0.00022749005	-0.000128319102	0.000387182225	0.000263763242	3.44812301e-05	0	13	0	0	3
3120	728	0	1.21875	0.000124043526	0.000228475841	-0.000117166568	0.000387182225	0.000260657565	3.44812301e-05	0	13.2	0	0	3
3125	729	0	1.22070312	0.000121765983	0.000229409172	-0.000106966696	0.000387182225	0.000257592029	3.44812301e-05	0	13.3	0	0	3
3130	730	0	1.22265625	0.000119601945	0.000230294206	-9.46843789e-05	0.000387182225	0.000254574768	3.44812301e-05	0	13.5	0	0	3
3135	731	0	1.22460938	0.000117615623	0.000231123502	-8.39464813e-05	0.000387182225	0.000251599748	3.44812301e-05	0	13.7	0	0	3
3140	732	0	1.2265625	0.000115867428	0.000231904025	-7.12016739e-05	0.000387182225	0.000248674809	3.44812301e-05	0	13.8	0	0	3
3145	733	0	1.22851562	0.000114419324	0.000232629108	-6.40068995e-05	0.000387182225	0.000245778273	3.44812301e-05	0	14	0	0	3
3150	734	0	1.23046875	0.000113326948	0.000233321818	-5.39779677e-05	0.000387182225	0.000242921209	3.44812301e-05	0	14.1	0	0	3
3155	735	0	1.23242188	0.000112599322	0.00023397251	-4.60176215e-05	0.000387182225	0.000240095536	3.44812301e-05	0	14.3	0	0	3
3160	736	0	1.234375	0.000112247115	0.000234590732	-3.83380853e-05	0.000387182225	0.000237300157	3.44812301e-05	0	14.5	0	0	3
3165	737	0	1.23632812	0.000112254733	0.000235178985	-3.06158073e-05	0.000387182225	0.000234535237	3.44812301e-05	0	14.7	0	0	3
3170	737	0	1.23828125	0.000112626969	0.000235738527	-2.6660569e-05	0.000387182225	0.00023178606	3.44812301e-05	0	14.8	0	0	3
3175	738	0	1.24023438	5.80724069e-05	0.000236069516	-2.19636401e-05	0.000387182225	0.000229055521	3.44812301e-05	0	15	0	0	3
3180	739	0	1.2421875	5.91538462e-05	0.000236386381	-1.31626796e-05	0.000387182225	0.000226359651	3.44812301e-05	0	15.2	0	0	3
3185	740	0	1.24414062	6.07114216e-05	0.000236674951	-1.23303542e-05	0.000387182225	0.00022366732	3.44812301e-05	0	15.4	0	0	3
3190	741	0	1.24609375	6.23021474e-05	0.000236966485	-7.71299465e-06	0.000387182225	0.000220993311	3.44812301e-05	0	15.6	0	0	3
3195	742	0	1.24804688	6.42412401e-05	0.000237247556	-5.03815793e-06	0.000387182225	0.000218335996	3.44812301e-05	0	15.7	0	0	3
3200	743	0	1.25	6.67506292e-05	0.000237522019	-5.03815793e-06	0.000387182225	0.000215673484	3.44812301e-05	0	15.9	0	0	3
3205	745	0	1.25195312	6.8974562e-05	0.000237810649	-5.03815793e-06	0.000387182225	0.00021301077	3.44812301e-05	0	16.1	0	0	3
3210	746	0	1.25390625	7.05153946e-05	0.00023810578	-4.92333235e-06	0.000387182225	0.000210360104	3.44812301e-05	0	16.3	0	0	3
3215	747	0	1.25585938	7.14481309e-05	0.000238392782	-4.92333235e-06	0.000387182225	0.000207712521	3.44812301e-05	0	16.6	0	0	3
3220	748	0	1.2578125	7.19183115e-05	0.000238678814	-4.92333235e-06	0.000387182225	0.000205064132	3.44812301e-05	0	16.8	0	0	3
3225	749	0	1.25976562	7.19604826e-05	0.000238966089	-4.92333235e-06	0.000387182225	0.000202209203	3.44812301e-05	0	17	0	0	3
3230	750	0	1.26171875	7.15210346e-05	0.000239264699	-9.62520029e-07	0.000387182225	0.0001993768	3.44812301e-05	0	17.2	0	0	3
3235	751	0	1.26367188	7.06414e-05	0.000239537603	-9.62520029e-07	0.000387182225	0.000196540397	3.44812301e-05	0	17.5	0	0	3
3240	752	0	1.265625	6.93479443e-05	0.000239809661	-9.62520029e-07	0.000387182225	0.000193701621	3.44812301e-05	0	17.8	0	0	3
3245	753	0	1.26757812	6.76928411e-05	0.000240077846	2.54861859e-07	0.000387182225	0.000190867838	3.44812301e-05	0	18	0	0	3
3250	754	0	1.26953125	6.58568321e-05	0.000240334103	5.14195991e-06	0.000387182225	0.000188053411	3.44812301e-05	0	18.3	0	0	3
3255	754	0	1.27148438	6.402322e-05	0.000240564108	1.08700476e-05	0.000387182225	0.000185261643	3.44812301e-05	0	18.6	0	0	3
3260	755	0	1.2734375	6.22711468e-05	0.000240764894	1.65097773e-05	0.000387182225	0.00018249219	3.44812301e-05	0	18.8	0	0	3
3265	756	0	1.27539062	6.05985912e-05	0.000240937116	2.18247647e-05	0.000387182225	0.000179743781	3.44812301e-05	0	19.1	0	0	3
3270	757	0	1.27734375	5.89426895e-05	0.000241082108	2.67489907e-05	0.000387182225	0.000177014896	3.44812301e-05	0	19.4	0	0	3
3275	758	0	1.27929688	5.72429403e-05	0.000241201225	3.12548591e-05	0.000387182225	0.000174303898	3.44812301e-05	0	19.7	0	0	3
3280	759	0	1.28125	5.54788476e-05	0.00024129585	5.54788476e-05	0.000387182225	0.000171934426	3.44812301e-05	0	20	0	0	3
3285	760	0	1.28320312	5.36926055e-05	0.000241042259	5.36926055e-05	0.000387182225	0.000169579893	3.44812301e-05	0	20.3	0	0	3
3290	761	0	1.28515625	5.19696007e-05	0.000240767287	5.19696007e-05	0.000387182225	0.000168123026	3.44812301e-05	0	20.5	0	0	3
3295	762	0	1.28710938	5.04048563e-05	0.000240474361	5.04048563e-05	0.000387182225	0.000168123026	3.44812301e-05	0	20.5	0	0	3
3300	763	0	1.2890625	4.90791199e-05	0.000240166244	4.90791199e-05	0.000387182225	0.000168123026	3.44812301e-05	0	20.5	0	0	3
3305	765	0	1.29101562	4.80862885e-05	0.000239846398	4.80862885e-05	0.000387182225	0.000168123026	3.44812301e-05	0	20.5	0	0	3
3310	766	0	1.29296875	4.74721038e-05	0.00023951846	4.74721038e-05	0.000387182225	0.000168123026	3.44812301e-05	0	20.5	0	0	3
3315	767	0	1.29492188	4.72383208e-05	0.0002391869	4.72383208e-05	0.000387182225	0.000168123026	3.44812301e-05	0	20.5	0	0	3
3320	768	0	1.296875	4.73633249e-05	0.0002388563	4.72383208e-05	0.000387182225	0.000168123026	3.44812301e-05	0	20.5	0	0	3
3325	769	0	1.29882812	4.78169847e-05	0.000238530574	4.72383208e-05	0.000387182225	0.000168123026	3.44812301e-05	0	20.5	0	0	3
3330	770	0	1.30078125	4.86634766e-05	0.000238211789	4.72383208e-05	0.000387182225	0.000168123026	3.44812301e-05	0	20.5	0	0	3
3335	770	0	1.30273438	4.99835289e-05	0.000237901194	4.72383208e-05	0.000387182225	0.000168123026	3.44812301e-05	0	20.5	0	0	3
3340	771	0	1.3046875	5.1800242e-05	0.000237600189	4.72383208e-05	0.000387182225	0.000168123026	3.44812301e-05	0	20.5	0	0	3
3345	772	0	1.30664062	2.13032769e-05	0.000237182128	2.13032769e-05	0.000387182225	0.000168123026	3.44812301e-05	0	20.5	0	0	3
3350	773	0	1.30859375	2.37688769e-05	0.000236775167	2.13032769e-05	0.000387182225	0.000168123026	3.44812301e-05	0	20.5	0	0	3
3355	774	0	1.31054688	2.61876197e-05	0.000236378126	2.13032769e-05	0.000387182225	0.000168123026	3.44812301e-05	0	20.5	0	0	3
3360	775	0	1.3125	2.89291068e-05	0.000235990879	2.13032769e-05	0.000387182225	0.000168123026	3.44812301e-05	0	20.5	0	0	3
3365	776	0	1.31445312	3.23047687e-05	0.000235614559	2.13032769e-05	0.000387182225	0.000168123026	3.44812301e-05	0	20.5	0	0	3
3370	777	0	1.31640625	3.53334273e-05	0.0002352466	2.13032769e-05	0.000387182225	0.000168123026	3.44812301e-05	0	20.5	0	0	3
3375	778	0	1.31835938	3.76958065e-05	0.000234883234	2.13032769e-05	0.000387182225	0.000168123026	3.44812301e-05	0	20.5	0	0	3
3380	779	0	1.3203125	3.94798296e-05	0.000234521023	2.13032769e-05	0.000387182225	0.000168123026	3.44812301e-05	0	20.5	0	0	3
3385	780	0	1.32226562	4.08086986e-05	0.000234156955	2.13032769e-05	0.000387182225	0.000168123026	3.44812301e-05	0	20.5	0	0	3
3390	781	0	1.32421875	4.16766625e-05	0.000233788109	2.13032769e-05	0.000387182225	0.000168123026	3.44812301e-05	0	20.5	0	0	3
3395	782	0	1.32617188	4.2029473e-05	0.000233411313	2.13032769e-05	0.000387182225	0.000168123026	3.44812301e-05	0	20.5	0	0	3
3400	783	0	1.328125	4.19180255e-05	0.000233023544	2.13032769e-05	0.000387182225	0.000168123026	3.44812301e-05	0	20.5	0	0	3
3405	785	0	1.33007812	4.14971978e-05	0.000232622353	2.13032769e-05	0.000387182225	0.000168123026	3.44812301e-05	0	20.5	0	0	3
3410	786	0	1.33203125	4.08987224e-05	0.000232205873	2.13032769e-05	0.000387182225	0.000168123026	3.44812301e-05	0	20.5	0	0	3
3415	787	0	1.33398438	4.02372739e-05	0.000231772814	2.13032769e-05	0.000387182225	0.000168123026	3.44812301e-05	0	20.5	0	0	3
3420	788	0	1.3359375	3.96367036e-05	0.000231322469	2.13032769e-05	0.000387182225	0.000168123026	3.44812301e-05	0	20.5	0	0	3
3425	789	0	1.33789062	3.91271895e-05	0.000230854585	2.13032769e-05	0.000387182225	0.000168123026	3.44812301e-05	0	20.5	0	0	3
3430	789	0	1.33984375	3.86825896e-05	0.000230369492	2.13032769e-05	0.000387182225	0.000168123026	3.44812301e-05	0	20.5	0	0	3
3435	790	0	1.34179688	3.82681906e-05	0.000229868113	2.13032769e-05	0.000387182225	0.000168123026	3.44812301e-05	0	20.5	0	0	3
3440	791	0	1.34375	3.78374433e-05	0.000229351748	2.13032769e-05	0.000387182225	0.000168123026	3.44812301e-05	0	20.5	0	0	3
3445	792	0	1.34570312	3.73564877e-05	0.000228822033	2.13032769e-05	0.000387182225	0.000168123026	3.44812301e-05	0	20.5	0	0	3
3450	793	0	1.34765625	3.68444862e-05	0.000228281125	2.13032769e-05	0.000387182225	0.000168123026	3.44812301e-05	0	20.5	0	0	3
3455	794	0	1.34960938	3.6363943e-05	0.000227413195	2.13032769e-05	0.000387182225	0.000168123026	3.44812301e-05	0	20.5	0	0	3
3460	795	0	1.3515625	3.59740098e-05	0.000226537654	2.13032769e-05	0.000387182225	0.000168123026	3.44812301e-05	0	20.5	0	0	3
3465	796	0	1.35351562	3.57369036e-05	0.000225659006	2.13032769e-05	0.000387182225	0.000168123026	3.44812301e-05	0	20.5	0	0	3
3470	797	0	1.35546875	3.56828326e-05	0.000224780203	2.13032769e-05	0.000387182225	0.000168123026	3.44812301e-05	0	20.5	0	0	3
3475	798	0	1.35742188	3.58486768e-05	0.000223903416	2.13032769e-05	0.000387182225	0.000168123026	3.44812301e-05	0	20.5	0	0	3
3480	799	0	1.359375	3.6277783e-05	0.000223031697	2.13032769e-05	0.000387182225	0.000168123026	3.44812301e-05	0	20.5	0	0	3
3485	800	0	1.36132812	3.70007667e-05	0.000222168448	2.13032769e-05	0.000387182225	0.000168123026	3.44812301e-05	0	20.5	0	0	3
3490	801	0	1.36328125	3.80402221e-05	0.000221316519	2.13032769e-05	0.000387182225	0.000168123026	3.44812301e-05	0	20.5	0	0	3
3495	802	0	1.36523438	3.93797416e-05	0.000220477231	2.13032769e-05	0.000387182225	0.000168123026	3.44812301e-05	0	20.5	0	0	3
3500	802	0	1.3671875	4.09795922e-05	0.000219651076	2.13032769e-05	0.000387182225	0.000168123026	3.44812301e-05	0	20.5	0	0	3
3505	805	0	1.36914062	4.28136063e-05	0.000218837894	2.13032769e-05	0.000387182225	0.000168123026	3.44812301e-05	0	20.5	0	0	3
3510	806	0	1.37109375	4.05790474e-05	0.000218020216	2.13032769e-05	0.000387182225	0.000168123026	3.44812301e-05	0	20.5	0	0	3
3515	806	0	1.37304688	4.28352476e-05	0.000217213558	2.13032769e-05	0.000387182225	0.000168123026	3.44812301e-05	0	20.5	0	0	3
3520	807	0	1.375	4.52821105e-05	0.000216416465	2.13032769e-05	0.000387182225	0.000168123026	3.44812301e-05	0	20.5	0	0	3
3525	808	0	1.37695312	4.7791544e-05	0.000215627269	2.13032769e-05	0.000387182225	0.000168123026	3.44812301e-05	0	20.5	0	0	3
3530	809	0	1.37890625	5.02997494e-05	0.000214844499	2.13032769e-05	0.000387182225	0.000168123026	3.44812301e-05	0	20.5	0	0	3
3535	810	0	1.38085938	5.27359252e-05	0.000214066764	2.13032769e-05	0.000387182225	0.000168123026	3.44812301e-05	0	20.5	0	0	3
3540	811	0	1.3828125	5.49675838e-05	0.000213292281	2.13032769e-05	0.000387182225	0.000168123026	3.44812301e-05	0	20.5	0	0	3
3545	812	0	1.38476562	5.68925569e-05	0.000212518874	2.13032769e-05	0.000387182225	0.000168123026	3.44812301e-05	0	20.5	0	0	3
3550	813	0	1.38671875	5.8472734e-05	0.000211744122	2.13032769e-05	0.000387182225	0.000168123026	3.44812301e-05	0	20.5	0	0	3
3555	814	0	1.38867188	5.97139013e-05	0.000210965644	2.13032769e-05	0.000387182225	0.000168123026	3.44812301e-05	0	20.5	0	0	3
3560	815	0	1.390625	6.06588805e-05	0.000210181303	2.13032769e-05	0.000387182225	0.000168123026	3.44812301e-05	0	20.5	0	0	3
3565	816	0	1.39257812	6.13673062e-05	0.000209389162	2.13032769e-05	0.000387182225	0.000168123026	3.44812301e-05	0	20.5	0	0	3
3570	817	0	1.39453125	6.18999992e-05	0.000208587621	2.13032769e-05	0.000387182225	0.000168123026	3.44812301e-05	0	20.5	0	0	3
3575	818	0	1.39648438	6.23189368e-05	0.000207775589	2.13032769e-05	0.000387182225	0.000168123026	3.44812301e-05	0	20.5	0	0	3
3580	819	0	1.3984375	6.26963075e-05	0.000206952607	2.13032769e-05	0.000387182225	0.000168123026	3.44812301e-05	0	20.5	0	0	3
3585	820	0	1.40039062	6.31077406e-05	0.000206118875	2.13032769e-05	0.000387182225	0.000168123026	3.44812301e-05	0	20.5	0	0	3
3590	821	0	1.40234375	6.3617768e-05	0.000205275232	2.13032769e-05	0.000387182225	0.000168123026	3.44812301e-05	0	20.5	0	0	3
3595	821	0	1.40429688	6.42565904e-05	0.000204423003	2.13032769e-05	0.000387182225	0.000168123026	3.44812301e-05	0	20.5	0	0	3
3600	822	0	1.40625	6.50187577e-05	0.000203563857	2.13032769e-05	0.000387182225	0.000168123026	3.44812301e-05	0	20.5	0	0	3
3605	824	0	1.40820312	6.58668535e-05	0.000202699782	2.13032769e-05	0.000387182225	0.000168123026	3.44812301e-05	0	20.5	0	0	3
3610	825	0	1.41015625	6.67313624e-05	0.000201832943	2.13032769e-05	0.000387182225	0.000168123026	3.44812301e-05	0	20.5	0	0	3
3615	826	0	1.41210938	6.75590349e-05	0.000200965448	2.13032769e-05	0.000387182225	0.000168123026	3.44812301e-05	0	20.5	0	0	3
3620	827	0	1.4140625	6.83368669e-05	0.00019983777	2.13032769e-05	0.000387182225	0.000168123026	3.44812301e-05	0	20.5	0	0	3
3625	828	0	1.41601562	6.90768713e-05	0.000198711633	2.13032769e-05	0.000387182225	0.000168123026	3.44812301e-05	0	20.5	0	0	3
3630	829	0	1.41796875	6.98094275e-05	0.000197589047	2.13032769e-05	0.000387182225	0.000168123026	3.44812301e-05	0	20.5	0	0	3
3635	830	0	1.41992188	7.05739672e-05	0.00019647303	2.13032769e-05	0.000387182225	0.000168123026	3.44812301e-05	0	20.5	0	0	3
3640	831	0	1.421875	7.14046538e-05	0.000195365906	2.13032769e-05	0.000387182225	0.000168123026	3.44812301e-05	0	20.5	0	0	3
3645	832	0	1.42382812	7.23214256e-05	0.000194270314	2.13032769e-05	0.000387182225	0.000168123026	3.44812301e-05	0	20.5	0	0	3
3650	833	0	1.42578125	7.33284104e-05	0.000193189196	2.13032769e-05	0.000387182225	0.000168123026	3.44812301e-05	0	20.5	0	0	3
3655	834	0	1.42773438	7.44188188e-05	0.000192124219	2.13032769e-05	0.000387182225	0.000168123026	3.44812301e-05	0	20.5	0	0	3
3660	835	0	1.4296875	7.55769576e-05	0.000191076062	2.13032769e-05	0.000387182225	0.000168123026	3.44812301e-05	0	20.5	0	0	3
3665	835	0	1.43164062	7.67814589e-05	0.000190044352	2.13032769e-05	0.000387182225	0.000168123026	3.44812301e-05	0	20.5	0	0	3
3670	836	0	1.43359375	7.80114948e-05	0.000189027839	2.13032769e-05	0.000387182225	0.000168123026	3.44812301e-05	0	20.5	0	0	3
3675	837	0	1.43554688	9.78761105e-05	0.000188097391	2.13032769e-05	0.000387182225	0.000168123026	3.44812301e-05	0	20.5	0	0	3
3680	838	0	1.4375	9.9225801e-05	0.000187178468	2.13032769e-05	0.000387182225	0.000168123026	3.44812301e-05	0	20.5	0	0	3
3685	839	0	1.43945312	0.000100428957	0.000186268245	2.13032769e-05	0.000387182225	0.000168123026	3.44812301e-05	0	20.5	0	0	3
3690	840	0	1.44140625	0.000101564038	0.000185364372	2.13032769e-05	0.000387182225	0.000168123026	3.44812301e-05	0	20.5	0	0	3
3695	841	0	1.44335938	0.000102884184	0.000184465798	2.13032769e-05	0.000387182225	0.000168123026	3.44812301e-05	0	20.5	0	0	3
3700	842	0	1.4453125	0.000104293765	0.000183571361	2.13032769e-05	0.000387182225	0.000168123026	3.44812301e-05	0	20.5	0	0	3
3705	844	0	1.44726562	0.000105569718	0.00018267919	2.13032769e-05	0.000387182225	0.000168123026	3.44812301e-05	0	20.5	0	0	3
3710	845	0	1.44921875	0.000106677044	0.000181787394	2.13032769e-05	0.000387182225	0.000168123026	3.44812301e-05	0	20.5	0	0	3
3715	846	0	1.45117188	0.000107696665	0.00018089452	2.13032769e-05	0.000387182225	0.000168123026	3.44812301e-05	0	20.5	0	0	3
3720	847	0	1.453125	0.000108714167	0.000179999727	2.13032769e-05	0.000387182225	0.000168123026	3.44812301e-05	0	20.5	0	0	3
3725	848	0	1.45507812	0.000109724082	0.000179102793	2.13032769e-05	0.000387182225	0.000168123026	3.44812301e-05	0	20.5	0	0	3
3730	849	0	1.45703125	0.000110708137	0.00017820372	2.13032769e-05	0.000387182225	0.000168123026	3.44812301e-05	0	20.5	0	0	3
3735	849	0	1.45898438	0.000111665006	0.000177302635	2.13032769e-05	0.000387182225	0.000168123026	3.44812301e-05	0	20.5	0	0	3
3740	850	0	1.4609375	0.000112614491	0.000176399798	2.13032769e-05	0.000387182225	0.000168123026	3.44812301e-05	0	20.5	0	0	3
3745	851	0	1.46289062	0.000113595965	0.000175495649	2.13032769e-05	0.000387182225	0.000168123026	3.44812301e-05	0	20.5	0	0	3
3750	852	0	1.46484375	0.000114647468	0.000174590796	2.13032769e-05	0.000387182225	0.000168123026	3.44812301e-05	0	20.5	0	0	3
3755	853	0	1.46679688	0.000115786503	0.000173685962	2.13032769e-05	0.000387182225	0.000168123026	3.44812301e-05	0	20.5	0	0	3
3760	854	0	1.46875	0.000117010716	0.000172781992	2.13032769e-05	0.000387182225	0.000168123026	3.44812301e-05	0	20.5	0	0	3
3765	855	0	1.47070312	0.000118307574	0.000171879893	2.13032769e-05	0.000387182225	0.000168123026	3.44812301e-05	0	20.5	0	0	3
3770	856	0	1.47265625	0.000119657012	0.00017098093	2.13032769e-05	0.000387182225	0.000168123026	3.44812301e-05	0	20.5	0	0	3
3775	857	0	1.47460938	0.000121034434	0.000170086507	2.13032769e-05	0.000387182225	0.000168123026	3.44812301e-05	0	20.5	0	0	3
3780	858	0	1.4765625	0.00012241645	0.000169197827	2.13032769e-05	0.000387182225	0.000168123026	3.44812301e-05	0	20.5	0	0	3
3785	859	0	1.47851562	0.000123784303	0.00016831586	2.13032769e-05	0.000387182225	0.000168123026	3.44812301e-05	0	20.5	0	0	3
3790	860	0	1.48046875	0.000125123332	0.000167292192	2.13032769e-05	0.000386561225	0.000168123026	3.44812301e-05	0	20.5	0	0	3
3795	861	0	1.48242188	0.000126421094	0.00016627602	2.13032769e-05	0.000385294942	0.000168123026	3.44812301e-05	0	20.5	0	0	3
3800	862	0	1.484375	0.000127666789	0.00016526966	2.13032769e-05	0.000383478405	0.000168123026	3.44812301e-05	0	20.5	0	0	3
3805	863	0	1.48632812	0.000128850988	0.000164275022	2.13032769e-05	0.00038114643	0.000168123026	3.44812301e-05	0	20.5	0	0	3
3810	864	0	1.48828125	0.000129964931	0.000163293844	2.13032769e-05	0.000378312074	0.000168123026	3.44812301e-05	0	20.5	0	0	3
3815	865	0	1.49023438	0.000130997221	0.00016232777	2.13032769e-05	0.000375165632	0.000168123026	3.44812301e-05	0	20.5	0	0	3
3820	866	0	1.4921875	0.000131935638	0.000161377653	2.13032769e-05	0.000371840575	0.000168123026	3.44812301e-05	0	20.5	0	0	3
3825	867	0	1.49414062	0.000132770192	0.000160443785	2.13032769e-05	0.000368543711	0.000168123026	3.44812301e-05	0	20.5	0	0	3
3830	868	0	1.49609375	0.000133490927	0.00015952561	2.13032769e-05	0.0003654838	0.000168123026	3.44812301e-05	0	20.5	0	0	3
3835	869	0	1.49804688	0.000134088835	0.000158621723	2.13032769e-05	0.000362805172	0.000168123026	3.44812301e-05	0	20.5	0	0	3
3840	870	0	1.5	0.000134555014	0.000157730121	2.13032769e-05	0.00036060194	0.000168123026	3.44812301e-05	0	20.5	0	0	3
3845	871	0	1.50195312	0.000165280699	0.000156967147	2.13032769e-05	0.00035891791	0.000168123026	3.44812301e-05	0	20.5	0	0	3
3850	872	0	1.50390625	0.000165508699	0.000156211642	2.13032769e-05	0.000357716056	0.000168123026	3.44812301e-05	0	20.5	0	0	3
3855	873	0	1.50585938	0.000165645065	0.000155461365	2.13032769e-05	0.000357679013	0.000168123026	3.44812301e-05	0	20.5	0	0	3
3860	874	0	1.5078125	0.000165740448	0.000154714509	2.13032769e-05	0.000357679013	0.000168123026	3.44812301e-05	0	20.5	0	0	3
3865	875	0	1.50976562	0.000165860402	0.000153969903	2.13032769e-05	0.000357679013	0.000168123026	3.44812301e-05	0	20.5	0	0	3
3870	876	0	1.51171875	0.000165982358	0.000153226598	2.13032769e-05	0.000357679013	0.000168123026	3.44812301e-05	0	20.5	0	0	3
3875	877	0	1.51367188	0.000166011392	0.000152483519	2.13032769e-05	0.000357679013	0.000168123026	3.44812301e-05	0	20.5	0	0	3
3880	878	0	1.515625	0.000166048618	0.000151740203	2.13032769e-05	0.000357679013	0.000168123026	3.44812301e-05	0	20.5	0	0	3
3885	879	0	1.51757812	0.000166210327	0.00015099672	2.13032769e-05	0.000357679013	0.000168116928	3.44812301e-05	0	20.5	0	0	3
3890	880	0	1.51953125	0.000166551482	0.000150253469	2.13032769e-05	0.000357679013	0.000168100892	3.44812301e-05	0	20.5	0	0	3
3895	881	0	1.52148438	0.000167056256	0.000149511065	2.13032769e-05	0.000357679013	0.000167389518	3.44812301e-05	0	20.5	0	0	3
3900	882	0	1.5234375	0.000167716007	0.000148770267	2.13032769e-05	0.000357679013	0.000166666181	3.44812301e-05	0	20.6	0	0	3
3905	883	0	1.52539062	0.000168539735	0.000148031958	2.13032769e-05	0.000357679013	0.000165933244	3.44812301e-05	0	20.7	0	0	3
3910	884	0	1.52734375	0.000169515083	0.000147297027	2.13032769e-05	0.000357679013	0.000165191531	3.44812301e-05	0	20.8	0	0	3
3915	885	0	1.52929688	0.000170600178	0.00014656625	2.13032769e-05	0.000357602318	0.000164441334	3.44812301e-05	0	20.9	0	0	3
3920	886	0	1.53125	0.000171745245	0.000145840246	2.13032769e-05	0.000357417999	0.000163682695	3.44812301e-05	0	21	0	0	3
3925	887	0	1.53320312	0.000172910368	0.000145119513	2.13032769e-05	0.000357117762	0.00016291636	3.44812301e-05	0	21.1	0	0	3
3930	888	0	1.53515625	0.000174076414	0.000144404508	2.13032769e-05	0.000356682052	0.000162144974	3.44812301e-05	0	21.2	0	0	3
3935	889	0	1.53710938	0.000175249578	0.000143695787	2.13032769e-05	0.000356092128	0.000161369131	3.44812301e-05	0	21.3	0	0	3
3940	890	0	1.5390625	0.000176451982	0.000142994068	2.13032769e-05	0.000355568002	0.000160587589	3.44812301e-05	0	21.4	0	0	3
3945	891	0	1.54101562	0.000177707559	0.000142300279	2.13032769e-05	0.000355568002	0.00015979886	3.44812301e-05	0	21.5	0	0	3
3950	892	0	1.54296875	0.00017901797	0.000141615553	2.13032769e-05	0.000355568002	0.000158992061	3.44812301e-05	0	21.6	0	0	3
3955	893	0	1.54492188	0.000180359409	0.000140931145	2.13032769e-05	0.000353908992	0.000158176435	3.44812301e-05	0	21.7	0	0	3
3960	894	0	1.546875	0.000181696801	0.000140258441	2.13032769e-05	0.000351840093	0.000157350929	3.44812301e-05	0	21.9	0	0	3
3965	895	0	1.54882812	0.000182992746	0.000139598881	2.13032769e-05	0.000349399064	0.000156514272	3.44812301e-05	0	22	0	0	3
3970	896	0	1.55078125	0.000184209041	0.000138953607	2.13032769e-05	0.000346665585	0.000155665352	3.44812301e-05	0	22.1	0	0	3
3975	897	0	1.55273438	0.000185307379	0.000138323302	2.13032769e-05	0.000343744068	0.000154803493	3.44812301e-05	0	22.2	0	0	3
3980	898	0	1.5546875	0.000186251805	0.000137708098	2.13032769e-05	0.000340748437	0.000153927991	3.44812301e-05	0	22.4	0	0	3
3985	899	0	1.55664062	0.000187016162	0.000137107581	2.13032769e-05	0.000337790812	0.000153037884	3.44812301e-05	0	22.5	0	0	3
3990	900	0	1.55859375	0.000187577587	0.000136520811	2.13032769e-05	0.000334976805	0.000152132036	3.44812301e-05	0	22.6	0	0	3
3995	901	0	1.56054688	0.000187917243	0.000135946359	2.13032769e-05	0.000332384704	0.000151209217	3.44812301e-05	0	22.8	0	0	3
4000	902	0	1.5625	0.000188054698	0.00013538257	2.13032769e-05	0.000330067107	0.000150268271	3.44812301e-05	0	22.9	0	0	3
4005	904	0	1.56445312	0.00018800998	0.00013482766	2.13032769e-05	0.000328049213	0.000149308421	3.44812301e-05	0	23	0	0	3
4010	905	0	1.56640625	0.000218234017	0.000134398694	2.13032769e-05	0.000326331263	0.000148329461	3.44812301e-05	0	23.2	0	0	3
4015	906	0	1.56835938	0.000218003459	0.000133975538	2.13032769e-05	0.000324890194	0.000147331829	3.44812301e-05	0	23.4	0	0	3
4020	907	0	1.5703125	0.00021754986	0.00013355624	2.13032769e-05	0.000323679828	0.000146316444	3.44812301e-05	0	23.5	0	0	3
4025	908	0	1.57226562	0.000216983931	0.000133139459	2.13032769e-05	0.000322640674	0.000145284631	3.44812301e-05	0	23.7	0	0	3
4030	909	0	1.57421875	0.000216255317	0.000132723892	2.13032769e-05	0.000321711294	0.000144238317	3.44812301e-05	0	23.9	0	0	3
4035	910	0	1.57617188	0.0002153536	0.000132308432	2.13032769e-05	0.000320833772	0.000143180293	3.44812301e-05	0	24	0	0	3
4040	911	0	1.578125	0.000214461536	0.000131892915	2.13032769e-05	0.000319956203	0.000142114351	3.44812301e-05	0	24.2	0	0	3
4045	912	0	1.58007812	0.000213656788	0.000131477683	2.13032769e-05	0.000319033457	0.000141045236	3.44812301e-05	0	24.4	0	0	3
4050	913	0	1.58203125	0.000213011053	0.000131063533	2.13032769e-05	0.000318034234	0.000139977967	3.44812301e-05	0	24.6	0	0	3
4055	914	0	1.58398438	0.000212569716	0.000130651562	2.13032769e-05	0.000316939678	0.000138917408	3.44812301e-05	0	24.8	0	0	3
4060	915	0	1.5859375	0.000212357248	0.000130243037	2.13032769e-05	0.000315758536	0.000137156038	3.44812301e-05	0	25.1	0	0	3
4065	915	0	1.58789062	0.000212387204	0.000129839243	2.13032769e-05	0.000314523701	0.000135255367	3.44812301e-05	0	25.4	0	0	3
4070	916	0	1.58984375	0.000212625876	0.000129441205	2.13032769e-05	0.000313267282	0.000133240269	3.44812301e-05	0	25.8	0	0	3
4075	917	0	1.59179688	0.000213044641	0.00012904971	2.13032769e-05	0.000312009726	0.000131152208	3.44812301e-05	0	26.2	0	0	3
4080	918	0	1.59375	0.000213635886	0.000128665437	2.13032769e-05	0.000310757101	0.000129034097	3.44812301e-05	0	26.7	0	0	3
4085	919	0	1.59570312	0.000214372265	0.000128288934	2.13032769e-05	0.000309503112	0.000126920308	3.44812301e-05	0	27.1	0	0	3
4090	920	0	1.59765625	0.000215154139	0.000127920383	2.13032769e-05	0.000308233598	0.000124834226	3.44812301e-05	0	27.6	0	0	3
4095	921	0	1.59960938	0.000215931603	0.000127559829	2.13032769e-05	0.000306930487	0.000122785049	3.44812301e-05	0	28	0	0	3
4100	922	0	1.6015625	0.000216703392	0.000127207379	2.13032769e-05	0.000305571426	0.000120768567	3.44812301e-05	0	28.5	0	0	3
4105	924	0	1.60351562	0.000217481299	0.000126863277	2.13032769e-05	0.000304133485	0.000118774044	3.44812301e-05	0	29	0	0	3
4110	925	0	1.60546875	0.000218273108	0.000126527885	2.13032769e-05	0.000302603586	0.000116787418	3.44812301e-05	0	29.5	0	0	3
4115	926	0	1.60742188	0.000219082763	0.000126201632	2.13032769e-05	0.000266658334	0.000115094218	3.44812301e-05	0	29.9	0	0	3
4120	927	0	1.609375	0.000219913748	0.000126019036	2.13032769e-05	0.000264773094	0.000115276814	3.44812301e-05	0	29.9	0	0	3
4125	928	0	1.61132812	0.000220761248	0.000125847114	2.13032769e-05	0.000262925165	0.000115448735	3.44812301e-05	0	29.8	0	0	3
4130	929	0	1.61328125	0.000221609581	0.000125685725	2.13032769e-05	0.000261321401	0.000115610124	3.44812301e-05	0	29.8	0	0	3
4135	930	0	1.61523438	0.000222434294	0.000125533823	2.13032769e-05	0.000259457825	0.000115762027	3.44812301e-05	0	29.7	0	0	3
4140	931	0	1.6171875	0.00022320179	0.000125392197	2.13032769e-05	0.000257357944	0.000115903652	3.44812301e-05	0	29.7	0	0	3
4145	932	0	1.61914062	0.000223867831	0.000125261377	2.13032769e-05	0.000255385809	0.000116034473	3.44812301e-05	0	29.7	0	0	3
4150	933	0	1.62109375	0.000224386456	0.000125140285	2.13032769e-05	0.00025363466	0.000116155564	3.44812301e-05	0	29.6	0	0	3
4155	934	0	1.62304688	0.000224703634	0.000125027274	2.13032769e-05	0.000252022982	0.000116268576	3.44812301e-05	0	29.6	0	0	3
4160	935	0	1.625	0.000224810982	0.000124920977	2.13032769e-05	0.000250470487	0.000116374873	3.44812301e-05	0	29.6	0	0	3
4165	936	0	1.62695312	0.000224725499	0.00012482041	2.13032769e-05	0.000248949903	0.000116475439	3.44812301e-05	0	29.6	0	0	3
4170	937	0	1.62890625	0.000224471174	0.00012472479	2.13032769e-05	0.000247452394	0.000116571059	3.44812301e-05	0	29.5	0	0	3
4175	938	0	1.63085938	0.000224047096	0.000124633363	2.13032769e-05	0.000245953087	0.000116662486	3.44812301e-05	0	29.5	0	0	3
4180	939	0	1.6328125	0.000244836126	0.000124629	2.13032769e-05	0.000244836126	0.000116666849	3.44812301e-05	0	29.5	0	0	3
4185	940	0	1.63476562	0.000244051429	0.000124627551	2.13032769e-05	0.000244836126	0.000116668299	3.44812301e-05	0	29.5	0	0	3
4190	941	0	1.63671875	0.000243120481	0.000124628643	2.13032769e-05	0.000244836126	0.000116668299	3.44812301e-05	0	29.5	0	0	3
4195	942	0	1.63867188	0.000241918536	0.000124631481	2.13032769e-05	0.000244836126	0.000116668299	3.44812301e-05	0	29.5	0	0	3
4200	943	0	1.640625	0.000240529535	0.000124635647	2.13032769e-05	0.000244836126	0.000116668299	3.44812301e-05	0	29.5	0	0	3
4205	945	0	1.64257812	0.000239163654	0.000124641558	2.13032769e-05	0.000244836126	0.000116668299	3.44812301e-05	0	29.5	0	0	3
4210	946	0	1.64453125	0.000237840468	0.000124649703	2.13032769e-05	0.000244836126	0.000116668299	3.44812301e-05	0	29.5	0	0	3
4215	947	0	1.64648438	0.000236657673	0.000124660961	2.13032769e-05	0.000244836126	0.000116668299	3.44812301e-05	0	29.5	0	0	3
4220	948	0	1.6484375	0.000235677049	0.000124676455	2.13032769e-05	0.000244836126	0.000116668299	3.44812301e-05	0	29.5	0	0	3
4225	948	0	1.65039062	0.000234910991	0.000124697306	2.13032769e-05	0.000244836126	0.000116668299	3.44812301e-05	0	29.5	0	0	3
4230	949	0	1.65234375	0.000234369996	0.000124724597	2.13032769e-05	0.000244836126	0.000116668299	3.44812301e-05	0	29.5	0	0	3
4235	950	0	1.65429688	0.000234059571	0.000124759321	2.13032769e-05	0.000244836126	0.000116668299	3.44812301e-05	0	29.5	0	0	3
4240	951	0	1.65625	0.000233955409	0.000124802246	2.13032769e-05	0.000244836126	0.000116668299	3.44812301e-05	0	29.5	0	0	3
4245	952	0	1.65820312	0.000234005559	0.00012485378	2.13032769e-05	0.000244836126	0.000116668299	3.44812301e-05	0	29.5	0	0	3
4250	953	0	1.66015625	0.000234155287	0.000124913955	2.13032769e-05	0.000244836126	0.000116668299	3.44812301e-05	0	29.5	0	0	3
4255	954	0	1.66210938	0.000234366797	0.000124982514	2.13032769e-05	0.000244836126	0.000116668299	3.44812301e-05	0	29.5	0	0	3
4260	955	0	1.6640625	0.000234617065	0.000125059008	2.13032769e-05	0.000244836126	0.000116668299	3.44812301e-05	0	29.5	0	0	3
4265	956	0	1.66601562	0.000234870512	0.000125142768	2.13032769e-05	0.000244836126	0.000116668299	3.44812301e-05	0	29.5	0	0	3
4270	957	0	1.66796875	0.000235105611	0.000125232972	2.13032769e-05	0.000244836126	0.000116668299	3.44812301e-05	0	29.5	0	0	3
4275	958	0	1.66992188	0.000235325909	0.000125328759	2.13032769e-05	0.000244836126	0.000116668299	3.44812301e-05	0	29.5	0	0	3
4280	959	0	1.671875	0.000235543754	0.000125429276	2.13032769e-05	0.000244836126	0.000116668299	3.44812301e-05	0	29.5	0	0	3
4285	960	0	1.67382812	0.000235771546	0.000125533714	2.13032769e-05	0.000244836126	0.000116668299	3.44812301e-05	0	29.5	0	0	3
4290	961	0	1.67578125	0.000236016115	0.000125865858	2.13032769e-05	0.000244836126	0.000116668299	3.44812301e-05	0	29.5	0	0	3
4295	962	0	1.67773438	0.000236275469	0.000126201715	2.13032769e-05	0.000244836126	0.000116668299	3.44812301e-05	0	29.5	0	0	3
4300	963	0	1.6796875	0.000236536007	0.000126539691	2.13032769e-05	0.000244836126	0.000116668299	3.44812301e-05	0	29.5	0	0	3
4305	965	0	1.68164062	0.000236771471	0.000126879012	2.13032769e-05	0.000244836126	0.000116668299	3.44812301e-05	0	29.5	0	0	3
4310	966	0	1.68359375	0.000236944493	0.000127218967	2.13032769e-05	0.000244836126	0.000116668299	3.44812301e-05	0	29.5	0	0	3
4315	967	0	1.68554688	0.000237017575	0.000127558613	2.13032769e-05	0.000244836126	0.000116668299	3.44812301e-05	0	29.5	0	0	3
4320	968	0	1.6875	0.000236967971	0.000127897321	2.13032769e-05	0.000244836126	0.000116668299	3.44812301e-05	0	29.5	0	0	3
4325	969	0	1.68945312	0.000236795888	0.000128235191	2.13032769e-05	0.000244836126	0.000116668299	3.44812301e-05	0	29.5	0	0	3
4330	970	0	1.69140625	0.00023649341	0.000128572558	2.13032769e-05	0.000244836126	0.000116668299	3.44812301e-05	0	29.5	0	0	3
4335	971	0	1.69335938	0.000236045058	0.000128909904	2.13032769e-05	0.000244836126	0.000116668299	3.44812301e-05	0	29.5	0	0	3
4340	972	0	1.6953125	0.000235427804	0.000129247776	2.13032769e-05	0.000244836126	0.000116668299	3.44812301e-05	0	29.5	0	0	3
4345	973	0	1.69726562	0.000241235249	0.000129612659	2.13032769e-05	0.000244836126	0.000116668299	3.44812301e-05	0	29.5	0	0	3
4350	974	0	1.69921875	0.000240202288	0.000129979248	2.13032769e-05	0.000244836126	0.000116668299	3.44812301e-05	0	29.5	0	0	3
4355	975	0	1.70117188	0.000239060975	0.000130348417	2.13032769e-05	0.000244836126	0.000116668299	3.44812301e-05	0	29.5	0	0	3
4360	976	0	1.703125	0.000237809545	0.000130720704	2.13032769e-05	0.000244836126	0.000116668299	3.44812301e-05	0	29.5	0	0	3
4365	977	0	1.70507812	0.000236493653	0.00013109646	2.13032769e-05	0.000244836126	0.000116668299	3.44812301e-05	0	29.5	0	0	3
4370	978	0	1.70703125	0.000235146891	0.000131475861	2.13032769e-05	0.000244836126	0.000116668299	3.44812301e-05	0	29.5	0	0	3
4375	979	0	1.70898438	0.000233824418	0.0001318591	2.13032769e-05	0.000244836126	0.000116668299	3.44812301e-05	0	29.5	0	0	3
4380	980	0	1.7109375	0.000232578904	0.00013224654	2.13032769e-05	0.000244836126	0.000116668299	3.44812301e-05	0	29.5	0	0	3
4385	981	0	1.71289062	0.000231459291	0.000132638728	2.13032769e-05	0.000244836126	0.000116668299	3.44812301e-05	0	29.5	0	0	3
4390	982	0	1.71484375	0.000230497836	0.000133036301	2.13032769e-05	0.000244836126	0.000116668299	3.44812301e-05	0	29.5	0	0	3
4395	983	0	1.71679688	0.000229704982	0.00013343993	2.13032769e-05	0.000244836126	0.000116668299	3.44812301e-05	0	29.5	0	0	3
4400	984	0	1.71875	0.000229075765	0.000133850213	2.13032769e-05	0.000244836126	0.000116668299	3.44812301e-05	0	29.5	0	0	3
4405	986	0	1.72070312	0.000228595899	0.000134267517	2.13032769e-05	0.000244836126	0.000116668299	3.44812301e-05	0	29.5	0	0	3
4410	987	0	1.72265625	0.000228237167	0.000134691873	2.13032769e-05	0.000244836126	0.000116668299	3.44812301e-05	0	29.5	0	0	3
4415	988	0	1.72460938	0.000227959992	0.000135122906	2.13032769e-05	0.000244836126	0.000116668299	3.44812301e-05	0	29.5	0	0	3
4420	989	0	1.7265625	0.000227724366	0.000135559847	2.13032769e-05	0.000244836126	0.000116668299	3.44812301e-05	0	29.5	0	0	3
4425	990	0	1.72851562	0.000227499082	0.000136001565	2.13032769e-05	0.000244836126	0.000116668299	3.44812301e-05	0	29.5	0	0	3
4430	991	0	1.73046875	0.000227261313	0.000136446621	2.13032769e-05	0.000244836126	0.000116668299	3.44812301e-05	0	29.5	0	0	3
4435	992	0	1.73242188	0.000226995772	0.000136893482	2.13032769e-05	0.000244836126	0.000116668299	3.44812301e-05	0	29.5	0	0	3
4440	992	0	1.734375	0.000226696731	0.000137340551	2.13032769e-05	0.000244836126	0.000116668299	3.44812301e-05	0	29.5	0	0	3
4445	993	0	1.73632812	0.000226369238	0.000137786311	2.13032769e-05	0.000244836126	0.000116668299	3.44812301e-05	0	29.5	0	0	3
4450	994	0	1.73828125	0.000226025804	0.000138229275	2.13032769e-05	0.000244836126	0.000116668299	3.44812301e-05	0	29.5	0	0	3
4455	995	0	1.74023438	0.00022568013	0.000138883993	2.13032769e-05	0.000244836126	0.000116668299	3.44812301e-05	0	29.5	0	0	3
4460	996	0	1.7421875	0.00022534069	0.00013953316	2.13032769e-05	0.000244836126	0.000116668299	3.44812301e-05	0	29.5	0	0	3
4465	997	0	1.74414062	0.000225009238	0.000140174948	2.13032769e-05	0.000244836126	0.000116668299	3.44812301e-05	0	29.5	0	0	3
4470	998	0	1.74609375	0.000224681729	0.000140809244	2.13032769e-05	0.000244836126	0.000116668299	3.44812301e-05	0	29.5	0	0	3
4475	999	0	1.74804688	0.00022434781	0.00014143466	2.13032769e-05	0.000244836126	0.000116668299	3.44812301e-05	0	29.5	0	0	3
4480	1000	0	1.75	0.000223991398	0.000142048882	2.13032769e-05	0.000244836126	0.000116668299	3.44812301e-05	0	29.5	0	0	3
4485	1001	0	1.75195312	0.000223593414	0.000142652862	2.13032769e-05	0.000244836126	0.000116668299	3.44812301e-05	0	29.5	0	0	3
4490	1002	0	1.75390625	0.000223135762	0.000143249035	2.13032769e-05	0.000244836126	0.000116668299	3.44812301e-05	0	29.5	0	0	3
4495	1003	0	1.75585938	0.000222603316	0.000143839485	2.13032769e-05	0.000244836126	0.000116668299	3.44812301e-05	0	29.5	0	0	3
4500	1004	0	1.7578125	0.000221983995	0.000144425679	2.13032769e-05	0.000244836126	0.000116668299	3.44812301e-05	0	29.5	0	0	3
4505	1007	0	1.75976562	0.000221274595	0.000145008937	2.13032769e-05	0.000244836126	0.000116668299	3.44812301e-05	0	29.5	0	0	3
4510	1008	0	1.76171875	0.000211749446	0.000145556704	2.13032769e-05	0.000244836126	0.000116668299	3.44812301e-05	0	29.5	0	0	3
4515	1009	0	1.76367188	0.000210805978	0.000146104222	2.13032769e-05	0.000244836126	0.000116668299	3.44812301e-05	0	29.5	0	0	3
4520	1010	0	1.765625	0.000209891651	0.000146653221	2.13032769e-05	0.000244836126	0.000116668299	3.44812301e-05	0	29.5	0	0	3
4525	1011	0	1.76757812	0.000209015107	0.000147205261	2.13032769e-05	0.000244836126	0.000116668299	3.44812301e-05	0	29.5	0	0	3
4530	1012	0	1.76953125	0.00020804019	0.000147760665	2.13032769e-05	0.000244836126	0.000116668299	3.44812301e-05	0	29.5	0	0	3
4535	1013	0	1.77148438	0.000207035297	0.000148319306	2.13032769e-05	0.000244836126	0.000116668299	3.44812301e-05	0	29.5	0	0	3
4540	1014	0	1.7734375	0.000206093073	0.00014888111	2.13032769e-05	0.000244836126	0.000116668299	3.44812301e-05	0	29.5	0	0	3
4545	1015	0	1.77539062	0.000205221273	0.000149446043	2.13032769e-05	0.000244836126	0.000116668299	3.44812301e-05	0	29.5	0	0	3
4550	1016	0	1.77734375	0.0002044103	0.000150014276	2.13032769e-05	0.000244836126	0.000116668299	3.44812301e-05	0	29.5	0	0	3
4555	1017	0	1.77929688	0.000203663051	0.000150586229	2.13032769e-05	0.000244836126	0.000116668299	3.44812301e-05	0	29.5	0	0	3
4560	1018	0	1.78125	0.00020297714	0.000151162394	2.13032769e-05	0.000244836126	0.000116414708	3.44812301e-05	0	29.6	0	0	3
4565	1019	0	1.78320312	0.000202343048	0.00015174306	2.13032769e-05	0.000244836126	0.000116139736	3.44812301e-05	0	29.6	0	0	3
4570	1020	0	1.78515625	0.000201751785	0.000152328147	2.13032769e-05	0.000244836126	0.00011584681	3.44812301e-05	0	29.7	0	0	3
4575	1021	0	1.78710938	0.00020119585	0.000152917174	2.13032769e-05	0.000244836126	0.000115538693	3.44812301e-05	0	29.8	0	0	3
4580	1022	0	1.7890625	0.000200661346	0.000153509292	2.13032769e-05	0.000244836126	0.000115218847	3.44812301e-05	0	29.9	0	0	3
4585	1023	0	1.79101562	0.000200125838	0.000154103197	2.13032769e-05	0.000244836126	0.000114890909	3.44812301e-05	0	30	0	0	3
4590	1024	0	1.79296875	0.000199566435	0.000154697315	2.13032769e-05	0.000244836126	0.000114559349	3.44812301e-05	0	30	0	0	3
4595	1025	0	1.79492188	0.000198962475	0.000155289988	2.13032769e-05	0.000244836126	0.000114228749	3.44812301e-05	0	30.1	0	0	3
4600	1026	0	1.796875	0.00019830232	0.000155879593	2.13032769e-05	0.000244836126	0.000113903023	3.44812301e-05	0	30.2	0	0	3
4605	1029	0	1.79882812	0.000197584837	0.000156464624	2.13032769e-05	0.000244836126	0.000113584238	3.44812301e-05	0	30.3	0	0	3
4610	1030	0	1.80078125	0.000196827255	0.000157043388	2.13032769e-05	0.000244836126	0.000113273643	3.44812301e-05	0	30.4	0	0	3
4615	1031	0	1.80273438	0.000196055171	0.000157613981	2.13032769e-05	0.000244836126	0.000112972638	3.44812301e-05	0	30.5	0	0	3
4620	1032	0	1.8046875	0.000195290431	0.000158174489	2.13032769e-05	0.000244836126	0.000112554577	3.44812301e-05	0	30.6	0	0	3
4625	1033	0	1.80664062	0.000194546406	0.00015885122	2.37688769e-05	0.000244836126	0.000112147616	3.44812301e-05	0	30.7	0	0	3
4630	1034	0	1.80859375	0.00019382825	0.000159515515	2.61876197e-05	0.000244836126	0.000111750575	3.44812301e-05	0	30.8	0	0	3
4635	1035	0	1.81054688	0.000193136267	0.000160167658	2.89291068e-05	0.000244836126	0.000111363328	3.44812301e-05	0	30.9	0	0	3
4640	1036	0	1.8125	0.000192468852	0.000160806485	3.23047687e-05	0.000244836126	0.000110987008	3.44812301e-05	0	31	0	0	3
4645	1037	0	1.81445312	0.000191825332	0.000161429612	3.53334273e-05	0.000244836126	0.000110619049	3.44812301e-05	0	31.1	0	0	3
4650	1038	0	1.81640625	0.000191207423	0.000162038495	3.56828326e-05	0.000244836126	0.000110255683	3.44812301e-05	0	31.2	0	0	3
4655	1039	0	1.81835938	0.000190618756	0.00016263585	3.56828326e-05	0.000244836126	0.000109893472	3.44812301e-05	0	31.3	0	0	3
4660	1040	0	1.8203125	0.000190065088	0.000163224074	3.56828326e-05	0.000244836126	0.000109529404	3.44812301e-05	0	31.4	0	0	3
4665	1041	0	1.82226562	0.000189552269	0.000163805104	3.56828326e-05	0.000244836126	0.000109160558	3.44812301e-05	0	31.5	0	0	3
4670	1042	0	1.82421875	0.000189085719	0.00016438092	3.56828326e-05	0.000244836126	0.000108783762	3.44812301e-05	0	31.6	0	0	3
4675	1043	0	1.82617188	0.000188668598	0.000164953729	3.56828326e-05	0.000244836126	0.000108395993	3.44812301e-05	0	31.8	0	0	3
4680	1044	0	1.828125	0.000169245688	0.000165451103	3.56828326e-05	0.000244836126	0.000107994802	3.44812301e-05	0	31.9	0	0	3
4685	1045	0	1.83007812	0.000168812496	0.000165948428	3.56828326e-05	0.000244836126	0.000107578322	3.44812301e-05	0	32	0	0	3
4690	1046	0	1.83203125	0.000168525254	0.000166446969	3.56828326e-05	0.000244836126	0.000107145263	3.44812301e-05	0	32.1	0	0	3
4695	1047	0	1.83398438	0.000168250978	0.000166947023	3.56828326e-05	0.000244836126	0.000106694918	3.44812301e-05	0	32.3	0	0	3
4700	1048	0	1.8359375	0.000167995701	0.000167448425	3.56828326e-05	0.000244836126	0.000106227034	3.44812301e-05	0	32.4	0	0	3
4705	1050	0	1.83789062	0.000167763555	0.000167950911	3.56828326e-05	0.000244836126	0.000105741941	3.44812301e-05	0	32.6	0	0	3
4710	1051	0	1.83984375	0.000167516462	0.000168454168	3.56828326e-05	0.000244836126	0.000105240562	3.44812301e-05	0	32.7	0	0	3
4715	1052	0	1.84179688	0.000167258891	0.000168958038	3.56828326e-05	0.000244836126	0.000104724197	3.44812301e-05	0	32.9	0	0	3
4720	1053	0	1.84375	0.000166989616	0.000169462539	3.56828326e-05	0.000244836126	0.000104194482	3.44812301e-05	0	33	0	0	3
4725	1054	0	1.84570312	0.00016669069	0.000169967751	3.56828326e-05	0.000244836126	0.000103653574	3.44812301e-05	0	33.2	0	0	3
4730	1055	0	1.84765625	0.000166323606	0.000170473529	3.56828326e-05	0.000244836126	0.000102785644	3.44812301e-05	0	33.5	0	0	3
4735	1056	0	1.84960938	0.000165866431	0.000170979398	3.56828326e-05	0.000244836126	0.000101910103	3.44812301e-05	0	33.8	0	0	3
4740	1057	0	1.8515625	0.000165316959	0.000171484644	3.56828326e-05	0.000244836126	0.000101031455	3.44812301e-05	0	34.1	0	0	3
4745	1058	0	1.85351562	0.000164685426	0.000171988349	3.56828326e-05	0.000244836126	0.000100152652	3.44812301e-05	0	34.4	0	0	3
4750	1059	0	1.85546875	0.000163988306	0.000172489542	3.58486768e-05	0.000244836126	9.9275865e-05	3.44812301e-05	0	34.7	0	0	3
4755	1060	0	1.85742188	0.000163242559	0.000172987174	3.6277783e-05	0.000244836126	9.84041457e-05	3.44812301e-05	0	35	0	0	3
4760	1061	0	1.859375	0.000162464156	0.00017348009	3.70007667e-05	0.000244836126	9.75408972e-05	3.44812301e-05	0	35.3	0	0	3
4765	1062	0	1.86132812	0.000161662573	0.00017396705	3.80402221e-05	0.000244836126	9.6688968e-05	3.44812301e-05	0	35.6	0	0	3
4770	1063	0	1.86328125	0.000160836725	0.000174446724	3.93797416e-05	0.000244836126	9.58496797e-05	3.44812301e-05	0	35.9	0	0	3
4775	1064	0	1.86523438	0.000159979644	0.000174917817	4.05790474e-05	0.000244836126	9.50235247e-05	3.44812301e-05	0	36.2	0	0	3
4780	1065	0	1.8671875	0.000159091584	0.000175379192	4.05790474e-05	0.000244836126	9.42103432e-05	3.44812301e-05	0	36.6	0	0	3
4785	1066	0	1.86914062	0.000158181318	0.000175829847	4.05790474e-05	0.000244836126	9.33926648e-05	3.44812301e-05	0	36.9	0	0	3
4790	1067	0	1.87109375	0.000157265384	0.000176285653	4.28352476e-05	0.000244836126	9.25860072e-05	3.44812301e-05	0	37.2	0	0	3
4795	1068	0	1.87304688	0.000156366183	0.000176729134	4.52821105e-05	0.000244836126	9.17889137e-05	3.44812301e-05	0	37.5	0	0	3
4800	1069	0	1.875	0.000155509265	0.000177159708	4.7791544e-05	0.000244836126	9.09997178e-05	3.44812301e-05	0	37.8	0	0	3
4805	1071	0	1.87695312	0.000154719349	0.000177577395	5.02997494e-05	0.000244836126	9.02169476e-05	3.44812301e-05	0	38.2	0	0	3
4810	1072	0	1.87890625	0.000154017903	0.000177982544	5.27359252e-05	0.000244836126	8.94392128e-05	3.44812301e-05	0	38.5	0	0	3
4815	1072	0	1.88085938	0.000153420675	0.000178375844	5.49675838e-05	0.000244836126	8.866473e-05	3.44812301e-05	0	38.8	0	0	3
4820	1073	0	1.8828125	0.000152937671	0.00017875854	5.68925569e-05	0.000244836126	8.78913229e-05	3.44812301e-05	0	39.2	0	0	3
4825	1074	0	1.88476562	0.000152574327	0.000179132297	5.8472734e-05	0.000244836126	8.71165705e-05	3.44812301e-05	0	39.5	0	0	3
4830	1075	0	1.88671875	0.00015233589	0.00017949895	5.97139013e-05	0.000244836126	8.63380935e-05	3.44812301e-05	0	39.9	0	0	3
4835	1076	0	1.88867188	0.000152225579	0.000179860323	6.06588805e-05	0.000244836126	8.55537517e-05	3.44812301e-05	0	40.3	0	0	3
4840	1077	0	1.890625	0.000152246072	0.000180218086	6.13673062e-05	0.000244836126	8.47616111e-05	3.44812301e-05	0	40.6	0	0	3
4845	1078	0	1.89257812	0.00013137251	0.000180491544	6.18999992e-05	0.000244836126	8.39600701e-05	3.44812301e-05	0	41	0	0	3
4850	1079	0	1.89453125	0.000131536219	0.00018076356	6.23189368e-05	0.000244836126	8.31480384e-05	3.44812301e-05	0	41.4	0	0	3
4855	1080	0	1.89648438	0.000131872457	0.000181035253	6.26963075e-05	0.000244836126	8.23250563e-05	3.44812301e-05	0	41.8	0	0	3
4860	1081	0	1.8984375	0.000132236711	0.000181306896	6.31077406e-05	0.000244836126	8.14913243e-05	3.44812301e-05	0	42.3	0	0	3
4865	1082	0	1.90039062	0.000132710247	0.00018157878	6.3617768e-05	0.000244836126	8.06476808e-05	3.44812301e-05	0	42.7	0	0	3
4870	1083	0	1.90234375	0.000133359715	0.00018185121	6.42565904e-05	0.000244836126	7.97954524e-05	3.44812301e-05	0	43.2	0	0	3
4875	1084	0	1.90429688	0.000133914909	0.000182123313	6.50187577e-05	0.000244836126	7.89363062e-05	3.44812301e-05	0	43.6	0	0	3
4880	1085	0	1.90625	0.000134284043	0.00018239388	6.58668535e-05	0.000244836126	7.80722312e-05	3.44812301e-05	0	44.1	0	0	3
4885	1086	0	1.90820312	0.000134501292	0.000182661984	6.67313624e-05	0.000244836126	7.7205392e-05	3.44812301e-05	0	44.6	0	0	3
4890	1087	0	1.91015625	0.0001345984	0.000182927089	6.75590349e-05	0.000244836126	7.63378968e-05	3.44812301e-05	0	45.1	0	0	3
4895	1088	0	1.91210938	0.000134567199	0.00018318884	6.83368669e-05	0.000244836126	7.5210219e-05	3.44812301e-05	0	45.8	0	0	3
4900	1089	0	1.9140625	0.000134402104	0.000183446907	6.90768713e-05	0.000244836126	7.40840817e-05	3.44812301e-05	0	46.5	0	0	3
4905	1092	0	1.91601562	0.000134113876	0.000183700958	6.98094275e-05	0.000244836126	7.29614956e-05	3.44812301e-05	0	47.2	0	0	3
4910	1093	0	1.91796875	0.000133693767	0.000183950506	7.05739672e-05	0.000244836126	7.1845479e-05	3.44812301e-05	0	47.9	0	0	3
4915	1094	0	1.91992188	0.00013315419	0.00018419496	7.14046538e-05	0.000244836126	7.07383552e-05	3.44812301e-05	0	48.7	0	0	3
4920	1095	0	1.921875	0.000132544195	0.000184433786	7.23214256e-05	0.000244836126	6.96427634e-05	3.44812301e-05	0	49.5	0	0	3
4925	1096	0	1.92382812	0.000131902434	0.000184666525	7.33284104e-05	0.000244836126	6.85616453e-05	3.44812301e-05	0	50.2	0	0	3
4930	1097	0	1.92578125	0.000131250731	0.000184892784	7.44188188e-05	0.000244836126	6.7496668e-05	3.44812301e-05	0	51	0	0	3
4935	1098	0	1.92773438	0.000130593846	0.000185112218	7.55769576e-05	0.000244836126	6.6448511e-05	3.44812301e-05	0	51.8	0	0	3
4940	1099	0	1.9296875	0.000129920041	0.000185324495	7.67814589e-05	0.000244836126	6.54168007e-05	3.44812301e-05	0	52.7	0	0	3
4945	1100	0	1.93164062	0.000129214355	0.000185529311	7.80114948e-05	0.000244836126	6.44002876e-05	3.44812301e-05	0	53.5	0	0	3
4950	1101	0	1.93359375	0.00012847903	0.00018572645	9.78761105e-05	0.000244836126	6.34698396e-05	3.44812301e-05	0	54.3	0	0	3
4955	1102	0	1.93554688	0.000127730948	0.00018584307	9.9225801e-05	0.000244836126	6.25509173e-05	3.44812301e-05	0	55.1	0	0	3
4960	1103	0	1.9375	0.000126996884	0.000185951551	0.000100428957	0.000244836126	6.16406938e-05	3.44812301e-05	0	55.9	0	0	3
4965	1104	0	1.93945312	0.000126307075	0.000186052638	0.000101564038	0.000244836126	6.14250866e-05	3.44812301e-05	0	56.1	0	0	3
4970	1105	0	1.94140625	0.000125691801	0.000186146887	0.000102884184	0.000244836126	6.15193357e-05	3.44812301e-05	0	56	0	0	3
4975	1106	0	1.94335938	0.000125179352	0.000186233977	0.000104293765	0.000244836126	6.16064262e-05	3.44812301e-05	0	55.9	0	0	3
4980	1107	0	1.9453125	0.000124786885	0.000186314028	0.000105569718	0.000244836126	6.16864775e-05	3.44812301e-05	0	55.8	0	0	3
4985	1108	0	1.94726562	0.000124520467	0.000186388055	0.000106677044	0.000244836126	6.17605038e-05	3.44812301e-05	0	55.8	0	0	3
4990	1109	0	1.94921875	0.000124388713	0.000186457241	0.000107696665	0.000244836126	6.182969e-05	3.44812301e-05	0	55.7	0	0	3
4995	1110	0	1.95117188	0.00012440552	0.00018652251	0.000108714167	0.000244836126	6.1894959e-05	3.44812301e-05	0	55.7	0	0	3
5000	1111	0	1.953125	0.000124579201	0.000186584483	0.000109724082	0.000244836126	6.19569318e-05	3.44812301e-05	0	55.6	0	0	3
5005	1113	0	1.95507812	0.000124924025	0.000186643858	0.000110708137	0.000244836126	6.20163065e-05	3.44812301e-05	0	55.6	0	0	3
5010	1114	0	1.95703125	0.000125448508	0.000186701437	0.000111665006	0.000244836126	6.20738861e-05	3.44812301e-05	0	55.5	0	0	3
5015	1115	0	1.95898438	0.000111046076	0.000186699019	0.000111046076	0.000244836126	6.20738861e-05	3.44812301e-05	0	55.5	0	0	3
5020	1116	0	1.9609375	0.000111813432	0.00018669589	0.000111046076	0.000244836126	6.20738861e-05	3.44812301e-05	0	55.5	0	0	3
5025	1117	0	1.96289062	0.000112551236	0.000186691809	0.000111046076	0.000244836126	6.20738861e-05	3.44812301e-05	0	55.5	0	0	3
5030	1118	0	1.96484375	0.000113437686	0.000186687084	0.000111046076	0.000244836126	6.20738861e-05	3.44812301e-05	0	55.5	0	0	3
5035	1119	0	1.96679688	0.000114526946	0.000186682163	0.000111046076	0.000244836126	6.20738861e-05	3.44812301e-05	0	55.5	0	0	3
5040	1120	0	1.96875	0.000115524489	0.000186676358	0.000111046076	0.000244836126	6.20738861e-05	3.44812301e-05	0	55.5	0	0	3
5045	1121	0	1.97070312	0.000116334338	0.00018666865	0.000111046076	0.000244836126	6.20738861e-05	3.44812301e-05	0	55.5	0	0	3
5050	1122	0	1.97265625	0.000116961482	0.000186658121	0.000111046076	0.000244836126	6.20738861e-05	3.44812301e-05	0	55.5	0	0	3
5055	1123	0	1.97460938	0.000117441523	0.000186644086	0.000111046076	0.000244836126	6.20738861e-05	3.44812301e-05	0	55.5	0	0	3
5060	1124	0	1.9765625	0.000117784889	0.000186625994	0.000111046076	0.000244836126	6.20738861e-05	3.44812301e-05	0	55.5	0	0	3
5065	1125	0	1.97851562	0.000117958342	0.000186603236	0.000111046076	0.000244836126	6.20738861e-05	3.44812301e-05	0	55.5	0	0	3
5070	1126	0	1.98046875	0.000117968297	0.000186575287	0.000111046076	0.000244836126	6.20738861e-05	3.44812301e-05	0	55.5	0	0	3
5075	1127	0	1.98242188	0.000117859533	0.000186541843	0.000111046076	0.000244836126	6.20738861e-05	3.44812301e-05	0	55.5	0	0	3
5080	1128	0	1.984375	0.000117659399	0.000186502752	0.000111046076	0.000244836126	6.20738861e-05	3.44812301e-05	0	55.5	0	0	3
5085	1129	0	1.98632812	0.000117385963	0.000186457966	0.000111046076	0.000244836126	6.20738861e-05	3.44812301e-05	0	55.5	0	0	3
5090	1130	0	1.98828125	0.000117077553	0.000186407625	0.000111046076	0.000244836126	6.20738861e-05	3.44812301e-05	0	55.5	0	0	3
5095	1131	0	1.99023438	0.000116766231	0.000186352035	0.000111046076	0.000244836126	6.20738861e-05	3.44812301e-05	0	55.5	0	0	3
5100	1132	0	1.9921875	0.000116466647	0.00018629161	0.000111046076	0.000244836126	6.20738861e-05	3.44812301e-05	0	55.5	0	0	3
5105	1134	0	1.99414062	0.000116177755	0.000186226795	0.000111046076	0.000244836126	6.20738861e-05	3.44812301e-05	0	55.5	0	0	3
5110	1135	0	1.99609375	0.000115885095	0.000186158023	0.000111046076	0.000244836126	6.20738861e-05	3.44812301e-05	0	55.5	0	0	3
5115	1136	0	1.99804688	0.000115574585	0.000186085701	0.000111046076	0.000244836126	6.20738861e-05	3.44812301e-05	0	55.5	0	0	3
5120	1137	0	2	0.000115248389	0.000186010285	0.000111046076	0.000244836126	6.20738861e-05	3.44812301e-05	0	55.5	0	0	3
5125	1138	0	2.00195312	0.000114925405	0.000185813584	0.000111046076	0.000244836126	6.20738861e-05	3.44812301e-05	0	55.5	0	0	3
5130	1139	0	2.00390625	0.000114631257	0.000185614844	0.000111046076	0.000244836126	6.20738861e-05	3.44812301e-05	0	55.5	0	0	3
5135	1140	0	2.00585938	0.000114387539	0.00018541462	0.000111046076	0.000244836126	6.20738861e-05	3.44812301e-05	0	55.5	0	0	3
5140	1141	0	2.0078125	0.000114209226	0.000185213326	0.000111046076	0.000244836126	6.20738861e-05	3.44812301e-05	0	55.5	0	0	3
5145	1142	0	2.00976562	0.000114109852	0.000185011175	0.000111046076	0.000244836126	6.20738861e-05	3.44812301e-05	0	55.5	0	0	3
5150	1143	0	2.01171875	0.000114104702	0.000184808528	0.000111046076	0.000244836126	6.20738861e-05	3.44812301e-05	0	55.5	0	0	3
5155	1144	0	2.01367188	0.000114209101	0.000184606176	0.000111046076	0.000244836126	6.20738861e-05	3.44812301e-05	0	55.5	0	0	3
5160	1145	0	2.015625	0.000114453294	0.000184404631	0.000111046076	0.000244836126	6.20738861e-05	3.44812301e-05	0	55.5	0	0	3
5165	1146	0	2.01757812	0.000114861304	0.000184204049	0.000111046076	0.000244836126	6.20738861e-05	3.44812301e-05	0	55.5	0	0	3
5170	1147	0	2.01953125	0.000115428926	0.000184004352	0.000111046076	0.000244836126	6.20738861e-05	3.44812301e-05	0	55.5	0	0	3
5175	1148	0	2.02148438	0.00011611062	0.000183805345	0.000111046076	0.000244836126	6.20738861e-05	3.44812301e-05	0	55.5	0	0	3
5180	1149	0	2.0234375	0.000111822748	0.000183587012	0.000111046076	0.000244836126	6.20738861e-05	3.44812301e-05	0	55.5	0	0	3
5185	1150	0	2.02539062	0.000112656809	0.00018336872	0.000111046076	0.000244836126	6.20738861e-05	3.44812301e-05	0	55.5	0	0	3
5190	1151	0	2.02734375	0.000113525025	0.000183150008	0.000111046076	0.000244836126	6.20738861e-05	3.44812301e-05	0	55.5	0	0	3
5195	1152	0	2.02929688	0.000114453957	0.000182930687	0.000111046076	0.000244836126	6.20738861e-05	3.44812301e-05	0	55.5	0	0	3
5200	1153	0	2.03125	0.000115397869	0.00018271058	0.000111046076	0.000244836126	6.20738861e-05	3.44812301e-05	0	55.5	0	0	3
5205	1156	0	2.03320312	0.000116312652	0.000182489495	0.000111046076	0.000244836126	6.20738861e-05	3.44812301e-05	0	55.5	0	0	3
5210	1157	0	2.03515625	0.000117163928	0.000182267181	0.000111046076	0.000244836126	6.20738861e-05	3.44812301e-05	0	55.5	0	0	3
5215	1158	0	2.03710938	0.000117917732	0.000182043229	0.000111046076	0.000244836126	6.20738861e-05	3.44812301e-05	0	55.5	0	0	3
5220	1159	0	2.0390625	0.000118554124	0.000181817065	0.000111046076	0.000244836126	6.20738861e-05	3.44812301e-05	0	55.5	0	0	3
5225	1160	0	2.04101562	0.000119056123	0.000181587958	0.000111046076	0.000244836126	6.20738861e-05	3.44812301e-05	0	55.5	0	0	3
5230	1161	0	2.04296875	0.000119430288	0.000181355193	0.000111046076	0.000244836126	6.20738861e-05	3.44812301e-05	0	55.5	0	0	3
5235	1162	0	2.04492188	0.000119698782	0.000181118238	0.000111046076	0.000244836126	6.20738861e-05	3.44812301e-05	0	55.5	0	0	3
5240	1163	0	2.046875	0.000119883819	0.000180876781	0.000111046076	0.000244836126	6.20738861e-05	3.44812301e-05	0	55.5	0	0	3
5245	1164	0	2.04882812	0.000120009079	0.000180630751	0.000111046076	0.000244836126	6.20738861e-05	3.44812301e-05	0	55.5	0	0	3
5250	1165	0	2.05078125	0.000120098468	0.000180380319	0.000111046076	0.000244836126	6.20738861e-05	3.44812301e-05	0	55.5	0	0	3
5255	1166	0	2.05273438	0.000120177043	0.000180125904	0.000111046076	0.000244836126	6.20738861e-05	3.44812301e-05	0	55.5	0	0	3
5260	1167	0	2.0546875	0.00012026969	0.000179868161	0.000111046076	0.000244836126	6.20738861e-05	3.44812301e-05	0	55.5	0	0	3
5265	1168	0	2.05664062	0.00012039266	0.000179607913	0.000111046076	0.000244836126	6.20738861e-05	3.44812301e-05	0	55.5	0	0	3
5270	1169	0	2.05859375	0.000120549399	0.000179346084	0.000111046076	0.000244836126	6.20738861e-05	3.44812301e-05	0	55.5	0	0	3
5275	1170	0	2.06054688	0.000120732649	0.000179083644	0.000111046076	0.000244836126	6.20738861e-05	3.44812301e-05	0	55.5	0	0	3
5280	1171	0	2.0625	0.000120922695	0.00017882141	0.000111046076	0.000244836126	6.20738861e-05	3.44812301e-05	0	55.5	0	0	3
5285	1172	0	2.06445312	0.000121103488	0.000178560056	0.000111046076	0.000244836126	6.20738861e-05	3.44812301e-05	0	55.5	0	0	3
5290	1173	0	2.06640625	0.000121266121	0.000178181276	0.000111046076	0.000244836126	6.20738861e-05	3.44812301e-05	0	55.5	0	0	3
5295	1174	0	2.06835938	0.000121411764	0.000177803964	0.000111046076	0.000244836126	6.20738861e-05	3.44812301e-05	0	55.5	0	0	3
5300	1175	0	2.0703125	0.000121552374	0.000177428974	0.000111046076	0.000244836126	6.20738861e-05	3.44812301e-05	0	55.5	0	0	3
5305	1177	0	2.07226562	0.000121705824	0.000177056794	0.000111046076	0.000244836126	6.20738861e-05	3.44812301e-05	0	55.5	0	0	3
5310	1178	0	2.07421875	0.000121891504	0.000176688185	0.000111046076	0.000244836126	6.20738861e-05	3.44812301e-05	0	55.5	0	0	3
5315	1179	0	2.07617188	0.000122129127	0.000176324027	0.000111046076	0.000244836126	6.20738861e-05	3.44812301e-05	0	55.5	0	0	3
5320	1180	0	2.078125	0.000122433451	0.000175964543	0.000111046076	0.000244836126	6.20738861e-05	3.44812301e-05	0	55.5	0	0	3
5325	1181	0	2.08007812	0.000122809557	0.000175609671	0.000111046076	0.000244836126	6.20738861e-05	3.44812301e-05	0	55.5	0	0	3
5330	1182	0	2.08203125	0.000123244096	0.000175259018	0.000111046076	0.000244836126	6.20738861e-05	3.44812301e-05	0	55.5	0	0	3
5335	1184	0	2.08398438	0.000123724391	0.000174911966	0.000111046076	0.000244836126	6.20738861e-05	3.44812301e-05	0	55.5	0	0	3
5340	1185	0	2.0859375	0.000124238167	0.000174567751	0.000111046076	0.000244836126	6.20738861e-05	3.44812301e-05	0	55.5	0	0	3
5345	1186	0	2.08789062	0.000129339546	0.000174243346	0.000111046076	0.000244836126	6.20738861e-05	3.44812301e-05	0	55.5	0	0	3
5350	1187	0	2.08984375	0.000129953177	0.000173920406	0.000111046076	0.000244836126	6.20738861e-05	3.44812301e-05	0	55.5	0	0	3
5355	1188	0	2.09179688	0.00013049764	0.000173597957	0.000111046076	0.000244836126	6.20738861e-05	3.44812301e-05	0	55.5	0	0	3
5360	1189	0	2.09375	0.000131045213	0.000173275337	0.000111046076	0.000244836126	6.20738861e-05	3.44812301e-05	0	55.5	0	0	3
5365	1190	0	2.09570312	0.000131674648	0.000172952299	0.000111046076	0.000244836126	6.20738861e-05	3.44812301e-05	0	55.5	0	0	3
5370	1191	0	2.09765625	0.000132333288	0.00017262878	0.000111046076	0.000244836126	6.20738861e-05	3.44812301e-05	0	55.5	0	0	3
5375	1192	0	2.09960938	0.000132941645	0.000172304601	0.000111046076	0.000244836126	6.20738861e-05	3.44812301e-05	0	55.5	0	0	3
5380	1193	0	2.1015625	0.000133482493	0.000171979519	0.000111046076	0.000244836126	6.20738861e-05	3.44812301e-05	0	55.5	0	0	3
5385	1194	0	2.10351562	0.000133975269	0.000171653324	0.000111046076	0.000244836126	6.20738861e-05	3.44812301e-05	0	55.5	0	0	3
5390	1195	0	2.10546875	0.000134431759	0.000171325819	0.000111046076	0.000244836126	6.20738861e-05	3.44812301e-05	0	55.5	0	0	3
5395	1196	0	2.10742188	0.000134851198	0.000170996789	0.000111046076	0.000244836126	6.20738861e-05	3.44812301e-05	0	55.5	0	0	3
5400	1197	0	2.109375	0.000135226209	0.000170665978	0.000111046076	0.000244836126	6.20738861e-05	3.44812301e-05	0	55.5	0	0	3
5405	1199	0	2.11132812	0.000135556438	0.000170333147	0.000111046076	0.000244836126	6.20738861e-05	3.44812301e-05	0	55.5	0	0	3
5410	1200	0	2.11328125	0.00013585918	0.000169998185	0.000111046076	0.000244836126	6.20738861e-05	3.44812301e-05	0	55.5	0	0	3
5415	1201	0	2.11523438	0.000136161217	0.00016966118	0.000111046076	0.000244836126	6.20738861e-05	3.44812301e-05	0	55.5	0	0	3
5420	1202	0	2.1171875	0.000136486203	0.000169322448	0.000111046076	0.000244836126	6.20738861e-05	3.44812301e-05	0	55.5	0	0	3
5425	1203	0	2.11914062	0.000136847301	0.000168982524	0.000111046076	0.000244836126	6.20738861e-05	3.44812301e-05	0	55.5	0	0	3
5430	1204	0	2.12109375	0.00013724874	0.000168642142	0.000111046076	0.000244836126	6.20738861e-05	3.44812301e-05	0	55.5	0	0	3
5435	1205	0	2.12304688	0.000137689547	0.000168302243	0.000111046076	0.000244836126	6.20738861e-05	3.44812301e-05	0	55.5	0	0	3
5440	1206	0	2.125	0.00013816073	0.000167963766	0.000111046076	0.000244836126	6.20738861e-05	3.44812301e-05	0	55.5	0	0	3
5445	1207	0	2.12695312	0.000138645324	0.000167627515	0.000111046076	0.000244836126	6.20738861e-05	3.44812301e-05	0	55.5	0	0	3
5450	1208	0	2.12890625	0.000139125836	0.000167294135	0.000111046076	0.000244836126	6.20738861e-05	3.44812301e-05	0	55.5	0	0	3
5455	1209	0	2.13085938	0.000139590562	0.000166964226	0.000111046076	0.000244836126	6.20738861e-05	3.44812301e-05	0	55.5	0	0	3
5460	1210	0	2.1328125	0.000140034331	0.000166554844	0.000111046076	0.000244051429	6.20738861e-05	3.44812301e-05	0	55.5	0	0	3
5465	1211	0	2.13476562	0.00014045659	0.000166150177	0.000111046076	0.000243120481	6.20727941e-05	3.44812301e-05	0	55.5	0	0	3
5470	1212	0	2.13671875	0.000140859192	0.000165750719	0.000111046076	0.000241918536	6.20699559e-05	3.44812301e-05	0	55.5	0	0	3
5475	1213	0	2.13867188	0.000141244875	0.000165357462	0.000111046076	0.000241235249	6.20657897e-05	3.44812301e-05	0	55.5	0	0	3
5480	1214	0	2.140625	0.000141616104	0.000164971082	0.000111046076	0.000241235249	6.20598788e-05	3.44812301e-05	0	55.5	0	0	3
5485	1215	0	2.14257812	0.000141974458	0.000164591437	0.000111046076	0.000241235249	6.20517343e-05	3.44812301e-05	0	55.5	0	0	3
5490	1216	0	2.14453125	0.000142320192	0.00016421831	0.000111046076	0.000241235249	6.20404763e-05	3.44812301e-05	0	55.5	0	0	3
5495	1217	0	2.14648438	0.000142651599	0.000163851099	0.000111046076	0.000241235249	6.20249826e-05	3.44812301e-05	0	55.5	0	0	3
5500	1218	0	2.1484375	0.000142963739	0.000163488938	0.000111046076	0.000241235249	6.20041311e-05	3.44812301e-05	0	55.6	0	0	3
5505	1220	0	2.15039062	0.000143250864	0.00016313089	0.000111046076	0.000241235249	6.19768398e-05	3.44812301e-05	0	55.6	0	0	3
5510	1222	0	2.15234375	0.000143508771	0.000162775964	0.000111046076	0.000241235249	6.19421161e-05	3.44812301e-05	0	55.6	0	0	3
5515	1223	0	2.15429688	0.000154354362	0.000162464615	0.000111046076	0.000241235249	6.18991914e-05	3.44812301e-05	0	55.7	0	0	3
5520	1224	0	2.15625	0.00015455521	0.000162154458	0.000111046076	0.000241235249	6.18476571e-05	3.44812301e-05	0	55.7	0	0	3
5525	1225	0	2.15820312	0.000154683263	0.000161844606	0.000111046076	0.000241235249	6.1787482e-05	3.44812301e-05	0	55.8	0	0	3
5530	1226	0	2.16015625	0.000154847319	0.000161534809	0.000111046076	0.000241235249	6.17189228e-05	3.44812301e-05	0	55.8	0	0	3
5535	1227	0	2.16210938	0.000155042575	0.000161224949	0.000111046076	0.000241235249	6.16424288e-05	3.44812301e-05	0	55.9	0	0	3
5540	1228	0	2.1640625	0.000155246352	0.000160914907	0.000111046076	0.000241235249	6.15586695e-05	3.44812301e-05	0	56	0	0	3
5545	1229	0	2.16601562	0.00015539959	0.000160604473	0.000111046076	0.000241235249	6.14684651e-05	3.44812301e-05	0	56	0	0	3
5550	1230	0	2.16796875	0.000155526943	0.000160293619	0.000111046076	0.000241235249	6.13726783e-05	3.44812301e-05	0	56.1	0	0	3
5555	1231	0	2.16992188	0.00015568652	0.000159982528	0.000111046076	0.000241235249	6.12721607e-05	3.44812301e-05	0	56.2	0	0	3
5560	1232	0	2.171875	0.000155896683	0.000159671407	0.000111046076	0.000241235249	6.11677232e-05	3.44812301e-05	0	56.3	0	0	3
5565	1233	0	2.17382812	0.00015616155	0.00015936043	0.000111046076	0.000241235249	6.08355794e-05	3.44812301e-05	0	56.6	0	0	3
5570	1234	0	2.17578125	0.000156472921	0.000159049714	0.000111046076	0.000241235249	6.04997221e-05	3.44812301e-05	0	56.9	0	0	3
5575	1235	0	2.17773438	0.000156815495	0.000158739324	0.000111046076	0.000241235249	6.01617464e-05	3.44812301e-05	0	57.3	0	0	3
5580	1236	0	2.1796875	0.000157181767	0.000158429346	0.000111046076	0.000241235249	5.98224251e-05	3.44812301e-05	0	57.6	0	0	3
5585	1237	0	2.18164062	0.000157573784	0.00015811998	0.000111046076	0.000241235249	5.94824699e-05	3.44812301e-05	0	57.9	0	0	3
5590	1238	0	2.18359375	0.000157992249	0.000157811573	0.000111046076	0.000241235249	5.91428244e-05	3.44812301e-05	0	58.3	0	0	3
5595	1239	0	2.18554688	0.000158432161	0.000157504599	0.000111046076	0.000241235249	5.88041164e-05	3.44812301e-05	0	58.6	0	0	3
5600	1240	0	2.1875	0.000158886914	0.000157199595	0.000111046076	0.000241235249	5.84662461e-05	3.44812301e-05	0	58.9	0	0	3
5605	1242	0	2.18945312	0.000159353635	0.000156897086	0.000111046076	0.000241235249	5.81288793e-05	3.44812301e-05	0	59.3	0	0	3
5610	1244	0	2.19140625	0.000159833818	0.000156597634	0.000111046076	0.000241235249	5.77915328e-05	3.44812301e-05	0	59.6	0	0	3
5615	1245	0	2.19335938	0.000160331291	0.000156301878	0.000111046076	0.000241235249	5.74536613e-05	3.44812301e-05	0	60	0	0	3
5620	1246	0	2.1953125	0.000160844776	0.000156010538	0.000111046076	0.000241235249	5.7088778e-05	3.44812301e-05	0	60.3	0	0	3
5625	1247	0	2.19726562	0.000161366074	0.000155698549	0.000111046076	0.000240202288	5.6722189e-05	3.44812301e-05	0	60.7	0	0	3
5630	1248	0	2.19921875	0.000161881736	0.000155392609	0.000111046076	0.000239060975	5.635302e-05	3.44812301e-05	0	61.1	0	0	3
5635	1249	0	2.20117188	0.000162375294	0.000155093056	0.000111046076	0.000237809545	5.59807331e-05	3.44812301e-05	0	61.5	0	0	3
5640	1250	0	2.203125	0.000162831377	0.000154800172	0.000111046076	0.000236493653	5.56049769e-05	3.44812301e-05	0	62	0	0	3
5645	1251	0	2.20507812	0.000163237479	0.000154514015	0.000111046076	0.000235146891	5.52255759e-05	3.44812301e-05	0	62.4	0	0	3
5650	1252	0	2.20703125	0.000163584031	0.000154234473	0.000111046076	0.000233824418	5.48423367e-05	3.44812301e-05	0	62.8	0	0	3
5655	1253	0	2.20898438	0.000163864658	0.000153961192	0.000111046076	0.000232578904	5.44548973e-05	3.44812301e-05	0	63.3	0	0	3
5660	1254	0	2.2109375	0.000164075259	0.0001536936	0.000111046076	0.000231459291	5.40627091e-05	3.44812301e-05	0	63.7	0	0	3
5665	1255	0	2.21289062	0.000164212217	0.000153430916	0.000111046076	0.000230497836	5.36651362e-05	3.44812301e-05	0	64.2	0	0	3
5670	1256	0	2.21484375	0.000164275812	0.000153172236	0.000111046076	0.000229704982	5.32615067e-05	3.44812301e-05	0	64.7	0	0	3
5675	1257	0	2.21679688	0.000164270914	0.000152916635	0.000111046076	0.000229075765	5.28512245e-05	3.44812301e-05	0	65.2	0	0	3
5680	1258	0	2.21875	0.000175973001	0.000152709202	0.000111046076	0.000228595899	5.24339201e-05	3.44812301e-05	0	65.7	0	0	3
5685	1259	0	2.22070312	0.000175938355	0.000152503508	0.000111046076	0.000228237167	5.20095638e-05	3.44812301e-05	0	66.2	0	0	3
5690	1260	0	2.22265625	0.000175736987	0.00015229843	0.000111046076	0.000227959992	5.15785311e-05	3.44812301e-05	0	66.8	0	0	3
5695	1261	0	2.22460938	0.000175553908	0.000152093718	0.000111046076	0.000227724366	5.11415899e-05	3.44812301e-05	0	67.4	0	0	3
5700	1262	0	2.2265625	0.000175366115	0.000151889194	0.000111046076	0.000227499082	5.06998721e-05	3.44812301e-05	0	68	0	0	3
5705	1264	0	2.22851562	0.000175134778	0.000151684646	0.000111046076	0.000227261313	5.0254816e-05	3.44812301e-05	0	68.6	0	0	3
5710	1265	0	2.23046875	0.000174911042	0.000151480153	0.000111046076	0.000226995772	4.98079549e-05	3.44812301e-05	0	69.2	0	0	3
5715	1266	0	2.23242188	0.000174698104	0.000151275865	0.000111046076	0.000226696731	4.93608861e-05	3.44812301e-05	0	69.8	0	0	3
5720	1267	0	2.234375	0.000174540037	0.000151072128	0.000111046076	0.000226369238	4.89151263e-05	3.44812301e-05	0	70.4	0	0	3
5725	1268	0	2.23632812	0.000174465817	0.00015086938	0.000111046076	0.000226025804	4.84721621e-05	3.44812301e-05	0	71.1	0	0	3
5730	1269	0	2.23828125	0.000174482212	0.000150668038	0.000111046076	0.00022568013	4.78174444e-05	3.44812301e-05	0	72.1	0	0	3
5735	1270	0	2.24023438	0.000174582203	0.000150468437	0.000111046076	0.00022534069	4.7168277e-05	3.44812301e-05	0	73.1	0	0	3
5740	1271	0	2.2421875	0.000174753151	0.000150270829	0.000111046076	0.000225009238	4.65264887e-05	3.44812301e-05	0	74.1	0	0	3
5745	1272	0	2.24414062	0.00017499086	0.000150075445	0.000111046076	0.000224681729	4.58921935e-05	3.44812301e-05	0	75.1	0	0	3
5750	1274	0	2.24609375	0.000175290358	0.00014988251	0.000111046076	0.00022434781	4.52667772e-05	3.44812301e-05	0	76.1	0	0	3
5755	1275	0	2.24804688	0.000175623983	0.000149692182	0.000111046076	0.000223991398	4.46525554e-05	3.44812301e-05	0	77.2	0	0	3
5760	1276	0	2.25	0.00017596378	0.000149504574	0.000111046076	0.000223593414	4.40485755e-05	3.44812301e-05	0	78.2	0	0	3
5765	1277	0	2.25195312	0.000176296167	0.000149319819	0.000111046076	0.000223135762	4.34524022e-05	3.44812301e-05	0	79.3	0	0	3
5770	1278	0	2.25390625	0.000176620552	0.000149138119	0.000111046076	0.000222603316	4.28619523e-05	3.44812301e-05	0	80.4	0	0	3
5775	1279	0	2.25585938	0.000176943149	0.000148959759	0.000111046076	0.000221983995	4.22757582e-05	3.44812301e-05	0	81.5	0	0	3
5780	1280	0	2.2578125	0.000177272253	0.000148785104	0.000111046076	0.000221274595	4.16924999e-05	3.44812301e-05	0	82.7	0	0	3
5785	1281	0	2.25976562	0.00017761666	0.000148614565	0.000111046076	0.000211749446	4.11447327e-05	3.44812301e-05	0	83.8	0	0	3
5790	1282	0	2.26171875	0.000177980978	0.000148482657	0.000111046076	0.000210805978	4.05972148e-05	3.44812301e-05	0	84.9	0	0	3
5795	1283	0	2.26367188	0.000178359769	0.000148355914	0.000111046076	0.000209891651	4.0048216e-05	3.44812301e-05	0	86	0	0	3
5800	1284	0	2.265625	0.000178739809	0.000148234227	0.000111046076	0.000209015107	3.94961759e-05	3.44812301e-05	0	87.3	0	0	3
5805	1286	0	2.26757812	0.000179101388	0.000148117377	0.000111046076	0.00020804019	3.89407721e-05	3.44812301e-05	0	88.5	0	0	3
5810	1287	0	2.26953125	0.00017942363	0.000148005593	0.000111046076	0.000207035297	3.86958437e-05	3.44812301e-05	0	89.1	0	0	3
5815	1288	0	2.27148438	0.000179685783	0.000147898759	0.000111046076	0.000206093073	3.88026778e-05	3.44812301e-05	0	88.8	0	0	3
5820	1289	0	2.2734375	0.000179868288	0.000147796319	0.000111046076	0.000205221273	3.89051183e-05	3.44812301e-05	0	88.6	0	0	3
5825	1290	0	2.27539062	0.000179959897	0.000147697642	0.000111046076	0.0002044103	3.90037956e-05	3.44812301e-05	0	88.4	0	0	3
5830	1291	0	2.27734375	0.00017996559	0.000147602154	0.000111046076	0.000203663051	3.90992827e-05	3.44812301e-05	0	88.1	0	0	3
5835	1292	0	2.27929688	0.000179894827	0.00014750931	0.000111046076	0.00020297714	3.91921274e-05	3.44812301e-05	0	87.9	0	0	3
5840	1293	0	2.28125	0.000179750182	0.000147418579	0.000111046076	0.000202343048	3.92828577e-05	3.44812301e-05	0	87.7	0	0	3
5845	1294	0	2.28320312	0.000179529687	0.000147329465	0.000111046076	0.000201751785	3.93719723e-05	3.44812301e-05	0	87.5	0	0	3
5850	1295	0	2.28515625	0.000188101689	0.000147276144	0.000111046076	0.00020119585	3.9425293e-05	3.44812301e-05	0	87.4	0	0	3
5855	1296	0	2.28710938	0.000187730846	0.000147223546	0.000111046076	0.000200661346	3.94778907e-05	3.44812301e-05	0	87.3	0	0	3
5860	1297	0	2.2890625	0.000187336246	0.000147171495	0.000111046076	0.000200125838	3.95299419e-05	3.44812301e-05	0	87.2	0	0	3
5865	1299	0	2.29101562	0.000186921252	0.000147119915	0.000111046076	0.000199566435	3.95815223e-05	3.44812301e-05	0	87.1	0	0	3
5870	1300	0	2.29296875	0.000186450719	0.000147068682	0.000111046076	0.000198962475	3.96327556e-05	3.44812301e-05	0	87	0	0	3
5875	1301	0	2.29492188	0.000185983902	0.000147017984	0.000111046076	0.00019830232	3.96834531e-05	3.44812301e-05	0	86.8	0	0	3
5880	1302	0	2.296875	0.000185533306	0.000146968105	0.000111046076	0.000197584837	3.97333321e-05	3.44812301e-05	0	86.7	0	0	3
5885	1303	0	2.29882812	0.00018514716	0.00014691952	0.000111046076	0.000196827255	3.97819167e-05	3.44812301e-05	0	86.6	0	0	3
5890	1304	0	2.30078125	0.000184851838	0.000146872741	0.000111046076	0.000196055171	3.98286957e-05	3.44812301e-05	0	86.5	0	0	3
5895	1305	0	2.30273438	0.000184657633	0.00014682822	0.000111046076	0.000195290431	3.98732173e-05	3.44812301e-05	0	86.4	0	0	3
5900	1306	0	2.3046875	0.00018456422	0.000146786321	0.000111046076	0.000194546406	3.99151166e-05	3.44812301e-05	0	86.3	0	0	3
5905	1309	0	2.30664062	0.000184557639	0.000146747302	0.000111046076	0.00019382825	3.99541352e-05	3.44812301e-05	0	86.3	0	0	3
5910	1310	0	2.30859375	0.000184617824	0.000146711324	0.000111046076	0.000193136267	3.99901135e-05	3.44812301e-05	0	86.2	0	0	3
5915	1311	0	2.31054688	0.000184723009	0.000146678459	0.000111046076	0.000192468852	4.00229777e-05	3.44812301e-05	0	86.1	0	0	3
5920	1312	0	2.3125	0.000184856987	0.000146648726	0.000111046076	0.000191825332	4.00527116e-05	3.44812301e-05	0	86	0	0	3
5925	1313	0	2.31445312	0.000185005966	0.000146622087	0.000111046076	0.000191207423	4.00793497e-05	3.44812301e-05	0	86	0	0	3
5930	1314	0	2.31640625	0.000185152411	0.000146598435	0.000111046076	0.000190618756	4.01030021e-05	3.44812301e-05	0	85.9	0	0	3
5935	1315	0	2.31835938	0.000185288303	0.000146577613	0.000111046076	0.000190065088	4.01238242e-05	3.44812301e-05	0	85.9	0	0	3
5940	1316	0	2.3203125	0.000185413179	0.000146559441	0.000111046076	0.000189552269	4.01419957e-05	3.44812301e-05	0	85.8	0	0	3
5945	1317	0	2.32226562	0.00018553025	0.00014654373	0.000111046076	0.000189085719	4.01577068e-05	3.44812301e-05	0	85.8	0	0	3
5950	1318	0	2.32421875	0.000185645387	0.000146530292	0.000111046076	0.000188668598	4.01711455e-05	3.44812301e-05	0	85.8	0	0	3
5955	1319	0	2.32617188	0.0001857665	0.000146518955	0.000111046076	0.000188101689	4.01824819e-05	3.44812301e-05	0	85.8	0	0	3
5960	1320	0	2.328125	0.000185898553	0.000146584006	0.000111046076	0.000188101689	4.01824819e-05	3.44812301e-05	0	85.8	0	0	3
5965	1321	0	2.33007812	0.000186039287	0.000146651298	0.000111046076	0.000188101689	4.01824819e-05	3.44812301e-05	0	85.8	0	0	3
5970	1322	0	2.33203125	0.000186178058	0.000146720254	0.000111046076	0.000188101689	4.01824819e-05	3.44812301e-05	0	85.8	0	0	3
5975	1323	0	2.33398438	0.000186298239	0.000146790751	0.000111046076	0.000188101689	4.01824819e-05	3.44812301e-05	0	85.8	0	0	3
5980	1324	0	2.3359375	0.000186380596	0.000146862567	0.000111046076	0.000188101689	4.01824819e-05	3.44812301e-05	0	85.8	0	0	3
5985	1325	0	2.33789062	0.000186411141	0.000146935409	0.000111046076	0.000188101689	4.01824819e-05	3.44812301e-05	0	85.8	0	0	3
5990	1326	0	2.33984375	0.000186383599	0.000147009109	0.000111046076	0.000188101689	4.01824819e-05	3.44812301e-05	0	85.8	0	0	3
5995	1327	0	2.34179688	0.000186295864	0.000147083472	0.000111046076	0.000188101689	4.01824819e-05	3.44812301e-05	0	85.8	0	0	3
6000	1329	0	2.34375	0.00018614274	0.000147158289	0.000111046076	0.000188101689	4.01824819e-05	3.44812301e-05	0	85.8	0	0	3
6005	1331	0	2.34570312	0.000185915201	0.000147233385	0.000111046076	0.000188101689	4.01824819e-05	3.44812301e-05	0	85.8	0	0	3
6010	1332	0	2.34765625	0.000185618721	0.000147308756	0.000111046076	0.000188101689	4.01824819e-05	3.44812301e-05	0	85.8	0	0	3
6015	1333	0	2.34960938	0.000188744234	0.000147398123	0.000111046076	0.000188744234	4.01824819e-05	3.44812301e-05	0	85.8	0	0	3
6020	1334	0	2.3515625	0.000188352954	0.000147488107	0.000111046076	0.000188744234	4.01824819e-05	3.44812301e-05	0	85.8	0	0	3
6025	1335	0	2.35351562	0.000187912295	0.000147578837	0.000111046076	0.000188744234	4.01824819e-05	3.44812301e-05	0	85.8	0	0	3
6030	1336	0	2.35546875	0.000187437136	0.000147670434	0.000111046076	0.000188744234	4.01824819e-05	3.44812301e-05	0	85.8	0	0	3
6035	1337	0	2.35742188	0.000186950214	0.000147763042	0.000111046076	0.000188744234	4.01824819e-05	3.44812301e-05	0	85.8	0	0	3
6040	1338	0	2.359375	0.000186456224	0.000147856761	0.000111046076	0.000188744234	4.01824819e-05	3.44812301e-05	0	85.8	0	0	3
6045	1339	0	2.36132812	0.000185965045	0.000147951693	0.000111046076	0.000188744234	4.01824819e-05	3.44812301e-05	0	85.8	0	0	3
6050	1340	0	2.36328125	0.000185508419	0.000148048066	0.000111046076	0.000188744234	4.01824819e-05	3.44812301e-05	0	85.8	0	0	3
6055	1341	0	2.36523438	0.000185110806	0.000148146235	0.000111046076	0.000188744234	4.01824819e-05	3.44812301e-05	0	85.8	0	0	3
6060	1342	0	2.3671875	0.000184789605	0.000148246618	0.000111046076	0.000188744234	4.01824819e-05	3.44812301e-05	0	85.8	0	0	3
6065	1344	0	2.36914062	0.000184545754	0.000148349604	0.000111046076	0.000188744234	4.01824819e-05	3.44812301e-05	0	85.8	0	0	3
6070	1345	0	2.37109375	0.000184369306	0.000148455479	0.000111046076	0.000188744234	4.01824819e-05	3.44812301e-05	0	85.8	0	0	3
6075	1346	0	2.37304688	0.000184244614	0.000148564379	0.000111046076	0.000188744234	4.01824819e-05	3.44812301e-05	0	85.8	0	0	3
6080	1347	0	2.375	0.000184157733	0.000148676287	0.000111046076	0.000188744234	4.01824819e-05	3.44812301e-05	0	85.8	0	0	3
6085	1348	0	2.37695312	0.000184096169	0.00014879104	0.000111046076	0.000188744234	4.01824819e-05	3.44812301e-05	0	85.8	0	0	3
6090	1349	0	2.37890625	0.000184045691	0.000148908336	0.000111046076	0.000188744234	4.01824819e-05	3.44812301e-05	0	85.8	0	0	3
6095	1350	0	2.38085938	0.000183994336	0.000149027764	0.000111046076	0.000188744234	4.01824819e-05	3.44812301e-05	0	85.8	0	0	3
6100	1351	0	2.3828125	0.000183934287	0.000149148845	0.000111046076	0.000188744234	4.01824819e-05	3.44812301e-05	0	85.8	0	0	3
6105	1354	0	2.38476562	0.000183861491	0.000149271061	0.000111046076	0.000188744234	4.01824819e-05	3.44812301e-05	0	85.8	0	0	3
6110	1355	0	2.38671875	0.000183776528	0.000149393876	0.000111046076	0.000188744234	4.01824819e-05	3.44812301e-05	0	85.8	0	0	3
6115	1356	0	2.38867188	0.000183683399	0.000149516758	0.000111046076	0.000188744234	4.01824819e-05	3.44812301e-05	0	85.8	0	0	3
6120	1357	0	2.390625	0.000183586714	0.000149639182	0.000111046076	0.000188744234	4.01824819e-05	3.44812301e-05	0	85.8	0	0	3
6125	1358	0	2.39257812	0.000183489562	0.000149842764	0.000111046076	0.000188744234	4.01824819e-05	3.44812301e-05	0	85.8	0	0	3
6130	1359	0	2.39453125	0.000183395579	0.00015004534	0.000111046076	0.000188744234	4.01824819e-05	3.44812301e-05	0	85.8	0	0	3
6135	1360	0	2.39648438	0.000183305825	0.000150246251	0.000111046076	0.000188744234	4.01824819e-05	3.44812301e-05	0	85.8	0	0	3
6140	1361	0	2.3984375	0.000183217611	0.000150445396	0.000111046076	0.000188744234	4.01824819e-05	3.44812301e-05	0	85.8	0	0	3
6145	1362	0	2.40039062	0.000183125078	0.000150642329	0.000111046076	0.000188744234	4.01824819e-05	3.44812301e-05	0	85.8	0	0	3
6150	1363	0	2.40234375	0.000183017117	0.000150836303	0.000111046076	0.000188744234	4.01824819e-05	3.44812301e-05	0	85.8	0	0	3
6155	1364	0	2.40429688	0.000182880511	0.000151027575	0.000111046076	0.000188744234	4.01824819e-05	3.44812301e-05	0	85.8	0	0	3
6160	1366	0	2.40625	0.000182706879	0.000151216726	0.000111046076	0.000188744234	4.01824819e-05	3.44812301e-05	0	85.8	0	0	3
6165	1367	0	2.40820312	0.000182494402	0.000151404199	0.000111046076	0.000188744234	4.01824819e-05	3.44812301e-05	0	85.8	0	0	3
6170	1368	0	2.41015625	0.000182245736	0.000151590322	0.000111046076	0.000188744234	4.01824819e-05	3.44812301e-05	0	85.8	0	0	3
6175	1369	0	2.41210938	0.000181967669	0.00015177548	0.000111046076	0.000188744234	4.01824819e-05	3.44812301e-05	0	85.8	0	0	3
6180	1370	0	2.4140625	0.000179491216	0.000151951609	0.000111046076	0.000188744234	4.01824819e-05	3.44812301e-05	0	85.8	0	0	3
6185	1371	0	2.41601562	0.000179141452	0.000152127498	0.000111046076	0.000188744234	4.01824819e-05	3.44812301e-05	0	85.8	0	0	3
6190	1372	0	2.41796875	0.000178794094	0.000152303671	0.000111046076	0.000188744234	4.01824819e-05	3.44812301e-05	0	85.8	0	0	3
6195	1373	0	2.41992188	0.000178445208	0.000152480589	0.000111046076	0.000188744234	4.01824819e-05	3.44812301e-05	0	85.8	0	0	3
6200	1374	0	2.421875	0.000178080889	0.000152658467	0.000111046076	0.000188744234	4.01824819e-05	3.44812301e-05	0	85.8	0	0	3
6205	1376	0	2.42382812	0.000177707896	0.000152837395	0.000111046076	0.000188744234	4.01824819e-05	3.44812301e-05	0	85.8	0	0	3
6210	1377	0	2.42578125	0.000177343525	0.000153017445	0.000111046076	0.000188744234	4.01824819e-05	3.44812301e-05	0	85.8	0	0	3
6215	1378	0	2.42773438	0.000176999075	0.000153198715	0.000111046076	0.000188744234	4.01824819e-05	3.44812301e-05	0	85.8	0	0	3
6220	1379	0	2.4296875	0.00017668223	0.00015338138	0.000111046076	0.000188744234	4.01824819e-05	3.44812301e-05	0	85.8	0	0	3
6225	1380	0	2.43164062	0.000176393988	0.000153565675	0.000111046076	0.000188744234	4.01824819e-05	3.44812301e-05	0	85.8	0	0	3
6230	1381	0	2.43359375	0.000176133957	0.000153751827	0.000111046076	0.000188744234	4.01824819e-05	3.44812301e-05	0	85.8	0	0	3
6235	1382	0	2.43554688	0.000175901859	0.000153939995	0.000111046076	0.000188744234	4.01824819e-05	3.44812301e-05	0	85.8	0	0	3
6240	1384	0	2.4375	0.000175697288	0.000154130231	0.000111046076	0.000188744234	4.01824819e-05	3.44812301e-05	0	85.8	0	0	3
6245	1385	0	2.43945312	0.000175511972	0.000154322438	0.000111046076	0.000188744234	4.01824819e-05	3.44812301e-05	0	85.8	0	0	3
6250	1386	0	2.44140625	0.000175337665	0.000154516367	0.000111046076	0.000188744234	4.01824819e-05	3.44812301e-05	0	85.8	0	0	3
6255	1387	0	2.44335938	0.000175163975	0.000154711619	0.000111046076	0.000188744234	4.01824819e-05	3.44812301e-05	0	85.8	0	0	3
6260	1388	0	2.4453125	0.000174981485	0.000154907692	0.000111046076	0.000188744234	4.01824819e-05	3.44812301e-05	0	85.8	0	0	3
6265	1389	0	2.44726562	0.000174783528	0.000155104032	0.000111046076	0.000188744234	4.01824819e-05	3.44812301e-05	0	85.8	0	0	3
6270	1390	0	2.44921875	0.000174566016	0.000155300037	0.000111046076	0.000188744234	4.01824819e-05	3.44812301e-05	0	85.8	0	0	3
6275	1391	0	2.45117188	0.000174330356	0.000155495056	0.000111046076	0.000188744234	4.01824819e-05	3.44812301e-05	0	85.8	0	0	3
6280	1392	0	2.453125	0.000174082698	0.000155688429	0.000111046076	0.000188744234	4.01824819e-05	3.44812301e-05	0	85.8	0	0	3
6285	1393	0	2.45507812	0.000173830253	0.000155879469	0.000111046076	0.000188744234	4.01824819e-05	3.44812301e-05	0	85.8	0	0	3
6290	1394	0	2.45703125	0.000173576593	0.000156067469	0.000111046076	0.000188744234	4.01800642e-05	3.44812301e-05	0	85.8	0	0	3
6295	1395	0	2.45898438	0.00017332689	0.000156310754	0.000111813432	0.000188744234	4.0176935e-05	3.44812301e-05	0	85.8	0	0	3
6300	1397	0	2.4609375	0.000173083639	0.00015655009	0.000111822748	0.000188744234	4.01728541e-05	3.44812301e-05	0	85.8	0	0	3
6305	1399	0	2.46289062	0.00017284773	0.000156785624	0.000111822748	0.000188744234	4.01681284e-05	3.44812301e-05	0	85.8	0	0	3
6310	1400	0	2.46484375	0.000172619342	0.000157016802	0.000111822748	0.000188744234	4.01632082e-05	3.44812301e-05	0	85.8	0	0	3
6315	1401	0	2.46679688	0.000172398102	0.000157242861	0.000111822748	0.000188744234	4.01574026e-05	3.44812301e-05	0	85.8	0	0	3
6320	1402	0	2.46875	0.000172183495	0.000157464185	0.000111822748	0.000188744234	4.01496947e-05	3.44812301e-05	0	85.8	0	0	3
6325	1403	0	2.47070312	0.000171975653	0.000157681534	0.000111822748	0.000188744234	4.01391653e-05	3.44812301e-05	0	85.9	0	0	3
6330	1404	0	2.47265625	0.000171775745	0.000157895653	0.000111822748	0.000188744234	4.01251305e-05	3.44812301e-05	0	85.9	0	0	3
6335	1405	0	2.47460938	0.000171585531	0.000158107153	0.000111822748	0.000188744234	4.01070384e-05	3.44812301e-05	0	85.9	0	0	3
6340	1406	0	2.4765625	0.000171406669	0.000158316613	0.000111822748	0.000188744234	4.00842808e-05	3.44812301e-05	0	86	0	0	3
6345	1407	0	2.47851562	0.000171240364	0.000158524746	0.000111822748	0.000188744234	4.00563314e-05	3.44812301e-05	0	86	0	0	3
6350	1408	0	2.48046875	0.000164975152	0.000158708366	0.000111822748	0.000188744234	4.00228878e-05	3.44812301e-05	0	86.1	0	0	3
6355	1409	0	2.48242188	0.000164786009	0.000158891673	0.000111822748	0.000188744234	3.99837964e-05	3.44812301e-05	0	86.2	0	0	3
6360	1411	0	2.484375	0.000164655126	0.00015907525	0.000111822748	0.000188744234	3.99390112e-05	3.44812301e-05	0	86.3	0	0	3
6365	1412	0	2.48632812	0.000164526477	0.000159259392	0.000111822748	0.000188744234	3.98886699e-05	3.44812301e-05	0	86.4	0	0	3
6370	1413	0	2.48828125	0.000164415023	0.000159444304	0.000111822748	0.000188744234	3.98330801e-05	3.44812301e-05	0	86.5	0	0	3
6375	1414	0	2.49023438	0.000164303584	0.000159629997	0.000111822748	0.000188744234	3.97726543e-05	3.44812301e-05	0	86.6	0	0	3
6380	1415	0	2.4921875	0.000164180002	0.000159816377	0.000111822748	0.000188744234	3.97078401e-05	3.44812301e-05	0	86.8	0	0	3
6385	1416	0	2.49414062	0.00016405726	0.000160003407	0.000111822748	0.000188744234	3.96390673e-05	3.44812301e-05	0	86.9	0	0	3
6390	1417	0	2.49609375	0.000163929085	0.000160191078	0.000111822748	0.000188744234	3.9566746e-05	3.44812301e-05	0	87.1	0	0	3
6395	1418	0	2.49804688	0.000163786424	0.000160379406	0.000111822748	0.000188744234	3.94913295e-05	3.44812301e-05	0	87.3	0	0	3
6400	1419	0	2.5	0.000163621219	0.000160568362	0.000111822748	0.000188744234	3.92946292e-05	3.44812301e-05	0	87.7	0	0	3
6405	1421	0	2.50195312	0.000163434435	0.000160757851	0.000111822748	0.000188744234	3.90958892e-05	3.44812301e-05	0	88.1	0	0	3
6410	1422	0	2.50390625	0.000163229705	0.000160947688	0.000111822748	0.000188744234	3.88956645e-05	3.44812301e-05	0	88.6	0	0	3
6415	1423	0	2.50585938	0.000163009948	0.00016113762	0.000111822748	0.000188744234	3.86943706e-05	3.44812301e-05	0	89.1	0	0	3
6420	1425	0	2.5078125	0.000162778101	0.000161327342	0.000111822748	0.000188744234	3.849222e-05	3.44812301e-05	0	89.5	0	0	3
6425	1426	0	2.50976562	0.000162534822	0.000161516502	0.000111822748	0.000188744234	3.82895729e-05	3.44812301e-05	0	90	0	0	3
6430	1427	0	2.51171875	0.000162279284	0.000161704684	0.000111822748	0.000188744234	3.80872202e-05	3.44812301e-05	0	90.5	0	0	3
6435	1428	0	2.51367188	0.000162010123	0.000161891407	0.000111822748	0.000188744234	3.7885676e-05	3.44812301e-05	0	91	0	0	3
6440	1429	0	2.515625	0.000161725769	0.000162076065	0.000111822748	0.000188744234	3.76850939e-05	3.44812301e-05	0	91.4	0	0	3
6445	1430	0	2.51757812	0.000161427866	0.000162257965	0.000111822748	0.000188744234	3.74853964e-05	3.44812301e-05	0	91.9	0	0	3
6450	1431	0	2.51953125	0.000161121616	0.000162436452	0.000111822748	0.000188744234	3.728639e-05	3.44812301e-05	0	92.4	0	0	3
6455	1432	0	2.52148438	0.000160812256	0.000162611068	0.000111822748	0.000188744234	3.7068057e-05	3.44812301e-05	0	93	0	0	3
6460	1433	0	2.5234375	0.000160503999	0.000162801229	0.000112656809	0.000188744234	3.68497643e-05	3.44812301e-05	0	93.5	0	0	3
6465	1434	0	2.52539062	0.000160201566	0.000162986951	0.000113525025	0.000188744234	3.66310531e-05	3.44812301e-05	0	94.1	0	0	3
6470	1435	0	2.52734375	0.000159910908	0.000163168146	0.000114453957	0.000188744234	3.64117319e-05	3.44812301e-05	0	94.6	0	0	3
6475	1437	0	2.52929688	0.000159638894	0.00016334465	0.000115397869	0.000188744234	3.6191625e-05	3.44812301e-05	0	95.2	0	0	3
6480	1438	0	2.53125	0.000159392547	0.000163516504	0.000116312652	0.000188744234	3.59705402e-05	3.44812301e-05	0	95.8	0	0	3
6485	1439	0	2.53320312	0.000159177794	0.000163683946	0.000117163928	0.000188744234	3.57482258e-05	3.44812301e-05	0	96.4	0	0	3
6490	1440	0	2.53515625	0.000158999537	0.000163847366	0.000117917732	0.000188744234	3.55242732e-05	3.44812301e-05	0	97	0	0	3
6495	1441	0	2.53710938	0.000158861227	0.000164007302	0.000118554124	0.000188744234	3.52981097e-05	3.44812301e-05	0	97.6	0	0	3
6500	1442	0	2.5390625	0.000158764442	0.000164164373	0.000119056123	0.000188744234	3.50690026e-05	3.44812301e-05	0	98.3	0	0	3
6505	1444	0	2.54101562	0.000158709018	0.000164319267	0.000119430288	0.000188744234	3.48362382e-05	3.44812301e-05	0	98.9	0	0	3
6510	1445	0	2.54296875	0.000158693029	0.000164472637	0.000119698782	0.000188744234	3.45992826e-05	3.44812301e-05	0	99.6	0	0	3
6515	1446	0	2.54492188	0.000151509064	0.000164596896	0.000119883819	0.000188744234	3.43578257e-05	3.44812301e-05	0	100	0	0	3
6520	1448	0	2.546875	0.000151510224	0.000164720437	0.000120009079	0.000188744234	3.41117957e-05	3.44812301e-05	0	100	0	0	3
6525	1449	0	2.54882812	0.000151562885	0.000164843694	0.000120098468	0.000188744234	3.38613638e-05	3.44812301e-05	0	100	0	0	3
6530	1450	0	2.55078125	0.000151641324	0.000164966908	0.000120177043	0.000188744234	3.36069484e-05	3.44812301e-05	0	100	0	0	3
6535	1451	0	2.55273438	0.000151773184	0.000165090331	0.00012026969	0.000188744234	3.33492058e-05	3.44812301e-05	0	100	0	0	3
6540	1452	0	2.5546875	0.000151954578	0.0001652141	0.00012039266	0.000188744234	3.30889577e-05	3.44812301e-05	0	100	0	0	3
6545	1453	0	2.55664062	0.000152097274	0.000165337946	0.000120549399	0.000188744234	3.28271289e-05	3.44812301e-05	0	100	0	0	3
6550	1454	0	2.55859375	0.000152190756	0.000165461545	0.000120732649	0.000188744234	3.2564689e-05	3.44812301e-05	0	100	0	0	3
6555	1455	0	2.56054688	0.000152247699	0.000165584651	0.000120922695	0.000188744234	3.23024546e-05	3.44812301e-05	0	100	0	0	3
6560	1456	0	2.5625	0.000152265397	0.000165707083	0.000121103488	0.000188744234	3.20411012e-05	3.44812301e-05	0	100	0	0	3
6565	1457	0	2.56445312	0.000152238504	0.000165828704	0.000121266121	0.000188744234	3.16623203e-05	3.44812301e-05	0	100	0	0	3
6570	1458	0	2.56640625	0.000152166473	0.000165949409	0.000121411764	0.000188744234	3.1285009e-05	3.44812301e-05	0	100	0	0	3
6575	1459	0	2.56835938	0.00015204986	0.000166069089	0.000121552374	0.000188744234	3.09100188e-05	3.44812301e-05	0	100	0	0	3
6580	1461	0	2.5703125	0.000151893776	0.00016618761	0.000121705824	0.000188744234	3.05378387e-05	3.44812301e-05	0	100	0	0	3
6585	1462	0	2.57226562	0.000151707802	0.000166304805	0.000121891504	0.000188744234	3.01692301e-05	3.44812301e-05	0	100	0	0	3
6590	1463	0	2.57421875	0.00015150376	0.000166420478	0.000122129127	0.000188744234	2.9805072e-05	3.44812301e-05	0	100	0	0	3
6595	1464	0	2.57617188	0.000151289985	0.000166534388	0.000122433451	0.000188744234	2.94455873e-05	3.44812301e-05	0	100	0	0	3
6600	1465	0	2.578125	0.000151069844	0.000166646249	0.000122809557	0.000188744234	2.90907153e-05	3.44812301e-05	0	100	0	0	3
6605	1468	0	2.58007812	0.000150842447	0.000166755752	0.000123244096	0.000188744234	2.87400631e-05	3.44812301e-05	0	100	0	0	3
6610	1469	0	2.58203125	0.000150606733	0.000166862637	0.000123724391	0.000188744234	2.83930111e-05	3.44812301e-05	0	100	0	0	3
6615	1470	0	2.58398438	0.000150358364	0.000166966676	0.000124238167	0.000188744234	2.80487959e-05	3.44812301e-05	0	100	0	0	3
6620	1471	0	2.5859375	0.000150100899	0.000167067703	0.000129339546	0.000188744234	2.7724391e-05	3.44812301e-05	0	100	0	0	3
6625	1472	0	2.58789062	0.000149837615	0.000167147773	0.000129953177	0.000188744234	2.74014507e-05	3.44812301e-05	0	100	0	0	3
6630	1473	0	2.58984375	0.000149574511	0.000167224419	0.00013049764	0.000188744234	2.70790015e-05	3.44812301e-05	0	100	0	0	3
6635	1474	0	2.59179688	0.000149320493	0.000167297946	0.000131045213	0.000188744234	2.67563817e-05	3.44812301e-05	0	100	0	0	3
6640	1476	0	2.59375	0.000149086269	0.000167368419	0.000131674648	0.000188744234	2.64333441e-05	3.44812301e-05	0	100	0	0	3
6645	1477	0	2.59570312	0.000148882768	0.000167435638	0.000132333288	0.000188744234	2.61098252e-05	3.44812301e-05	0	100	0	0	3
6650	1478	0	2.59765625	0.000148720083	0.000167499649	0.000132941645	0.000188744234	2.57856457e-05	3.44812301e-05	0	100	0	0	3
6655	1479	0	2.59960938	0.000148604889	0.000167560833	0.000133482493	0.000188744234	2.5460564e-05	3.44812301e-05	0	100	0	0	3
6660	1480	0	2.6015625	0.000148542955	0.000167619663	0.000133975269	0.000188744234	2.51343686e-05	3.44812301e-05	0	100	0	0	3
6665	1481	0	2.60351562	0.000148537922	0.000167676549	0.000134431759	0.000188744234	2.48068633e-05	3.44812301e-05	0	100	0	0	3
6670	1482	0	2.60546875	0.000148590288	0.000167731855	0.000134851198	0.000188744234	2.44778338e-05	3.44812301e-05	0	100	0	0	3
6675	1483	0	2.60742188	0.00014869689	0.00016778594	0.000135226209	0.000188744234	2.41470231e-05	3.44812301e-05	0	100	0	0	3
6680	1484	0	2.609375	0.000148854727	0.000167839176	0.000135556438	0.000188744234	2.38141918e-05	3.44812301e-05	0	100	0	0	3
6685	1485	0	2.61132812	0.000143446115	0.000167869996	0.00013585918	0.000188744234	2.34792293e-05	3.44812301e-05	0	100	0	0	3
6690	1486	0	2.61328125	0.000143655242	0.000167900449	0.000136161217	0.000188744234	2.31422251e-05	3.44812301e-05	0	100	0	0	3
6695	1488	0	2.61523438	0.0001438865	0.000167930626	0.000136486203	0.000188744234	2.28034923e-05	3.44812301e-05	0	100	0	0	3
6700	1489	0	2.6171875	0.000144184063	0.000167960696	0.000136847301	0.000188744234	2.24635684e-05	3.44812301e-05	0	100	0	0	3
6705	1491	0	2.61914062	0.000144529957	0.000167990706	0.00013724874	0.000188744234	2.21231867e-05	3.44812301e-05	0	100	0	0	3
6710	1492	0	2.62109375	0.000144834732	0.000168020339	0.000137689547	0.000188744234	2.17832879e-05	3.44812301e-05	0	100	0	0	3
6715	1493	0	2.62304688	0.000145082757	0.000168049218	0.00013816073	0.000188744234	2.15302632e-05	3.44812301e-05	0	100	0	0	3
6720	1494	0	2.625	0.00014528689	0.000168077055	0.000138645324	0.000188744234	2.15580997e-05	3.44812301e-05	0	100	0	0	3
6725	1495	0	2.62695312	0.000145445025	0.000168103616	0.000139125836	0.000188744234	2.15846611e-05	3.44812301e-05	0	100	0	0	3
6730	1496	0	2.62890625	0.000145548746	0.000168128706	0.000139590562	0.000188744234	2.16097506e-05	3.44812301e-05	0	100	0	0	3
6735	1497	0	2.63085938	0.000145593277	0.000168152154	0.000140034331	0.000188744234	2.16331987e-05	3.44812301e-05	0	100	0	0	3
6740	1498	0	2.6328125	0.000145587001	0.000168173844	0.00014045659	0.000188744234	2.16548888e-05	3.44812301e-05	0	100	0	0	3
6745	1500	0	2.63476562	0.000145540268	0.000168193702	0.000140859192	0.000188744234	2.16747469e-05	3.44812301e-05	0	100	0	0	3
6750	1501	0	2.63671875	0.000145459082	0.000168211671	0.000141244875	0.000188744234	2.16927152e-05	3.44812301e-05	0	100	0	0	3
6755	1502	0	2.63867188	0.000145357354	0.000168227735	0.000141616104	0.000188744234	2.17087796e-05	3.44812301e-05	0	100	0	0	3
6760	1503	0	2.640625	0.000145249109	0.000168241926	0.000141974458	0.000188744234	2.1722971e-05	3.44812301e-05	0	100	0	0	3
6765	1504	0	2.64257812	0.000145142784	0.000168254303	0.000142320192	0.000188744234	2.17353473e-05	3.44812301e-05	0	100	0	0	3
6770	1505	0	2.64453125	0.000145040929	0.00016826493	0.000142651599	0.000188744234	2.17459752e-05	3.44812301e-05	0	100	0	0	3
6775	1506	0	2.64648438	0.000144942227	0.000168273878	0.000142963739	0.000188744234	2.17549229e-05	3.44812301e-05	0	100	0	0	3
6780	1507	0	2.6484375	0.000144842077	0.000168281215	0.000143250864	0.000188744234	2.17622602e-05	3.44812301e-05	0	100	0	0	3
6785	1509	0	2.65039062	0.000144733966	0.000168287009	0.000143446115	0.000188744234	2.17680536e-05	3.44812301e-05	0	100	0	0	3
6790	1510	0	2.65234375	0.000144614831	0.000168291329	0.000143446115	0.000188744234	2.17723741e-05	3.44812301e-05	0	100	0	0	3
6795	1511	0	2.65429688	0.000144487306	0.000168252786	0.000143446115	0.000188744234	2.17723741e-05	3.44812301e-05	0	100	0	0	3
6800	1512	0	2.65625	0.000144359275	0.000168212958	0.000143446115	0.000188744234	2.17723741e-05	3.44812301e-05	0	100	0	0	3
6805	1514	0	2.65820312	0.000144241158	0.000168172169	0.000143446115	0.000188744234	2.17723741e-05	3.44812301e-05	0	100	0	0	3
6810	1515	0	2.66015625	0.000144144517	0.000168130361	0.000143446115	0.000188744234	2.17723741e-05	3.44812301e-05	0	100	0	0	3
6815	1516	0	2.66210938	0.000144078395	0.000168087532	0.000143446115	0.000188744234	2.17723741e-05	3.44812301e-05	0	100	0	0	3
6820	1517	0	2.6640625	0.000144050787	0.0001680438	0.000143446115	0.000188744234	2.17723741e-05	3.44812301e-05	0	100	0	0	3
6825	1518	0	2.66601562	0.000144068726	0.000167999538	0.000143446115	0.000188744234	2.17723741e-05	3.44812301e-05	0	100	0	0	3
6830	1520	0	2.66796875	0.000144135831	0.000167955042	0.000143446115	0.000188744234	2.17723741e-05	3.44812301e-05	0	100	0	0	3
6835	1521	0	2.66992188	0.000144255554	0.00016791039	0.000143446115	0.000188744234	2.17723741e-05	3.44812301e-05	0	100	0	0	3
6840	1522	0	2.671875	0.000144428049	0.00016786559	0.000143446115	0.000188744234	2.17723741e-05	3.44812301e-05	0	100	0	0	3
6845	1523	0	2.67382812	0.000144650583	0.000167820626	0.000143446115	0.000188744234	2.17723741e-05	3.44812301e-05	0	100	0	0	3
6850	1524	0	2.67578125	0.000142573638	0.000167766331	0.000142573638	0.000188744234	2.17723741e-05	3.44812301e-05	0	100	0	0	3
6855	1525	0	2.67773438	0.000142847606	0.000167711769	0.000142573638	0.000188744234	2.17723741e-05	3.44812301e-05	0	100	0	0	3
6860	1526	0	2.6796875	0.000143137681	0.00016765691	0.000142573638	0.000188744234	2.17723741e-05	3.44812301e-05	0	100	0	0	3
6865	1527	0	2.68164062	0.000143455833	0.000167601761	0.000142573638	0.000188744234	2.17723741e-05	3.44812301e-05	0	100	0	0	3
6870	1528	0	2.68359375	0.000143772591	0.000167546216	0.000142573638	0.000188744234	2.17723741e-05	3.44812301e-05	0	100	0	0	3
6875	1529	0	2.68554688	0.00014407802	0.000167490145	0.000142573638	0.000188744234	2.17723741e-05	3.44812301e-05	0	100	0	0	3
6880	1530	0	2.6875	0.000144374756	0.000167433457	0.000142573638	0.000188744234	2.17723741e-05	3.44812301e-05	0	100	0	0	3
6885	1531	0	2.68945312	0.000144649414	0.000167376019	0.000142573638	0.000188744234	2.17723741e-05	3.44812301e-05	0	100	0	0	3
6890	1532	0	2.69140625	0.000144883085	0.000167317617	0.000142573638	0.000188744234	2.17723741e-05	3.44812301e-05	0	100	0	0	3
6895	1534	0	2.69335938	0.00014506474	0.000167257982	0.000142573638	0.000188744234	2.17723741e-05	3.44812301e-05	0	100	0	0	3
6900	1535	0	2.6953125	0.000145195604	0.000167196853	0.000142573638	0.000188744234	2.17723741e-05	3.44812301e-05	0	100	0	0	3
6905	1537	0	2.69726562	0.000145283054	0.000167134028	0.000142573638	0.000188744234	2.17723741e-05	3.44812301e-05	0	100	0	0	3
6910	1538	0	2.69921875	0.000145335885	0.000167069396	0.000142573638	0.000188744234	2.17723741e-05	3.44812301e-05	0	100	0	0	3
6915	1539	0	2.70117188	0.000145363786	0.000167002945	0.000142573638	0.000188744234	2.17723741e-05	3.44812301e-05	0	100	0	0	3
6920	1541	0	2.703125	0.000145377441	0.000166934766	0.000142573638	0.000188744234	2.17723741e-05	3.44812301e-05	0	100	0	0	3
6925	1542	0	2.70507812	0.000145388347	0.000166865042	0.000142573638	0.000188744234	2.17723741e-05	3.44812301e-05	0	100	0	0	3
6930	1543	0	2.70703125	0.000145405922	0.000166794034	0.000142573638	0.000188744234	2.17723741e-05	3.44812301e-05	0	100	0	0	3
6935	1544	0	2.70898438	0.000145434947	0.000166722043	0.000142573638	0.000188744234	2.17723741e-05	3.44812301e-05	0	100	0	0	3
6940	1545	0	2.7109375	0.000145476378	0.000166649391	0.000142573638	0.000188744234	2.17723741e-05	3.44812301e-05	0	100	0	0	3
6945	1546	0	2.71289062	0.000145526349	0.0001665764	0.000142573638	0.000188744234	2.17723741e-05	3.44812301e-05	0	100	0	0	3
6950	1547	0	2.71484375	0.000145578042	0.000166503361	0.000142573638	0.000188744234	2.17723741e-05	3.44812301e-05	0	100	0	0	3
6955	1548	0	2.71679688	0.000145623746	0.000166430521	0.000142573638	0.000188744234	2.17723741e-05	3.44812301e-05	0	100	0	0	3
6960	1550	0	2.71875	0.00014565839	0.000166312104	0.000142573638	0.000188744234	2.17723741e-05	3.44812301e-05	0	100	0	0	3
6965	1551	0	2.72070312	0.000145682709	0.000166193918	0.000142573638	0.000188744234	2.17723741e-05	3.44812301e-05	0	100	0	0	3
6970	1552	0	2.72265625	0.000145702256	0.000166076595	0.000142573638	0.000188744234	2.17723741e-05	3.44812301e-05	0	100	0	0	3
6975	1553	0	2.72460938	0.000145724751	0.000165960075	0.000142573638	0.000188744234	2.17723741e-05	3.44812301e-05	0	100	0	0	3
6980	1554	0	2.7265625	0.000145757909	0.000165844418	0.000142573638	0.000188744234	2.17723741e-05	3.44812301e-05	0	100	0	0	3
6985	1555	0	2.72851562	0.000145809027	0.000165729864	0.000142573638	0.000188744234	2.17723741e-05	3.44812301e-05	0	100	0	0	3
6990	1556	0	2.73046875	0.000145885341	0.000165616483	0.000142573638	0.000188744234	2.17723741e-05	3.44812301e-05	0	100	0	0	3
6995	1557	0	2.73242188	0.000145992196	0.00016550435	0.000142573638	0.000188744234	2.17723741e-05	3.44812301e-05	0	100	0	0	3
7000	1558	0	2.734375	0.000146133077	0.000165393385	0.000142573638	0.000188744234	2.17723741e-05	3.44812301e-05	0	100	0	0	3
7005	1560	0	2.73632812	0.00014630494	0.000165283382	0.000142573638	0.000188744234	2.17723741e-05	3.44812301e-05	0	100	0	0	3
7010	1561	0	2.73828125	0.000146497522	0.000165174067	0.000142573638	0.000188744234	2.17723741e-05	3.44812301e-05	0	100	0	0	3
7015	1563	0	2.74023438	0.000147772007	0.000165069339	0.000142573638	0.000188744234	2.17723741e-05	3.44812301e-05	0	100	0	0	3
7020	1564	0	2.7421875	0.000147999855	0.000164964834	0.000142573638	0.000188744234	2.17723741e-05	3.44812301e-05	0	100	0	0	3
7025	1565	0	2.74414062	0.000148208134	0.000164860214	0.000142573638	0.000188744234	2.17723741e-05	3.44812301e-05	0	100	0	0	3
7030	1566	0	2.74609375	0.000148416205	0.000164755237	0.000142573638	0.000188744234	2.17723741e-05	3.44812301e-05	0	100	0	0	3
7035	1567	0	2.74804688	0.000148649432	0.000164649868	0.000142573638	0.000188744234	2.17723741e-05	3.44812301e-05	0	100	0	0	3
7040	1568	0	2.75	0.000148892291	0.00016454412	0.000142573638	0.000188744234	2.17723741e-05	3.44812301e-05	0	100	0	0	3
7045	1569	0	2.75195312	0.000149122144	0.000164437971	0.000142573638	0.000188744234	2.17723741e-05	3.44812301e-05	0	100	0	0	3
7050	1570	0	2.75390625	0.00014932997	0.000164331368	0.000142573638	0.000188744234	2.17723741e-05	3.44812301e-05	0	100	0	0	3
7055	1571	0	2.75585938	0.00014951698	0.000164224234	0.000142573638	0.000188744234	2.17723741e-05	3.44812301e-05	0	100	0	0	3
7060	1572	0	2.7578125	0.00014968525	0.000164116472	0.000142573638	0.000188744234	2.17723741e-05	3.44812301e-05	0	100	0	0	3
7065	1573	0	2.75976562	0.000149834651	0.000164007949	0.000142573638	0.000188744234	2.17723741e-05	3.44812301e-05	0	100	0	0	3
7070	1574	0	2.76171875	0.000149964131	0.000163898508	0.000142573638	0.000188744234	2.17723741e-05	3.44812301e-05	0	100	0	0	3
7075	1576	0	2.76367188	0.000150075157	0.000163788021	0.000142573638	0.000188744234	2.17723741e-05	3.44812301e-05	0	100	0	0	3
7080	1577	0	2.765625	0.000150172363	0.00016367643	0.000142573638	0.000188744234	2.17723741e-05	3.44812301e-05	0	100	0	0	3
7085	1578	0	2.76757812	0.000150262715	0.000163563779	0.000142573638	0.000188744234	2.17723741e-05	3.44812301e-05	0	100	0	0	3
7090	1579	0	2.76953125	0.000150355087	0.00016345023	0.000142573638	0.000188744234	2.17723741e-05	3.44812301e-05	0	100	0	0	3
7095	1580	0	2.77148438	0.000150457629	0.000163336057	0.000142573638	0.000188744234	2.17723741e-05	3.44812301e-05	0	100	0	0	3
7100	1581	0	2.7734375	0.000150571832	0.000163221618	0.000142573638	0.000188744234	2.17723741e-05	3.44812301e-05	0	100	0	0	3
7105	1584	0	2.77539062	0.000150700812	0.000163107325	0.000142573638	0.000188744234	2.17723741e-05	3.44812301e-05	0	100	0	0	3
7110	1585	0	2.77734375	0.000150846417	0.000162993578	0.000142573638	0.000188744234	2.17723741e-05	3.44812301e-05	0	100	0	0	3
7115	1586	0	2.77929688	0.000151002724	0.000162880718	0.000142573638	0.000188744234	2.17723741e-05	3.44812301e-05	0	100	0	0	3
7120	1587	0	2.78125	0.000151160817	0.000162769041	0.000142573638	0.000188744234	2.17723741e-05	3.44812301e-05	0	100	0	0	3
7125	1588	0	2.78320312	0.000151314673	0.000162658826	0.000142573638	0.000188744234	2.17723741e-05	3.44812301e-05	0	100	0	0	3
7130	1589	0	2.78515625	0.000151459495	0.000162515692	0.000142573638	0.000188744234	2.17723741e-05	3.44812301e-05	0	100	0	0	3
7135	1590	0	2.78710938	0.000151595048	0.000162374537	0.000142573638	0.000188744234	2.17723741e-05	3.44812301e-05	0	100	0	0	3
7140	1591	0	2.7890625	0.000151721446	0.000162235417	0.000142573638	0.000188744234	2.17723741e-05	3.44812301e-05	0	100	0	0	3
7145	1593	0	2.79101562	0.000151841379	0.000162098386	0.000142573638	0.000188744234	2.17723741e-05	3.44812301e-05	0	100	0	0	3
7150	1594	0	2.79296875	0.000151957107	0.000161963645	0.000142573638	0.000188744234	2.17723741e-05	3.44812301e-05	0	100	0	0	3
7155	1595	0	2.79492188	0.000152072234	0.000161831178	0.000142573638	0.000188744234	2.17723741e-05	3.44812301e-05	0	100	0	0	3
7160	1596	0	2.796875	0.000152189146	0.000161700927	0.000142573638	0.000188744234	2.17723741e-05	3.44812301e-05	0	100	0	0	3
7165	1597	0	2.79882812	0.000152307126	0.000161572646	0.000142573638	0.000188744234	2.17723741e-05	3.44812301e-05	0	100	0	0	3
7170	1598	0	2.80078125	0.000152424921	0.000161445978	0.000142573638	0.000188744234	2.17723741e-05	3.44812301e-05	0	100	0	0	3
7175	1599	0	2.80273438	0.000152538998	0.000161320515	0.000142573638	0.000188744234	2.17723741e-05	3.44812301e-05	0	100	0	0	3
7180	1600	0	2.8046875	0.000152647009	0.000161195838	0.000142573638	0.000188744234	2.17723741e-05	3.44812301e-05	0	100	0	0	3
7185	1601	0	2.80664062	0.000156175681	0.000161084971	0.000142573638	0.000188744234	2.17723741e-05	3.44812301e-05	0	100	0	0	3
7190	1603	0	2.80859375	0.000156272746	0.000160974248	0.000142573638	0.000188744234	2.17723741e-05	3.44812301e-05	0	100	0	0	3
7195	1604	0	2.81054688	0.000156325324	0.00016086332	0.000142573638	0.000188744234	2.17723741e-05	3.44812301e-05	0	100	0	0	3
7200	1605	0	2.8125	0.000156409694	0.000160752197	0.000142573638	0.000188744234	2.17723741e-05	3.44812301e-05	0	100	0	0	3
7205	1607	0	2.81445312	0.000156521442	0.00016064093	0.000142573638	0.000188744234	2.17723741e-05	3.44812301e-05	0	100	0	0	3
7210	1608	0	2.81640625	0.000156619775	0.000160529474	0.000142573638	0.000188744234	2.17723741e-05	3.44812301e-05	0	100	0	0	3
7215	1609	0	2.81835938	0.000156693806	0.000160417777	0.000142573638	0.000188744234	2.17723741e-05	3.44812301e-05	0	100	0	0	3
7220	1610	0	2.8203125	0.000156760978	0.000160305854	0.000142573638	0.000188744234	2.17723741e-05	3.44812301e-05	0	100	0	0	3
7225	1611	0	2.82226562	0.000156836458	0.000160193769	0.000142573638	0.000188744234	2.17723741e-05	3.44812301e-05	0	100	0	0	3
7230	1613	0	2.82421875	0.000156931834	0.000160081607	0.000142573638	0.000188744234	2.17723741e-05	3.44812301e-05	0	100	0	0	3
7235	1614	0	2.82617188	0.000157043683	0.000159969408	0.000142573638	0.000188744234	2.17073239e-05	3.44812301e-05	0	100	0	0	3
7240	1615	0	2.828125	0.00015716156	0.000159857154	0.000142573638	0.000188744234	2.16400317e-05	3.44812301e-05	0	100	0	0	3
7245	1616	0	2.83007812	0.000157280751	0.000159744816	0.000142573638	0.000188744234	2.15710754e-05	3.44812301e-05	0	100	0	0	3
7250	1617	0	2.83203125	0.000157403955	0.000159632417	0.000142573638	0.000188744234	2.15005783e-05	3.44812301e-05	0	100	0	0	3
7255	1618	0	2.83398438	0.000157536009	0.000159520065	0.000142573638	0.000188744234	2.14287623e-05	3.44812301e-05	0	100	0	0	3
7260	1619	0	2.8359375	0.000157678091	0.000159407946	0.000142573638	0.000188744234	2.13559202e-05	3.44812301e-05	0	100	0	0	3
7265	1620	0	2.83789062	0.000157826952	0.000159296289	0.000142573638	0.000188744234	2.12822204e-05	3.44812301e-05	0	100	0	0	3
7270	1622	0	2.83984375	0.000157982041	0.000159185345	0.000142573638	0.000188744234	2.12078573e-05	3.44812301e-05	0	100	0	0	3
7275	1623	0	2.84179688	0.000158140594	0.000159075364	0.000142573638	0.000188744234	2.11330404e-05	3.44812301e-05	0	100	0	0	3
7280	1624	0	2.84375	0.000158304056	0.000158966619	0.000142573638	0.000188744234	2.10579446e-05	3.44812301e-05	0	100	0	0	3
7285	1625	0	2.84570312	0.000158471894	0.000158859418	0.000142573638	0.000188744234	2.09825731e-05	3.44812301e-05	0	100	0	0	3
7290	1626	0	2.84765625	0.000158642587	0.000158754043	0.000142573638	0.000188744234	2.08932067e-05	3.44812301e-05	0	100	0	0	3
7295	1627	0	2.84960938	0.000158814029	0.000158637128	0.000142573638	0.000188352954	2.08032223e-05	3.44812301e-05	0	100	0	0	3
7300	1629	0	2.8515625	0.000158983866	0.000158522405	0.000142573638	0.000187912295	2.07124924e-05	3.44812301e-05	0	100	0	0	3
7305	1631	0	2.85351562	0.000159147129	0.000158410041	0.000142573638	0.000187437136	2.06208954e-05	3.44812301e-05	0	100	0	0	3
7310	1632	0	2.85546875	0.000159299761	0.00015830013	0.000142573638	0.000186950214	2.05282873e-05	3.44812301e-05	0	100	0	0	3
7315	1633	0	2.85742188	0.000159436929	0.000158192656	0.000142573638	0.000186456224	2.04345683e-05	3.44812301e-05	0	100	0	0	3
7320	1634	0	2.859375	0.000159555699	0.000158087576	0.000142573638	0.000185965045	2.03396368e-05	3.44812301e-05	0	100	0	0	3
7325	1636	0	2.86132812	0.000159653331	0.000157984795	0.000142573638	0.000185508419	2.0243263e-05	3.44812301e-05	0	100	0	0	3
7330	1637	0	2.86328125	0.000159728772	0.000157884094	0.000142573638	0.000185110806	2.01450944e-05	3.44812301e-05	0	100	0	0	3
7335	1638	0	2.86523438	0.000159781584	0.000157785151	0.000142573638	0.000184789605	2.00447115e-05	3.44812301e-05	0	100	0	0	3
7340	1639	0	2.8671875	0.000159811777	0.000157687582	0.000142573638	0.000184545754	1.99417254e-05	3.44812301e-05	0	100	0	0	3
7345	1640	0	2.86914062	0.000159819284	0.000157590994	0.000142573638	0.000184369306	1.98358507e-05	3.44812301e-05	0	100	0	0	3
7350	1641	0	2.87109375	0.000163884029	0.000157510973	0.000142573638	0.000184244614	1.97269506e-05	3.44812301e-05	0	100	0	0	3
7355	1643	0	2.87304688	0.000163894609	0.000157431481	0.000142573638	0.000184157733	1.96150425e-05	3.44812301e-05	0	100	0	0	3
7360	1644	0	2.875	0.00016382029	0.000157352038	0.000142573638	0.000184096169	1.95002893e-05	3.44812301e-05	0	100	0	0	3
7365	1645	0	2.87695312	0.000163762227	0.000157272609	0.000142573638	0.000184045691	1.93829933e-05	3.44812301e-05	0	100	0	0	3
7370	1646	0	2.87890625	0.000163728126	0.000157193243	0.000142573638	0.000183994336	1.92635649e-05	3.44812301e-05	0	100	0	0	3
7375	1647	0	2.88085938	0.000163680413	0.000157113892	0.000142573638	0.000183934287	1.91424844e-05	3.44812301e-05	0	100	0	0	3
7380	1648	0	2.8828125	0.000163610952	0.000157034504	0.000142573638	0.000183861491	1.90202689e-05	3.44812301e-05	0	100	0	0	3
7385	1650	0	2.88476562	0.000163543841	0.000156955138	0.000142573638	0.000183776528	1.88974539e-05	3.44812301e-05	0	100	0	0	3
7390	1651	0	2.88671875	0.000163499216	0.00015687593	0.000142573638	0.000183683399	1.87745718e-05	3.44812301e-05	0	100	0	0	3
7395	1652	0	2.88867188	0.000163493369	0.000156797062	0.000142573638	0.000183586714	1.86521474e-05	3.44812301e-05	0	100	0	0	3
7400	1653	0	2.890625	0.000163523665	0.000156718691	0.000142573638	0.000183489562	1.84485652e-05	3.44812301e-05	0	100	0	0	3
7405	1655	0	2.89257812	0.000163580709	0.000156640922	0.000142573638	0.000183395579	1.82459895e-05	3.44812301e-05	0	100	0	0	3
7410	1656	0	2.89453125	0.000163657311	0.00015656382	0.000142573638	0.000183305825	1.80450779e-05	3.44812301e-05	0	100	0	0	3
7415	1658	0	2.89648438	0.000163751716	0.000156487436	0.000142573638	0.000183217611	1.78459338e-05	3.44812301e-05	0	100	0	0	3
7420	1659	0	2.8984375	0.000163862506	0.00015641183	0.000142573638	0.000183125078	1.76490009e-05	3.44812301e-05	0	100	0	0	3
7425	1660	0	2.90039062	0.00016398644	0.00015633707	0.000142573638	0.000183017117	1.74550266e-05	3.44812301e-05	0	100	0	0	3
7430	1661	0	2.90234375	0.000164116315	0.000156263239	0.000142573638	0.000182880511	1.72637548e-05	3.44812301e-05	0	100	0	0	3
7435	1662	0	2.90429688	0.000164245858	0.000156190447	0.000142573638	0.000182706879	1.70746031e-05	3.44812301e-05	0	100	0	0	3
7440	1663	0	2.90625	0.000164372426	0.000156118828	0.000142573638	0.000182494402	1.688713e-05	3.44812301e-05	0	100	0	0	3
7445	1665	0	2.90820312	0.000164497643	0.000156048528	0.000142573638	0.000182245736	1.67010076e-05	3.44812301e-05	0	100	0	0	3
7450	1666	0	2.91015625	0.000164624412	0.000155979695	0.000142573638	0.000181967669	1.65158495e-05	3.44812301e-05	0	100	0	0	3
7455	1667	0	2.91210938	0.000164756014	0.000155912462	0.000142573638	0.000179491216	1.63397201e-05	3.44812301e-05	0	100	0	0	3
7460	1668	0	2.9140625	0.000164890766	0.000155855429	0.000142573638	0.000179141452	1.61638312e-05	3.44812301e-05	0	100	0	0	3
7465	1669	0	2.91601562	0.00016502643	0.000155800292	0.000142573638	0.000178794094	1.5987658e-05	3.44812301e-05	0	100	0	0	3
7470	1670	0	2.91796875	0.00016516073	0.000155747037	0.000142573638	0.000178445208	1.581074e-05	3.44812301e-05	0	100	0	0	3
7475	1671	0	2.91992188	0.000165289291	0.000155695647	0.000142573638	0.000178080889	1.56328623e-05	3.44812301e-05	0	100	0	0	3
7480	1673	0	2.921875	0.000165404394	0.000155646129	0.000142573638	0.000177707896	1.54539347e-05	3.44812301e-05	0	100	0	0	3
7485	1674	0	2.92382812	0.000165498971	0.000155598438	0.000142573638	0.000177343525	1.52738847e-05	3.44812301e-05	0	100	0	0	3
7490	1675	0	2.92578125	0.000165567059	0.000155552436	0.000142573638	0.000176999075	1.50926143e-05	3.44812301e-05	0	100	0	0	3
7495	1676	0	2.92773438	0.000165603339	0.000155507922	0.000142573638	0.00017668223	1.49099495e-05	3.44812301e-05	0	100	0	0	3
7500	1677	0	2.9296875	0.000165606319	0.000155464656	0.000142573638	0.000176393988	1.4725654e-05	3.44812301e-05	0	100	0	0	3
7505	1679	0	2.93164062	0.000165580541	0.000155422416	0.000142573638	0.000176133957	1.4539502e-05	3.44812301e-05	0	100	0	0	3
7510	1681	0	2.93359375	0.000165527541	0.000155380985	0.000142573638	0.000175901859	1.43513343e-05	3.44812301e-05	0	100	0	0	3
7515	1682	0	2.93554688	0.000165447874	0.000155340149	0.000142573638	0.000175697288	1.41610984e-05	3.44812301e-05	0	100	0	0	3
7520	1683	0	2.9375	0.000168602202	0.000155312434	0.000142573638	0.000175511972	1.39688918e-05	3.44812301e-05	0	100	0	0	3
7525	1684	0	2.93945312	0.000168470614	0.000155284929	0.000142573638	0.000175337665	1.37749626e-05	3.44812301e-05	0	100	0	0	3
7530	1685	0	2.94140625	0.00016832069	0.000155257519	0.000142573638	0.000175163975	1.35797102e-05	3.44812301e-05	0	100	0	0	3
7535	1686	0	2.94335938	0.000168182015	0.000155230245	0.000142573638	0.000174981485	1.33836375e-05	3.44812301e-05	0	100	0	0	3
7540	1687	0	2.9453125	0.00016803307	0.000155203103	0.000142573638	0.000174783528	1.31872974e-05	3.44812301e-05	0	100	0	0	3
7545	1688	0	2.94726562	0.00016787709	0.000155176125	0.000142573638	0.000174566016	1.31152046e-05	3.44812301e-05	0	100	0	0	3
7550	1690	0	2.94921875	0.000167723965	0.000155149398	0.000142573638	0.000174330356	1.31419314e-05	3.44812301e-05	0	100	0	0	3
7555	1691	0	2.95117188	0.000167591638	0.000155123075	0.000142573638	0.000174082698	1.31682545e-05	3.44812301e-05	0	100	0	0	3
7560	1692	0	2.953125	0.000167496523	0.000155097348	0.000142573638	0.000173830253	1.31939817e-05	3.44812301e-05	0	100	0	0	3
7565	1693	0	2.95507812	0.0001674433	0.000155072399	0.000142573638	0.000173576593	1.32189308e-05	3.44812301e-05	0	100	0	0	3
7570	1694	0	2.95703125	0.000167424161	0.000155048366	0.000142573638	0.00017332689	1.32429637e-05	3.44812301e-05	0	100	0	0	3
7575	1695	0	2.95898438	0.000167430396	0.000155025333	0.000142573638	0.000173083639	1.32659969e-05	3.44812301e-05	0	100	0	0	3
7580	1697	0	2.9609375	0.000167458161	0.000155003358	0.000142573638	0.00017284773	1.32879714e-05	3.44812301e-05	0	100	0	0	3
7585	1698	0	2.96289062	0.000167503427	0.000154982482	0.000142573638	0.000172619342	1.33088476e-05	3.44812301e-05	0	100	0	0	3
7590	1699	0	2.96484375	0.000167561344	0.000154962724	0.000142573638	0.000172398102	1.33286054e-05	3.44812301e-05	0	100	0	0	3
7595	1700	0	2.96679688	0.000167625604	0.000154944081	0.000142573638	0.000172183495	1.3347248e-05	3.44812301e-05	0	100	0	0	3
7600	1701	0	2.96875	0.000167690502	0.000154926531	0.000142573638	0.000171975653	1.33647987e-05	3.44812301e-05	0	100	0	0	3
7605	1703	0	2.97070312	0.000167751081	0.000154910028	0.000142573638	0.000171775745	1.33813009e-05	3.44812301e-05	0	100	0	0	3
7610	1705	0	2.97265625	0.00016780579	0.000154894521	0.000142573638	0.000171585531	1.33968086e-05	3.44812301e-05	0	100	0	0	3
7615	1706	0	2.97460938	0.000167856423	0.000154879954	0.000142573638	0.000171406669	1.34113754e-05	3.44812301e-05	0	100	0	0	3
7620	1707	0	2.9765625	0.000167906699	0.000154866282	0.000142573638	0.000171240364	1.34250472e-05	3.44812301e-05	0	100	0	0	3
7625	1708	0	2.97851562	0.000167960149	0.000154853469	0.000142573638	0.000168602202	1.34378605e-05	3.44812301e-05	0	100	0	0	3
7630	1709	0	2.98046875	0.000168018013	0.000154865355	0.000142573638	0.000168602202	1.34378605e-05	3.44812301e-05	0	100	0	0	3
7635	1710	0	2.98242188	0.000168078414	0.000154878216	0.000142573638	0.000168602202	1.34378605e-05	3.44812301e-05	0	100	0	0	3
7640	1711	0	2.984375	0.000168137585	0.000154891819	0.000142573638	0.000168602202	1.34378605e-05	3.44812301e-05	0	100	0	0	3
7645	1712	0	2.98632812	0.000168189667	0.000154906129	0.000142573638	0.000168602202	1.34378605e-05	3.44812301e-05	0	100	0	0	3
7650	1714	0	2.98828125	0.000168226729	0.000154921018	0.000142573638	0.000168602202	1.34378605e-05	3.44812301e-05	0	100	0	0	3
7655	1715	0	2.99023438	0.000168242427	0.000154936404	0.000142573638	0.000168602202	1.34378605e-05	3.44812301e-05	0	100	0	0	3
7660	1716	0	2.9921875	0.000168233739	0.000154952239	0.000142573638	0.000168602202	1.34378605e-05	3.44812301e-05	0	100	0	0	3
7665	1717	0	2.99414062	0.000168198897	0.000154968417	0.000142573638	0.000168602202	1.34378605e-05	3.44812301e-05	0	100	0	0	3
7670	1718	0	2.99609375	0.000168135849	0.00015498485	0.000142573638	0.000168602202	1.34378605e-05	3.44812301e-05	0	100	0	0	3
7675	1719	0	2.99804688	0.000168049184	0.000155001502	0.000142573638	0.000168602202	1.34378605e-05	3.44812301e-05	0	100	0	0	3
7680	1721	0	3	0.000167941912	0.000155018379	0.000142573638	0.000168602202	1.34378605e-05	3.44812301e-05	0	100	0	0	3
7685	1722	0	3.00195312	0.000169236173	0.000155041042	0.000142573638	0.000169236173	1.34378605e-05	3.44812301e-05	0	100	0	0	3
7690	1723	0	3.00390625	0.000169105593	0.000155063995	0.000142573638	0.000169236173	1.34378605e-05	3.44812301e-05	0	100	0	0	3
7695	1724	0	3.00585938	0.000168946269	0.000155087184	0.000142573638	0.000169236173	1.34378605e-05	3.44812301e-05	0	100	0	0	3
7700	1725	0	3.0078125	0.000168774689	0.000155110608	0.000142573638	0.000169236173	1.34378605e-05	3.44812301e-05	0	100	0	0	3
7705	1728	0	3.00976562	0.000168604345	0.000155134317	0.000142573638	0.000169236173	1.34378605e-05	3.44812301e-05	0	100	0	0	3
7710	1729	0	3.01171875	0.000168436039	0.000155158367	0.000142573638	0.000169236173	1.34378605e-05	3.44812301e-05	0	100	0	0	3
7715	1730	0	3.01367188	0.000168269479	0.000155182817	0.000142573638	0.000169236173	1.34378605e-05	3.44812301e-05	0	100	0	0	3
7720	1732	0	3.015625	0.000168112904	0.000155207767	0.000142573638	0.000169236173	1.34378605e-05	3.44812301e-05	0	100	0	0	3
7725	1733	0	3.01757812	0.000167979474	0.000155233359	0.000142573638	0.000169236173	1.34378605e-05	3.44812301e-05	0	100	0	0	3
7730	1734	0	3.01953125	0.000167874976	0.00015525974	0.000142573638	0.000169236173	1.34378605e-05	3.44812301e-05	0	100	0	0	3
7735	1735	0	3.02148438	0.000167798031	0.000155287028	0.000142573638	0.000169236173	1.34378605e-05	3.44812301e-05	0	100	0	0	3
7740	1736	0	3.0234375	0.000167744404	0.000155315311	0.000142573638	0.000169236173	1.34378605e-05	3.44812301e-05	0	100	0	0	3
7745	1738	0	3.02539062	0.000167709613	0.000155344639	0.000142573638	0.000169236173	1.34378605e-05	3.44812301e-05	0	100	0	0	3
7750	1739	0	3.02734375	0.000167689166	0.000155375023	0.000142573638	0.000169236173	1.34378605e-05	3.44812301e-05	0	100	0	0	3
7755	1740	0	3.02929688	0.000167677342	0.000155406423	0.000142573638	0.000169236173	1.34378605e-05	3.44812301e-05	0	100	0	0	3
7760	1741	0	3.03125	0.000167668046	0.000155438749	0.000142573638	0.000169236173	1.34378605e-05	3.44812301e-05	0	100	0	0	3
7765	1742	0	3.03320312	0.000167656181	0.000155471868	0.000142573638	0.000169236173	1.34378605e-05	3.44812301e-05	0	100	0	0	3
7770	1743	0	3.03515625	0.000167638781	0.000155505615	0.000142573638	0.000169236173	1.34378605e-05	3.44812301e-05	0	100	0	0	3
7775	1744	0	3.03710938	0.000167614658	0.000155539808	0.000142573638	0.000169236173	1.34378605e-05	3.44812301e-05	0	100	0	0	3
7780	1746	0	3.0390625	0.000167585512	0.000155574265	0.000142573638	0.000169236173	1.34378605e-05	3.44812301e-05	0	100	0	0	3
7785	1747	0	3.04101562	0.000167554037	0.000155608816	0.000142573638	0.000169236173	1.34378605e-05	3.44812301e-05	0	100	0	0	3
7790	1748	0	3.04296875	0.000167523324	0.00015564331	0.000142573638	0.000169236173	1.34378605e-05	3.44812301e-05	0	100	0	0	3
7795	1749	0	3.04492188	0.000167495823	0.000155705758	0.000142573638	0.000169236173	1.34378605e-05	3.44812301e-05	0	100	0	0	3
7800	1750	0	3.046875	0.000167471944	0.000155768108	0.000142573638	0.000169236173	1.34378605e-05	3.44812301e-05	0	100	0	0	3
7805	1753	0	3.04882812	0.000167450532	0.000155830169	0.000142573638	0.000169236173	1.34378605e-05	3.44812301e-05	0	100	0	0	3
7810	1754	0	3.05078125	0.00016742913	0.00015589184	0.000142573638	0.000169236173	1.34378605e-05	3.44812301e-05	0	100	0	0	3
7815	1755	0	3.05273438	0.000167404242	0.000155952899	0.000142573638	0.000169236173	1.34378605e-05	3.44812301e-05	0	100	0	0	3
7820	1756	0	3.0546875	0.00016737162	0.000156013122	0.000142573638	0.000169236173	1.34378605e-05	3.44812301e-05	0	100	0	0	3
7825	1757	0	3.05664062	0.000167326201	0.00015607261	0.000142573638	0.000169236173	1.34378605e-05	3.44812301e-05	0	100	0	0	3
7830	1759	0	3.05859375	0.000167264867	0.000156131493	0.000142573638	0.000169236173	1.34378605e-05	3.44812301e-05	0	100	0	0	3
7835	1760	0	3.06054688	0.000167187383	0.000156189852	0.000142573638	0.000169236173	1.34378605e-05	3.44812301e-05	0	100	0	0	3
7840	1761	0	3.0625	0.000167095356	0.000156247781	0.000142573638	0.000169236173	1.34378605e-05	3.44812301e-05	0	100	0	0	3
7845	1762	0	3.06445312	0.000166991154	0.000156305409	0.000142573638	0.000169236173	1.34378605e-05	3.44812301e-05	0	100	0	0	3
7850	1763	0	3.06640625	0.000166313543	0.000156360671	0.000142573638	0.000169236173	1.34378605e-05	3.44812301e-05	0	100	0	0	3
7855	1765	0	3.06835938	0.000166184165	0.000156415883	0.000142573638	0.000169236173	1.34378605e-05	3.44812301e-05	0	100	0	0	3
7860	1766	0	3.0703125	0.000166056823	0.000156471207	0.000142573638	0.000169236173	1.34378605e-05	3.44812301e-05	0	100	0	0	3
7865	1767	0	3.07226562	0.000165929735	0.000156526762	0.000142573638	0.000169236173	1.34378605e-05	3.44812301e-05	0	100	0	0	3
7870	1768	0	3.07421875	0.000165799486	0.000156582604	0.000142573638	0.000169236173	1.34378605e-05	3.44812301e-05	0	100	0	0	3
7875	1769	0	3.07617188	0.000165667502	0.000156638766	0.000142573638	0.000169236173	1.34378605e-05	3.44812301e-05	0	100	0	0	3
7880	1770	0	3.078125	0.00016553876	0.000156695286	0.000142573638	0.000169236173	1.34378605e-05	3.44812301e-05	0	100	0	0	3
7885	1772	0	3.08007812	0.000165417453	0.000156752219	0.000142573638	0.000169236173	1.34378605e-05	3.44812301e-05	0	100	0	0	3
7890	1773	0	3.08203125	0.000165305009	0.000156809634	0.000142573638	0.000169236173	1.34378605e-05	3.44812301e-05	0	100	0	0	3
7895	1774	0	3.08398438	0.000165203072	0.000156867621	0.000142573638	0.000169236173	1.34378605e-05	3.44812301e-05	0	100	0	0	3
7900	1775	0	3.0859375	0.000165113172	0.000156926263	0.000142573638	0.000169236173	1.34378605e-05	3.44812301e-05	0	100	0	0	3
7905	1778	0	3.08789062	0.000165035928	0.000156985632	0.000142573638	0.000169236173	1.34378605e-05	3.44812301e-05	0	100	0	0	3
7910	1779	0	3.08984375	0.000164970244	0.000157045771	0.000142573638	0.000169236173	1.34378605e-05	3.44812301e-05	0	100	0	0	3
7915	1780	0	3.09179688	0.000164912968	0.000157106679	0.000142573638	0.000169236173	1.34378605e-05	3.44812301e-05	0	100	0	0	3
7920	1781	0	3.09375	0.000164860355	0.000157168297	0.000142573638	0.000169236173	1.34378605e-05	3.44812301e-05	0	100	0	0	3
7925	1782	0	3.09570312	0.000164808274	0.000157230506	0.000142573638	0.000169236173	1.34378605e-05	3.44812301e-05	0	100	0	0	3
7930	1783	0	3.09765625	0.000164752975	0.000157293134	0.000142573638	0.000169236173	1.34378605e-05	3.44812301e-05	0	100	0	0	3
7935	1784	0	3.09960938	0.000164691641	0.000157355973	0.000142573638	0.000169236173	1.34378605e-05	3.44812301e-05	0	100	0	0	3
7940	1786	0	3.1015625	0.000164623114	0.000157418786	0.000142573638	0.000169236173	1.34378605e-05	3.44812301e-05	0	100	0	0	3
7945	1787	0	3.10351562	0.000164548147	0.000157481326	0.000142573638	0.000169236173	1.34378605e-05	3.44812301e-05	0	100	0	0	3
7950	1788	0	3.10546875	0.000164468835	0.000157543352	0.000142573638	0.000169236173	1.34378605e-05	3.44812301e-05	0	100	0	0	3
7955	1789	0	3.10742188	0.000164387762	0.000157604644	0.000142573638	0.000169236173	1.34378605e-05	3.44812301e-05	0	100	0	0	3
7960	1790	0	3.109375	0.000164307181	0.000157665005	0.000142573638	0.000169236173	1.34378605e-05	3.44812301e-05	0	100	0	0	3
7965	1792	0	3.11132812	0.000164228626	0.000157746187	0.000142573638	0.000169236173	1.34378605e-05	3.44812301e-05	0	100	0	0	3
7970	1793	0	3.11328125	0.000164152761	0.000157826256	0.000142573638	0.000169236173	1.34378605e-05	3.44812301e-05	0	100	0	0	3
7975	1794	0	3.11523438	0.000164079486	0.000157905134	0.000142573638	0.000169236173	1.34378605e-05	3.44812301e-05	0	100	0	0	3
7980	1795	0	3.1171875	0.000164008222	0.000157982573	0.000142573638	0.000169236173	1.34378605e-05	3.44812301e-05	0	100	0	0	3
7985	1796	0	3.11914062	0.000163938263	0.000158058386	0.000142573638	0.000169236173	1.34378605e-05	3.44812301e-05	0	100	0	0	3
7990	1798	0	3.12109375	0.000163868823	0.000158132738	0.000142573638	0.000169236173	1.34378605e-05	3.44812301e-05	0	100	0	0	3
7995	1799	0	3.12304688	0.000163799444	0.00015820585	0.000142573638	0.000169236173	1.34378605e-05	3.44812301e-05	0	100	0	0	3
8000	1800	0	3.125	0.00016373	0.000158277894	0.000142573638	0.000169236173	1.34378605e-05	3.44812301e-05	0	100	0	0	3
8005	1802	0	3.12695312	0.000163661181	0.00015834905	0.000142573638	0.000169236173	1.34378605e-05	3.44812301e-05	0	100	0	0	3
8010	1803	0	3.12890625	0.000163593843	0.000158419539	0.000142573638	0.000169236173	1.34378605e-05	3.44812301e-05	0	100	0	0	3
8015	1805	0	3.13085938	0.000163528888	0.0001584896	0.000142573638	0.000169236173	1.34378605e-05	3.44812301e-05	0	100	0	0	3
8020	1806	0	3.1328125	0.000161512823	0.00015855181	0.000142573638	0.000169236173	1.34378605e-05	3.44812301e-05	0	100	0	0	3
8025	1807	0	3.13476562	0.00016143642	0.000158613905	0.000142573638	0.000169236173	1.34378605e-05	3.44812301e-05	0	100	0	0	3
8030	1809	0	3.13671875	0.000161381131	0.0001586761	0.000142573638	0.000169236173	1.34378605e-05	3.44812301e-05	0	100	0	0	3
8035	1810	0	3.13867188	0.000161332609	0.000158738504	0.000142573638	0.000169236173	1.34378605e-05	3.44812301e-05	0	100	0	0	3
8040	1811	0	3.140625	0.000161284914	0.000158801143	0.000142573638	0.000169236173	1.34378605e-05	3.44812301e-05	0	100	0	0	3
8045	1812	0	3.14257812	0.000161233903	0.000158863999	0.000142573638	0.000169236173	1.34378605e-05	3.44812301e-05	0	100	0	0	3
8050	1814	0	3.14453125	0.000161184212	0.000158927059	0.000142573638	0.000169236173	1.34378605e-05	3.44812301e-05	0	100	0	0	3
8055	1815	0	3.14648438	0.000161134482	0.00015899031	0.000142573638	0.000169236173	1.34378605e-05	3.44812301e-05	0	100	0	0	3
8060	1816	0	3.1484375	0.000161079548	0.000159053738	0.000142573638	0.000169236173	1.34378605e-05	3.44812301e-05	0	100	0	0	3
8065	1817	0	3.15039062	0.000161018175	0.000159117348	0.000142573638	0.000169236173	1.34378605e-05	3.44812301e-05	0	100	0	0	3
8070	1818	0	3.15234375	0.000160952001	0.000159181165	0.000142573638	0.000169236173	1.33993173e-05	3.44812301e-05	0	100	0	0	3
8075	1820	0	3.15429688	0.00016088335	0.000159245212	0.000142573638	0.000169236173	1.33594895e-05	3.44812301e-05	0	100	0	0	3
8080	1821	0	3.15625	0.000160813535	0.000159309486	0.000142573638	0.000169236173	1.33187e-05	3.44812301e-05	0	100	0	0	3
8085	1822	0	3.15820312	0.000160742136	0.000159373943	0.000142573638	0.000169236173	1.32768922e-05	3.44812301e-05	0	100	0	0	3
8090	1823	0	3.16015625	0.00016066752	0.000159438486	0.000142573638	0.000169236173	1.32340633e-05	3.44812301e-05	0	100	0	0	3
8095	1825	0	3.16210938	0.000160588474	0.000159502979	0.000142573638	0.000169236173	1.31903307e-05	3.44812301e-05	0	100	0	0	3
8100	1826	0	3.1640625	0.00016050424	0.00015956725	0.000142573638	0.000169236173	1.31460695e-05	3.44812301e-05	0	100	0	0	3
8105	1828	0	3.16601562	0.000160415111	0.000159631103	0.000142573638	0.000169236173	1.31015729e-05	3.44812301e-05	0	100	0	0	3
8110	1829	0	3.16796875	0.000160322271	0.000159694331	0.000142573638	0.000169236173	1.30569207e-05	3.44812301e-05	0	100	0	0	3
8115	1830	0	3.16992188	0.000160226754	0.000159756719	0.000142573638	0.000169236173	1.30121214e-05	3.44812301e-05	0	100	0	0	3
8120	1832	0	3.171875	0.000160128953	0.000159818051	0.000142573638	0.000169236173	1.29671567e-05	3.44812301e-05	0	100	0	0	3
8125	1833	0	3.17382812	0.000160029911	0.000159878126	0.000142573638	0.000169236173	1.29128626e-05	3.44812301e-05	0	100	0	0	3
8130	1834	0	3.17578125	0.000159931014	0.000159945928	0.000142847606	0.000169236173	1.28583005e-05	3.44812301e-05	0	100	0	0	3
8135	1836	0	3.17773438	0.000159833698	0.00016001228	0.000143137681	0.000169236173	1.28034408e-05	3.44812301e-05	0	100	0	0	3
8140	1837	0	3.1796875	0.000159740202	0.000160077134	0.000143455833	0.000169236173	1.27482926e-05	3.44812301e-05	0	100	0	0	3
8145	1838	0	3.18164062	0.000159652423	0.000160140402	0.000143772591	0.000169236173	1.2692747e-05	3.44812301e-05	0	100	0	0	3
8150	1839	0	3.18359375	0.000159572128	0.000160202119	0.00014407802	0.000169236173	1.26366762e-05	3.44812301e-05	0	100	0	0	3
8155	1840	0	3.18554688	0.000159500989	0.000160262365	0.000144374756	0.000169236173	1.2579988e-05	3.44812301e-05	0	100	0	0	3
8160	1842	0	3.1875	0.000159440544	0.000160321215	0.000144649414	0.000169236173	1.25225497e-05	3.44812301e-05	0	100	0	0	3
8165	1843	0	3.18945312	0.000159392357	0.000160378805	0.000144883085	0.000169236173	1.24641484e-05	3.44812301e-05	0	100	0	0	3
8170	1844	0	3.19140625	0.000159357151	0.000160435344	0.00014506474	0.000169236173	1.24045134e-05	3.44812301e-05	0	100	0	0	3
8175	1845	0	3.19335938	0.000159335348	0.000160491089	0.000145195604	0.000169236173	1.23433838e-05	3.44812301e-05	0	100	0	0	3
8180	1847	0	3.1953125	0.000159326581	0.000160546288	0.000145283054	0.000169236173	1.22805595e-05	3.44812301e-05	0	100	0	0	3
8185	1848	0	3.19726562	0.000156930697	0.000160591787	0.000145335885	0.000169236173	1.22159273e-05	3.44812301e-05	0	100	0	0	3
8190	1849	0	3.19921875	0.00015691575	0.000160637021	0.000145363786	0.000169236173	1.21494761e-05	3.44812301e-05	0	100	0	0	3
8195	1850	0	3.20117188	0.000156934245	0.000160682218	0.000145377441	0.000169236173	1.20812967e-05	3.44812301e-05	0	100	0	0	3
8200	1852	0	3.203125	0.000156966688	0.000160727488	0.000145388347	0.000169236173	1.20115735e-05	3.44812301e-05	0	100	0	0	3
8205	1854	0	3.20507812	0.000157010777	0.000160772888	0.000145405922	0.000169236173	1.19405653e-05	3.44812301e-05	0	100	0	0	3
8210	1855	0	3.20703125	0.000157059649	0.000160818411	0.000145434947	0.000169236173	1.18685742e-05	3.44812301e-05	0	100	0	0	3
8215	1856	0	3.20898438	0.000157098574	0.000160863972	0.000145476378	0.000169236173	1.17959223e-05	3.44812301e-05	0	100	0	0	3
8220	1858	0	3.2109375	0.000157128454	0.000160909488	0.000145526349	0.000169236173	1.17229306e-05	3.44812301e-05	0	100	0	0	3
8225	1859	0	3.21289062	0.00015714751	0.000160954883	0.000145578042	0.000169236173	1.16498925e-05	3.44812301e-05	0	100	0	0	3
8230	1860	0	3.21484375	0.000157150749	0.000161000089	0.000145623746	0.000169236173	1.1577052e-05	3.44812301e-05	0	100	0	0	3
8235	1861	0	3.21679688	0.000157136346	0.00016104506	0.00014565839	0.000169236173	1.14586355e-05	3.44812301e-05	0	100	0	0	3
8240	1862	0	3.21875	0.000157106378	0.000161089778	0.000145682709	0.000169236173	1.13404494e-05	3.44812301e-05	0	100	0	0	3
8245	1864	0	3.22070312	0.00015706319	0.000161134233	0.000145702256	0.000169236173	1.12231263e-05	3.44812301e-05	0	100	0	0	3
8250	1865	0	3.22265625	0.000157008778	0.0001611784	0.000145724751	0.000169236173	1.11066061e-05	3.44812301e-05	0	100	0	0	3
8255	1866	0	3.22460938	0.000156945722	0.000161222231	0.000145757909	0.000169236173	1.09909491e-05	3.44812301e-05	0	100	0	0	3
8260	1867	0	3.2265625	0.000156876444	0.000161265663	0.000145809027	0.000169236173	1.08763953e-05	3.44812301e-05	0	100	0	0	3
8265	1869	0	3.22851562	0.000156802927	0.000161308608	0.000145885341	0.000169236173	1.07630137e-05	3.44812301e-05	0	100	0	0	3
8270	1870	0	3.23046875	0.000156726689	0.000161350957	0.000145992196	0.000169236173	1.06508812e-05	3.44812301e-05	0	100	0	0	3
8275	1871	0	3.23242188	0.000156648808	0.000161392585	0.000146133077	0.000169236173	1.05399165e-05	3.44812301e-05	0	100	0	0	3
8280	1872	0	3.234375	0.000156569474	0.000161433352	0.00014630494	0.000169236173	1.04299131e-05	3.44812301e-05	0	100	0	0	3
8285	1874	0	3.23632812	0.00015648803	0.000161473129	0.000146497522	0.000169236173	1.03205979e-05	3.44812301e-05	0	100	0	0	3
8290	1875	0	3.23828125	0.000156403565	0.000161511825	0.000147772007	0.000169236173	1.02158706e-05	3.44812301e-05	0	100	0	0	3
8295	1876	0	3.24023438	0.00015631586	0.000161545199	0.000147999855	0.000169236173	1.01113655e-05	3.44812301e-05	0	100	0	0	3
8300	1877	0	3.2421875	0.000156226631	0.000161577335	0.000148208134	0.000169236173	1.00067455e-05	3.44812301e-05	0	100	0	0	3
8305	1880	0	3.24414062	0.000156138777	0.000161608314	0.000148416205	0.000169236173	9.90176835e-06	3.44812301e-05	0	100	0	0	3
8310	1881	0	3.24609375	0.000156056837	0.00016163816	0.000148649432	0.000169236173	9.79639901e-06	3.44812301e-05	0	100	0	0	3
8315	1882	0	3.24804688	0.000155984362	0.000161666813	0.000148892291	0.000169236173	9.69065101e-06	3.44812301e-05	0	100	0	0	3
8320	1883	0	3.25	0.000155925164	0.000161694285	0.000149122144	0.000169236173	9.58450249e-06	3.44812301e-05	0	100	0	0	3
8325	1885	0	3.25195312	0.000155881964	0.00016172069	0.00014932997	0.000169236173	9.47789865e-06	3.44812301e-05	0	100	0	0	3
8330	1886	0	3.25390625	0.000155857078	0.000161746187	0.00014951698	0.000169236173	9.37076518e-06	3.44812301e-05	0	100	0	0	3
8335	1887	0	3.25585938	0.000155851415	0.000161770931	0.00014968525	0.000169236173	9.26300345e-06	3.44812301e-05	0	100	0	0	3
8340	1888	0	3.2578125	0.000155865184	0.000161795071	0.000149834651	0.000169236173	9.15447998e-06	3.44812301e-05	0	100	0	0	3
8345	1889	0	3.25976562	0.000155897886	0.000161818756	0.000149964131	0.000169236173	9.04503917e-06	3.44812301e-05	0	100	0	0	3
8350	1891	0	3.26171875	0.000155947642	0.000161842129	0.000150075157	0.000169236173	8.9345524e-06	3.44812301e-05	0	100	0	0	3
8355	1892	0	3.26367188	0.000154068364	0.000161857727	0.000150172363	0.000169236173	8.82296082e-06	3.44812301e-05	0	100	0	0	3
8360	1893	0	3.265625	0.000154137337	0.000161873215	0.000150262715	0.000169236173	8.71030975e-06	3.44812301e-05	0	100	0	0	3
8365	1894	0	3.26757812	0.000154223868	0.000161888689	0.000150355087	0.000169236173	8.59676075e-06	3.44812301e-05	0	100	0	0	3
8370	1895	0	3.26953125	0.00015432232	0.000161904186	0.000150457629	0.000169236173	8.48258827e-06	3.44812301e-05	0	100	0	0	3
8375	1897	0	3.27148438	0.000154425395	0.000161919685	0.000150571832	0.000169236173	8.36814899e-06	3.44812301e-05	0	100	0	0	3
8380	1898	0	3.2734375	0.000154516291	0.000161935093	0.000150700812	0.000169236173	8.25385569e-06	3.44812301e-05	0	100	0	0	3
8385	1899	0	3.27539062	0.000154597818	0.000161950315	0.000150846417	0.000169236173	8.14010892e-06	3.44812301e-05	0	100	0	0	3
8390	1900	0	3.27734375	0.000154668313	0.000161965245	0.000151002724	0.000169236173	8.02724915e-06	3.44812301e-05	0	100	0	0	3
8395	1902	0	3.27929688	0.000154721336	0.00016197977	0.000151160817	0.000169236173	7.91557194e-06	3.44812301e-05	0	100	0	0	3
8400	1903	0	3.28125	0.000154753295	0.000161993804	0.000151314673	0.000169236173	7.80535704e-06	3.44812301e-05	0	100	0	0	3
8405	1905	0	3.28320312	0.000154764604	0.00016200728	0.000151459495	0.000169236173	7.66222347e-06	3.44812301e-05	0	100	0	0	3
8410	1906	0	3.28515625	0.000154759618	0.000162020171	0.000151595048	0.000169236173	7.52106801e-06	3.44812301e-05	0	100	0	0	3
8415	1907	0	3.28710938	0.000154740213	0.000162032457	0.000151721446	0.000169236173	7.3819477e-06	3.44812301e-05	0	100	0	0	3
8420	1908	0	3.2890625	0.000154709794	0.00016204413	0.000151841379	0.000169236173	7.24491694e-06	3.44812301e-05	0	100	0	0	3
8425	1910	0	3.29101562	0.000154673014	0.000162055191	0.000151957107	0.000169236173	7.20172218e-06	3.44812301e-05	0	100	0	0	3
8430	1911	0	3.29296875	0.000154634176	0.000162065648	0.000152072234	0.000169236173	7.21217948e-06	3.44812301e-05	0	100	0	0	3
8435	1912	0	3.29492188	0.000154596574	0.000162075509	0.000152189146	0.000169236173	7.22204019e-06	3.44812301e-05	0	100	0	0	3
8440	1913	0	3.296875	0.000154561827	0.000162084777	0.000152307126	0.000169236173	7.23130847e-06	3.44812301e-05	0	100	0	0	3
8445	1914	0	3.29882812	0.000154529418	0.000162093458	0.000152424921	0.000169236173	7.2399893e-06	3.44812301e-05	0	100	0	0	3
8450	1916	0	3.30078125	0.000154497513	0.000162101554	0.000152538998	0.000169236173	7.24808536e-06	3.44812301e-05	0	100	0	0	3
8455	1917	0	3.30273438	0.000154463654	0.000162109072	0.000152647009	0.000169236173	7.25560355e-06	3.44812301e-05	0	100	0	0	3
8460	1918	0	3.3046875	0.000154425566	0.00016211602	0.000154068364	0.000169236173	7.26255104e-06	3.44812301e-05	0	100	0	0	3
8465	1919	0	3.30664062	0.000154382917	0.000162109017	0.000154068364	0.000169236173	7.26255104e-06	3.44812301e-05	0	100	0	0	3
8470	1921	0	3.30859375	0.000154337903	0.000162101459	0.000154068364	0.000169236173	7.26255104e-06	3.44812301e-05	0	100	0	0	3
8475	1922	0	3.31054688	0.000154294248	0.000162093525	0.000154068364	0.000169236173	7.26255104e-06	3.44812301e-05	0	100	0	0	3
8480	1923	0	3.3125	0.000154256163	0.000162085113	0.000154068364	0.000169236173	7.26255104e-06	3.44812301e-05	0	100	0	0	3
8485	1924	0	3.31445312	0.000154227544	0.000162076152	0.000154068364	0.000169236173	7.26255104e-06	3.44812301e-05	0	100	0	0	3
8490	1926	0	3.31640625	0.000154212021	0.000162066747	0.000154068364	0.000169236173	7.26255104e-06	3.44812301e-05	0	100	0	0	3
8495	1927	0	3.31835938	0.000154212614	0.000162057055	0.000154068364	0.000169236173	7.26255104e-06	3.44812301e-05	0	100	0	0	3
8500	1928	0	3.3203125	0.000154231094	0.000162047172	0.000154068364	0.000169236173	7.26255104e-06	3.44812301e-05	0	100	0	0	3
8505	1931	0	3.32226562	0.000154267508	0.000162037138	0.000154068364	0.000169236173	7.26255104e-06	3.44812301e-05	0	100	0	0	3
8510	1932	0	3.32421875	0.000154321465	0.000162026941	0.000154068364	0.000169236173	7.26255104e-06	3.44812301e-05	0	100	0	0	3
8515	1933	0	3.32617188	0.000154391742	0.000162016582	0.000154068364	0.000169236173	7.26255104e-06	3.44812301e-05	0	100	0	0	3
8520	1934	0	3.328125	0.000153604067	0.000162002685	0.000153604067	0.000169236173	7.26255104e-06	3.44812301e-05	0	100	0	0	3
8525	1935	0	3.33007812	0.000153692414	0.000161988668	0.000153604067	0.000169236173	7.26255104e-06	3.44812301e-05	0	100	0	0	3
8530	1937	0	3.33203125	0.000153797689	0.000161974581	0.000153604067	0.000169236173	7.26255104e-06	3.44812301e-05	0	100	0	0	3
8535	1938	0	3.33398438	0.000153907083	0.000161960406	0.000153604067	0.000169236173	7.26255104e-06	3.44812301e-05	0	100	0	0	3
8540	1939	0	3.3359375	0.00015400807	0.00016194607	0.000153604067	0.000169236173	7.26255104e-06	3.44812301e-05	0	100	0	0	3
8545	1940	0	3.33789062	0.000154104584	0.000161931529	0.000153604067	0.000169236173	7.26255104e-06	3.44812301e-05	0	100	0	0	3
8550	1942	0	3.33984375	0.000154201627	0.000161916762	0.000153604067	0.000169236173	7.26255104e-06	3.44812301e-05	0	100	0	0	3
8555	1943	0	3.34179688	0.000154294862	0.00016190174	0.000153604067	0.000169236173	7.26255104e-06	3.44812301e-05	0	100	0	0	3
8560	1944	0	3.34375	0.000154374146	0.000161886388	0.000153604067	0.000169236173	7.26255104e-06	3.44812301e-05	0	100	0	0	3
8565	1945	0	3.34570312	0.000154434183	0.000161870616	0.000153604067	0.000169236173	7.26255104e-06	3.44812301e-05	0	100	0	0	3
8570	1946	0	3.34765625	0.000154474959	0.000161854336	0.000153604067	0.000169236173	7.26255104e-06	3.44812301e-05	0	100	0	0	3
8575	1948	0	3.34960938	0.000154499384	0.000161837482	0.000153604067	0.000169236173	7.26255104e-06	3.44812301e-05	0	100	0	0	3
8580	1949	0	3.3515625	0.000154511474	0.000161820012	0.000153604067	0.000169236173	7.26255104e-06	3.44812301e-05	0	100	0	0	3
8585	1950	0	3.35351562	0.000154514762	0.000161801917	0.000153604067	0.000169236173	7.26255104e-06	3.44812301e-05	0	100	0	0	3
8590	1952	0	3.35546875	0.000154513539	0.000161783221	0.000153604067	0.000169236173	7.26255104e-06	3.44812301e-05	0	100	0	0	3
8595	1953	0	3.35742188	0.000154512232	0.000161763983	0.000153604067	0.000169236173	7.26255104e-06	3.44812301e-05	0	100	0	0	3
8600	1954	0	3.359375	0.000154514488	0.000161744291	0.000153604067	0.000169236173	7.26255104e-06	3.44812301e-05	0	100	0	0	3
8605	1956	0	3.36132812	0.000154522326	0.000161724248	0.000153604067	0.000169236173	7.26255104e-06	3.44812301e-05	0	100	0	0	3
8610	1958	0	3.36328125	0.000154535762	0.000161703963	0.000153604067	0.000169236173	7.26255104e-06	3.44812301e-05	0	100	0	0	3
8615	1959	0	3.36523438	0.000154552936	0.000161683539	0.000153604067	0.000169236173	7.26255104e-06	3.44812301e-05	0	100	0	0	3
8620	1960	0	3.3671875	0.000154570677	0.000161663066	0.000153604067	0.000169236173	7.26255104e-06	3.44812301e-05	0	100	0	0	3
8625	1961	0	3.36914062	0.000154586056	0.000161642623	0.000153604067	0.000169236173	7.26255104e-06	3.44812301e-05	0	100	0	0	3
8630	1963	0	3.37109375	0.000154597124	0.000161606346	0.000153604067	0.000169236173	7.26255104e-06	3.44812301e-05	0	100	0	0	3
8635	1964	0	3.37304688	0.000154603775	0.000161570054	0.000153604067	0.000169236173	7.26255104e-06	3.44812301e-05	0	100	0	0	3
8640	1965	0	3.375	0.000154607931	0.000161534068	0.000153604067	0.000169236173	7.26255104e-06	3.44812301e-05	0	100	0	0	3
8645	1966	0	3.37695312	0.000154612419	0.000161498327	0.000153604067	0.000169236173	7.26255104e-06	3.44812301e-05	0	100	0	0	3
8650	1968	0	3.37890625	0.000154620379	0.00016146275	0.000153604067	0.000169236173	7.26255104e-06	3.44812301e-05	0	100	0	0	3
8655	1969	0	3.38085938	0.000154634895	0.000161427416	0.000153604067	0.000169236173	7.26255104e-06	3.44812301e-05	0	100	0	0	3
8660	1970	0	3.3828125	0.000154658082	0.000161392443	0.000153604067	0.000169236173	7.26255104e-06	3.44812301e-05	0	100	0	0	3
8665	1971	0	3.38476562	0.00015469149	0.000161357864	0.000153604067	0.000169236173	7.26255104e-06	3.44812301e-05	0	100	0	0	3
8670	1973	0	3.38671875	0.000154736095	0.000161323633	0.000153604067	0.000169236173	7.26255104e-06	3.44812301e-05	0	100	0	0	3
8675	1974	0	3.38867188	0.000154791486	0.000161289641	0.000153604067	0.000169236173	7.26255104e-06	3.44812301e-05	0	100	0	0	3
8680	1975	0	3.390625	0.000154856686	0.000161255786	0.000153604067	0.000169236173	7.26255104e-06	3.44812301e-05	0	100	0	0	3
8685	1977	0	3.39257812	0.000155203989	0.000161223064	0.000153604067	0.000169236173	7.26255104e-06	3.44812301e-05	0	100	0	0	3
8690	1978	0	3.39453125	0.000155283606	0.000161190355	0.000153604067	0.000169236173	7.26255104e-06	3.44812301e-05	0	100	0	0	3
8695	1979	0	3.39648438	0.000155358123	0.000161157567	0.000153604067	0.000169236173	7.26255104e-06	3.44812301e-05	0	100	0	0	3
8700	1980	0	3.3984375	0.000155432191	0.000161124636	0.000153604067	0.000169236173	7.26255104e-06	3.44812301e-05	0	100	0	0	3
8705	1982	0	3.40039062	0.000155512144	0.000161091533	0.000153604067	0.000169236173	7.26255104e-06	3.44812301e-05	0	100	0	0	3
8710	1983	0	3.40234375	0.000155595019	0.000161058247	0.000153604067	0.000169236173	7.26255104e-06	3.44812301e-05	0	100	0	0	3
8715	1985	0	3.40429688	0.000155674956	0.000161024767	0.000153604067	0.000169236173	7.26255104e-06	3.44812301e-05	0	100	0	0	3
8720	1986	0	3.40625	0.000155748757	0.000160991081	0.000153604067	0.000169236173	7.26255104e-06	3.44812301e-05	0	100	0	0	3
8725	1987	0	3.40820312	0.000155815556	0.000160957166	0.000153604067	0.000169236173	7.26255104e-06	3.44812301e-05	0	100	0	0	3
8730	1988	0	3.41015625	0.000155874675	0.000160922988	0.000153604067	0.000169236173	7.26255104e-06	3.44812301e-05	0	100	0	0	3
8735	1989	0	3.41210938	0.000155925592	0.000160888494	0.000153604067	0.000169236173	7.26255104e-06	3.44812301e-05	0	100	0	0	3
8740	1991	0	3.4140625	0.000155967813	0.000160853639	0.000153604067	0.000169236173	7.26255104e-06	3.44812301e-05	0	100	0	0	3
8745	1992	0	3.41601562	0.000156002523	0.000160818389	0.000153604067	0.000169236173	7.26255104e-06	3.44812301e-05	0	100	0	0	3
8750	1993	0	3.41796875	0.00015603267	0.000160782733	0.000153604067	0.000169236173	7.26255104e-06	3.44812301e-05	0	100	0	0	3
8755	1995	0	3.41992188	0.000156061046	0.000160746685	0.000153604067	0.000169236173	7.26255104e-06	3.44812301e-05	0	100	0	0	3
8760	1996	0	3.421875	0.000156089991	0.0001607103	0.000153604067	0.000169236173	7.26255104e-06	3.44812301e-05	0	100	0	0	3
8765	1997	0	3.42382812	0.000156121619	0.00016067367	0.000153604067	0.000169236173	7.26255104e-06	3.44812301e-05	0	100	0	0	3
8770	1999	0	3.42578125	0.000156157546	0.000160636914	0.000153604067	0.000169236173	7.26255104e-06	3.44812301e-05	0	100	0	0	3
8775	2000	0	3.42773438	0.000156198835	0.000160600178	0.000153604067	0.000169236173	7.26255104e-06	3.44812301e-05	0	100	0	0	3
8780	2001	0	3.4296875	0.000156245515	0.000160563612	0.000153604067	0.000169236173	7.26255104e-06	3.44812301e-05	0	100	0	0	3
8785	2002	0	3.43164062	0.00015629673	0.000160527347	0.000153604067	0.000169236173	7.26255104e-06	3.44812301e-05	0	100	0	0	3
8790	2004	0	3.43359375	0.000156350063	0.000160491498	0.000153604067	0.000169236173	7.26255104e-06	3.44812301e-05	0	100	0	0	3
8795	2005	0	3.43554688	0.000156401686	0.000160456161	0.000153604067	0.000169236173	7.26255104e-06	3.44812301e-05	0	100	0	0	3
8800	2006	0	3.4375	0.000156448579	0.000160408686	0.000153604067	0.000169236173	7.26255104e-06	3.44812301e-05	0	100	0	0	3
8805	2009	0	3.43945312	0.000156489998	0.000160361887	0.000153604067	0.000169236173	7.26255104e-06	3.44812301e-05	0	100	0	0	3
8810	2010	0	3.44140625	0.000156527426	0.000160315819	0.000153604067	0.000169236173	7.26255104e-06	3.44812301e-05	0	100	0	0	3
8815	2011	0	3.44335938	0.00015656271	0.000160270431	0.000153604067	0.000169236173	7.26255104e-06	3.44812301e-05	0	100	0	0	3
8820	2012	0	3.4453125	0.000156597149	0.00016022576	0.000153604067	0.000169236173	7.26255104e-06	3.44812301e-05	0	100	0	0	3
8825	2014	0	3.44726562	0.000156632012	0.000160181834	0.000153604067	0.000169236173	7.26255104e-06	3.44812301e-05	0	100	0	0	3
8830	2015	0	3.44921875	0.000156668239	0.000160138647	0.000153604067	0.000169236173	7.26255104e-06	3.44812301e-05	0	100	0	0	3
8835	2016	0	3.45117188	0.000156706176	0.000160096126	0.000153604067	0.000169236173	7.26255104e-06	3.44812301e-05	0	100	0	0	3
8840	2017	0	3.453125	0.000156745696	0.000160054131	0.000153604067	0.000169236173	7.26255104e-06	3.44812301e-05	0	100	0	0	3
8845	2019	0	3.45507812	0.000156785907	0.0001600125	0.000153604067	0.000169236173	7.26255104e-06	3.44812301e-05	0	100	0	0	3
8850	2020	0	3.45703125	0.000156825012	0.000159971097	0.000153604067	0.000169236173	7.26255104e-06	3.44812301e-05	0	100	0	0	3
8855	2021	0	3.45898438	0.000157963318	0.000159934116	0.000153604067	0.000169236173	7.26255104e-06	3.44812301e-05	0	100	0	0	3
8860	2023	0	3.4609375	0.000158000272	0.000159897172	0.000153604067	0.000169236173	7.26255104e-06	3.44812301e-05	0	100	0	0	3
8865	2024	0	3.46289062	0.000158018961	0.000159860123	0.000153604067	0.000169236173	7.26255104e-06	3.44812301e-05	0	100	0	0	3
8870	2025	0	3.46484375	0.000158049823	0.000159822968	0.000153604067	0.000169236173	7.26255104e-06	3.44812301e-05	0	100	0	0	3
8875	2026	0	3.46679688	0.000158089945	0.00015978572	0.000153604067	0.000169236173	7.26255104e-06	3.44812301e-05	0	100	0	0	3
8880	2028	0	3.46875	0.000158126412	0.00015974836	0.000153604067	0.000169236173	7.26255104e-06	3.44812301e-05	0	100	0	0	3
8885	2029	0	3.47070312	0.00015815502	0.000159710875	0.000153604067	0.000169236173	7.26255104e-06	3.44812301e-05	0	100	0	0	3
8890	2030	0	3.47265625	0.000158180954	0.000159673278	0.000153604067	0.000169236173	7.26255104e-06	3.44812301e-05	0	100	0	0	3
8895	2031	0	3.47460938	0.00015821011	0.000159635597	0.000153604067	0.000169236173	7.26255104e-06	3.44812301e-05	0	100	0	0	3
8900	2033	0	3.4765625	0.000158244681	0.000159597855	0.000153604067	0.000169236173	7.26255104e-06	3.44812301e-05	0	100	0	0	3
8905	2035	0	3.47851562	0.000158282621	0.000159560052	0.000153604067	0.000169236173	7.25066486e-06	3.44812301e-05	0	100	0	0	3
8910	2036	0	3.48046875	0.000158321254	0.000159522174	0.000153604067	0.000169236173	7.2378039e-06	3.44812301e-05	0	100	0	0	3
8915	2037	0	3.48242188	0.000158359998	0.000159484212	0.000153604067	0.000169236173	7.22420055e-06	3.44812301e-05	0	100	0	0	3
8920	2039	0	3.484375	0.000158399864	0.000159446174	0.000153604067	0.000169236173	7.20989121e-06	3.44812301e-05	0	100	0	0	3
8925	2040	0	3.48632812	0.000158441706	0.000159408096	0.000153604067	0.000169236173	7.19500173e-06	3.44812301e-05	0	100	0	0	3
8930	2041	0	3.48828125	0.000158485549	0.000159370044	0.000153604067	0.000169236173	7.17961563e-06	3.44812301e-05	0	100	0	0	3
8935	2043	0	3.49023438	0.000158531414	0.000159332111	0.000153604067	0.000169236173	7.16378072e-06	3.44812301e-05	0	100	0	0	3
8940	2044	0	3.4921875	0.000158579692	0.0001592944	0.000153604067	0.000169236173	7.14760245e-06	3.44812301e-05	0	100	0	0	3
8945	2045	0	3.49414062	0.000158630898	0.000159257025	0.000153604067	0.000169236173	7.13116978e-06	3.44812301e-05	0	100	0	0	3
8950	2046	0	3.49609375	0.00015868567	0.00015922011	0.000153604067	0.000169236173	7.11451837e-06	3.44812301e-05	0	100	0	0	3
8955	2048	0	3.49804688	0.000158744183	0.000159183762	0.000153604067	0.000169236173	7.09764067e-06	3.44812301e-05	0	100	0	0	3
8960	2049	0	3.5	0.00015880503	0.000159148071	0.000153604067	0.000169236173	7.07497763e-06	3.44812301e-05	0	100	0	0	3
8965	2050	0	3.50195312	0.000158865958	0.000159107563	0.000153604067	0.000169105593	7.05202494e-06	3.44812301e-05	0	100	0	0	3
8970	2052	0	3.50390625	0.000158925101	0.000159067795	0.000153604067	0.000168946269	7.02883619e-06	3.44812301e-05	0	100	0	0	3
8975	2053	0	3.50585938	0.000158981015	0.000159028868	0.000153604067	0.000168774689	7.00541201e-06	3.44812301e-05	0	100	0	0	3
8980	2054	0	3.5078125	0.000159032618	0.000158990813	0.000153604067	0.000168604345	6.98170294e-06	3.44812301e-05	0	100	0	0	3
8985	2056	0	3.50976562	0.000159079071	0.000158953605	0.000153604067	0.000168436039	6.95765312e-06	3.44812301e-05	0	100	0	0	3
8990	2057	0	3.51171875	0.00015911972	0.000158917213	0.000153604067	0.000168269479	6.93320251e-06	3.44812301e-05	0	100	0	0	3
8995	2058	0	3.51367188	0.000159154092	0.000158881606	0.000153604067	0.000168112904	6.90825276e-06	3.44812301e-05	0	100	0	0	3
9000	2059	0	3.515625	0.000159181861	0.00015884672	0.000153604067	0.000167979474	6.88266054e-06	3.44812301e-05	0	100	0	0	3
9005	2062	0	3.51757812	0.00015920273	0.000158812435	0.000153604067	0.000167874976	6.85628023e-06	3.44812301e-05	0	100	0	0	3
9010	2063	0	3.51953125	0.000159216443	0.000158778613	0.000153604067	0.000167798031	6.82899204e-06	3.44812301e-05	0	100	0	0	3
9015	2064	0	3.52148438	0.00015922273	0.000158745116	0.000153604067	0.000167744404	6.80070921e-06	3.44812301e-05	0	100	0	0	3
9020	2066	0	3.5234375	0.000160588272	0.000158717162	0.000153604067	0.000167709613	6.7713809e-06	3.44812301e-05	0	100	0	0	3
9025	2067	0	3.52539062	0.000160596886	0.000158689378	0.000153604067	0.000167689166	6.74099709e-06	3.44812301e-05	0	100	0	0	3
9030	2068	0	3.52734375	0.000160573189	0.000158661581	0.000153604067	0.000167677342	6.7095969e-06	3.44812301e-05	0	100	0	0	3
9035	2069	0	3.52929688	0.000160557298	0.000158633769	0.000153604067	0.000167668046	6.67727073e-06	3.44812301e-05	0	100	0	0	3
9040	2071	0	3.53125	0.000160553715	0.000158605978	0.000153604067	0.000167656181	6.64415203e-06	3.44812301e-05	0	100	0	0	3
9045	2072	0	3.53320312	0.000160546525	0.000158578206	0.000153604067	0.000167638781	6.61040499e-06	3.44812301e-05	0	100	0	0	3
9050	2073	0	3.53515625	0.000160530947	0.000158550441	0.000153604067	0.000167614658	6.57621189e-06	3.44812301e-05	0	100	0	0	3
9055	2075	0	3.53710938	0.000160512913	0.0001585227	0.000153604067	0.000167585512	6.54175459e-06	3.44812301e-05	0	100	0	0	3
9060	2076	0	3.5390625	0.000160499859	0.000158495022	0.000153604067	0.000167554037	6.50720374e-06	3.44812301e-05	0	100	0	0	3
9065	2077	0	3.54101562	0.000160496988	0.000158467455	0.000153604067	0.000167523324	6.4727104e-06	3.44812301e-05	0	100	0	0	3
9070	2079	0	3.54296875	0.000160503906	0.000158440035	0.000153604067	0.000167495823	6.41026212e-06	3.44812301e-05	0	100	0	0	3
9075	2080	0	3.54492188	0.000160518313	0.000158412779	0.000153604067	0.000167471944	6.34791165e-06	3.44812301e-05	0	100	0	0	3
9080	2081	0	3.546875	0.000160539508	0.0001583857	0.000153604067	0.000167450532	6.28585053e-06	3.44812301e-05	0	100	0	0	3
9085	2082	0	3.54882812	0.000160567423	0.000158358813	0.000153604067	0.00016742913	6.22417942e-06	3.44812301e-05	0	100	0	0	3
9090	2084	0	3.55078125	0.000160601348	0.000158332141	0.000153604067	0.000167404242	6.1631206e-06	3.44812301e-05	0	100	0	0	3
9095	2085	0	3.55273438	0.000160639689	0.000158305717	0.000153604067	0.00016737162	6.10289778e-06	3.44812301e-05	0	100	0	0	3
9100	2086	0	3.5546875	0.00016067995	0.000158279578	0.000153604067	0.000167326201	6.04340978e-06	3.44812301e-05	0	100	0	0	3
9105	2089	0	3.55664062	0.000160720566	0.000158253775	0.000153604067	0.000167264867	5.98452653e-06	3.44812301e-05	0	100	0	0	3
9110	2090	0	3.55859375	0.000160761088	0.000158228369	0.000153604067	0.000167187383	5.92616839e-06	3.44812301e-05	0	100	0	0	3
9115	2092	0	3.56054688	0.00016080212	0.000158203427	0.000153604067	0.000167095356	5.86823887e-06	3.44812301e-05	0	100	0	0	3
9120	2093	0	3.5625	0.000160844769	0.000158179011	0.000153604067	0.000166991154	5.81061133e-06	3.44812301e-05	0	100	0	0	3
9125	2094	0	3.56445312	0.000160889968	0.000158155178	0.000153604067	0.000166313543	5.75534934e-06	3.44812301e-05	0	100	0	0	3
9130	2096	0	3.56640625	0.00016093782	0.000158134179	0.000153604067	0.000166184165	5.70013721e-06	3.44812301e-05	0	100	0	0	3
9135	2097	0	3.56835938	0.000160987228	0.000158113878	0.000153604067	0.000166056823	5.6448128e-06	3.44812301e-05	0	100	0	0	3
9140	2098	0	3.5703125	0.000161036156	0.000158094266	0.000153604067	0.000165929735	5.58925838e-06	3.44812301e-05	0	100	0	0	3
9145	2099	0	3.57226562	0.000161082012	0.00015807533	0.000153604067	0.000165799486	5.53341569e-06	3.44812301e-05	0	100	0	0	3
9150	2101	0	3.57421875	0.000161122059	0.000158057059	0.000153604067	0.000165667502	5.47725352e-06	3.44812301e-05	0	100	0	0	3
9155	2102	0	3.57617188	0.000161153907	0.000158039428	0.000153604067	0.00016553876	5.42073432e-06	3.44812301e-05	0	100	0	0	3
9160	2103	0	3.578125	0.000161175897	0.000158022385	0.000153604067	0.000165417453	5.3638007e-06	3.44812301e-05	0	100	0	0	3
9165	2104	0	3.58007812	0.000161187342	0.000158005861	0.000153604067	0.000165305009	5.30638556e-06	3.44812301e-05	0	100	0	0	3
9170	2106	0	3.58203125	0.000161187804	0.000157989778	0.000153604067	0.000165203072	5.24839842e-06	3.44812301e-05	0	100	0	0	3
9175	2107	0	3.58398438	0.000161177198	0.000157974052	0.000153604067	0.000165113172	5.18975673e-06	3.44812301e-05	0	100	0	0	3
9180	2108	0	3.5859375	0.000161156234	0.000157958596	0.000153604067	0.000165035928	5.13038832e-06	3.44812301e-05	0	100	0	0	3
9185	2109	0	3.58789062	0.000161126087	0.000157943323	0.000153604067	0.000164970244	5.07024874e-06	3.44812301e-05	0	100	0	0	3
9190	2111	0	3.58984375	0.000162192406	0.000157932472	0.000153604067	0.000164912968	5.00934064e-06	3.44812301e-05	0	100	0	0	3
9195	2112	0	3.59179688	0.000162147296	0.000157921668	0.000153604067	0.000164860355	4.94772311e-06	3.44812301e-05	0	100	0	0	3
9200	2113	0	3.59375	0.000162097019	0.000157910874	0.000153604067	0.000164808274	4.88551411e-06	3.44812301e-05	0	100	0	0	3
9205	2116	0	3.59570312	0.0001620535	0.000157900113	0.000153604067	0.000164752975	4.82288562e-06	3.44812301e-05	0	100	0	0	3
9210	2117	0	3.59765625	0.0001620107	0.000157889401	0.000153604067	0.000164691641	4.76004675e-06	3.44812301e-05	0	100	0	0	3
9215	2118	0	3.59960938	0.000161964579	0.000157878749	0.000153604067	0.000164623114	4.69723363e-06	3.44812301e-05	0	100	0	0	3
9220	2119	0	3.6015625	0.000161917188	0.000157868179	0.000153604067	0.000164548147	4.63469369e-06	3.44812301e-05	0	100	0	0	3
9225	2121	0	3.60351562	0.000161875974	0.000157857741	0.000153604067	0.000164468835	4.57266811e-06	3.44812301e-05	0	100	0	0	3
9230	2122	0	3.60546875	0.000161846223	0.000157847496	0.000153604067	0.000164387762	4.51137564e-06	3.44812301e-05	0	100	0	0	3
9235	2123	0	3.60742188	0.000161827762	0.000157837496	0.000153604067	0.000164307181	4.45101449e-06	3.44812301e-05	0	100	0	0	3
9240	2124	0	3.609375	0.000161817847	0.000157827772	0.000153604067	0.000164228626	4.36983281e-06	3.44812301e-05	0	100	0	0	3
9245	2126	0	3.61132812	0.000161814961	0.000157818344	0.000153604067	0.000164152761	4.29767625e-06	3.44812301e-05	0	100	0	0	3
9250	2127	0	3.61328125	0.00016181962	0.00015780923	0.000153604067	0.000164079486	4.30679008e-06	3.44812301e-05	0	100	0	0	3
9255	2128	0	3.61523438	0.000161831697	0.000157800449	0.000153604067	0.000164008222	4.31557051e-06	3.44812301e-05	0	100	0	0	3
9260	2130	0	3.6171875	0.000161849249	0.000157792016	0.000153604067	0.000163938263	4.324004e-06	3.44812301e-05	0	100	0	0	3
9265	2131	0	3.61914062	0.000161869157	0.000157783933	0.000153604067	0.000163868823	4.33208645e-06	3.44812301e-05	0	100	0	0	3
9270	2132	0	3.62109375	0.000161888549	0.000157776198	0.000153604067	0.000163799444	4.33982189e-06	3.44812301e-05	0	100	0	0	3
9275	2133	0	3.62304688	0.000161905978	0.000157768802	0.000153604067	0.00016373	4.34721824e-06	3.44812301e-05	0	100	0	0	3
9280	2135	0	3.625	0.0001619216	0.000157761738	0.000153604067	0.000163661181	4.35428231e-06	3.44812301e-05	0	100	0	0	3
9285	2136	0	3.62695312	0.000161936754	0.000157755002	0.000153604067	0.000163593843	4.36101835e-06	3.44812301e-05	0	100	0	0	3
9290	2137	0	3.62890625	0.000161953185	0.000157748593	0.000153604067	0.000163528888	4.36742717e-06	3.44812301e-05	0	100	0	0	3
9295	2138	0	3.63085938	0.000161972348	0.000157742513	0.000153604067	0.000162192406	4.37350741e-06	3.44812301e-05	0	100	0	0	3
9300	2140	0	3.6328125	0.000161994872	0.000157744396	0.000153604067	0.000162192406	4.37350741e-06	3.44812301e-05	0	100	0	0	3
9305	2142	0	3.63476562	0.000162020466	0.000157746677	0.000153604067	0.000162192406	4.37350741e-06	3.44812301e-05	0	100	0	0	3
9310	2143	0	3.63671875	0.00016204739	0.00015774928	0.000153604067	0.000162192406	4.37350741e-06	3.44812301e-05	0	100	0	0	3
9315	2145	0	3.63867188	0.00016207218	0.000157752168	0.000153604067	0.000162192406	4.37350741e-06	3.44812301e-05	0	100	0	0	3
9320	2146	0	3.640625	0.000162090644	0.000157755316	0.000153604067	0.000162192406	4.37350741e-06	3.44812301e-05	0	100	0	0	3
9325	2147	0	3.64257812	0.000162100043	0.000157758699	0.000153604067	0.000162192406	4.37350741e-06	3.44812301e-05	0	100	0	0	3
9330	2149	0	3.64453125	0.000162098791	0.000157762272	0.000153604067	0.000162192406	4.37350741e-06	3.44812301e-05	0	100	0	0	3
9335	2150	0	3.64648438	0.000162086142	0.000157765989	0.000153604067	0.000162192406	4.37350741e-06	3.44812301e-05	0	100	0	0	3
9340	2151	0	3.6484375	0.000162062787	0.00015776983	0.000153604067	0.000162192406	4.37350741e-06	3.44812301e-05	0	100	0	0	3
9345	2153	0	3.65039062	0.000162030022	0.000157773783	0.000153604067	0.000162192406	4.37350741e-06	3.44812301e-05	0	100	0	0	3
9350	2154	0	3.65234375	0.000161989266	0.000157777834	0.000153604067	0.000162192406	4.37350741e-06	3.44812301e-05	0	100	0	0	3
9355	2155	0	3.65429688	0.000162430659	0.000157783879	0.000153604067	0.000162430659	4.37350741e-06	3.44812301e-05	0	100	0	0	3
9360	2156	0	3.65625	0.00016238493	0.000157790017	0.000153604067	0.000162430659	4.37350741e-06	3.44812301e-05	0	100	0	0	3
9365	2158	0	3.65820312	0.000162325749	0.000157796203	0.000153604067	0.000162430659	4.37350741e-06	3.44812301e-05	0	100	0	0	3
9370	2159	0	3.66015625	0.000162262849	0.000157802435	0.000153604067	0.000162430659	4.37350741e-06	3.44812301e-05	0	100	0	0	3
9375	2160	0	3.66210938	0.000162202734	0.00015780874	0.000153604067	0.000162430659	4.37350741e-06	3.44812301e-05	0	100	0	0	3
9380	2162	0	3.6640625	0.000162145191	0.00015781515	0.000153604067	0.000162430659	4.37350741e-06	3.44812301e-05	0	100	0	0	3
9385	2163	0	3.66601562	0.000162089438	0.000157821691	0.000153604067	0.000162430659	4.37350741e-06	3.44812301e-05	0	100	0	0	3
9390	2164	0	3.66796875	0.000162038449	0.000157828394	0.000153604067	0.000162430659	4.37350741e-06	3.44812301e-05	0	100	0	0	3
9395	2165	0	3.66992188	0.000161996076	0.000157835306	0.000153604067	0.000162430659	4.37350741e-06	3.44812301e-05	0	100	0	0	3
9400	2167	0	3.671875	0.000161963733	0.000157842473	0.000153604067	0.000162430659	4.37350741e-06	3.44812301e-05	0	100	0	0	3
9405	2169	0	3.67382812	0.000161940231	0.000157849935	0.000153604067	0.000162430659	4.37350741e-06	3.44812301e-05	0	100	0	0	3
9410	2170	0	3.67578125	0.000161923897	0.00015785772	0.000153604067	0.000162430659	4.37350741e-06	3.44812301e-05	0	100	0	0	3
9415	2172	0	3.67773438	0.000161914046	0.000157865846	0.000153604067	0.000162430659	4.37350741e-06	3.44812301e-05	0	100	0	0	3
9420	2173	0	3.6796875	0.000161909554	0.00015787432	0.000153604067	0.000162430659	4.37350741e-06	3.44812301e-05	0	100	0	0	3
9425	2174	0	3.68164062	0.000161908324	0.000157883132	0.000153604067	0.000162430659	4.37350741e-06	3.44812301e-05	0	100	0	0	3
9430	2176	0	3.68359375	0.000161907703	0.000157892256	0.000153604067	0.000162430659	4.37350741e-06	3.44812301e-05	0	100	0	0	3
9435	2177	0	3.68554688	0.000161905316	0.000157901647	0.000153604067	0.000162430659	4.37350741e-06	3.44812301e-05	0	100	0	0	3
9440	2178	0	3.6875	0.000161899863	0.000157911254	0.000153604067	0.000162430659	4.37350741e-06	3.44812301e-05	0	100	0	0	3
9445	2179	0	3.68945312	0.000161891375	0.000157921016	0.000153604067	0.000162430659	4.37350741e-06	3.44812301e-05	0	100	0	0	3
9450	2181	0	3.69140625	0.000161880889	0.000157930874	0.000153604067	0.000162430659	4.37350741e-06	3.44812301e-05	0	100	0	0	3
9455	2182	0	3.69335938	0.000161869967	0.000157940775	0.000153604067	0.000162430659	4.37350741e-06	3.44812301e-05	0	100	0	0	3
9460	2183	0	3.6953125	0.000161859933	0.000157950671	0.000153604067	0.000162430659	4.37350741e-06	3.44812301e-05	0	100	0	0	3
9465	2185	0	3.69726562	0.000161851687	0.000157969894	0.000153604067	0.000162430659	4.37350741e-06	3.44812301e-05	0	100	0	0	3
9470	2186	0	3.69921875	0.000161845658	0.000157989151	0.000153604067	0.000162430659	4.37350741e-06	3.44812301e-05	0	100	0	0	3
9475	2187	0	3.70117188	0.000161841364	0.00015800832	0.000153604067	0.000162430659	4.37350741e-06	3.44812301e-05	0	100	0	0	3
9480	2189	0	3.703125	0.000161837579	0.000158027347	0.000153604067	0.000162430659	4.37350741e-06	3.44812301e-05	0	100	0	0	3
9485	2190	0	3.70507812	0.00016183247	0.000158046181	0.000153604067	0.000162430659	4.37350741e-06	3.44812301e-05	0	100	0	0	3
9490	2191	0	3.70703125	0.00016182408	0.000158064792	0.000153604067	0.000162430659	4.37350741e-06	3.44812301e-05	0	100	0	0	3
9495	2193	0	3.70898438	0.000161810595	0.000158083199	0.000153604067	0.000162430659	4.37350741e-06	3.44812301e-05	0	100	0	0	3
9500	2194	0	3.7109375	0.000161790791	0.000158101411	0.000153604067	0.000162430659	4.37350741e-06	3.44812301e-05	0	100	0	0	3
9505	2197	0	3.71289062	0.000161764535	0.000158119446	0.000153604067	0.000162430659	4.37350741e-06	3.44812301e-05	0	100	0	0	3
9510	2198	0	3.71484375	0.000161732586	0.000158137344	0.000153604067	0.000162430659	4.37350741e-06	3.44812301e-05	0	100	0	0	3
9515	2199	0	3.71679688	0.000161696091	0.000158155155	0.000153604067	0.000162430659	4.37350741e-06	3.44812301e-05	0	100	0	0	3
9520	2201	0	3.71875	0.000161481655	0.000158172246	0.000153604067	0.000162430659	4.37350741e-06	3.44812301e-05	0	100	0	0	3
9525	2202	0	3.72070312	0.00016143678	0.000158189331	0.000153604067	0.000162430659	4.37350741e-06	3.44812301e-05	0	100	0	0	3
9530	2203	0	3.72265625	0.000161393233	0.000158206458	0.000153604067	0.000162430659	4.37350741e-06	3.44812301e-05	0	100	0	0	3
9535	2205	0	3.72460938	0.000161349626	0.00015822366	0.000153604067	0.000162430659	4.37350741e-06	3.44812301e-05	0	100	0	0	3
9540	2206	0	3.7265625	0.000161303776	0.000158240955	0.000153604067	0.000162430659	4.37350741e-06	3.44812301e-05	0	100	0	0	3
9545	2207	0	3.72851562	0.000161258041	0.000158258357	0.000153604067	0.000162430659	4.37350741e-06	3.44812301e-05	0	100	0	0	3
9550	2208	0	3.73046875	0.000161214522	0.000158275888	0.000153604067	0.000162430659	4.37350741e-06	3.44812301e-05	0	100	0	0	3
9555	2210	0	3.73242188	0.000161173834	0.000158293564	0.000153604067	0.000162430659	4.37350741e-06	3.44812301e-05	0	100	0	0	3
9560	2211	0	3.734375	0.00016113593	0.000158311402	0.000153604067	0.000162430659	4.37350741e-06	3.44812301e-05	0	100	0	0	3
9565	2212	0	3.73632812	0.000161101197	0.000158329422	0.000153604067	0.000162430659	4.37350741e-06	3.44812301e-05	0	100	0	0	3
9570	2214	0	3.73828125	0.000161070574	0.000158347652	0.000153604067	0.000162430659	4.37350741e-06	3.44812301e-05	0	100	0	0	3
9575	2215	0	3.74023438	0.00016104451	0.000158366124	0.000153604067	0.000162430659	4.37350741e-06	3.44812301e-05	0	100	0	0	3
9580	2217	0	3.7421875	0.000161022614	0.000158384858	0.000153604067	0.000162430659	4.37350741e-06	3.44812301e-05	0	100	0	0	3
9585	2218	0	3.74414062	0.000161003784	0.000158403862	0.000153604067	0.000162430659	4.37350741e-06	3.44812301e-05	0	100	0	0	3
9590	2219	0	3.74609375	0.000160986548	0.000158423118	0.000153604067	0.000162430659	4.37350741e-06	3.44812301e-05	0	100	0	0	3
9595	2221	0	3.74804688	0.00016096941	0.000158442591	0.000153604067	0.000162430659	4.37350741e-06	3.44812301e-05	0	100	0	0	3
9600	2222	0	3.75	0.000160951142	0.000158462224	0.000153604067	0.000162430659	4.37350741e-06	3.44812301e-05	0	100	0	0	3
9605	2224	0	3.75195312	0.000160930768	0.000158481946	0.000153604067	0.000162430659	4.37350741e-06	3.44812301e-05	0	100	0	0	3
9610	2226	0	3.75390625	0.000160907637	0.000158501675	0.000153604067	0.000162430659	4.37350741e-06	3.44812301e-05	0	100	0	0	3
9615	2227	0	3.75585938	0.000160881878	0.000158521325	0.000153604067	0.000162430659	4.37350741e-06	3.44812301e-05	0	100	0	0	3
9620	2228	0	3.7578125	0.000160854406	0.000158540814	0.000153604067	0.000162430659	4.37350741e-06	3.44812301e-05	0	100	0	0	3
9625	2230	0	3.75976562	0.000160826504	0.000158560066	0.000153604067	0.000162430659	4.37350741e-06	3.44812301e-05	0	100	0	0	3
9630	2231	0	3.76171875	0.000160799272	0.000158579018	0.000153604067	0.000162430659	4.37350741e-06	3.44812301e-05	0	100	0	0	3
9635	2232	0	3.76367188	0.000160773374	0.00015860521	0.000153604067	0.000162430659	4.37350741e-06	3.44812301e-05	0	100	0	0	3
9640	2234	0	3.765625	0.000160749071	0.000158631037	0.000153604067	0.000162430659	4.37350741e-06	3.44812301e-05	0	100	0	0	3
9645	2235	0	3.76757812	0.000160726229	0.000158656437	0.000153604067	0.000162430659	4.37350741e-06	3.44812301e-05	0	100	0	0	3
9650	2237	0	3.76953125	0.000160704413	0.000158681367	0.000153604067	0.000162430659	4.37350741e-06	3.44812301e-05	0	100	0	0	3
9655	2238	0	3.77148438	0.000160683016	0.00015870581	0.000153604067	0.000162430659	4.37350741e-06	3.44812301e-05	0	100	0	0	3
9660	2239	0	3.7734375	0.000160661416	0.000158729815	0.000153604067	0.000162430659	4.37350741e-06	3.44812301e-05	0	100	0	0	3
9665	2241	0	3.77539062	0.000160639263	0.000158753414	0.000153604067	0.000162430659	4.37350741e-06	3.44812301e-05	0	100	0	0	3
9670	2242	0	3.77734375	0.000160616586	0.00015877665	0.000153604067	0.000162430659	4.37350741e-06	3.44812301e-05	0	100	0	0	3
9675	2243	0	3.77929688	0.000160593739	0.000158799589	0.000153604067	0.000162430659	4.37350741e-06	3.44812301e-05	0	100	0	0	3
9680	2245	0	3.78125	0.00016057123	0.000158822315	0.000153604067	0.000162430659	4.37350741e-06	3.44812301e-05	0	100	0	0	3
9685	2246	0	3.78320312	0.000160549504	0.000158844912	0.000153604067	0.000162430659	4.37350741e-06	3.44812301e-05	0	100	0	0	3
9690	2247	0	3.78515625	0.000159882845	0.000158864925	0.000153604067	0.000162430659	4.37350741e-06	3.44812301e-05	0	100	0	0	3
9695	2249	0	3.78710938	0.000159857673	0.000158884915	0.000153604067	0.000162430659	4.37350741e-06	3.44812301e-05	0	100	0	0	3
9700	2250	0	3.7890625	0.000159843548	0.000158904969	0.000153604067	0.000162430659	4.37350741e-06	3.44812301e-05	0	100	0	0	3
9705	2253	0	3.79101562	0.000159826985	0.000158925101	0.000153604067	0.000162430659	4.37350741e-06	3.44812301e-05	0	100	0	0	3
9710	2254	0	3.79296875	0.000159807895	0.000158945311	0.000153604067	0.000162430659	4.37350741e-06	3.44812301e-05	0	100	0	0	3
9715	2255	0	3.79492188	0.000159790036	0.000158965598	0.000153604067	0.000162430659	4.37350741e-06	3.44812301e-05	0	100	0	0	3
9720	2257	0	3.796875	0.000159774278	0.000158985959	0.000153604067	0.000162430659	4.37350741e-06	3.44812301e-05	0	100	0	0	3
9725	2258	0	3.79882812	0.000159757494	0.000159006381	0.000153604067	0.000162430659	4.37350741e-06	3.44812301e-05	0	100	0	0	3
9730	2260	0	3.80078125	0.000159737094	0.000159026849	0.000153604067	0.000162430659	4.37350741e-06	3.44812301e-05	0	100	0	0	3
9735	2261	0	3.80273438	0.000159713607	0.000159047356	0.000153604067	0.000162430659	4.37350741e-06	3.44812301e-05	0	100	0	0	3
9740	2262	0	3.8046875	0.000159689117	0.000159067917	0.000153604067	0.000162430659	4.36650442e-06	3.44812301e-05	0	100	0	0	3
9745	2264	0	3.80664062	0.00015966494	0.00015908855	0.000153604067	0.000162430659	4.35894644e-06	3.44812301e-05	0	100	0	0	3
9750	2265	0	3.80859375	0.000159641051	0.000159109265	0.000153604067	0.000162430659	4.35101255e-06	3.44812301e-05	0	100	0	0	3
9755	2266	0	3.81054688	0.000159616898	0.000159130057	0.000153604067	0.000162430659	4.34260032e-06	3.44812301e-05	0	100	0	0	3
9760	2267	0	3.8125	0.000159592113	0.0001591509	0.000153604067	0.000162430659	4.33363978e-06	3.44812301e-05	0	100	0	0	3
9765	2269	0	3.81445312	0.000159566597	0.000159171756	0.000153604067	0.000162430659	4.3242345e-06	3.44812301e-05	0	100	0	0	3
9770	2270	0	3.81640625	0.000159540218	0.000159192569	0.000153604067	0.000162430659	4.31454234e-06	3.44812301e-05	0	100	0	0	3
9775	2271	0	3.81835938	0.000159512596	0.000159213272	0.000153604067	0.000162430659	4.30465998e-06	3.44812301e-05	0	100	0	0	3
